record_id,parent_bite_id,take,phase,usable,exclusion_reason,initial_tool_position_B_x,initial_tool_position_B_y,initial_tool_position_B_z,initial_tool_rotation_rotvec_x,initial_tool_rotation_rotvec_y,initial_tool_rotation_rotvec_z,initial_tool_orientation_B_r0c0,initial_tool_orientation_B_r0c1,initial_tool_orientation_B_r0c2,initial_tool_orientation_B_r1c0,initial_tool_orientation_B_r1c1,initial_tool_orientation_B_r1c2,initial_tool_orientation_B_r2c0,initial_tool_orientation_B_r2c1,initial_tool_orientation_B_r2c2,initial_valid_tool_sample_index,plate_position_B_x,plate_position_B_y,plate_position_B_z,mouth_proxy_position_B_x,mouth_proxy_position_B_y,mouth_proxy_position_B_z,valid_plate_fraction,finite_mouth_proxy_fraction,mouth_proxy_constant_within_record,mouth_proxy_max_deviation_m,segment_duration_s,valid_tool_pose_samples,total_samples,final_fork_to_mouth_proxy_distance_m,max_relative_rotation_rad
trial_0012_bite_001_transfer,trial_0012_bite_001,trial_0012,transfer,True,,0.005755899,0.090920344,0.141713321,-2.2540207680498905,-0.6292491646448948,-2.0458153790405946,0.05193826222100677,0.31537890398204027,0.9475434363872448,0.27164666075157795,-0.9175087616137725,0.2904922788379726,0.9609945414100847,0.24230934626020584,-0.1333254367889811,0,-0.151067789247,0.126267091495,0.006906875109999999,0.048867913205,0.679295090681,0.355708360969,1.0,1.0,True,0.0,1.43,144,144,0.17999998162493697,0.3176354729241396
trial_0012_bite_001_withdrawal,trial_0012_bite_001,trial_0012,withdrawal,True,,0.089758515,0.495595783,0.382615715,-2.0742275177891645,-0.3378045316498888,-2.2534029416394032,-0.09269508745161276,0.1915385259098462,0.9770980574408185,0.10339317714245133,-0.9741664358433305,0.20077252351029462,0.9903118052829257,0.1196358991631914,0.07049666622392269,0,-0.151067789247,0.126267091495,0.006906875109999999,0.048867913205,0.679295090681,0.355708360969,1.0,1.0,True,0.0,1.01,102,102,0.750841347922797,0.22388722379057865
trial_0012_bite_002_transfer,trial_0012_bite_002,trial_0012,transfer,True,,-0.083475977,0.026380206,0.089324072,-1.9658238540057922,-0.4064550648517098,-2.1956236919061647,-0.11891517476322502,0.3017165474318594,0.9459525919499512,0.05690362555172157,-0.9490758687585893,0.30986605612618967,0.9912724946300596,0.09067590829943761,0.09569075735916648,0,-0.151067789247,0.126267091495,0.006906875109999999,0.041847285208000004,0.68963754891,0.35041328662000004,1.0,1.0,True,0.0,1.87,188,188,0.17999993491952182,0.24899688751357857
trial_0012_bite_002_withdrawal,trial_0012_bite_002,trial_0012,withdrawal,True,,0.08587683,0.505704045,0.379317313,-1.9492505467027372,-0.3348942854503256,-2.341637037034241,-0.18940825146061438,0.19712386559640901,0.9619078416828515,0.08040220939492881,-0.9732374127019844,0.21527754932078144,0.9786010417954024,0.11811485990118409,0.1684900022775149,0,-0.151067789247,0.126267091495,0.006906875109999999,0.041847285208000004,0.68963754891,0.35041328662000004,1.0,1.0,True,0.0,1.12,113,113,0.6110092100616089,1.1539991802294072
trial_0012_bite_003_transfer,trial_0012_bite_003,trial_0012,transfer,True,,-0.0715238,0.008721223,0.065717295,-2.117759862939441,-0.40664768943570473,-2.1392995461330337,-0.02508203515793024,0.25928804936293715,0.9654742870578685,0.1130396149492297,-0.9588484298933716,0.2604452609343197,0.9932738479213404,0.11566933884387448,-0.005259951231211507,0,-0.151067789247,0.126267091495,0.006906875109999999,0.0443931647,0.671077142225,0.35905575837200004,1.0,1.0,True,0.0,1.45,146,146,0.17999996773385396,0.19136627021293992
trial_0012_bite_003_withdrawal,trial_0012_bite_003,trial_0012,withdrawal,True,,0.077782467,0.491717488,0.385699451,-2.1035395657068094,-0.3706258332423062,-2.267977581430228,-0.08802846373325932,0.17965805433935791,0.979782615218171,0.14158474373554925,-0.9713579025701928,0.19083392113504036,0.9860044370661327,0.15552108739792253,0.06007030431474968,0,-0.151067789247,0.126267091495,0.006906875109999999,0.0443931647,0.671077142225,0.35905575837200004,1.0,1.0,True,0.0,0.98,99,99,0.6543183642659524,0.8868138993617966
trial_0012_bite_004_transfer,trial_0012_bite_004,trial_0012,transfer,True,,-0.062105317,0.001421836,0.070183359,-2.115003594118703,-0.5208464991032539,-2.125104013080843,-0.0314144462898408,0.30598783643242083,0.951516986984315,0.16867917897121587,-0.9367092396162578,0.30679493965697807,0.985170273174084,0.17013889729552845,-0.022187574927476916,0,-0.151067789247,0.126267091495,0.006906875109999999,0.031202156455,0.6893109577840001,0.35414624294100006,1.0,1.0,True,0.0,1.46,147,147,0.17999988162644562,0.33620045676200355
trial_0012_bite_004_withdrawal,trial_0012_bite_004,trial_0012,withdrawal,True,,0.071025014,0.513205349,0.384638458,-2.0402518221995996,-0.3349764664927284,-2.3282463308718397,-0.1411130805543902,0.1617523867808626,0.9766899527829416,0.1201513116793973,-0.9764709713108849,0.17907569485806224,0.9826753079212741,0.14262050188479813,0.11835806539462265,0,-0.151067789247,0.126267091495,0.006906875109999999,0.031202156455,0.6893109577840001,0.35414624294100006,1.0,1.0,True,0.0,1.39,140,140,0.5626349728035006,1.550671689556708
trial_0012_bite_005_transfer,trial_0012_bite_005,trial_0012,transfer,True,,-0.062131163,0.03696581,0.111591153,-1.647591901635263,-0.44590891140440897,-2.433874845488986,-0.3757936292397608,0.3026826679140822,0.8758780456017965,0.02749258083962658,-0.9410972477537759,0.33701651038049285,0.9262954745768684,0.1507288055239664,0.34533682248455994,0,-0.151067789247,0.126267091495,0.006906875109999999,0.030260139313,0.6725510875540001,0.363126310375,1.0,1.0,True,0.0,1.21,122,122,0.17999995813665656,0.22731658479843267
trial_0012_bite_005_withdrawal,trial_0012_bite_005,trial_0012,withdrawal,True,,0.087208062,0.493108958,0.394048393,-1.844893307478949,-0.3734042901532248,-2.3950880333181246,-0.2635428170693935,0.22300454032043068,0.9385169996156715,0.07327235718227176,-0.9654732428261341,0.24998515767889634,0.9618608762415084,0.13464914549770635,0.23810346988789496,0,-0.151067789247,0.126267091495,0.006906875109999999,0.030260139313,0.6725510875540001,0.363126310375,1.0,1.0,True,0.0,1.36,137,137,0.5300884708962967,1.8248983183618355
trial_0012_bite_006_transfer,trial_0012_bite_006,trial_0012,transfer,True,,-0.063966386,0.038323063,0.068033881,-1.9316874118714147,-0.4125596648088084,-2.053936329229852,-0.05808733028198154,0.3996064075556323,0.9148445666347884,-0.015347976460507895,-0.9166410490821231,0.3994166080124769,0.9981935191531148,0.009160031555995207,0.059378381104687294,0,-0.151067789247,0.126267091495,0.006906875109999999,0.039049914406,0.683132163126,0.361424902703,1.0,1.0,True,0.0,1.56,157,157,0.17999981086362374,0.2941280867123861
trial_0012_bite_006_withdrawal,trial_0012_bite_006,trial_0012,withdrawal,True,,0.091694951,0.496295005,0.383194208,-1.9632431247757598,-0.34738824446218464,-2.3054906578603958,-0.16768583769712408,0.21719183168308143,0.9616179948846433,0.07580876091329308,-0.9697005205686465,0.23223680194509932,0.9829214066264939,0.11184189134239525,0.14614000046650788,0,-0.151067789247,0.126267091495,0.006906875109999999,0.039049914406,0.683132163126,0.361424902703,1.0,1.0,True,0.0,1.3,131,131,0.5511201506497767,2.010511414565903
trial_0012_bite_007_transfer,trial_0012_bite_007,trial_0012,transfer,True,,-0.050165087,0.032941662,0.074710675,-1.767069746438139,-0.45047935282841645,-2.234508102755657,-0.22867427750224234,0.3854692103319612,0.8939359947417274,-0.008999792081226643,-0.9190651670184636,0.39400282044145063,0.9734613903752537,0.08205307221169433,0.21363570579212715,0,-0.151067789247,0.126267091495,0.006906875109999999,0.025597423209,0.691946478303,0.36158815714500003,1.0,1.0,True,0.0,1.32,133,133,0.1799996934855471,0.350566121075606
trial_0012_bite_007_withdrawal,trial_0012_bite_007,trial_0012,withdrawal,True,,0.093197539,0.520562589,0.370202839,-1.803373341045831,-0.33877488469223027,-2.2592897257128848,-0.21582520324750631,0.32007230744673487,0.9224820863566381,-0.03543127642723065,-0.9466928666232322,0.3201831365569161,0.9757889660648507,0.03641887272294997,0.21566075075377023,0,-0.151067789247,0.126267091495,0.006906875109999999,0.025597423209,0.691946478303,0.36158815714500003,1.0,1.0,True,0.0,1.39,140,140,0.5427064330620006,1.7013890769243443
trial_0012_bite_008_transfer,trial_0012_bite_008,trial_0012,transfer,True,,-0.110935584,0.018599898,0.079494268,-1.794648094156488,-0.4890332926825224,-2.5197269692905913,-0.3432693011579022,0.1867230419969028,0.9204893766198436,0.1711636241155322,-0.9511920162836404,0.2567815451661194,0.9235091773567831,0.24569951922151956,0.29455482612259454,0,-0.151067789247,0.126267091495,0.006906875109999999,0.027730209356,0.690737349508,0.35047311656400004,1.0,1.0,True,0.0,1.67,168,168,0.17999987151753427,0.5828744923980188
trial_0012_bite_008_withdrawal,trial_0012_bite_008,trial_0012,withdrawal,True,,0.102955237,0.508856356,0.359531552,-1.7396619503232023,-0.33874891552935554,-2.2760330944896148,-0.2517445965088097,0.3397769334892547,0.9061877805384794,-0.06115443626080547,-0.9400576199888797,0.33548741560074385,0.9658596135330639,0.02903974120893138,0.257433293061093,0,-0.151067789247,0.126267091495,0.006906875109999999,0.027730209356,0.690737349508,0.35047311656400004,1.0,1.0,True,0.0,0.97,98,98,0.5749559640720769,1.3450762075983802
trial_0012_bite_009_transfer,trial_0012_bite_009,trial_0012,transfer,True,,-0.104404397,0.046684518,0.075519502,-1.6732452299855034,-0.4089862281369746,-2.424231323617066,-0.3572631104791442,0.289753957781591,0.8879221327575246,0.017590826819823435,-0.9484062183223076,0.3165694360789976,0.9338381191098177,0.12871786588303719,0.3337335438638955,0,-0.151067789247,0.126267091495,0.006906875109999999,0.019375131280000003,0.689856384863,0.35938734006800005,1.0,1.0,True,0.0,2.41,230,242,0.1799999178203461,0.43741004753174323
trial_0012_bite_009_withdrawal,trial_0012_bite_009,trial_0012,withdrawal,True,,0.094541468,0.526038229,0.378311038,-1.700728328598249,-0.43746744257840525,-2.3422011194850114,-0.3098207946147489,0.3417076112274511,0.887269397451256,0.0015988296305767258,-0.9329983288217414,0.35987714870445753,0.9507936258558416,0.11291601677825419,0.28851595135596064,0,-0.151067789247,0.126267091495,0.006906875109999999,0.019375131280000003,0.689856384863,0.35938734006800005,1.0,1.0,True,0.0,1.37,138,138,0.7339396986259692,0.7896884052695675
trial_0012_bite_010_transfer,trial_0012_bite_010,trial_0012,transfer,True,,-0.094789237,0.018114451,0.090656377,-1.8020483514421375,-0.26932910319367936,-2.4165804514734646,-0.28667878303701333,0.19730787886547502,0.9374886006208418,0.013936959961020623,-0.9775995448359349,0.21001164511430767,0.9579253814903654,0.07327162393573672,0.27750717580336187,0,-0.151067789247,0.126267091495,0.006906875109999999,0.030212462253000002,0.6791791568960001,0.36118001369900005,1.0,1.0,True,0.0,1.51,152,152,0.17999994338616976,0.4024749620444009
trial_0012_bite_010_withdrawal,trial_0012_bite_010,trial_0012,withdrawal,True,,0.105647102,0.510978281,0.394297034,-1.6588544281621023,-0.49958709496962783,-2.3594024619417424,-0.34211961085225184,0.36276512701535635,0.8668077263683315,0.019697396208516793,-0.9195016735115823,0.3925922630312575,0.9394499371722308,0.1513873674747393,0.3074340262823225,0,-0.151067789247,0.126267091495,0.006906875109999999,0.030212462253000002,0.6791791568960001,0.36118001369900005,1.0,1.0,True,0.0,0.98,99,99,0.5791638961036322,1.4210134926971094
trial_0012_bite_011_transfer,trial_0012_bite_011,trial_0012,transfer,True,,-0.099908173,0.029714461,0.087090485,-1.8831765398187152,-0.3239101588112541,-2.350588921671063,-0.22321701107609537,0.21949081962273112,0.9497357243294557,0.04555829881254214,-0.9709051184820323,0.23509081716370334,0.9737035521017479,0.0957446134606662,0.20672291023905934,0,-0.151067789247,0.126267091495,0.006906875109999999,0.030620667525999998,0.685194644542,0.363050552963,1.0,1.0,True,0.0,2.04,205,205,0.17999981951114608,0.4078031266766334
trial_0012_bite_011_withdrawal,trial_0012_bite_011,trial_0012,withdrawal,True,,0.089821696,0.499340653,0.374706775,-1.8842027581345817,-0.35802047266545284,-2.275254789189564,-0.18994194918324953,0.2775238445549613,0.9417550486426403,0.025104015638558685,-0.9575308225951278,0.2872359869151449,0.9814743217931314,0.07819999669905342,0.17490830791297812,0,-0.151067789247,0.126267091495,0.006906875109999999,0.030620667525999998,0.685194644542,0.363050552963,1.0,1.0,True,0.0,1.74,175,175,0.7232319275337444,0.6138065543946132
trial_0012_bite_012_transfer,trial_0012_bite_012,trial_0012,transfer,True,,-0.108751394,0.00764276,0.088246249,-1.8642594782228632,-0.24996934591866457,-2.4116006920182613,-0.25471082206022566,0.1649974001332615,0.9528369509389677,0.033939257286234426,-0.9832036639307166,0.17932841952148462,0.9664215042828171,0.07801546758482708,0.24483272427773609,0,-0.151067789247,0.126267091495,0.006906875109999999,0.030212067480000004,0.683072563073,0.36058077271600003,1.0,1.0,True,0.0,1.79,180,180,0.17999990264416071,0.42518647524095915
trial_0012_bite_012_withdrawal,trial_0012_bite_012,trial_0012,withdrawal,True,,0.097697362,0.511717618,0.389021277,-1.7027732563766906,-0.4381452970243321,-2.3663333794370205,-0.32032481512567385,0.3244767339378717,0.8900038550184572,0.01569194508551014,-0.9375622787801162,0.34746328765506923,0.9471777951758248,0.12526700499991078,0.2952327925285674,0,-0.151067789247,0.126267091495,0.006906875109999999,0.030212067480000004,0.683072563073,0.36058077271600003,1.0,1.0,True,0.0,0.96,97,97,0.6236957884390397,1.3064752444175156
trial_0012_bite_013_transfer,trial_0012_bite_013,trial_0012,transfer,True,,-0.113074705,0.009357342,0.071081959,-1.8018416139579247,-0.3422528008064844,-2.4159477881195253,-0.2904595152098961,0.21978983286876677,0.9313032263401388,0.047531426918194786,-0.9687477926424429,0.2434511813598673,0.955706039260584,0.11497888335652884,0.2709350898332169,0,-0.151067789247,0.126267091495,0.006906875109999999,0.018863714990999998,0.6868504860110001,0.359050311419,1.0,1.0,True,0.0,2.03,204,204,0.17999992476119747,0.6101226232672025
trial_0012_bite_013_withdrawal,trial_0012_bite_013,trial_0012,withdrawal,True,,0.076429188,0.503250122,0.351053447,-1.8232499901479529,-0.17668922869989326,-2.253477309025007,-0.19465975329606358,0.2579070396486294,0.9463569830388511,-0.10725937650146466,-0.964624192037027,0.24082274454342953,0.9749887212677041,-0.054627163907649434,0.21543645551339285,0,-0.151067789247,0.126267091495,0.006906875109999999,0.018863714990999998,0.6868504860110001,0.359050311419,1.0,1.0,True,0.0,1.19,120,120,0.5438772112038011,1.434306029591137
trial_0012_bite_014_transfer,trial_0012_bite_014,trial_0012,transfer,True,,-0.050829761,0.075317547,0.060099192,-2.1130859419362573,-0.1189017388595687,-1.8179932498058224,0.17328223984657412,0.2869553777445844,0.9421411128579505,-0.16179860487850328,-0.9353207844554186,0.31463668194454164,0.9714908526656978,-0.20695806664434124,-0.11564550072403201,0,-0.151067789247,0.126267091495,0.006906875109999999,0.016927662337,0.6914367410810001,0.369736499513,1.0,1.0,True,0.0,1.75,176,176,0.17999979021088774,0.3647116317341625
trial_0012_bite_014_withdrawal,trial_0012_bite_014,trial_0012,withdrawal,True,,0.078017592,0.504529953,0.364373744,-1.6974036988141217,-0.18419388041947216,-2.3692902199138524,-0.30821695699906837,0.2504298839432524,0.9177620501232351,-0.10558049210757664,-0.9677738069454475,0.22861893682859594,0.945439086935037,-0.02643353586799757,0.3247248082253016,0,-0.151067789247,0.126267091495,0.006906875109999999,0.016927662337,0.6914367410810001,0.369736499513,1.0,1.0,True,0.0,1.24,120,125,0.7676043577039765,0.4280763527654839
trial_0012_bite_015_transfer,trial_0012_bite_015,trial_0012,transfer,True,,-0.12851733,0.025029704,0.084745526,1.8936920188056945,0.16126120965390334,2.4636126721365375,-0.25890348942662933,0.03925180777588584,0.9651053200293946,0.08689027956839673,-0.994176450804003,0.06374373681611319,0.9619870386233076,0.10036174696108552,0.25398515166772634,0,-0.151067789247,0.126267091495,0.006906875109999999,0.006368321025,0.681675493913,0.369970039165,1.0,1.0,True,0.0,1.5,151,151,0.17999998878381604,0.5633191204355273
trial_0012_bite_015_withdrawal,trial_0012_bite_015,trial_0012,withdrawal,True,,0.077376656,0.502921879,0.37093693,-1.8299911883185933,-0.2784968833870778,-2.25772000216392,-0.19931878390561805,0.28842179172332466,0.9365281055267336,-0.05219162626240603,-0.9574726513562106,0.28376426140899735,0.9785438449709196,0.007680622632026846,0.20589548685076497,0,-0.151067789247,0.126267091495,0.006906875109999999,0.006368321025,0.681675493913,0.369970039165,1.0,1.0,True,0.0,1.14,115,115,0.7615860568184422,0.45824866402876
trial_0013_bite_001_transfer,trial_0013_bite_001,trial_0013,transfer,True,,-0.061637133,-0.001291627,0.141381025,2.079082252984862,0.32279241070265746,2.3146382287559297,-0.11637557870441986,0.12711011833723915,0.9850379396233958,0.1472391993271649,-0.978610151517485,0.1436759880022431,0.9822307991825072,0.16175657378671926,0.09517073065851103,0,-0.123714086463,0.111574126196,0.007604672654,0.034633176091,0.47454376104400003,0.334035083086,1.0,1.0,True,0.0,1.23,124,124,0.18000000669794544,0.380851440194778
trial_0013_bite_001_withdrawal,trial_0013_bite_001,trial_0013,withdrawal,True,,0.070211031,0.274756253,0.332226992,-1.9434963700080083,-0.013490848548413818,-2.3373167019307797,-0.1794050015189551,0.0837907071677623,0.9802004707315286,-0.07247018738044098,-0.9947847346515013,0.07177327946656958,0.9811023990241936,-0.058158826472590075,0.1845416850803733,0,-0.123714086463,0.111574126196,0.007604672654,0.034633176091,0.47454376104400003,0.334035083086,1.0,1.0,True,0.0,0.84,85,85,0.6943335784272225,0.34153591527611304
trial_0013_bite_002_transfer,trial_0013_bite_002,trial_0013,transfer,True,,-0.105146892,-0.047331087,0.090733528,-2.046842900419856,-0.0024964917754201517,-2.253193057098867,-0.09315361202664288,0.07316018585735325,0.99296021661077,-0.07095964975285773,-0.9952485130586116,0.06667177334955501,0.9931198984379185,-0.06424939268148933,0.09790241501984688,0,-0.123714086463,0.111574126196,0.007604672654,0.050810966491000004,0.46075470498700005,0.343057958001,1.0,1.0,True,0.0,1.3,131,131,0.1799998191859893,0.22910561577978664
trial_0013_bite_002_withdrawal,trial_0013_bite_002,trial_0013,withdrawal,True,,0.070027061,0.261411667,0.346111566,-2.038783099320439,-0.0033312905786904664,-2.351206887787389,-0.1413691811147934,0.023723121677117764,0.9896726570582952,-0.020918610880415855,-0.9995611961329155,0.020972050547558553,0.9897359073761883,-0.017737775599783234,0.14180340252266602,0,-0.123714086463,0.111574126196,0.007604672654,0.050810966491000004,0.46075470498700005,0.343057958001,1.0,1.0,True,0.0,1.15,116,116,0.4280997672895937,1.4449854020618935
trial_0013_bite_003_transfer,trial_0013_bite_003,trial_0013,transfer,True,,-0.115434259,-0.026470408,0.092713788,-1.8089355633772122,0.100861992759484,-2.4372169346610657,-0.2868371489585878,0.04445008954230005,0.95694756361934,-0.12336747665257752,-0.9923191964894849,0.009114712438653472,0.9500025871973639,-0.11544176808306916,0.29011770456173513,0,-0.123714086463,0.111574126196,0.007604672654,0.035332300771000004,0.458954950224,0.359963890364,1.0,1.0,True,0.0,1.63,164,164,0.17999999703539568,0.26627228162443267
trial_0013_bite_003_withdrawal,trial_0013_bite_003,trial_0013,withdrawal,True,,0.067835338,0.278070152,0.324022412,-1.8272584227956394,0.1322583066133346,-2.3700482266432092,-0.24915480750533553,0.06153671202149355,0.9665066554196939,-0.16868975066278996,-0.9854810403558342,0.019258429855742387,0.9536590847458567,-0.15824143633311277,0.2559179515175293,0,-0.123714086463,0.111574126196,0.007604672654,0.035332300771000004,0.458954950224,0.359963890364,1.0,1.0,True,0.0,0.93,94,94,0.605630800197626,0.5434932772925279
trial_0013_bite_004_transfer,trial_0013_bite_004,trial_0013,transfer,True,,-0.086601175,-0.03427209,0.10332831,-2.091848044483945,-0.06099025006936882,-2.300499419903633,-0.0948670598222209,0.04977168247297772,0.9942449499919508,0.0029795402104080826,-0.9987306895477551,0.05028053396296072,0.9954854912558103,0.007732359230853636,0.0945983473423469,0,-0.123714086463,0.111574126196,0.007604672654,0.026404102769,0.449097419281,0.341625183001,1.0,1.0,True,0.0,1.51,152,152,0.17999994127734012,0.24385545137586673
trial_0013_bite_004_withdrawal,trial_0013_bite_004,trial_0013,withdrawal,True,,0.064968392,0.248509035,0.348102123,-1.9202548661423846,-0.139621281673026,-2.365510659442849,-0.20469955149507724,0.12845748045431948,0.9703590929820993,-0.013414783660054996,-0.9916261636829157,0.12844296430267227,0.9787329243450781,0.013275059880533124,0.20470866026648732,0,-0.123714086463,0.111574126196,0.007604672654,0.026404102769,0.449097419281,0.341625183001,1.0,1.0,True,0.0,0.83,84,84,0.6064058584963421,0.35537022806652496
trial_0013_bite_005_transfer,trial_0013_bite_005,trial_0013,transfer,True,,-0.104682185,-0.038159937,0.080114312,-2.126086346162887,0.07112604857218265,-2.240453711324942,-0.0521354350008914,0.006104178821294985,0.9986213673951632,-0.06943305768590485,-0.997583547975847,0.0024729149412968943,0.9962233418855702,-0.0692084085125409,0.052433284023677446,0,-0.123714086463,0.111574126196,0.007604672654,0.017555572053,0.405445430587,0.306314320403,1.0,1.0,True,0.0,1.37,138,138,0.1800000024654268,0.6766024479586368
trial_0013_bite_005_withdrawal,trial_0013_bite_005,trial_0013,withdrawal,True,,0.039976019,0.261806071,0.454297394,1.545077997382888,0.7810719990616874,2.158868633084596,-0.32888805234881957,0.019053642699205467,0.9441766824710783,0.589479705975325,-0.7769596283906282,0.22101450652466628,0.7377982957864873,0.6292620237635418,0.24430100323896975,0,-0.123714086463,0.111574126196,0.007604672654,0.017555572053,0.405445430587,0.306314320403,1.0,1.0,True,0.0,0.89,90,90,0.43008469940151167,0.5225492147917844
trial_0013_bite_006_transfer,trial_0013_bite_006,trial_0013,transfer,True,,-0.101746447,-0.023572881,0.09472689,-1.8164850710418565,-0.22973339529519854,-2.5342338345013298,-0.32479227463168975,0.09764770140542442,0.940731048041793,0.0731122497223814,-0.9890873415807881,0.12790945885735505,0.9429552360955982,0.11032296739521796,0.31410868435146533,0,-0.123714086463,0.111574126196,0.007604672654,0.030353033603000002,0.45083627303100005,0.3415706664,1.0,1.0,True,0.0,1.57,158,158,0.17999994869907435,0.29561999770931274
trial_0013_bite_006_withdrawal,trial_0013_bite_006,trial_0013,withdrawal,True,,0.058570098,0.269277871,0.358131528,-1.938638808287576,-0.17858782167581005,-2.4463590221734384,-0.23095498093265382,0.08265756510957038,0.9694470195490597,0.059010583186286214,-0.9933605784718349,0.09875480854174191,0.9711732841539722,0.0800155489155629,0.22454390233833837,0,-0.123714086463,0.111574126196,0.007604672654,0.030353033603000002,0.45083627303100005,0.3415706664,1.0,1.0,True,0.0,1.41,142,142,0.6208792637857596,0.19810829632791405
trial_0013_bite_007_transfer,trial_0013_bite_007,trial_0013,transfer,True,,-0.113521539,-0.036455438,0.086903609,-2.061727847572648,0.05481027067886523,-2.3433683946160944,-0.12750738525257724,-0.00826873473151584,0.9918031532174068,-0.038110546493331565,-0.9991859476805666,-0.013229822510822463,0.9911051674529957,-0.03948506025863541,0.127088461570441,0,-0.123714086463,0.111574126196,0.007604672654,-0.00038321664300000006,0.42225607519200004,0.33004841143200003,1.0,1.0,True,0.0,0.98,99,99,0.1799999518579402,0.2998125050882196
trial_0013_bite_007_withdrawal,trial_0013_bite_007,trial_0013,withdrawal,True,,0.048604544,0.251674026,0.340839982,-1.9905105883632948,-0.2372465891654029,-2.322557625005877,-0.15656294229400755,0.15585846756647756,0.975292870469211,0.044553025720076855,-0.9853506968392599,0.1646178366325217,0.9866625932908523,0.06922530119988418,0.14732543797442407,0,-0.123714086463,0.111574126196,0.007604672654,-0.00038321664300000006,0.42225607519200004,0.33004841143200003,1.0,1.0,True,0.0,1.35,136,136,0.3143035751782136,1.8440425317396065
trial_0013_bite_008_transfer,trial_0013_bite_008,trial_0013,transfer,True,,-0.104444534,-0.050704107,0.102970697,1.9555005765775668,0.034475237213936125,2.3720013191675418,-0.18947919556104187,-0.037600682624448906,0.9811645239793967,0.06609973848943407,-0.9974881190131781,-0.02546128431914689,0.9796573171375638,0.060030334779405226,0.19148864166081406,0,-0.123714086463,0.111574126196,0.007604672654,0.020219263451,0.44649300453199997,0.336333476802,1.0,1.0,True,0.0,1.97,198,198,0.1799998869689032,0.36934188600565054
trial_0013_bite_008_withdrawal,trial_0013_bite_008,trial_0013,withdrawal,True,,0.04199994,0.264601201,0.351570278,-2.03400890600506,-0.10162505055339344,-2.3775375683513795,-0.15565732452097147,0.05058595908413827,0.9865150065085229,0.03377959698174671,-0.9978312106404772,0.05649614057181522,0.9872333747147752,0.0421181174234726,0.15361096326102128,0,-0.123714086463,0.111574126196,0.007604672654,0.020219263451,0.44649300453199997,0.336333476802,1.0,1.0,True,0.0,0.85,85,86,0.37406418700828603,1.5653027064041112
trial_0013_bite_009_transfer,trial_0013_bite_009,trial_0013,transfer,True,,-0.125556156,-0.043161847,0.101176009,1.9163100837859508,0.08868836949543184,2.248833010716241,-0.14944985585723358,-0.10189292643943691,0.9835052476351409,0.17902999407099873,-0.9810240913624246,-0.07443113185668704,0.9724263477545179,0.16495321672564278,0.16485579906291697,0,-0.123714086463,0.111574126196,0.007604672654,0.014145538674,0.408207031159,0.299134467257,1.0,1.0,True,0.0,1.57,158,158,0.17999991826621692,0.40404171867611555
trial_0013_bite_009_withdrawal,trial_0013_bite_009,trial_0013,withdrawal,True,,0.017699622,0.244282961,0.417362243,1.663088756657767,0.5396077484866898,2.236297233002433,-0.2836142086659137,-0.017339406417288122,0.9587816882001365,0.452672534108561,-0.883845337291358,0.11791944967671661,0.8453700713335797,0.46745776786082194,0.2585201689617981,0,-0.123714086463,0.111574126196,0.007604672654,0.014145538674,0.408207031159,0.299134467257,1.0,1.0,True,0.0,1.07,108,108,0.3337918805954695,1.0068081333126067
trial_0013_bite_010_transfer,trial_0013_bite_010,trial_0013,transfer,True,,-0.109811105,-0.032372154,0.10016153,1.9160906612706845,0.1602207998081315,2.446950501622744,-0.24153750842920696,0.04013217863069707,0.969561261736547,0.08663780535954008,-0.9942624661656531,0.06273785983500213,0.9665161781906672,0.09915420622720822,0.23667471492146985,0,-0.123714086463,0.111574126196,0.007604672654,0.0072009196749999995,0.41357489217800003,0.300874997727,1.0,1.0,True,0.0,1.34,135,135,0.17999998496783146,0.5599711976246233
trial_0013_bite_010_withdrawal,trial_0013_bite_010,trial_0013,withdrawal,True,,0.021269551,0.295025676,0.436760634,1.3734854572611799,0.7566161009269876,2.2117552677256653,-0.41894934405098616,-0.0704836580132229,0.9052698498637429,0.6101926687022554,-0.7601607464156878,0.22320516721340525,0.6724182881073865,0.6459006839768942,0.361477457467146,0,-0.123714086463,0.111574126196,0.007604672654,0.0072009196749999995,0.41357489217800003,0.300874997727,1.0,1.0,True,0.0,1.39,140,140,0.31323385367729195,0.8609896664759262
trial_0013_bite_011_transfer,trial_0013_bite_011,trial_0013,transfer,True,,-0.095468596,-0.035505243,0.133462593,-1.9770754774023342,-0.13914086654537483,-2.427923078952312,-0.2041311733225914,0.06176191651316698,0.9769933110040021,0.05025610462468222,-0.9960306718838937,0.07346580574983275,0.9776526929466799,0.06409653918223479,0.20021699637884166,0,-0.123714086463,0.111574126196,0.007604672654,0.01450566799,0.454281730795,0.337647477179,1.0,1.0,True,0.0,1.3,131,131,0.179999833418502,0.21368201837140924
trial_0013_bite_011_withdrawal,trial_0013_bite_011,trial_0013,withdrawal,True,,0.035298672,0.258556694,0.364540219,1.701207774333288,0.26423280303731383,2.518433541927135,-0.37519386803901367,0.021425748489276142,0.9266987097690371,0.1713810695551105,-0.9808936578281645,0.09206606883445573,0.9109654715652346,0.19336124051670395,0.3643533179233747,0,-0.123714086463,0.111574126196,0.007604672654,0.01450566799,0.454281730795,0.337647477179,1.0,1.0,True,0.0,1.17,118,118,0.34359860351264865,1.290764592163205
trial_0013_bite_012_transfer,trial_0013_bite_012,trial_0013,transfer,True,,-0.10479103,-0.042640332,0.081748858,-1.974203172583091,-0.016698221607700535,-2.3470869174328723,-0.16970088954913956,0.06401919110290871,0.9834140284014459,-0.05002052821999642,-0.9971610884534104,0.05628241671252402,0.9842253577523915,-0.03963971297750418,0.17242139748951638,0,-0.123714086463,0.111574126196,0.007604672654,0.015322769918,0.410631811635,0.3159607059,1.0,1.0,True,0.0,1.39,140,140,0.1800000458559419,0.1821980859529226
trial_0013_bite_012_withdrawal,trial_0013_bite_012,trial_0013,withdrawal,True,,0.011457403,0.202383384,0.364437073,1.5667065233584427,0.12244303061100695,2.5538296903767006,-0.44661119448662046,-0.07891624082703452,0.8912410829247963,0.1638191368639652,-0.9864763813151143,-0.005257328654650645,0.879603166977234,0.1436543631121835,0.45349938544881563,0,-0.123714086463,0.111574126196,0.007604672654,0.015322769918,0.410631811635,0.3159607059,1.0,1.0,True,0.0,0.98,99,99,0.5866852070148685,0.37487693818159645
trial_0014_bite_001_transfer,trial_0014_bite_001,trial_0014,transfer,True,,-0.041861966,-0.002323716,0.070419572,-1.8811110679865566,-0.000379851895534729,-2.0736320874662315,-0.06538876733608223,0.24847011853469073,0.9664299815825381,-0.24811603688312572,-0.9421342757832873,0.22543610765738625,0.9665209471851501,-0.22504578776253076,0.12325442005324963,0,-0.124505747277,0.111840687249,0.007031408633,0.035619020657999996,0.48872432489800005,0.343710689099,1.0,1.0,True,0.0,1.55,156,156,0.1799999598348552,0.25606437686454797
trial_0014_bite_001_withdrawal,trial_0014_bite_001,trial_0014,withdrawal,True,,0.072836734,0.282250404,0.301712632,-1.8677479816703884,0.10526082587274377,-2.259365870392947,-0.17627981310332752,0.11406823458166726,0.9777084766696449,-0.204477084419265,-0.9758394910245606,0.0769831780606877,0.9628678774575735,-0.18634839848077173,0.19534514312876788,0,-0.124505747277,0.111840687249,0.007031408633,0.035619020657999996,0.48872432489800005,0.343710689099,1.0,1.0,True,0.0,0.97,98,98,0.5626712555535714,0.2055100381457569
trial_0014_bite_002_transfer,trial_0014_bite_002,trial_0014,transfer,True,,-0.076744691,-0.022714298,0.101585843,-1.913689327270997,-0.20809002633404247,-2.308631538235397,-0.18388637844436387,0.19165877519346763,0.9640812796201138,-0.016174046524053243,-0.9812636665051696,0.19198962736530625,0.9828144280797134,0.019711181805544598,0.18354091987939586,0,-0.124505747277,0.111840687249,0.007031408633,0.018892239478000002,0.465197148956,0.348839214596,1.0,1.0,True,0.0,1.73,174,174,0.18000015158853142,0.28807543141981473
trial_0014_bite_002_withdrawal,trial_0014_bite_002,trial_0014,withdrawal,True,,0.044011928,0.313803136,0.415563822,1.6932779515209535,0.3041955329401,2.562811495882956,-0.3970847924853812,0.06249084740810132,0.915651987147442,0.1535941208569488,-0.9790841603044718,0.13342808204822795,0.9048383908826056,0.19362102424867256,0.37918120385097176,0,-0.124505747277,0.111840687249,0.007031408633,0.018892239478000002,0.465197148956,0.348839214596,1.0,1.0,True,0.0,1.08,109,109,0.40422323889174555,1.1149368496039138
trial_0014_bite_003_transfer,trial_0014_bite_003,trial_0014,transfer,True,,-0.084204614,-0.007457581,0.088900886,-1.924984853591718,-0.2869017036135312,-2.2510763956489015,-0.15510108820839075,0.24874352656400212,0.956070243459693,-0.000983017430474964,-0.9678201342866124,0.25164105655909,0.9878981152493937,0.03808996799614478,0.15035447524017465,0,-0.124505747277,0.111840687249,0.007031408633,0.002889753582,0.452047153146,0.349230783138,1.0,1.0,True,0.0,1.31,132,132,0.1800000155693149,0.3787122498522263
trial_0014_bite_003_withdrawal,trial_0014_bite_003,trial_0014,withdrawal,True,,0.06388738,0.273627698,0.338597685,-1.7579844470555566,-0.04558847604429672,-2.2171502674970323,-0.19858852782535075,0.2597993755189867,0.9450221590503076,-0.22073360595553726,-0.9513097993408586,0.21514260591505668,0.954902755163072,-0.16587329549388097,0.24626566554023355,0,-0.124505747277,0.111840687249,0.007031408633,0.002889753582,0.452047153146,0.349230783138,1.0,1.0,True,0.0,1.01,102,102,0.38815557114519267,1.6799176290087907
trial_0014_bite_004_transfer,trial_0014_bite_004,trial_0014,transfer,True,,-0.108568259,-0.013771329,0.104685761,-1.9658218095706665,-0.05144726297514207,-2.290356166681285,-0.14752500448934328,0.11508285360250485,0.982340221031962,-0.07085728197191243,-0.9918852488911314,0.10555992906274295,0.9865169124966751,-0.05403322902513663,0.1544823340034225,0,-0.124505747277,0.111840687249,0.007031408633,0.018959422546,0.471862726163,0.350018748021,1.0,1.0,True,0.0,1.11,112,112,0.17999990975289065,0.2599475426482597
trial_0014_bite_004_withdrawal,trial_0014_bite_004,trial_0014,withdrawal,True,,0.051127076,0.298469961,0.381420434,-1.678223929045532,0.004888612589518694,-2.5944493733052156,-0.4090830885117076,0.04164721916300693,0.9115462335118888,-0.045082088225691874,-0.998660441468861,0.02539543199928504,0.9113828131004739,-0.030705565964623538,0.4104126413792085,0,-0.124505747277,0.111840687249,0.007031408633,0.018959422546,0.471862726163,0.350018748021,1.0,1.0,True,0.0,0.94,95,95,0.3796067908798143,1.3856053150039687
trial_0014_bite_005_transfer,trial_0014_bite_005,trial_0014,transfer,True,,-0.115736507,0.00644393,0.07945922,2.0181113970148123,0.27924945702897636,2.3257221888196455,-0.1472229049081559,0.08045257731283467,0.9858259476571546,0.15520595569221052,-0.9824604730101343,0.10335632680378684,0.9768503097138641,0.16822247702499793,0.13215396564425289,0,-0.124505747277,0.111840687249,0.007031408633,-0.001928268996,0.455777114719,0.354453011606,1.0,1.0,True,0.0,1.23,124,124,0.18000001669683566,0.4030896772678557
trial_0014_bite_005_withdrawal,trial_0014_bite_005,trial_0014,withdrawal,True,,0.033121157,0.262272805,0.360223919,-1.8872415343841928,0.011899196584124801,-2.3611391907530885,-0.21605938813175102,0.0877430014265393,0.9724296923175453,-0.09753960865732153,-0.9929113771627265,0.06791923029447915,0.971495942113558,-0.08017582429560838,0.22308624264039645,0,-0.124505747277,0.111840687249,0.007031408633,-0.001928268996,0.455777114719,0.354453011606,1.0,1.0,True,0.0,0.61,62,62,0.371056545099527,1.381420122316925
trial_0014_bite_006_transfer,trial_0014_bite_006,trial_0014,transfer,True,,-0.100270405,-0.002541247,0.100590497,-2.0597833608263194,-0.17161091578693966,-2.331584032820452,-0.1257888967325847,0.0920779407569705,0.9877746738425495,0.05353664750864773,-0.9936024064676976,0.09943885173881949,0.9906114176771506,0.06539044798405924,0.12005460624278479,0,-0.124505747277,0.111840687249,0.007031408633,-0.003244960889,0.425289443136,0.338390333069,1.0,1.0,True,0.0,0.9,91,91,0.17999982096082193,0.27512757842339464
trial_0014_bite_006_withdrawal,trial_0014_bite_006,trial_0014,withdrawal,True,,0.018623922,0.24035491,0.336458206,-1.8175688650556947,0.1092387440998644,-2.415835244182155,-0.27372450108629975,0.049506086917624134,0.9605332086206915,-0.13599319444129926,-0.9906333732897925,0.012303283713612473,0.9521453400456819,-0.12725826921104705,0.2778931167674029,0,-0.124505747277,0.111840687249,0.007031408633,-0.003244960889,0.425289443136,0.338390333069,1.0,1.0,True,0.0,0.8,81,81,0.4344977320276513,0.9207373723770426
trial_0014_bite_007_transfer,trial_0014_bite_007,trial_0014,transfer,True,,-0.107598096,0.00379585,0.086295709,2.0153002083663405,0.25086312849689846,2.3952345610320958,-0.17630567163432814,0.10155067605061756,0.9790831273917611,0.10351487927167274,-0.9872359642188232,0.12103644377749151,0.9788774080133528,0.12268908324131117,0.16354329376182672,0,-0.124505747277,0.111840687249,0.007031408633,-0.024352869104,0.431915539927,0.34089525403800003,1.0,1.0,True,0.0,1.1,111,111,0.1799998261274221,0.2811272260118967
trial_0014_bite_007_withdrawal,trial_0014_bite_007,trial_0014,withdrawal,True,,0.010374987,0.245735988,0.336424142,-1.8573126048612831,0.06087563440620142,-2.3694024919164836,-0.23385810418090514,0.07746973820168895,0.9691794605602593,-0.1271357691989891,-0.9906982512160286,0.0485125883424526,0.9639226542099187,-0.11187231427151517,0.24153198960063454,0,-0.124505747277,0.111840687249,0.007031408633,-0.024352869104,0.431915539927,0.34089525403800003,1.0,1.0,True,0.0,0.85,86,86,0.3076425016510131,1.390576410972939
trial_0014_bite_008_transfer,trial_0014_bite_008,trial_0014,transfer,True,,-0.084393479,0.012702273,0.08717674,-2.044409140451506,-0.2952967077492075,-2.3253663086862857,-0.13564358045453784,0.14814885950071977,0.9796186679060939,0.1014071459872663,-0.9814882137259967,0.16247300409504967,0.9855543667521295,0.1213787532708619,0.11810922246048633,0,-0.124505747277,0.111840687249,0.007031408633,-0.02110777215,0.44493376042800004,0.342727403193,1.0,1.0,True,0.0,0.93,94,94,0.1799999833678922,0.3058328052756231
trial_0014_bite_008_withdrawal,trial_0014_bite_008,trial_0014,withdrawal,True,,0.009956088,0.254166424,0.335962862,-1.9902886415355194,-0.011194870457420117,-2.24115979950659,-0.1123663629203134,0.11240458245094015,0.987288716803798,-0.10253596085311145,-0.989588843429996,0.10099652316199764,0.9883623714083765,-0.0898839852416019,0.12272201098864807,0,-0.124505747277,0.111840687249,0.007031408633,-0.02110777215,0.44493376042800004,0.342727403193,1.0,1.0,True,0.0,0.73,74,74,0.36532987122309873,1.5448642321259325
trial_0014_bite_009_transfer,trial_0014_bite_009,trial_0014,transfer,True,,-0.113528758,0.008193629,0.101808921,-1.9977003905809059,-0.404162994437931,-2.332517401672687,-0.16756413754377192,0.20137454314824652,0.965075413209272,0.13506006756558003,-0.9649973726224546,0.2248084717730643,0.9765659414286334,0.1680129881991112,0.13450129307189748,0,-0.124505747277,0.111840687249,0.007031408633,-0.002141581618,0.460872658335,0.347590758788,1.0,1.0,True,0.0,1.13,114,114,0.17999986989998829,0.4483987962764175
trial_0014_bite_009_withdrawal,trial_0014_bite_009,trial_0014,withdrawal,True,,0.033999406,0.27594164,0.320994943,-1.8323934296071616,0.04673984122639873,-2.2399445452201587,-0.18015779958007272,0.16927026121097088,0.9689637485066385,-0.20954311881085547,-0.9690747459103214,0.13032965202848423,0.9610592326227797,-0.1795597825472502,0.21005579230789656,0,-0.124505747277,0.111840687249,0.007031408633,-0.002141581618,0.460872658335,0.347590758788,1.0,1.0,True,0.0,0.51,52,52,0.4110824669799401,1.0058624640970761
trial_0014_bite_010_transfer,trial_0014_bite_010,trial_0014,transfer,True,,-0.128926069,-0.001575422,0.079959378,1.9018057111182511,0.3393826056244735,2.409087824772245,-0.24051827225101333,0.09348615415241306,0.9661321336624608,0.17706476153803002,-0.974424018670216,0.13836871777995033,0.9543579155300532,0.2043481607951934,0.21781367781834493,0,-0.124505747277,0.111840687249,0.007031408633,-0.0023971288140000003,0.476757610404,0.358004779876,1.0,1.0,True,0.0,1.23,124,124,0.17999998446205417,0.4064030571402959
trial_0014_bite_010_withdrawal,trial_0014_bite_010,trial_0014,withdrawal,True,,0.029261161,0.281727821,0.351828575,-1.848059274192253,-0.07870239637390122,-2.322782685270411,-0.2162036076868026,0.16684870037856406,0.9619862323366147,-0.1013512081066632,-0.983802360972569,0.147854141504792,0.9710735979515308,-0.06553186802452204,0.2296119370474576,0,-0.124505747277,0.111840687249,0.007031408633,-0.0023971288140000003,0.476757610404,0.358004779876,1.0,1.0,True,0.0,0.76,77,77,0.3722462096784469,1.408265498224306
trial_0014_bite_011_transfer,trial_0014_bite_011,trial_0014,transfer,True,,-0.113673732,0.004236408,0.094677396,1.9857525685218853,0.19776187098794484,2.2786051783695775,-0.13676902509274708,0.0007565895107663201,0.9906026758229014,0.1699194825898837,-0.985160453211874,0.02421261786263569,0.9759209000792873,0.17163423026799757,0.13461087544751446,0,-0.124505747277,0.111840687249,0.007031408633,0.00084485084,0.452971121857,0.360155762682,1.0,1.0,True,0.0,1.3,131,131,0.1799998580829589,0.2770704071273818
trial_0014_bite_011_withdrawal,trial_0014_bite_011,trial_0014,withdrawal,True,,0.013245858,0.262979895,0.362574995,-1.829536589034059,0.05144017435005482,-2.4672347252622666,-0.28906579201719207,0.03593793038399154,0.9566344302005805,-0.07577972831421703,-0.9970183223163727,0.01455670780326529,0.9543051926203154,-0.06828565094631217,0.29092725759670834,0,-0.124505747277,0.111840687249,0.007031408633,0.00084485084,0.452971121857,0.360155762682,1.0,1.0,True,0.0,0.8,81,81,0.3671780353197859,1.330801364905307
trial_0014_bite_012_transfer,trial_0014_bite_012,trial_0014,transfer,True,,-0.132102907,0.021590214,0.077546634,-2.0826258446702677,-0.13868988190186582,-2.263129530574761,-0.08371648727721975,0.10709739287310545,0.9907177691945104,0.014676709208945315,-0.9939674648374658,0.10868888191244677,0.9963815253028127,0.0236395280064014,0.08163962733180131,0,-0.124505747277,0.111840687249,0.007031408633,-0.003275222311,0.43669987932,0.352267580088,1.0,1.0,True,0.0,1.02,103,103,0.17999991072264035,0.2247250968332807
trial_0014_bite_012_withdrawal,trial_0014_bite_012,trial_0014,withdrawal,True,,0.02446555,0.26044026,0.352264166,-1.8787664313257826,-0.00102631006249445,-2.3263103758310058,-0.2035550358638243,0.11773416123247177,0.9719588544034996,-0.11687650760485829,-0.9885665169523958,0.09526869124061713,0.9720623587736379,-0.09420673457611656,0.2149880504026594,0,-0.124505747277,0.111840687249,0.007031408633,-0.003275222311,0.43669987932,0.352267580088,1.0,1.0,True,0.0,1.03,104,104,0.31556062905639204,1.5531505878912335
trial_0014_bite_013_transfer,trial_0014_bite_013,trial_0014,transfer,True,,-0.121993944,0.013871886,0.081863664,1.969722085200801,0.327406595979049,2.386261887029534,-0.19821869600330042,0.11009818417491862,0.9739546901145542,0.1562946853027002,-0.9774064789339288,0.14229738677891998,0.9676163082032471,0.1804299442425379,0.176532476671443,0,-0.124505747277,0.111840687249,0.007031408633,-0.014504522493,0.41489221886399996,0.340393388563,1.0,1.0,True,0.0,1.07,108,108,0.17999999376580092,0.3914140686762135
trial_0014_bite_013_withdrawal,trial_0014_bite_013,trial_0014,withdrawal,True,,0.012376666,0.230588794,0.328095078,-1.9220872301949872,0.03877907144632207,-2.287361119759421,-0.16548811073061656,0.10054339814373123,0.9810732441038859,-0.13374156195452808,-0.987887803792105,0.07868215633023146,0.9771012638477009,-0.11818930665894872,0.17693051737533208,0,-0.124505747277,0.111840687249,0.007031408633,-0.014504522493,0.41489221886399996,0.340393388563,1.0,1.0,True,0.0,1.14,115,115,0.3731285706592443,1.3027623389709868
trial_0014_bite_014_transfer,trial_0014_bite_014,trial_0014,transfer,True,,-0.128842682,-0.026723566,0.083687514,2.0303607273046103,0.07379794405483402,2.3538172927017342,-0.146940592722755,0.006609330067004898,0.989123237501956,0.055365621617602834,-0.9983550265674255,0.014895934695460786,0.9875946082037821,0.05695224037402202,0.1463329496839237,0,-0.124505747277,0.111840687249,0.007031408633,-0.005556106581,0.43314269034400005,0.350948848163,1.0,1.0,True,0.0,1.28,129,129,0.18000001709892444,0.38241034281959224
trial_0014_bite_014_withdrawal,trial_0014_bite_014,trial_0014,withdrawal,True,,0.031218741,0.250592351,0.324286729,-1.835441379401377,0.0019693771771729335,-2.1931638388944994,-0.15301702500913011,0.2123387996638924,0.9651414529563285,-0.21407177599595156,-0.9605750805010098,0.17739444591761505,0.9647585525815743,-0.1794651745542179,0.1924400850730682,0,-0.124505747277,0.111840687249,0.007031408633,-0.005556106581,0.43314269034400005,0.350948848163,1.0,1.0,True,0.0,1.05,106,106,0.3062268074176226,1.871875869903237
trial_0014_bite_015_transfer,trial_0014_bite_015,trial_0014,transfer,True,,-0.108153582,0.003880698,0.079862081,-2.0644669457963936,-0.3120886342149338,-2.145509467494973,-0.04321488776421764,0.24854591069981646,0.9676556224969319,0.037433930420383565,-0.9674774955526809,0.2501719337823376,0.9983642493242674,0.04703430528360408,0.03250538105730766,0,-0.124505747277,0.111840687249,0.007031408633,-0.027161847568,0.414094512378,0.336737759939,1.0,1.0,True,0.0,1.29,130,130,0.17999991259404685,0.27314367405979095
trial_0014_bite_015_withdrawal,trial_0014_bite_015,trial_0014,withdrawal,True,,0.010517028,0.240462586,0.322845101,-2.2357207036809874,0.014041661713576577,-1.9964393718973867,0.11729695129829604,0.08875507749133396,0.9891228242415765,-0.10265930744038632,-0.9895787584833418,0.1009700319621043,0.9877765394116149,-0.11338614103176559,-0.10696303665257062,0,-0.124505747277,0.111840687249,0.007031408633,-0.027161847568,0.414094512378,0.336737759939,1.0,1.0,True,0.0,1.05,106,106,0.266136071407409,1.8586656473991683
trial_0014_bite_016_transfer,trial_0014_bite_016,trial_0014,transfer,True,,-0.123256013,0.006229511,0.077122614,-2.08742221542521,-0.2661677398258497,-2.202015695134057,-0.05819130683271437,0.18863658052625634,0.9803213821479477,0.05037539376286698,-0.9801795424619197,0.1915995413417741,0.9970336461285232,0.06053350333908741,0.047535286484460204,0,-0.124505747277,0.111840687249,0.007031408633,-0.028556868552,0.430729112344,0.341615813144,1.0,1.0,True,0.0,1.36,137,137,0.17999996806894958,0.25412807018364797
trial_0014_bite_016_withdrawal,trial_0014_bite_016,trial_0014,withdrawal,True,,0.003374264,0.229947403,0.325902939,-1.8397295566516272,0.0611389899514321,-2.371418037765436,-0.24278974598974565,0.08507725536796308,0.9663410370367647,-0.13475879983382266,-0.9894463600238094,0.053253793320124226,0.9606733082112685,-0.11729348342806256,0.2516923392472014,0,-0.124505747277,0.111840687249,0.007031408633,-0.028556868552,0.430729112344,0.341615813144,1.0,1.0,True,0.0,0.93,94,94,0.2597593608725874,1.6772725868182021
trial_0014_bite_017_transfer,trial_0014_bite_017,trial_0014,transfer,True,,-0.115810409,0.025322141,0.096144684,-1.9743056174372762,-0.3471617870159257,-2.371705927799702,-0.19120460210743606,0.16975330612043,0.9667598539420847,0.11445321989688384,-0.9743570107301917,0.1937237107226708,0.9748544817500574,0.14768964317821698,0.16687273207363246,0,-0.124505747277,0.111840687249,0.007031408633,-0.029612553636000002,0.468223456721,0.353823176128,1.0,1.0,True,0.0,1.2,121,121,0.180000025952269,0.38265005730069096
trial_0014_bite_017_withdrawal,trial_0014_bite_017,trial_0014,withdrawal,True,,0.032517236,0.302290469,0.350772709,-1.7918339374010996,-0.07977547299449685,-2.2888610098476883,-0.22374987966456739,0.21561885138784603,0.9504969764687721,-0.1489191781371646,-0.9713345310018366,0.1852897926664972,0.9632025071256007,-0.10008865974538805,0.2494457665652574,0,-0.124505747277,0.111840687249,0.007031408633,-0.029612553636000002,0.468223456721,0.353823176128,1.0,1.0,True,0.0,0.98,99,99,0.28466289019945357,1.7575510260042966
trial_0014_bite_018_transfer,trial_0014_bite_018,trial_0014,transfer,True,,-0.118610308,0.031126261,0.093268901,1.773443708122301,0.28045306621687177,2.5283938772812413,-0.3453438254818342,0.07035366412164232,0.935835457837665,0.13644163407285925,-0.9828270526779783,0.12423632727928957,0.9285048856592522,0.17059116761713633,0.3298140852630792,0,-0.124505747277,0.111840687249,0.007031408633,-0.013314379648999999,0.434309816587,0.352408436476,1.0,1.0,True,0.0,1.55,156,156,0.17999988102216097,0.3764547472598036
trial_0014_bite_018_withdrawal,trial_0014_bite_018,trial_0014,withdrawal,True,,0.015452119,0.24299176,0.329905957,-1.6521756331327302,0.047402346821112995,-2.4835395213901674,-0.37790999396301617,0.11376247287271168,0.9188264995246703,-0.14874140662988,-0.9869913374925495,0.06102535266947162,0.91381619071706,-0.11360545532919719,0.38991508063013924,0,-0.124505747277,0.111840687249,0.007031408633,-0.013314379648999999,0.434309816587,0.352408436476,1.0,1.0,True,0.0,0.85,86,86,0.25453616916034916,1.5491344200301747
trial_0014_bite_019_transfer,trial_0014_bite_019,trial_0014,transfer,True,,-0.116389863,0.015528749,0.099048212,1.8050705814112695,0.08012061054284855,2.5249006870023134,-0.32354803150761013,8.653416360582256e-05,0.9462117436490574,0.05990396211487181,-0.9979920794597393,0.0205748550071633,0.9443136060814178,0.06333878628032208,0.3228931890301267,0,-0.124505747277,0.111840687249,0.007031408633,-0.017842441832,0.403250174448,0.346853807715,1.0,1.0,True,0.0,1.26,127,127,0.17999996015288308,0.262154839604024
trial_0014_bite_019_withdrawal,trial_0014_bite_019,trial_0014,withdrawal,True,,0.007601015,0.228325814,0.35488835,-1.7147708264811872,-0.017211177053118008,-2.55771998980159,-0.37849457785134777,0.057847137877633015,0.9237941129799954,-0.04540983942285254,-0.9980038640612696,0.043888880167599315,0.9244889404534384,-0.025337639158794223,0.38036588046397896,0,-0.124505747277,0.111840687249,0.007031408633,-0.017842441832,0.403250174448,0.346853807715,1.0,1.0,True,0.0,1.03,104,104,0.26064879044072176,1.41241086449488
trial_0014_bite_020_transfer,trial_0014_bite_020,trial_0014,transfer,True,,-0.114217222,0.039632477,0.093299121,1.6745172309652263,0.5176222606269789,2.5604955168158012,-0.41700517343513793,0.14807366771765557,0.8967613251344931,0.21189153337375655,-0.9436163541559391,0.25434259229230866,0.8838600926689976,0.2960783090638264,0.3621173449160598,0,-0.124505747277,0.111840687249,0.007031408633,-0.033012400845999997,0.371104031474,0.318911098267,1.0,1.0,True,0.0,1.56,157,157,0.17999998344430196,0.5875859363799801
trial_0014_bite_020_withdrawal,trial_0014_bite_020,trial_0014,withdrawal,True,,0.003923831,0.182043046,0.315091819,-1.8393993473816068,0.0020453927271262082,-2.353785468516971,-0.23432732984377297,0.12028773203676578,0.9646872881974442,-0.1219641372144748,-0.9881128342170532,0.09358299038324765,0.9644767761443592,-0.09572820053147074,0.24621263148179484,0,-0.124505747277,0.111840687249,0.007031408633,-0.033012400845999997,0.371104031474,0.318911098267,1.0,1.0,True,0.0,1.03,104,104,0.1849648238057268,1.7219618346892476
trial_0014_bite_021_transfer,trial_0014_bite_021,trial_0014,transfer,True,,-0.108694158,0.000683266,0.08935152,-1.9590337826312902,-0.1015262439872181,-2.2884602389042064,-0.15046465557166747,0.1400951416499281,0.9786387171524467,-0.052881817612192294,-0.9896317667501241,0.13353830763140298,0.9872000307889636,-0.03165939868530304,0.15631308865592386,0,-0.124505747277,0.111840687249,0.007031408633,-0.034466552912,0.416466433587,0.34504790659100004,1.0,1.0,True,0.0,2.04,205,205,0.1799998530030705,0.2025738657225818
trial_0014_bite_021_withdrawal,trial_0014_bite_021,trial_0014,withdrawal,True,,-0.010561121,0.217421904,0.336090982,-1.767665397454869,0.08412075214880829,-2.4343764112538753,-0.30437959701751716,0.0737356105462846,0.9496926453631305,-0.13911539256525557,-0.9897506125788061,0.03225883524389839,0.9423375024219661,-0.12229793390423566,0.31151765101176293,0,-0.124505747277,0.111840687249,0.007031408633,-0.034466552912,0.416466433587,0.34504790659100004,1.0,1.0,True,0.0,0.98,99,99,0.49972125836222664,0.6886319541813012
trial_0015_bite_001_transfer,trial_0015_bite_001,trial_0015,transfer,True,,-0.216959625,-0.001073619,0.261444867,1.0117979493607219,0.2927972180290957,2.5701523430244877,-0.6777981196656806,-0.2551221678926089,0.6895668121563302,0.40368582654303553,-0.912992503537185,0.05901221850744054,0.6145140050689929,0.3183667192636177,0.721813805381545,0,-0.122254126816,0.112056877625,0.008376017293,-0.075565013005,0.47995796740700003,0.33591386427,1.0,1.0,True,0.0,1.44,145,145,0.17999994843841155,0.3099398917545331
trial_0015_bite_001_withdrawal,trial_0015_bite_001,trial_0015,withdrawal,True,,-0.091844842,0.276684552,0.360845625,1.657445856436494,-0.05521112734458161,2.392333477117501,-0.33369026286716,-0.2092172300900301,0.9191729756150915,0.1665910654648433,-0.9728020507253029,-0.1609459133123105,0.9278460138271513,0.09941992123362847,0.35946829329854,0,-0.122254126816,0.112056877625,0.008376017293,-0.075565013005,0.47995796740700003,0.33591386427,1.0,1.0,True,0.0,1.48,149,149,0.4477900938236766,1.1274703993973838
trial_0015_bite_002_transfer,trial_0015_bite_002,trial_0015,transfer,True,,-0.18887113,-1.4642e-05,0.193624005,1.1180173266445796,0.6941868158954612,2.479180720637248,-0.6359688486621424,-0.09865079450055089,0.7653833315899681,0.48176847505332904,-0.8255419172907964,0.2939042007876476,0.6028621401084487,0.5556514766832228,0.5725457854910951,0,-0.122254126816,0.112056877625,0.008376017293,-0.05051631079,0.467354899368,0.334623925943,1.0,1.0,True,0.0,1.07,108,108,0.17999991765666767,0.3531216865952587
trial_0015_bite_002_withdrawal,trial_0015_bite_002,trial_0015,withdrawal,True,,-0.061610151,0.284402132,0.379745692,1.426770685141563,0.1182892220634277,2.479803264879665,-0.4745390018376603,-0.19744681811444578,0.8578038760412536,0.27820082700786986,-0.9582073193671048,-0.06665607971854334,0.835114983452611,0.20701083818918398,0.5096366129755173,0,-0.122254126816,0.112056877625,0.008376017293,-0.05051631079,0.467354899368,0.334623925943,1.0,1.0,True,0.0,1.28,129,129,0.4192615464079977,0.9878864760149471
trial_0015_bite_003_transfer,trial_0015_bite_003,trial_0015,transfer,True,,-0.200539052,-0.011612106,0.215138495,0.9773093715627428,0.7454531041957853,2.5369766825933673,-0.714258971883542,-0.10663506709634385,0.6917102598264855,0.4638753629824572,-0.812190447271621,0.3537885314402064,0.524074201522799,0.5735639805863706,0.6295796942978373,0,-0.122254126816,0.112056877625,0.008376017293,-0.057129768313,0.45689622628900006,0.322430914292,1.0,1.0,True,0.0,1.53,154,154,0.17999996661742684,0.6067496000049964
trial_0015_bite_003_withdrawal,trial_0015_bite_003,trial_0015,withdrawal,True,,-0.065453261,0.267876208,0.362315863,1.6369883010142467,0.07850289642724939,2.4086471592066476,-0.35079483333162453,-0.15719904818328434,0.9231638230336516,0.21697729719896136,-0.972626981829483,-0.08317215109340398,0.9109686259186269,0.17112923031305866,0.3753011445817729,0,-0.122254126816,0.112056877625,0.008376017293,-0.057129768313,0.45689622628900006,0.322430914292,1.0,1.0,True,0.0,1.52,153,153,0.4262761056923898,1.3378885211611635
trial_0015_bite_004_transfer,trial_0015_bite_004,trial_0015,transfer,True,,-0.170531213,0.012304625,0.223403186,1.3256442354365445,0.49443451290297136,2.619586183848878,-0.5926889072471936,0.0029443854460544094,0.8054260920906853,0.29084012981527796,-0.9317390512567144,0.21742667557654985,0.7510871308411297,0.36311660793412226,0.5513750546835221,0,-0.122254126816,0.112056877625,0.008376017293,-0.027761901891,0.46222426224600005,0.308082147018,1.0,1.0,True,0.0,1.44,145,145,0.1799999282808825,0.2717435626146891
trial_0015_bite_004_withdrawal,trial_0015_bite_004,trial_0015,withdrawal,True,,-0.046481628,0.272996873,0.344540566,1.5167058265110593,0.01733120403803774,2.5090323881168377,-0.44872592554922036,-0.17210238522690424,0.8769411683455199,0.1842003707836566,-0.9780223679662181,-0.0976855729415283,0.8744799981378413,0.11769883923370461,0.4705653154450289,0,-0.122254126816,0.112056877625,0.008376017293,-0.027761901891,0.46222426224600005,0.308082147018,1.0,1.0,True,0.0,1.35,136,136,0.4479349365340865,1.2077925847984643
trial_0015_bite_005_transfer,trial_0015_bite_005,trial_0015,transfer,True,,-0.188365653,0.010656562,0.215148151,1.1934191253585138,0.6340841555866676,2.5274263066981164,-0.6220389589930251,-0.05915830987802295,0.7807482487122526,0.42070535973543144,-0.8662273816442255,0.269549853607214,0.6603593974380578,0.49613548317185,0.5637153967678017,0,-0.122254126816,0.112056877625,0.008376017293,-0.053641292366,0.440423560636,0.316308885305,1.0,1.0,True,0.0,1.21,122,122,0.179999582407752,0.4653791299090436
trial_0015_bite_005_withdrawal,trial_0015_bite_005,trial_0015,withdrawal,True,,-0.064340398,0.240543172,0.336872518,1.690526533351689,-0.029466232243795933,2.4343165054351585,-0.33872204677316337,-0.15643623372419363,0.9277904288189162,0.13393277387299607,-0.9840563029524536,-0.11702651281753958,0.9313052062092662,0.08462208575625108,0.35427350379301276,0,-0.122254126816,0.112056877625,0.008376017293,-0.053641292366,0.440423560636,0.316308885305,1.0,1.0,True,0.0,1.62,163,163,0.3999754309182645,1.5827068238342532
trial_0015_bite_006_transfer,trial_0015_bite_006,trial_0015,transfer,True,,-0.202721402,0.001261662,0.227158457,0.7999517666247427,0.5184121233097446,2.6719300819689438,-0.7985671566378173,-0.18188969814637496,0.5737653126911844,0.3832606806686483,-0.8886833415781339,0.2517005543397278,0.46411393751189617,0.420901480289322,0.7793844987536391,0,-0.122254126816,0.112056877625,0.008376017293,-0.034709761891,0.450737353812,0.311432672714,1.0,1.0,True,0.0,1.21,122,122,0.18000035298579956,0.6186492737992803
trial_0015_bite_006_withdrawal,trial_0015_bite_006,trial_0015,withdrawal,True,,-0.046820015,0.263910532,0.332663447,1.7105423742999675,-0.012126326388638645,2.422114502827231,-0.32411434858831933,-0.14797388330189226,0.9343733830218663,0.13861081153237553,-0.9844596831962694,-0.10782474246404201,0.9358081704951638,0.09456670672947576,0.33958828898069443,0,-0.122254126816,0.112056877625,0.008376017293,-0.034709761891,0.450737353812,0.311432672714,1.0,1.0,True,0.0,1.45,146,146,0.41656854240758806,1.4947027479080244
trial_0015_bite_007_transfer,trial_0015_bite_007,trial_0015,transfer,True,,-0.178275049,0.005647326,0.20309402,1.0771891613832734,0.51668605983396,2.6361523745281676,-0.696736772398078,-0.09214508598052168,0.7113839702424785,0.35387344641464713,-0.9067924423109991,0.22913107709403663,0.6239643049974325,0.4113839443844348,0.6644033386368371,0,-0.122254126816,0.112056877625,0.008376017293,-0.045447420673000005,0.428141631185,0.277178523603,1.0,1.0,True,0.0,1.26,127,127,0.17999990676176159,0.42431732874882466
trial_0015_bite_007_withdrawal,trial_0015_bite_007,trial_0015,withdrawal,True,,-0.03704923,0.237863272,0.308199376,1.781351279280966,0.031199156602721833,2.452776374036902,-0.30548285095635347,-0.07679571119935863,0.9490956993438349,0.1009118303350191,-0.993740267668543,-0.04792789284424098,0.9468352709262655,0.08113383483749198,0.3113202058565231,0,-0.122254126816,0.112056877625,0.008376017293,-0.045447420673000005,0.428141631185,0.277178523603,1.0,1.0,True,0.0,1.43,144,144,0.4621698178505333,0.9615498702061265
trial_0015_bite_008_transfer,trial_0015_bite_008,trial_0015,transfer,True,,-0.262521386,0.031997778,0.225653857,0.26724094155433425,0.8926384377830696,2.5492174333564925,-0.8915209432815963,-0.32748096539772586,0.3129642551354168,0.45118270388205906,-0.7034437236174955,0.5491822060307734,0.04030602198142308,0.630811497204455,0.7748885594630411,0,-0.122254126816,0.112056877625,0.008376017293,-0.050067856623,0.350196743151,0.26663951227500005,1.0,1.0,True,0.0,1.68,169,169,0.17999998046518056,0.6557605578953012
trial_0015_bite_008_withdrawal,trial_0015_bite_008,trial_0015,withdrawal,True,,-0.086945049,0.174607232,0.293214709,1.0998743145773489,0.08295384322353347,2.6175123181938296,-0.6618550172696049,-0.25125409076824273,0.7062714194891897,0.29547108900358265,-0.9533213077071357,-0.06225206691021462,0.6889446796935791,0.16748094262864832,0.7051988103918863,0,-0.122254126816,0.112056877625,0.008376017293,-0.050067856623,0.350196743151,0.26663951227500005,1.0,1.0,True,0.0,2.26,227,227,0.3886860256339312,0.7834744372750687
trial_0015_bite_009_transfer,trial_0015_bite_009,trial_0015,transfer,True,,-0.230411753,0.059299793,0.235156983,0.553914731407093,1.1564619025367018,2.3187553001323074,-0.7992138657175505,-0.24165422303836612,0.5503275691190957,0.58497788453495,-0.5230401768500954,0.6198627654615463,0.13805097409951195,0.8173323741834437,0.5593833378478763,0,-0.122254126816,0.112056877625,0.008376017293,-0.036790570461000004,0.49893890991,0.33069422134400006,1.0,1.0,True,0.0,1.57,158,158,0.1800000047770904,0.8622203157038152
trial_0015_bite_009_withdrawal,trial_0015_bite_009,trial_0015,withdrawal,True,,-0.060203377,0.321349829,0.356194258,1.491777568971229,0.03956734811949245,2.5362748240452606,-0.4713867952152423,-0.1567705456860401,0.867881031767606,0.1837665544271353,-0.9799337501790721,-0.07719908505907616,0.862568456860487,0.12309687756105336,0.49073701303655204,0,-0.122254126816,0.112056877625,0.008376017293,-0.036790570461000004,0.49893890991,0.33069422134400006,1.0,1.0,True,0.0,1.82,183,183,0.45011177742674036,1.1679170962758088
trial_0015_bite_010_transfer,trial_0015_bite_010,trial_0015,transfer,True,,-0.224029243,0.004216301,0.226938546,0.9361396589349775,0.5934334533443464,2.444795929153583,-0.6665083967942721,-0.2558360146576497,0.7002246001154345,0.5483872999429118,-0.8045314260631833,0.22803629916761858,0.5050127981190697,0.5359823859800166,0.6765241722622455,0,-0.122254126816,0.112056877625,0.008376017293,-0.021638070411,0.492625464445,0.31073772999099997,1.0,1.0,True,0.0,1.49,150,150,0.1799999707553233,0.787653282555449
trial_0015_bite_010_withdrawal,trial_0015_bite_010,trial_0015,withdrawal,True,,-0.026211681,0.302277803,0.322427392,1.7572561931576844,-0.1062655054804592,2.4760763179646212,-0.32734380768313553,-0.1245307210066907,0.9366632965463418,0.04382327726118318,-0.9922115752120156,-0.11660064487549145,0.943888527285715,0.0028791562730717812,0.33025165937139417,0,-0.122254126816,0.112056877625,0.008376017293,-0.021638070411,0.492625464445,0.31073772999099997,1.0,1.0,True,0.0,1.3,131,131,0.43927441214660584,1.2066299354798589
trial_0015_bite_011_transfer,trial_0015_bite_011,trial_0015,transfer,True,,-0.265268356,-0.013860901,0.218058452,0.9986191336665499,0.5754218157109456,2.5717541200605885,-0.7035501813862901,-0.14904169550624458,0.694840784116723,0.43094296828141554,-0.8669455596988693,0.2503868099705278,0.5650710577972662,0.4755964355617462,0.6741681764373342,0,-0.122254126816,0.112056877625,0.008376017293,-0.044445427525,0.477582906889,0.304030116377,1.0,1.0,True,0.0,1.25,126,126,0.17999999087871765,0.3652442982481752
trial_0015_bite_011_withdrawal,trial_0015_bite_011,trial_0015,withdrawal,True,,-0.055588767,0.276088119,0.340822995,1.4346132795741453,0.027031427907023026,2.507179560871872,-0.4827750635099024,-0.20798067826995958,0.8506892943486342,0.22627379666886482,-0.9680293636727242,-0.10825580819724165,0.8460073327070321,0.1402254917400838,0.5144010152324593,0,-0.122254126816,0.112056877625,0.008376017293,-0.044445427525,0.477582906889,0.304030116377,1.0,1.0,True,0.0,1.23,124,124,0.4549170306037586,0.8387564458386696
trial_0015_bite_012_transfer,trial_0015_bite_012,trial_0015,transfer,True,,-0.271874517,-0.061262656,0.175018102,1.218068811142545,-0.16159291041372778,2.7027208291345426,-0.6509848465390452,-0.20073638663589172,0.7320680519302161,0.11207896067444739,-0.9792488078941018,-0.1688492783879041,0.7507709611796872,-0.02786889517627228,0.6599744605141797,0,-0.122254126816,0.112056877625,0.008376017293,-0.056614043872,0.46027392782300003,0.310796025427,1.0,1.0,True,0.0,1.57,158,158,0.18000008905382192,0.31037892428137825
trial_0015_bite_012_withdrawal,trial_0015_bite_012,trial_0015,withdrawal,True,,-0.066654362,0.271437556,0.347663105,1.5160747874124711,0.11056263553158055,2.4725682684358072,-0.4336293711919338,-0.16254539609773766,0.8863095185357754,0.24100241607593054,-0.9686840536391063,-0.05974144014730093,0.8682645932463516,0.18769709223304198,0.45922369024475296,0,-0.122254126816,0.112056877625,0.008376017293,-0.056614043872,0.46027392782300003,0.310796025427,1.0,1.0,True,0.0,1.28,129,129,0.5176048952102842,0.2631935027580651
trial_0015_bite_013_transfer,trial_0015_bite_013,trial_0015,transfer,True,,-0.175737813,0.022319797,0.169266582,1.5923993953804396,0.2538520276101985,2.58511170233767,-0.45041735012217304,0.006586196910409542,0.892793835506931,0.1672055895815815,-0.9816578769132488,0.09159750819126472,0.8770213803104207,0.1905372265580414,0.44105449070831837,0,-0.122254126816,0.112056877625,0.008376017293,-0.026595634857000002,0.461681673065,0.29313507507000003,1.0,1.0,True,0.0,1.45,146,146,0.17999994346459036,0.18930434698092397
trial_0015_bite_013_withdrawal,trial_0015_bite_013,trial_0015,withdrawal,True,,-0.017198857,0.281172335,0.30229035,1.8980802966431063,-0.017136586284840837,2.4893391062947816,-0.2647000226869549,-0.015486441523274164,0.9642064447609091,0.002210427236431445,-0.999878158832975,-0.015452556429685765,0.9643282698339597,-0.0019589838504670554,0.2647020029794176,0,-0.122254126816,0.112056877625,0.008376017293,-0.026595634857000002,0.461681673065,0.29313507507000003,1.0,1.0,True,0.0,1.82,183,183,0.5692943745451811,0.7089341993158593
trial_0015_bite_014_transfer,trial_0015_bite_014,trial_0015,transfer,True,,-0.236103997,0.032628581,0.235052913,0.929745167158091,0.5893422232570033,2.323917812721687,-0.6010429411930036,-0.33517229711567736,0.7255390506983509,0.6404210366651459,-0.7450780825159795,0.18633181894419276,0.4781299809035237,0.5766438954853434,0.662475312114108,0,-0.122254126816,0.112056877625,0.008376017293,-0.049321180396,0.45256618736000004,0.29582880865800004,1.0,1.0,True,0.0,1.15,116,116,0.180000007604441,0.5774941642903938
trial_0015_bite_014_withdrawal,trial_0015_bite_014,trial_0015,withdrawal,True,,-0.06046129,0.274845749,0.313300192,1.5281164951002078,0.018539671240383568,2.5490133318536725,-0.46071610577309413,-0.13836513907830106,0.8766959325610666,0.1511027247533105,-0.9855811224948791,-0.07614340124961544,0.8745905536040285,0.09739065288608068,0.47498044620491753,0,-0.122254126816,0.112056877625,0.008376017293,-0.049321180396,0.45256618736000004,0.29582880865800004,1.0,1.0,True,0.0,1.37,138,138,0.5618753544961304,0.5881411423823356
trial_0015_bite_015_transfer,trial_0015_bite_015,trial_0015,transfer,True,,-0.243567392,0.025554325,0.205288544,1.1693602684502489,0.7011836665496425,2.328623443839966,-0.545961791116989,-0.15569787632790263,0.8232155816961378,0.5843617246177422,-0.7748821175588173,0.2409960138453365,0.600372465592908,0.6126302924232074,0.5140399083372301,0,-0.122254126816,0.112056877625,0.008376017293,-0.021749167484,0.454593978888,0.27913016005600005,1.0,1.0,True,0.0,1.09,110,110,0.1799999777318206,0.38420126034344615
trial_0015_bite_015_withdrawal,trial_0015_bite_015,trial_0015,withdrawal,True,,-0.014619468,0.281893432,0.328387827,1.539437945932365,0.2655979859195142,2.5768392163145752,-0.47196679713112166,-0.01964570690674,0.8813974067388246,0.19901614231454628,-0.9763198128703702,0.08480682811543924,0.8588596611228326,0.21543831877569936,0.4647003478577063,0,-0.122254126816,0.112056877625,0.008376017293,-0.021749167484,0.454593978888,0.27913016005600005,1.0,1.0,True,0.0,1.68,169,169,0.5482062842267638,0.571321670590999
trial_0015_bite_016_transfer,trial_0015_bite_016,trial_0015,transfer,True,,-0.200785756,-0.026126958,0.153190106,1.6454178360049443,0.3953830376506371,2.273037943576631,-0.2945637729582429,-0.08478576986765675,0.9518632028230494,0.4012239133075012,-0.914985977203976,0.04266184372832427,0.8673243655350745,0.3944769128200457,0.30353980002817843,0,-0.122254126816,0.112056877625,0.008376017293,-0.047429648535,0.40628684854,0.25707901901499997,1.0,1.0,True,0.0,1.55,156,156,0.17999998285747495,0.35544715368764335
trial_0015_bite_016_withdrawal,trial_0015_bite_016,trial_0015,withdrawal,True,,-0.040075235,0.232631862,0.286912084,1.7615168706768969,0.04419719971026299,2.4910463800092226,-0.33071414314566955,-0.05695420013580965,0.942010814486923,0.09033494398951608,-0.9955043001358757,-0.02847430956830621,0.9393975481221126,0.07567963727364763,0.33437230609650154,0,-0.122254126816,0.112056877625,0.008376017293,-0.047429648535,0.40628684854,0.25707901901499997,1.0,1.0,True,0.0,1.55,156,156,0.4683724579243612,0.9328573181587774
trial_0015_bite_017_transfer,trial_0015_bite_017,trial_0015,transfer,True,,-0.17672123,-0.006431331,0.198033512,1.63148937747234,0.2603331133374844,2.3224538232774683,-0.3163097666957174,-0.13177445404839855,0.9394592193135087,0.33650594443988846,-0.9414944450181986,-0.018760579854917914,0.8869678014728153,0.31019945722086706,0.3421467753616274,0,-0.122254126816,0.112056877625,0.008376017293,-0.036324048764,0.420043703933,0.224424017293,1.0,1.0,True,0.0,1.59,160,160,0.17999986769344237,0.3199916095747821
trial_0015_bite_017_withdrawal,trial_0015_bite_017,trial_0015,withdrawal,True,,-0.018009678,0.240975857,0.26645869,1.8305214895562056,0.18887822528386053,2.4672686489212894,-0.2913153572153054,0.021950293917372743,0.9563752125852385,0.12388022605532573,-0.9904531566411906,0.06046680156898111,0.9485721123051217,0.1360908854275043,0.28581500775949026,0,-0.122254126816,0.112056877625,0.008376017293,-0.036324048764,0.420043703933,0.224424017293,1.0,1.0,True,0.0,1.77,178,178,0.3946525900366578,0.9020058398004436
trial_0015_bite_018_transfer,trial_0015_bite_018,trial_0015,transfer,True,,-0.134620503,0.001396882,0.144295216,-1.9968439867743388,-0.3942068901441965,-2.2983950511612137,-0.15243213591342175,0.22030819547205852,0.9634462844127416,0.11332786938492428,-0.964511841414612,0.2384820785544856,0.9817949062617638,0.14553764729045043,0.12205554169973101,0,-0.122254126816,0.112056877625,0.008376017293,-0.020981763974,0.430616888187,0.19988449461100002,1.0,1.0,True,0.0,1.5,151,151,0.17999991523378892,0.17946082884702197
trial_0015_bite_018_withdrawal,trial_0015_bite_018,trial_0015,withdrawal,True,,0.003240285,0.253439128,0.259948522,1.82805503600403,0.13842417330555665,2.4845262164616697,-0.2980183696866986,0.009691820574690452,0.9545109323330093,0.09639925767649665,-0.9945307743686492,0.04019604399833185,0.9496800695227331,0.10399330482124042,0.29545415567166067,0,-0.122254126816,0.112056877625,0.008376017293,-0.020981763974,0.430616888187,0.19988449461100002,1.0,1.0,True,0.0,1.77,178,178,0.49074024674213507,0.7513699393739969
trial_0015_bite_019_transfer,trial_0015_bite_019,trial_0015,transfer,True,,-0.184977353,0.02916589,0.140478164,2.0832340357602663,0.26093332845701545,2.0297302508798025,0.029803751273348302,-0.02667422890637041,0.9991997907937566,0.2785357512520678,-0.9598262914303041,-0.033931188508439604,0.9599633178848465,0.27932414108236264,-0.021176697667903595,0,-0.122254126816,0.112056877625,0.008376017293,-0.029400971847000003,0.43178472396400003,0.22286667580400002,1.0,1.0,True,0.0,1.84,185,185,0.17999960364033696,0.3068815005428504
trial_0015_bite_019_withdrawal,trial_0015_bite_019,trial_0015,withdrawal,True,,-0.030633241,0.245886952,0.283698499,1.7809089486745582,-0.018205150868303155,2.3595751319985063,-0.26328026189622433,-0.15442350030305788,0.9522798361038667,0.1397114828309145,-0.9828026061290659,-0.12074658981148825,0.9545492157353873,0.10125423418340684,0.28032726374523254,0,-0.122254126816,0.112056877625,0.008376017293,-0.029400971847000003,0.43178472396400003,0.22286667580400002,1.0,1.0,True,0.0,1.48,149,149,0.5022995790148529,0.30381610212070354
trial_0017_bite_001_transfer,trial_0017_bite_001,trial_0017,transfer,True,,-0.075689353,0.013342248,0.130985916,-2.0926196349687176,-0.33937603741223477,-2.1357301709279177,-0.028332562888580312,0.24981813747447712,0.9678781762540922,0.06251086111008058,-0.9659288999878135,0.2511448833076413,0.9976420490954863,0.06761847644775659,0.011750894410355886,0,-0.162647404574,0.12476932261000001,0.007669590298,-0.014590092758999999,0.535858689014,0.39200073249100004,1.0,1.0,True,0.0,2.18,219,219,0.18000001346806327,0.32858583248007306
trial_0017_bite_001_withdrawal,trial_0017_bite_001,trial_0017,withdrawal,True,,0.074361958,0.387813002,0.45381093,-1.85695461997434,-0.5661644766058287,-2.315944897934414,-0.2403804111507878,0.32086217352576185,0.916113924976202,0.13798050647643983,-0.9229081487507875,0.35944669813742813,0.960821855375638,0.21280980844340364,0.1775763150389108,0,-0.162647404574,0.12476932261000001,0.007669590298,-0.014590092758999999,0.535858689014,0.39200073249100004,1.0,1.0,True,0.0,1.28,129,129,0.46704490651355607,1.211761323100482
trial_0017_bite_002_transfer,trial_0017_bite_002,trial_0017,transfer,True,,-0.10867101,0.037916373,0.091059066,-2.0519632091110043,-0.10732582368915057,-1.9940589036389165,0.04588946644953833,0.24402654732233653,0.9686821981800409,-0.13864362583083595,-0.9587629848110022,0.24809571534546332,0.9892785764815974,-0.14568659223908514,-0.010164396504794879,0,-0.162647404574,0.12476932261000001,0.007669590298,-0.008543237178,0.544181228072,0.402616041954,1.0,1.0,True,0.0,1.66,167,167,0.17999991669235973,0.29823836911819634
trial_0017_bite_002_withdrawal,trial_0017_bite_002,trial_0017,withdrawal,True,,0.054626614,0.371115178,0.414275765,-1.889083393422941,-0.24944244956943498,-2.2353004198894197,-0.16052310441226364,0.262530853157649,0.9514777370438926,-0.04632936896917078,-0.9649201000534119,0.25842366393933913,0.9859441781971069,-0.002598394356323863,0.1670548587320976,0,-0.162647404574,0.12476932261000001,0.007669590298,-0.008543237178,0.544181228072,0.402616041954,1.0,1.0,True,0.0,0.89,90,90,0.4992091228517413,1.242650414518693
trial_0017_bite_003_transfer,trial_0017_bite_003,trial_0017,transfer,True,,-0.094120249,0.014843855,0.188596666,-2.0063622833996226,-0.01369906105706613,-2.147023562291151,-0.05671533823976761,0.15359376522269647,0.9865051067749542,-0.14099300167357037,-0.9794252237727387,0.14438561049078652,0.9883847145152665,-0.13090143743456656,0.07720407884392459,0,-0.162647404574,0.12476932261000001,0.007669590298,0.003184229002,0.517772002048,0.40271914760099997,1.0,1.0,True,0.0,1.82,183,183,0.17999995511883954,0.27570633380211057
trial_0017_bite_003_withdrawal,trial_0017_bite_003,trial_0017,withdrawal,True,,0.057554215,0.336833864,0.411688596,-1.8578357760826112,-0.2762229364908233,-2.300116163420596,-0.20820979458365874,0.24810950299039283,0.9460921498275373,-0.017051355333981777,-0.9680648856835365,0.2501192283447956,0.9779355463018538,0.03594511972969311,0.205791194289049,0,-0.162647404574,0.12476932261000001,0.007669590298,0.003184229002,0.517772002048,0.40271914760099997,1.0,1.0,True,0.0,0.99,100,100,0.4668170764334466,1.313631288956038
trial_0017_bite_004_transfer,trial_0017_bite_004,trial_0017,transfer,True,,-0.108423002,-0.01963862,0.10039711,-2.095687223736376,-0.14219676378267498,-2.1571760022511803,-0.026679887035292754,0.15883055471392016,0.9869453067506084,-0.027904203195613875,-0.9870303614776926,0.1580899141793482,0.999254491644547,-0.023322101330802314,0.03076589861703831,0,-0.162647404574,0.12476932261000001,0.007669590298,-0.028584088606,0.523209523964,0.396828700868,1.0,1.0,True,0.0,2.15,216,216,0.17999990817944417,0.32761799902262995
trial_0017_bite_004_withdrawal,trial_0017_bite_004,trial_0017,withdrawal,True,,0.042076569,0.335389376,0.410436571,-1.8940383140917174,-0.3096333779846667,-2.218681633197487,-0.15371528236671567,0.29102533066971187,0.9442859042024856,-0.021376787398207697,-0.9563993292119823,0.2912788286906582,0.9878839228003726,0.02458820838236986,0.15323437956637687,0,-0.162647404574,0.12476932261000001,0.007669590298,-0.028584088606,0.523209523964,0.396828700868,1.0,1.0,True,0.0,1.02,103,103,0.43360306344166083,1.3015794164641366
trial_0017_bite_005_transfer,trial_0017_bite_005,trial_0017,transfer,True,,-0.11680802,0.001577519,0.06855455,-2.2013891649434045,-0.21074539177815266,-2.074344510208191,0.05708902760670668,0.17540493325956724,0.982839738876653,0.02584424269584612,-0.9843750236187168,0.17417774827781224,0.9980345274820901,0.015457110462744172,-0.060730220563930425,0,-0.162647404574,0.12476932261000001,0.007669590298,0.017279870479,0.526907123436,0.395904207035,1.0,1.0,True,0.0,1.89,190,190,0.1799999480159339,0.21718845438355944
trial_0017_bite_005_withdrawal,trial_0017_bite_005,trial_0017,withdrawal,True,,0.066748805,0.335938394,0.405839741,-1.922302317177851,-0.26272431885381753,-2.2281255098636734,-0.1432543500450552,0.2550145411341464,0.9562665815573133,-0.025601058397200227,-0.966863916116854,0.2540054202573731,0.9893547275887007,0.011905944789151246,0.1450361040450472,0,-0.162647404574,0.12476932261000001,0.007669590298,0.017279870479,0.526907123436,0.395904207035,1.0,1.0,True,0.0,1.43,144,144,0.6809128867139228,0.2738580880841029
trial_0017_bite_006_transfer,trial_0017_bite_006,trial_0017,transfer,True,,-0.134979606,-0.019201914,0.087420374,1.975476975158956,0.20940204074047447,2.3154831012739034,-0.15906771380316873,0.019944874065962986,0.9870661904978442,0.15746222035186613,-0.9864850683864514,0.045308487200950764,0.9746297305065621,0.16263275146498396,0.15377736037413048,0,-0.162647404574,0.12476932261000001,0.007669590298,0.013982827231,0.524828942873,0.40706009601,1.0,1.0,True,0.0,1.84,185,185,0.17999987914365906,0.3352735387177389
trial_0017_bite_006_withdrawal,trial_0017_bite_006,trial_0017,withdrawal,True,,0.03134305,0.338744253,0.42772004,-1.7422571736734453,-0.16006335269293384,-2.568967947385568,-0.3712012116642548,0.08534251032731743,0.9246222560538013,0.030091896070967794,-0.9941387261469024,0.10383964062856127,0.9280647274031286,0.06636903725417748,0.36645738175688375,0,-0.162647404574,0.12476932261000001,0.007669590298,0.013982827231,0.524828942873,0.40706009601,1.0,1.0,True,0.0,1.18,119,119,0.40069232840378927,1.4140341555771772
trial_0017_bite_007_transfer,trial_0017_bite_007,trial_0017,transfer,True,,-0.138909504,-0.005240553,0.064278774,-2.1321672160835146,-0.11841685483982749,-2.251054133563456,-0.05518710170910554,0.08056385065471137,0.9952205030909653,0.024299133969229503,-0.9963359334269363,0.08200158443969868,0.9981803123150116,0.028708426114312846,0.0530272606943331,0,-0.162647404574,0.12476932261000001,0.007669590298,-0.02268391788,0.484803373656,0.390364809328,1.0,1.0,True,0.0,2.08,209,209,0.17999998778631868,0.29104030960245286
trial_0017_bite_007_withdrawal,trial_0017_bite_007,trial_0017,withdrawal,True,,0.009170825,0.307958603,0.417913377,-1.8464468432299745,-0.17951763415283686,-2.4409645216053444,-0.2727717479280714,0.13061079994959462,0.9531717539188791,0.010239858973329297,-0.9902916386247956,0.1386276154235651,0.9620242818247736,0.04757404130767656,0.2687861450543619,0,-0.162647404574,0.12476932261000001,0.007669590298,-0.02268391788,0.484803373656,0.390364809328,1.0,1.0,True,0.0,0.96,97,97,0.42092246261103694,1.1906296430315326
trial_0017_bite_008_transfer,trial_0017_bite_008,trial_0017,transfer,True,,-0.136716783,-0.004735086,0.069058947,-2.2754531620180076,-0.05206895326191406,-2.0975320020373243,0.08142759428130657,0.05617417728809412,0.995094974711241,-0.006731109952706094,-0.9983566727914477,0.056909103415845694,0.9966565301287922,-0.011332065072025,-0.08091566753626814,0,-0.162647404574,0.12476932261000001,0.007669590298,-0.0008410180980000001,0.48122385900400005,0.381503149267,1.0,1.0,True,0.0,1.93,194,194,0.18000006018569473,0.3154944967171759
trial_0017_bite_008_withdrawal,trial_0017_bite_008,trial_0017,withdrawal,True,,0.038474716,0.313641369,0.381874263,-1.9337853405452425,-0.12090247735333738,-2.280893855558303,-0.1585300783751471,0.1649301027002222,0.9734815229236063,-0.06109311153431107,-0.9856990325521614,0.15705110298495045,0.9854622498976945,-0.03457569159145535,0.16633903804443087,0,-0.162647404574,0.12476932261000001,0.007669590298,-0.0008410180980000001,0.48122385900400005,0.381503149267,1.0,1.0,True,0.0,1.05,106,106,0.37166301229659937,1.6155164931192514
trial_0017_bite_009_transfer,trial_0017_bite_009,trial_0017,transfer,True,,-0.12823014,0.009422958,0.047662977,-2.297574945458019,-0.06950105421224873,-2.0388817655733202,0.11936480810027517,0.07955016865363979,0.9896584326192355,-0.011973204273999005,-0.9965971649461265,0.08155202756986665,0.9927782657605864,-0.021583824696301324,-0.11800615892775157,0,-0.162647404574,0.12476932261000001,0.007669590298,0.019142906413,0.528632958191,0.40506272158,1.0,1.0,True,0.0,2.32,233,233,0.17999995000524402,0.32586000185167485
trial_0017_bite_009_withdrawal,trial_0017_bite_009,trial_0017,withdrawal,True,,0.046593882,0.346229345,0.422207892,-1.9018369566530575,-0.15745420307314537,-2.3915352098011797,-0.22517968879386646,0.12787912245977257,0.9658887295095726,-0.0001395918825961573,-0.9913535279409547,0.1312179985868151,0.9743172421079307,0.02941279785980233,0.22325052979389465,0,-0.162647404574,0.12476932261000001,0.007669590298,0.019142906413,0.528632958191,0.40506272158,1.0,1.0,True,0.0,1.07,108,108,0.38870037068839336,1.284006969597711
trial_0017_bite_010_transfer,trial_0017_bite_010,trial_0017,transfer,True,,-0.143840805,-0.011673919,0.093049839,-1.9455165210987273,-0.02351198445124066,-2.2643707615925543,-0.14366896735462625,0.1281439476998816,0.9812942252388657,-0.10774007321436752,-0.987712507807874,0.11320812048454637,0.9837435155786382,-0.08946021790589864,0.1557098743471688,0,-0.162647404574,0.12476932261000001,0.007669590298,-0.0012242661630000001,0.490096570815,0.388965829624,1.0,1.0,True,0.0,1.82,183,183,0.1799997421683615,0.23345594094432962
trial_0017_bite_010_withdrawal,trial_0017_bite_010,trial_0017,withdrawal,True,,0.022280313,0.308823705,0.415500045,-1.8013727960204162,-0.09354595460944656,-2.456046202367657,-0.29820807674842864,0.11212276470606469,0.94789262503549,-0.03969580163516817,-0.9936743869370351,0.10504977904712093,0.9536750947228018,-0.006300665042358378,0.3007725308692257,0,-0.162647404574,0.12476932261000001,0.007669590298,-0.0012242661630000001,0.490096570815,0.388965829624,1.0,1.0,True,0.0,1.05,106,106,0.391899714202404,1.5656666914583708
trial_0017_bite_011_transfer,trial_0017_bite_011,trial_0017,transfer,True,,-0.127333045,-0.006058824,0.069176704,2.133698761960327,0.2087577367377749,2.2885006893192332,-0.07403858691588613,0.08639398820503537,0.9935060978421458,0.09479199439355646,-0.9911199711752124,0.09325063290154442,0.9927400291347132,0.10108056954565925,0.06519166368435779,0,-0.162647404574,0.12476932261000001,0.007669590298,-0.017564462075000002,0.46871828432,0.36904463923499997,1.0,1.0,True,0.0,1.86,187,187,0.17999993966486663,0.22913010131093914
trial_0017_bite_011_withdrawal,trial_0017_bite_011,trial_0017,withdrawal,True,,0.013936179,0.295372784,0.386615664,-1.9199921945215757,-0.1514865331762897,-2.3605751297258757,-0.20294438028685355,0.13604135421187105,0.969693935452927,-0.010978447178028705,-0.9905557306368489,0.13667047303663657,0.9791287209593764,0.017090770804706557,0.20252124171492922,0,-0.162647404574,0.12476932261000001,0.007669590298,-0.017564462075000002,0.46871828432,0.36904463923499997,1.0,1.0,True,0.0,1.07,108,108,0.3647289363151858,1.4160637398391713
trial_0017_bite_012_transfer,trial_0017_bite_012,trial_0017,transfer,True,,-0.140278503,-0.004895064,0.076297037,2.158581198411942,0.16006019974520516,2.1649337023119886,-0.0040472553719964315,0.01694640544023918,0.999848208012901,0.13027781337156924,-0.9913260746606342,0.017329311615345108,0.991469268846532,0.13032817439293082,0.001804409135807962,0,-0.162647404574,0.12476932261000001,0.007669590298,0.00469880182,0.486184226751,0.369455982352,1.0,1.0,True,0.0,1.75,176,176,0.17999995713739225,0.3501868731408933
trial_0017_bite_012_withdrawal,trial_0017_bite_012,trial_0017,withdrawal,True,,0.043868233,0.316029638,0.397448301,-1.922640682616734,-0.2506997508958499,-2.2870412763870016,-0.17159472378301063,0.21558961200644775,0.961288910767591,-0.0022241846207587956,-0.975844065681277,0.21845688928804344,0.9851651149795171,0.03534796556444225,0.1679292040052889,0,-0.162647404574,0.12476932261000001,0.007669590298,0.00469880182,0.486184226751,0.369455982352,1.0,1.0,True,0.0,1.01,102,102,0.3934074174324651,1.3100097134471556
trial_0017_bite_013_transfer,trial_0017_bite_013,trial_0017,transfer,True,,-0.135109723,0.005051684,0.062641978,-2.1538946593733708,-0.0032053712241958804,-2.1435735367711617,0.007429841684697958,0.0738887958088689,0.997238809566924,-0.07090604990487631,-0.9947171477545826,0.07423023676289402,0.9974553270896034,-0.07126178370559771,-0.0021514282858359837,0,-0.162647404574,0.12476932261000001,0.007669590298,0.0017303981,0.496056876846,0.395128182961,1.0,1.0,True,0.0,2.92,293,293,0.18000000962224658,0.27777087322497174
trial_0017_bite_013_withdrawal,trial_0017_bite_013,trial_0017,withdrawal,True,,0.039039649,0.324524611,0.412903607,-1.849700433335715,-0.19921764073800707,-2.4073199549987248,-0.2576427358215391,0.15777329367537352,0.953272158662581,0.001075808751195173,-0.9865313613224448,0.16356868821022807,0.9662396510772696,0.043167822855783466,0.25400290501482115,0,-0.162647404574,0.12476932261000001,0.007669590298,0.0017303981,0.496056876846,0.395128182961,1.0,1.0,True,0.0,0.99,100,100,0.40997469126008806,1.497949067326085
trial_0017_bite_014_transfer,trial_0017_bite_014,trial_0017,transfer,True,,-0.133468479,-0.006917098,0.084248498,1.991897415677438,0.17336117445004945,2.422197103983811,-0.19558895854335295,0.06941430686698974,0.9782262587449297,0.07060654962737006,-0.9939064707617069,0.08464421142479983,0.9781409277019568,0.08562465404417036,0.1894960268031281,0,-0.162647404574,0.12476932261000001,0.007669590298,0.013924581846000001,0.505420409071,0.39631866994500003,1.0,1.0,True,0.0,2.31,232,232,0.179999974607365,0.5001358006058793
trial_0017_bite_014_withdrawal,trial_0017_bite_014,trial_0017,withdrawal,True,,0.029250998,0.32199049,0.40853557,-2.030893904335567,-0.09542263737028393,-2.339410914939143,-0.14079533774353042,0.07214129494925034,0.9874068596241017,0.008515581903383862,-0.9972165196252158,0.07407224751158895,0.9900020998636982,0.01883737109090866,0.1397891115783037,0,-0.162647404574,0.12476932261000001,0.007669590298,0.013924581846000001,0.505420409071,0.39631866994500003,1.0,1.0,True,0.0,1.48,149,149,0.4264871490628127,1.5437178152573534
trial_0017_bite_015_transfer,trial_0017_bite_015,trial_0017,transfer,True,,-0.13327831,-0.009885892,0.05993605,-2.2569915325182084,0.09304014519701462,-2.134810683444551,0.05491705861434665,-0.020440992184969444,0.9982816649180943,-0.06648654331146653,-0.9976463759485656,-0.016770453636850282,0.9962748898931664,-0.06545131316625574,-0.056146855416593214,0,-0.162647404574,0.12476932261000001,0.007669590298,0.018336300761000002,0.483503963011,0.385067926988,1.0,1.0,True,0.0,3.31,332,332,0.17999993291913424,0.266613900676234
trial_0017_bite_015_withdrawal,trial_0017_bite_015,trial_0017,withdrawal,True,,0.038007781,0.299627721,0.38997218,-1.9797508101349917,-0.07985684209870973,-2.3075976719289786,-0.14974853842699268,0.10989890192148848,0.9825973776656596,-0.04170970927393708,-0.9936208780879018,0.10477523934647556,0.9878439529557609,-0.02529391200029457,0.15337712549287852,0,-0.162647404574,0.12476932261000001,0.007669590298,0.018336300761000002,0.483503963011,0.385067926988,1.0,1.0,True,0.0,0.87,88,88,0.5746769973558812,0.26895803901530246
trial_0019_bite_001_transfer,trial_0019_bite_001,trial_0019,transfer,True,,-0.066759914,0.018234134,0.09725637,-2.3110320148813965,-0.5439368524940428,-2.04442278600048,0.08816857072689523,0.26164141102742233,0.9611295829239448,0.25057601446500166,-0.9396849369131377,0.23281726807388642,0.9640736300256387,0.22030885450687643,-0.14841173981547487,0,-0.162523844242,0.125300957649,0.007736046943,-0.007016691665,0.522632533974,0.357815739503,1.0,1.0,True,0.0,1.05,106,106,0.1799999215212545,0.5286860326469713
trial_0019_bite_001_withdrawal,trial_0019_bite_001,trial_0019,withdrawal,True,,0.023926316,0.327492297,0.359957129,-2.0147195316884856,-0.010477375199027288,-2.28903000208532,-0.12457686817590627,0.07363399089139111,0.9894739204753653,-0.06457303187069674,-0.9957300466401531,0.06596967313110325,0.9901065232945943,-0.055675035728818045,0.12879970079967573,0,-0.162523844242,0.125300957649,0.007736046943,-0.007016691665,0.522632533974,0.357815739503,1.0,1.0,True,0.0,0.9,91,91,0.5207610779155862,1.0998415005666011
trial_0019_bite_002_transfer,trial_0019_bite_002,trial_0019,transfer,True,,-0.175019234,-0.002195174,0.06455268,2.148884135928593,-0.023460158174513544,2.282918819323995,-0.06047441442603094,-0.01485442520496721,0.9980592122973762,-0.005659432038122858,-0.9998680876126117,-0.015224263624388251,0.9981537036092362,-0.006569126709771778,0.060382369491735186,0,-0.162523844242,0.125300957649,0.007736046943,-0.011657749766,0.532431402138,0.36907861970699996,1.0,1.0,True,0.0,1.23,124,124,0.17999983171104286,0.49122421394648685
trial_0019_bite_002_withdrawal,trial_0019_bite_002,trial_0019,withdrawal,True,,0.026988067,0.347830504,0.358617157,-2.0686443831006236,-0.0229902941175536,-2.2136160219870678,-0.0643539918317139,0.09180839937215067,0.9936950143479879,-0.0711500778497815,-0.9936470711692308,0.08719612593905872,0.9953874773962622,-0.06509005885335978,0.07047733026422347,0,-0.162523844242,0.125300957649,0.007736046943,-0.011657749766,0.532431402138,0.36907861970699996,1.0,1.0,True,0.0,1.01,102,102,0.4349924537612177,1.6770002105222894
trial_0019_bite_003_transfer,trial_0019_bite_003,trial_0019,transfer,True,,-0.174696043,0.011136536,0.065815628,-2.2164861685743973,0.20263996334687157,-2.0673965368997966,0.06727988619716768,-0.026546425039264816,0.9973809223315491,-0.16761877680488096,-0.9857388363831657,-0.014929571607995039,0.9835534365634294,-0.16617531033097982,-0.07077007602561192,0,-0.162523844242,0.125300957649,0.007736046943,-0.011833092304999999,0.529713755529,0.360004388356,1.0,1.0,True,0.0,1.14,115,115,0.17999994561584864,0.35637606902245106
trial_0019_bite_003_withdrawal,trial_0019_bite_003,trial_0019,withdrawal,True,,0.020803805,0.344698668,0.330023438,-2.027830644247582,0.10252981717713652,-2.1984025627573613,-0.07567570116429466,0.06288171693193373,0.9951477668813737,-0.1552313454450563,-0.98658468005062,0.05053611066092954,0.9849753385971703,-0.1506537711612566,0.08442170094402121,0,-0.162523844242,0.125300957649,0.007736046943,-0.011833092304999999,0.529713755529,0.360004388356,1.0,1.0,True,0.0,0.92,93,93,0.444185307649089,1.9280919786353554
trial_0019_bite_004_transfer,trial_0019_bite_004,trial_0019,transfer,True,,-0.156099945,-0.000223632,0.067858987,2.088849891291072,0.11887566330530873,2.261474314371918,-0.07961154894434498,0.007720396182237667,0.9967960657814977,0.09682767450994556,-0.9951813747643511,0.015441268443122366,0.9921120918140643,0.09774674830870755,0.07848038271693111,0,-0.162523844242,0.125300957649,0.007736046943,-0.011412154713,0.499772216745,0.36367671941600005,1.0,1.0,True,0.0,1.12,113,113,0.17999978284228604,0.49166380059184717
trial_0019_bite_004_withdrawal,trial_0019_bite_004,trial_0019,withdrawal,True,,0.01398069,0.318925261,0.341672629,-2.0342853336079574,0.06199317499451168,-2.253861715167553,-0.09949217582537885,0.05037083848336709,0.9937625901491839,-0.10492085862087563,-0.9936813386731567,0.03986239580082891,0.9894912432031879,-0.10030042773192083,0.10414847008479583,0,-0.162523844242,0.125300957649,0.007736046943,-0.011412154713,0.499772216745,0.36367671941600005,1.0,1.0,True,0.0,0.89,90,90,0.42174509135839505,1.743194770368224
trial_0019_bite_005_transfer,trial_0019_bite_005,trial_0019,transfer,True,,-0.165073395,0.013730574,0.071003363,2.034316863326182,0.16145458662771592,2.2395407059776624,-0.09495889698731427,-0.011081567857977231,0.9954195129375163,0.15374988477496088,-0.9881029936943536,0.0036669856753065652,0.9835363647647398,0.15339384833188618,0.09553296017236886,0,-0.162523844242,0.125300957649,0.007736046943,0.009189076757,0.5030285868959999,0.367741808868,1.0,1.0,True,0.0,1.27,128,128,0.18000001246571956,0.4387735256506496
trial_0019_bite_005_withdrawal,trial_0019_bite_005,trial_0019,withdrawal,True,,0.03044118,0.324309528,0.364104271,-1.967768132450215,-0.062454507609740695,-2.3495959416437526,-0.17414336709245856,0.08447209530882505,0.9810904916529557,-0.03223299021203668,-0.9962689460066256,0.08005761403413494,0.9841926244591008,-0.017681977745279298,0.17621641700852814,0,-0.162523844242,0.125300957649,0.007736046943,0.009189076757,0.5030285868959999,0.367741808868,1.0,1.0,True,0.0,1.55,156,156,0.5162221584676819,0.3384803761841684
trial_0019_bite_006_transfer,trial_0019_bite_006,trial_0019,transfer,True,,-0.164360985,0.006705759,0.093139328,2.07769436590321,-0.01684362109716499,2.268681532873807,-0.08658476752776641,-0.055457074387573926,0.9946997491366598,0.04068165818142572,-0.9978134533478381,-0.05208949035718692,0.995413522471828,0.03595587877431067,0.08865153163817753,0,-0.162523844242,0.125300957649,0.007736046943,-0.033861780128,0.490512551854,0.360392371544,1.0,1.0,True,0.0,1.09,110,110,0.18000001839464588,0.41967450926897903
trial_0019_bite_006_withdrawal,trial_0019_bite_006,trial_0019,withdrawal,True,,-0.002110582,0.302029967,0.353715211,-2.037707538455232,-0.021475464028459318,-2.2787657681615703,-0.10940356554532114,0.07230104621742801,0.99136442268312,-0.05360430065338656,-0.9963289349910365,0.06674752617953776,0.9925509754150825,-0.0458389792152058,0.11287758496298529,0,-0.162523844242,0.125300957649,0.007736046943,-0.033861780128,0.490512551854,0.360392371544,1.0,1.0,True,0.0,1.15,116,116,0.3848169454165947,1.9114972533398336
trial_0019_bite_007_transfer,trial_0019_bite_007,trial_0019,transfer,True,,-0.183425903,-0.005513971,0.098564349,1.883521507911184,0.07982351229102433,2.1854235845819776,-0.12960968903587766,-0.15578173164490067,0.9792514389030733,0.22680645673430233,-0.9660570142702518,-0.12366356117659633,0.965277244988016,0.2060725534004053,0.1605426517888096,0,-0.162523844242,0.125300957649,0.007736046943,-0.028052384698,0.47613672702300003,0.349306395757,1.0,1.0,True,0.0,1.18,119,119,0.1799998235335884,0.6435122458170656
trial_0019_bite_007_withdrawal,trial_0019_bite_007,trial_0019,withdrawal,True,,-0.012755174,0.280724943,0.332275867,-2.0463637934359933,0.10641414175889242,-2.242104172376233,-0.089252553417874,0.02967377387898095,0.9955668982304346,-0.12383064107599256,-0.9921314594352194,0.018469962903330014,0.9882813132095022,-0.1216331958912566,0.09222478852337346,0,-0.162523844242,0.125300957649,0.007736046943,-0.028052384698,0.47613672702300003,0.349306395757,1.0,1.0,True,0.0,1.07,108,108,0.36768425306409463,1.998836155434634
trial_0019_bite_008_transfer,trial_0019_bite_008,trial_0019,transfer,True,,-0.170093551,-0.000742161,0.063380495,2.1642160197329146,-0.06509904255991328,2.1594716283201034,0.0034831478080442485,-0.08903881585532532,0.9960220664987443,0.02887985139771354,-0.9956036935855948,-0.08910241019168623,0.9995768213922298,0.029075326134077928,-0.0008964070524632439,0,-0.162523844242,0.125300957649,0.007736046943,-0.030509460815,0.463667892172,0.345798763301,1.0,1.0,True,0.0,1.35,136,136,0.17999997343867374,0.34643493347671084
trial_0019_bite_008_withdrawal,trial_0019_bite_008,trial_0019,withdrawal,True,,-0.019195573,0.28179279,0.339168608,-2.065810057429123,0.011002194758665177,-2.29872736574706,-0.10572099496123749,0.03315118776983418,0.9938430811621395,-0.04266293688799089,-0.9986750860402215,0.028774056694310685,0.9934802187464514,-0.03935824274539329,0.10699525077075804,0,-0.162523844242,0.125300957649,0.007736046943,-0.030509460815,0.463667892172,0.345798763301,1.0,1.0,True,0.0,1.12,113,113,0.35007213314604957,1.9188786342749726
trial_0019_bite_009_transfer,trial_0019_bite_009,trial_0019,transfer,True,,-0.173125431,-0.001805534,0.076347806,1.9876595203539775,0.08910166795084172,2.1245904383833283,-0.053243721262241854,-0.12573086646395573,0.9906345720619547,0.2082345011618944,-0.9716305641684022,-0.11212688928018019,0.9766286390803856,0.2003142431082116,0.07791473118723177,0,-0.162523844242,0.125300957649,0.007736046943,-0.018468859234,0.53557945934,0.362101722962,1.0,1.0,True,0.0,1.32,133,133,0.1799997949836581,0.5626708856089105
trial_0019_bite_009_withdrawal,trial_0019_bite_009,trial_0019,withdrawal,True,,0.000280721,0.342193633,0.348686457,-2.0414786984636955,0.0387385274549747,-2.2648933259371398,-0.10128308789596309,0.051399772920841344,0.9935289625622117,-0.08534622501804001,-0.9954317513825413,0.04279778282407616,0.9911900715712545,-0.08045925480125116,0.10520717815528867,0,-0.162523844242,0.125300957649,0.007736046943,-0.018468859234,0.53557945934,0.362101722962,1.0,1.0,True,0.0,1.07,108,108,0.3843777382734807,2.03386372132648
trial_0019_bite_010_transfer,trial_0019_bite_010,trial_0019,transfer,True,,-0.179014727,-0.008363756,0.06337288,2.070835225390094,-0.04784847314399933,2.1310221604095987,-0.02150037430183184,-0.14340922050984845,0.9894299011944401,0.09885515624249169,-0.9851138558456796,-0.1406355186470712,0.9948695351598391,0.09478653118252517,0.03535705753071793,0,-0.162523844242,0.125300957649,0.007736046943,-0.026661223087,0.476464314197,0.34609655441000003,1.0,1.0,True,0.0,1.36,137,137,0.18000015556846755,0.33708245713618995
trial_0019_bite_010_withdrawal,trial_0019_bite_010,trial_0019,withdrawal,True,,-0.015062589,0.288462937,0.344969541,-2.0961681952719604,-0.015996042994122925,-2.298883999104166,-0.091821889837822,0.029443121799035472,0.995340064061192,-0.015589435748769642,-0.9994827724633754,0.028127513966923277,0.9956534085913861,-0.01293406848797557,0.09223339868346223,0,-0.162523844242,0.125300957649,0.007736046943,-0.026661223087,0.476464314197,0.34609655441000003,1.0,1.0,True,0.0,0.98,99,99,0.35261459238349735,1.6920774961721667
trial_0019_bite_011_transfer,trial_0019_bite_011,trial_0019,transfer,True,,-0.168079883,-0.018857054,0.091765337,2.2201974803685203,-0.17711282343422233,2.178175605536007,0.015982285178983938,-0.09940211729440034,0.9949189844594626,-0.06263957255115976,-0.9931910582624267,-0.09822324438832816,0.9979082375203975,-0.06075146800655534,-0.02209996886836843,0,-0.162523844242,0.125300957649,0.007736046943,-0.033942175768,0.47280882100500005,0.359536671086,1.0,1.0,True,0.0,1.97,198,198,0.1799998215377607,0.39772005963998625
trial_0019_bite_011_withdrawal,trial_0019_bite_011,trial_0019,withdrawal,True,,-0.018597189,0.290329725,0.355846852,-2.0269811624936813,-0.05585503981301341,-2.301843802793845,-0.12523051248741596,0.07949007677453176,0.9889381408543804,-0.03143091038234591,-0.9966026933297903,0.07612601080015216,0.991629677155074,-0.021549926732752245,0.12730351151141478,0,-0.162523844242,0.125300957649,0.007736046943,-0.033942175768,0.47280882100500005,0.359536671086,1.0,1.0,True,0.0,1.03,104,104,0.32931701039757016,1.4934700065971915
trial_0019_bite_012_transfer,trial_0019_bite_012,trial_0019,transfer,True,,-0.154972911,-0.007706691,0.088166982,2.074897479468564,-0.039050055202882794,2.160657799048666,-0.03512621111003684,-0.122693834463591,0.9918227524500907,0.0867745412753298,-0.9890615167803406,-0.11927906358882875,0.995608521598479,0.08187514280166286,0.045388684842128844,0,-0.162523844242,0.125300957649,0.007736046943,-0.012192010003000001,0.463939982638,0.344402872752,1.0,1.0,True,0.0,1.15,116,116,0.1799999295252711,0.3790681741164035
trial_0019_bite_012_withdrawal,trial_0019_bite_012,trial_0019,withdrawal,True,,-0.005597183,0.285177261,0.333142459,-2.0889072613816833,0.12958846308625777,-2.2434968002206976,-0.07148459097229169,-0.0037873965153533973,0.9974345135802949,-0.11108189299858073,-0.9937419765170787,-0.011734443138968428,0.9912369879606875,-0.11163574577869462,0.07061652754885839,0,-0.162523844242,0.125300957649,0.007736046943,-0.012192010003000001,0.463939982638,0.344402872752,1.0,1.0,True,0.0,1.12,113,113,0.3667146451899743,1.4822207301222283
trial_0019_bite_013_transfer,trial_0019_bite_013,trial_0019,transfer,True,,-0.150006518,0.014942002,0.064483702,2.224481944678302,0.08612680565987232,2.144175931683532,0.03656811431211598,0.0048833979757300534,0.9993192309967155,0.07528390158024773,-0.9971598910520948,0.0021179801298163645,0.9964913984468265,0.07515520009410764,-0.03683189813603216,0,-0.162523844242,0.125300957649,0.007736046943,-0.030787504938,0.468305822987,0.346576746631,1.0,1.0,True,0.0,1.39,140,140,0.17999993831595987,0.31117558504990683
trial_0019_bite_013_withdrawal,trial_0019_bite_013,trial_0019,withdrawal,True,,-0.011245375,0.281086981,0.345041543,-2.1002169088422757,-0.02968681367969806,-2.2360338897483403,-0.061224527248623595,0.06693839093255818,0.995876904583364,-0.04047584017373396,-0.9970944519191388,0.0645318550353437,0.9973029948944369,-0.03635802210561345,0.06375602405384787,0,-0.162523844242,0.125300957649,0.007736046943,-0.030787504938,0.468305822987,0.346576746631,1.0,1.0,True,0.0,1.12,113,113,0.36554425272283675,1.5230991408913344
trial_0019_bite_014_transfer,trial_0019_bite_014,trial_0019,transfer,True,,-0.146968886,0.032582264,0.13976866,-2.144644496594587,-0.0456456830645367,-2.269811305680284,-0.056773103107994924,0.03352576479984937,0.9978240515532155,0.006617405071221938,-0.9994014455472506,0.03395527334876583,0.9983651760321033,0.008530752173825096,0.0565172677483301,0,-0.162523844242,0.125300957649,0.007736046943,-0.040453711473,0.496214711966,0.35510138951,1.0,1.0,True,0.0,1.77,178,178,0.179999947028578,0.24950622055361704
trial_0019_bite_014_withdrawal,trial_0019_bite_014,trial_0019,withdrawal,True,,-0.023738828,0.299099475,0.360670686,-2.0228388868363685,-0.05273414538054569,-2.339700180509836,-0.14408518141977844,0.05875266581332869,0.9878196114448512,-0.014186981493905848,-0.9982559668205504,0.057304051019623756,0.9894635870264863,-0.005757513959634697,0.14466741506532665,0,-0.162523844242,0.125300957649,0.007736046943,-0.040453711473,0.496214711966,0.35510138951,1.0,1.0,True,0.0,1.14,115,115,0.29040736341631823,1.8335923877135678
trial_0019_bite_015_transfer,trial_0019_bite_015,trial_0019,transfer,True,,-0.170082614,0.010612802,0.085571557,2.12815228649649,-0.022790313934771537,2.122776201436501,0.007053126533419336,-0.1061829614616047,0.9943215939027712,0.0848106968632164,-0.9907000806458529,-0.10639781908421064,0.9963721187908058,0.08507954456591882,0.0020179179310947926,0,-0.162523844242,0.125300957649,0.007736046943,-0.024400051651,0.479016490961,0.353603556466,1.0,1.0,True,0.0,1.29,130,130,0.17999978840450284,0.35062206479257085
trial_0019_bite_015_withdrawal,trial_0019_bite_015,trial_0019,withdrawal,True,,-0.019876473,0.285419941,0.341064841,-2.028513542878959,0.09774648325370491,-2.3340466666530877,-0.13959751508792562,-0.005436252671358402,0.9901934058244228,-0.07737330557111444,-0.9968676114944308,-0.016380987100533886,0.9871807865666125,-0.07890128205727753,0.13873962059715533,0,-0.162523844242,0.125300957649,0.007736046943,-0.024400051651,0.479016490961,0.353603556466,1.0,1.0,True,0.0,1.05,106,106,0.5421828595738817,0.5063229923176883
trial_0019_bite_016_transfer,trial_0019_bite_016,trial_0019,transfer,True,,-0.164074168,0.013732752,0.083832964,1.9626451030641316,0.027603250138453134,2.215577055600458,-0.1114908982793839,-0.12292301004764081,0.9861337197366715,0.14745296658184998,-0.9833823565747305,-0.10590922256225736,0.9827651816416109,0.13360042806202949,0.12776354477930926,0,-0.162523844242,0.125300957649,0.007736046943,-0.039113063597,0.467485982966,0.34531047582999996,1.0,1.0,True,0.0,1.5,151,151,0.17999995118517087,0.38945772647700816
trial_0019_bite_016_withdrawal,trial_0019_bite_016,trial_0019,withdrawal,True,,-0.02417648,0.279401988,0.340346247,-1.9859508868516087,-0.0019681065612354312,-2.3363459896049608,-0.1594330740302597,0.05810390178792664,0.9854973523568094,-0.05644348096985036,-0.9971699686253505,0.049660720169206654,0.9855938455374346,-0.04770733977845637,0.1622614599034381,0,-0.162523844242,0.125300957649,0.007736046943,-0.039113063597,0.467485982966,0.34531047582999996,1.0,1.0,True,0.0,0.98,99,99,0.30721398111663506,1.6840370038580434
trial_0019_bite_017_transfer,trial_0019_bite_017,trial_0019,transfer,True,,-0.160718352,0.019442724,0.07618849,2.0203644738176556,0.07134928086395374,2.139665036722025,-0.04753497585931625,-0.10998793048082281,0.9927955888392133,0.17588158934086656,-0.979311535505996,-0.10007288821563794,0.983262982421786,0.1698575037301399,0.06589640222030729,0,-0.162523844242,0.125300957649,0.007736046943,-0.022712981896,0.47954505084200005,0.356233250933,1.0,1.0,True,0.0,1.34,135,135,0.17999992520408242,0.3792928809937348
trial_0019_bite_017_withdrawal,trial_0019_bite_017,trial_0019,withdrawal,True,,-0.014520023,0.294764698,0.358480901,-2.0702217090676514,-0.01657600252004543,-2.351230717364924,-0.12660287803588532,0.01359873026379451,0.99186026526333,0.0003870092838058614,-0.9999052734472521,0.013758428550909127,0.9919534069183115,0.002125715782691273,0.12658562254682096,0,-0.162523844242,0.125300957649,0.007736046943,-0.022712981896,0.47954505084200005,0.356233250933,1.0,1.0,True,0.0,1.05,106,106,0.35919163095352324,1.5099447691292307
trial_0019_bite_018_transfer,trial_0019_bite_018,trial_0019,transfer,True,,-0.157492623,0.013055804,0.078246258,2.0797743502652457,0.03525501424753746,2.1334666409897083,-0.01891102008147049,-0.09902901055505423,0.9949048338348575,0.13184708370019077,-0.9866396602711577,-0.0957001948784321,0.9910896628656932,0.12936551259320211,0.03171504867196239,0,-0.162523844242,0.125300957649,0.007736046943,-0.084240162208,0.432366276255,0.339198762849,1.0,1.0,True,0.0,1.32,133,133,0.18000011495846124,0.30682084177779423
trial_0019_bite_018_withdrawal,trial_0019_bite_018,trial_0019,withdrawal,True,,-0.077235274,0.240257859,0.345452607,1.994556646269929,0.02072873670079756,2.406521809227615,-0.18554591626764463,-0.0037684040643609362,0.9826283692664324,0.020694459553290967,-0.9997858440429583,7.3451391751439e-05,0.9824176567530725,0.020348591649484105,0.18558416558986152,0,-0.162523844242,0.125300957649,0.007736046943,-0.084240162208,0.432366276255,0.339198762849,1.0,1.0,True,0.0,1.1,111,111,0.2978911407143422,1.5215034291745266
trial_0019_bite_019_transfer,trial_0019_bite_019,trial_0019,transfer,True,,-0.164416254,0.003986363,0.082845718,1.9037885455482573,0.10436450613823624,2.207435877344063,-0.13357296704872532,-0.12252732026822115,0.9834354672583705,0.21476431268621232,-0.9723256717516472,-0.0919732463770158,0.9674887867413345,0.19892170278930654,0.15619092063620038,0,-0.162523844242,0.125300957649,0.007736046943,-0.040087321198,0.408350186085,0.321283625745,1.0,1.0,True,0.0,1.42,143,143,0.17999995254267565,0.3224196599395494
trial_0019_bite_019_withdrawal,trial_0019_bite_019,trial_0019,withdrawal,True,,-0.052530296,0.231855169,0.336911738,1.9517710087025133,-0.007310134745822224,2.3693482509000248,-0.18995171606122113,-0.058439049536246276,0.9800526634088075,0.05239049433154591,-0.9974080420049638,-0.04931971053768097,0.9803946050795533,0.041977079854660426,0.19252101988557502,0,-0.162523844242,0.125300957649,0.007736046943,-0.040087321198,0.408350186085,0.321283625745,1.0,1.0,True,0.0,0.96,97,97,0.2944084148430205,1.6477840438158475
trial_0019_bite_020_transfer,trial_0019_bite_020,trial_0019,transfer,True,,-0.15456301,0.028545234,0.085786663,1.9370348401860866,0.10607618599838668,2.1903550893093975,-0.11043025368804878,-0.11275807548956335,0.9874668477889691,0.20765020205627183,-0.974234551323219,-0.08802518159047275,0.9719498714730007,0.19532704733327677,0.13099920581316962,0,-0.162523844242,0.125300957649,0.007736046943,-0.046745258998,0.432794324577,0.32232579255500005,1.0,1.0,True,0.0,1.84,185,185,0.17999987992745764,0.2682397046323644
trial_0019_bite_020_withdrawal,trial_0019_bite_020,trial_0019,withdrawal,True,,-0.048829816,0.252901375,0.321984053,1.9596408714487137,-0.017604084654345556,2.4457520517389955,-0.21804166760561766,-0.012918406306277427,0.9758539572939526,-0.0011302479775381347,-0.9999083754001793,-0.013489378936170401,0.9759388063435487,-0.004044203639810728,0.21800708862247836,0,-0.162523844242,0.125300957649,0.007736046943,-0.046745258998,0.432794324577,0.32232579255500005,1.0,1.0,True,0.0,1.34,135,135,0.3070671026856671,1.3938340437919765
trial_0019_bite_021_transfer,trial_0019_bite_021,trial_0019,transfer,True,,-0.168622181,0.01934729,0.087398432,1.924333245192147,-0.03959973528705489,2.1880218131579983,-0.11335007367649519,-0.1870448900595305,0.9757899209871721,0.15161345213045146,-0.9738737660877985,-0.1690658122124501,0.9819191015203954,0.12877925620450786,0.13874718462294394,0,-0.162523844242,0.125300957649,0.007736046943,-0.034616940256,0.484891787201,0.34785821995800004,1.0,1.0,True,0.0,1.77,178,178,0.17999986791300135,0.5336128140217082
trial_0019_bite_021_withdrawal,trial_0019_bite_021,trial_0019,withdrawal,True,,-0.028085984,0.301280022,0.337643087,-2.070719225460552,0.07330949630632319,-2.2909877694660947,-0.10048909369397721,0.007196866450985315,0.9949121303722506,-0.07078955466096731,-0.9974912704640019,6.556686432983988e-05,0.9924166368010289,-0.07042279788107292,0.10074645670760113,0,-0.162523844242,0.125300957649,0.007736046943,-0.034616940256,0.484891787201,0.34785821995800004,1.0,1.0,True,0.0,1.15,116,116,0.31030006948331684,1.5698767662446687
trial_0019_bite_022_transfer,trial_0019_bite_022,trial_0019,transfer,True,,-0.161404505,0.021468949,0.099134803,2.051872164884576,-0.08612080769231344,2.1344700135543597,-0.0318936112738734,-0.1686668395289954,0.9851569899276011,0.08875028146193747,-0.9822428663051554,-0.16529470388690576,0.9955431608425314,0.08216111510887075,0.046296501635965596,0,-0.162523844242,0.125300957649,0.007736046943,-0.043564932833999995,0.463790042517,0.340177174698,1.0,1.0,True,0.0,1.39,140,140,0.17999990135802935,0.2794046940073797
trial_0019_bite_022_withdrawal,trial_0019_bite_022,trial_0019,withdrawal,True,,-0.040090661,0.272823244,0.343920648,2.0519059101716133,-0.04715458107758448,2.3630491987159483,-0.14040954560478122,-0.028547680933686426,0.9896818627298207,-0.01095747162735744,-0.999478211720288,-0.030384833584392118,0.990032874867595,-0.015110731607833772,0.1400234711456672,0,-0.162523844242,0.125300957649,0.007736046943,-0.043564932833999995,0.463790042517,0.340177174698,1.0,1.0,True,0.0,1.07,108,108,0.48061000384277974,0.9142040710232576
trial_0019_bite_023_transfer,trial_0019_bite_023,trial_0019,transfer,True,,-0.153060913,0.022321045,0.089019462,1.872156042391011,-0.004886937964220338,2.347941258740218,-0.2167928909116008,-0.11005905866806136,0.9699937350598153,0.10602028800426955,-0.9904017884279483,-0.08867917461396178,0.9704434764486198,0.08361400052516332,0.22638055997478118,0,-0.162523844242,0.125300957649,0.007736046943,-0.026067013585000003,0.49086054259100004,0.344943671612,1.0,1.0,True,0.0,1.39,140,140,0.17999984859764961,0.43736137597336994
trial_0019_bite_023_withdrawal,trial_0019_bite_023,trial_0019,withdrawal,True,,-0.007411418,0.308092028,0.332152456,-1.9208021041243863,0.05004017120494935,-2.357466469847666,-0.1992233450439586,0.05686427482494809,0.9783028738780895,-0.09832575493790924,-0.9944369286519861,0.03777884128841541,0.975008771604331,-0.08866594149862633,0.2037062741124488,0,-0.162523844242,0.125300957649,0.007736046943,-0.026067013585000003,0.49086054259100004,0.344943671612,1.0,1.0,True,0.0,1.12,113,113,0.3771564763132173,1.6648994027635182
trial_0019_bite_024_transfer,trial_0019_bite_024,trial_0019,transfer,True,,-0.146601871,0.023096444,0.057894923,-2.236435283835853,0.1734341933267834,-2.176915885878166,0.023866758301932772,-0.06839913017107468,0.997372516585452,-0.09038203831566072,-0.9937187570451615,-0.06598574881385959,0.9956211453148551,-0.08856969509070078,-0.029898898198373856,0,-0.162523844242,0.125300957649,0.007736046943,-0.020616638115000002,0.475024266232,0.331178959036,1.0,1.0,True,0.0,1.5,151,151,0.1799998480319907,0.3212094033782897
trial_0019_bite_024_withdrawal,trial_0019_bite_024,trial_0019,withdrawal,True,,-0.00726809,0.284328073,0.323177367,-2.067496417921005,0.04673981364671807,-2.2026215375858667,-0.059607256491138697,0.06638792751127749,0.9960118563824214,-0.10858005098992923,-0.9922969192117324,0.05964223880715169,0.9922990212131746,-0.10459190792629375,0.06635650153311069,0,-0.162523844242,0.125300957649,0.007736046943,-0.020616638115000002,0.475024266232,0.331178959036,1.0,1.0,True,0.0,1.12,113,113,0.29129989630233005,2.1778879217844804
trial_0019_bite_025_transfer,trial_0019_bite_025,trial_0019,transfer,True,,-0.163403153,0.012807791,0.086379781,2.054595419259264,-0.08860984447887169,2.181481257471243,-0.05521763119696216,-0.14441942938163507,0.987974717096586,0.06381453839592388,-0.9879718104702396,-0.1408524277585314,0.9964329971926419,0.05526961310919476,0.06376952228493246,0,-0.162523844242,0.125300957649,0.007736046943,-0.033220284704,0.50826942079,0.357465069114,1.0,1.0,True,0.0,2.83,284,284,0.1799999313723597,0.35459783856728666
trial_0019_bite_025_withdrawal,trial_0019_bite_025,trial_0019,withdrawal,True,,-0.014787341,0.297250658,0.349925429,-2.0362642730353646,0.006183597026944314,-2.218531955475149,-0.08092705661922672,0.09290818713390189,0.9923804110674699,-0.09843871969344092,-0.991523426394294,0.08480043264297354,0.9918470799332249,-0.09082600770049948,0.08938683545760062,0,-0.162523844242,0.125300957649,0.007736046943,-0.033220284704,0.50826942079,0.357465069114,1.0,1.0,True,0.0,1.07,108,108,0.6036452891896652,0.8001597926222677
trial_0019_bite_026_transfer,trial_0019_bite_026,trial_0019,transfer,True,,-0.184163436,0.031765848,0.075220004,1.9951084548980818,-0.019384654785719026,2.177575498741529,-0.07773297730031395,-0.14671564446593918,0.9861197208802657,0.12913701989155396,-0.9822616390034266,-0.1359621367728193,0.9885753458050416,0.11677582031930472,0.09530054278542266,0,-0.162523844242,0.125300957649,0.007736046943,-0.036081940342000005,0.488098568843,0.347682314973,1.0,1.0,True,0.0,1.48,149,149,0.1799999487283038,0.3827861546538461
trial_0019_bite_026_withdrawal,trial_0019_bite_026,trial_0019,withdrawal,True,,-0.032810293,0.282788187,0.361000806,-1.95808682967336,-0.04217599466629751,-2.3682263966868553,-0.18667651724375203,0.07015370952822426,0.9799134323751119,-0.03521752538199874,-0.9972838898613647,0.06468824413256077,0.9817899998552193,-0.022434350055552055,0.18864012330857277,0,-0.162523844242,0.125300957649,0.007736046943,-0.036081940342000005,0.488098568843,0.347682314973,1.0,1.0,True,0.0,1.19,120,120,0.5456235552403089,0.4316301456779827
trial_0020_bite_001_transfer,trial_0020_bite_001,trial_0020,transfer,True,,-0.040329989,0.01996048,0.093228154,-2.1234565764983797,-0.41031144820899373,-2.0158767609611674,0.03994916101227214,0.3230989145030796,0.9455216316834573,0.07219836611569858,-0.944736965242193,0.3197803346598963,0.9965899158955199,0.05549016085670849,-0.061068662859583844,0,-0.16652073239,0.125387471488,0.008801981893,-0.026043106672,0.419943621078,0.334707451519,1.0,1.0,True,0.0,1.25,126,126,0.17999997048067756,0.3185778947356923
trial_0020_bite_001_withdrawal,trial_0020_bite_001,trial_0020,withdrawal,True,,0.037196372,0.233209416,0.330603808,-1.9239415387623322,-0.2529053327693006,-2.180999974300962,-0.11740386387197177,0.2774992162690264,0.9535253104758193,-0.051930984163934435,-0.9605674097173851,0.2731545794465076,0.9917255193004246,-0.017448104736886905,0.12718513281588345,0,-0.16652073239,0.125387471488,0.008801981893,-0.026043106672,0.419943621078,0.334707451519,1.0,1.0,True,0.0,0.95,96,96,0.5299828215100874,0.22793903340457713
trial_0020_bite_002_transfer,trial_0020_bite_002,trial_0020,transfer,True,,-0.093648031,-0.008290102,0.073751532,-1.8549253286371599,-0.3757001533741145,-2.327374112416285,-0.22906595148213663,0.2637843102711321,0.9369880615708861,0.04444110215174296,-0.958744521463961,0.2807738075433296,0.9723958958732405,0.10595650153541042,0.20789286055864156,0,-0.16652073239,0.125387471488,0.008801981893,-0.020151576174999998,0.39740879043899996,0.321399945468,1.0,1.0,True,0.0,1.64,165,165,0.17999996153482833,0.4236767637003175
trial_0020_bite_002_withdrawal,trial_0020_bite_002,trial_0020,withdrawal,True,,0.042627815,0.210834458,0.308891267,-1.8788284898850918,-0.20831996511261577,-2.212582088276228,-0.15081270497961988,0.26560611662327593,0.952212643703618,-0.08320773825249983,-0.9632221857625805,0.2554985188795835,0.9850543133815688,-0.040699037667495,0.1673666275614891,0,-0.16652073239,0.125387471488,0.008801981893,-0.020151576174999998,0.39740879043899996,0.321399945468,1.0,1.0,True,0.0,1.12,113,113,0.291330046408639,1.8105204795671819
trial_0020_bite_003_transfer,trial_0020_bite_003,trial_0020,transfer,True,,-0.094695412,-0.000609689,0.074080758,-1.8913055560830512,-0.06346430002260636,-2.0654609364387566,-0.05712028781432148,0.2758179657854108,0.9595111893407013,-0.21638850441042623,-0.9416546613952617,0.2578032463558096,0.9746349510863173,-0.19290139559519337,0.11347142238642595,0,-0.16652073239,0.125387471488,0.008801981893,-0.00723631974,0.38559233531400006,0.32985583249,1.0,1.0,True,0.0,1.19,120,120,0.17999999064923983,0.11960578738401566
trial_0020_bite_003_withdrawal,trial_0020_bite_003,trial_0020,withdrawal,True,,0.044672355,0.207423344,0.315933734,-1.9614004507392517,-0.1787258915584709,-2.157661141450674,-0.08520310441788438,0.24247994353021735,0.9664077338179458,-0.08016495582559946,-0.9684586317601722,0.23592680735070143,0.993133430539439,-0.057370336889353446,0.10195407588795713,0,-0.16652073239,0.125387471488,0.008801981893,-0.00723631974,0.38559233531400006,0.32985583249,1.0,1.0,True,0.0,0.75,76,76,0.30141941201589856,1.8625272895870733
trial_0020_bite_004_transfer,trial_0020_bite_004,trial_0020,transfer,True,,-0.079806693,-0.003441322,0.077917308,-1.9485061238422512,-0.28782168739728803,-2.106449816857348,-0.06901855555705375,0.31881779083634554,0.9452997700386107,-0.05353763138622086,-0.9473775736883998,0.3156096559008197,0.9961777758082997,-0.02882618806767312,0.0824553810682851,0,-0.16652073239,0.125387471488,0.008801981893,-0.022595828021,0.384534078717,0.342477152119,1.0,1.0,True,0.0,1.5,151,151,0.17999989754913115,0.18295881222435434
trial_0020_bite_004_withdrawal,trial_0020_bite_004,trial_0020,withdrawal,True,,0.01878567,0.206360772,0.345293015,-1.9624747087718086,-0.23380243099356351,-2.2479515699397767,-0.1339963617529818,0.2128992261340185,0.9678423913781109,-0.009172444622773612,-0.9768746095872319,0.2136161590410129,0.990939373169018,0.01974630738465355,0.13285044993549924,0,-0.16652073239,0.125387471488,0.008801981893,-0.022595828021,0.384534078717,0.342477152119,1.0,1.0,True,0.0,0.96,97,97,0.27558788155093666,1.7734568401170658
trial_0020_bite_005_transfer,trial_0020_bite_005,trial_0020,transfer,True,,-0.084481031,-0.010250337,0.063627139,-1.9076095926435104,-0.3064876899869955,-2.2589921896063228,-0.16794056551601805,0.2592593237806559,0.9510944061905514,0.0035266564744688145,-0.9646331227317616,0.26357257297162345,0.9857908140920525,0.04761871020478936,0.161086713574277,0,-0.16652073239,0.125387471488,0.008801981893,-0.033940175416,0.398433464382,0.333129426236,1.0,1.0,True,0.0,1.47,148,148,0.1799999882856323,0.33619258567587346
trial_0020_bite_005_withdrawal,trial_0020_bite_005,trial_0020,withdrawal,True,,0.014512388,0.223819196,0.331700534,-1.9285910367740557,-0.1859534304142895,-2.2722539062041966,-0.15874936083113458,0.19774422029666136,0.9673137359590074,-0.03784319281953635,-0.9802366057074772,0.19417540932957447,0.9865933981093378,-0.005781018106688962,0.16309520727697827,0,-0.16652073239,0.125387471488,0.008801981893,-0.033940175416,0.398433464382,0.333129426236,1.0,1.0,True,0.0,1.03,104,104,0.25830217015481544,1.8888207004788675
trial_0020_bite_006_transfer,trial_0020_bite_006,trial_0020,transfer,True,,-0.095645495,0.009315643,0.085544668,-1.876257468945518,-0.19331099923350195,-2.198265343711176,-0.1434956242085112,0.26927079099759854,0.9523141534958606,-0.09893427580281394,-0.9613554277105693,0.25691973587640415,0.9846933608511751,-0.05734965324181224,0.1645904078877667,0,-0.16652073239,0.125387471488,0.008801981893,-0.046880299697,0.372960299682,0.32044245535599997,1.0,1.0,True,0.0,1.12,113,113,0.1799999863206019,0.1351708538970303
trial_0020_bite_006_withdrawal,trial_0020_bite_006,trial_0020,withdrawal,True,,0.001940859,0.184284866,0.325141698,-1.9077118309226453,-0.22483554203927344,-2.2905335847038857,-0.17864957093470765,0.21160893810332967,0.9608881246636498,-0.020731470341932234,-0.9771916559497488,0.21134491637995287,0.9836943310512195,0.01783605497213092,0.17896183448077604,0,-0.16652073239,0.125387471488,0.008801981893,-0.046880299697,0.372960299682,0.32044245535599997,1.0,1.0,True,0.0,0.87,88,88,0.2720667684995102,1.5999304748473384
trial_0020_bite_007_transfer,trial_0020_bite_007,trial_0020,transfer,True,,-0.107710794,-0.006238336,0.074972585,-1.700657025920813,-0.17197465208756138,-2.337555441400576,-0.29054032832421484,0.26507542764003594,0.9194135822787861,-0.12766661266810947,-0.9630105307668053,0.23730139831464847,0.9483077315023372,-0.0484327915124515,0.31363467773701786,0,-0.16652073239,0.125387471488,0.008801981893,-0.057613378330000006,0.36768364686500005,0.31896945849,1.0,1.0,True,0.0,1.12,113,113,0.17999996407363508,0.23168783020488198
trial_0020_bite_007_withdrawal,trial_0020_bite_007,trial_0020,withdrawal,True,,-0.001797606,0.184520185,0.318184078,-1.8512353021888508,-0.21326184623846048,-2.2247743503452657,-0.16925075299922576,0.27426259792274427,0.9466436552313982,-0.08943444543540091,-0.9608119298499322,0.2623774293412282,0.9815068326704901,-0.04025497284455698,0.1871466659666333,0,-0.16652073239,0.125387471488,0.008801981893,-0.057613378330000006,0.36768364686500005,0.31896945849,1.0,1.0,True,0.0,0.97,98,98,0.22897876528183586,1.769627931888248
trial_0020_bite_008_transfer,trial_0020_bite_008,trial_0020,transfer,True,,-0.097564541,-0.004805156,0.081650712,-1.9121459922099773,-0.22776456355036828,-2.308928348781206,-0.18560155871814754,0.19931733720557693,0.9621978281469317,-0.0074728087233773555,-0.9794695356939243,0.2014536814687493,0.9825966713413892,0.03019979696631797,0.18328053287792279,0,-0.16652073239,0.125387471488,0.008801981893,-0.038619946746,0.377252833866,0.338487891093,1.0,1.0,True,0.0,1.41,142,142,0.17999995237513644,0.27843557947635683
trial_0020_bite_008_withdrawal,trial_0020_bite_008,trial_0020,withdrawal,True,,0.011831648,0.200481087,0.311698526,-1.863938004794281,-0.12259045366908863,-2.1960782016734415,-0.14469934256722994,0.248807064744115,0.9576832173500949,-0.14067295179548905,-0.963210984910308,0.22898846953778784,0.9794249439818018,-0.10158564407204468,0.17437642049518162,0,-0.16652073239,0.125387471488,0.008801981893,-0.038619946746,0.377252833866,0.338487891093,1.0,1.0,True,0.0,0.99,100,100,0.21519600357913937,2.003667176026575
trial_0020_bite_009_transfer,trial_0020_bite_009,trial_0020,transfer,True,,-0.10569258,-0.008623471,0.093186237,-1.9402272974342378,-0.21556812898939332,-2.393446281238054,-0.20991272378403772,0.1286617123881691,0.9692176288940013,0.04659114143837778,-0.9888612645269821,0.14136005467446253,0.976609396807667,0.07483022974334647,0.20158006544180557,0,-0.16652073239,0.125387471488,0.008801981893,-0.047603221025,0.358052247101,0.310368635003,1.0,1.0,True,0.0,1.3,131,131,0.17999996987448239,0.34976562339461736
trial_0020_bite_009_withdrawal,trial_0020_bite_009,trial_0020,withdrawal,True,,0.001942164,0.185786635,0.293942958,-1.871909077655931,-0.1621309406632681,-2.169227982997652,-0.12799131772427608,0.27525311080130427,0.9528137003535415,-0.13055706041564968,-0.9570309278180742,0.2589336926228419,0.9831444840728283,-0.0912552913199059,0.1584278865708033,0,-0.16652073239,0.125387471488,0.008801981893,-0.047603221025,0.358052247101,0.310368635003,1.0,1.0,True,0.0,1.1,111,111,0.21665767525029386,1.7652351932346582
trial_0020_bite_010_transfer,trial_0020_bite_010,trial_0020,transfer,True,,-0.106053084,0.007581733,0.078738086,-1.9581063707206523,-0.12765683901685212,-2.1642603024519,-0.08818762060297258,0.2196911967155481,0.9715753813565247,-0.10395030691035156,-0.9720796474714104,0.21036989486402763,0.9906650681565539,-0.08244353860399656,0.10856235847116373,0,-0.16652073239,0.125387471488,0.008801981893,-0.044716584281000005,0.383010197446,0.309930403498,1.0,1.0,True,0.0,1.46,147,147,0.18000001625880388,0.11457011088103682
trial_0020_bite_010_withdrawal,trial_0020_bite_010,trial_0020,withdrawal,True,,0.009469293,0.204854101,0.303080678,-1.8810564050301866,-0.2374244916159513,-2.2064765422364534,-0.14818287972658462,0.27881919499090985,0.9488422896670226,-0.07057630758453093,-0.9599696386884432,0.2710669245852654,0.9864384516854919,-0.02679830780107678,0.16192909477709216,0,-0.16652073239,0.125387471488,0.008801981893,-0.044716584281000005,0.383010197446,0.309930403498,1.0,1.0,True,0.0,1.01,102,102,0.2348553320560171,1.8789488819740738
trial_0020_bite_011_transfer,trial_0020_bite_011,trial_0020,transfer,True,,-0.104661301,0.010031844,0.082255706,-1.8114420954892818,-0.31974487792206513,-2.418326352290861,-0.2857019262815667,0.20713383032609944,0.9356655308674362,0.04315532155965951,-0.9725903726927707,0.22848541565364794,0.9573463467001297,0.1056576702363653,0.2689320159076246,0,-0.16652073239,0.125387471488,0.008801981893,-0.036546840164000005,0.38513151277600005,0.32586962829,1.0,1.0,True,0.0,1.61,162,162,0.1799999412306913,0.30160761030183864
trial_0020_bite_011_withdrawal,trial_0020_bite_011,trial_0020,withdrawal,True,,0.018980332,0.208711699,0.313008219,-1.8064781796352343,-0.20401073591648294,-2.22859013209167,-0.18972373854289798,0.2909112860943595,0.937750247483962,-0.11581488402825313,-0.9550601610425449,0.2728497781324195,0.9749829822467817,-0.056839356191937807,0.21488944114790204,0,-0.16652073239,0.125387471488,0.008801981893,-0.036546840164000005,0.38513151277600005,0.32586962829,1.0,1.0,True,0.0,0.99,100,100,0.20632809975385732,2.1057287999477428
trial_0020_bite_012_transfer,trial_0020_bite_012,trial_0020,transfer,True,,-0.098765463,-0.003723661,0.090789333,-1.8522921726412285,-0.2581284174952423,-2.339154259692268,-0.22831122499681597,0.22022815340132337,0.9483530697951563,-0.008143437181606039,-0.9744781812591042,0.22433447947388305,0.9735541428042526,0.04349522616784518,0.22427772142878008,0,-0.16652073239,0.125387471488,0.008801981893,-0.06312036950000001,0.36475942308,0.32868084440600004,1.0,1.0,True,0.0,1.19,120,120,0.17999996775266422,0.19740180835008392
trial_0020_bite_012_withdrawal,trial_0020_bite_012,trial_0020,withdrawal,True,,-0.006685463,0.18256931,0.32427609,-1.8629950451617243,-0.25596298101815046,-2.2623831135334735,-0.18603935446723363,0.26166891704608697,0.9470579372146897,-0.043465368679001526,-0.9651333365927066,0.25812478440286973,0.9815804196880731,0.006857145860892588,0.1909263188657577,0,-0.16652073239,0.125387471488,0.008801981893,-0.06312036950000001,0.36475942308,0.32868084440600004,1.0,1.0,True,0.0,1.23,124,124,0.19636657501590624,1.802845967535074
trial_0020_bite_013_transfer,trial_0020_bite_013,trial_0020,transfer,True,,-0.105576828,-0.017177112,0.063338019,-2.0516521778206505,-0.020901880972226793,-1.9966259225266185,0.04589323433325604,0.20211598060805738,0.9782857156400049,-0.18159136303210172,-0.9613129064526489,0.20712815540071894,0.982302594883357,-0.18715401751072375,-0.00741524207422789,0,-0.16652073239,0.125387471488,0.008801981893,-0.045995460870000004,0.394075406267,0.334406449566,1.0,1.0,True,0.0,1.42,143,143,0.17999992392920613,0.15704165199678827
trial_0020_bite_013_withdrawal,trial_0020_bite_013,trial_0020,withdrawal,True,,0.002816322,0.219293445,0.322106212,-1.9300213545279046,-0.17020848144185857,-2.152358028434677,-0.0949982017491022,0.25789380166078424,0.9614916165673963,-0.10356385136497465,-0.9631790943090149,0.24811400802155306,0.990075689205068,-0.07600539027604519,0.11820875726483104,0,-0.16652073239,0.125387471488,0.008801981893,-0.045995460870000004,0.394075406267,0.334406449566,1.0,1.0,True,0.0,1.48,149,149,0.23822633593076165,1.9202274483602544
trial_0020_bite_014_transfer,trial_0020_bite_014,trial_0020,transfer,True,,-0.095061317,-0.016846806,0.084036894,-2.0409128421928644,-0.10778256700272218,-2.074208471904735,-0.004169354249284746,0.21336846798257428,0.9769629027531768,-0.11096043111278386,-0.97103703291127,0.2116007170170797,0.9938160791677749,-0.10752198652204248,0.02772405457260213,0,-0.16652073239,0.125387471488,0.008801981893,-0.07399128655500001,0.349589328483,0.318282042268,1.0,1.0,True,0.0,1.48,149,149,0.18000003439048906,0.16702336687247568
trial_0020_bite_014_withdrawal,trial_0020_bite_014,trial_0020,withdrawal,True,,-0.01901322,0.173354462,0.302742839,-1.8777239317238226,-0.17186006320237893,-2.207181512956262,-0.146720785059819,0.25524292315267855,0.9556798948455002,-0.10423727407075756,-0.9647457950519417,0.24166121249363737,0.9836704742573746,-0.06416074430734886,0.16815408696846718,0,-0.16652073239,0.125387471488,0.008801981893,-0.07399128655500001,0.349589328483,0.318282042268,1.0,1.0,True,0.0,1.16,117,117,0.16084908898185607,1.9499958615953716
trial_0020_bite_015_transfer,trial_0020_bite_015,trial_0020,transfer,True,,-0.110271454,-0.006276974,0.118419439,-1.8702161426594783,-0.43411137999991,-2.336980538238626,-0.23104743496870286,0.26716250035171313,0.9355433080302611,0.08663489580919986,-0.952091811512003,0.29328412381157243,0.969077642721424,0.1488132415399031,0.19683277552245804,0,-0.16652073239,0.125387471488,0.008801981893,-0.094153667719,0.370072924034,0.327253899766,1.0,1.0,True,0.0,3.22,323,323,0.17999995380607456,0.31667104182241645
trial_0020_bite_015_withdrawal,trial_0020_bite_015,trial_0020,withdrawal,True,,-0.026806314,0.194467008,0.32513845,-1.929138367638366,-0.32891855114820756,-2.1457371561553282,-0.10179782291994621,0.3221684682354585,0.9411932220981927,-0.025450547814522828,-0.946641898464738,0.3212808517279199,0.9944794984637442,0.008751808150053386,0.10456544835367322,0,-0.16652073239,0.125387471488,0.008801981893,-0.094153667719,0.370072924034,0.327253899766,1.0,1.0,True,0.0,1.03,104,104,0.1948402150936892,1.7349459818175073
trial_0020_bite_016_transfer,trial_0020_bite_016,trial_0020,transfer,True,,-0.108972371,-0.017918019,0.104476519,-1.914743092698446,-0.16077448251280804,-2.2127326099556424,-0.1335093023657149,0.22904226135160838,0.9642172518145284,-0.08725470963279924,-0.9718657485183446,0.21877747256921526,0.9871990082190703,-0.05492366859396214,0.1497381340856918,0,-0.16652073239,0.125387471488,0.008801981893,-0.062299825512,0.353064412185,0.327999372684,1.0,1.0,True,0.0,1.62,163,163,0.17999994096200778,0.28123310384684147
trial_0020_bite_016_withdrawal,trial_0020_bite_016,trial_0020,withdrawal,True,,-0.00234428,0.170244619,0.298901826,-1.8388022459599915,-0.11138778981647282,-2.1668043638325214,-0.13839328214493946,0.2728877475614578,0.9520396928111694,-0.17382522913557513,-0.9530604981541754,0.24791223562801473,0.9750036354666153,-0.13117912977661345,0.17933194567040867,0,-0.16652073239,0.125387471488,0.008801981893,-0.062299825512,0.353064412185,0.327999372684,1.0,1.0,True,0.0,0.94,95,95,0.4212920616482922,0.462446372286377
trial_0020_bite_017_transfer,trial_0020_bite_017,trial_0020,transfer,True,,-0.118424781,0.005934267,0.096795343,-1.9412327508186125,-0.14663486408757553,-2.16649779297672,-0.09710595704428186,0.2350310261966449,0.9671250435344265,-0.10256882481587615,-0.9689066941032436,0.2251653932064468,0.9899747821446789,-0.07733197816476511,0.11819346796976599,0,-0.16652073239,0.125387471488,0.008801981893,-0.07785197804400001,0.353676452104,0.32557441614099997,1.0,1.0,True,0.0,1.19,120,120,0.17999995563615362,0.19884760029694776
trial_0020_bite_017_withdrawal,trial_0020_bite_017,trial_0020,withdrawal,True,,-0.019577827,0.184206247,0.302208811,-1.8984014953782213,-0.16333724549380346,-2.1425577251019265,-0.10225373388297558,0.2764599629600862,0.9555700198243442,-0.12841177030895784,-0.9562363154703986,0.26291163196350975,0.9864352949652142,-0.09582274185027445,0.13327944699460076,0,-0.16652073239,0.125387471488,0.008801981893,-0.07785197804400001,0.353676452104,0.32557441614099997,1.0,1.0,True,0.0,1.03,104,104,0.21723259130359227,1.7003783612598422
trial_0020_bite_018_transfer,trial_0020_bite_018,trial_0020,transfer,True,,-0.108961798,-0.01799304,0.090414174,-2.005015676560152,-0.31988662379711735,-2.2144936450555552,-0.10404805606453162,0.24225217912524072,0.9646179988670461,0.04063556080243319,-0.9680369320274321,0.24749393816655135,0.9937417940428309,0.06494905649806831,0.0908783078217618,0,-0.16652073239,0.125387471488,0.008801981893,-0.059909088357000005,0.375900986097,0.31493086383700003,1.0,1.0,True,0.0,2.0,201,201,0.18000002043360963,0.22539145194750876
trial_0020_bite_018_withdrawal,trial_0020_bite_018,trial_0020,withdrawal,True,,-0.012950242,0.201435059,0.316278756,-1.9803100484012033,-0.2687544508099237,-2.171778341861055,-0.08964207581349232,0.26024671322537096,0.9613719085240842,-0.018048200427882855,-0.9655239551720936,0.259687801889408,0.9958105044159573,0.005927920734030534,0.091248556430269,0,-0.16652073239,0.125387471488,0.008801981893,-0.059909088357000005,0.375900986097,0.31493086383700003,1.0,1.0,True,0.0,1.07,108,108,0.21884514266074864,1.6128273545878233
trial_0020_bite_019_transfer,trial_0020_bite_019,trial_0020,transfer,True,,-0.127165526,0.001834186,0.082997382,-2.0659410798513678,-0.4271959530685606,-2.250261857983091,-0.10190165057127253,0.22698340892142116,0.9685528306113517,0.14376144584832723,-0.960040648071644,0.24011372459269503,0.9843519189286162,0.16370854016998942,0.0651982636038891,0,-0.16652073239,0.125387471488,0.008801981893,-0.07919515853299999,0.322528208074,0.304054668077,1.0,1.0,True,0.0,0.99,100,100,0.1799999674794139,0.3135045768938039
trial_0020_bite_019_withdrawal,trial_0020_bite_019,trial_0020,withdrawal,True,,-0.0311771,0.139599681,0.292838097,-2.0020290753916012,-0.161848630137475,-2.1628590043530256,-0.07018089865141618,0.21205757995940447,0.9747339248462839,-0.06462785220397527,-0.9760569602001548,0.20769220294545238,0.9954385376224797,-0.04841893458756219,0.08220538053816542,0,-0.16652073239,0.125387471488,0.008801981893,-0.07919515853299999,0.322528208074,0.304054668077,1.0,1.0,True,0.0,0.89,90,90,0.19210140528257574,1.7106637628911623
