record_id,parent_bite_id,take,phase,generator,outer_fold,generation_status,rms_position_error_m,mean_position_error_m,p95_position_error_m,max_position_error_m,final_position_error_m,mean_orientation_error_rad,rms_orientation_error_rad,p95_orientation_error_rad,max_orientation_error_rad,final_orientation_error_rad,generated_path_length_m,gt_path_length_m,path_length_absolute_error_m,path_length_relative_error,translation_displacement_error_m,generated_duration_s,gt_duration_s,duration_error_s,retrieved_record_id,retrieval_context_distance,endpoint_anchor,generated_final_to_anchor_x_m,generated_final_to_anchor_y_m,generated_final_to_anchor_z_m,generated_final_to_anchor_norm_m,gt_final_to_anchor_x_m,gt_final_to_anchor_y_m,gt_final_to_anchor_z_m,gt_final_to_anchor_norm_m,final_to_anchor_vector_difference_x_m,final_to_anchor_vector_difference_y_m,final_to_anchor_vector_difference_z_m,final_to_anchor_vector_difference_norm_m,generated_position_first_derivative_rms_per_normalized_phase,generated_position_first_derivative_max_per_normalized_phase,generated_position_second_derivative_rms_per_normalized_phase2,generated_position_second_derivative_max_per_normalized_phase2,generated_angular_increment_mean_rad_per_normalized_phase,generated_angular_increment_max_rad_per_normalized_phase,gt_position_first_derivative_rms_per_normalized_phase,gt_position_first_derivative_max_per_normalized_phase,gt_position_second_derivative_rms_per_normalized_phase2,gt_position_second_derivative_max_per_normalized_phase2,gt_angular_increment_mean_rad_per_normalized_phase,gt_angular_increment_max_rad_per_normalized_phase
trial_0012_bite_001_transfer,trial_0012_bite_001,trial_0012,transfer,contextual_promp,trial_0012,SUCCESS,0.0463935708330787,0.0447107522338099,0.05564266936679683,0.05604731418420054,0.05348397870407137,0.16069746507404994,0.17206806440804742,0.23280006846501222,0.23484520729046235,0.21239043672884822,0.4723195942926935,0.49519336289562743,0.02287376860293394,0.04619158962305211,0.05348397870407137,1.415,1.43,-0.014999999999999902,,,mouth_proxy,-0.07085866264738794,0.1754488475742383,0.028115105879754132,0.19129481792754977,-0.04972080679499996,0.17173269168100014,-0.02087384403100001,0.17999998162493708,-0.021137855852387977,0.003716155893238149,0.04898894991075414,0.05348397870407137,0.5229386376203838,0.7830020762425314,1.6068810663286341,2.762020440382026,0.6012965603095158,1.181161967890428,0.5332758841643301,0.7215496261947266,1.8841837148544698,6.464089784738594,0.6627798509503205,2.785773858244991
trial_0012_bite_001_transfer,trial_0012_bite_001,trial_0012,transfer,retrieval,trial_0012,SUCCESS,0.05041032444131668,0.04550008671924318,0.07582940815389926,0.07646221181557385,0.05435231348996721,0.1899802389015335,0.20039262367968871,0.2822575869063794,0.3062489461103432,0.3062489461103432,0.5542677243794976,0.49519336289562743,0.05907436148387013,0.11929554374160971,0.0543523134899672,1.415,1.43,-0.014999999999999902,trial_0017_bite_001_transfer,2.846874573470764,mouth_proxy,-0.09715303029291608,0.14796377683377293,-0.03268048803938223,0.18000001346806346,-0.04972080679499996,0.17173269168100014,-0.02087384403100001,0.17999998162493708,-0.04743222349791612,-0.023768914847227207,-0.011806644008382217,0.05435231348996721,0.5747165165607354,0.8373689572930152,3.5910445946000267,7.402869725587791,0.775390379380695,1.9247738842435542,0.5332758841643301,0.7215496261947266,1.8841837148544698,6.464089784738594,0.6627798509503205,2.785773858244991
trial_0012_bite_001_withdrawal,trial_0012_bite_001,trial_0012,withdrawal,contextual_promp,trial_0012,SUCCESS,0.11714130022939201,0.09213906218380191,0.23362560881015967,0.23769043139385887,0.23765098146746716,0.5543697526498459,0.6908099259880068,1.1644124147466772,1.198449228555815,1.1965095591250865,0.5375309683457224,0.6294856321176437,0.0919546637719213,0.14607905102230517,0.23765098146746716,1.05,1.01,0.040000000000000036,,,plate,-0.02451770034343817,-0.07968035980485763,-0.18313756441725748,0.2012198918334053,-0.05616762824700004,0.14505437849500005,-0.11263530589000008,0.19204761731507583,0.03164992790356187,-0.22473473829985768,-0.0705022585272574,0.23765098146746716,0.6291333022825149,1.0538059368458377,3.0354234046433874,4.335009427298653,1.4126153305408906,2.5067508571248998,0.6860854459131888,1.002115620278806,3.057151561711698,7.902153964680691,0.7242954068919879,1.5131616118141353
trial_0012_bite_001_withdrawal,trial_0012_bite_001,trial_0012,withdrawal,retrieval,trial_0012,SUCCESS,0.12230308479216548,0.08831318415866665,0.265505304154976,0.2789467522747936,0.2789467522747936,0.5774201802131298,0.7228048780250717,1.2430250196849553,1.2736619443957868,1.2736619443957868,0.5729910773558862,0.6294856321176437,0.056494554761757576,0.08974717114941137,0.2789467522747936,1.05,1.01,0.040000000000000036,trial_0017_bite_009_withdrawal,1.788301649369009,plate,-0.05444071094531479,-0.12098969981589722,-0.1964735832875788,0.23707418121683643,-0.05616762824700004,0.14505437849500005,-0.11263530589000008,0.19204761731507583,0.0017269173016852546,-0.26604407831089727,-0.08383827739757872,0.2789467522747936,0.6597253523867195,1.1685872590862232,4.398255700544366,9.349934716812706,1.7179813971924442,4.064859984863993,0.6860854459131888,1.002115620278806,3.057151561711698,7.902153964680691,0.7242954068919879,1.5131616118141353
trial_0012_bite_002_transfer,trial_0012_bite_002,trial_0012,transfer,contextual_promp,trial_0012,SUCCESS,0.07617193159089745,0.06695023644542676,0.12801883406796377,0.12965948606506086,0.02911256441409682,0.15588761846502158,0.1644268888818362,0.19776282841269346,0.20434821741570347,0.1699527293959509,0.5904485168775665,0.6321937973381447,0.04174528046057824,0.06603241068853721,0.02911256441409682,1.415,1.87,-0.45500000000000007,,,mouth_proxy,-0.047994728015598384,0.1903957268403222,-0.004375790887623632,0.196400545473372,-0.052578377792000155,0.1703298759099997,-0.024964457380000082,0.17999993491952165,0.004583649776401771,0.020065850930322482,0.02058866649237645,0.02911256441409682,0.6465271691130677,0.9466927146546397,1.9620244312918458,2.6435066758278847,0.5441461712142431,0.9196932855818976,0.7028523290291534,1.442745254614485,5.4162205343530605,17.822684804054816,0.8103116311384411,2.769566929611396
trial_0012_bite_002_transfer,trial_0012_bite_002,trial_0012,transfer,retrieval,trial_0012,SUCCESS,0.09185512786552984,0.07911003764784354,0.16486997902209263,0.1679598371655461,0.03672739015390318,0.3062549522529575,0.32137943681147213,0.4328847607013716,0.44168045909717313,0.2273745778923056,0.6293945615928447,0.6321937973381447,0.002799235745300055,0.004427812732561204,0.03672739015390318,1.415,1.87,-0.45500000000000007,trial_0017_bite_014_transfer,2.271474571853915,mouth_proxy,-0.07654081736604267,0.16290498151548827,0.0018604120587826234,0.1799999746073647,-0.052578377792000155,0.1703298759099997,-0.024964457380000082,0.17999993491952165,-0.02396243957404251,-0.007424894394511439,0.026824869438782706,0.03672739015390318,0.7294749969927853,1.1940561473019837,5.491937986119124,24.933352596908502,1.0498807675726483,4.182795467902058,0.7028523290291534,1.442745254614485,5.4162205343530605,17.822684804054816,0.8103116311384411,2.769566929611396
trial_0012_bite_002_withdrawal,trial_0012_bite_002,trial_0012,withdrawal,contextual_promp,trial_0012,SUCCESS,0.07836856648271635,0.07248955861675359,0.11187778291744264,0.11388816883534426,0.07258491623915589,0.15815424892808308,0.17883155838640696,0.28528143405284057,0.2989596873834715,0.2519965238005528,0.5404817855984787,0.5629625088382652,0.02248072323978645,0.03993289586224469,0.07258491623915589,1.05,1.12,-0.07000000000000006,,,plate,-0.023258954109388635,-0.06376797104525675,-0.17629030638327592,0.18890633976180007,-0.015613060247000016,0.0038525544950000767,-0.20154055188999997,0.20218111653302137,-0.00764589386238862,-0.06762052554025683,0.025250245506724056,0.07258491623915589,0.6348033448063483,1.0578730603826996,2.956420569614305,4.226400783921305,1.2693431428010287,2.2906393303269352,0.664525382228482,1.153786620865612,3.903616476307851,7.871931823252754,1.659087059606182,3.7308153769444488
trial_0012_bite_002_withdrawal,trial_0012_bite_002,trial_0012,withdrawal,retrieval,trial_0012,SUCCESS,0.14042282500508887,0.12779396920196306,0.1882941277289193,0.18861989094647827,0.1379994835981747,0.5189127317251067,0.6010155116981486,0.8854195852962565,0.9092016500974572,0.5572012678748338,0.49193410548679456,0.5629625088382652,0.07102840335147059,0.12616897615090833,0.1379994835981747,1.05,1.12,-0.07000000000000006,trial_0017_bite_006_withdrawal,1.8316525815263545,plate,-0.004687490282486578,-0.13275655953358692,-0.18534057168513784,0.22802939323016438,-0.015613060247000016,0.0038525544950000767,-0.20154055188999997,0.20218111653302137,0.010925569964513437,-0.136609114028587,0.01619998020486213,0.1379994835981747,0.6457068501769502,1.2102874362357272,5.585614467368533,9.355844169700125,1.8310870085328022,5.293808812258357,0.664525382228482,1.153786620865612,3.903616476307851,7.871931823252754,1.659087059606182,3.7308153769444488
trial_0012_bite_003_transfer,trial_0012_bite_003,trial_0012,transfer,contextual_promp,trial_0012,SUCCESS,0.048240974169546286,0.04428839920440582,0.07298484626169431,0.07455589686951186,0.040761018440333995,0.2084410513761502,0.23280369894241293,0.30981647473089974,0.31365435036684125,0.2760801150662531,0.6028692083070832,0.6517517604964933,0.04888255218941007,0.07500179539549257,0.040761018440333995,1.415,1.45,-0.03499999999999992,,,mouth_proxy,-0.05624523451128931,0.18670090996736705,0.004710253222908467,0.195046001428629,-0.03503489730000002,0.17434991422500007,-0.027832566627999933,0.17999996773385402,-0.021210337211289287,0.012350995742366977,0.0325428198509084,0.040761018440333995,0.6648812160736622,1.0059203500968619,2.0425890637958677,2.760196015361776,0.6541801226776406,1.0328597900753003,0.743754482855985,1.2234082138042837,3.87327000041931,10.603589713956904,0.6895065541213987,2.077098359596508
trial_0012_bite_003_transfer,trial_0012_bite_003,trial_0012,transfer,retrieval,trial_0012,SUCCESS,0.042576351479871766,0.038891680694810825,0.06369153756806527,0.06551110411714046,0.03777548942209875,0.17309564764835222,0.1912962414135141,0.2821045420196429,0.28802762778246643,0.27681810424416997,0.6320856788307373,0.6517517604964933,0.019666081665756008,0.03017419032481742,0.03777548942209875,1.415,1.45,-0.03499999999999992,trial_0017_bite_006_transfer,1.7936831673933837,mouth_proxy,-0.06384330951217936,0.16824559080458845,-0.004172468942840957,0.1799998791436592,-0.03503489730000002,0.17434991422500007,-0.027832566627999933,0.17999996773385402,-0.028808412212179335,-0.006104323420411617,0.023660097685158976,0.03777548942209875,0.7611958107099833,1.3749130025383878,4.442930659172405,9.785033445876804,0.8579646873179138,2.095605711615491,0.743754482855985,1.2234082138042837,3.87327000041931,10.603589713956904,0.6895065541213987,2.077098359596508
trial_0012_bite_003_withdrawal,trial_0012_bite_003,trial_0012,withdrawal,contextual_promp,trial_0012,SUCCESS,0.10906185417887322,0.09078787320834374,0.1884099185132374,0.19026100616885744,0.19026100616885744,0.34250901844688686,0.43773580647593224,0.7326349776607477,0.7379083149269802,0.6086519813471077,0.5219299535920701,0.570119035992818,0.04818908240074793,0.08452459812507468,0.19026100616885744,1.05,0.98,0.07000000000000006,,,plate,-0.02238767379066986,-0.12458922060900932,-0.18951521670347382,0.2279028283981629,-0.016266953246999977,0.0653743974950001,-0.19821067788999996,0.2093463600003298,-0.006120720543669883,-0.1899636181040094,0.008695461186526143,0.19026100616885744,0.6033446692210711,1.0083384764986691,3.0997859301743347,4.351177689422062,1.6408205429979013,3.08671176682537,0.6278277097958335,0.9535745209967662,2.9653477284748004,5.606629505204831,1.8449083605185728,4.582207907683574
trial_0012_bite_003_withdrawal,trial_0012_bite_003,trial_0012,withdrawal,retrieval,trial_0012,SUCCESS,0.13503678470896613,0.12266128165353539,0.19105293595116288,0.19350119877572575,0.13264131994397643,0.6139400672790177,0.7158148101347701,1.0736658098883063,1.0861514425985355,0.7211752468185968,0.555123603673864,0.570119035992818,0.01499543231895395,0.02630228315888553,0.13264131994397643,1.05,0.98,0.07000000000000006,trial_0017_bite_014_withdrawal,2.1504378643944566,plate,-0.008234134803736332,-0.06701487541387965,-0.19971865766308877,0.21082299855909922,-0.016266953246999977,0.0653743974950001,-0.19821067788999996,0.2093463600003298,0.008032818443263645,-0.13238927290887975,-0.0015079797730888078,0.13264131994397643,0.689453087355968,1.3019874330467571,7.369679966001398,17.322319172584045,2.164033175932472,6.5907311080981135,0.6278277097958335,0.9535745209967662,2.9653477284748004,5.606629505204831,1.8449083605185728,4.582207907683574
trial_0012_bite_004_transfer,trial_0012_bite_004,trial_0012,transfer,contextual_promp,trial_0012,SUCCESS,0.06465309156750379,0.05785884081258381,0.09409728634711635,0.09434607508533539,0.04307654609587359,0.19880734112832665,0.21514663073037749,0.28487122084744604,0.2908872536317979,0.282095770384205,0.6162002979484926,0.6669121917794137,0.05071189383092112,0.07603983621234271,0.04307654609587359,1.415,1.46,-0.04499999999999993,,,mouth_proxy,-0.06181535229804809,0.18524869010724254,0.00855175407987141,0.19547723003977618,-0.044230307545,0.17213426978399993,-0.028520702058999925,0.1799998816264455,-0.01758504475304809,0.013114420323242615,0.037072456138871335,0.04307654609587359,0.682600835523961,1.04489865006,2.1489788494905224,2.9981487948370815,0.6803426470192804,1.1197929358592327,0.7589198578113835,1.1266559945190693,3.8005492464314194,7.61426004463882,0.8764184750629198,2.3203178381894105
trial_0012_bite_004_transfer,trial_0012_bite_004,trial_0012,transfer,retrieval,trial_0012,SUCCESS,0.03823085444013683,0.03510429579301101,0.061693646401360464,0.06437509206452789,0.032431507765026214,0.12444562116447482,0.13901523913431005,0.21854564883418617,0.22686494845782762,0.22686494845782762,0.6500099087387744,0.6669121917794137,0.016902283040639343,0.025344090644889426,0.032431507765026214,1.415,1.46,-0.04499999999999993,trial_0017_bite_006_transfer,1.8224927371634378,mouth_proxy,-0.07202852288819216,0.16438861110336778,-0.013719800355062428,0.17999987914365911,-0.044230307545,0.17213426978399993,-0.028520702058999925,0.1799998816264455,-0.027798215343192156,-0.00774565868063215,0.014800901703937497,0.032431507765026214,0.7806008601420604,1.406455586399465,4.4676931491533125,9.849623724154288,0.8579646873179136,2.095605711615487,0.7589198578113835,1.1266559945190693,3.8005492464314194,7.61426004463882,0.8764184750629198,2.3203178381894105
trial_0012_bite_004_withdrawal,trial_0012_bite_004,trial_0012,withdrawal,contextual_promp,trial_0012,SUCCESS,0.04506834708161526,0.040113773439735975,0.07157109218032276,0.07233800604562154,0.04295058472144228,0.29657053571714337,0.3557997972140092,0.5785924294760539,0.5863651932765633,0.25969084306857726,0.5362178806912397,0.5316328588670177,0.004585021824221935,0.008624413912249976,0.04295058472144228,1.05,1.39,-0.33999999999999986,,,plate,-0.013082165138729035,-0.0884675219600485,-0.19838169151450827,0.21760730919393806,0.008609686753000084,-0.052546529504999745,-0.20754130888999994,0.2142630611299553,-0.02169185189172912,-0.03592099245504876,0.009159617375491674,0.04295058472144228,0.6239394649781058,1.0512103182283137,3.006147801998374,4.3519090396007165,1.5134816224102827,2.615457971610836,0.6586221024231561,1.1134317470356203,4.431571458833911,7.921798318053386,2.129052764509066,5.243696799543888
trial_0012_bite_004_withdrawal,trial_0012_bite_004,trial_0012,withdrawal,retrieval,trial_0012,SUCCESS,0.06255091440245449,0.05732493528598981,0.08861072855047404,0.09008345493670156,0.09008345493670156,0.3184945143134762,0.3614504915488015,0.5655369914506945,0.5713818982206906,0.30082613281957665,0.5726072705975386,0.5316328588670177,0.040974411730520854,0.0770727599829757,0.09008345493670156,1.05,1.39,-0.33999999999999986,trial_0017_bite_009_withdrawal,1.9812291084930853,plate,-0.04712138254016174,-0.12258711990641621,-0.19737310034598676,0.23707418121683618,0.008609686753000084,-0.052546529504999745,-0.20754130888999994,0.2142630611299553,-0.05573106929316182,-0.07004059040141647,0.01016820854401318,0.09008345493670156,0.664229221892107,1.180235740291361,4.409396072204473,9.365284127642415,1.7179813971924442,4.064859984863996,0.6586221024231561,1.1134317470356203,4.431571458833911,7.921798318053386,2.129052764509066,5.243696799543888
trial_0012_bite_005_transfer,trial_0012_bite_005,trial_0012,transfer,contextual_promp,trial_0012,SUCCESS,0.05717728284818785,0.05369291047514642,0.0810704937369184,0.08178353332135921,0.040841173170930445,0.07925862040502098,0.08427266854245483,0.11238155225388258,0.12036723475632796,0.053138643535762344,0.5513927389096188,0.5937438120858515,0.042351073176232656,0.0713288666158073,0.04084117317093044,1.415,1.21,0.20500000000000007,,,mouth_proxy,-0.029553315720586386,0.19519945527737625,-0.02107394280835384,0.1985455536549606,-0.05870307168699992,0.16768585855399998,-0.02890306462500003,0.17999995813665642,0.029149755966413532,0.027513596723376277,0.00782912181664619,0.04084117317093044,0.5993804303938122,0.8574101680887468,1.8174554815207005,2.43189307067891,0.49947709757194153,1.004692813636153,0.6370763274180904,0.9073493496328328,2.265393865055885,5.218334445118908,0.6822364720177062,2.458197054898437
trial_0012_bite_005_transfer,trial_0012_bite_005,trial_0012,transfer,retrieval,trial_0012,SUCCESS,0.0725876307684048,0.060910399848969066,0.12330802518639926,0.1248084562818392,0.014522298840596054,0.12380809068862275,0.12924361807864226,0.15680276400962295,0.1614061743868804,0.15999508907066629,0.5726456212223116,0.5937438120858515,0.021098190863539923,0.03553416546678766,0.014522298840596054,1.415,1.21,0.20500000000000007,trial_0014_bite_001_transfer,3.0305156021610595,mouth_proxy,-0.06302302656423361,0.16793412423387288,-0.015040398300427416,0.1799999598348551,-0.05870307168699992,0.16768585855399998,-0.02890306462500003,0.17999995813665642,-0.004319954877233696,0.0002482656798729055,0.013862666324572614,0.014522298840596056,0.6513226119810873,1.0354129337668445,2.721400173341098,4.444210556197023,0.5792400814913526,1.6465638708677661,0.6370763274180904,0.9073493496328328,2.265393865055885,5.218334445118908,0.6822364720177062,2.458197054898437
trial_0012_bite_005_withdrawal,trial_0012_bite_005,trial_0012,withdrawal,contextual_promp,trial_0012,SUCCESS,0.07807223516652059,0.07093627196820905,0.10950881118800543,0.11117713051726169,0.06805598828228751,0.7542800125309075,0.8713963926758653,1.4343125736797802,1.4613724053589734,0.5446390662136182,0.5464329169555584,0.5423145727727087,0.004118344182849731,0.007594013492563448,0.0680559882822875,1.05,1.36,-0.31000000000000005,,,plate,-0.027788150869137995,-0.03436231281162658,-0.18601664669922874,0.19119399237349413,0.01852573875300023,-0.08399090050499988,-0.1908792028899999,0.20936223264931753,-0.04631388962213823,0.049628587693373305,0.004862556190771167,0.0680559882822875,0.6373313569527669,1.0518417168194951,2.910567823970154,4.236913088924745,1.1743001515070306,2.0619186955153,0.6669820217445244,1.2057739495732085,5.010921574605513,10.97881700029682,3.0058174822721178,8.270864946365048
trial_0012_bite_005_withdrawal,trial_0012_bite_005,trial_0012,withdrawal,retrieval,trial_0012,SUCCESS,0.11224977407734339,0.10244768126600057,0.16956216790114448,0.1703064852094086,0.07743348526965721,0.7821810719315101,0.9249920925448611,1.612124843507472,1.64460445158836,0.4662211448179197,0.5748222098998793,0.5423145727727087,0.03250763712717064,0.05994240014788433,0.07743348526965721,1.05,1.36,-0.31000000000000005,trial_0017_bite_002_withdrawal,2.024766197668729,plate,0.007257909846334121,-0.007425564882248742,-0.19347343759638158,0.1937518705058585,0.01852573875300023,-0.08399090050499988,-0.1908792028899999,0.20936223264931753,-0.01126782890666611,0.07656533562275114,-0.002594234706381676,0.07743348526965721,0.6758644711740696,1.150101695424296,3.897139081101126,7.968005446423387,1.6765093137138216,5.281634707415586,0.6669820217445244,1.2057739495732085,5.010921574605513,10.97881700029682,3.0058174822721178,8.270864946365048
trial_0012_bite_006_transfer,trial_0012_bite_006,trial_0012,transfer,contextual_promp,trial_0012,SUCCESS,0.06314503138046909,0.05488102839199603,0.10381315917176516,0.10494883141725385,0.03274688897488642,0.1207287899420216,0.13983929525784702,0.2539142576078525,0.2730459023727183,0.2730459023727183,0.5835696974983693,0.6264135772438579,0.042843879745488644,0.0683955158411419,0.03274688897488642,1.415,1.56,-0.14500000000000002,,,mouth_proxy,-0.05870360328106429,0.18754787452628446,0.010348012752093905,0.19679278351968352,-0.05125694159399995,0.17167698512599994,-0.017310997297000086,0.1799998108636236,-0.007446661687064343,0.015870889400284527,0.02765901004909399,0.03274688897488642,0.6373581610334162,0.925831120066493,1.941415997924608,2.6628805790420387,0.5370107636551213,1.0021572535880368,0.7306725552467975,1.25311384903994,3.603392847541664,8.777150463391264,0.893714896046894,1.7575375767967618
trial_0012_bite_006_transfer,trial_0012_bite_006,trial_0012,transfer,retrieval,trial_0012,SUCCESS,0.07401816296677668,0.06725622842350058,0.11655470536388975,0.11793887559095216,0.05637515921005166,0.2684360940458069,0.27643470531153874,0.3278049069285319,0.33835439164403197,0.3359589408595492,0.62706485238857,0.6264135772438579,0.0006512751447120824,0.0010396887429828905,0.05637515921005165,1.415,1.56,-0.14500000000000002,trial_0017_bite_014_transfer,2.459736371168339,mouth_proxy,-0.09201340322057353,0.15373858433326582,0.017261870513459954,0.17999997460736486,-0.05125694159399995,0.17167698512599994,-0.017310997297000086,0.1799998108636236,-0.04075646162657358,-0.01793840079273412,0.03457286781046004,0.05637515921005166,0.7265835972746136,1.1925687162536427,5.487289903758102,24.93358865594839,1.0498807675726483,4.182795467902061,0.7306725552467975,1.25311384903994,3.603392847541664,8.777150463391264,0.893714896046894,1.7575375767967618
trial_0012_bite_006_withdrawal,trial_0012_bite_006,trial_0012,withdrawal,contextual_promp,trial_0012,SUCCESS,0.06503465133975529,0.053908900648413464,0.11990370514594147,0.12378934925729243,0.022379489172477163,0.7688508116949121,0.9065407194674479,1.5668234964064818,1.6303020905519465,0.613667442123111,0.5421449662533004,0.5516098989100768,0.009464932656776393,0.01715874329934634,0.022379489172477163,1.05,1.3,-0.25,,,plate,-0.027367222818559023,-0.043248893760957335,-0.18191327241596628,0.1889758460159202,-0.018485184247000075,-0.05749146550499992,-0.19671530188999994,0.2057762878473415,-0.008882038571558948,0.014242571744042587,0.014802029474033668,0.022379489172477163,0.6363203691797218,1.0533222957410306,2.9333278378462775,4.281352294798413,1.2053070506755443,2.166192674531165,0.6881136109325794,1.254031711144256,6.052647790806533,12.36588470122558,3.0412699113954638,9.456352094382568
trial_0012_bite_006_withdrawal,trial_0012_bite_006,trial_0012,withdrawal,retrieval,trial_0012,SUCCESS,0.08181441343917292,0.06789042239691258,0.14491731695248158,0.15011838263945068,0.036717964108460295,0.8013239357601588,0.9947034412358898,1.8158442553554424,1.8848892798548968,0.39158234430824873,0.600289804573146,0.5516098989100768,0.04867990566306912,0.08825060202736662,0.036717964108460295,1.05,1.3,-0.25,trial_0017_bite_003_withdrawal,2.0772010845100675,plate,0.006086057026075786,-0.032837636112060226,-0.18502549064968069,0.1880153786946903,-0.018485184247000075,-0.05749146550499992,-0.19671530188999994,0.2057762878473415,0.02457124127307586,0.024653829392939697,0.011689811240319259,0.036717964108460295,0.7187557159449096,1.2982191787830788,4.943039306646302,10.700420289456995,1.813350760439084,4.388413016753394,0.6881136109325794,1.254031711144256,6.052647790806533,12.36588470122558,3.0412699113954638,9.456352094382568
trial_0012_bite_007_transfer,trial_0012_bite_007,trial_0012,transfer,contextual_promp,trial_0012,SUCCESS,0.05333159870328801,0.048130553871500975,0.08137132815495017,0.08165836684282178,0.0338087489917602,0.06418780486420603,0.07142094640485089,0.12069303520911855,0.12344649727661962,0.07446908342764544,0.587739434868899,0.6044434668557345,0.016704031986835455,0.027635391732709867,0.0338087489917602,1.415,1.32,0.09499999999999997,,,mouth_proxy,-0.049483259885507634,0.1936271613794115,-0.00866337186759436,0.2000378080385345,-0.06884764879100005,0.1662566383030002,-0.004315220855000024,0.1799996934855472,0.01936438890549242,0.0273705230764113,-0.004348151012594337,0.0338087489917602,0.6413420454474367,0.9316770763708973,1.9641257455037031,2.5309780418418066,0.5464797793532327,1.0511717195219836,0.6616390410490386,0.97550417562435,2.911356824677975,7.68110274546729,0.7726576540532448,2.4034501847434213
trial_0012_bite_007_transfer,trial_0012_bite_007,trial_0012,transfer,retrieval,trial_0012,SUCCESS,0.05154823416609308,0.04368991239504616,0.09169763319340128,0.09276588204560304,0.02687747420790125,0.17441825295600039,0.1832581922001795,0.27236839683038666,0.2791366867255348,0.14956449387463858,0.6347002950480879,0.6044434668557345,0.030256828192353424,0.05005733348355467,0.026877474207901226,1.415,1.32,0.09499999999999997,trial_0017_bite_014_transfer,3.058003440305384,mouth_proxy,-0.09249743741995758,0.1544150173164902,0.00046621512322603254,0.17999997460736508,-0.06884764879100005,0.1662566383030002,-0.004315220855000024,0.1799996934855472,-0.02364978862895753,-0.011841620986509982,0.004781435978226056,0.02687747420790125,0.7357082335735539,1.2057730093261079,5.5178546407120415,25.086000673641905,1.0498807675726483,4.182795467902061,0.6616390410490386,0.97550417562435,2.911356824677975,7.68110274546729,0.7726576540532448,2.4034501847434213
trial_0012_bite_007_withdrawal,trial_0012_bite_007,trial_0012,withdrawal,contextual_promp,trial_0012,SUCCESS,0.0800834127059006,0.06668139215913665,0.14085091909695738,0.14456867094534792,0.03955454915700679,0.5991043872043649,0.6922413448162297,1.1186475937833682,1.1567765669569663,0.6219266722756808,0.5336166970463455,0.5812996117290842,0.047682914682738664,0.08202812064660621,0.03955454915700679,1.05,1.39,-0.33999999999999986,,,plate,-0.041537654128486895,-0.0741448482594689,-0.1820081688717661,0.20087261826832148,-0.016386102246999906,-0.06726981550499986,-0.21175200388999993,0.22278384945133792,-0.02515155188148699,-0.006875032754469046,0.029743835018233827,0.03955454915700679,0.621116269983284,1.0379728577858176,2.9426615973444306,4.405075538470729,1.2905781281152422,2.5857597158634533,0.7425224134829864,1.4816633728516422,6.778491237444342,15.757604204957223,2.5051112598248846,8.536299897956699
trial_0012_bite_007_withdrawal,trial_0012_bite_007,trial_0012,withdrawal,retrieval,trial_0012,SUCCESS,0.06760241156073733,0.06240058329621557,0.09238113411810892,0.0943720876697601,0.05927390555890218,0.31788522697849336,0.3693734013738837,0.66263142358754,0.6865603229511267,0.3847199187847112,0.508207564473817,0.5812996117290842,0.07309204725526719,0.1257390264511855,0.05927390555890218,1.05,1.39,-0.33999999999999986,trial_0017_bite_006_withdrawal,2.567405125009086,plate,0.01597837259247961,-0.11453689899197797,-0.19652835560171525,0.22802939323016433,-0.016386102246999906,-0.06726981550499986,-0.21175200388999993,0.22278384945133792,0.03236447483947952,-0.04726708348697811,0.01522364828828468,0.05927390555890218,0.664844549169374,1.2600185036869909,5.61444365463001,9.374213930350903,1.8310870085328022,5.29380881225836,0.7425224134829864,1.4816633728516422,6.778491237444342,15.757604204957223,2.5051112598248846,8.536299897956699
trial_0012_bite_008_transfer,trial_0012_bite_008,trial_0012,transfer,contextual_promp,trial_0012,SUCCESS,0.09175677103107305,0.08030686551343037,0.14620592126678614,0.1477764101917266,0.057333173151383934,0.1822447632658122,0.20262652776088128,0.27676710807131355,0.27887984207758465,0.14216409648214504,0.6097582219716643,0.6423023425952944,0.0325441206236301,0.050667915194162215,0.05733317315138397,1.415,1.67,-0.2549999999999999,,,mouth_proxy,-0.021496514242732204,0.19449360076398514,-0.022377944425487795,0.19695337839051824,-0.06929864264400008,0.16589139150799992,-0.008814652435999992,0.1799998715175342,0.04780212840126788,0.028602209255985223,-0.013563291989487802,0.057333173151383934,0.6686102247064989,0.9875340800832915,2.0808259305553074,2.7890641875198416,0.5833602763232952,1.1054815527467485,0.7642544606855206,1.4003998143280911,4.675974068262961,13.422094909068495,1.0918925122521668,3.132140980547069
trial_0012_bite_008_transfer,trial_0012_bite_008,trial_0012,transfer,retrieval,trial_0012,SUCCESS,0.07974105605025002,0.06273148447446299,0.14839924178981456,0.15173241978493315,0.024358385133296055,0.1976976347030088,0.20709984870940812,0.2625142296311519,0.27412344861907334,0.13660684055019137,0.6511690748349979,0.6423023425952944,0.008866732239703468,0.013804608284435714,0.024358385133296055,1.415,1.67,-0.2549999999999999,trial_0017_bite_014_transfer,2.5137866672486684,mouth_proxy,-0.06010731759572434,0.16674498276181748,-0.0313562107701153,0.1799999746073648,-0.06929864264400008,0.16589139150799992,-0.008814652435999992,0.1799998715175342,0.009191325048275745,0.000853591253817565,-0.022541558334115308,0.024358385133296055,0.7511393365542782,1.2260253952311992,5.485581197695266,24.747278582321968,1.049880767572648,4.182795467902055,0.7642544606855206,1.4003998143280911,4.675974068262961,13.422094909068495,1.0918925122521668,3.132140980547069
trial_0012_bite_008_withdrawal,trial_0012_bite_008,trial_0012,withdrawal,contextual_promp,trial_0012,SUCCESS,0.06636877389629049,0.060733538991855004,0.09326553169613076,0.09442449986027648,0.06318829382132575,0.3263470108663498,0.3659126977411451,0.528138525937336,0.5793398457410479,0.5793398457410479,0.536011262768458,0.5004919846205349,0.035519278147923106,0.0709687252531192,0.06318829382132575,1.05,0.97,0.08000000000000007,,,plate,-0.053084023015816856,-0.030379736872093305,-0.15821007298138973,0.1696209571507544,-0.024193670246999976,-0.026004209504999903,-0.21423651989,0.21716085984030103,-0.02889035276881688,-0.004375527367093401,0.05602644690861028,0.06318829382132575,0.6283022895956601,1.032138410837165,2.785455955792922,4.005261395896171,1.01594616447671,1.984883902822845,0.5852802326136539,0.9467397680705504,3.266796550854729,7.816391064856059,1.7384629862347942,5.004588530096962
trial_0012_bite_008_withdrawal,trial_0012_bite_008,trial_0012,withdrawal,retrieval,trial_0012,SUCCESS,0.1008171239087943,0.0915214954208472,0.1386232529045181,0.13930805687118217,0.09907980758701722,0.2296937430023039,0.253695981035722,0.36887282628938317,0.39048783803104153,0.2575341816432649,0.5146997084067115,0.5004919846205349,0.01420772378617663,0.02838751513063431,0.09907980758701722,1.05,0.97,0.08000000000000007,trial_0017_bite_006_withdrawal,3.193709927893949,plate,0.025989074663376688,-0.10989805125498872,-0.19810196996853477,0.2280293932301644,-0.024193670246999976,-0.026004209504999903,-0.21423651989,0.21716085984030103,0.050182744910376664,-0.08389384174998882,0.016134549921465235,0.09907980758701722,0.667917119838667,1.2656998372589374,5.621017396171691,9.406155865084381,1.831087008532802,5.293808812258357,0.5852802326136539,0.9467397680705504,3.266796550854729,7.816391064856059,1.7384629862347942,5.004588530096962
trial_0012_bite_009_transfer,trial_0012_bite_009,trial_0012,transfer,contextual_promp,trial_0012,SUCCESS,0.07195998718435745,0.05829238011260849,0.14118461493487375,0.1484804004332172,0.06368908668849058,0.1711404791131295,0.19092723593039093,0.2935138317934203,0.29999991623668437,0.09782076537464529,0.5852889562414243,0.6548730281492253,0.06958407190780103,0.10625582199416063,0.06368908668849058,1.415,2.41,-0.9950000000000001,,,mouth_proxy,-0.02470823308277414,0.19865657498633532,-0.02246224411260117,0.2014435007091275,-0.0764184217200001,0.16231796586299996,-0.014597026932000046,0.17999991782034608,0.05171018863722596,0.036338609123335364,-0.007865217180601125,0.06368908668849058,0.6359267362186649,0.903722755238793,1.9589523327407758,2.9242302816449164,0.5062653772778489,0.9838879905795246,0.7424742998780451,1.4269420956792482,7.79128106405819,24.139495435785403,1.061974777730154,3.2260921704672163
trial_0012_bite_009_transfer,trial_0012_bite_009,trial_0012,transfer,retrieval,trial_0012,SUCCESS,0.07652448778515981,0.06269547348412119,0.13351389760384916,0.13957737050391306,0.0037376675457890833,0.2466555106144065,0.27924721411475767,0.42408058627833856,0.44267014816059413,0.02081688879779441,0.6305159103864494,0.6548730281492253,0.024357117762775937,0.03719364932712682,0.0037376675457890837,1.415,2.41,-0.9950000000000001,trial_0017_bite_014_transfer,3.2016130429861445,mouth_proxy,-0.07797347116043615,0.16184557117198228,-0.011231195210635647,0.17999997460736475,-0.0764184217200001,0.16231796586299996,-0.014597026932000046,0.17999991782034608,-0.0015550494404360515,-0.0004723946910176746,0.0033658317213643985,0.0037376675457890837,0.7313483599466609,1.2011000952159554,5.528613878042534,25.19739895202493,1.0498807675726483,4.182795467902056,0.7424742998780451,1.4269420956792482,7.79128106405819,24.139495435785403,1.061974777730154,3.2260921704672163
trial_0012_bite_009_withdrawal,trial_0012_bite_009,trial_0012,withdrawal,contextual_promp,trial_0012,SUCCESS,0.1567194796280628,0.13127063072253975,0.2268868120804468,0.22802717152843538,0.22513324045583208,0.4371938126081005,0.5390809693968628,0.8631415295930578,0.8811749233691013,0.4982775447985146,0.5391328934055949,0.771054215225709,0.23192132182011416,0.3007847142787804,0.22513324045583208,1.05,1.37,-0.32000000000000006,,,plate,-0.04421813890995359,-0.08111957152566238,-0.19105913411394052,0.21222445999821912,0.04460026775300005,0.124427933495,-0.21443625488999998,0.2519015719060214,-0.08881840666295364,-0.20554750502066238,0.023377120776059468,0.22513324045583208,0.6244702720982847,1.0439263140372932,3.060128105259333,4.549644617524298,1.3271768497804095,2.744268332958713,0.9488699061154887,1.8603940892772266,6.621410140329626,13.197814037618372,1.6959742957733455,6.362033070292841
trial_0012_bite_009_withdrawal,trial_0012_bite_009,trial_0012,withdrawal,retrieval,trial_0012,SUCCESS,0.1773154850159722,0.14903078027062128,0.2629169123878894,0.2650252875810909,0.24859253429420014,0.7667656000520915,0.9174164808197076,1.3535786409229604,1.372775541493706,0.81745976430647,0.5303056993674524,0.771054215225709,0.24074851585825663,0.31223292876724995,0.24859253429420014,1.05,1.37,-0.32000000000000006,trial_0017_bite_006_withdrawal,3.2787661346853496,plate,0.03851311745281008,-0.12271163658660292,-0.18829763197454316,0.22802939323016438,0.04460026775300005,0.124427933495,-0.21443625488999998,0.2519015719060214,-0.00608715030018997,-0.24713957008160292,0.02613862291545682,0.24859253429420014,0.6837306396878895,1.2705796659370416,5.6350949507976775,9.407345067824618,1.8310870085328022,5.293808812258365,0.9488699061154887,1.8603940892772266,6.621410140329626,13.197814037618372,1.6959742957733455,6.362033070292841
trial_0012_bite_010_transfer,trial_0012_bite_010,trial_0012,transfer,contextual_promp,trial_0012,SUCCESS,0.05908356423115539,0.05317724593796429,0.08221607251630392,0.08258348424894178,0.061834648249084204,0.1068207435827354,0.12431531481511472,0.19276948580041378,0.1985564348684665,0.1258624122660109,0.5914621150825233,0.6444185350606768,0.05295641997815348,0.08217705900276012,0.061834648249084204,1.415,1.51,-0.09499999999999997,,,mouth_proxy,-0.028139618876723786,0.1986171230238678,-0.030143828869417577,0.20285277944291086,-0.07677598274700007,0.16131165089599997,-0.02199953130100002,0.1799999433861697,0.048636363870276283,0.037305472127867834,-0.008144297568417558,0.061834648249084204,0.6451973734472313,0.9360908690734216,1.9193182124800214,2.692459809246238,0.5362893113698928,0.7833171848314467,0.7332055214992682,1.2214576341342664,3.2100954205600085,5.3745931682289685,0.8381448609289146,1.6339795163616937
trial_0012_bite_010_transfer,trial_0012_bite_010,trial_0012,transfer,retrieval,trial_0012,SUCCESS,0.06226644358861316,0.056855649962487466,0.09007572583808672,0.09057593872352672,0.042214217617194794,0.20392436059675093,0.22757142538345543,0.33140997108928666,0.3393178619769797,0.23997330776353967,0.5936717034613894,0.6444185350606768,0.05074683159928739,0.0787482495277843,0.042214217617194794,1.415,1.51,-0.09499999999999997,trial_0014_bite_001_transfer,2.697969418311747,mouth_proxy,-0.0430738576114352,0.17476967787035358,-0.0004336220844569638,0.17999995983485517,-0.07677598274700007,0.16131165089599997,-0.02199953130100002,0.1799999433861697,0.033702125135564864,0.01345802697435361,0.021565909216543055,0.042214217617194794,0.6732860304316941,1.0596138736360603,2.768594136009851,4.4700408337001605,0.5792400814913526,1.6465638708677655,0.7332055214992682,1.2214576341342664,3.2100954205600085,5.3745931682289685,0.8381448609289146,1.6339795163616937
trial_0012_bite_010_withdrawal,trial_0012_bite_010,trial_0012,withdrawal,contextual_promp,trial_0012,SUCCESS,0.07194811038152069,0.06486052279163565,0.10791905219528558,0.10919161755127277,0.08990253158120436,0.593357175919065,0.6649592250587196,1.083295771100957,1.0905693091236253,0.5251871356066588,0.547924563879907,0.5548864962834997,0.006961932403592774,0.012546588266649438,0.08990253158120436,1.05,0.98,0.07000000000000006,,,plate,-0.05820221014038075,-0.06917296227862899,-0.17296233389262508,0.19516240652648653,-0.006258990247000024,-0.01642373050500004,-0.22397101588999999,0.2246595865780304,-0.05194321989338073,-0.052749231773628946,0.051008681997374905,0.08990253158120436,0.636557855540194,1.0598049435830477,3.0481719626141506,4.323292615984957,1.1847189978901986,2.4309109554404693,0.6700427081979933,1.0767435152030467,4.751940201128408,10.755698735433562,2.3528224267603357,7.517110189651132
trial_0012_bite_010_withdrawal,trial_0012_bite_010,trial_0012,withdrawal,retrieval,trial_0012,SUCCESS,0.09451124659633686,0.08477086526225315,0.13016786344107198,0.13112757764606878,0.12969256324909648,0.35257216376676337,0.4162865987142149,0.7693517332447706,0.8049831414988736,0.3636504315221169,0.548747673673909,0.5548864962834997,0.006138822609590755,0.011063204188076582,0.12969256324909648,1.05,0.98,0.07000000000000006,trial_0017_bite_006_withdrawal,2.940049101497355,plate,0.04824366972386776,-0.12683960497675553,-0.1832530139392855,0.2280293932301645,-0.006258990247000024,-0.01642373050500004,-0.22397101588999999,0.2246595865780304,0.054502659970867784,-0.11041587447175549,0.04071800195071448,0.12969256324909648,0.6977126529708527,1.262182276996069,5.648094151744197,9.444975429685115,1.831087008532802,5.293808812258363,0.6700427081979933,1.0767435152030467,4.751940201128408,10.755698735433562,2.3528224267603357,7.517110189651132
trial_0012_bite_011_transfer,trial_0012_bite_011,trial_0012,transfer,contextual_promp,trial_0012,SUCCESS,0.07477843295734425,0.06616583086873937,0.11670050360806679,0.11763468741120102,0.03878001906836635,0.13290775521723025,0.1428838005737292,0.18294165968364814,0.1878384526429369,0.08955499666804936,0.5923355756903872,0.6224459199826687,0.030110344292281543,0.04837423352878581,0.03878001906836635,1.415,2.04,-0.625,,,mouth_proxy,-0.03583427635896297,0.19467977223396443,-0.019271620301380965,0.19888615946887658,-0.06262407847399998,0.16850242354200007,-0.009224591036999963,0.17999981951114613,0.02678980211503701,0.026177348691964364,-0.010047029264381002,0.03878001906836635,0.6467397877962776,0.9413055023313412,1.935275157489811,2.673479385585754,0.5524877692054315,0.8618736275960728,0.6995447526949286,1.1482973963850658,3.727665971069453,10.76400270259739,0.8892312640926964,6.357091720721616
trial_0012_bite_011_transfer,trial_0012_bite_011,trial_0012,transfer,retrieval,trial_0012,SUCCESS,0.07452654077535732,0.06044514430240633,0.12989439907573996,0.13089433475335072,0.007574425188365844,0.1484216897283146,0.16304157367249686,0.24061425034098946,0.2644143446495289,0.04632820398479498,0.6248912155463262,0.6224459199826687,0.002445295563657468,0.003928526937288872,0.007574425188365844,1.415,2.04,-0.625,trial_0017_bite_014_transfer,2.3712692978605947,mouth_proxy,-0.06413377552788033,0.16817721675034236,-0.0018092709304694532,0.17999997460736494,-0.06262407847399998,0.16850242354200007,-0.009224591036999963,0.17999981951114613,-0.001509697053880349,-0.00032520679165770616,0.00741532010653051,0.007574425188365844,0.7253128497683012,1.186556419628607,5.499875145671754,25.0082664147818,1.049880767572648,4.182795467902061,0.6995447526949286,1.1482973963850658,3.727665971069453,10.76400270259739,0.8892312640926964,6.357091720721616
trial_0012_bite_011_withdrawal,trial_0012_bite_011,trial_0012,withdrawal,contextual_promp,trial_0012,SUCCESS,0.19126562541139294,0.17177526368110949,0.29265223627639864,0.29625470132688947,0.18516119723316699,0.53385378534461,0.6096621670562195,0.9221686956522865,0.9255053491728799,0.9255053491728799,0.5279003051976673,0.6700048373376825,0.14210453214001517,0.2120947853222655,0.18516119723316696,1.05,1.74,-0.69,,,plate,-0.03519554364957381,-0.06191291681649483,-0.1725091355712624,0.18663155525542688,-0.04814051424700003,0.09170300249500016,-0.06994575988999989,0.1249774343837844,0.01294497059742622,-0.153615919311495,-0.10256337568126252,0.18516119723316699,0.6196602517736117,1.0278595563534954,2.911793267249421,4.062663850190984,1.1989101373194984,2.4480523579533697,1.0060570447300121,2.2868752546361426,9.114593341779386,19.077010571294252,1.6566519838492082,6.138416512602746
trial_0012_bite_011_withdrawal,trial_0012_bite_011,trial_0012,withdrawal,retrieval,trial_0012,SUCCESS,0.22110388107506776,0.20064251132571073,0.2690552305298358,0.2721683102767253,0.25380969387388025,0.8340983280968788,0.9597750740624127,1.3294765098455072,1.3349492035793018,1.326320187236658,0.49299911342718916,0.6700048373376825,0.1770057239104933,0.26418574023112973,0.25380969387388025,1.05,1.74,-0.69,trial_0017_bite_006_withdrawal,2.1664662154841565,plate,0.0052642939695568824,-0.12514284428322378,-0.1905491010491096,0.22802939323016427,-0.04814051424700003,0.09170300249500016,-0.06994575988999989,0.1249774343837844,0.05340480821655691,-0.21684584677822394,-0.12060334115910971,0.25380969387388025,0.6500303574148361,1.2178317175075495,5.592022666053396,9.380543931841736,1.8310870085328028,5.293808812258357,1.0060570447300121,2.2868752546361426,9.114593341779386,19.077010571294252,1.6566519838492082,6.138416512602746
trial_0012_bite_012_transfer,trial_0012_bite_012,trial_0012,transfer,contextual_promp,trial_0012,SUCCESS,0.04350733182641259,0.04089109603786814,0.05513016739849865,0.055436641130804716,0.0544587099097167,0.1069031167606203,0.11811263233406698,0.18593181003538947,0.19063729113340175,0.09654541642736032,0.6089190323610306,0.635229026220689,0.026309993859658376,0.04141812287166779,0.054458709909716733,1.415,1.79,-0.375,,,mouth_proxy,-0.029274193243292546,0.1983879678393875,-0.029388945477196615,0.20267825312487062,-0.07083750452000005,0.16404097907299986,-0.02173867728400003,0.17999990264416063,0.04156331127670751,0.03434698876638764,-0.0076502681931965855,0.0544587099097167,0.6670038265642474,0.9787872264191962,2.004314364671714,2.8689626892043307,0.5613096659364202,0.7452240438717996,0.7014307348230924,1.08881554451716,3.3061050811429213,6.94816230006641,0.8403941666314254,2.01616865004938
trial_0012_bite_012_transfer,trial_0012_bite_012,trial_0012,transfer,retrieval,trial_0012,SUCCESS,0.03552031485450531,0.032175661697185255,0.06033195586141025,0.06252837288700712,0.027018395504167247,0.14108048946788235,0.15716511544798772,0.23966244882876508,0.24384526645405225,0.1782254296813634,0.6463004778581184,0.635229026220689,0.011071451637429397,0.017429070745238574,0.027018395504167247,1.415,1.79,-0.375,trial_0017_bite_010_transfer,2.531911111949376,mouth_proxy,-0.04820471930268598,0.16978813711639096,-0.035329884123380395,0.17999974216836148,-0.07083750452000005,0.16404097907299986,-0.02173867728400003,0.17999990264416063,0.022632785217314072,0.0057471580433910985,-0.013591206839380365,0.027018395504167247,0.71729283655433,1.1438701985827184,4.71480102173531,13.391493307252373,0.8395199372949196,2.6883984261191465,0.7014307348230924,1.08881554451716,3.3061050811429213,6.94816230006641,0.8403941666314254,2.01616865004938
trial_0012_bite_012_withdrawal,trial_0012_bite_012,trial_0012,withdrawal,contextual_promp,trial_0012,SUCCESS,0.0913657326162943,0.08109530948591684,0.15676548854751077,0.16195347091168244,0.16195347091168244,0.2344665592346447,0.27935799691530316,0.4530075903790166,0.464851596537307,0.4274239618439241,0.5430300779669722,0.5586147079456892,0.015584629978717013,0.027898710429644136,0.16195347091168244,1.05,0.96,0.09000000000000008,,,plate,-0.04773341601224461,-0.07178847831354854,-0.17439018370952936,0.19453534588093815,0.06131709075300021,0.010337756495000211,-0.26152338788999996,0.2688143174037145,-0.10905050676524482,-0.08212623480854875,0.0871332041804706,0.16195347091168244,0.6316812397313614,1.0529308184786617,3.0053423587012555,4.332565652600814,1.2183145255167964,2.4589569798486717,0.6597765621603772,1.1346307094340051,3.701610031944215,6.227409737500397,1.916297743222586,4.981239526047416
trial_0012_bite_012_withdrawal,trial_0012_bite_012,trial_0012,withdrawal,retrieval,trial_0012,SUCCESS,0.11841281949439826,0.10819848131050251,0.16183575919900692,0.16261204269856447,0.1563854046528885,0.3124502542120791,0.356325706775795,0.48447414580051423,0.4878639939240003,0.3683949679313021,0.5302553589135427,0.5586147079456892,0.02835934903214654,0.05076727953769479,0.15638540465288847,1.05,0.96,0.09000000000000008,trial_0017_bite_006_withdrawal,2.5971999820430556,plate,0.03851203979345977,-0.1250928187219095,-0.1867244324454391,0.22802939323016427,0.06131709075300021,0.010337756495000211,-0.26152338788999996,0.2688143174037145,-0.02280505095954044,-0.1354305752169097,0.07479895544456086,0.15638540465288847,0.6835222898916917,1.2597156043429123,5.63260520127976,9.416192379437097,1.8310870085328022,5.293808812258354,0.6597765621603772,1.1346307094340051,3.701610031944215,6.227409737500397,1.916297743222586,4.981239526047416
trial_0012_bite_013_transfer,trial_0012_bite_013,trial_0012,transfer,contextual_promp,trial_0012,SUCCESS,0.05260311667758547,0.047249104986254155,0.06807938039532492,0.06914256376614461,0.06498292587785885,0.21071353501203668,0.23358854840357018,0.33195195677212275,0.34197392984478486,0.24461820323764163,0.6200202154552625,0.6285081133194947,0.008487897864232208,0.013504834200791748,0.06498292587785882,1.415,2.03,-0.6149999999999998,,,mouth_proxy,-0.028727245935054668,0.1975752184935407,-0.02412184290058883,0.20110466162350427,-0.061566577009000076,0.16754060801100001,0.023230888418999895,0.17999992476119742,0.032839331073945405,0.03003461048254069,-0.047352731319588726,0.06498292587785885,0.6793038561166477,0.9980445846639183,2.0867449869937005,2.8896844832024584,0.5605654496480419,0.871325527764929,0.6962335226846839,1.0522895063187518,3.8040871429076977,10.627608026957539,1.0772043182695505,2.880780282464437
trial_0012_bite_013_transfer,trial_0012_bite_013,trial_0012,transfer,retrieval,trial_0012,SUCCESS,0.027276261255479946,0.026079006545022848,0.033221608832194834,0.03382575275094879,0.030426582189159432,0.19369084972800119,0.20179427415643686,0.28900870272860685,0.31084672667449553,0.1706915995046352,0.6509487383473419,0.6285081133194947,0.02244062502784716,0.03570459084342756,0.030426582189159432,1.415,2.03,-0.6149999999999998,trial_0017_bite_014_transfer,2.7258252963858154,mouth_proxy,-0.06514537405116984,0.1676522915914811,-0.006984283965457583,0.17999997460736483,-0.061566577009000076,0.16754060801100001,0.023230888418999895,0.17999992476119742,-0.0035787970421697624,0.00011168358048108118,-0.030215172384457478,0.030426582189159432,0.753922939326158,1.2269705662825594,5.540367967029567,25.094502709589694,1.0498807675726483,4.182795467902058,0.6962335226846839,1.0522895063187518,3.8040871429076977,10.627608026957539,1.0772043182695505,2.880780282464437
trial_0012_bite_013_withdrawal,trial_0012_bite_013,trial_0012,withdrawal,contextual_promp,trial_0012,SUCCESS,0.048534914439722916,0.04494486971568285,0.07033843353467509,0.07741463366096925,0.07741463366096925,0.2672347671400038,0.32120369822331135,0.49334329993970444,0.5312445842184914,0.5312445842184914,0.5129797321266508,0.5510990929118368,0.03811936078518596,0.06916970337181119,0.07741463366096925,1.05,1.19,-0.1399999999999999,,,plate,-0.02519393702694231,-0.040666182963344705,-0.17143737552975136,0.17798664733135108,0.03352934575300012,-0.07804024150500002,-0.20531629688999997,0.2221919847550887,-0.05872328277994243,0.03737405854165532,0.033878921360248615,0.07741463366096925,0.5997390618085875,0.9878018401637997,2.630195914666665,4.02123825230123,1.1493067016769754,2.209230750039773,0.6097146653385666,1.0001843816973766,4.05469934845311,7.4457804221958135,1.7811622478508335,4.7380069159599
trial_0012_bite_013_withdrawal,trial_0012_bite_013,trial_0012,withdrawal,retrieval,trial_0012,SUCCESS,0.09176424732482033,0.07937927239295024,0.14430940314626994,0.14609988323840623,0.03561365617703885,0.24833019125615907,0.30006190895728896,0.5420364903031153,0.5529582428004225,0.22905305190827163,0.4843438124582097,0.5510990929118368,0.06675528045362711,0.12113117461491889,0.03561365617703885,1.05,1.19,-0.1399999999999999,trial_0017_bite_006_withdrawal,3.1446075884091482,plate,0.003783176042910147,-0.09760970014678164,-0.20604717467900568,0.2280293932301644,0.03352934575300012,-0.07804024150500002,-0.20531629688999997,0.2221919847550887,-0.029746169710089976,-0.019569458641781612,-0.0007308777890057128,0.03561365617703885,0.6364290980050462,1.2543538320511085,5.590888328168642,9.358466801611282,1.831087008532802,5.293808812258355,0.6097146653385666,1.0001843816973766,4.05469934845311,7.4457804221958135,1.7811622478508335,4.7380069159599
trial_0012_bite_014_transfer,trial_0012_bite_014,trial_0012,transfer,contextual_promp,trial_0012,SUCCESS,0.06079532612677948,0.05618382899971548,0.08508908653521383,0.08626862564198,0.04714911982404814,0.16001561001490036,0.17944510731450464,0.3154969910373336,0.35709219554892135,0.35709219554892135,0.5634136125107981,0.5732197805787898,0.009806168067991616,0.01710716971087453,0.04714911982404813,1.415,1.75,-0.33499999999999996,,,mouth_proxy,-0.09392424582522155,0.19284283661377682,-0.0018143908831093625,0.21450737889723323,-0.06110804266300001,0.16798147908099992,0.021164930512999947,0.17999979021088763,-0.03281620316222154,0.024861357532776907,-0.02297932139610931,0.04714911982404814,0.6082017381953827,0.8499699374168566,1.7300064712274383,2.7108508556434177,0.6537490252230462,0.8823412677378527,0.6393115669376496,0.9548546722352917,2.665656741341842,5.711655806756355,0.8493187810005888,2.1289693956212323
trial_0012_bite_014_transfer,trial_0012_bite_014,trial_0012,transfer,retrieval,trial_0012,SUCCESS,0.08556484988609213,0.07570426615713576,0.13087990348430764,0.1327299396482552,0.031756497692491815,0.2545780851696308,0.268577409626536,0.3591140515123764,0.3978024583832882,0.3978024583832882,0.5480850768476806,0.5732197805787898,0.025134703731109154,0.04384828399628885,0.031756497692491815,1.415,1.75,-0.33499999999999996,trial_0014_bite_001_transfer,2.480291557779793,mouth_proxy,-0.052563913608012235,0.1642630319938112,0.05152355623362059,0.17999995983485517,-0.06110804266300001,0.16798147908099992,0.021164930512999947,0.17999979021088763,0.008544129054987776,-0.0037184470871887143,0.030358625720620647,0.031756497692491815,0.6214873402758293,0.978672478832855,2.6503637399343636,4.381594362554028,0.5792400814913524,1.646563870867771,0.6393115669376496,0.9548546722352917,2.665656741341842,5.711655806756355,0.8493187810005888,2.1289693956212323
trial_0012_bite_014_withdrawal,trial_0012_bite_014,trial_0012,withdrawal,contextual_promp,trial_0012,SUCCESS,0.10193956019809117,0.09032667695458782,0.17086718512418003,0.1716146868861341,0.1715372643863084,0.3224269191038687,0.3866207602941205,0.5781340623554222,0.5836836027409417,0.5253821411648464,0.5314777322014336,0.6508928766975319,0.11941514449609836,0.18346359097057724,0.17153726438630837,1.05,1.24,-0.18999999999999995,,,plate,-0.023552154380464513,-0.020676099805262887,-0.167988511543715,0.17088693656857243,0.018371809753000012,0.1363303324949999,-0.11306679888999997,0.1780662347640039,-0.041923964133464525,-0.1570064323002628,-0.054921712653715024,0.1715372643863084,0.6182708909953549,1.0041752607548695,2.655564371767613,4.08736218090092,1.0416005174785408,2.008563853905264,0.7539083471079566,1.2243229093742642,3.6503868209446835,6.711251318727592,0.7965196959969222,2.6180629193548532
trial_0012_bite_014_withdrawal,trial_0012_bite_014,trial_0012,withdrawal,retrieval,trial_0012,SUCCESS,0.059501405185560935,0.05011223156619152,0.10176736477909039,0.10324755560469763,0.031110936194468197,0.20364755117809313,0.2410824802727293,0.37298678106521593,0.3763123015801247,0.2841877635284662,0.6589468674169274,0.6508928766975319,0.008053990719395498,0.012373757660798868,0.031110936194468197,1.05,1.24,-0.18999999999999995,trial_0013_bite_003_withdrawal,3.545415771000743,plate,0.011018716088160851,0.1630153422682201,-0.12727005970769661,0.2071064509305712,0.018371809753000012,0.1363303324949999,-0.11306679888999997,0.1780662347640039,-0.007353093664839161,0.026685009773220192,-0.014203260817696642,0.031110936194468204,0.776090264404835,1.3109529023030608,3.45499091540814,5.412802402148826,0.959543892609525,2.2206639829733965,0.7539083471079566,1.2243229093742642,3.6503868209446835,6.711251318727592,0.7965196959969222,2.6180629193548532
trial_0012_bite_015_transfer,trial_0012_bite_015,trial_0012,transfer,contextual_promp,trial_0012,SUCCESS,0.06112022057018568,0.05768904644625752,0.07442645699465125,0.07541783319243085,0.07541783319243085,0.25342977402404415,0.27548715677711333,0.37318879661131465,0.37620747825098594,0.36337933283011553,0.6022789171849237,0.6183224414045305,0.016043524219606864,0.0259468574085128,0.07541783319243085,1.415,1.5,-0.08499999999999996,,,mouth_proxy,-0.02732673368451287,0.1973324165872633,-0.03777465003673913,0.20276527610868592,-0.07029406997500003,0.16501599591299987,0.015114919164999963,0.17999998878381596,0.04296733629048716,0.032316420674263435,-0.052889569201739095,0.07541783319243085,0.6592393956804103,0.9720545098300787,1.9432866342414452,2.842858607415826,0.6514879183888901,0.9067950326830935,0.6683851096807129,1.1002888836141393,3.1340018170905384,9.07090647850475,1.0271014959514482,5.558250956899545
trial_0012_bite_015_transfer,trial_0012_bite_015,trial_0012,transfer,retrieval,trial_0012,SUCCESS,0.12054321820243596,0.09886606675346961,0.215870910345684,0.22054471285842736,0.05894716663025107,0.34800141588937383,0.3679046713192109,0.4616553684048576,0.4829951527800159,0.403400589822354,0.6455946319824337,0.6183224414045305,0.0272721905779032,0.04410674552900575,0.05894716663025107,1.415,1.5,-0.08499999999999996,trial_0017_bite_013_transfer,2.1777167921317346,mouth_proxy,-0.042978862274805754,0.17087772866154238,-0.036791611938653046,0.18000000962224658,-0.07029406997500003,0.16501599591299987,0.015114919164999963,0.17999998878381596,0.02731520770019427,0.005861732748542514,-0.05190653110365301,0.05894716663025107,0.8135750878429812,1.7658823564144992,6.988615821446707,15.448968204120023,0.7501950150296065,1.8561317520847453,0.6683851096807129,1.1002888836141393,3.1340018170905384,9.07090647850475,1.0271014959514482,5.558250956899545
trial_0012_bite_015_withdrawal,trial_0012_bite_015,trial_0012,withdrawal,contextual_promp,trial_0012,SUCCESS,0.11800610575329813,0.10404850739929161,0.16925198128892546,0.1930458018396417,0.1930458018396417,0.4653851112217896,0.6010811590479028,1.1209960938764927,1.1520036826892344,1.151921377209296,0.5337622349135429,0.7189122988528672,0.18515006393932432,0.2575419341618708,0.1930458018396417,1.05,1.14,-0.08999999999999986,,,plate,-0.030748650686602555,-0.02291576818297994,-0.18426482678838052,0.1882130132106031,0.003903124752999948,0.12876072849500017,-0.06998369788999996,0.1466024473048094,-0.0346517754396025,-0.1516764966779801,-0.11428112889838056,0.19304580183964173,0.6216677601077227,1.0177897878284448,2.76320135878401,4.222879630199063,1.135824044509069,2.09756286338566,0.7879275467756988,1.2027119761336367,3.1755475527568224,6.171229840135807,0.8521810164777025,2.150512286995724
trial_0012_bite_015_withdrawal,trial_0012_bite_015,trial_0012,withdrawal,retrieval,trial_0012,SUCCESS,0.18111301629511775,0.16211664178823615,0.25434590254308015,0.27178003139794565,0.27178003139794565,0.8839972909081841,1.068245179183455,1.619259978363653,1.64014979796123,1.6335021635518274,0.48827293621256707,0.7189122988528672,0.23063936264030016,0.3208171052412373,0.27178003139794565,1.05,1.14,-0.08999999999999986,trial_0017_bite_006_withdrawal,2.7609750819691836,plate,0.008552365914974686,-0.11013748915375657,-0.19948432193302676,0.22802939323016436,0.003903124752999948,0.12876072849500017,-0.06998369788999996,0.1466024473048094,0.004649241161974738,-0.23889821764875674,-0.1295006240430268,0.27178003139794565,0.6456798474885237,1.2394381758388906,5.593429721843564,9.367603423588614,1.8310870085328022,5.293808812258354,0.7879275467756988,1.2027119761336367,3.1755475527568224,6.171229840135807,0.8521810164777025,2.150512286995724
trial_0013_bite_001_transfer,trial_0013_bite_001,trial_0013,transfer,contextual_promp,trial_0013,SUCCESS,0.031233600883410366,0.028689955219962156,0.05034167420555113,0.050883708334780106,0.02934468545649173,0.13287193792477237,0.1380535774342213,0.16958203868686356,0.17334291092092247,0.1691679603113959,0.39515542282520244,0.37981709791097384,0.015338324914228596,0.040383450346471186,0.02934468545649173,1.45,1.23,0.21999999999999997,,,mouth_proxy,-0.034550717179734666,0.1722058495299723,-0.005116822358221362,0.17571223218950657,-0.03921554090899999,0.17405722604400004,0.02379550008600001,0.18000000669794544,0.004664823729265327,-0.001851376514027725,-0.028912322444221372,0.02934468545649173,0.43861284938405865,0.6658222646227042,1.3428410456466895,2.3242461445420304,0.3682580451809343,0.8767727499513445,0.42090585793160223,0.6835968833111875,1.7963452330961784,5.570544603754976,0.5761915195100068,2.393883576483594
trial_0013_bite_001_transfer,trial_0013_bite_001,trial_0013,transfer,retrieval,trial_0013,SUCCESS,0.06612688904821121,0.05982359285508012,0.0989607895307924,0.09967739102044029,0.06002766251397113,0.19357152803229913,0.20299801695052633,0.2861029041955496,0.3392237739695173,0.3392237739695173,0.45445711927149934,0.37981709791097384,0.0746400213605255,0.1965156960312001,0.06002766251397113,1.45,1.23,0.21999999999999997,trial_0017_bite_001_transfer,0.8376014964709667,mouth_proxy,-0.06664110967462163,0.1647144494761404,-0.028777030486309585,0.18000001346806324,-0.03921554090899999,0.17405722604400004,0.02379550008600001,0.18000000669794544,-0.027425568765621633,-0.009342776567859645,-0.052572530572309595,0.06002766251397113,0.4720135068738563,0.7288464453919269,3.573624157753517,7.192711734526061,0.7753903793806951,1.9247738842435531,0.42090585793160223,0.6835968833111875,1.7963452330961784,5.570544603754976,0.5761915195100068,2.393883576483594
trial_0013_bite_001_withdrawal,trial_0013_bite_001,trial_0013,withdrawal,contextual_promp,trial_0013,SUCCESS,0.116348867175903,0.08664108099930845,0.21195241603506618,0.21896027418350972,0.21896027418350972,0.3565445339441071,0.44444102146479336,0.7778644977001347,0.8623576765783522,0.8623576765783522,0.38020374892853787,0.5800842288723745,0.19988047994383668,0.34457147771864827,0.21896027418350972,1.07,0.84,0.2300000000000001,,,plate,0.017046319952492922,0.05186874363462614,-0.16910103550905958,0.17769666232204126,0.09392214153700004,0.2294722181960001,-0.06667684134599983,0.2567579964997557,-0.07687582158450712,-0.177603474561374,-0.10242419416305976,0.21896027418350972,0.430651937095219,0.674122255495565,1.6532383995279896,2.7715004370473424,1.0451993839202665,1.6267433331923205,0.6341574104306354,1.0076010123305061,3.686081914083559,9.557492998239967,1.183008825876593,3.9109413120402206
trial_0013_bite_001_withdrawal,trial_0013_bite_001,trial_0013,withdrawal,retrieval,trial_0013,SUCCESS,0.22326101042016205,0.1697156016534904,0.3862846611939079,0.39366982162002784,0.39366982162002784,0.9079914682145259,1.069342458136802,1.5526715262631603,1.5915416657183035,1.5915416657183035,0.3133447207873037,0.5800842288723745,0.26673950808507085,0.45982892622953336,0.39366982162002784,1.07,0.84,0.2300000000000001,trial_0014_bite_016_withdrawal,0.9449461166695673,plate,-0.04664583937740886,-0.11255550828771994,-0.20170870985254352,0.23565012286758436,0.09392214153700004,0.2294722181960001,-0.06667684134599983,0.2567579964997557,-0.14056798091440892,-0.34202772648372004,-0.1350318685065437,0.39366982162002784,0.3482959508588343,0.566956704541251,2.501711877664985,4.555824918914218,1.9845815509540905,4.463786857886728,0.6341574104306354,1.0076010123305061,3.686081914083559,9.557492998239967,1.183008825876593,3.9109413120402206
trial_0013_bite_002_transfer,trial_0013_bite_002,trial_0013,transfer,contextual_promp,trial_0013,SUCCESS,0.05284497861363332,0.04249665430991513,0.09147255662121016,0.09241550055033186,0.013092985982514337,0.04507029133806503,0.04948166377712833,0.07636668944432144,0.08012117348385057,0.08012117348385057,0.4661874513271386,0.4529232850972274,0.013264166229911223,0.029285679642334687,0.013092985982514337,1.45,1.3,0.1499999999999999,,,mouth_proxy,-0.03509271585760314,0.17133058117849792,0.021582466605359063,0.17621427189077443,-0.023546528509000034,0.17676050698700002,0.02451976900099989,0.17999981918598926,-0.011546187348603104,-0.005429925808502101,-0.0029373023956408284,0.013092985982514337,0.517410772542228,0.7715440228946849,1.6224411513513886,2.581222165759177,0.43646995679046113,0.7770489166266883,0.5503222857214286,0.9651574866860068,2.773824378090535,8.219124018278656,0.4971723025736082,1.555698699287124
trial_0013_bite_002_transfer,trial_0013_bite_002,trial_0013,transfer,retrieval,trial_0013,SUCCESS,0.047027121351576634,0.04070967742910477,0.07984293629386525,0.08026451103696186,0.03364366077945493,0.10284135015838755,0.12534619701349461,0.2157170623742408,0.22142368456014302,0.21100020334851768,0.49482185525479166,0.4529232850972274,0.04189857015756426,0.09250699077785336,0.03364366077945493,1.45,1.3,0.1499999999999999,trial_0017_bite_010_transfer,0.8455188925538955,mouth_proxy,-0.03546001541141143,0.17633580475854405,-0.00694106964780683,0.17999974216836148,-0.023546528509000034,0.17676050698700002,0.02451976900099989,0.17999981918598926,-0.011913486902411397,-0.0004247022284559754,-0.03146083864880672,0.03364366077945493,0.5549907069703381,0.9593941178173483,4.4985882999327895,12.688668834062216,0.8395199372949196,2.6883984261191465,0.5503222857214286,0.9651574866860068,2.773824378090535,8.219124018278656,0.4971723025736082,1.555698699287124
trial_0013_bite_002_withdrawal,trial_0013_bite_002,trial_0013,withdrawal,contextual_promp,trial_0013,SUCCESS,0.0885335684455025,0.08130313719585927,0.1280536057177206,0.13132539392214201,0.06432938181478258,0.27699934354878675,0.3141239904553867,0.44863818984015247,0.4666070743398789,0.4417122874550818,0.3714724289687127,0.4547238235869685,0.08325139461825581,0.18308122491042855,0.06432938181478258,1.07,1.15,-0.07999999999999985,,,plate,0.012504463953153938,0.027552863415966952,-0.17548030631900022,0.1780698172262352,0.026435542537000145,0.015820985196000073,-0.23717761134599996,0.2391701503231367,-0.013931078583846207,0.01173187821996688,0.061697305026999744,0.06432938181478258,0.4246194835605849,0.6791298125566518,1.7321235707123117,2.7541579291451908,1.1373339908843998,1.8632673204738175,0.5624278027631918,1.0944536533935907,5.047954376608787,13.713177047929541,1.8818542267917757,4.995878191829882
trial_0013_bite_002_withdrawal,trial_0013_bite_002,trial_0013,withdrawal,retrieval,trial_0013,SUCCESS,0.0632657213595708,0.05584537022807585,0.09356540281355577,0.0954725200515531,0.07318628534011115,0.35457260041706934,0.4503740177075786,0.7315170970270187,0.7409962508920906,0.6639603734454751,0.42135817694331384,0.4547238235869685,0.033365646643654656,0.07337562914662923,0.07318628534011115,1.07,1.15,-0.07999999999999985,trial_0015_bite_004_withdrawal,1.1622661060044803,plate,0.019498586400656298,0.08731352178868367,-0.22314450003772596,0.2404107190951632,0.026435542537000145,0.015820985196000073,-0.23717761134599996,0.2391701503231367,-0.006936956136343847,0.07149253659268359,0.014033111308274004,0.07318628534011115,0.4448090330024485,0.6551418606543887,2.5305396649088703,4.730819131853264,1.414268727368674,5.111371187450731,0.5624278027631918,1.0944536533935907,5.047954376608787,13.713177047929541,1.8818542267917757,4.995878191829882
trial_0013_bite_003_transfer,trial_0013_bite_003,trial_0013,transfer,contextual_promp,trial_0013,SUCCESS,0.048372224844020394,0.043310186681235374,0.07295113548285652,0.0732694959996296,0.03375437230620142,0.10192867356050796,0.11659248666771288,0.1954153376001699,0.19905583663170556,0.18130924065785473,0.45054868617891924,0.45012712151874423,0.00042156466017501115,0.0009365457890043098,0.03375437230620142,1.45,1.63,-0.17999999999999994,,,mouth_proxy,-0.025905731709912595,0.1764194968738571,0.011985564125786219,0.1787137363496835,-0.03569825622900003,0.17089783122399982,0.043812837363999935,0.17999999703539546,0.009792524519087437,0.005521665649857288,-0.031827273238213716,0.03375437230620142,0.49295284976013254,0.6929121767031358,1.4979786002484574,2.6776410481897943,0.40526548468052015,0.635289837774739,0.46948048310018103,0.6350363624868101,3.017158216239588,7.410572895947737,0.5830266947713558,2.1270140933767197
trial_0013_bite_003_transfer,trial_0013_bite_003,trial_0013,transfer,retrieval,trial_0013,SUCCESS,0.051795585587683844,0.04669335093695915,0.07885773079515662,0.07930925453659551,0.037118199264115456,0.12863739774988472,0.15386591494154167,0.2626383777314633,0.2696720526212406,0.26904225570986273,0.46143707155948666,0.45012712151874423,0.011309950040742422,0.025126124377003248,0.037118199264115456,1.45,1.63,-0.17999999999999994,trial_0014_bite_004_transfer,0.8313130175762748,mouth_proxy,-0.03519196477156903,0.17638311304501858,0.007105670912273987,0.1799999097528904,-0.03569825622900003,0.17089783122399982,0.043812837363999935,0.17999999703539546,0.0005062914574310018,0.0054852818210187615,-0.03670716645172595,0.037118199264115456,0.48942606419345086,0.6890850089004087,1.7171606175844474,3.41692356660023,0.5696090488689829,1.2044979175089028,0.46948048310018103,0.6350363624868101,3.017158216239588,7.410572895947737,0.5830266947713558,2.1270140933767197
trial_0013_bite_003_withdrawal,trial_0013_bite_003,trial_0013,withdrawal,contextual_promp,trial_0013,SUCCESS,0.10588061532308742,0.08763666157809762,0.16512469088258241,0.16774744948235132,0.16774744948235132,0.3607412113250618,0.44005193037257634,0.822604962037956,0.8790250465767497,0.8790250465767497,0.38164475847587476,0.49464053287611426,0.1129957744002395,0.22844018411354086,0.16774744948235132,1.07,0.93,0.14,,,plate,0.040485203219854965,0.03593880950005841,-0.20469757427989477,0.21173508595437715,0.031633394536999954,0.17332734319599996,-0.10885790034599999,0.20710645093057126,0.008851808682855011,-0.13738853369594156,-0.09583967393389478,0.16774744948235132,0.44026365493523584,0.7532921465828397,1.911882839579123,2.9677166183613326,1.4079503148152746,2.1708245673532316,0.5976760804416461,1.0459970154617129,3.108706188376781,5.367832002906924,0.9595438926095248,2.2206639829733956
trial_0013_bite_003_withdrawal,trial_0013_bite_003,trial_0013,withdrawal,retrieval,trial_0013,SUCCESS,0.13357094587910753,0.1099980420899138,0.22996959807625972,0.23174040101171248,0.23174040101171248,0.8072221592505724,0.9555760740947731,1.4875290102728436,1.5077533031667223,1.5077533031667223,0.45196675303501593,0.49464053287611426,0.042673779841098325,0.08627230686690658,0.23174040101171248,1.07,0.93,0.14,trial_0019_bite_003_withdrawal,1.7989175085965194,plate,0.0828527313545116,-0.040075630390962416,-0.18328480315194665,0.20509497875517024,0.031633394536999954,0.17332734319599996,-0.10885790034599999,0.20710645093057126,0.051219336817511646,-0.21340297358696236,-0.07442690280594666,0.23174040101171245,0.5430748458147256,1.0291442842369676,3.9216442317668694,8.52884409226219,2.2557880274508673,5.294687681308282,0.5976760804416461,1.0459970154617129,3.108706188376781,5.367832002906924,0.9595438926095248,2.2206639829733956
trial_0013_bite_004_transfer,trial_0013_bite_004,trial_0013,transfer,contextual_promp,trial_0013,SUCCESS,0.014655146354042256,0.013802419321065278,0.01997260743680615,0.02037560640247701,0.00949041228692203,0.044617750891908003,0.04677223796478942,0.06328448195662868,0.06623523210028542,0.05047649127817515,0.42302828891386407,0.4274207839648544,0.004392495050990319,0.010276746512522193,0.00949041228692203,1.45,1.51,-0.06000000000000005,,,mouth_proxy,-0.033144798534313166,0.173875465936286,0.01048315982283865,0.17731653043163217,-0.04259242323100006,0.1745358652809999,0.01109486700099993,0.17999994127734004,0.00944762469668689,-0.0006603993447139023,-0.0006117071781612804,0.00949041228692203,0.4715712791441675,0.7181574557974268,1.4582073321457645,2.262064491231329,0.4236942219076692,0.7351745197227822,0.4716784756682478,0.6764867696333735,1.8240425078945242,3.7010289718866907,0.4383674536525976,1.5002260337498041
trial_0013_bite_004_transfer,trial_0013_bite_004,trial_0013,transfer,retrieval,trial_0013,SUCCESS,0.030862958302955424,0.028494117435277196,0.04401435823990009,0.04429957525597421,0.036900319099141314,0.10475421915335814,0.11853182449893204,0.20391998746781906,0.21870695088299907,0.21870695088299907,0.43743409446229475,0.4274207839648544,0.010013310497440364,0.02342728962441782,0.036900319099141335,1.45,1.51,-0.06000000000000005,trial_0020_bite_013_transfer,0.8483818595899474,mouth_proxy,-0.02137684033065014,0.17772091705737197,-0.018928258036188694,0.179999923929206,-0.04259242323100006,0.1745358652809999,0.01109486700099993,0.17999994127734004,0.021215582900349916,0.003185051776372072,-0.030023125037188625,0.036900319099141314,0.4999062545623454,0.8094034005014767,2.762796711705454,6.990933227795944,0.5973109089420144,1.786271637431382,0.4716784756682478,0.6764867696333735,1.8240425078945242,3.7010289718866907,0.4383674536525976,1.5002260337498041
trial_0013_bite_004_withdrawal,trial_0013_bite_004,trial_0013,withdrawal,contextual_promp,trial_0013,SUCCESS,0.10109036204605346,0.07654401249218666,0.18080741914899412,0.1825322708239852,0.1825322708239852,0.4602850605353067,0.5390569982164488,0.8609818619259543,0.8800989327058631,0.8800989327058631,0.3550757118503061,0.48566127514646806,0.13058556329616194,0.2688819759343162,0.1825322708239852,1.07,0.83,0.2400000000000001,,,plate,0.0028524913446842104,0.027487709744868374,-0.1695876726032532,0.17182458960485783,0.020397382537000047,0.19581610519600007,-0.10120815834599992,0.22136641927871686,-0.017544891192315837,-0.1683283954511317,-0.06837951425725328,0.1825322708239852,0.40608657720262736,0.6418203871633166,1.694104568194643,2.5487571485641154,1.101045431067885,2.061589180564702,0.5555800199116968,0.8869529856333904,2.4538404536294527,4.133319352910464,0.6656934406094672,1.5061387050190465
trial_0013_bite_004_withdrawal,trial_0013_bite_004,trial_0013,withdrawal,retrieval,trial_0013,SUCCESS,0.05278143318319412,0.04505385291218358,0.07992325634298836,0.0802989927464206,0.0675080154273112,0.10749006659227026,0.11899773947014404,0.176244931724606,0.21108916985249174,0.13811270949798868,0.47038043513502403,0.48566127514646806,0.01528084001144403,0.031463986925528625,0.06750801542731119,1.07,0.83,0.2400000000000001,trial_0020_bite_001_withdrawal,1.2806278561916922,plate,-0.030556635525190515,0.16494021070967707,-0.06946387807503623,0.18156048975698294,0.020397382537000047,0.19581610519600007,-0.10120815834599992,0.22136641927871686,-0.05095401806219056,-0.030875894486322997,0.03174428027096368,0.0675080154273112,0.5538812887791792,0.9272990192088794,3.7566112390941533,9.828644963524294,0.9674539554320097,2.7839691995800915,0.5555800199116968,0.8869529856333904,2.4538404536294527,4.133319352910464,0.6656934406094672,1.5061387050190465
trial_0013_bite_005_transfer,trial_0013_bite_005,trial_0013,transfer,contextual_promp,trial_0013,SUCCESS,0.06224181232470981,0.05400536044624682,0.10770963856820763,0.118189906951901,0.118189906951901,0.33937080551605975,0.3983853978343261,0.6692013689028243,0.6980144293936927,0.6980144293936927,0.38296293244662954,0.47899072724896347,0.09602779480233392,0.20047944425534123,0.11818990695190101,1.45,1.37,0.07999999999999985,,,mouth_proxy,-0.02872940338370117,0.17505550945676493,0.019033631920968963,0.17841549583501393,-0.03009232494700001,0.14909145658699996,-0.09626105359699999,0.18000000246542677,0.0013629215632988412,0.02596405286976497,0.11529468551796895,0.118189906951901,0.42954370382732465,0.6574787064715536,1.3595606843155505,2.1896777187997065,0.39269558552928757,0.6989256351126656,0.5150851777856699,0.701730070391753,2.2426795032277247,5.3287295418164184,0.8492280686936984,1.661763233381876
trial_0013_bite_005_transfer,trial_0013_bite_005,trial_0013,transfer,retrieval,trial_0013,SUCCESS,0.06948311285531404,0.06491968399125038,0.08814064573146618,0.09781483887976355,0.09781483887976355,0.2882323958898605,0.32792955426882675,0.543350071823995,0.5525630015466174,0.5525630015466174,0.39623206169030495,0.47899072724896347,0.08275866555865852,0.17277717678163593,0.09781483887976357,1.45,1.37,0.07999999999999985,trial_0020_bite_013_transfer,0.4285509990237434,mouth_proxy,-0.014330853386077341,0.17936967236607168,-0.004595638261965906,0.1799999239292061,-0.03009232494700001,0.14909145658699996,-0.09626105359699999,0.18000000246542677,0.01576147156092267,0.03027821577907172,0.09166541533503408,0.09781483887976355,0.4588783365685145,0.7526876538381213,2.6949968796859105,6.752895890179761,0.5973109089420146,1.7862716374313812,0.5150851777856699,0.701730070391753,2.2426795032277247,5.3287295418164184,0.8492280686936984,1.661763233381876
trial_0013_bite_005_withdrawal,trial_0013_bite_005,trial_0013,withdrawal,contextual_promp,trial_0013,SUCCESS,0.155844987071319,0.13456127837844042,0.21421506207192614,0.21522157125786304,0.16722840998389044,0.6382070969020975,0.7347880863819001,0.9801300325888977,0.9838505031124479,0.8608610198923817,0.40706862193388754,0.5657427964958961,0.15867417456200855,0.28047051689355373,0.16722840998389044,1.07,0.89,0.18000000000000005,,,plate,-0.034770538191406325,-0.04272119973667897,-0.19107623228177462,0.1988572799171807,0.04625407153700009,0.0903346531960001,-0.2518750293459999,0.27155260836500883,-0.08102460972840642,-0.13305585293267908,0.06079879706422531,0.16722840998389044,0.45630543678434043,0.7819562096087669,2.212271518845037,3.6137566775160948,1.1454432230029286,2.1067024318299983,0.6287225539836057,1.0165215937790195,3.4207749150611546,5.875588613046661,1.3582383695878262,2.436159615370547
trial_0013_bite_005_withdrawal,trial_0013_bite_005,trial_0013,withdrawal,retrieval,trial_0013,SUCCESS,0.2005641335834963,0.16452440943747987,0.3146815579869778,0.3163773257495537,0.28347747584640803,0.8471388773381954,0.9907928932683766,1.3788067181231234,1.3904177624062122,1.06402211600437,0.5763288885745799,0.5657427964958961,0.010586092078683773,0.018711845991238468,0.28347747584640803,1.07,0.89,0.18000000000000005,trial_0017_bite_004_withdrawal,4.556409113652134,plate,0.05196349031729766,-0.15776337896913423,-0.11485587635916372,0.2019439536206669,0.04625407153700009,0.0903346531960001,-0.2518750293459999,0.27155260836500883,0.0057094187802975704,-0.24809803216513432,0.1370191529868362,0.28347747584640803,0.6210093957628453,0.9392758568780039,4.321812857937279,8.030318577417086,1.68486835824526,4.494766929201454,0.6287225539836057,1.0165215937790195,3.4207749150611546,5.875588613046661,1.3582383695878262,2.436159615370547
trial_0013_bite_006_transfer,trial_0013_bite_006,trial_0013,transfer,contextual_promp,trial_0013,SUCCESS,0.03726875128387557,0.03280332280814974,0.05861514791935229,0.05920362746138131,0.007096947464361046,0.09443386943040681,0.09925434090299098,0.12168644671294289,0.125748185967112,0.11342894882119822,0.4356128205563174,0.4448140174052447,0.009201196848927284,0.020685492113313053,0.007096947464361046,1.45,1.57,-0.1200000000000001,,,mouth_proxy,-0.026489754121959943,0.17231328703379728,0.004598066440475279,0.17439815990091387,-0.030894378397000013,0.17717856403099996,0.007298997399999951,0.1799999486990743,0.00440462427504007,-0.004865276997202683,-0.002700930959524672,0.007096947464361046,0.4797015883176012,0.685703892670349,1.5500463738133323,2.893126131714411,0.41645103710627873,0.9143609384836039,0.478878696405648,0.773114028717329,3.198353371467569,12.091629500583227,0.5495121328921551,2.7726137326968505
trial_0013_bite_006_transfer,trial_0013_bite_006,trial_0013,transfer,retrieval,trial_0013,SUCCESS,0.03841010174421506,0.03455762071714878,0.061360700260877955,0.06187201230007599,0.01525797703076377,0.1486938753278643,0.15489755550541395,0.18634529719466042,0.19341937839452783,0.19341937839452783,0.4359542339149008,0.4448140174052447,0.008859783490343887,0.01991795029757851,0.01525797703076377,1.45,1.57,-0.1200000000000001,trial_0014_bite_003_transfer,0.8012054730240192,mouth_proxy,-0.043718953657884085,0.17397157180477635,0.01491813995741259,0.18000001556931494,-0.030894378397000013,0.17717856403099996,0.007298997399999951,0.1799999486990743,-0.012824575260884073,-0.003206992226223615,0.007619142557412639,0.015257977030763772,0.46362096196483094,0.692968319260854,1.9022528247045347,5.30791966727465,0.6150579336058398,2.077482594061976,0.478878696405648,0.773114028717329,3.198353371467569,12.091629500583227,0.5495121328921551,2.7726137326968505
trial_0013_bite_006_withdrawal,trial_0013_bite_006,trial_0013,withdrawal,contextual_promp,trial_0013,SUCCESS,0.15811918132854108,0.12865951328230482,0.25346621031191024,0.25538005558608656,0.2530710522581188,0.5945910049249304,0.779325013972382,1.389017278713975,1.393265120968558,1.3901810221556388,0.35673415777009604,0.5554580902497914,0.1987239324796954,0.3577658440267357,0.2530710522581188,1.07,1.41,-0.33999999999999986,,,plate,0.00813644730700716,-0.022113972904724735,-0.20117429029364392,0.20254956096610507,0.024472612537000032,0.19318068519600007,-0.06916558834599995,0.20664356875651982,-0.01633616522999287,-0.2152946581007248,-0.13200870194764397,0.2530710522581188,0.4083455305194896,0.6795446066747071,1.9210043305411708,2.7206720859611786,1.4293458103717525,2.525163191200772,0.6523660918263694,1.0961561029493292,4.659654413258461,12.487644208632076,0.6939244590214255,1.830741069840717
trial_0013_bite_006_withdrawal,trial_0013_bite_006,trial_0013,withdrawal,retrieval,trial_0013,SUCCESS,0.19320063329376294,0.15559922730851578,0.30677923701108234,0.30822250519717664,0.30631557766881456,0.7660157956566619,1.0871034824369499,1.9306711227076259,1.9439530463152563,1.9421137302554299,0.41161474777991197,0.5554580902497914,0.14384334246987945,0.25896344835879986,0.30631557766881456,1.07,1.41,-0.33999999999999986,trial_0020_bite_005_withdrawal,1.0293013169164817,plate,-0.02809062225333385,-0.079287558826116,-0.19888603958812434,0.2159427164463605,0.024472612537000032,0.19318068519600007,-0.06916558834599995,0.20664356875651982,-0.05256323479033388,-0.27246824402211606,-0.1297204512421244,0.3063155776688145,0.46208537908994335,0.7876638923546497,3.9128510694166643,10.257382578971534,2.1436316437408496,8.088317207967155,0.6523660918263694,1.0961561029493292,4.659654413258461,12.487644208632076,0.6939244590214255,1.830741069840717
trial_0013_bite_007_transfer,trial_0013_bite_007,trial_0013,transfer,contextual_promp,trial_0013,SUCCESS,0.01911121209311202,0.017950632312871074,0.02863646642745987,0.02892829171047846,0.01847323083701047,0.07797632512368041,0.08102442877051921,0.10630260074779993,0.12157509266731553,0.12157509266731553,0.40314742967573924,0.4231327172770976,0.01998528760135837,0.047231723724806114,0.01847323083701047,1.45,0.98,0.47,,,mouth_proxy,-0.02845206301202704,0.1758306674052743,0.013540703148419098,0.17863172767338437,-0.04411390064300002,0.17446834619200002,0.0038396114319999564,0.17999995185794018,0.01566183763097298,0.0013623212132742868,0.009701091716419141,0.01847323083701047,0.4519760409045823,0.6937156264988503,1.4279473501613058,2.277841473766633,0.41974104890967845,0.7444837328774913,0.44628944730382003,0.6066124777824553,1.6467778910760948,4.429797398869221,0.5089024151481124,1.2598409610541035
trial_0013_bite_007_transfer,trial_0013_bite_007,trial_0013,transfer,retrieval,trial_0013,SUCCESS,0.033931230703044504,0.030201954591226085,0.05107740964130509,0.051267147529785,0.037075720430125365,0.14575452911731135,0.15668892983033247,0.21389370795096252,0.23099217739673725,0.23099217739673725,0.415222751097731,0.4231327172770976,0.007909966179366623,0.018693818408248044,0.037075720430125365,1.45,0.98,0.47,trial_0020_bite_013_transfer,0.5563051005822324,mouth_proxy,-0.010438681256772935,0.1793674750769677,-0.010877289765968523,0.1799999239292061,-0.04411390064300002,0.17446834619200002,0.0038396114319999564,0.17999995185794018,0.033675219386227084,0.004899128884967685,-0.01471690119796848,0.037075720430125365,0.4775918830850573,0.7784619385797342,2.725111900451554,6.8538573851973235,0.5973109089420146,1.7862716374313814,0.44628944730382003,0.6066124777824553,1.6467778910760948,4.429797398869221,0.5089024151481124,1.2598409610541035
trial_0013_bite_007_withdrawal,trial_0013_bite_007,trial_0013,withdrawal,contextual_promp,trial_0013,SUCCESS,0.11117368712320864,0.10165087943224624,0.16913686423688198,0.1726737356659256,0.06110150970149181,0.4939792401469161,0.5671912041301769,0.7549356886807634,0.7592422060611613,0.42363245265343663,0.34376465504470044,0.4557067459935407,0.11194209094884028,0.24564501608327513,0.06110150970149181,1.07,1.35,-0.28,,,plate,0.002928719294367166,-0.01579077754772039,-0.2254924419516158,0.22606363579658187,0.03206606453700017,-0.06476155180399994,-0.20344084634599993,0.21589457855381636,-0.029137345242633006,0.04897077425627955,-0.02205159560561587,0.06110150970149181,0.3944901990143524,0.6668452711512474,2.126583703158596,3.1975956865123925,1.6062512138365201,2.9187868352563346,0.5508554667437434,1.1494007470177403,5.411492432913411,11.244657646063814,2.3311366533293887,6.064079715630657
trial_0013_bite_007_withdrawal,trial_0013_bite_007,trial_0013,withdrawal,retrieval,trial_0013,SUCCESS,0.10730810498111974,0.09563265166970866,0.16328793128456032,0.1653068956230838,0.07268654461011967,0.3325148333384242,0.44434903424092753,0.8498015821608313,0.8702599947225375,0.12269650863190174,0.39473891072758116,0.4557067459935407,0.06096783526595956,0.13378743194383988,0.07268654461011967,1.07,1.35,-0.28,trial_0020_bite_005_withdrawal,1.2935146991018596,plate,-0.03836062223763692,-0.08128706204777596,-0.1963469709249816,0.21594271644636046,0.03206606453700017,-0.06476155180399994,-0.20344084634599993,0.21589457855381636,-0.07042668677463709,-0.01652551024377602,0.007093875421018331,0.07268654461011967,0.44312151660297766,0.7972726796573846,3.8913643810840397,10.22946356431041,2.143631643740849,8.088317207967147,0.5508554667437434,1.1494007470177403,5.411492432913411,11.244657646063814,2.3311366533293887,6.064079715630657
trial_0013_bite_008_transfer,trial_0013_bite_008,trial_0013,transfer,contextual_promp,trial_0013,SUCCESS,0.0804805658359642,0.06576548332831159,0.13259626488174592,0.13415529710252894,0.0094882770801375,0.12409497504002392,0.12784167230181975,0.1611010159713149,0.1655922296170377,0.12351048506376623,0.4350099033761487,0.46989281447976483,0.03488291110361613,0.07423588960864672,0.009488277080137499,1.45,1.97,-0.52,,,mouth_proxy,-0.019469179135453516,0.17541678324502974,0.002110608802238789,0.17650651956729024,-0.02590859954900002,0.1780728445319999,-0.00433195319800006,0.17999988696890315,0.006439420413546504,-0.002656061286970157,0.0064425620002388495,0.009488277080137499,0.48920626180768984,0.7689513257781331,1.5861589414633899,2.4614710408021816,0.4508328091996312,0.8375520762426354,0.5479302765350331,0.9183857556456727,4.074610308803063,7.994201065960291,0.8043065002040077,1.8835992332523992
trial_0013_bite_008_transfer,trial_0013_bite_008,trial_0013,transfer,retrieval,trial_0013,SUCCESS,0.045805611230992915,0.04140769489644362,0.07063274321560628,0.07151943156824116,0.028479434780542635,0.18208611443149972,0.19680989615554828,0.24824848555883566,0.25611045079265043,0.21816020919270757,0.493096890941528,0.46989281447976483,0.023204076461763146,0.04938163714517152,0.028479434780542635,1.45,1.97,-0.52,trial_0017_bite_004_transfer,1.0887576737531415,mouth_proxy,-0.0387429939061886,0.1733205820432226,-0.029307391695474083,0.17999990817944425,-0.02590859954900002,0.1780728445319999,-0.00433195319800006,0.17999988696890315,-0.01283439435718858,-0.0047522624887773035,-0.024975438497474023,0.028479434780542632,0.6187816515567649,1.1759055270865189,4.855332105132593,14.02935556490256,0.7299304272969772,2.305478935506031,0.5479302765350331,0.9183857556456727,4.074610308803063,7.994201065960291,0.8043065002040077,1.8835992332523992
trial_0013_bite_008_withdrawal,trial_0013_bite_008,trial_0013,withdrawal,contextual_promp,trial_0013,SUCCESS,0.04035474194221733,0.0362349193595594,0.060107966833706325,0.060565486102208924,0.028861619070379745,0.1659038042097305,0.19414256400880625,0.30846897474606405,0.3221703092342372,0.3221703092342372,0.3581754643860826,0.3631497752384486,0.004974310852365993,0.013697683962766601,0.028861619070379745,1.07,0.85,0.22000000000000008,,,plate,0.009508260720755196,-0.020021836334793194,-0.19791360277995632,0.19915088530431752,0.030534925536999963,-0.023322658804000015,-0.217406601346,0.22077581026927862,-0.021026664816244767,0.003300822469206821,0.019492998566043696,0.028861619070379745,0.40515364824971994,0.6684462462881096,1.906613429851539,2.696142595865908,1.4375768192763576,2.41791724616042,0.4046874199714325,0.6877708159115387,2.7018995481193104,6.203917779464883,1.8430165514572645,4.240943859802092
trial_0013_bite_008_withdrawal,trial_0013_bite_008,trial_0013,withdrawal,retrieval,trial_0013,SUCCESS,0.09720736868720366,0.08566641253018555,0.13652723942536288,0.13743250385359426,0.07415817124154483,0.17089976293322517,0.2034743229419181,0.35882277639324817,0.36998714853639947,0.33741295265318644,0.5125428751252229,0.3631497752384486,0.1493930998867743,0.4113815017197269,0.07415817124154483,1.07,0.85,0.22000000000000008,trial_0019_bite_013_withdrawal,1.1292798985920496,plate,0.0666287348997486,-0.07675788160256562,-0.18078217982096428,0.2073966182059725,0.030534925536999963,-0.023322658804000015,-0.217406601346,0.22077581026927862,0.03609380936274864,-0.05343522279856561,0.03662442152503573,0.07415817124154483,0.6166225675614869,1.098726564843088,5.5717073637346415,12.641981985986911,1.9193871742434094,5.36576763862848,0.4046874199714325,0.6877708159115387,2.7018995481193104,6.203917779464883,1.8430165514572645,4.240943859802092
trial_0013_bite_009_transfer,trial_0013_bite_009,trial_0013,transfer,contextual_promp,trial_0013,SUCCESS,0.044212323845929546,0.03683891215007919,0.08213825764350312,0.09142742535120721,0.09142742535120721,0.19951226047129522,0.2526685301933759,0.48878105048947995,0.5390428721991606,0.5390428721991606,0.3872261161195426,0.4660725722982585,0.07884645617871588,0.16917205788342096,0.09142742535120722,1.45,1.57,-0.1200000000000001,,,mouth_proxy,-0.005965535954444663,0.175735951023446,-0.0041211291390705895,0.17588546218127205,-0.0076733193260000235,0.15397927415899987,-0.09290572574300004,0.17999991826621686,0.0017077833715553603,0.02175667686444613,0.08878459660392946,0.09142742535120722,0.4394171608646872,0.7032463001642973,1.4968523219484826,2.544162915192355,0.41654765503107716,0.851024881126325,0.5076568549041021,0.7321841227886111,3.0261325859970625,6.214463042907136,1.104562185668458,2.1580466022749953
trial_0013_bite_009_transfer,trial_0013_bite_009,trial_0013,transfer,retrieval,trial_0013,SUCCESS,0.07885697061985733,0.07138457347056078,0.12406454561465706,0.1253233895391452,0.08473549901095831,0.19595985923646916,0.2357153454919026,0.43686740560963216,0.4772660861122333,0.4772660861122333,0.4109716833180489,0.4660725722982585,0.055100888980209595,0.11822383949456766,0.08473549901095832,1.45,1.57,-0.1200000000000001,trial_0020_bite_018_transfer,0.9797688005979938,mouth_proxy,0.011077397846156516,0.17909827531351516,-0.014181198566488085,0.18000002043360958,-0.0076733193260000235,0.15397927415899987,-0.09290572574300004,0.17999991826621686,0.01875071717215654,0.02511900115451529,0.07872452717651196,0.08473549901095831,0.5068286376693818,0.9635454954797694,3.9892288740535125,11.060625742573576,0.577276800135554,2.0722371087496847,0.5076568549041021,0.7321841227886111,3.0261325859970625,6.214463042907136,1.104562185668458,2.1580466022749953
trial_0013_bite_009_withdrawal,trial_0013_bite_009,trial_0013,withdrawal,contextual_promp,trial_0013,SUCCESS,0.05783883544277061,0.05331277404758402,0.07852637984369752,0.08384680668182881,0.08384680668182881,0.24738502539971496,0.27804022754030294,0.3968394393011154,0.4122275313396619,0.40909421670233,0.4243085102832155,0.4077165300541606,0.016591980229054892,0.040694892176313856,0.08384680668182881,1.07,1.07,0.0,,,plate,-0.022395329782210746,-0.04087359990217747,-0.160176928341563,0.16681981398489648,0.024785417537000032,-0.013148898803999942,-0.22370334034599995,0.22545597118772337,-0.04718074731921078,-0.027724701098177526,0.06352641200443696,0.08384680668182881,0.4706524381348282,0.7537667370880515,2.335713112488602,3.591408131187163,1.206190881187655,2.2533449609054506,0.4888259692982742,0.9028242088075792,3.8970102025695414,7.669983474367644,1.442726484710191,3.556103890804443
trial_0013_bite_009_withdrawal,trial_0013_bite_009,trial_0013,withdrawal,retrieval,trial_0013,SUCCESS,0.08370775959118242,0.0745311633117897,0.1373196880264489,0.14647812056393789,0.14647812056393789,0.3809302438159453,0.4350172733727918,0.5880481575629793,0.5939864573031503,0.57506952893798,0.5235744955686888,0.4077165300541606,0.11585796551452826,0.2841630323380262,0.14647812056393789,1.07,1.07,0.0,trial_0017_bite_004_withdrawal,3.6134140521836997,plate,0.04107368953702903,-0.13516232137553075,-0.14431028831008402,0.20194395362066694,0.024785417537000032,-0.013148898803999942,-0.22370334034599995,0.22545597118772337,0.016288272000028997,-0.1220134225715308,0.07939305203591593,0.14647812056393789,0.5626262103293889,0.8484495050199673,4.232390137912225,8.018444579462061,1.68486835824526,4.494766929201468,0.4888259692982742,0.9028242088075792,3.8970102025695414,7.669983474367644,1.442726484710191,3.556103890804443
trial_0013_bite_010_transfer,trial_0013_bite_010,trial_0013,transfer,contextual_promp,trial_0013,SUCCESS,0.07733344135336409,0.07088204207355242,0.11141668308888515,0.11445199482465328,0.11445199482465328,0.40950643475001186,0.461864349306679,0.6645491681933507,0.6760383891394898,0.6760383891394898,0.37988562453290137,0.4961847394438754,0.11629911491097406,0.23438672265761795,0.11445199482465328,1.45,1.34,0.10999999999999988,,,mouth_proxy,-0.02304766716074809,0.17336257195741073,0.001433509708622327,0.1748937713794455,-0.023676979325000083,0.14163475017799987,-0.10853106827300013,0.1799999849678314,0.0006293121642519939,0.03172782177941086,0.10996457798162246,0.11445199482465328,0.4236484048542122,0.6341798325154088,1.3566881522013845,2.2710395678291606,0.3647906895601769,0.7777433576672076,0.5265258714114122,0.7331375007429525,2.574114919297014,7.445788495657793,0.6834101636337501,1.3197664714898485
trial_0013_bite_010_transfer,trial_0013_bite_010,trial_0013,transfer,retrieval,trial_0013,SUCCESS,0.05917570086031152,0.05573559376912721,0.07719014967924286,0.07956301549427597,0.07956301549427597,0.3020963316947209,0.3312218464238936,0.46304970543557444,0.4680762516885029,0.45275392962407235,0.40116769741858727,0.4961847394438754,0.09501704202528816,0.19149529292614562,0.07956301549427597,1.45,1.34,0.10999999999999988,trial_0020_bite_013_transfer,0.794489731033817,mouth_proxy,-0.016917381358579828,0.17538426439523264,-0.03679856824703165,0.17999992392920597,-0.023676979325000083,0.14163475017799987,-0.10853106827300013,0.1799999849678314,0.0067595979664202555,0.03374951421723277,0.07173250002596848,0.07956301549427597,0.46358103593475564,0.7623768993262975,2.706371222829867,6.860129661146214,0.5973109089420143,1.7862716374313836,0.5265258714114122,0.7331375007429525,2.574114919297014,7.445788495657793,0.6834101636337501,1.3197664714898485
trial_0013_bite_010_withdrawal,trial_0013_bite_010,trial_0013,withdrawal,contextual_promp,trial_0013,SUCCESS,0.10958188249620741,0.09457532915745943,0.1857484763681365,0.18846041133532584,0.07445876214227133,0.31041321282224277,0.38411200731285416,0.6995459085428322,0.7118182879465531,0.7118182879465531,0.36027521380414546,0.4502657371341937,0.08999052333004826,0.19986091747244844,0.07445876214227133,1.07,1.39,-0.31999999999999984,,,plate,-0.000916525975693,-0.10110506062047868,-0.2152116230279513,0.23777955334565629,-0.0010625984629999696,-0.02675146080399997,-0.21916486434599994,0.22079403872034695,0.00014607248730696965,-0.07435359981647871,0.003953241318048639,0.07445876214227133,0.42123808004441116,0.7225318873579658,2.3035162382347973,3.524277783595739,1.5022871808001232,2.5502828547806593,0.5895998196254699,1.215953845149141,6.048991221502969,11.851316990331878,1.5070838274447524,4.456985837196064
trial_0013_bite_010_withdrawal,trial_0013_bite_010,trial_0013,withdrawal,retrieval,trial_0013,SUCCESS,0.10085385111324995,0.08724971607672538,0.17682388312892391,0.18127635728885713,0.08978397556203933,0.46938304126336483,0.5357701755728415,0.7316587515498798,0.7617151223237821,0.7617151223237821,0.5368276039664552,0.4502657371341937,0.08656186683226152,0.1922461775199726,0.08978397556203933,1.07,1.39,-0.31999999999999984,trial_0017_bite_001_withdrawal,3.4051798022373987,plate,0.034897238716629336,-0.09241992829451444,-0.16960979643981428,0.196282305530488,-0.0010625984629999696,-0.02675146080399997,-0.21916486434599994,0.22079403872034695,0.035959837179629306,-0.06566846749051447,0.04955506790618566,0.08978397556203933,0.647412183376534,1.1831960862908948,5.767966696559998,11.432189157682416,1.8588341449351986,5.6831851099774084,0.5895998196254699,1.215953845149141,6.048991221502969,11.851316990331878,1.5070838274447524,4.456985837196064
trial_0013_bite_011_transfer,trial_0013_bite_011,trial_0013,transfer,contextual_promp,trial_0013,SUCCESS,0.02408737032955063,0.021268951685770813,0.03880952660551607,0.03938004537263395,0.020511855763930102,0.06098749252674396,0.07128264806671361,0.14246574135035447,0.15588038195575052,0.15588038195575052,0.41282201616113917,0.42591034675787154,0.013088330596732367,0.030730248035446377,0.020511855763930102,1.45,1.3,0.1499999999999999,,,mouth_proxy,-0.029106034310441772,0.17287499422989278,0.0021660184694848317,0.17532146616794025,-0.027913892010000038,0.176918221795,-0.017908027820999983,0.179999833418502,-0.0011921423004417342,-0.004043227565107221,0.020074046290484815,0.020511855763930102,0.45851773721995515,0.6906187145968044,1.413492427932318,2.2007336014100964,0.3665590914691996,0.6744582279321433,0.49672901316659385,0.8776396736840846,2.8008502707267984,9.137287688893247,0.6788394865981572,2.7151577941481566
trial_0013_bite_011_transfer,trial_0013_bite_011,trial_0013,transfer,retrieval,trial_0013,SUCCESS,0.04911607218250359,0.04339805956085638,0.0838080739913561,0.08456532911693046,0.0322701164012539,0.10482285684870743,0.1186472384988959,0.1944912705062392,0.20486800034580954,0.20486800034580954,0.4459422302323451,0.42591034675787154,0.020031883474473544,0.04703309893023471,0.03227011640125392,1.45,1.3,0.1499999999999999,trial_0014_bite_002_transfer,1.0372118495832794,mouth_proxy,-0.015293053476710073,0.17298696979054945,-0.04734643988660914,0.18000015158853136,-0.027913892010000038,0.176918221795,-0.017908027820999983,0.179999833418502,0.012620838533289965,-0.003931252004450547,-0.029438412065609154,0.0322701164012539,0.47430483160715586,0.6987029195098373,2.5177855032284424,6.9422422782018245,0.793812196474462,1.6645927737422426,0.49672901316659385,0.8776396736840846,2.8008502707267984,9.137287688893247,0.6788394865981572,2.7151577941481566
trial_0013_bite_011_withdrawal,trial_0013_bite_011,trial_0013,withdrawal,contextual_promp,trial_0013,SUCCESS,0.0662600646495325,0.0542010886126532,0.12417628976434776,0.12691056455482969,0.046975396186738266,0.24172544193476755,0.28803791455686134,0.5083402961489834,0.529935147777813,0.1744264329829183,0.33137279668243547,0.44768732631286134,0.11631452963042588,0.2598119776773416,0.046975396186738266,1.07,1.17,-0.09999999999999987,,,plate,0.03029575521590175,-0.021516047155931403,-0.19358224718549946,0.19711636029184873,0.011064726537000108,-0.052119897803999934,-0.22358657534599993,0.2298474898609739,0.01923102867890164,0.03060385064806853,0.03000432816050047,0.046975396186738266,0.37428204154595146,0.5934466805051342,1.6499175827258343,2.413645427568485,1.3337687387876789,2.679977511099418,0.5415221660198858,1.097281443437094,5.594382483031316,12.842962200194348,1.8126921943465046,5.1582732667315305
trial_0013_bite_011_withdrawal,trial_0013_bite_011,trial_0013,withdrawal,retrieval,trial_0013,SUCCESS,0.09306594894225195,0.08007150345651978,0.13854831328938852,0.14122969225141907,0.13406690407311977,0.3041078080891499,0.3550087809769692,0.547613252564743,0.5748564858680165,0.5382145997784592,0.4586851042664704,0.44768732631286134,0.010997777953609067,0.024565756739612036,0.13406690407311977,1.07,1.17,-0.09999999999999987,trial_0020_bite_002_withdrawal,1.587429096087255,plate,0.075524692136382,-0.15085919215498939,-0.1597947314022302,0.23237218242264324,0.011064726537000108,-0.052119897803999934,-0.22358657534599993,0.2298474898609739,0.06445996559938189,-0.09873929435098945,0.06379184394376974,0.1340669040731198,0.5327182839889067,0.9097108853150591,4.4725632700071625,14.234513246508229,2.1195225124683437,6.051163795071933,0.5415221660198858,1.097281443437094,5.594382483031316,12.842962200194348,1.8126921943465046,5.1582732667315305
trial_0013_bite_012_transfer,trial_0013_bite_012,trial_0013,transfer,contextual_promp,trial_0013,SUCCESS,0.04955479680984751,0.04639506058007449,0.06777790270409798,0.0686600543372745,0.033836819977296845,0.22996285932995125,0.2467081306043975,0.3088614992115151,0.31321485010704625,0.2857448113678308,0.3993414799187222,0.42100622338308835,0.021664743464366143,0.05145943755955511,0.033836819977296845,1.45,1.39,0.06000000000000005,,,mouth_proxy,-0.030744371204489702,0.17222492709125647,0.017781188648906154,0.1758488343496085,-0.010939184081999962,0.179457372635,-0.008683442099999938,0.18000004585594187,-0.019805187122489742,-0.0072324455437435264,0.026464630748906093,0.033836819977296845,0.44512022646361493,0.6675165230243707,1.410254637112743,2.2899993943202865,0.384145638008829,0.7227029016467607,0.4806377500392862,0.7415970184233255,2.2911551888286548,6.168799183318811,0.4235829193770214,2.0069610924198042
trial_0013_bite_012_transfer,trial_0013_bite_012,trial_0013,transfer,retrieval,trial_0013,SUCCESS,0.020042255140858622,0.01895486940208199,0.02805027744234336,0.028499481747174527,0.011984777852025688,0.1341490565343117,0.13947208844464276,0.1675010148279995,0.17562342364870615,0.09386519662769333,0.4141920720987653,0.42100622338308835,0.006814151284323056,0.01618539324565428,0.011984777852025688,1.45,1.39,0.06000000000000005,trial_0020_bite_013_transfer,0.749646430218219,mouth_proxy,-0.022551449710362916,0.17821886609442789,-0.011377192030432581,0.1799999239292061,-0.010939184081999962,0.179457372635,-0.008683442099999938,0.18000004585594187,-0.011612265628362954,-0.0012385065405721152,-0.002693749930432643,0.011984777852025686,0.47681594648664327,0.7774938656763148,2.7249463470761235,6.87948132410928,0.5973109089420143,1.786271637431382,0.4806377500392862,0.7415970184233255,2.2911551888286548,6.168799183318811,0.4235829193770214,2.0069610924198042
trial_0013_bite_012_withdrawal,trial_0013_bite_012,trial_0013,withdrawal,contextual_promp,trial_0013,SUCCESS,0.155674023512939,0.14086938226760462,0.20255591446297308,0.2034722048018706,0.18205310869137398,0.5030386313897915,0.564673615075526,0.8066416362670654,0.8296140355885119,0.8296140355885119,0.34762418345899626,0.5412642743950783,0.19364009093608203,0.3577551671085181,0.18205310869137398,1.07,0.98,0.09000000000000008,,,plate,0.03878713322785235,0.03993392330952074,-0.1547903003629715,0.16449679942596085,0.06570853553700004,0.21540195319600014,-0.11442270234599991,0.2526027867922884,-0.02692140230914769,-0.17546802988647942,-0.040367598016971595,0.18205310869137398,0.39640249992857285,0.6094184953410744,1.7712598106197275,2.6970614926812506,0.9588173599190983,1.7112012743849838,0.6608785232144246,1.124493653524855,3.6166987751592736,6.499309364785082,0.8217987202132595,1.828340761270668
trial_0013_bite_012_withdrawal,trial_0013_bite_012,trial_0013,withdrawal,retrieval,trial_0013,SUCCESS,0.2710404145185836,0.23836581134232754,0.37476500508658084,0.3769385979914651,0.3769385979914651,1.0466361644442739,1.1963872761814776,1.6396602715877573,1.6476441335793521,1.6282950345468485,0.35368906922602183,0.5412642743950783,0.18757520516905646,0.3465501309479406,0.3769385979914652,1.07,0.98,0.09000000000000008,trial_0014_bite_016_withdrawal,2.135261527074676,plate,-0.009575632660000916,-0.14740472012439448,-0.1836059262434557,0.23565012286758444,0.06570853553700004,0.21540195319600014,-0.11442270234599991,0.2526027867922884,-0.07528416819700096,-0.3628066733203946,-0.06918322389745579,0.3769385979914652,0.3740570155264672,0.558603525217155,2.5719485521553063,4.555824918914231,1.9845815509540905,4.463786857886718,0.6608785232144246,1.124493653524855,3.6166987751592736,6.499309364785082,0.8217987202132595,1.828340761270668
trial_0014_bite_001_transfer,trial_0014_bite_001,trial_0014,transfer,contextual_promp,trial_0014,SUCCESS,0.05120219375263523,0.04699893572024905,0.08133024509348952,0.08268594756702662,0.037825040806029366,0.16341737772217413,0.1725390223116672,0.20599715769871688,0.2104536823500679,0.2036091305144612,0.4450895027050561,0.430622076521407,0.014467426183649101,0.0335965733585187,0.037825040806029366,1.48,1.55,-0.07000000000000006,,,mouth_proxy,-0.06345077379171715,0.16839514158754926,0.018967007731800323,0.18094936249502677,-0.04918187134200005,0.16458377589799983,0.05378949509899983,0.17999995983485498,-0.014268902449717104,0.0038113656895494286,-0.034822487367199506,0.037825040806029366,0.4794794140658481,0.6573413947946011,1.4151006881127064,2.812140530618323,0.42422014587089557,0.5635462704745903,0.49569164794532894,0.8076528366216021,2.3901907529387008,4.2142258298023245,0.5792400814913526,1.6465638708677652
trial_0014_bite_001_transfer,trial_0014_bite_001,trial_0014,transfer,retrieval,trial_0014,SUCCESS,0.032783163826363516,0.03145854406889567,0.04369584818689376,0.04460692994032879,0.02320103188312791,0.12467507756222669,0.12971893402868565,0.17142720808636655,0.1800744834934659,0.14911375091724152,0.4427473648482758,0.430622076521407,0.012125288326868822,0.02815760962563203,0.02320103188312791,1.48,1.55,-0.07000000000000006,trial_0013_bite_003_transfer,1.2815008619176627,mouth_proxy,-0.06502541654788785,0.15391092088809405,0.06695612419259994,0.17999999703539538,-0.04918187134200005,0.16458377589799983,0.05378949509899983,0.17999995983485498,-0.0158435452058878,-0.01067285500990578,0.013166629093600113,0.023201031883127915,0.4618650625780619,0.6273424190209189,3.0174701961091768,7.331982542065815,0.5830266947713558,2.1270140933767236,0.49569164794532894,0.8076528366216021,2.3901907529387008,4.2142258298023245,0.5792400814913526,1.6465638708677652
trial_0014_bite_001_withdrawal,trial_0014_bite_001,trial_0014,withdrawal,contextual_promp,trial_0014,SUCCESS,0.06985517373437686,0.06432641017318166,0.09841312567520666,0.09897771670159043,0.06709849709775467,0.46684312360887126,0.5203259279177047,0.6676544430592843,0.6793653828686754,0.6318349864242174,0.44399550499059226,0.40311888065842455,0.04087662433216771,0.101400917430121,0.06709849709775467,1.11,0.97,0.14000000000000012,,,plate,0.03939584779267949,0.11824875881186632,-0.1064070720746556,0.16388186834226615,0.0005157257229999879,0.13234214624900004,-0.159245702367,0.20706014432809666,0.0388801220696795,-0.014093387437133717,0.052838630292344396,0.06709849709775467,0.49297861394441966,0.7467085919592127,1.7217503104527583,3.0959784940735773,0.8018553282960075,1.8030315498236233,0.4391787027053579,0.6819508799014672,2.030042653711074,5.146913561081453,0.5534535812613245,1.311942592557176
trial_0014_bite_001_withdrawal,trial_0014_bite_001,trial_0014,withdrawal,retrieval,trial_0014,SUCCESS,0.1273233410529528,0.11069637298853098,0.1841770099538255,0.18476846287510568,0.1843329490105313,0.23532818616277168,0.2595199536142718,0.3736336245883277,0.38870731937185254,0.17638029705336783,0.588319435949055,0.40311888065842455,0.18520055529063045,0.45941920405250575,0.1843329490105313,1.11,0.97,0.14000000000000012,trial_0013_bite_001_withdrawal,2.6006744681074316,plate,0.08681734446039549,0.23892644382531408,-0.03607730461665137,0.2567579964997558,0.0005157257229999879,0.13234214624900004,-0.159245702367,0.20706014432809666,0.0863016187373955,0.10658429757631405,0.12316839775034863,0.1843329490105313,0.6432937888792847,1.0077385173679625,3.7006895180528936,9.26866315630328,1.1830088258765925,3.910941312040223,0.4391787027053579,0.6819508799014672,2.030042653711074,5.146913561081453,0.5534535812613245,1.311942592557176
trial_0014_bite_002_transfer,trial_0014_bite_002,trial_0014,transfer,contextual_promp,trial_0014,SUCCESS,0.03480131817533482,0.03294711734174794,0.04715563818035253,0.05012425111907355,0.05012425111907355,0.1277428055216919,0.17327456188069978,0.34563529588270064,0.3625771231244406,0.3625771231244406,0.4366678795000828,0.4661699610052352,0.029502081505152433,0.06328610586905903,0.05012425111907355,1.48,1.73,-0.25,,,mouth_proxy,-0.045396900017207864,0.16820266564880104,0.010079365632698067,0.17451248916364792,-0.03873788952199997,0.17128572195599995,-0.0395048344040001,0.18000015158853136,-0.0066590104952078955,-0.003083056307198906,0.04958420003669817,0.05012425111907355,0.4790791306341409,0.6864908289386235,1.4752270149183988,2.615497492604809,0.38812423852750916,0.7222496766090891,0.4961967517658097,0.7302912843523015,2.5516412943802775,7.132457133696184,0.793812196474462,1.664592773742245
trial_0014_bite_002_transfer,trial_0014_bite_002,trial_0014,transfer,retrieval,trial_0014,SUCCESS,0.06697964045072746,0.06303113869260976,0.09501593029935783,0.09614801976284762,0.06480222419257463,0.25384305327139556,0.299724392313637,0.518134119872208,0.5241456913283944,0.5195450739870547,0.4400647492188145,0.4661699610052352,0.026105211786420723,0.05599934352296791,0.06480222419257463,1.48,1.73,-0.25,trial_0013_bite_006_transfer,0.8336073963538713,mouth_proxy,-0.04346420873371276,0.17285991857012933,0.025105629702317556,0.17999994869907432,-0.03873788952199997,0.17128572195599995,-0.0395048344040001,0.18000015158853136,-0.004726319211712793,0.0015741966141293862,0.06461046410631766,0.06480222419257463,0.4747888092621588,0.7719981633183703,3.1988640690802748,12.035971144135406,0.5495121328921548,2.7726137326968514,0.4961967517658097,0.7302912843523015,2.5516412943802775,7.132457133696184,0.793812196474462,1.664592773742245
trial_0014_bite_002_withdrawal,trial_0014_bite_002,trial_0014,withdrawal,contextual_promp,trial_0014,SUCCESS,0.07432080018412854,0.06382252654104807,0.11335025553132835,0.11405538588555242,0.04857234138584808,0.30719255931011674,0.37722107017076695,0.6045724336241944,0.6120379884474016,0.20073802696170842,0.4480612826117373,0.45016324815922754,0.0021019655474902588,0.0046693406360591464,0.04857234138584808,1.11,1.08,0.030000000000000027,,,plate,0.04075803381792903,0.007466313299162433,-0.21816325593146868,0.2220634355169806,-0.007454384277000015,0.008618317249000043,-0.22395186336699993,0.22424156693776692,0.048212418094929044,-0.00115200394983761,0.005788607435531251,0.04857234138584808,0.5518686712986153,1.0032270057976018,2.9101604706524316,4.993247729764285,1.4877263803623026,2.493744843687267,0.5137792091651998,0.8980355832844924,3.323688458896926,6.880810686385853,1.6486202555878706,4.86352820466081
trial_0014_bite_002_withdrawal,trial_0014_bite_002,trial_0014,withdrawal,retrieval,trial_0014,SUCCESS,0.060738780436769266,0.053646711155923635,0.09145208130866495,0.09198919619311345,0.02760731259125015,0.25332042905116947,0.31741531013518515,0.5492375544744378,0.5615417560895635,0.2321782009514608,0.4365197552793259,0.45016324815922754,0.01364349287990163,0.030307878165735515,0.02760731259125015,1.11,1.08,0.030000000000000027,trial_0017_bite_007_withdrawal,3.136511601961112,plate,-0.02147212842491783,-0.013421973126915968,-0.21501362206013094,0.21649955966036663,-0.007454384277000015,0.008618317249000043,-0.22395186336699993,0.22424156693776692,-0.014017744147917816,-0.02204029037591601,0.008938241306868988,0.02760731259125015,0.4981594023995198,0.8274635627035345,3.2368453153813848,7.43526851583548,1.468539131454536,3.001317085434967,0.5137792091651998,0.8980355832844924,3.323688458896926,6.880810686385853,1.6486202555878706,4.86352820466081
trial_0014_bite_003_transfer,trial_0014_bite_003,trial_0014,transfer,contextual_promp,trial_0014,SUCCESS,0.02518087966755748,0.022754612773230216,0.03637262945995505,0.03694773034894426,0.02038153303397312,0.12334281430103192,0.13142022827844796,0.17783903723811287,0.18079613078880055,0.10710962710134822,0.4235290016268111,0.41868761956623923,0.004841382060571886,0.011563231952231027,0.02038153303397312,1.48,1.31,0.16999999999999993,,,mouth_proxy,-0.05249938631678795,0.16655740579246014,0.014501476878201192,0.17523654818445433,-0.06337749841800001,0.165463729146,0.031702565138000016,0.1800000155693148,0.010878112101212062,0.001093676646460151,-0.017201088259798825,0.02038153303397312,0.4685304808867668,0.6878526973085042,1.5555374516087834,2.9660009997365564,0.37257113191085295,0.8368558820504385,0.44531870059230333,0.6705130148838179,1.8602474856162097,5.2784757683905195,0.6150579336058398,2.077482594061976
trial_0014_bite_003_transfer,trial_0014_bite_003,trial_0014,transfer,retrieval,trial_0014,SUCCESS,0.03841010174421507,0.034557620717148796,0.06136070026087797,0.06187201230007598,0.015257977030763745,0.1486938753278643,0.15489755550541395,0.18634529719466042,0.19341937839452783,0.19341937839452783,0.42988063662078935,0.41868761956623923,0.011193017054550114,0.0267335754187002,0.015257977030763745,1.48,1.31,0.16999999999999993,trial_0013_bite_006_transfer,0.8006010743807832,mouth_proxy,-0.05270152657662443,0.17068300680662885,0.022132370311627347,0.17999994869907426,-0.06337749841800001,0.165463729146,0.031702565138000016,0.1800000155693148,0.010675971841375587,0.005219277660628852,-0.009570194826372669,0.015257977030763745,0.46229739686286314,0.7500869318629517,3.1730286848918996,12.140341628691392,0.5495121328921548,2.772613732696848,0.44531870059230333,0.6705130148838179,1.8602474856162097,5.2784757683905195,0.6150579336058398,2.077482594061976
trial_0014_bite_003_withdrawal,trial_0014_bite_003,trial_0014,withdrawal,contextual_promp,trial_0014,SUCCESS,0.09308186342000085,0.08239021832329893,0.1499788223157179,0.15230354925905396,0.15230354925905396,0.431084112471702,0.5201947080620056,0.7989512847094803,0.8085820458838542,0.8040128326917441,0.42196651974212146,0.4975641158458954,0.07559759610377392,0.15193538620696648,0.15230354925905396,1.11,1.01,0.10000000000000009,,,plate,0.01156416424248144,0.09340460836589921,-0.1418425350081224,0.17022765784720334,0.0669745467230001,-0.03269331975099994,-0.20684540536699994,0.21986237692368144,-0.05541038248051866,0.12609792811689916,0.06500287035887753,0.15230354925905396,0.4992349038651197,0.8572935413269422,2.097939818299469,3.0998128223761023,1.0247097834112173,1.5764612786321015,0.5730821842971402,1.047228519705674,3.910239024765139,6.832573157551863,2.0835709269273948,4.280496517646714
trial_0014_bite_003_withdrawal,trial_0014_bite_003,trial_0014,withdrawal,retrieval,trial_0014,SUCCESS,0.12860193696414157,0.11624811806056443,0.18006265460973972,0.18159412677306128,0.18023562327225648,0.6508417697075617,0.7486374805529157,1.0423013211181138,1.0697499669842534,0.8136587179644016,0.5026358152645921,0.4975641158458954,0.005071699418696729,0.010193057049691916,0.18023562327225648,1.11,1.01,0.10000000000000009,trial_0015_bite_017_withdrawal,1.8123963215792316,plate,-0.011570142674491718,0.11679879686311985,-0.14385557496541285,0.18566166432198636,0.0669745467230001,-0.03269331975099994,-0.20684540536699994,0.21986237692368144,-0.07854468939749182,0.1494921166141198,0.0629898304015871,0.18023562327225648,0.5817329240479447,1.069404375534164,4.39525429140529,13.64004439370742,1.596115982001464,4.163294920665132,0.5730821842971402,1.047228519705674,3.910239024765139,6.832573157551863,2.0835709269273948,4.280496517646714
trial_0014_bite_004_transfer,trial_0014_bite_004,trial_0014,transfer,contextual_promp,trial_0014,SUCCESS,0.009791136488908973,0.009415308267449069,0.012844229942443695,0.013193433247741018,0.01217195542444712,0.048691498436265475,0.053388497991064605,0.07873425161147453,0.08394447635969947,0.08394447635969947,0.44078758795879647,0.4484250945841808,0.007637506625384316,0.017031844822303008,0.01217195542444712,1.48,1.11,0.3699999999999999,,,mouth_proxy,-0.04129037068475758,0.1724146843744277,0.009349544383958186,0.17753628383912348,-0.04916984845400002,0.173153929163,0.00010163402099994112,0.17999990975289065,0.007879477769242443,-0.0007392447885722908,0.009247910362958245,0.01217195542444712,0.48286410323702394,0.6760210092820315,1.4990094827921168,2.750385853263328,0.38909877074520727,0.6140279082748094,0.47756525988524323,0.6852801797759216,1.6833602352440564,3.4577470632104617,0.5696090488689827,1.204497917508901
trial_0014_bite_004_transfer,trial_0014_bite_004,trial_0014,transfer,retrieval,trial_0014,SUCCESS,0.021848382750537083,0.020225475477541725,0.034104980744817805,0.03591722979355703,0.012638284833021408,0.0802387474880689,0.08368165785990647,0.11292319419194555,0.12027251330813903,0.07025600112338759,0.46985351975911455,0.4484250945841808,0.021428425174933763,0.047785963439008886,0.012638284833021408,1.48,1.11,0.3699999999999999,trial_0017_bite_010_transfer,0.6428272798953166,mouth_proxy,-0.04177559208281045,0.17479818511855638,-0.010015066952653418,0.17999974216836148,-0.04916984845400002,0.173153929163,0.00010163402099994112,0.17999990975289065,0.007394256371189567,0.0016442559555563951,-0.010116700973653359,0.012638284833021408,0.5290475502909048,0.9330334277041529,4.4665726442293385,12.55655155382112,0.8395199372949194,2.6883984261191465,0.47756525988524323,0.6852801797759216,1.6833602352440564,3.4577470632104617,0.5696090488689827,1.204497917508901
trial_0014_bite_004_withdrawal,trial_0014_bite_004,trial_0014,withdrawal,contextual_promp,trial_0014,SUCCESS,0.10078634753360881,0.08493117743708795,0.18260372245295295,0.1879349245112727,0.1879349245112727,0.29123779151757806,0.3381347567749438,0.5582160906011256,0.5669180755369732,0.5582160906011256,0.5201521658952116,0.47138283509374224,0.04876933080146939,0.10346013297614201,0.1879349245112727,1.11,0.94,0.17000000000000015,,,plate,0.08571258318747801,0.12314358445114522,-0.17347289623404402,0.22935525944694202,-0.026147496277,-0.019069619751000064,-0.224288868367,0.22661164672706677,0.11186007946447801,0.14221320420214528,0.05081597213295597,0.1879349245112727,0.6335440959938614,1.1139263496502145,2.941498960705931,4.718396558820448,1.1268982679149344,2.0341174259767127,0.5246163983713327,0.8642480228100441,3.218642040555432,6.155097970938231,1.692709951227197,3.4392068085358862
trial_0014_bite_004_withdrawal,trial_0014_bite_004,trial_0014,withdrawal,retrieval,trial_0014,SUCCESS,0.13048863150094026,0.10188913216849654,0.24473098040291397,0.24921834409040383,0.24921834409040383,0.3243673714892761,0.3891819219504572,0.7378943847785858,0.7869735070083483,0.7869735070083483,0.611757066314718,0.47138283509374224,0.1403742312209758,0.2977924115396779,0.24921834409040383,1.11,0.94,0.17000000000000015,trial_0015_bite_018_withdrawal,2.6305489958934687,plate,0.11001694958052308,0.14073931634155828,-0.09001254632755334,0.20003385427387663,-0.026147496277,-0.019069619751000064,-0.224288868367,0.22661164672706677,0.13616444585752308,0.15980893609255836,0.13427632203944664,0.24921834409040383,0.7278401715562,1.332736763359478,4.936618410937763,9.308917540463039,1.1395557384724897,2.5965794300051774,0.5246163983713327,0.8642480228100441,3.218642040555432,6.155097970938231,1.692709951227197,3.4392068085358862
trial_0014_bite_005_transfer,trial_0014_bite_005,trial_0014,transfer,contextual_promp,trial_0014,SUCCESS,0.025564401566289873,0.022972596623203136,0.03724352329351744,0.03744999367864905,0.011792588266630415,0.0843069386666119,0.09237552121453148,0.14392534482378905,0.1490260059127407,0.07667905068923454,0.4317480935522463,0.4372733349186739,0.005525241366427569,0.012635669557703946,0.011792588266630415,1.48,1.23,0.25,,,mouth_proxy,-0.03224617096617738,0.17465146482164562,-0.0007277393362463691,0.17760484033625878,-0.0433342599960001,0.17467496371899988,0.0032870916059998256,0.1800000166968356,0.011088089029822723,-2.3498897354257142e-05,-0.004014830942246195,0.011792588266630415,0.4843191420648882,0.7296946957615867,1.6303604364627975,3.0941473558399526,0.4525980417832844,1.0538485074782398,0.4769090234220687,0.6973229257136482,2.8081630746382342,8.64740279247699,0.7180228823471859,4.056608352787577
trial_0014_bite_005_transfer,trial_0014_bite_005,trial_0014,transfer,retrieval,trial_0014,SUCCESS,0.04538241413529297,0.039262733157315564,0.07095719544194144,0.0714665702186498,0.0015891938200957364,0.08332551483296659,0.09415841884831147,0.158211207607512,0.18689298304363372,0.009043482940713127,0.4469871825003062,0.4372733349186739,0.009713847581632351,0.02221458937906419,0.0015891938200957361,1.48,1.23,0.25,trial_0019_bite_005_transfer,0.7992308549858366,mouth_proxy,-0.04361059395586048,0.1745697919454694,0.004848538191224827,0.1800000124657195,-0.0433342599960001,0.17467496371899988,0.0032870916059998256,0.1800000166968356,-0.00027633395986037534,-0.00010517177353047691,0.0015614465852250015,0.0015891938200957361,0.5433530543014589,0.8976506990310739,3.674899137853041,12.500512732999782,0.8024403247277365,2.6620047602777506,0.4769090234220687,0.6973229257136482,2.8081630746382342,8.64740279247699,0.7180228823471859,4.056608352787577
trial_0014_bite_005_withdrawal,trial_0014_bite_005,trial_0014,withdrawal,contextual_promp,trial_0014,SUCCESS,0.09343213613071806,0.0739611732592588,0.14774374376619906,0.15004745494075514,0.15004745494075514,0.19787569166805216,0.2773156851722625,0.6019444933757586,0.6412479297029473,0.6412479297029473,0.4364137484415253,0.3348859492788396,0.10152779916268573,0.30317127183544385,0.15004745494075514,1.11,0.61,0.5000000000000001,,,plate,0.04860958409626162,0.10353366439346458,-0.15058122961129652,0.18909473297794438,-0.016311716276999996,-0.01117073075099996,-0.222291516367,0.22316893951030217,0.06492130037326162,0.11470439514446454,0.07171028675570348,0.15004745494075514,0.5038355570478168,0.829175813140603,1.9654246837379619,2.88229935044192,0.9527744064019462,1.3238677846243365,0.35957504423904335,0.5594925411689542,1.7051285843985822,3.2066129602769795,1.6671914473748186,3.4405051286711954
trial_0014_bite_005_withdrawal,trial_0014_bite_005,trial_0014,withdrawal,retrieval,trial_0014,SUCCESS,0.09284459068963197,0.07721242216377051,0.13826850247686256,0.13963560579556042,0.10465474198535873,0.20020073480270323,0.2264083071064795,0.39892646507838114,0.4297456430329019,0.4297456430329019,0.471292842552708,0.3348859492788396,0.1364068932738684,0.40732342926782666,0.10465474198535873,1.11,0.61,0.5000000000000001,trial_0019_bite_001_withdrawal,1.102423269712052,plate,0.02268228084737947,0.08408480225463495,-0.2033583011065565,0.2212223733341304,-0.016311716276999996,-0.01117073075099996,-0.222291516367,0.22316893951030217,0.03899399712437947,0.09525553300563491,0.018933215260443503,0.10465474198535873,0.5509194394244995,0.9783281397256454,3.039725165718652,5.996138501187082,1.7248221609163303,3.0954175431422946,0.35957504423904335,0.5594925411689542,1.7051285843985822,3.2066129602769795,1.6671914473748186,3.4405051286711954
trial_0014_bite_006_transfer,trial_0014_bite_006,trial_0014,transfer,contextual_promp,trial_0014,SUCCESS,0.022704878545233894,0.020494829617492893,0.03245952416782768,0.03281096442741263,0.014264639606916275,0.07047957531305216,0.07616848892532523,0.10743105890844117,0.10974299299722479,0.08246262296833719,0.38183616195892944,0.3734813556037276,0.00835480635520186,0.022370076122532084,0.014264639606916277,1.48,0.9,0.58,,,mouth_proxy,-0.03502223903993082,0.17317462650183058,0.004330236740979099,0.17673358323095104,-0.038004422888999995,0.17500238713600003,0.01815940206900002,0.179999820960822,0.0029821838490691754,-0.0018277606341694508,-0.01382916532802092,0.014264639606916277,0.42639180336006544,0.6404989849958558,1.3663242197817684,2.4718906156137437,0.3666723420732045,0.7759992400753296,0.4064111033595553,0.6305754431402857,1.4215447697181562,3.8067352776277907,0.4619479692219972,1.5052719745521077
trial_0014_bite_006_transfer,trial_0014_bite_006,trial_0014,transfer,retrieval,trial_0014,SUCCESS,0.048352522844932515,0.04435744975008975,0.0642488087616518,0.06482589994550218,0.048641402547473615,0.14150740240582135,0.165656554947099,0.25697523485247753,0.2711892261890339,0.2711892261890339,0.40234869090677555,0.3734813556037276,0.02886733530304797,0.07729257396633443,0.048641402547473615,1.48,0.9,0.58,trial_0020_bite_013_transfer,0.9873488261250873,mouth_proxy,-0.028342350028839638,0.17528757524064414,-0.029511858220353515,0.17999992392920613,-0.038004422888999995,0.17500238713600003,0.01815940206900002,0.179999820960822,0.009662072860160357,0.0002851881046441185,-0.047671260289353534,0.048641402547473615,0.46408711447847684,0.7649735439849858,2.709562247510362,6.8902694701525355,0.5973109089420146,1.7862716374313818,0.4064111033595553,0.6305754431402857,1.4215447697181562,3.8067352776277907,0.4619479692219972,1.5052719745521077
trial_0014_bite_006_withdrawal,trial_0014_bite_006,trial_0014,withdrawal,contextual_promp,trial_0014,SUCCESS,0.03254077656856418,0.028352072482086276,0.05600996696904142,0.06181225098606473,0.06181225098606473,0.3309086362177874,0.38737596580131,0.5922924661069564,0.6017330496996206,0.22713944395728097,0.3931835862401963,0.40958102354163983,0.01639743730144355,0.0400346606872926,0.06181225098606473,1.11,0.8,0.31000000000000005,,,plate,0.057883234357690855,0.0691621359138103,-0.1560566615665352,0.18024303449276433,0.02363749972299997,0.07682434024900002,-0.206941577367,0.2220034393674814,0.03424573463469088,-0.007662204335189715,0.05088491580046481,0.06181225098606473,0.46183127340371916,0.8069886638983459,2.044493619768379,2.908066076860844,1.1357103404008446,1.960361839420323,0.46394838584949727,0.7472391646933743,2.5272490551146913,4.53945005026145,1.4168578692933615,3.7503107763714545
trial_0014_bite_006_withdrawal,trial_0014_bite_006,trial_0014,withdrawal,retrieval,trial_0014,SUCCESS,0.04086579643370647,0.03798992450212397,0.05699056235069679,0.06866395826946677,0.06866395826946677,0.15638853301523645,0.16690654289871942,0.2521887830825728,0.27345098267687956,0.16248183556964826,0.4744052750769736,0.40958102354163983,0.06482425153533378,0.15826966536388729,0.06866395826946677,1.11,0.8,0.31000000000000005,trial_0015_bite_017_withdrawal,1.354264972071119,plate,0.019166500752885368,0.1110240873289103,-0.14756880049821547,0.18566166432198644,0.02363749972299997,0.07682434024900002,-0.206941577367,0.2220034393674814,-0.0044709989701146036,0.034199747079910275,0.05937277686878453,0.06866395826946677,0.5460728083903529,1.0103886390824783,4.348575444167176,13.519420670412996,1.5961159820014643,4.163294920665121,0.46394838584949727,0.7472391646933743,2.5272490551146913,4.53945005026145,1.4168578692933615,3.7503107763714545
trial_0014_bite_007_transfer,trial_0014_bite_007,trial_0014,transfer,contextual_promp,trial_0014,SUCCESS,0.03572450343533457,0.03120694295167752,0.058551020336773014,0.05917305959461359,0.012268589186101884,0.061037096602667575,0.06430901201562572,0.08181223257985107,0.0934370253220072,0.07223768429174714,0.39406307982131067,0.39625260140587343,0.002189521584562759,0.005525570246843824,0.012268589186101884,1.48,1.1,0.3799999999999999,,,mouth_proxy,-0.036652280935229736,0.17299721990338596,-0.0013477918892063623,0.17684242798330974,-0.04342046410400005,0.1744635289269999,0.00877939503799996,0.179999826127422,0.006768183168770314,-0.001466309023613943,-0.010127186927206322,0.012268589186101884,0.44160263515128045,0.6686362125050866,1.45718420887587,2.7034276176993393,0.39557239832541863,0.9083522492451672,0.4390560947099612,0.6965632489736352,1.7717682682851648,4.304425014022041,0.4979018209188715,1.3063225263015783
trial_0014_bite_007_transfer,trial_0014_bite_007,trial_0014,transfer,retrieval,trial_0014,SUCCESS,0.04296318820853357,0.03684098764301048,0.0692390960570771,0.07068014698855059,0.008392286288369093,0.10535979294899368,0.11806954390201256,0.18479334842623296,0.1895169069600871,0.051250907951027734,0.41050126821244415,0.39625260140587343,0.01424866680657072,0.03595854451432636,0.008392286288369091,1.48,1.1,0.3799999999999999,trial_0019_bite_019_transfer,0.994280869586751,mouth_proxy,-0.03637296341883561,0.17622722070140973,0.004577895952740774,0.17999995254267553,-0.04342046410400005,0.1744635289269999,0.00877939503799996,0.179999826127422,0.007047500685164437,0.0017636917744098257,-0.004201499085259186,0.008392286288369091,0.4754065116399479,0.79591122863483,3.1995515108252603,6.95543381663951,0.7576811553301052,2.185534307502559,0.4390560947099612,0.6965632489736352,1.7717682682851648,4.304425014022041,0.4979018209188715,1.3063225263015783
trial_0014_bite_007_withdrawal,trial_0014_bite_007,trial_0014,withdrawal,contextual_promp,trial_0014,SUCCESS,0.0990652198908057,0.07665596418800036,0.16906838458831466,0.16943222226025012,0.16943222226025012,0.3082788840203792,0.39163878698005117,0.6014682814097121,0.6083226355420276,0.42743932891827535,0.39928431882620047,0.32943812296115,0.06984619586505048,0.21201612987968396,0.16943222226025012,1.11,0.85,0.2600000000000001,,,plate,0.05996620684521528,0.08955775627704139,-0.1656631039008538,0.1976380572330293,-0.029061604276999956,-0.04766454575099997,-0.20983737936699998,0.21713638926815648,0.08902781112221524,0.13722230202804137,0.04417427546614619,0.16943222226025012,0.4605056083029354,0.7801966889658974,1.9202922586496438,2.542740371771457,1.099567095551695,1.7497869017480105,0.36152377233354793,0.6286435236628402,2.439426379314947,6.284413007359945,1.5445245486050494,4.573138085187349
trial_0014_bite_007_withdrawal,trial_0014_bite_007,trial_0014,withdrawal,retrieval,trial_0014,SUCCESS,0.11944641274620152,0.0874396015939937,0.222989588571292,0.22646674325321636,0.22646674325321636,0.3261222871884977,0.4065750050707745,0.654109227628177,0.6737257448230425,0.5133448490193596,0.4210130887777533,0.32943812296115,0.0915749658166033,0.27797318960381084,0.22646674325321636,1.11,0.85,0.2600000000000001,trial_0015_bite_007_withdrawal,1.0901717322648445,plate,0.07099630029200793,0.15303026380409662,-0.1782589856361427,0.24542820183330785,-0.029061604276999956,-0.04766454575099997,-0.20983737936699998,0.21713638926815648,0.10005790456900789,0.2006948095550966,0.031578393730857274,0.2264667432532164,0.46513296917469277,0.7415667538685593,2.4510890015799363,4.892480943374816,1.1991470026071225,2.2280247776238578,0.36152377233354793,0.6286435236628402,2.439426379314947,6.284413007359945,1.5445245486050494,4.573138085187349
trial_0014_bite_008_transfer,trial_0014_bite_008,trial_0014,transfer,contextual_promp,trial_0014,SUCCESS,0.023408957966876684,0.021821628267472793,0.02941472944935772,0.029775678911058475,0.019660157977846687,0.10375804592675184,0.11549640274092247,0.17244271432220168,0.1752768917039325,0.15701537951053346,0.39252261129751953,0.374635614991802,0.01788699630571755,0.04774505036342838,0.019660157977846714,1.48,0.93,0.5499999999999999,,,mouth_proxy,-0.04474696808862996,0.17197055243543125,-0.0023629442724327765,0.17771253631555342,-0.04004965115000003,0.17470763942799994,0.016530583192999937,0.1799999833678921,-0.004697316938629931,-0.0027370869925686936,-0.018893527465432713,0.019660157977846687,0.44053305800942105,0.6762152471079362,1.42421043232225,2.6593141214398863,0.4106479991765163,0.9574555792114549,0.414495035022172,0.6430343769457009,1.44009129296242,3.6450688397674065,0.4737622593983869,1.4106898048439118
trial_0014_bite_008_transfer,trial_0014_bite_008,trial_0014,transfer,retrieval,trial_0014,SUCCESS,0.02080133688783773,0.01931841286118294,0.028985991681735365,0.029238445700035122,0.005405655743000538,0.11149825112942768,0.11791356203792333,0.16918367682169044,0.17273249147465944,0.13317527294608697,0.3925327845973664,0.374635614991802,0.017897169605564422,0.04777220554953394,0.005405655743000538,1.48,0.93,0.5499999999999999,trial_0019_bite_020_transfer,0.8683002264765017,mouth_proxy,-0.0449042124869717,0.17371552749316233,0.01436955053564204,0.17999987992745747,-0.04004965115000003,0.17470763942799994,0.016530583192999937,0.1799999833678921,-0.004854561336971666,-0.000992111934837614,-0.0021610326573578975,0.005405655743000538,0.45689698777054183,0.7157896425490581,2.8067503678354293,6.156328833468567,0.576388777981088,1.437932404160474,0.414495035022172,0.6430343769457009,1.44009129296242,3.6450688397674065,0.4737622593983869,1.4106898048439118
trial_0014_bite_008_withdrawal,trial_0014_bite_008,trial_0014,withdrawal,contextual_promp,trial_0014,SUCCESS,0.07438063874585643,0.06739345791832081,0.09224564367667001,0.0925414372936629,0.08580679626819705,0.24874697805289464,0.3034902371538882,0.5536305058351612,0.5633100711838508,0.40968965753402226,0.36501209741902396,0.3358446878377077,0.02916740958131625,0.08684791106599547,0.08580679626819705,1.11,0.73,0.3800000000000001,,,plate,0.030395591818369372,0.03431653491409607,-0.16762256294429834,0.1737781349264474,0.060802425722999986,-0.029261388751000025,-0.21657231636700003,0.22684076366915631,-0.030406833904630615,0.0635779236650961,0.04894975342270169,0.08580679626819705,0.41833478579321803,0.6920061080239842,1.8351370105210274,2.8130508731185175,1.2281752871555034,1.9813499221408906,0.3715966812754696,0.5288804880148762,2.21817785335169,4.319952438493579,1.9408456567251968,4.922982814378649
trial_0014_bite_008_withdrawal,trial_0014_bite_008,trial_0014,withdrawal,retrieval,trial_0014,SUCCESS,0.09960760340436431,0.09019716068243797,0.1649682646908471,0.16870413337262294,0.05677222845438818,0.8798315692005406,1.005804768592832,1.5505333653765294,1.5775749873611384,0.4825701997332857,0.4255093867453767,0.3358446878377077,0.08966469890766898,0.2669826326120073,0.05677222845438818,1.11,0.73,0.3800000000000001,trial_0019_bite_007_withdrawal,0.7292265999532858,plate,0.00730216917121107,-0.04229349993358748,-0.20275303452260995,0.20724588010226888,0.060802425722999986,-0.029261388751000025,-0.21657231636700003,0.22684076366915631,-0.053500256551788916,-0.013032111182587458,0.013819281844390074,0.05677222845438818,0.5473366178202239,1.1514982770468247,5.609323077720047,12.653846102978516,2.567319120213719,6.969533641123186,0.3715966812754696,0.5288804880148762,2.21817785335169,4.319952438493579,1.9408456567251968,4.922982814378649
trial_0014_bite_009_transfer,trial_0014_bite_009,trial_0014,transfer,contextual_promp,trial_0014,SUCCESS,0.04451147420070463,0.041446352070920504,0.058174532342428406,0.05852186898473554,0.03349897084674374,0.17917463401486883,0.19286591838109748,0.23802142512257418,0.24080532604906763,0.21053945803628005,0.4193001582099843,0.3952644717030442,0.0240356865069401,0.06080912459290731,0.03349897084674374,1.48,1.13,0.3500000000000001,,,mouth_proxy,-0.04317654990893355,0.17155863091794604,0.0052967137798012875,0.1769876647717117,-0.050688171618000044,0.16852802833499997,0.037801667787999926,0.17999986989998823,0.007511621709066496,0.0030306025829460737,-0.03250495400819864,0.03349897084674374,0.4718477980557629,0.7319578044576217,1.712641641338378,3.385991647000163,0.38590407147526185,0.9753919141616262,0.45369882387466753,0.7372809873572338,2.231834432237299,4.949079330672009,0.6482753488962174,2.7738153730650463
trial_0014_bite_009_transfer,trial_0014_bite_009,trial_0014,transfer,retrieval,trial_0014,SUCCESS,0.05292015585167683,0.04997516398863777,0.06718413117500498,0.06746477375338839,0.035942667388339,0.13798946953392702,0.15225987169236657,0.2138103420716893,0.2179869206679501,0.20262311664163526,0.45039727584870015,0.3952644717030442,0.05513280414565597,0.13948332848664516,0.035942667388339,1.48,1.13,0.3500000000000001,trial_0019_bite_005_transfer,1.5523158492133848,mouth_proxy,-0.06494895848141058,0.16780474633590542,0.004817093208737411,0.18000001246571962,-0.050688171618000044,0.16852802833499997,0.037801667787999926,0.17999986989998823,-0.014260786863410535,-0.0007232819990945494,-0.032984574579262516,0.035942667388339,0.5421385732790911,0.88974507000185,3.672028330476997,12.324611117626207,0.8024403247277361,2.6620047602777523,0.45369882387466753,0.7372809873572338,2.231834432237299,4.949079330672009,0.6482753488962174,2.7738153730650463
trial_0014_bite_009_withdrawal,trial_0014_bite_009,trial_0014,withdrawal,contextual_promp,trial_0014,SUCCESS,0.058860281740978404,0.049247780756371255,0.08373407658070775,0.084290364462233,0.084290364462233,0.1673136016358584,0.19857501539632558,0.29639947101342157,0.3009737002132646,0.17574379326245002,0.36937598807213057,0.29511161666866825,0.07426437140346231,0.2516484177809965,0.084290364462233,1.11,0.51,0.6000000000000001,,,plate,0.02808162360267874,0.03338926819787123,-0.1536676730480441,0.15974096079262975,0.029521669722999994,0.018552109249000012,-0.23662941436699997,0.2391844256729315,-0.0014400461203212533,0.01483715894887122,0.08296174131895587,0.084290364462233,0.43144448213030645,0.7372130479303639,1.9012251404041745,2.7096193927628778,1.214320493467076,2.175118699150161,0.319305495562835,0.4875673825621934,1.173253396194332,2.687066902098546,1.1786561774352087,1.938617772380457
trial_0014_bite_009_withdrawal,trial_0014_bite_009,trial_0014,withdrawal,retrieval,trial_0014,SUCCESS,0.05543248798587773,0.05121760844506176,0.0815179169611474,0.08350749464187018,0.06506910843162671,0.27650402696417964,0.35637696128203855,0.7075737637772677,0.7160170885164413,0.7080499618888189,0.4550676927185018,0.29511161666866825,0.15995607604983353,0.5420189074746644,0.06506910843162671,1.11,0.51,0.6000000000000001,trial_0019_bite_023_withdrawal,1.2712603373080527,plate,0.020100930389496674,-0.03199306629711947,-0.1967492968708222,0.20034442720669374,0.029521669722999994,0.018552109249000012,-0.23662941436699997,0.2391844256729315,-0.00942073933350332,-0.05054517554611948,0.03988011749617776,0.06506910843162671,0.5582172556892591,1.1209025070016836,5.055928620848387,12.578792180219205,2.0765262476770383,5.598796241627542,0.319305495562835,0.4875673825621934,1.173253396194332,2.687066902098546,1.1786561774352087,1.938617772380457
trial_0014_bite_010_transfer,trial_0014_bite_010,trial_0014,transfer,contextual_promp,trial_0014,SUCCESS,0.01914461869662031,0.017898620053812854,0.02937086987495906,0.029820741759770914,0.01417257384077616,0.08774116184515211,0.09264261018403706,0.12036281078077302,0.12573816548659858,0.12573816548659858,0.4640741443078799,0.47635204145585414,0.012277897147974226,0.025774838941489197,0.01417257384077616,1.48,1.23,0.25,,,mouth_proxy,-0.031103456625403533,0.17394848189828727,-0.0017781426400431677,0.17671632963598885,-0.04247527381400001,0.1747906754039999,0.006638170875999938,0.17999998446205406,0.011371817188596475,-0.0008421935057126295,-0.008416313516043106,0.014172573840776156,0.5176915830380756,0.7634375940600288,1.7967403583321682,3.47220179597371,0.45750063675900066,1.0898944443072773,0.5463889950996542,0.9788226970245426,3.1513169762924487,9.12917923651495,0.8215830003165969,2.1285866172754524
trial_0014_bite_010_transfer,trial_0014_bite_010,trial_0014,transfer,retrieval,trial_0014,SUCCESS,0.02868714565249998,0.026206494740008898,0.044472002038581294,0.04519039500527233,0.012900753332908185,0.10249109814053554,0.10975614453750865,0.18559734539734798,0.20347337753734987,0.10571632584876013,0.4811002727513136,0.47635204145585414,0.004748231295459482,0.009967903739737669,0.012900753332908185,1.48,1.23,0.25,trial_0019_bite_005_transfer,0.8981313420952075,mouth_proxy,-0.048970966605988146,0.17315484724633373,-0.004387230610895743,0.18000001246571945,-0.04247527381400001,0.1747906754039999,0.006638170875999938,0.17999998446205406,-0.006495692791988139,-0.0016358281576661637,-0.01102540148689568,0.012900753332908185,0.5767653368542135,0.9410206147542707,3.7237840208396453,12.533075231841355,0.8024403247277361,2.662004760277753,0.5463889950996542,0.9788226970245426,3.1513169762924487,9.12917923651495,0.8215830003165969,2.1285866172754524
trial_0014_bite_010_withdrawal,trial_0014_bite_010,trial_0014,withdrawal,contextual_promp,trial_0014,SUCCESS,0.08042332007001962,0.07238842132374902,0.10653111699639298,0.107710592716896,0.09025603324632783,0.42334420741535933,0.4610202474693221,0.6422761987475201,0.644785898222629,0.39734226251698673,0.38353888348254955,0.3258787441543661,0.05766013932818348,0.17693740497806248,0.09025603324632783,1.11,0.76,0.3500000000000001,,,plate,0.018504429567132358,0.01025292487711392,-0.1472605054970961,0.14877228525972494,0.03113659872299998,-0.059728749750999996,-0.20284058336699998,0.2137318731203177,-0.012632169155867623,0.06998167462811392,0.05558007786990388,0.09025603324632783,0.4520110043490108,0.7504103592836929,2.048736929008551,2.8621091549523494,1.1889417561236226,2.34298862864436,0.37776306835271617,0.5494563466264492,2.3253255345531065,4.1712006334389375,1.6757162041986968,4.212462227060345
trial_0014_bite_010_withdrawal,trial_0014_bite_010,trial_0014,withdrawal,retrieval,trial_0014,SUCCESS,0.050034467839448496,0.0432278651821968,0.09066781144370421,0.09297086272785915,0.05655297665630932,0.5839320198037015,0.6571808221238593,1.0229542342166331,1.0470529259612438,1.0470529259612438,0.4278353990884855,0.3258787441543661,0.10195665493411943,0.312866846221254,0.05655297665630932,1.11,0.76,0.3500000000000001,trial_0019_bite_024_withdrawal,1.3225648510511478,plate,0.014764490411585063,-0.11385991733891178,-0.20274091542945621,0.23299345429155627,0.03113659872299998,-0.059728749750999996,-0.20284058336699998,0.2137318731203177,-0.016372108311414918,-0.05413116758791178,9.966793754376257e-05,0.05655297665630932,0.48579443558922786,0.8507514701923944,3.9728616532022007,7.7299580429627675,2.8505648183005303,6.1120907945137155,0.37776306835271617,0.5494563466264492,2.3253255345531065,4.1712006334389375,1.6757162041986968,4.212462227060345
trial_0014_bite_011_transfer,trial_0014_bite_011,trial_0014,transfer,contextual_promp,trial_0014,SUCCESS,0.05108395913135529,0.04390823628064162,0.08152700154007105,0.08189475150522837,0.010410309160780545,0.08337664745385451,0.08683697582419593,0.11916387621869512,0.12030574551525453,0.07303477055157653,0.4200216828026636,0.40781211738800516,0.012209565414658452,0.029939192324297443,0.010410309160780543,1.48,1.3,0.17999999999999994,,,mouth_proxy,-0.022796815989233714,0.17660304075640498,-0.004030840889968079,0.17811394246923978,-0.02341496816000007,0.17836230085699983,0.006211103681999841,0.17999985808295874,0.0006181521707663562,-0.0017592601005948505,-0.01024194457196792,0.010410309160780543,0.47206009756015,0.7120449776371768,1.5247421641250776,2.7702970785664234,0.459261741438456,1.0024804455352405,0.4751937269526373,0.7802743097218321,2.3090477780915206,6.742613333234571,0.5260302613776485,1.7141215403312318
trial_0014_bite_011_transfer,trial_0014_bite_011,trial_0014,transfer,retrieval,trial_0014,SUCCESS,0.06898911434091269,0.05907441083330914,0.10783361222268692,0.10861779411579468,0.018179222419822196,0.14093382941089427,0.14967875883349216,0.19868815099372528,0.2013365922609944,0.11079038354320768,0.43025192441266835,0.40781211738800516,0.022439807024663194,0.055024865784734055,0.018179222419822196,1.48,1.3,0.17999999999999994,trial_0019_bite_016_transfer,0.7453774951919122,mouth_proxy,-0.03983699188440889,0.17553314033386747,-0.0010550586695217135,0.17999995118517062,-0.02341496816000007,0.17836230085699983,0.006211103681999841,0.17999985808295874,-0.01642202372440882,-0.002829160523132368,-0.0072661623515215545,0.018179222419822196,0.5166833468184252,0.9087828289439996,3.3426490830947064,12.881972079691549,0.6954917030719183,3.0792890265659847,0.4751937269526373,0.7802743097218321,2.3090477780915206,6.742613333234571,0.5260302613776485,1.7141215403312318
trial_0014_bite_011_withdrawal,trial_0014_bite_011,trial_0014,withdrawal,contextual_promp,trial_0014,SUCCESS,0.05637797897108703,0.046396648170488136,0.08583210965281741,0.08771793425826901,0.08771793425826901,0.14755398787794247,0.17673265417982828,0.3275732885816598,0.3446167037502724,0.3446167037502724,0.38920878126053954,0.38045616090788303,0.008752620352656504,0.023005594998830127,0.08771793425826903,1.11,0.8,0.31000000000000005,,,plate,0.04665522671412764,0.029172918456340027,-0.15811949072050935,0.16742025772504399,0.030160154723000043,-0.04408266475099991,-0.2034622753669999,0.21035639700751022,0.016495071991127597,0.07325558320733994,0.04534278464649055,0.08771793425826903,0.4550205090481551,0.7719389352872256,1.9832445755162533,2.828587080737167,1.1837542654848645,1.9475744520199616,0.4033446530415888,0.6236540348631638,2.2875186847218316,4.883526467171935,1.6406056392039496,2.7532887434871456
trial_0014_bite_011_withdrawal,trial_0014_bite_011,trial_0014,withdrawal,retrieval,trial_0014,SUCCESS,0.06153986545834929,0.0532147224592824,0.09942392086437267,0.10117710809428895,0.07204886356703173,0.5727349043075366,0.7180510335292077,1.1598422416060037,1.169619951905415,0.952018878402866,0.4222893498214621,0.38045616090788303,0.04183318891357907,0.10995534627104599,0.07204886356703173,1.11,0.8,0.31000000000000005,trial_0019_bite_024_withdrawal,1.1796442238731366,plate,0.01203849258532827,-0.11381342343301486,-0.20294710908372596,0.23299345429155624,0.030160154723000043,-0.04408266475099991,-0.2034622753669999,0.21035639700751022,-0.018121662137671773,-0.06973075868201495,0.0005151662832739434,0.07204886356703173,0.4796060724567071,0.8464480566431496,3.9643591650693946,7.7343791045476795,2.8505648183005303,6.112090794513719,0.4033446530415888,0.6236540348631638,2.2875186847218316,4.883526467171935,1.6406056392039496,2.7532887434871456
trial_0014_bite_012_transfer,trial_0014_bite_012,trial_0014,transfer,contextual_promp,trial_0014,SUCCESS,0.015935827087711567,0.014529519578525997,0.021382152735846347,0.02168459028292342,0.010966516200652657,0.11537482806222674,0.12481081988579312,0.167472998363205,0.16816748174549295,0.14760914813408757,0.41073741344712444,0.40636073418012686,0.004376679266997585,0.0107704285844152,0.010966516200652657,1.48,1.02,0.45999999999999996,,,mouth_proxy,-0.0397550968248053,0.1740825722981998,0.011152036801446719,0.17891220647660802,-0.03644019331100004,0.1749480783199998,0.02156965608799999,0.17999991072264018,-0.0033149035138052563,-0.0008655060218000221,-0.01041761928655327,0.010966516200652657,0.4619467166959629,0.7138820294328456,1.6538322231418883,3.257784199861336,0.42660455534697006,0.9059106853460924,0.4482795344535494,0.6736239462041547,1.7261561159545757,4.417852545433089,0.3776085509415339,1.2795011771744214
trial_0014_bite_012_transfer,trial_0014_bite_012,trial_0014,transfer,retrieval,trial_0014,SUCCESS,0.03619529540043212,0.032622579766534536,0.048940348335326324,0.04962393804909258,0.035344068522897724,0.15550158215625093,0.17336737490058582,0.2414076689745329,0.24520296576867445,0.2011110951456802,0.4308209340296402,0.40636073418012686,0.024460199849513364,0.060193315426659635,0.035344068522897724,1.48,1.02,0.45999999999999996,trial_0019_bite_026_transfer,1.4362439524192112,mouth_proxy,-0.07013608711103794,0.16474176279851216,0.01846787526987348,0.1799999487283037,-0.03644019331100004,0.1749480783199998,0.02156965608799999,0.17999991072264018,-0.0336958938000379,-0.010206315521487652,-0.0031017808181265094,0.035344068522897724,0.5044133803276777,0.806146944380116,2.5723652671143915,5.6227582749440375,0.6097581256373918,1.3736558335942628,0.4482795344535494,0.6736239462041547,1.7261561159545757,4.417852545433089,0.3776085509415339,1.2795011771744214
trial_0014_bite_012_withdrawal,trial_0014_bite_012,trial_0014,withdrawal,contextual_promp,trial_0014,SUCCESS,0.054636558789958226,0.04896732382298,0.08705561410434026,0.09280291636973705,0.09280291636973705,0.3097307650972179,0.36066289830672965,0.5881763620516081,0.6090656936448059,0.2855600948562703,0.3696588679810851,0.40605576456092696,0.03639689657984185,0.08963521702295807,0.09280291636973706,1.11,1.03,0.08000000000000007,,,plate,0.027199652146013192,0.005940043577863749,-0.18500134617876968,0.18708448167212594,-0.03654762027700005,-0.060815878751000016,-0.194609331367,0.20714027013422315,0.06374727242301324,0.06675592232886376,0.009607985188230334,0.09280291636973706,0.4381999980677122,0.7794008688840475,2.2128232937252568,3.272926191380167,1.4079529993644002,2.609217876531524,0.44830772256187085,0.737845967127798,3.4569790587805302,6.987398421281036,1.8777377923293732,5.247489651542168
trial_0014_bite_012_withdrawal,trial_0014_bite_012,trial_0014,withdrawal,retrieval,trial_0014,SUCCESS,0.07260189055677439,0.06318074934590796,0.11762730643113879,0.12107590846200438,0.08674970125289125,0.3626680006956344,0.44042011743083886,0.7902509189023851,0.8292062223437233,0.26302630050723924,0.5331352294249628,0.40605576456092696,0.12707946486403587,0.3129606225426905,0.08674970125289125,1.11,1.03,0.08000000000000007,trial_0019_bite_012_withdrawal,1.1632130043705502,plate,0.04749283226760456,-0.039307883143097286,-0.19495448132625967,0.2044698720672098,-0.03654762027700005,-0.060815878751000016,-0.194609331367,0.20714027013422315,0.08404045254460461,0.02150799560790273,-0.00034514995925966074,0.08674970125289125,0.607917417238087,1.0990464209467004,4.7576570265152105,9.936008322635976,1.8448835438922755,3.907219997805585,0.44830772256187085,0.737845967127798,3.4569790587805302,6.987398421281036,1.8777377923293732,5.247489651542168
trial_0014_bite_013_transfer,trial_0014_bite_013,trial_0014,transfer,contextual_promp,trial_0014,SUCCESS,0.02580819890478469,0.024019041013472717,0.03353195968441825,0.033705055165692395,0.02752826192095926,0.15647818756778928,0.1652052497158697,0.2181371797342446,0.22394230173878246,0.18455217704519294,0.38503378226800883,0.36977097975457074,0.01526280251343809,0.0412763665866059,0.02752826192095926,1.48,1.07,0.4099999999999999,,,mouth_proxy,-0.03018700254993805,0.17447673037871558,-9.223032208471871e-05,0.17706889357826036,-0.026861577493000048,0.17589411886399986,0.027197653563000024,0.1799999937658008,-0.003325425056938003,-0.0014173884852842766,-0.027289883885084742,0.02752826192095926,0.4382519986202585,0.7085064918797964,1.6247754268224728,3.197607957634081,0.3692433130411007,1.0214163258116524,0.44490149359827735,0.8038589282424902,2.5835990252088825,7.396906369803132,0.7606393397369741,2.422923296525802
trial_0014_bite_013_transfer,trial_0014_bite_013,trial_0014,transfer,retrieval,trial_0014,SUCCESS,0.027203882968030252,0.025726006034692175,0.03828018643151241,0.03924382005004159,0.03530840608965671,0.17727872764598476,0.18796561930446318,0.24737660163512679,0.24965182362971264,0.19832839625143292,0.41116267445716065,0.36977097975457074,0.04139169470258991,0.11193873226628805,0.03530840608965671,1.48,1.07,0.4099999999999999,trial_0019_bite_019_transfer,1.4909249736406562,mouth_proxy,-0.03845586569702216,0.17573638310855175,-0.006152475987957262,0.1799999525426756,-0.026861577493000048,0.17589411886399986,0.027197653563000024,0.1799999937658008,-0.011594288204022113,-0.0001577357554481129,-0.033350129550957286,0.03530840608965671,0.4740537209728444,0.7866155757589854,3.193533860504589,7.095265643977205,0.7576811553301055,2.185534307502558,0.44490149359827735,0.8038589282424902,2.5835990252088825,7.396906369803132,0.7606393397369741,2.422923296525802
trial_0014_bite_013_withdrawal,trial_0014_bite_013,trial_0014,withdrawal,contextual_promp,trial_0014,SUCCESS,0.05332378873398085,0.048053313052409063,0.07562182189517044,0.07689024318622993,0.07689024318622993,0.1813822421905184,0.20243261307295016,0.3249478443026428,0.3423219489999902,0.09754308885855083,0.342272235709522,0.32281406044375116,0.019458175265770816,0.060276727844576994,0.07689024318622993,1.11,1.14,-0.029999999999999805,,,plate,0.030168795817672844,0.023205434740770733,-0.17500187099891576,0.17909300180553608,0.03969706172300008,0.028684399249000056,-0.2511024793669999,0.25583413887511247,-0.009528265905327238,-0.005478964508229323,0.07610060836808416,0.07689024318622993,0.3942315670137448,0.6705814114260129,1.8709802308098311,2.894773279989774,1.3305511051561927,2.3826121362217103,0.3853866328658831,0.6756496411475277,2.891499740336823,5.899858299881104,1.6852510407508374,3.821616360908258
trial_0014_bite_013_withdrawal,trial_0014_bite_013,trial_0014,withdrawal,retrieval,trial_0014,SUCCESS,0.0871922310048363,0.07844390375586859,0.12891015638961037,0.13351180948764663,0.13351180948764663,0.20932785438684487,0.2345669952347716,0.37541225649602916,0.39738564789639186,0.3735701411199226,0.47201328824271177,0.32281406044375116,0.1491992277989606,0.46218317626520444,0.1335118094876466,1.11,1.14,-0.029999999999999805,trial_0019_bite_016_withdrawal,1.0467838772199352,plate,0.03925114711785885,-0.09829296060738942,-0.20984772792269307,0.23502814207951825,0.03969706172300008,0.028684399249000056,-0.2511024793669999,0.25583413887511247,-0.0004459146051412344,-0.12697735985638947,0.04125475144430685,0.1335118094876466,0.5213567478663005,0.9233032449176753,4.1152107586334425,9.772940514712111,2.1923976305578763,4.020306254213273,0.3853866328658831,0.6756496411475277,2.891499740336823,5.899858299881104,1.6852510407508374,3.821616360908258
trial_0014_bite_014_transfer,trial_0014_bite_014,trial_0014,transfer,contextual_promp,trial_0014,SUCCESS,0.07206275871404264,0.06363059300081103,0.11651762563323255,0.11806986032636554,0.032269046385302785,0.122798946250924,0.1305305404760104,0.1817452887614171,0.18854153676453236,0.18854153676453236,0.43279971557919916,0.42807453490616254,0.004725180673036622,0.011038219486876088,0.032269046385302785,1.48,1.28,0.19999999999999996,,,mouth_proxy,-0.028027528275946786,0.17356739600939147,0.006579960277018793,0.1759388506725762,-0.042786072581000006,0.1712643193440001,0.035183676163,0.18000001709892446,0.01475854430505322,0.002303076665391368,-0.028603715885981207,0.032269046385302785,0.4826811940386804,0.727539249163239,1.5466434446212403,2.610394051419805,0.45665435123057835,0.810067309044362,0.52851315269054,0.9627697543898566,2.693890722490173,9.353876237151468,0.6224992907709123,2.08209138311525
trial_0014_bite_014_transfer,trial_0014_bite_014,trial_0014,transfer,retrieval,trial_0014,SUCCESS,0.05467566344688951,0.042869503522388976,0.10031563820696805,0.10226368019168722,0.012366220565944937,0.19467433735641482,0.21538027513816851,0.33638279894411205,0.35164537852406835,0.111874566944776,0.4277456018140604,0.42807453490616254,0.00032893309210213495,0.0007684014471317239,0.012366220565944937,1.48,1.28,0.19999999999999996,trial_0019_bite_007_transfer,0.9224556399206796,mouth_proxy,-0.04763085131193423,0.167408274476186,0.04588799529647558,0.17999982353358845,-0.042786072581000006,0.1712643193440001,0.035183676163,0.18000001709892446,-0.004844778730934224,-0.0038560448678141013,0.010704319133475582,0.012366220565944937,0.4925023576729026,0.8375081520633004,2.3679488364030057,5.358940180056385,0.9893091469211625,2.8795340770500455,0.52851315269054,0.9627697543898566,2.693890722490173,9.353876237151468,0.6224992907709123,2.08209138311525
trial_0014_bite_014_withdrawal,trial_0014_bite_014,trial_0014,withdrawal,contextual_promp,trial_0014,SUCCESS,0.09508203660742384,0.09030207906881,0.12325128106100139,0.12506633951563306,0.09490271025382406,0.7370355373056898,0.78678039352191,1.148628438713853,1.1685172328730205,0.6581764012719739,0.34364178114654903,0.35485947284316804,0.011217691696619014,0.03161164504569033,0.09490271025382406,1.11,1.05,0.06000000000000005,,,plate,0.013026174603115503,-0.003507679658418708,-0.16121310424786472,0.1617765434870267,0.02137568172300003,-0.087632827751,-0.20433815036700004,0.22336184088641048,-0.008349507119884525,0.08412514809258129,0.04312504611913531,0.09490271025382406,0.4023249731836126,0.6848175717781159,2.0206329808979,3.2370530899744336,1.3689432622256623,2.689933756055675,0.42805197134638945,0.7788691996545097,3.852425665770012,9.455468554890764,2.337986662154889,6.3170659347301354
trial_0014_bite_014_withdrawal,trial_0014_bite_014,trial_0014,withdrawal,retrieval,trial_0014,SUCCESS,0.07481066984219759,0.06032037435968678,0.12899704120903446,0.1304581621233598,0.01662384255072549,0.6405632447500784,0.6953516012837561,1.098725784057165,1.1121485267312001,0.5403112038542885,0.41464917387475464,0.35485947284316804,0.059789701031586595,0.16848838936874305,0.01662384255072549,1.11,1.05,0.06000000000000005,trial_0019_bite_024_withdrawal,1.3078595628155019,plate,0.008508872097894804,-0.09109411134445812,-0.21427881770416954,0.2329934542915564,0.02137568172300003,-0.087632827751,-0.20433815036700004,0.22336184088641048,-0.012866809625105224,-0.0034612835934581254,-0.009940667337169501,0.01662384255072549,0.47047441461410694,0.8329250303962026,3.960029719127533,7.6218505909661625,2.8505648183005303,6.112090794513716,0.42805197134638945,0.7788691996545097,3.852425665770012,9.455468554890764,2.337986662154889,6.3170659347301354
trial_0014_bite_015_transfer,trial_0014_bite_015,trial_0014,transfer,contextual_promp,trial_0014,SUCCESS,0.020423719293072753,0.01911364649483858,0.0281584866607747,0.028601818654678413,0.014829101107602145,0.06200563562146077,0.07148116490015995,0.11777340820000873,0.11999590019005277,0.1186404100818609,0.3853059215494467,0.3712626456580212,0.01404327589142551,0.03782571733424834,0.014829101107602145,1.48,1.29,0.18999999999999995,,,mouth_proxy,-0.05725270961359483,0.1662887290518165,0.01700770646990829,0.17668920806640573,-0.05478478556800001,0.16855040637799992,0.03145403493900001,0.17999991259404682,-0.002467924045594816,-0.002261677326183431,-0.014446328469091718,0.014829101107602145,0.43463159925856276,0.6703760251938912,1.542293816696989,2.9529377909098176,0.37293510892563897,0.8727965902055113,0.4312988398823054,0.6901932389573627,1.9474278331516286,4.787477539293005,0.45913003248891504,1.3114606872716905
trial_0014_bite_015_transfer,trial_0014_bite_015,trial_0014,transfer,retrieval,trial_0014,SUCCESS,0.030644985912599516,0.02608901920624695,0.045175426199437575,0.04531656001563436,0.042642452123202924,0.1570764267259114,0.17292417290629655,0.23804883757467316,0.24120192202835072,0.2391726181371446,0.41370378180140693,0.3712626456580212,0.04244113614338574,0.11431566477193958,0.04264245212320292,1.48,1.29,0.18999999999999995,trial_0019_bite_026_transfer,1.499444617750277,mouth_proxy,-0.0920629463754018,0.15373976826432156,0.0169846725286239,0.1799999487283038,-0.05478478556800001,0.16855040637799992,0.03145403493900001,0.17999991259404682,-0.03727816080740179,-0.01481063811367836,-0.014469362410376108,0.042642452123202924,0.48588518369104655,0.7920553482760841,2.535614707054403,5.588135882314201,0.6097581256373921,1.3736558335942635,0.4312988398823054,0.6901932389573627,1.9474278331516286,4.787477539293005,0.45913003248891504,1.3114606872716905
trial_0014_bite_015_withdrawal,trial_0014_bite_015,trial_0014,withdrawal,contextual_promp,trial_0014,SUCCESS,0.11798256615158328,0.10501314264960004,0.15990185464541196,0.16081344787713106,0.12338949567553997,0.6447035321806368,0.7112726038042518,0.962693310418196,0.9654148373495544,0.5184759105123963,0.34748704235232736,0.2785554544748841,0.06893158787744325,0.24746091584309093,0.12338949567553997,1.11,1.05,0.06000000000000005,,,plate,0.0029158976399157044,0.020379506085647134,-0.22504947876754372,0.22598914713075163,0.022879819723000017,-0.09982437675100002,-0.20562176636699997,0.22971439473434765,-0.019963922083084312,0.12020388283664715,-0.01942771240054375,0.12338949567553997,0.3947427486122611,0.6894837653256729,2.1433541895643273,3.475273937692895,1.5975708571617548,2.982585892319391,0.3322252130676571,0.5952879391152847,2.593963864454204,6.461886143052263,2.168976381422042,5.687606875558383
trial_0014_bite_015_withdrawal,trial_0014_bite_015,trial_0014,withdrawal,retrieval,trial_0014,SUCCESS,0.11420284421888767,0.10267586693613612,0.15418980800903637,0.1560717241944935,0.11915105447211716,0.48951654519366217,0.5391668539422603,0.8099560862626629,0.8211884673969859,0.4283192981766975,0.31554156821644985,0.2785554544748841,0.03698611374156574,0.13277827860628227,0.11915105447211717,1.11,1.05,0.06000000000000005,trial_0013_bite_008_withdrawal,1.8754568298150793,plate,-0.028976171542190676,0.006642424566449104,-0.21876521222235734,0.22077581026927853,0.022879819723000017,-0.09982437675100002,-0.20562176636699997,0.22971439473434765,-0.05185599126519069,0.10646680131744912,-0.013143445855357372,0.11915105447211716,0.34608053845238845,0.5910078208159149,2.6486192421108443,6.183611004484165,1.8430165514572645,4.240943859802093,0.3322252130676571,0.5952879391152847,2.593963864454204,6.461886143052263,2.168976381422042,5.687606875558383
trial_0014_bite_016_transfer,trial_0014_bite_016,trial_0014,transfer,contextual_promp,trial_0014,SUCCESS,0.025230723085339333,0.02040623663976188,0.04612341103024882,0.046631204038205726,0.01481613261549998,0.05659528967873963,0.06254036199815292,0.10125012500719711,0.10374940215355809,0.10273477185151715,0.4052806151080633,0.4013816851714108,0.0038989299366524732,0.009713771406852876,0.014816132615499978,1.48,1.36,0.11999999999999988,,,mouth_proxy,-0.05209305379541106,0.16917327816470368,0.012166123366587622,0.17742970116780007,-0.03920800855200009,0.17487823134399993,0.016742902143999983,0.17999996806894947,-0.01288504524341097,-0.005704953179296257,-0.00457677877741236,0.014816132615499982,0.45561603389571076,0.6879681825852504,1.5919074218912594,3.0336665147838815,0.4125329512151785,0.8942060822223686,0.46104712392605907,0.7817645622881417,2.1828686672234987,5.708305947834023,0.5115471971018606,2.101277045817617
trial_0014_bite_016_transfer,trial_0014_bite_016,trial_0014,transfer,retrieval,trial_0014,SUCCESS,0.03448107203254166,0.0324029014843354,0.04538800368696576,0.04647669022780655,0.04647669022780655,0.15379303459266638,0.1709385601019087,0.250353658999607,0.2590170582581683,0.2590170582581683,0.4256312554777326,0.4013816851714108,0.0242495703063218,0.06041523866731979,0.04647669022780654,1.48,1.36,0.11999999999999988,trial_0019_bite_026_transfer,1.345404593438019,mouth_proxy,-0.08286299292946396,0.15918780352580408,0.013890613866693546,0.17999994872830374,-0.03920800855200009,0.17487823134399993,0.016742902143999983,0.17999996806894947,-0.043654984377463874,-0.01569042781819585,-0.002852288277306436,0.04647669022780655,0.49977221343324574,0.8061869105738402,2.5595044367732673,5.64229376276306,0.609758125637392,1.373655833594263,0.46104712392605907,0.7817645622881417,2.1828686672234987,5.708305947834023,0.5115471971018606,2.101277045817617
trial_0014_bite_016_withdrawal,trial_0014_bite_016,trial_0014,withdrawal,contextual_promp,trial_0014,SUCCESS,0.14220832468370473,0.11574251639836755,0.22665045514387816,0.2281887855090756,0.2281887855090756,0.6495569616814338,0.743858164142514,0.9867744429887406,0.9970495785745065,0.8964625201268285,0.38075182577093336,0.2939166468177949,0.08683517895313847,0.2954415134130508,0.2281887855090756,1.11,0.93,0.18000000000000005,,,plate,0.05669048006827265,0.096591940411368,-0.1359429325431765,0.17613714653997073,-0.03373399027699994,-0.09893291475100001,-0.21119961336699994,0.23565012286758438,0.0904244703452726,0.195524855162368,0.07525668082382345,0.2281887855090756,0.4318221336107067,0.6786662124773613,1.6306800360722309,2.5992116969285144,0.9610980583935942,1.2762146794848415,0.3171807135669092,0.5270462665059311,2.4526730138013013,4.55582491891425,1.9845815509540907,4.463786857886725
trial_0014_bite_016_withdrawal,trial_0014_bite_016,trial_0014,withdrawal,retrieval,trial_0014,SUCCESS,0.22326101042016205,0.1697156016534904,0.3862846611939079,0.3936698216200279,0.3936698216200279,0.9079914682145257,1.069342458136802,1.5526715262631599,1.5915416657183032,1.5915416657183032,0.5308578476740701,0.2939166468177949,0.23694120085627518,0.8061510071702744,0.3936698216200279,1.11,0.93,0.18000000000000005,trial_0013_bite_001_withdrawal,0.927367080394411,plate,0.09857845339631172,0.23269436619476774,-0.04539040905053815,0.2567579964997559,-0.03373399027699994,-0.09893291475100001,-0.21119961336699994,0.23565012286758438,0.13231244367331166,0.33162728094576777,0.1658092043164618,0.3936698216200279,0.5805860781376485,0.9336628934523497,3.6163659669186043,9.60404740103812,1.1830088258765925,3.910941312040224,0.3171807135669092,0.5270462665059311,2.4526730138013013,4.55582491891425,1.9845815509540907,4.463786857886725
trial_0014_bite_017_transfer,trial_0014_bite_017,trial_0014,transfer,contextual_promp,trial_0014,SUCCESS,0.03540340734428948,0.03305284941025589,0.04528223257402558,0.04558390685536104,0.031737488888922666,0.1281077559710486,0.15495319087405568,0.2289677906994167,0.2314615750731108,0.23096417898930616,0.41159120394902715,0.420546714008054,0.008955510059026839,0.021294923395490686,0.03173748888892266,1.48,1.2,0.28,,,mouth_proxy,-0.0451119182864544,0.17249298904804095,-0.0018344621242101233,0.17830390263114398,-0.07028824563600004,0.16493967572099993,0.01595228012799993,0.18000002595226888,0.02517632734954564,0.007553313327041011,-0.017786742252210053,0.03173748888892266,0.4651810472040812,0.7360594600954612,1.6772321227076936,3.347511579639541,0.40859837993321646,0.9755968239017256,0.4613688354747395,0.7761616981158017,2.418342138667149,6.099394159959316,0.576089802726475,1.3401780335010591
trial_0014_bite_017_transfer,trial_0014_bite_017,trial_0014,transfer,retrieval,trial_0014,SUCCESS,0.03851477734339965,0.03302829820912446,0.06537766919653293,0.06595846332445071,0.01375983400577132,0.10754363479133136,0.12425314931674628,0.23324330598712134,0.24294054584028724,0.10080419432020765,0.4369350822904688,0.420546714008054,0.0163883682824148,0.03896919827579712,0.01375983400577132,1.48,1.2,0.28,trial_0019_bite_005_transfer,1.538038800036127,mouth_proxy,-0.06038573065906776,0.16940260350457992,0.007505061378816125,0.18000001246571953,-0.07028824563600004,0.16493967572099993,0.01595228012799993,0.18000002595226888,0.009902514976932286,0.004462927783579984,-0.008447218749183805,0.01375983400577132,0.5293844091810505,0.8740087770286268,3.6537421706115003,12.315574784495853,0.8024403247277364,2.6620047602777506,0.4613688354747395,0.7761616981158017,2.418342138667149,6.099394159959316,0.576089802726475,1.3401780335010591
trial_0014_bite_017_withdrawal,trial_0014_bite_017,trial_0014,withdrawal,contextual_promp,trial_0014,SUCCESS,0.1441805442540431,0.12601193448959808,0.2135377219959538,0.21474415848702097,0.21474415848702097,0.5501480789242288,0.6156064382085553,0.8385936812916504,0.8445803364263,0.6921346824592896,0.4362134355124895,0.37829311250616465,0.057920323006324825,0.15310964194565121,0.21474415848702097,1.11,0.98,0.13000000000000012,,,plate,0.037442815164803606,0.07948651125511481,-0.19745775099372392,0.2161241155134582,-0.0006201602770000425,-0.131848685751,-0.199380772367,0.23903379033663125,0.03806297544180365,0.2113351970061148,0.0019230213732760737,0.21474415848702097,0.5234641763001051,0.9195624983989514,2.4975542924211322,4.009038612764616,1.2900482612827846,2.0932331814099276,0.42257414953597616,0.7182402280908062,2.994078632888257,4.936253445018473,2.065779655681544,4.222640558608593
trial_0014_bite_017_withdrawal,trial_0014_bite_017,trial_0014,withdrawal,retrieval,trial_0014,SUCCESS,0.1908026341281841,0.15872209748032795,0.3210931694436847,0.32256774902043284,0.318751093469089,0.7061978672176711,0.8015327299832097,1.0582057350968028,1.065231229963948,1.0149423205729131,0.5407272395200042,0.37829311250616465,0.16243412701383958,0.42938695324830306,0.318751093469089,1.11,0.98,0.13000000000000012,trial_0015_bite_016_withdrawal,1.8108371853347278,plate,0.08190241299870654,0.17267859442537448,-0.15404403101877948,0.24546988760385327,-0.0006201602770000425,-0.131848685751,-0.199380772367,0.23903379033663125,0.08252257327570658,0.3045272801763745,0.04533674134822052,0.318751093469089,0.6237391527378052,1.0257937008924058,3.56141073320581,6.786760597468532,1.2827259677700809,3.0167617424979785,0.42257414953597616,0.7182402280908062,2.994078632888257,4.936253445018473,2.065779655681544,4.222640558608593
trial_0014_bite_018_transfer,trial_0014_bite_018,trial_0014,transfer,contextual_promp,trial_0014,SUCCESS,0.04636631827755119,0.04140125502902157,0.07200910393591607,0.07279006513047728,0.0275619205446297,0.1694838329603681,0.18533265219354647,0.23847374815904995,0.24043073011000682,0.15977472897486414,0.384784058259889,0.3797007292636146,0.005083328996274394,0.013387725133246174,0.0275619205446297,1.48,1.55,-0.07000000000000006,,,mouth_proxy,-0.020927457347150617,0.176341180029848,-0.007410417854831652,0.17773318355928722,-0.02609191464900009,0.17701087058699994,0.019655046475999916,0.17999988102216083,0.005164457301849473,-0.0006696905571519363,-0.027065464330831568,0.0275619205446297,0.43926659735687973,0.7360265608589269,1.7192901314005298,3.5012254277561614,0.3580165468708774,0.9940730831155364,0.4793028725094484,0.8786961774934584,3.1126366610132,10.601323264161783,0.7053706964472697,3.1500421077604845
trial_0014_bite_018_transfer,trial_0014_bite_018,trial_0014,transfer,retrieval,trial_0014,SUCCESS,0.06187937224189951,0.056096351911015994,0.09559378803484644,0.09679295867917101,0.05732549130929081,0.2675415445611665,0.28980980404799783,0.3505705633288928,0.35256984861305807,0.3217436045529983,0.40825503136891445,0.3797007292636146,0.028554302105299856,0.07520212605511084,0.05732549130929081,1.48,1.55,-0.07000000000000006,trial_0020_bite_010_transfer,1.6808598706715936,mouth_proxy,-0.02901758221221764,0.17364328391895784,-0.03749660952095557,0.1800000162588038,-0.02609191464900009,0.17701087058699994,0.019655046475999916,0.17999988102216083,-0.002925667563217549,-0.0033675866680420996,-0.057151655996955486,0.05732549130929081,0.4529897034248682,0.6803929543209556,2.356392052388144,5.93121520279365,0.41508474545423546,1.2595212571418792,0.4793028725094484,0.8786961774934584,3.1126366610132,10.601323264161783,0.7053706964472697,3.1500421077604845
trial_0014_bite_018_withdrawal,trial_0014_bite_018,trial_0014,withdrawal,contextual_promp,trial_0014,SUCCESS,0.1010015498270377,0.08010115508513656,0.18171257265440405,0.19147239516735623,0.19147239516735623,0.2152671620260954,0.25825553058226414,0.4810408610089837,0.5459868971984166,0.5459868971984166,0.35377442161054135,0.33296059161377195,0.020813829996769395,0.06251139180132478,0.19147239516735623,1.11,0.85,0.2600000000000001,,,plate,0.04750087030236291,0.03925965174364528,-0.14679268970351164,0.15920347573123417,-0.011603307276999944,-0.131796650751,-0.20930761336699993,0.2476179938985353,0.05910417757936286,0.17105630249464526,0.06251492366348829,0.1914723951673562,0.407240684208078,0.6716143030623603,1.7120626713011753,2.4135372237200268,1.1780845183489286,2.25702214533464,0.34297614839906687,0.44691867411569874,2.1672805192216607,4.128261783546034,1.7209736312033908,3.6041492872213037
trial_0014_bite_018_withdrawal,trial_0014_bite_018,trial_0014,withdrawal,retrieval,trial_0014,SUCCESS,0.14311832471578947,0.09970844470277077,0.27176520090509104,0.2845821536977585,0.2845821536977585,0.44180954837206254,0.6085726324350522,1.0893806522981928,1.2006700383406568,1.2006700383406568,0.41568062956184665,0.33296059161377195,0.0827200379480747,0.24843792338051943,0.2845821536977585,1.11,0.85,0.2600000000000001,trial_0020_bite_016_withdrawal,1.6027453840204933,plate,0.013541681429681401,0.12911708381634657,-0.09849807018449355,0.16296155466627663,-0.011603307276999944,-0.131796650751,-0.20930761336699993,0.2476179938985353,0.025144988706681345,0.26091373456734657,0.11080954318250638,0.2845821536977585,0.4810916823705449,0.8268296925957633,3.1102650160586687,5.895561265420321,0.7989187384782267,2.4863437209287205,0.34297614839906687,0.44691867411569874,2.1672805192216607,4.128261783546034,1.7209736312033908,3.6041492872213037
trial_0014_bite_019_transfer,trial_0014_bite_019,trial_0014,transfer,contextual_promp,trial_0014,SUCCESS,0.02850440970119698,0.02686147598058199,0.040242717596788435,0.0405734700229581,0.018968052273017413,0.09974257815618655,0.1086186401302163,0.1558198323598581,0.1575292159109545,0.1484925901238008,0.3568172734107592,0.3817457793025666,0.024928505891807395,0.06530132680798914,0.018968052273017413,1.48,1.26,0.21999999999999997,,,mouth_proxy,-0.014446642878978708,0.17691421039609206,-0.0031957536050143953,0.17753184551412018,-0.020711952832000047,0.17755650144799986,-0.021087661285000114,0.179999960152883,0.006265309953021339,-0.0006422910519078007,0.01789190767998572,0.018968052273017413,0.4026068893419162,0.6445932124688282,1.4131563076514226,2.8053067002212955,0.33320561313581143,0.8152610700277019,0.42695561213641464,0.7009120309061654,2.80034045754409,8.148611996381064,0.7629619281905506,2.371847831664225
trial_0014_bite_019_transfer,trial_0014_bite_019,trial_0014,transfer,retrieval,trial_0014,SUCCESS,0.030435659779023048,0.025738259045893275,0.049796236046109346,0.05105521063054985,0.005056091785217088,0.13162592441764703,0.13891372161611087,0.1791669658540203,0.18257953607234967,0.14992992947060138,0.37137644567536104,0.3817457793025666,0.010369333627205546,0.027162929335197577,0.005056091785217088,1.48,1.26,0.21999999999999997,trial_0020_bite_010_transfer,0.8444478840068935,mouth_proxy,-0.01664306485549164,0.17830442067911031,-0.018180973892296837,0.1800000162588038,-0.020711952832000047,0.17755650144799986,-0.021087661285000114,0.179999960152883,0.004068887976508409,0.0007479192311104499,0.0029066873927032777,0.005056091785217088,0.412069519846432,0.6268739826818805,2.2999742537817642,5.791776948667636,0.41508474545423496,1.259521257141878,0.42695561213641464,0.7009120309061654,2.80034045754409,8.148611996381064,0.7629619281905506,2.371847831664225
trial_0014_bite_019_withdrawal,trial_0014_bite_019,trial_0014,withdrawal,contextual_promp,trial_0014,SUCCESS,0.0786323406353165,0.06204584706630369,0.14235986067486375,0.14407098947235705,0.14407098947235705,0.25448045056847846,0.2914850065620647,0.4046379969068284,0.4057731530342874,0.39344559634048126,0.3585358236180028,0.3757558590237977,0.01722003540579492,0.04582772295429284,0.14407098947235705,1.11,1.03,0.08000000000000007,,,plate,0.05652711034110586,0.028327559511653375,-0.19317182278410375,0.20325628637052043,0.030435647723000003,-0.11247900875100002,-0.20895776336699995,0.23925133841478347,0.026091462618105854,0.1408065682626534,0.015785940582896202,0.14407098947235705,0.42800539178348107,0.750761141427634,2.1654383050936787,3.6061231248133176,1.3852424110177028,2.4744238268651024,0.4083080083148035,0.6603743990580345,2.980507184463921,5.298006168498889,1.6804189587690834,3.6780736401206586
trial_0014_bite_019_withdrawal,trial_0014_bite_019,trial_0014,withdrawal,retrieval,trial_0014,SUCCESS,0.17767981065723903,0.13503273735139742,0.31929824610608093,0.3201193443873136,0.31801204035196023,0.6025140551454239,0.7110984421014989,1.0373094981618678,1.0436464707596618,0.9709405389869562,0.5359583378455784,0.3757558590237977,0.16020247882178074,0.42634725440604415,0.3180120403519602,1.11,1.03,0.08000000000000007,trial_0015_bite_015_withdrawal,0.7142028363804265,plate,0.14319214711561237,0.18366416343037445,-0.18218368590589237,0.2956812664583526,0.030435647723000003,-0.11247900875100002,-0.20895776336699995,0.23925133841478347,0.11275649939261237,0.2961431721813745,0.026774077461107576,0.3180120403519603,0.6283663180580613,1.0531817118830087,4.3506552854833584,9.421271744933094,1.0942134887397184,2.4520528348768083,0.4083080083148035,0.6603743990580345,2.980507184463921,5.298006168498889,1.6804189587690834,3.6780736401206586
trial_0014_bite_020_transfer,trial_0014_bite_020,trial_0014,transfer,contextual_promp,trial_0014,SUCCESS,0.09012233980111542,0.07686187463746821,0.14802191144098714,0.1493537152795101,0.02586309790819688,0.33797874157687585,0.3582818501092299,0.5097154376283931,0.5140282510793883,0.288242636686001,0.31744781348126055,0.3457261896503763,0.02827837616911577,0.08179413945386359,0.02586309790819688,1.48,1.56,-0.08000000000000007,,,mouth_proxy,-0.02436081411527944,0.17577570528164166,-0.014545484945529763,0.17805088869174,-0.04204724084600003,0.17496705047400002,0.004307531266999953,0.179999983444302,0.017686426730720586,0.00080865480764164,-0.018853016212529716,0.02586309790819688,0.3822892822281212,0.7222222278859834,1.8497418353009607,3.5283247563245483,0.3742676811422634,1.0470507564765288,0.3988255303448545,0.7304859936792546,3.0438221869655853,10.238896277384947,0.9247936487371726,3.205606549184587
trial_0014_bite_020_transfer,trial_0014_bite_020,trial_0014,transfer,retrieval,trial_0014,SUCCESS,0.03233018869989585,0.029891770478281676,0.04987659792626956,0.05066873797504293,0.019545303699048326,0.24954717781487068,0.26164618804991163,0.36507436255808934,0.37154650093309366,0.2204785342361321,0.3425902693290144,0.3457261896503763,0.0031359203213619513,0.009070531580304124,0.019545303699048326,1.48,1.56,-0.08000000000000007,trial_0020_bite_019_transfer,1.8632403547733638,mouth_proxy,-0.049610327674992065,0.17249733882417925,-0.013545175493373918,0.17999996747941396,-0.04204724084600003,0.17496705047400002,0.004307531266999953,0.179999983444302,-0.007563086828992038,-0.002469711649820766,-0.01785270676037387,0.019545303699048326,0.3655198728958783,0.5307821229767521,1.8648571234197993,3.8540327329519655,0.5104380832409469,1.4280114130606467,0.3988255303448545,0.7304859936792546,3.0438221869655853,10.238896277384947,0.9247936487371726,3.205606549184587
trial_0014_bite_020_withdrawal,trial_0014_bite_020,trial_0014,withdrawal,contextual_promp,trial_0014,SUCCESS,0.16523052765979432,0.13496491407748118,0.24692065935195584,0.24758233936747565,0.2448556735726466,0.5627000480739228,0.6479907318002358,0.8562993107950493,0.8652465090886315,0.7581174426343701,0.33645566342437516,0.30482278750987485,0.031632875914500314,0.10377464287664372,0.24485567357264656,1.11,1.03,0.08000000000000007,,,plate,0.04084603694657557,0.0786145875872269,-0.15537128471169406,0.1788543771583829,0.015171642723000006,-0.16134340375100004,-0.196787329367,0.2549257258031616,0.025674394223575564,0.23995799133822693,0.041416044655305934,0.24485567357264656,0.38395131717117814,0.6333784733935164,1.6622834048774477,2.3492358839416347,1.1232467873373393,1.9137838873094397,0.3364312344126095,0.528704301166802,3.0273538122198276,6.878457291902504,1.9031505855076056,6.027612680067956
trial_0014_bite_020_withdrawal,trial_0014_bite_020,trial_0014,withdrawal,retrieval,trial_0014,SUCCESS,0.1904351923085615,0.15731199653846484,0.28688042259060226,0.28817925680433326,0.2707269790967037,0.6660526217816455,0.7843788449846393,1.1284361472141804,1.1415028516238712,0.7077142875768715,0.3526943874074971,0.30482278750987485,0.04787159989762224,0.15704731358403257,0.2707269790967037,1.11,1.03,0.08000000000000007,trial_0015_bite_004_withdrawal,1.1626134401783201,plate,0.03271668761615218,0.10838093106523548,-0.2120860815534892,0.24041071909516323,0.015171642723000006,-0.16134340375100004,-0.196787329367,0.2549257258031616,0.017545044893152173,0.26972433481623553,-0.015298752186489212,0.27072697909670373,0.3691081901013828,0.5351187084163688,2.4094734763927397,4.301051899811295,1.4142687273686738,5.1113711874507315,0.3364312344126095,0.528704301166802,3.0273538122198276,6.878457291902504,1.9031505855076056,6.027612680067956
trial_0014_bite_021_transfer,trial_0014_bite_021,trial_0014,transfer,contextual_promp,trial_0014,SUCCESS,0.030090459969413643,0.026737574562838796,0.049846812351861565,0.05087460378740002,0.017360659259885922,0.11257352227810818,0.1196654334678966,0.14831124927221181,0.15024401804738385,0.12187013824677895,0.37887215366955745,0.3714849452896397,0.007387208379917742,0.019885619790481892,0.017360659259885922,1.48,2.04,-0.56,,,mouth_proxy,-0.04648970568543832,0.17130516673285623,0.01090025161949798,0.17783579046260267,-0.033156562912000045,0.17565298458699988,0.021133348590999967,0.17999985300307042,-0.013333142773438278,-0.0043478178541436485,-0.010233096971501987,0.017360659259885922,0.4217004348159235,0.6287112837124527,1.375607939922867,2.5579497488701968,0.3632374587558217,0.6935072691065131,0.40240327784304836,0.6437984306930503,2.7433585582928015,6.154540700127884,0.5210931545057387,1.1545186359899966
trial_0014_bite_021_transfer,trial_0014_bite_021,trial_0014,transfer,retrieval,trial_0014,SUCCESS,0.02568014979914095,0.02211690497785224,0.04456312396772945,0.04605241205798905,0.012771883647271803,0.07116708095164055,0.07570995270544859,0.10956805578907142,0.11484438639617967,0.07387156885319825,0.3620230737091959,0.3714849452896397,0.009461871580443815,0.025470403849250402,0.012771883647271803,1.48,2.04,-0.56,trial_0020_bite_017_transfer,1.1802448437741282,mouth_proxy,-0.04559866975884677,0.1729661052922832,0.020086606613852975,0.17999995563615356,-0.033156562912000045,0.17565298458699988,0.021133348590999967,0.17999985300307042,-0.012442106846846726,-0.002686879294716671,-0.0010467419771469921,0.012771883647271803,0.4149810439626092,0.7018769444101459,1.9921565270395816,4.768459576237965,0.3795177081912508,1.2664087239696236,0.40240327784304836,0.6437984306930503,2.7433585582928015,6.154540700127884,0.5210931545057387,1.1545186359899966
trial_0014_bite_021_withdrawal,trial_0014_bite_021,trial_0014,withdrawal,contextual_promp,trial_0014,SUCCESS,0.04026230651907156,0.03469423380354348,0.06242296854108563,0.06722044063212745,0.06722044063212745,0.16944682172298145,0.19110856850785932,0.3022522807337838,0.36219383957780277,0.36219383957780277,0.37695335576715566,0.3941967942753855,0.017243438508229847,0.04374322358436938,0.06722044063212747,1.11,0.98,0.13000000000000012,,,plate,0.06002671999897441,0.08467706374781193,-0.12789571908403854,0.16471407711185337,0.014137979723000016,0.11709239824900004,-0.0909896593669999,0.14896184179202762,0.04588874027597439,-0.03241533450118811,-0.03690605971703864,0.06722044063212747,0.4341728346731914,0.7031951508933262,1.7417057234536804,2.5217065781984926,0.9830200848025182,1.4598644346006353,0.47583078602533235,0.8432553385931002,3.045292912622704,6.281252960032619,1.2293144291351716,2.439149887620754
trial_0014_bite_021_withdrawal,trial_0014_bite_021,trial_0014,withdrawal,retrieval,trial_0014,SUCCESS,0.08668208291596478,0.06759320369417914,0.1517582205048597,0.15591196778436206,0.15591196778436206,0.32067120654600456,0.36521607262184713,0.5186536714064143,0.5492650700420535,0.47366061376857405,0.5289987834963648,0.3941967942753855,0.13480198922097925,0.3419662239231877,0.15591196778436206,1.11,0.98,0.13000000000000012,trial_0013_bite_001_withdrawal,1.2667788864738474,plate,0.10552323559507992,0.23117079888110015,-0.03673659293929926,0.2567579964997557,0.014137979723000016,0.11709239824900004,-0.0909896593669999,0.14896184179202762,0.0913852558720799,0.1140784006321001,0.05425306642770064,0.15591196778436206,0.5785308002267479,0.9306439112487193,3.6141990478727957,9.631482955652055,1.1830088258765927,3.910941312040221,0.47583078602533235,0.8432553385931002,3.045292912622704,6.281252960032619,1.2293144291351716,2.439149887620754
trial_0015_bite_001_transfer,trial_0015_bite_001,trial_0015,transfer,contextual_promp,trial_0015,SUCCESS,0.06839862906349291,0.061603639271142596,0.09423260227427792,0.09540461403507805,0.0929510374067255,0.2842592591495786,0.3271926594614616,0.5296437206045989,0.5762472132046996,0.5762472132046996,0.3921878770462662,0.3836798245667204,0.00850805247954578,0.02217487585945834,0.0929510374067255,1.44,1.44,0.0,,,mouth_proxy,0.065855895352761,0.14316002110917192,-0.08910640081817062,0.18102966956678906,0.013195884994999948,0.1782787434069999,-0.02103662773000009,0.17999994843841144,0.05266001035776105,-0.035118722297827976,-0.06806977308817053,0.0929510374067255,0.4033852685773954,0.5619479319321369,1.2918435375144346,2.3005597022089894,0.492065859053771,1.0924176047540815,0.45620215193060165,0.8221296952201554,3.1393132471461644,6.256540110859716,0.7649907243193287,1.3076140910754486
trial_0015_bite_001_transfer,trial_0015_bite_001,trial_0015,transfer,retrieval,trial_0015,SUCCESS,0.05197731614826166,0.048424274102009474,0.07403822969114048,0.0771288426246783,0.05785229045957271,0.1375422159927256,0.17547944015441655,0.3476527804334038,0.3838638788094886,0.3838638788094886,0.38754757217102725,0.3836798245667204,0.0038677476043068593,0.01008066454543083,0.057852290459572714,1.44,1.44,0.0,trial_0013_bite_011_transfer,5.167212189221441,mouth_proxy,0.03535195824664476,0.1612737433144903,-0.07170047974837968,0.17999983341850187,0.013195884994999948,0.1782787434069999,-0.02103662773000009,0.17999994843841144,0.022156073251644814,-0.017005000092509603,-0.050663852018379585,0.057852290459572714,0.4555709773678943,0.8260638499771901,2.7371846702964304,9.129545759412718,0.678839486598157,2.7151577941481566,0.45620215193060165,0.8221296952201554,3.1393132471461644,6.256540110859716,0.7649907243193287,1.3076140910754486
trial_0015_bite_001_withdrawal,trial_0015_bite_001,trial_0015,withdrawal,contextual_promp,trial_0015,SUCCESS,0.08255026235233456,0.07281648880408952,0.11275061247374266,0.11310722461598584,0.11148318426433695,0.3125062137973075,0.3588920268935143,0.5299018533499992,0.5338754336232174,0.3745619400751655,0.39236369216770056,0.3244573666098889,0.06790632555781168,0.20929198269509106,0.11148318426433695,1.03,1.48,-0.44999999999999996,,,plate,0.11763435880076485,0.003080331401686065,-0.1450181603693969,0.18675544877977568,0.08179274818400008,0.05175868762500005,-0.23868937770699997,0.2575686984676292,0.035841610616764774,-0.048678356223313984,0.09367121733760306,0.11148318426433695,0.44806778938050656,0.7403029453068697,2.140941624448975,3.62757920486799,1.3385846941162152,2.235664128341647,0.3551052573072364,0.5299299020282722,2.4469131153142945,4.2914072685617946,1.4707335406691209,2.9323787690686567
trial_0015_bite_001_withdrawal,trial_0015_bite_001,trial_0015,withdrawal,retrieval,trial_0015,SUCCESS,0.12573902029442088,0.11286303175935486,0.17305099557607498,0.17362081363115772,0.15814885527193143,0.8529851433687613,0.980329319346444,1.4121345394936442,1.438229590815123,0.7937086882927696,0.4443554551648537,0.3244573666098889,0.11989808855496481,0.36953418505403884,0.15814885527193143,1.03,1.48,-0.44999999999999996,trial_0019_bite_006_withdrawal,2.3897590220987563,plate,0.04988140374531598,-0.08922367768063358,-0.17452786905292567,0.20225972454894717,0.08179274818400008,0.05175868762500005,-0.23868937770699997,0.2575686984676292,-0.0319113444386841,-0.14098236530563363,0.0641615086540743,0.15814885527193143,0.5407446066931278,1.0337919379215477,5.145471122167038,9.763500682309402,2.4154846922286923,5.40688200567872,0.3551052573072364,0.5299299020282722,2.4469131153142945,4.2914072685617946,1.4707335406691209,2.9323787690686567
trial_0015_bite_002_transfer,trial_0015_bite_002,trial_0015,transfer,contextual_promp,trial_0015,SUCCESS,0.024832452191147075,0.022241056016068326,0.036974829462359755,0.039519314259414115,0.039519314259414115,0.14247691143855698,0.1587494913699015,0.2623226626048877,0.28891374618474225,0.28891374618474225,0.4296982341040761,0.39181141112590756,0.03788682297816853,0.09669657876807906,0.039519314259414115,1.44,1.07,0.3699999999999999,,,mouth_proxy,0.011715276664584544,0.15240780865682668,-0.07727954502078282,0.17128197781880863,0.010741100209999958,0.17413646536799998,-0.044284202057000066,0.17999991765666762,0.0009741764545845855,-0.0217286567111733,-0.03299534296378276,0.039519314259414115,0.4553838871225836,0.7495760980609949,1.7542411689487523,3.06427447879599,0.5329777168758811,0.9708618162293084,0.42592961131467844,0.647958086066736,2.019274879702957,4.5068320192710996,0.6230382451084271,1.5778236909183383
trial_0015_bite_002_transfer,trial_0015_bite_002,trial_0015,transfer,retrieval,trial_0015,SUCCESS,0.0840930106749389,0.07116043116243576,0.14356359456620016,0.1471829972084668,0.05190127676319336,0.22515341374026454,0.2397399074536548,0.3150446376751391,0.3290886928244481,0.3244273719856671,0.486114916576674,0.39181141112590756,0.09430350545076643,0.24068595955328687,0.05190127676319336,1.44,1.07,0.3699999999999999,trial_0020_bite_015_transfer,3.3488079231857686,mouth_proxy,-0.01487479747627541,0.15732818799281412,-0.08617752046285904,0.1799999538060745,0.010741100209999958,0.17413646536799998,-0.044284202057000066,0.17999991765666762,-0.02561589768627537,-0.016808277375185865,-0.04189331840585897,0.05190127676319336,0.5663053220152096,1.4150539709245677,10.382925949798295,25.369197660234647,1.0676425704159924,2.7709690711616988,0.42592961131467844,0.647958086066736,2.019274879702957,4.5068320192710996,0.6230382451084271,1.5778236909183383
trial_0015_bite_002_withdrawal,trial_0015_bite_002,trial_0015,withdrawal,contextual_promp,trial_0015,SUCCESS,0.0719376298088029,0.06081346956730763,0.11051867574985931,0.11175782929539205,0.07754925160442694,0.4014820310495139,0.4921817285814937,0.7746545531204215,0.7868091068144668,0.6647738336944805,0.3795465346355916,0.41584062049913667,0.036294085863545045,0.087278837310268,0.07754925160442694,1.03,1.28,-0.25,,,plate,0.08725069910974705,-0.045301426122947436,-0.16525038471054818,0.1922825872274883,0.09415732918400006,0.013445500625000023,-0.2153999957069999,0.23546452445473948,-0.006906630074253017,-0.05874692674794746,0.05014961099645174,0.07754925160442694,0.4314380872780128,0.7065995531632905,2.1564310542289213,3.3704550118254764,1.5384996896460035,2.838872974662364,0.4439638182419533,0.642242327984205,2.4252356602993803,4.788035326458693,1.243231082106114,3.921206306553128
trial_0015_bite_002_withdrawal,trial_0015_bite_002,trial_0015,withdrawal,retrieval,trial_0015,SUCCESS,0.14202323343538578,0.12883637189351,0.19756652586834877,0.19947658315153133,0.13295593214013543,0.7781951398023078,0.9141634259302388,1.3071262207991277,1.3280440066154897,0.8863649616085576,0.45633794420167395,0.41584062049913667,0.04049732370253728,0.09738664696567649,0.13295593214013543,1.03,1.28,-0.25,trial_0013_bite_007_withdrawal,1.4655345190926237,plate,0.08017054206116063,-0.10985822517570507,-0.16767326440370192,0.21589457855381636,0.09415732918400006,0.013445500625000023,-0.2153999957069999,0.23546452445473948,-0.013986787122839434,-0.12330372580070509,0.04772673130329799,0.13295593214013543,0.5511427406830143,1.1484669884380594,5.410524660605356,11.242395749211724,2.331136653329388,6.064079715630653,0.4439638182419533,0.642242327984205,2.4252356602993803,4.788035326458693,1.243231082106114,3.921206306553128
trial_0015_bite_003_transfer,trial_0015_bite_003,trial_0015,transfer,contextual_promp,trial_0015,SUCCESS,0.05330281208939074,0.050211798277846234,0.06924620758639906,0.07484979332147416,0.07484979332147416,0.2597063853218381,0.29273506375357883,0.49495656489694584,0.5351017687738054,0.5351017687738054,0.4315762169630065,0.38727383176922536,0.04430238519378116,0.11439550405817436,0.07484979332147416,1.44,1.53,-0.09000000000000008,,,mouth_proxy,0.025161223642717348,0.14127065038156938,-0.09202643409645805,0.17046802752111664,0.005544470686999994,0.177475969289,-0.029521638708000064,0.17999996661742682,0.019616752955717354,-0.03620531890743062,-0.06250479538845799,0.07484979332147416,0.4508357310876499,0.7174398079063999,1.7484937395106608,3.113294662973431,0.5567530067801131,0.8529813640804365,0.49117673559162256,0.9519659824089473,3.4045841913080266,10.997425295902445,0.9629566533547066,3.2707691002287334
trial_0015_bite_003_transfer,trial_0015_bite_003,trial_0015,transfer,retrieval,trial_0015,SUCCESS,0.08494254240440409,0.06698558312636467,0.16317810260711282,0.16709693726853014,0.07070366594742991,0.22725609378128925,0.2515575013137087,0.43768938038696387,0.4794807111327619,0.4794807111327619,0.480467466250911,0.38727383176922536,0.09319363448168566,0.24064015390851223,0.07070366594742993,1.44,1.53,-0.09000000000000008,trial_0020_bite_015_transfer,4.600757304819484,mouth_proxy,-0.015007207001165881,0.15351097210604164,-0.09278549752666765,0.1799999538060746,0.005544470686999994,0.177475969289,-0.029521638708000064,0.17999996661742682,-0.020551677688165876,-0.02396499718295836,-0.06326385881866758,0.07070366594742993,0.5600669983934209,1.4148334887984286,10.37331602343609,25.260142916733166,1.0676425704159924,2.7709690711616966,0.49117673559162256,0.9519659824089473,3.4045841913080266,10.997425295902445,0.9629566533547066,3.2707691002287334
trial_0015_bite_003_withdrawal,trial_0015_bite_003,trial_0015,withdrawal,contextual_promp,trial_0015,SUCCESS,0.07639348806553038,0.06899699478317682,0.10571696950230892,0.10607577554549028,0.0950206047647708,0.33967155621443157,0.407261396769727,0.62977112704444,0.6390308122478784,0.4721630563416608,0.37023457517019537,0.38231613890771543,0.012081563737520062,0.03160097758895903,0.09502060476477081,1.03,1.52,-0.49,,,plate,0.07830669079275711,-0.03463182523603053,-0.16509266395803404,0.18597550600778529,0.09895598018400005,0.037890229624999994,-0.222911983707,0.24681512918660653,-0.020649289391242942,-0.07252205486103053,0.05781931974896595,0.09502060476477081,0.4152797386825466,0.6658404854459685,2.052091676000943,3.1330615368022094,1.4940361669541964,2.6532005931268174,0.42122668443159306,0.686435436224803,2.6157973029101633,7.290431697940217,1.630769168380854,4.619718666442034
trial_0015_bite_003_withdrawal,trial_0015_bite_003,trial_0015,withdrawal,retrieval,trial_0015,SUCCESS,0.13765242481819703,0.12717655450732737,0.18174936983062986,0.18299609462564898,0.1540255790729994,0.8482580684995904,0.9875086499538207,1.5023924478405037,1.5263266137179243,0.6174874232450039,0.45537134774553634,0.38231613890771543,0.0730552088378209,0.19108586168122813,0.1540255790729994,1.03,1.52,-0.49,trial_0019_bite_006_withdrawal,1.3402183780822539,plate,0.05624965092732072,-0.09915681703106402,-0.16707153731691907,0.20225972454894725,0.09895598018400005,0.037890229624999994,-0.222911983707,0.24681512918660653,-0.04270632925667933,-0.13704704665606401,0.05584044639008093,0.1540255790729994,0.5497294121193043,1.0342087984352157,5.152205051622221,9.740892192241711,2.415484692228692,5.406882005678721,0.42122668443159306,0.686435436224803,2.6157973029101633,7.290431697940217,1.630769168380854,4.619718666442034
trial_0015_bite_004_transfer,trial_0015_bite_004,trial_0015,transfer,contextual_promp,trial_0015,SUCCESS,0.03702781209742609,0.03230390513473398,0.059552532574934126,0.06124271200904199,0.06124271200904199,0.11043275897954688,0.14476942885613867,0.30719548153243365,0.37227637708037076,0.37227637708037076,0.37133643086412454,0.35093931537995143,0.02039711548417311,0.05812148878813925,0.06124271200904199,1.44,1.44,0.0,,,mouth_proxy,0.008962236307266752,0.15617130780219646,-0.07715133661796175,0.1744194020234381,0.01085190510899997,0.178536790246,-0.020169899981999972,0.17999992828088243,-0.0018896688017332186,-0.02236548244380354,-0.05698143663596178,0.06124271200904199,0.3851178229904642,0.5784146134923585,1.2746308054357987,2.5106575730649943,0.3855517870767569,0.605840663918184,0.39779357947108285,0.7198230427796846,2.490194171541093,5.545381069939832,0.5715391395939262,1.4867303575244442
trial_0015_bite_004_transfer,trial_0015_bite_004,trial_0015,transfer,retrieval,trial_0015,SUCCESS,0.03187991534071432,0.027249499792789462,0.06072527118438601,0.06390868842294826,0.06390868842294826,0.17886745956597946,0.20167911245782505,0.340112495279668,0.3838789655063424,0.3837050387217309,0.3882158218647669,0.35093931537995143,0.03727650648481545,0.10621923748969904,0.06390868842294826,1.44,1.44,0.0,trial_0013_bite_011_transfer,3.320004817684564,mouth_proxy,-0.013182230551584018,0.1621311232007901,-0.07706923976544422,0.17999983341850187,0.01085190510899997,0.178536790246,-0.020169899981999972,0.17999992828088243,-0.02403413566058399,-0.016405667045209904,-0.05689933978344425,0.06390868842294826,0.4490403067539248,0.8076860739594718,2.719299704015392,9.105671603254798,0.6788394865981573,2.7151577941481597,0.39779357947108285,0.7198230427796846,2.490194171541093,5.545381069939832,0.5715391395939262,1.4867303575244442
trial_0015_bite_004_withdrawal,trial_0015_bite_004,trial_0015,withdrawal,contextual_promp,trial_0015,SUCCESS,0.09259712931159031,0.08295929097300897,0.12885823572279673,0.1295868687727744,0.10232881800904348,0.3194011321482496,0.38862227009910627,0.6011871254061173,0.6041767389178515,0.47997518517486515,0.3515506283690565,0.38766816049871017,0.036117532129653684,0.09316610392556046,0.10232881800904348,1.03,1.35,-0.32000000000000006,,,plate,0.07232085829097375,-0.04035481532032842,-0.15911111931935154,0.1793743737397788,0.10619852618399996,0.04053510362499996,-0.211839779707,0.24041071909516326,-0.03387766789302621,-0.08088991894532838,0.05272866038764845,0.10232881800904348,0.3978338155522262,0.6422714686633922,1.826377669362597,2.7271580786747176,1.386224070570872,2.1848445263045635,0.40740253962085793,0.5998328202458142,2.475338374775631,4.608213634302263,1.414268727368674,5.111371187450721
trial_0015_bite_004_withdrawal,trial_0015_bite_004,trial_0015,withdrawal,retrieval,trial_0015,SUCCESS,0.06326572135957077,0.05584537022807583,0.09356540281355576,0.09547252005155307,0.07318628534011114,0.35457260041706934,0.4503740177075786,0.7315170970270186,0.7409962508920905,0.6639603734454752,0.4307550102037091,0.38766816049871017,0.04308684970499893,0.11114363802683838,0.07318628534011114,1.03,1.35,-0.32000000000000006,trial_0013_bite_002_withdrawal,1.130409631363477,plate,0.10279066548940312,-0.032553235388755625,-0.21348706461882352,0.23917015032313674,0.10619852618399996,0.04053510362499996,-0.211839779707,0.24041071909516326,-0.003407860694596837,-0.07308833901375558,-0.0016472849118235322,0.07318628534011114,0.5332615629436646,1.0402204428417317,5.020954245970482,13.68308096494406,1.8818542267917755,4.9958781918298785,0.40740253962085793,0.5998328202458142,2.475338374775631,4.608213634302263,1.414268727368674,5.111371187450721
trial_0015_bite_005_transfer,trial_0015_bite_005,trial_0015,transfer,contextual_promp,trial_0015,SUCCESS,0.05095213315918551,0.04794238339872408,0.07382169485770378,0.07494084047873255,0.06797459650759416,0.1746319823804567,0.21131392629710563,0.3878389564873837,0.4461555947641442,0.4461555947641442,0.3719487916630263,0.33148366738326307,0.04046512427976323,0.12207275429041653,0.06797459650759416,1.44,1.21,0.22999999999999998,,,mouth_proxy,0.012916044562215845,0.14994998609761295,-0.08123977291930823,0.17103135163410313,0.011687461634000015,0.17854867663600005,-0.019586295694999978,0.179999582407752,0.0012285829282158295,-0.028598690538387095,-0.06165347722430825,0.06797459650759416,0.3904336092903129,0.640593786605693,1.477941139601498,2.929742819808827,0.4500583684387435,0.6568489328978473,0.3981449508343625,0.676741381097528,2.8559626032516747,12.721769815966676,0.7742117678836141,2.072827472890125
trial_0015_bite_005_transfer,trial_0015_bite_005,trial_0015,transfer,retrieval,trial_0015,SUCCESS,0.05007883382545413,0.044895128306974154,0.08428015328266356,0.08744126389775515,0.08744126389775515,0.2529503916292195,0.304644869089102,0.5259317637385382,0.5755681978034948,0.5755681978034948,0.3950742776564943,0.33148366738326307,0.06359061027323121,0.19183633020358565,0.08744126389775515,1.44,1.21,0.22999999999999998,trial_0013_bite_011_transfer,3.228139641008809,mouth_proxy,-0.0015339950115299122,0.14908886026733953,-0.1008469069142865,0.17999983341850195,0.011687461634000015,0.17854867663600005,-0.019586295694999978,0.179999582407752,-0.013221456645529928,-0.02945981636866052,-0.08126061121928652,0.08744126389775515,0.45169002358595456,0.7926400788816186,2.730431769832071,9.046461510938569,0.6788394865981573,2.7151577941481517,0.3981449508343625,0.676741381097528,2.8559626032516747,12.721769815966676,0.7742117678836141,2.072827472890125
trial_0015_bite_005_withdrawal,trial_0015_bite_005,trial_0015,withdrawal,contextual_promp,trial_0015,SUCCESS,0.03197167060255136,0.02751876257188034,0.06017159889501041,0.06469365759843265,0.06469365759843265,0.4910619111187194,0.5445256793979864,0.7258435277497611,0.7325187208527766,0.7325187208527766,0.3465154986714266,0.33164588909694004,0.014869609574486575,0.04483580247286042,0.06469365759843265,1.03,1.62,-0.5900000000000001,,,plate,0.08469326406425705,-0.014350227347475764,-0.15242657686606573,0.174964966030028,0.116175688184,0.010539930625000027,-0.20316715570700003,0.2342749961491371,-0.03148242411974295,-0.02489015797247579,0.0507405788409343,0.06469365759843265,0.391691554682187,0.639638679031539,1.8963841519850053,2.9571975645381845,1.3743803775073726,2.3735153732350223,0.40352705811815903,0.772381467620258,3.251277782120874,6.24500245123867,1.7870963084860885,3.954316222905348
trial_0015_bite_005_withdrawal,trial_0015_bite_005,trial_0015,withdrawal,retrieval,trial_0015,SUCCESS,0.07954687449307252,0.07189608394211991,0.11663782986843668,0.11751515458708896,0.11612460274877609,0.45015651448891486,0.5033081808410339,0.6578376866851264,0.6788705511137828,0.5583453768757773,0.4361319792195144,0.33164588909694004,0.10448609012257437,0.31505317435740354,0.11612460274877609,1.03,1.62,-0.5900000000000001,trial_0019_bite_006_withdrawal,1.6942899356566776,plate,0.05394756516906464,-0.08368124266527896,-0.17605711008914196,0.2022597245489473,0.116175688184,0.010539930625000027,-0.20316715570700003,0.2342749961491371,-0.062228123014935355,-0.09422117329027899,0.02711004561785807,0.11612460274877609,0.532989233091136,1.036444274373881,5.137238695801814,9.686340764775252,2.4154846922286914,5.406882005678713,0.40352705811815903,0.772381467620258,3.251277782120874,6.24500245123867,1.7870963084860885,3.954316222905348
trial_0015_bite_006_transfer,trial_0015_bite_006,trial_0015,transfer,contextual_promp,trial_0015,SUCCESS,0.06354104346983935,0.057401560781979555,0.09236243287951396,0.0971946883506503,0.0971946883506503,0.29557566261495455,0.37510675316643816,0.6741306706395671,0.7145638111943278,0.7145638111943278,0.3813945698212564,0.36045906286791674,0.020935506953339678,0.05808012368109355,0.0971946883506503,1.44,1.21,0.22999999999999998,,,mouth_proxy,0.06334259552956072,0.14357243184164048,-0.08794987743090493,0.17989026803430816,0.007328735108999979,0.179056670812,-0.016885655286,0.18000035298579956,0.05601386042056074,-0.035484238970359516,-0.07106422214490493,0.0971946883506503,0.390144906171075,0.5295142839654124,1.2011037557177175,2.01372346159387,0.5132650765765974,0.7573934543246973,0.43861300022422806,0.7938840020421531,3.852221249391681,25.107631599964478,0.7913561658146273,1.5029109839863288
trial_0015_bite_006_transfer,trial_0015_bite_006,trial_0015,transfer,retrieval,trial_0015,SUCCESS,0.047890572917831206,0.04225251580687578,0.07860641732696284,0.0799562761840176,0.0799562761840176,0.31594399347907987,0.3915223896774476,0.6997634995913623,0.7272625252790437,0.7272625252790437,0.3959734099634297,0.36045906286791674,0.03551434709551299,0.09852532715629496,0.0799562761840176,1.44,1.21,0.22999999999999998,trial_0013_bite_011_transfer,4.50965706162841,mouth_proxy,0.024657564598048465,0.15353851615379277,-0.09065246050755071,0.17999983341850198,0.007328735108999979,0.179056670812,-0.016885655286,0.18000035298579956,0.017328829489048486,-0.025518154658207226,-0.07376680522155071,0.0799562761840176,0.45646381897833255,0.8192771465338107,2.7269818331561457,9.124674603774807,0.678839486598157,2.715157794148155,0.43861300022422806,0.7938840020421531,3.852221249391681,25.107631599964478,0.7913561658146273,1.5029109839863288
trial_0015_bite_006_withdrawal,trial_0015_bite_006,trial_0015,withdrawal,contextual_promp,trial_0015,SUCCESS,0.08560889032990603,0.07693134442796885,0.12061828462829775,0.12164547856617144,0.11355563902218448,0.3574238390937316,0.43300740658678144,0.7052085858658863,0.7805966129118803,0.7805966129118803,0.332392403492673,0.42328420784994375,0.09089180435727073,0.21472996788364074,0.11355563902218448,1.03,1.45,-0.41999999999999993,,,plate,0.054713056115991546,-0.07423278711462653,-0.17257554687947582,0.19566896681156992,0.124040282184,0.007754113624999975,-0.209545358707,0.24362958613034064,-0.06932722606800845,-0.0819869007396265,0.03696981182752418,0.11355563902218448,0.36915957125480053,0.5921816582300975,1.9249806439124697,3.2609931998797705,1.6407162573053704,3.0712834662664257,0.4657084512486195,0.7692202763331726,3.3254859373741064,5.97176744137552,1.8851963801143554,4.919271532594083
trial_0015_bite_006_withdrawal,trial_0015_bite_006,trial_0015,withdrawal,retrieval,trial_0015,SUCCESS,0.1340272766294234,0.12488884550948313,0.17657811745627883,0.17991207047793334,0.12201366818227655,0.73732536957879,0.8344011818704744,1.191383566848125,1.2180174344433008,0.7140173229377982,0.42920731474993884,0.42328420784994375,0.00592310689999509,0.013993214937267065,0.12201366818227655,1.03,1.45,-0.41999999999999993,trial_0019_bite_006_withdrawal,1.0448759713122633,plate,0.05160451684027713,-0.08463323988833454,-0.1763042390933956,0.20225972454894728,0.124040282184,0.007754113624999975,-0.209545358707,0.24362958613034064,-0.07243576534372287,-0.09238735351333452,0.0332411196136044,0.12201366818227655,0.5338909059958777,1.0565347988772575,5.138166831598219,9.638218836987242,2.415484692228692,5.40688200567871,0.4657084512486195,0.7692202763331726,3.3254859373741064,5.97176744137552,1.8851963801143554,4.919271532594083
trial_0015_bite_007_transfer,trial_0015_bite_007,trial_0015,transfer,contextual_promp,trial_0015,SUCCESS,0.05054299572094544,0.04732108689589321,0.07304381700215454,0.07925802473678457,0.07925802473678457,0.20208997873247816,0.24977175014354674,0.44362126264299806,0.5042422171986477,0.5042422171986477,0.3431820524266887,0.31426407771258225,0.028917974714106454,0.09201807258592909,0.07925802473678457,1.44,1.26,0.17999999999999994,,,mouth_proxy,0.028960806317863394,0.15088791302301946,-0.08506562387097827,0.17561905068523126,-0.007219195673000084,0.17870948418499993,-0.020267459397000087,0.17999990676176156,0.03618000199086348,-0.027821571161980474,-0.06479816447397818,0.07925802473678457,0.3547037281199588,0.5166762164298789,1.097066570747156,1.9955604239727498,0.401018958042046,0.5997334434907826,0.3553254915447641,0.5636331925787936,1.9146989243585086,3.5444582391623554,0.7099286067183829,1.767208384559543
trial_0015_bite_007_transfer,trial_0015_bite_007,trial_0015,transfer,retrieval,trial_0015,SUCCESS,0.04460927647067649,0.03751616529331569,0.06912727331549168,0.07163422344120442,0.07163422344120442,0.20045068808373717,0.25407106341171753,0.47070562420774065,0.5221081323871402,0.5221081323871402,0.3609047304850092,0.31426407771258225,0.04664065277242696,0.14841229424599808,0.07163422344120442,1.44,1.26,0.17999999999999994,trial_0013_bite_011_transfer,2.919052855964678,mouth_proxy,0.005830369785113421,0.1572704878069487,-0.08736097803837645,0.17999983341850195,-0.007219195673000084,0.17870948418499993,-0.020267459397000087,0.17999990676176156,0.013049565458113505,-0.021438996378051245,-0.06709351864137636,0.07163422344120442,0.4182913920118687,0.7629328751796252,2.6814669804466424,9.076422553956528,0.6788394865981573,2.7151577941481557,0.3553254915447641,0.5636331925787936,1.9146989243585086,3.5444582391623554,0.7099286067183829,1.767208384559543
trial_0015_bite_007_withdrawal,trial_0015_bite_007,trial_0015,withdrawal,contextual_promp,trial_0015,SUCCESS,0.08162674404740786,0.06513830279963663,0.15139869110528192,0.15434033514524922,0.15434033514524922,0.22970827613625824,0.2795709135746448,0.4482962074791752,0.4547068334630249,0.4410718352232956,0.3255462676403571,0.35798632848395295,0.03244006084359585,0.09061815567364609,0.15434033514524922,1.03,1.43,-0.3999999999999999,,,plate,0.05292296380756013,-0.04083673124233789,-0.17419165154828242,0.1865776250943652,0.10468263118399997,0.10280644162500005,-0.196741923707,0.24542820183330788,-0.05175966737643983,-0.14364317286733794,0.022550272158717577,0.15434033514524922,0.3565982843398445,0.5632939063200424,1.7363183586663593,2.6411833240884293,1.534630800252208,2.5423673870781847,0.39506861701670204,0.6463148393963591,2.3343830668293544,4.617562460085784,1.1991470026071223,2.2280247776238546
trial_0015_bite_007_withdrawal,trial_0015_bite_007,trial_0015,withdrawal,retrieval,trial_0015,SUCCESS,0.1194464127462015,0.0874396015939937,0.22298958857129197,0.22646674325321633,0.22646674325321633,0.3261222871884977,0.40657500507077454,0.6541092276281771,0.6737257448230426,0.5133448490193595,0.3145949526525855,0.35798632848395295,0.04339137583136743,0.12120958924640186,0.22646674325321636,1.03,1.43,-0.3999999999999999,trial_0014_bite_007_withdrawal,1.1224460329313135,plate,-0.02442375369043727,-0.08324026899106074,-0.1990546392787094,0.21713638926815657,0.10468263118399997,0.10280644162500005,-0.196741923707,0.24542820183330788,-0.12910638487443724,-0.1860467106160608,-0.002312715571709395,0.22646674325321633,0.33524795672795143,0.5511379275261583,2.4108207903309893,6.356994199735368,1.544524548605049,4.573138085187347,0.39506861701670204,0.6463148393963591,2.3343830668293544,4.617562460085784,1.1991470026071223,2.2280247776238546
trial_0015_bite_008_transfer,trial_0015_bite_008,trial_0015,transfer,contextual_promp,trial_0015,SUCCESS,0.06562962963152179,0.061099353791597734,0.10179778506677362,0.10789584495375651,0.10789584495375651,0.2911850183616733,0.35391378814091984,0.659215710663825,0.7071608324900401,0.7071608324900401,0.30904287751121884,0.2740700706321121,0.034972806879106755,0.12760534850976565,0.10789584495375651,1.44,1.68,-0.24,,,mouth_proxy,0.10465552445971713,0.10736960607678542,-0.10252802230309643,0.18163977115820965,0.04618202137700001,0.170003721151,-0.03695874272499994,0.17999998046518056,0.058473503082717114,-0.06263411507421457,-0.0655692795780965,0.1078958449537565,0.31823301414108063,0.4676088012592611,1.4485400075516093,2.586705947246978,0.6693261987218961,0.9145229824243924,0.3016768264864099,0.5245433180338022,2.346059393841838,4.983607225011504,0.9418730182001279,2.2929941129092675
trial_0015_bite_008_transfer,trial_0015_bite_008,trial_0015,transfer,retrieval,trial_0015,SUCCESS,0.07260788920499454,0.06697202293714657,0.0997381353436832,0.10044703752658798,0.09665117951274495,0.4106548074990521,0.45098813071666316,0.6426347729561122,0.6744217380229511,0.6744217380229511,0.3544482237214143,0.2740700706321121,0.08037815308930224,0.29327592357647436,0.09665117951274496,1.44,1.68,-0.24,trial_0020_bite_016_transfer,6.8214222822822235,mouth_proxy,0.03515381802050677,0.12687480907242119,-0.12274758917283896,0.17999994096200778,0.04618202137700001,0.170003721151,-0.03695874272499994,0.17999998046518056,-0.011028203356493238,-0.0431289120785788,-0.08578884644783902,0.09665117951274496,0.3967848346336857,0.7339018517965652,2.7996392310321236,6.02337179518823,0.569054860944063,1.7406132399172116,0.3016768264864099,0.5245433180338022,2.346059393841838,4.983607225011504,0.9418730182001279,2.2929941129092675
trial_0015_bite_008_withdrawal,trial_0015_bite_008,trial_0015,withdrawal,contextual_promp,trial_0015,SUCCESS,0.1580500616623193,0.1288361008558132,0.26060932937110426,0.26560308464957527,0.26560308464957527,0.5605175148087573,0.684038039537209,1.1044746318103071,1.1464966345358987,1.1464966345358987,0.2786838030942152,0.29286515205439584,0.01418134896018064,0.048422794110876806,0.26560308464957527,1.03,2.26,-1.2299999999999998,,,plate,0.048402102509372755,-0.15767761384623086,-0.15589584895336958,0.2269548614955422,0.13744813818400003,0.08599596462500009,-0.21280796770699997,0.26753416182165557,-0.08904603567462728,-0.24367357847123094,0.05691211875363039,0.26560308464957527,0.3128717192776864,0.47420850923298635,1.9446283834855103,3.728768824411353,1.9224514693777415,3.8195231317550546,0.3413515711985503,0.6007845769200957,3.9873650015195463,10.53227107072789,1.2686768610958548,4.296461494408606
trial_0015_bite_008_withdrawal,trial_0015_bite_008,trial_0015,withdrawal,retrieval,trial_0015,SUCCESS,0.1553522211782394,0.12317933662114314,0.2596611211415079,0.2632907860064382,0.26328276649582283,0.6791963715650039,0.8573470898492069,1.3070110424376753,1.3136363310843346,1.3136363310843346,0.32587379253383725,0.29286515205439584,0.03300864047944141,0.11270934847622462,0.26328276649582283,1.03,2.26,-1.2299999999999998,trial_0020_bite_008_withdrawal,1.8859149898042658,plate,0.025767473126197052,-0.14956980806435355,-0.17601108029503873,0.2324112530458528,0.13744813818400003,0.08599596462500009,-0.21280796770699997,0.26753416182165557,-0.11168066505780298,-0.23556577268935364,0.03679688741196124,0.26328276649582283,0.39075036097513716,0.7402635789698754,4.0325142062880035,9.039003449899441,2.29908244436982,7.408229086217998,0.3413515711985503,0.6007845769200957,3.9873650015195463,10.53227107072789,1.2686768610958548,4.296461494408606
trial_0015_bite_009_transfer,trial_0015_bite_009,trial_0015,transfer,contextual_promp,trial_0015,SUCCESS,0.05371415440715614,0.05002317067401162,0.08598070618863167,0.09262985089776192,0.09262985089776192,0.25991308556616194,0.30378677535005905,0.5561741983402493,0.6202123702192303,0.6202123702192303,0.45146922876226653,0.437832400162147,0.013636828600119555,0.03114622991598906,0.09262985089776192,1.44,1.57,-0.13000000000000012,,,mouth_proxy,0.04954926254003165,0.1201356787484309,-0.11527712519544708,0.17371392091578025,0.02605734153899992,0.17287474090999988,-0.04284087565599998,0.1800000047770903,0.02349192100103173,-0.052739062161568984,-0.0724362495394471,0.09262985089776192,0.4853135417958563,0.8415356545244802,2.3530891071272166,4.617223853959867,0.7717454289412244,1.2512258061437938,0.49409460703680885,0.8982912350510863,4.049444709690478,9.7333227050545,1.407549178400025,2.942144698030101
trial_0015_bite_009_transfer,trial_0015_bite_009,trial_0015,transfer,retrieval,trial_0015,SUCCESS,0.07742212228422926,0.06731351264302347,0.12362754026164834,0.1273683381279727,0.1273683381279727,0.43209513735449134,0.4798428788268496,0.7103356299559087,0.7693658273619094,0.7693658273619094,0.555762643200624,0.437832400162147,0.11793024303847699,0.26935019654736075,0.1273683381279727,1.44,1.57,-0.13000000000000012,trial_0020_bite_015_transfer,6.1747962014804,mouth_proxy,0.008015307216348723,0.1027129235854396,-0.14760011364815462,0.17999995380607453,0.02605734153899992,0.17287474090999988,-0.04284087565599998,0.1800000047770903,-0.018042034322651196,-0.07016181732456028,-0.10475923799215464,0.1273683381279727,0.6074185451160421,1.3588558237035704,10.385314551862626,25.488391744574933,1.0676425704159926,2.7709690711616988,0.49409460703680885,0.8982912350510863,4.049444709690478,9.7333227050545,1.407549178400025,2.942144698030101
trial_0015_bite_009_withdrawal,trial_0015_bite_009,trial_0015,withdrawal,contextual_promp,trial_0015,SUCCESS,0.11564957194168557,0.09762638303609493,0.1765314340378415,0.17738126149529757,0.13018206015225883,0.5841670568742063,0.6958095517514779,1.0603717924548648,1.0801838922412894,0.8444124312083461,0.3455059619347397,0.530526250832064,0.18502028889732425,0.34874860312216993,0.13018206015225886,1.03,1.82,-0.79,,,plate,0.05799024482686217,-0.11174663485251529,-0.17015609368821086,0.21166784147614864,0.13565350218399996,-0.013007957375000073,-0.20430958270700003,0.24558803960242606,-0.07766325735713779,-0.09873867747751522,0.034153489018789174,0.13018206015225883,0.3934720749560021,0.6559031958357276,2.0861384547307535,3.344403945077492,1.6826068663448104,3.216019502704761,0.5992810090461707,0.9891281964196794,4.682934832193699,8.729763745923991,1.9356659252358817,6.50773819871831
trial_0015_bite_009_withdrawal,trial_0015_bite_009,trial_0015,withdrawal,retrieval,trial_0015,SUCCESS,0.10862869053160618,0.08916332913599076,0.17981798561465406,0.18119389917048606,0.10808845253467417,0.7805279366590195,0.9657138606926784,1.538267712050384,1.5549635425815902,0.8201477994956158,0.38468169099142346,0.530526250832064,0.1458445598406405,0.274905453993844,0.10808845253467417,1.03,1.82,-0.79,trial_0019_bite_008_withdrawal,0.3993908904324351,plate,0.04321274900760809,-0.068590111377481,-0.19734934708121848,0.21335114213182227,0.13565350218399996,-0.013007957375000073,-0.20430958270700003,0.24558803960242606,-0.09244075317639187,-0.05558215400248093,0.006960235625781547,0.10808845253467417,0.45145098258291416,0.8966849207284752,4.298613727650364,9.338940138094303,2.5979852122628544,5.986392609795134,0.5992810090461707,0.9891281964196794,4.682934832193699,8.729763745923991,1.9356659252358817,6.50773819871831
trial_0015_bite_010_transfer,trial_0015_bite_010,trial_0015,transfer,contextual_promp,trial_0015,SUCCESS,0.09913230008308155,0.09244783498852957,0.12225051541581464,0.1227261356756682,0.12175952622345688,0.526349980168515,0.5634138068853677,0.7512301393543843,0.7988192725811577,0.7988192725811577,0.45274121571747816,0.3963270242737229,0.05641419144375526,0.14234253025550145,0.12175952622345688,1.44,1.49,-0.050000000000000044,,,mouth_proxy,0.055555468722508265,0.13051473471486863,-0.09815752290333835,0.17249755182375637,0.00012118658900000384,0.179991920445,-0.001698046009000087,0.1799999707553233,0.05543428213350826,-0.04947718573013138,-0.09645947689433826,0.12175952622345688,0.4711881000841987,0.7040693713632283,1.6216188885720648,2.783747412094374,0.5221185568918921,0.6807135796763669,0.4424720377897137,0.6715535629654753,3.4065476823066665,8.313716084720538,1.1672374528897587,3.7353847662452573
trial_0015_bite_010_transfer,trial_0015_bite_010,trial_0015,transfer,retrieval,trial_0015,SUCCESS,0.0902786169745413,0.0849707666183419,0.1176125473800416,0.1208076405534107,0.1208076405534107,0.5443848466406811,0.5841315777167664,0.7968961597943018,0.834052786326709,0.834052786326709,0.4526013868985087,0.3963270242737229,0.0562743626247858,0.14198971853587244,0.1208076405534107,1.44,1.49,-0.050000000000000044,trial_0013_bite_011_transfer,4.377941268660079,mouth_proxy,0.0352565049903698,0.13840864472930958,-0.10954435608806268,0.17999983341850204,0.00012118658900000384,0.179991920445,-0.001698046009000087,0.1799999707553233,0.0351353184013698,-0.041583275715690426,-0.10784631007906259,0.1208076405534107,0.5182907614795167,0.8959097015535482,2.82076212212459,9.125955717242917,0.6788394865981573,2.7151577941481553,0.4424720377897137,0.6715535629654753,3.4065476823066665,8.313716084720538,1.1672374528897587,3.7353847662452573
trial_0015_bite_010_withdrawal,trial_0015_bite_010,trial_0015,withdrawal,contextual_promp,trial_0015,SUCCESS,0.07785980799072593,0.06870361487932744,0.12122312249126364,0.12210129656570089,0.0910088107731803,0.3999314790385986,0.46983262644903734,0.6805743992910788,0.694429561989043,0.5853454090828099,0.3455310228978246,0.4468087749140242,0.1012777520161996,0.2266691204434999,0.0910088107731803,1.03,1.3,-0.27,,,plate,0.061232824207890627,-0.0591392334760624,-0.17615732737790063,0.19564843900613035,0.11217633518400007,-0.003683973374999927,-0.227265804707,0.2534696191346432,-0.05094351097610944,-0.05545526010106247,0.05110847732909937,0.0910088107731803,0.3897014192291562,0.6308784609005286,1.8302634523988743,2.9095732511671937,1.5650490774144676,2.605716011770934,0.4989239880125747,0.8596103175216984,3.0328466322330145,6.542453402126738,1.5326154520363766,3.7189961177434574
trial_0015_bite_010_withdrawal,trial_0015_bite_010,trial_0015,withdrawal,retrieval,trial_0015,SUCCESS,0.09720576444845942,0.08243878951590976,0.15203109527509545,0.15337607009084142,0.15034827158386138,0.44557763750308266,0.5465464479168265,0.8515047342890609,0.8613794700940697,0.6210220682626514,0.3178771615332952,0.4468087749140242,0.128931613380729,0.2885610592709113,0.15034827158386138,1.03,1.3,-0.27,trial_0014_bite_007_withdrawal,1.1950135954915342,plate,-0.022541241442386645,-0.06674891972646196,-0.20538910802181976,0.21713638926815648,0.11217633518400007,-0.003683973374999927,-0.227265804707,0.2534696191346432,-0.13471757662638673,-0.06306494635146204,0.021876696685180247,0.15034827158386138,0.35734870537243046,0.6434211894092235,2.431895799514907,6.248443376405525,1.5445245486050494,4.5731380851873515,0.4989239880125747,0.8596103175216984,3.0328466322330145,6.542453402126738,1.5326154520363766,3.7189961177434574
trial_0015_bite_011_transfer,trial_0015_bite_011,trial_0015,transfer,contextual_promp,trial_0015,SUCCESS,0.04838513440300764,0.04275623362241772,0.07037359853340125,0.08281990094803433,0.08281990094803433,0.24330653084471604,0.2677903453161934,0.450228065875441,0.5049678160341058,0.5049678160341058,0.466411380054032,0.43849285039032365,0.027918529663708336,0.06366929275781054,0.08281990094803433,1.44,1.25,0.18999999999999995,,,mouth_proxy,0.04262887017096256,0.13335135903897533,-0.09879708299382589,0.1713495524875493,0.008983539474999941,0.17606711888899995,-0.036327157622999984,0.17999999087871757,0.03364533069596262,-0.042715759850024626,-0.06246992537082591,0.08281990094803433,0.48138284062991016,0.7207302872191319,1.8672568959455977,3.4225139239943196,0.5264658714729022,0.8061343797798541,0.4968011577437309,0.847395469700103,2.8389928501730144,5.644616140616067,0.9026626603471369,3.5270479678695668
trial_0015_bite_011_transfer,trial_0015_bite_011,trial_0015,transfer,retrieval,trial_0015,SUCCESS,0.04447451504548257,0.040418348194497154,0.061855024681987544,0.0683302768662919,0.0683302768662919,0.2439827418859154,0.26366520118435155,0.408149867657643,0.4520501594330947,0.4520501594330947,0.45899477254427007,0.43849285039032365,0.020501922153946417,0.04675543087121413,0.0683302768662919,1.44,1.25,0.18999999999999995,trial_0013_bite_011_transfer,5.52829975717451,mouth_proxy,0.016335202315358094,0.1495298455316419,-0.09886317055045368,0.17999983341850198,0.008983539474999941,0.17606711888899995,-0.036327157622999984,0.17999999087871757,0.007351662840358153,-0.02653727335735806,-0.0625360129274537,0.0683302768662919,0.5248352533885995,0.9107122300545427,2.8245407086899994,9.166982377543047,0.6788394865981574,2.7151577941481517,0.4968011577437309,0.847395469700103,2.8389928501730144,5.644616140616067,0.9026626603471369,3.5270479678695668
trial_0015_bite_011_withdrawal,trial_0015_bite_011,trial_0015,withdrawal,contextual_promp,trial_0015,SUCCESS,0.08184023016191128,0.07445803852010884,0.10982083693308901,0.11079151743282445,0.0809685504317962,0.398589688100119,0.4687018584958198,0.6869075317059705,0.6943494574493914,0.506153389380903,0.3788545481325139,0.418851556902138,0.03999700876962409,0.0954920857056027,0.0809685504317962,1.03,1.23,-0.19999999999999996,,,plate,0.11472700351344374,0.006897562349849534,-0.1383317695555603,0.17984865907177744,0.11788336118400002,0.03684626862500004,-0.21349172270699998,0.24664316333526384,-0.0031563576705562757,-0.029948706275150505,0.07515995315143967,0.0809685504317962,0.4333445436747333,0.7062028576480102,1.9515344551246459,3.439301891634054,1.2430522176548189,1.982727890197805,0.45123126268059777,0.7248200074654764,2.524186100909187,5.4332805931375905,1.2205759192089076,3.2567022972601554
trial_0015_bite_011_withdrawal,trial_0015_bite_011,trial_0015,withdrawal,retrieval,trial_0015,SUCCESS,0.12229359020667033,0.10566966622044505,0.20012203294971442,0.21213330806232078,0.21213330806232078,0.2825842379839042,0.34929472758632946,0.7089399618002417,0.844677773843062,0.844677773843062,0.5289444247586904,0.418851556902138,0.11009286785655242,0.2628445950417583,0.21213330806232078,1.03,1.23,-0.19999999999999996,trial_0013_bite_001_withdrawal,2.492488115276076,plate,0.1746385094252954,0.17681029956898464,-0.06453044055796839,0.2567579964997557,0.11788336118400002,0.03684626862500004,-0.21349172270699998,0.24664316333526384,0.05675514824129539,0.1399640309439846,0.1489612821490316,0.21213330806232078,0.5784215389665104,0.9362817084108958,3.613979903216737,9.743578140970108,1.1830088258765927,3.910941312040222,0.45123126268059777,0.7248200074654764,2.524186100909187,5.4332805931375905,1.2205759192089076,3.2567022972601554
trial_0015_bite_012_transfer,trial_0015_bite_012,trial_0015,transfer,contextual_promp,trial_0015,SUCCESS,0.04548383935122287,0.04313117881534752,0.06025483849524673,0.06209579795262813,0.06209579795262813,0.22097452035921322,0.24406353199484343,0.35029599464585887,0.35802336273824215,0.35802336273824215,0.4504366001448958,0.4599587435372506,0.009522143392354798,0.020702168457818717,0.06209579795262813,1.44,1.57,-0.13000000000000012,,,mouth_proxy,0.05573666140357203,0.1678649796188273,-0.08019208817350643,0.19420607048306487,0.006987226127999985,0.17480499182300002,-0.042360660572999975,0.18000008905382192,0.048749435275572045,-0.00694001220417273,-0.03783142760050645,0.06209579795262813,0.46434396087487123,0.6052833354794506,1.4388252763120284,2.3783977570962307,0.5461459795298979,0.8577749107372145,0.5080182576687342,0.7460739655741673,2.978709201102568,5.893489196665128,0.7113742396758714,1.6597030895316847
trial_0015_bite_012_transfer,trial_0015_bite_012,trial_0015,transfer,retrieval,trial_0015,SUCCESS,0.031432759064896405,0.027423410614764724,0.04760207179035824,0.04805373258708088,0.03795769052094019,0.1258124077408743,0.13720263767824986,0.20669131092600207,0.2321037675235564,0.2321037675235564,0.4361916591440215,0.4599587435372506,0.023767084393229054,0.0516722091430451,0.03795769052094019,1.44,1.57,-0.13000000000000012,trial_0013_bite_011_transfer,5.775207786919516,mouth_proxy,0.02477481057215719,0.17806004699326883,-0.008987127269438067,0.17999983341850195,0.006987226127999985,0.17480499182300002,-0.042360660572999975,0.18000008905382192,0.017787584444157206,0.0032550551702688058,0.03337353330356191,0.03795769052094019,0.5113963464424646,0.913072628547377,2.8222323214824576,9.249754041511444,0.6788394865981572,2.7151577941481566,0.5080182576687342,0.7460739655741673,2.978709201102568,5.893489196665128,0.7113742396758714,1.6597030895316847
trial_0015_bite_012_withdrawal,trial_0015_bite_012,trial_0015,withdrawal,contextual_promp,trial_0015,SUCCESS,0.10205089935237903,0.08431948332110747,0.17208796154469888,0.18141766300323756,0.18141766300323756,0.6295073814072739,0.779798223352451,1.1774441453292441,1.1899526235635263,1.1024235395259263,0.3480903656795224,0.39402663276063526,0.04593626708111287,0.11658162992504723,0.18141766300323756,1.03,1.28,-0.25,,,plate,0.08103408078335843,-0.05202076957143231,-0.15683435605907023,0.18403721894136288,0.1230106121840001,0.12094959862500004,-0.19192838670699994,0.2580637939374348,-0.04197653140064167,-0.17297036819643236,0.03509403064792971,0.18141766300323756,0.3933282095996227,0.6358351503190881,1.9967466344067701,2.996012818579349,1.5153198755855284,2.8946388681537476,0.42729825804138843,0.6456174779245062,2.1106020645254486,4.997708891658703,0.7335355095968302,1.88283420789944
trial_0015_bite_012_withdrawal,trial_0015_bite_012,trial_0015,withdrawal,retrieval,trial_0015,SUCCESS,0.15588024719627358,0.1404350916678577,0.22820362859005344,0.23276883609424975,0.23276883609424975,1.1559126062065226,1.34586786539504,1.8484082203189856,1.863997035062387,1.6685192578375287,0.449986945384164,0.39402663276063526,0.05596031262352874,0.14202165024089555,0.23276883609424975,1.03,1.28,-0.25,trial_0019_bite_006_withdrawal,1.497794821000672,plate,0.07205113947584378,-0.10363087645235464,-0.158045154688669,0.20225972454894722,0.1230106121840001,0.12094959862500004,-0.19192838670699994,0.2580637939374348,-0.05095947270815632,-0.22458047507735468,0.03388323201833093,0.23276883609424975,0.5476744169205366,1.0498797502718025,5.149944003162344,9.661821452825894,2.4154846922286928,5.4068820056787175,0.42729825804138843,0.6456174779245062,2.1106020645254486,4.997708891658703,0.7335355095968302,1.88283420789944
trial_0015_bite_013_transfer,trial_0015_bite_013,trial_0015,transfer,contextual_promp,trial_0015,SUCCESS,0.054224590621610606,0.04625111344076485,0.08625585996709881,0.08684274382697142,0.02331781168743756,0.10690813296929921,0.11019480673283595,0.13672648192195627,0.14399059368476175,0.14221620919926584,0.3652209542757496,0.39989371998600354,0.03467276571025396,0.08670495178435791,0.02331781168743756,1.44,1.45,-0.010000000000000009,,,mouth_proxy,-0.011419688998702906,0.16782952903631715,-0.04366949221445149,0.173793511569469,-0.006915160856999971,0.17834491406499997,-0.02335062792999998,0.1799999434645903,-0.004504528141702935,-0.010515385028682822,-0.02031886428445151,0.02331781168743756,0.3913210865869531,0.6027936865174074,1.3566150051490926,2.6741503207301958,0.30783528115107267,0.41034016843314,0.43128484987246096,0.6119419683831062,2.7320134024114013,7.093789572903335,0.8053644074291849,1.8152784059455744
trial_0015_bite_013_transfer,trial_0015_bite_013,trial_0015,transfer,retrieval,trial_0015,SUCCESS,0.048042867690129595,0.04356116144094562,0.0713835640407993,0.07158420705522009,0.03462189818911452,0.16176229325303432,0.1702189726726263,0.22956924179061708,0.2412632031953729,0.21497038447551067,0.38505642699520165,0.39989371998600354,0.014837292990801887,0.03710309076952046,0.03462189818911452,1.44,1.45,-0.010000000000000009,trial_0014_bite_004_transfer,2.664129207365928,mouth_proxy,-0.0257452901253411,0.17058832162711363,-0.05134950897384705,0.17999990975289057,-0.006915160856999971,0.17834491406499997,-0.02335062792999998,0.1799999434645903,-0.018830129268341128,-0.007756592437886345,-0.027998881043847068,0.03462189818911452,0.40929942375797485,0.589655738494238,1.5743790431594746,3.4334122799692595,0.5696090488689824,1.2044979175089052,0.43128484987246096,0.6119419683831062,2.7320134024114013,7.093789572903335,0.8053644074291849,1.8152784059455744
trial_0015_bite_013_withdrawal,trial_0015_bite_013,trial_0015,withdrawal,contextual_promp,trial_0015,SUCCESS,0.16638234709148297,0.13028507764321487,0.28518026749738756,0.2856904191155279,0.2856904191155279,0.5610582043323514,0.7096334777030725,1.1357927962197707,1.1571461307997177,1.0141356507657926,0.3090812593501412,0.5063052273735938,0.19722396802345266,0.38953571355866035,0.2856904191155279,1.03,1.82,-0.79,,,plate,0.027252268630210894,-0.10311973495017848,-0.19761251785538742,0.22455973168587917,0.1645867891840001,0.14716988062500003,-0.18696576370699997,0.2893164041937771,-0.1373345205537892,-0.2502896155751785,-0.01064675414838745,0.2856904191155279,0.337993077989264,0.5495273974234045,1.8112947401223374,3.1630032570453737,1.791796578863673,3.245682966370706,0.5859441678955859,0.9806358625551189,3.802817825678693,9.703550126369269,1.2456456350757086,3.1999404746465987
trial_0015_bite_013_withdrawal,trial_0015_bite_013,trial_0015,withdrawal,retrieval,trial_0015,SUCCESS,0.11615977289106211,0.09219966986334137,0.19926761552352315,0.2006882125134678,0.19259887787483224,0.46753727273996765,0.5586724534312975,0.8947374758730127,0.9094100644835669,0.6480080191039173,0.31051902763659783,0.5063052273735938,0.195786199736996,0.3866959872261575,0.19259887787483224,1.03,1.82,-0.79,trial_0014_bite_013_withdrawal,1.133197653147755,plate,0.06450705739434097,-0.005846787824449834,-0.2474990125887969,0.2558341388751125,0.1645867891840001,0.14716988062500003,-0.18696576370699997,0.2893164041937771,-0.10007973178965913,-0.15301666844944986,-0.060533248881796925,0.19259887787483224,0.38280213591269585,0.6877355218749762,2.8893108453448604,5.951255377263552,1.6852510407508374,3.821616360908263,0.5859441678955859,0.9806358625551189,3.802817825678693,9.703550126369269,1.2456456350757086,3.1999404746465987
trial_0015_bite_014_transfer,trial_0015_bite_014,trial_0015,transfer,contextual_promp,trial_0015,SUCCESS,0.05895016567838992,0.051737636016954476,0.09449222222501971,0.09883582708822496,0.09883582708822496,0.26174329366599575,0.33120448941185165,0.5913190903417341,0.6060913104870148,0.6060913104870148,0.3814987184833569,0.3414936858474783,0.04000503263587862,0.11714721031107472,0.09883582708822496,1.44,1.15,0.29000000000000004,,,mouth_proxy,0.06341153541670287,0.12332567372662717,-0.1004757095781626,0.17124722724548136,0.020181374603999935,0.17646096235999992,-0.02922744634200003,0.18000000760444088,0.043230160812702936,-0.053135288633372746,-0.07124826323616257,0.09883582708822496,0.3983957071369877,0.6384365014140118,1.508631695880459,2.8417697524902956,0.4923304512266394,0.703386933125059,0.37469873257359476,0.5993346215134493,1.987106780745449,3.6049071409382822,0.8636729165339727,2.011112314661157
trial_0015_bite_014_transfer,trial_0015_bite_014,trial_0015,transfer,retrieval,trial_0015,SUCCESS,0.059636555637063146,0.05023970044705845,0.10213081832445363,0.10383063447124571,0.10373875111830198,0.29309275241916644,0.36286118363740005,0.6385401962804261,0.6490736252284476,0.6408753662883072,0.3909903720529331,0.3414936858474783,0.049496686205454776,0.14494173174130526,0.10373875111830197,1.44,1.15,0.29000000000000004,trial_0013_bite_011_transfer,4.3108632279684285,mouth_proxy,0.04882149653819287,0.1282375034379678,-0.11649697085528382,0.1799998334185019,0.020181374603999935,0.17646096235999992,-0.02922744634200003,0.18000000760444088,0.028640121934192936,-0.048223458922032114,-0.08726952451328379,0.10373875111830197,0.44905779174473726,0.7905488732181425,2.7296969104020357,9.0427604471635,0.6788394865981574,2.715157794148158,0.37469873257359476,0.5993346215134493,1.987106780745449,3.6049071409382822,0.8636729165339727,2.011112314661157
trial_0015_bite_014_withdrawal,trial_0015_bite_014,trial_0015,withdrawal,contextual_promp,trial_0015,SUCCESS,0.16132953720977047,0.12474446489493013,0.2951226058129741,0.30955139807258647,0.30955139807258647,0.5949899160823743,0.7530408767523392,1.3448737550540313,1.404142946762962,1.404142946762962,0.30348808685916395,0.4786698630154545,0.17518177615629055,0.365976197149129,0.30955139807258647,1.03,1.37,-0.3400000000000001,,,plate,0.05407279834545824,-0.13276937585569595,-0.17839508985217686,0.22885887085578727,0.16938213118400014,0.15450359562500016,-0.1781388367069999,0.2903362060935745,-0.1153093328385419,-0.2872729714806961,-0.0002562531451769656,0.30955139807258647,0.33741213798208736,0.5534816354031491,1.9948262758393787,3.5137606755213517,1.8864788110037112,3.7448699769683556,0.5474718531985232,0.9334583655556203,3.0551393974058407,6.29151311784811,1.1895117441265641,2.4040108838794794
trial_0015_bite_014_withdrawal,trial_0015_bite_014,trial_0015,withdrawal,retrieval,trial_0015,SUCCESS,0.16851440572379758,0.12464328180531829,0.2919883005534484,0.30700457422386274,0.30700457422386274,0.5931425647423416,0.7405980659952504,1.212782994694505,1.280508581146977,1.2804891363530302,0.3003119457631872,0.4786698630154545,0.1783579172522673,0.37261154510266037,0.30700457422386274,1.03,1.37,-0.3400000000000001,trial_0020_bite_017_withdrawal,1.2460192260929377,plate,0.044737991574091016,-0.12585535460547112,-0.16743808528717757,0.21418816628746898,0.16938213118400014,0.15450359562500016,-0.1781388367069999,0.2903362060935745,-0.12464413960990912,-0.2803589502304713,0.010700751419822324,0.30700457422386274,0.3508180152752086,0.5663562266816896,3.5422537807611403,8.207740242402537,1.9844210637791497,5.037490712653726,0.5474718531985232,0.9334583655556203,3.0551393974058407,6.29151311784811,1.1895117441265641,2.4040108838794794
trial_0015_bite_015_transfer,trial_0015_bite_015,trial_0015,transfer,contextual_promp,trial_0015,SUCCESS,0.030539642031974797,0.02849045135359871,0.051010910228418915,0.056222962600441705,0.056222962600441705,0.18732207632102615,0.20236895232187008,0.3364665606966653,0.37138973439993705,0.37138973439993705,0.4207259181974387,0.4183657091799764,0.0023602090174623114,0.005641497296918699,0.056222962600441705,1.44,1.09,0.34999999999999987,,,mouth_proxy,0.022110659410790233,0.1362844845007392,-0.09439150086324394,0.1672486095919125,-0.00234543248400005,0.1706483588879999,-0.05721563194399998,0.17999997773182053,0.024456091894790283,-0.034363874387260684,-0.03717586891924396,0.056222962600441705,0.44368018992155767,0.7477453193431266,1.951764747073873,3.738395739961174,0.5554209849523285,0.8784808818711491,0.4617134294201493,0.8148787225837552,2.6366506968227297,5.8160565971941365,0.7947343560516807,1.8027015585287853
trial_0015_bite_015_transfer,trial_0015_bite_015,trial_0015,transfer,retrieval,trial_0015,SUCCESS,0.07470024320791133,0.06799951139720763,0.10961396680599711,0.11033219016275705,0.057300493201312586,0.24806133290042187,0.2620682271130047,0.31412121495051165,0.32062205037160607,0.32062205037160607,0.4264676662068374,0.4183657091799764,0.008101957026861006,0.01936572919119342,0.057300493201312586,1.44,1.09,0.34999999999999987,trial_0013_bite_002_transfer,4.686172441028283,mouth_proxy,0.0126898995910859,0.14483935249267393,-0.10611533030085679,0.17999981918598926,-0.00234543248400005,0.1706483588879999,-0.05721563194399998,0.17999997773182053,0.01503533207508595,-0.025809006395325962,-0.04889969835685681,0.057300493201312586,0.5084782761015023,0.9024114550676547,2.677115287593463,7.879001139648859,0.4971723025736079,1.5556986992871307,0.4617134294201493,0.8148787225837552,2.6366506968227297,5.8160565971941365,0.7947343560516807,1.8027015585287853
trial_0015_bite_015_withdrawal,trial_0015_bite_015,trial_0015,withdrawal,contextual_promp,trial_0015,SUCCESS,0.1579330742382822,0.12509925006860045,0.2724225789116193,0.27373062686253985,0.26912356703907525,0.5931982140968719,0.7248984295600204,1.112361109891835,1.1299138461628957,1.0560262947635597,0.3223338618461937,0.5253364708496712,0.20300260900347744,0.386423978284135,0.26912356703907525,1.03,1.68,-0.6499999999999999,,,plate,0.04001707580685361,-0.10524844078574153,-0.1787634227076719,0.21126987940102346,0.174973494184,0.12642252862500009,-0.20206195070700003,0.2956812664583527,-0.1349564183771464,-0.2316709694107416,0.023298527999328134,0.26912356703907525,0.35894576173424286,0.5866058334683967,1.852201290440262,2.659622893279516,1.657151622860397,2.880009104511497,0.6153773591671766,1.033751566448218,4.3319791599323825,9.401589485669055,1.0942134887397184,2.4520528348768065
trial_0015_bite_015_withdrawal,trial_0015_bite_015,trial_0015,withdrawal,retrieval,trial_0015,SUCCESS,0.177679810657239,0.13503273735139742,0.3192982461060809,0.32011934438731354,0.3180120403519603,0.6025140551454239,0.7110984421014989,1.0373094981618678,1.0436464707596618,0.970940538986956,0.37477001895192363,0.5253364708496712,0.15056645189774753,0.28660955454743825,0.31801204035196023,1.03,1.68,-0.6499999999999999,trial_0014_bite_019_withdrawal,0.7268492082729988,plate,0.04223320610978802,-0.16098088154569895,-0.17187994359937145,0.2392513384147836,0.174973494184,0.12642252862500009,-0.20206195070700003,0.2956812664583527,-0.13274028807421195,-0.28740341017069904,0.030182007107628583,0.31801204035196023,0.40602365680136354,0.6515497588344648,2.9757215980427927,5.1954219221481726,1.6804189587690832,3.6780736401206573,0.6153773591671766,1.033751566448218,4.3319791599323825,9.401589485669055,1.0942134887397184,2.4520528348768065
trial_0015_bite_016_transfer,trial_0015_bite_016,trial_0015,transfer,contextual_promp,trial_0015,SUCCESS,0.04690124593629113,0.04203010104556092,0.07901818450212304,0.08090985027936039,0.05228602813135028,0.17845638029431887,0.19955743876253398,0.315099596837511,0.32701049358859474,0.32701049358859474,0.38992726356041635,0.3643950760540413,0.025532187506375037,0.07006732303536535,0.05228602813135028,1.44,1.55,-0.1100000000000001,,,mouth_proxy,-0.00990453823646225,0.1563940386240635,-0.06540401464776935,0.16980836353627649,-0.007575911535000028,0.17890986554000002,-0.01827181998500005,0.17999998285747495,-0.002328626701462222,-0.02251582691593651,-0.0471321946627693,0.05228602813135028,0.41648049927576847,0.6577692110636776,1.5619643163728545,3.253876962082834,0.47838608700674534,0.8124914282046407,0.4266557941985369,0.7849660358247805,2.453801107400975,4.382704556001199,0.6109714354299218,1.5665322519114773
trial_0015_bite_016_transfer,trial_0015_bite_016,trial_0015,transfer,retrieval,trial_0015,SUCCESS,0.07046274258291021,0.06176202320452653,0.113864209975389,0.12339246950547228,0.12339246950547228,0.32214004752345743,0.37763873719936886,0.6548718382341773,0.7010941934349391,0.7010941934349391,0.4416271060687394,0.3643950760540413,0.07723203001469808,0.21194586614898234,0.12339246950547227,1.44,1.55,-0.1100000000000001,trial_0013_bite_009_transfer,3.580561499588898,mouth_proxy,-0.00047679172168939993,0.12533038757098852,-0.12919766714923575,0.17999991826621692,-0.007575911535000028,0.17890986554000002,-0.01827181998500005,0.17999998285747495,0.007099119813310628,-0.053579477969011496,-0.1109258471642357,0.12339246950547228,0.478203979820097,0.6827988902790958,2.998387633260973,6.107907746497452,1.104562185668458,2.1580466022749905,0.4266557941985369,0.7849660358247805,2.453801107400975,4.382704556001199,0.6109714354299218,1.5665322519114773
trial_0015_bite_016_withdrawal,trial_0015_bite_016,trial_0015,withdrawal,contextual_promp,trial_0015,SUCCESS,0.1465144712613795,0.11124706875107203,0.2704033958978621,0.2714919096248378,0.26867015840710873,0.4981010939490105,0.6278308720982497,1.0591585940767188,1.0728557077820107,1.0286157317902842,0.29720610700898054,0.4299841663954843,0.13277805938650378,0.30879755526713787,0.2686701584071088,1.03,1.55,-0.52,,,plate,0.024980056125470537,-0.12667000219655616,-0.19951453535014638,0.2376454133293803,0.13858023918400003,0.11463006462500008,-0.16706564970699997,0.2454698876038533,-0.1136001830585295,-0.24130006682155625,-0.03244888564314641,0.26867015840710873,0.3132584713907658,0.4624973968367328,1.7697250101835698,3.104652463883524,1.9521662763393701,3.6352373045899995,0.4941606605159399,0.8353322405729762,3.3621703559124287,6.233590888056009,1.282725967770081,3.016761742497978
trial_0015_bite_016_withdrawal,trial_0015_bite_016,trial_0015,withdrawal,retrieval,trial_0015,SUCCESS,0.15211889613134252,0.11377528375139244,0.2859928250270411,0.28644967834761786,0.28435800514806864,0.4723857664412882,0.554271848673665,0.8197799971465227,0.8296834586027767,0.7402165765853075,0.33131440327809963,0.4299841663954843,0.09866976311738468,0.22947301512175147,0.28435800514806864,1.03,1.55,-0.52,trial_0014_bite_019_withdrawal,1.476543046070183,plate,0.006176578125716217,-0.13520015415908898,-0.1972915891042514,0.23925133841478352,0.13858023918400003,0.11463006462500008,-0.16706564970699997,0.2454698876038533,-0.13240366105828383,-0.24983021878408906,-0.030225939397251433,0.28435800514806864,0.35449878598435464,0.5440785244134302,2.922040959305999,5.212206694195881,1.6804189587690832,3.6780736401206653,0.4941606605159399,0.8353322405729762,3.3621703559124287,6.233590888056009,1.282725967770081,3.016761742497978
trial_0015_bite_017_transfer,trial_0015_bite_017,trial_0015,transfer,contextual_promp,trial_0015,SUCCESS,0.04553800207996438,0.0403509555807929,0.06637280254027207,0.0673959917572712,0.0673959917572712,0.24227393064578995,0.2662598724625433,0.37266373563764643,0.3857163786960558,0.3857163786960558,0.3332725398565198,0.31760250705706333,0.015670032799456446,0.04933850473869536,0.0673959917572712,1.44,1.59,-0.15000000000000013,,,mouth_proxy,0.004773369772914288,0.15328822906090023,-0.08674893504549769,0.17619717352768166,-0.02657172676400002,0.17525858893300003,-0.03127815070700002,0.17999986769344237,0.03134509653691431,-0.021970359872099804,-0.05547078433849767,0.0673959917572712,0.349296621460622,0.5167895018622994,1.0978281732536288,1.9553233261682257,0.3284663853509815,0.5595154486543212,0.34226700147592726,0.5089943766374755,1.9583006890685732,4.365047211609308,0.5400083381062198,1.8565575859925976
trial_0015_bite_017_transfer,trial_0015_bite_017,trial_0015,transfer,retrieval,trial_0015,SUCCESS,0.03738745372749588,0.03490377839499469,0.04972832173034598,0.050545559349123366,0.0481463676559403,0.14128440605976733,0.15868961191874056,0.27856831277053373,0.2918115087518989,0.2918115087518989,0.32943512935271946,0.31760250705706333,0.011832622295656126,0.03725607333927679,0.04814636765594029,1.44,1.59,-0.15000000000000013,trial_0013_bite_011_transfer,2.853306033729345,mouth_proxy,0.007743861262207524,0.16796316155601665,-0.06425222956090793,0.17999983341850204,-0.02657172676400002,0.17525858893300003,-0.03127815070700002,0.17999986769344237,0.034315588026207544,-0.007295427376983382,-0.03297407885390791,0.0481463676559403,0.39202215577521077,0.7360353941334967,2.6620297709394594,9.075807347233408,0.678839486598157,2.715157794148158,0.34226700147592726,0.5089943766374755,1.9583006890685732,4.365047211609308,0.5400083381062198,1.8565575859925976
trial_0015_bite_017_withdrawal,trial_0015_bite_017,trial_0015,withdrawal,contextual_promp,trial_0015,SUCCESS,0.11053353927925696,0.09155273463577167,0.17805959841545296,0.18066703888622845,0.17127428666013192,0.5569649061270052,0.6470949750631094,0.9431663427446385,0.9613710369023842,0.749790599153822,0.29241111074427195,0.41015363536686217,0.11774252462259022,0.2870693185914964,0.1712742866601319,1.03,1.77,-0.74,,,plate,0.02177727837035061,-0.10280759497227654,-0.1803607264038359,0.20874300722688352,0.024571380184000027,0.068184088625,-0.170931070707,0.1856616643219864,-0.002794101813649419,-0.17099168359727654,-0.009429655696835904,0.1712742866601319,0.3078340481306011,0.4568531710848481,1.6023424864167943,2.72372141789179,1.7183550055803187,3.0335555313212472,0.4681322468493529,0.8766476240105872,4.250319712268654,13.22368275963557,1.5961159820014645,4.16329492066512
trial_0015_bite_017_withdrawal,trial_0015_bite_017,trial_0015,withdrawal,retrieval,trial_0015,SUCCESS,0.19078545360524304,0.1573745174185524,0.2930159782918444,0.296173620176982,0.27206040767716627,0.8409695912258316,0.9576350172733359,1.3505744462840874,1.3717539804293992,0.8882593674086144,0.28464490950384647,0.41015363536686217,0.1255087258630157,0.30600417755837844,0.27206040767716627,1.03,1.77,-0.74,trial_0014_bite_020_withdrawal,1.2422566286133716,plate,0.00776610747775365,-0.20284173505503866,-0.15421427875126928,0.2549257258031616,0.024571380184000027,0.068184088625,-0.170931070707,0.1856616643219864,-0.016805272706246377,-0.2710258236800387,0.016716791955730725,0.27206040767716627,0.3128620930282376,0.48598886380433115,3.0065632279135226,6.877905789342314,1.9031505855076065,6.027612680067957,0.4681322468493529,0.8766476240105872,4.250319712268654,13.22368275963557,1.5961159820014645,4.16329492066512
trial_0015_bite_018_transfer,trial_0015_bite_018,trial_0015,transfer,contextual_promp,trial_0015,SUCCESS,0.03397363456620439,0.030858067596546877,0.053369181820013434,0.05460243099790063,0.02740422320260531,0.18275756932185705,0.19775238892304703,0.2518758542195312,0.2616104646959444,0.2616104646959444,0.34200167324706726,0.34356679681553637,0.0015651235684691067,0.00455551462765313,0.02740422320260531,1.44,1.5,-0.06000000000000005,,,mouth_proxy,-0.05589528716673919,0.16015649311175778,-0.032832034670030624,0.17277826227243648,-0.03214355697400003,0.173251065187,-0.036753634389000006,0.17999991523378892,-0.023751730192739157,-0.013094572075242228,0.003921599718969382,0.02740422320260531,0.36654472576046393,0.567926874684682,1.384626924699491,2.6665783019740785,0.34835080540428137,0.5251340547163854,0.391423259853263,0.647707166727987,2.0603370126837923,4.509396324237678,0.45241895596312887,1.3442803021714775
trial_0015_bite_018_transfer,trial_0015_bite_018,trial_0015,transfer,retrieval,trial_0015,SUCCESS,0.02085235295477536,0.019105725235405407,0.032657913396262096,0.0365405380566572,0.0365405380566572,0.20406712964514323,0.22267218567411584,0.3094616299316368,0.3137968788070955,0.20826375200744604,0.3575864485672761,0.34356679681553637,0.014019651751739748,0.04080618931074124,0.0365405380566572,1.44,1.5,-0.06000000000000005,trial_0014_bite_004_transfer,2.9840049145801224,mouth_proxy,-0.06724710124439218,0.1634035429911061,-0.03430855612276623,0.17999990975289068,-0.03214355697400003,0.173251065187,-0.036753634389000006,0.17999991523378892,-0.03510354427039215,-0.00984752219589391,0.0024450782662337744,0.036540538056657204,0.3793205756880804,0.5449907944212324,1.539091377347432,3.480111970816231,0.5696090488689829,1.2044979175089028,0.391423259853263,0.647707166727987,2.0603370126837923,4.509396324237678,0.45241895596312887,1.3442803021714775
trial_0015_bite_018_withdrawal,trial_0015_bite_018,trial_0015,withdrawal,contextual_promp,trial_0015,SUCCESS,0.13066513036064084,0.10818888776537683,0.2218143545083469,0.22451731881026318,0.22451731881026318,0.35371077627927866,0.4496912459217346,0.8601286812293657,0.9329656691727533,0.9329656691727533,0.32105344605192987,0.4958438641280672,0.17479041807613732,0.3525110034052821,0.22451731881026318,1.03,1.77,-0.74,,,plate,0.015024552994886739,-0.07222995522954584,-0.19104198204114575,0.20479243767133543,0.10233408818400012,0.12230790062500013,-0.12075617870699992,0.20003385427387665,-0.08730953518911339,-0.19453785585454597,-0.07028580333414583,0.22451731881026318,0.34341504788618726,0.5122818335702595,1.759702910035946,3.137098481353755,1.6507588318816782,2.883942565379028,0.5944726939922103,1.136007033894162,4.744506569385979,9.02668300914756,1.1395557384724904,2.596579430005183
trial_0015_bite_018_withdrawal,trial_0015_bite_018,trial_0015,withdrawal,retrieval,trial_0015,SUCCESS,0.1304886315009403,0.10188913216849656,0.24473098040291402,0.2492183440904039,0.2492183440904039,0.3243673714892762,0.3891819219504572,0.737894384778586,0.7869735070083484,0.7869735070083484,0.4154710412789849,0.4958438641280672,0.08037282284908231,0.16209300681862127,0.24921834409040391,1.03,1.77,-0.74,trial_0014_bite_004_withdrawal,2.688993283270067,plate,-0.053360720337974385,-0.04797501938899362,-0.21495085362005673,0.2266116467270667,0.10233408818400012,0.12230790062500013,-0.12075617870699992,0.20003385427387665,-0.1556948085219745,-0.17028292001399375,-0.0941946749130568,0.2492183440904039,0.44644503195160223,0.6826601974256217,3.1064128077469624,6.099485432586684,1.692709951227197,3.4392068085358987,0.5944726939922103,1.136007033894162,4.744506569385979,9.02668300914756,1.1395557384724904,2.596579430005183
trial_0015_bite_019_transfer,trial_0015_bite_019,trial_0015,transfer,contextual_promp,trial_0015,SUCCESS,0.020590134049917615,0.01951230838018249,0.02859519668852439,0.029145446286843468,0.027414189485533733,0.1910925834095465,0.2048323128114258,0.2663211372690985,0.31843088897187793,0.31843088897187793,0.33202349449151997,0.3674074983439245,0.03538400385240453,0.09630724471301376,0.027414189485533733,1.44,1.84,-0.40000000000000013,,,mouth_proxy,-0.028215565256801196,0.16876278516107968,-0.027448449209765552,0.1732928536960097,-0.002577728847000034,0.17820758096400002,-0.025204577196,0.17999960364033696,-0.025637836409801162,-0.009444795802920347,-0.002243872013765552,0.027414189485533733,0.36903881821774825,0.6016146628117157,1.431866858804367,2.8086897150477053,0.41501300420220594,0.8879915866624166,0.40786158111833964,0.6388483435148854,2.5429271628555146,5.175440675264335,0.5711019721322503,1.6583972742099606
trial_0015_bite_019_transfer,trial_0015_bite_019,trial_0015,transfer,retrieval,trial_0015,SUCCESS,0.0297275148269978,0.02602427289113356,0.05126256909424617,0.05202764613073245,0.004641600592373131,0.16315322977696092,0.1726382041310846,0.20743907858939728,0.20977904568219308,0.20921016925419725,0.3373788253341639,0.3674074983439245,0.030028673009760587,0.08173124703527745,0.004641600592373131,1.44,1.84,-0.40000000000000013,trial_0014_bite_016_transfer,3.2126107571530773,mouth_proxy,0.00143993915966769,0.17853116255097573,-0.022902818128702235,0.1799999680689496,-0.002577728847000034,0.17820758096400002,-0.025204577196,0.17999960364033696,0.004017668006667724,0.0003235815869757075,0.002301759067297765,0.004641600592373131,0.39461771346148516,0.6919483768201341,2.0838184094462506,5.236161300085947,0.5115471971018603,2.1012770458176155,0.40786158111833964,0.6388483435148854,2.5429271628555146,5.175440675264335,0.5711019721322503,1.6583972742099606
trial_0015_bite_019_withdrawal,trial_0015_bite_019,trial_0015,withdrawal,contextual_promp,trial_0015,SUCCESS,0.1083239036959492,0.09684103148380413,0.18433470427243104,0.19485969670649442,0.19485969670649442,0.4602247840269679,0.5746448720407813,1.0563992575247425,1.104202385957174,1.104202385957174,0.34585279029228205,0.41440266070312143,0.06854987041083938,0.16541850936605976,0.19485969670649442,1.03,1.48,-0.44999999999999996,,,plate,0.03909770400808392,-0.04369804220829382,-0.18118386992257066,0.1904356691160051,0.12026838118400003,0.12996028762500017,-0.14619234170699996,0.22962221287577764,-0.08117067717591611,-0.173658329833294,-0.034991528215570694,0.19485969670649442,0.37735311435027835,0.6000078139984965,1.9489513233229665,3.131249687000472,1.588261467681239,2.7955531873875032,0.48691783909606934,0.8715471697024857,3.3802174484423135,8.932481583151949,0.7644846896557246,2.6012149946741436
trial_0015_bite_019_withdrawal,trial_0015_bite_019,trial_0015,withdrawal,retrieval,trial_0015,SUCCESS,0.12289536261040652,0.099633538294172,0.24436905473891454,0.25790126453419315,0.25790126453419315,0.5005645972545314,0.6158328819581625,1.1413149760764036,1.1670544201224895,1.1670544201224895,0.4196164459118324,0.41440266070312143,0.005213785208710964,0.012581447232661776,0.25790126453419315,1.03,1.48,-0.44999999999999996,trial_0014_bite_004_withdrawal,3.165016627919664,plate,-0.06387752520350556,-0.03730784472557913,-0.2141976305381562,0.22661164672706668,0.12026838118400003,0.12996028762500017,-0.14619234170699996,0.22962221287577764,-0.1841459063875056,-0.1672681323505793,-0.06800528883115622,0.25790126453419315,0.44262965464662096,0.6482235982523579,3.0966243446914463,6.09382586941767,1.6927099512271977,3.439206808535894,0.48691783909606934,0.8715471697024857,3.3802174484423135,8.932481583151949,0.7644846896557246,2.6012149946741436
trial_0017_bite_001_transfer,trial_0017_bite_001,trial_0017,transfer,contextual_promp,trial_0017,SUCCESS,0.05618055488886382,0.0486182406914774,0.09361137373790768,0.09482475493783046,0.048457932855980705,0.13962559823244547,0.14994128195186382,0.22205218960315615,0.25236876173019407,0.25236876173019407,0.44970567791140637,0.5123594936128513,0.0626538157014449,0.12228487318473957,0.048457932855980726,1.39,2.18,-0.7900000000000003,,,mouth_proxy,-0.055683657325743235,0.1690041423203923,0.026584261811446186,0.17991607151858816,-0.08693438075899991,0.157381116014,-0.008579196508999909,0.18000001346806324,0.031250723433256675,0.011623026306392281,0.035163458320446095,0.048457932855980705,0.5057839025509865,0.7932384397163358,1.5938597023506373,2.8831755499915594,0.5104365685728385,1.197342479991838,0.5320547727417024,0.804531918304031,3.594471221542248,7.2648183113397,0.775390379380695,1.9247738842435544
trial_0017_bite_001_transfer,trial_0017_bite_001,trial_0017,transfer,retrieval,trial_0017,SUCCESS,0.06612688904821121,0.05982359285508011,0.09896078953079235,0.09967739102044026,0.06002766251397116,0.19357152803229913,0.2029980169505263,0.2861029041955495,0.3392237739695173,0.3392237739695173,0.44099689556828037,0.5123594936128513,0.0713625980445709,0.13928227920861727,0.06002766251397118,1.39,2.18,-0.7900000000000003,trial_0013_bite_001_transfer,0.8627905462776846,mouth_proxy,-0.05534541067369522,0.1661238968994423,0.041710176307034386,0.18000000669794544,-0.08693438075899991,0.157381116014,-0.008579196508999909,0.18000001346806324,0.03158897008530469,0.00874278088544228,0.050289372816034295,0.06002766251397116,0.4804363812082889,0.7423447093305013,1.8755307549196456,5.9017724953880935,0.5761915195100068,2.3938835764835926,0.5320547727417024,0.804531918304031,3.594471221542248,7.2648183113397,0.775390379380695,1.9247738842435544
trial_0017_bite_001_withdrawal,trial_0017_bite_001,trial_0017,withdrawal,contextual_promp,trial_0017,SUCCESS,0.07621933742877796,0.06698986560309438,0.11908024583149043,0.12189990767605136,0.11087997015222575,0.3386751929285731,0.3825976152446616,0.5240977926787275,0.5351885967710397,0.5351885967710397,0.521943433461876,0.600945622470942,0.07900218900906597,0.13146312420785797,0.11087997015222578,1.07,1.28,-0.20999999999999996,,,plate,-0.04998752462637182,0.09020825188192383,-0.24025047435286337,0.2614508974026301,-0.015036546573999943,-0.005094580389999992,-0.19563918570199998,0.1962823055304881,-0.03495097805237188,0.09530283227192382,-0.04461128865086339,0.11087997015222578,0.6062855573361607,1.03830718170646,2.986002234646886,5.184735445769829,1.3064363879214176,2.3120527185607527,0.7433223917117182,1.4229140147283899,5.877934560428144,11.62560516142434,1.8588341449351986,5.683185109977413
trial_0017_bite_001_withdrawal,trial_0017_bite_001,trial_0017,withdrawal,retrieval,trial_0017,SUCCESS,0.10085385111324993,0.08724971607672538,0.17682388312892386,0.18127635728885713,0.08978397556203932,0.46938304126336483,0.5357701755728415,0.73165875154988,0.7617151223237821,0.7617151223237821,0.5169763429299326,0.600945622470942,0.08396927954100941,0.13972858175711173,0.08978397556203933,1.07,1.28,-0.20999999999999996,trial_0013_bite_010_withdrawal,3.153550192331043,plate,-0.0785589851863501,0.05831516870706682,-0.19793391442498998,0.220794038720347,-0.015036546573999943,-0.005094580389999992,-0.19563918570199998,0.1962823055304881,-0.06352243861235016,0.06340974909706681,-0.002294728722989997,0.08978397556203933,0.6772869938482614,1.366092182307116,6.140911859173633,11.589121987072492,1.5070838274447518,4.456985837196068,0.7433223917117182,1.4229140147283899,5.877934560428144,11.62560516142434,1.8588341449351986,5.683185109977413
trial_0017_bite_002_transfer,trial_0017_bite_002,trial_0017,transfer,contextual_promp,trial_0017,SUCCESS,0.049554642539650515,0.04352283601428653,0.08361813206535568,0.0846839506433292,0.03165337995254193,0.12976031712651917,0.14215767160530304,0.1904608153804594,0.19492177917549475,0.15137929134473055,0.4814397759385208,0.5070977253097957,0.025657949371274913,0.05059764240827541,0.03165337995254193,1.39,1.66,-0.27,,,mouth_proxy,-0.06866750445862507,0.16618684927680372,0.0366855343575192,0.18351872785147322,-0.07031366117799995,0.1656205060719999,0.005080061954000015,0.17999991669235965,0.001646156719374875,0.0005663432048038097,0.031605472403519186,0.03165337995254193,0.5285894130162933,0.7529591370946398,1.5978363548283336,3.097213687968416,0.5270205653992498,0.8853673256590451,0.6139847898561784,1.2568662278625395,3.8257765936288197,11.108936801086237,0.6549573855569529,1.7810322692931486
trial_0017_bite_002_transfer,trial_0017_bite_002,trial_0017,transfer,retrieval,trial_0017,SUCCESS,0.0553619720057079,0.04617142002734413,0.09685369728914833,0.09745400153048805,0.016526781803250123,0.11690533586330398,0.1312129751181973,0.2017362834360831,0.20613428110733667,0.0918654345749537,0.4917769315645418,0.5070977253097957,0.015320793745253913,0.030212704535194174,0.016526781803250123,1.39,1.66,-0.27,trial_0014_bite_004_transfer,1.4216405903817564,mouth_proxy,-0.07258694578087294,0.16333362134768137,0.021289221467813757,0.17999990975289062,-0.07031366117799995,0.1656205060719999,0.005080061954000015,0.17999991669235965,-0.002273284602872988,-0.0022868847243185386,0.016209159513813742,0.016526781803250123,0.5243855746260399,0.7504992233048969,1.7727573168970872,3.5424375808246698,0.5696090488689827,1.2044979175089048,0.6139847898561784,1.2568662278625395,3.8257765936288197,11.108936801086237,0.6549573855569529,1.7810322692931486
trial_0017_bite_002_withdrawal,trial_0017_bite_002,trial_0017,withdrawal,contextual_promp,trial_0017,SUCCESS,0.053862592282174736,0.04357615222318192,0.09106086805759042,0.09175310673789033,0.020391067966942258,0.2587011313012637,0.29625016424112866,0.4302664355052229,0.4443848088582651,0.4443848088582651,0.4624374909179311,0.5126064399086779,0.05016894899074681,0.09787030572554752,0.020391067966942258,1.07,0.89,0.18000000000000005,,,plate,-0.01726918227132057,0.034282230178059925,-0.19718722482539486,0.200888769214813,-0.01338178757399991,0.01476903961000009,-0.1927241307019999,0.1937518705058585,-0.003887394697320662,0.019513190568059835,-0.004463094123394962,0.020391067966942258,0.543149894039316,0.9159251700679771,2.389350053168272,3.97470516132432,1.329289630552687,2.329015482905929,0.5993691321846557,1.0125505491409097,3.771554253641566,7.857152444771943,1.6765093137138216,5.2816347074155825
trial_0017_bite_002_withdrawal,trial_0017_bite_002,trial_0017,withdrawal,retrieval,trial_0017,SUCCESS,0.11224977407734339,0.10244768126600057,0.16956216790114445,0.17030648520940855,0.07743348526965714,0.7821810719315101,0.9249920925448611,1.612124843507472,1.64460445158836,0.46622114481791976,0.5190519406516628,0.5126064399086779,0.006445500742984889,0.012573975356480442,0.07743348526965714,1.07,0.89,0.18000000000000005,trial_0012_bite_005_withdrawal,1.749557380017138,plate,0.00019120820423434992,-0.0610931852312879,-0.2002501700813887,0.20936223264931744,-0.01338178757399991,0.01476903961000009,-0.1927241307019999,0.1937518705058585,0.01357299577823426,-0.07586222484128799,-0.00752603937938881,0.07743348526965714,0.6186290820685771,1.1021513747401206,4.9574004336475,10.692095638105164,3.0058174822721178,8.270864946365052,0.5993691321846557,1.0125505491409097,3.771554253641566,7.857152444771943,1.6765093137138216,5.2816347074155825
trial_0017_bite_003_transfer,trial_0017_bite_003,trial_0017,transfer,contextual_promp,trial_0017,SUCCESS,0.026115227711875404,0.024083648372029653,0.0394685058194634,0.042835349685137525,0.042835349685137525,0.13537429643774243,0.14696993470198408,0.21807364412994323,0.22393714266598183,0.21682389745614708,0.41448246910830683,0.44353751029680555,0.02905504118849872,0.06550751743422045,0.04283534968513752,1.39,1.82,-0.43000000000000016,,,mouth_proxy,-0.04589953158959271,0.17638151122678059,0.031588559068679356,0.18497308335761284,-0.05739422899799996,0.17035443904800013,-0.00923316939899993,0.17999995511883962,0.01149469740840725,0.006027072178780457,0.040821728467679286,0.04283534968513752,0.45158500604291013,0.6462079930486352,1.4187792056111288,2.378320806054579,0.421322217678703,1.224397446741432,0.5025565005756658,0.7919527691097129,3.0418799226540916,7.238804261387633,0.5791737366200603,1.4147102773627096
trial_0017_bite_003_transfer,trial_0017_bite_003,trial_0017,transfer,retrieval,trial_0017,SUCCESS,0.06460173881435201,0.05896290717091158,0.09432313755190092,0.09536199778196086,0.05368405679762159,0.1934860495283103,0.20327385354954397,0.2780049046179794,0.3114614285571327,0.3114614285571327,0.45002586292995833,0.44353751029680555,0.006488352633152783,0.014628644663696922,0.05368405679762159,1.39,1.82,-0.43000000000000016,trial_0015_bite_013_transfer,2.7076859213872404,mouth_proxy,-0.028421948199573922,0.17409786673406402,0.03580649810362074,0.1799999434645905,-0.05739422899799996,0.17035443904800013,-0.00923316939899993,0.17999995511883962,0.028972280798426037,0.0037434276860638938,0.04503966750262067,0.05368405679762159,0.48932868964862475,0.6875339660709745,2.847948886435525,7.215561860681849,0.8053644074291839,1.8152784059455744,0.5025565005756658,0.7919527691097129,3.0418799226540916,7.238804261387633,0.5791737366200603,1.4147102773627096
trial_0017_bite_003_withdrawal,trial_0017_bite_003,trial_0017,withdrawal,contextual_promp,trial_0017,SUCCESS,0.0431224554600468,0.039492145598647506,0.05831898035490763,0.058483076308709504,0.04388728949962145,0.30966472372692616,0.3485597639968366,0.5031538403352244,0.5146128351498775,0.4339528441598003,0.42492391249086947,0.5535412925578109,0.12861738006694146,0.23235372283181363,0.04388728949962145,1.07,0.99,0.08000000000000007,,,plate,-0.01878860946606245,0.0121530338069466,-0.19158970997253755,0.19289200357646258,0.014431125426000113,-0.016118504389999927,-0.18676648270199994,0.1880153786946904,-0.03321973489206256,0.028271538196946527,-0.004823227270537606,0.04388728949962145,0.5048209169998883,0.8616560556668283,2.286452994553828,3.703029379103882,1.3067916129579455,2.7109225594247124,0.6450382440728277,1.142493835860974,4.832964347205594,10.601895689039763,1.8133507604390844,4.388413016753412
trial_0017_bite_003_withdrawal,trial_0017_bite_003,trial_0017,withdrawal,retrieval,trial_0017,SUCCESS,0.13255382342517255,0.10715514684234335,0.24791223048326017,0.24897425743949797,0.24844262800505726,0.49785359148614555,0.7049502732470588,1.3683648388525211,1.386290569512972,1.3787692287305247,0.6235523465821894,0.5535412925578109,0.07001105402437846,0.12647846685632153,0.24844262800505726,1.07,0.99,0.08000000000000007,trial_0013_bite_006_withdrawal,1.6557970910990587,plate,-0.009892307462414957,0.1970376710403995,-0.06148059004657437,0.2066435687565199,0.014431125426000113,-0.016118504389999927,-0.18676648270199994,0.1880153786946904,-0.02432343288841507,0.2131561754303994,0.12528589265542556,0.24844262800505726,0.730184825675293,1.2068583535548993,4.7620599808809825,12.680191013716545,0.6939244590214254,1.8307410698407163,0.6450382440728277,1.142493835860974,4.832964347205594,10.601895689039763,1.8133507604390844,4.388413016753412
trial_0017_bite_004_transfer,trial_0017_bite_004,trial_0017,transfer,contextual_promp,trial_0017,SUCCESS,0.0776904092321892,0.06334345872579106,0.14163663668801751,0.1434195547473232,0.036990953231237245,0.16617217800206535,0.17450572092777206,0.23929432348917942,0.24850490183091187,0.19537777473182005,0.494802313883656,0.5460390326110606,0.051236718727404595,0.09383343619667592,0.036990953231237245,1.39,2.15,-0.76,,,mouth_proxy,-0.055654189705948244,0.16760201603069097,0.024142994074371593,0.17824339755585006,-0.07465413860600001,0.16362388096399988,-0.007345210132000124,0.17999990817944408,0.018999948900051765,0.003978135066691091,0.03148820420637172,0.036990953231237245,0.5537826433003455,0.8546758146876947,1.750266258764929,2.9491205320594243,0.5718678573231154,1.0500922200740839,0.6769293787146122,1.2685164201371526,4.912691818855525,14.135339230931129,0.7299304272969772,2.3054789355060326
trial_0017_bite_004_transfer,trial_0017_bite_004,trial_0017,transfer,retrieval,trial_0017,SUCCESS,0.07454819872543078,0.060469472702017434,0.13733933040905094,0.14071727877293394,0.030032872338554024,0.11495126348161444,0.12579019770535235,0.1748344237701299,0.18182675432696901,0.16821755598849653,0.49798921346250963,0.5460390326110606,0.04804981914855094,0.08799704101515479,0.030032872338554024,1.39,2.15,-0.76,trial_0013_bite_004_transfer,0.9853666455362089,mouth_proxy,-0.060523295039338766,0.1684844010689585,0.01870604752109073,0.17999994127733993,-0.07465413860600001,0.16362388096399988,-0.007345210132000124,0.17999990817944408,0.014130843566661243,0.004860520104958632,0.026051257653090854,0.03003287233855402,0.5462200798695214,0.7692246142868322,1.967848113050051,4.0169412310531465,0.4383674536525978,1.5002260337498043,0.6769293787146122,1.2685164201371526,4.912691818855525,14.135339230931129,0.7299304272969772,2.3054789355060326
trial_0017_bite_004_withdrawal,trial_0017_bite_004,trial_0017,withdrawal,contextual_promp,trial_0017,SUCCESS,0.08035689793018404,0.06436504325522557,0.13361533220846727,0.13476199953116064,0.1322703699689538,0.39949736500686633,0.46346890528249274,0.640103112272314,0.649032698178225,0.561717075491013,0.45102109502173077,0.5026402913588202,0.05161919633708939,0.10269609743688446,0.1322703699689538,1.07,1.02,0.050000000000000044,,,plate,-0.02512224252373732,0.06913858968926434,-0.17551780022571606,0.1903096683033111,0.031783065425999985,-0.04892876039000002,-0.193331770702,0.20194395362066708,-0.056905307949737305,0.11806735007926436,0.01781397047628394,0.1322703699689538,0.5360501063346643,0.9056891075967064,2.340166764973046,3.800852281518489,1.0698922771878616,1.9833581168761703,0.5744782816422891,0.9654695484335427,4.225272765259863,7.925574458930806,1.6848683582452595,4.494766929201466
trial_0017_bite_004_withdrawal,trial_0017_bite_004,trial_0017,withdrawal,retrieval,trial_0017,SUCCESS,0.10283977396234806,0.09452223702096259,0.13891444267901237,0.1421351263944613,0.07653373716261053,0.41664284510225125,0.49885947340476405,0.8349963670954998,0.8444815771055665,0.32865708133352617,0.5032028396656986,0.5026402913588202,0.0005625483068784076,0.0011191866560431004,0.07653373716261053,1.07,1.02,0.050000000000000044,trial_0013_bite_002_withdrawal,1.8647304185634384,plate,0.026772960612674396,0.013526969585367338,-0.23728166907593304,0.23917015032313682,0.031783065425999985,-0.04892876039000002,-0.193331770702,0.20194395362066708,-0.005010104813325589,0.06245572997536736,-0.04394989837393304,0.07653373716261053,0.6094528071785009,1.1540418913525476,5.092781002075405,13.732220727300158,1.8818542267917753,4.995878191829873,0.5744782816422891,0.9654695484335427,4.225272765259863,7.925574458930806,1.6848683582452595,4.494766929201466
trial_0017_bite_005_transfer,trial_0017_bite_005,trial_0017,transfer,contextual_promp,trial_0017,SUCCESS,0.04427843676134881,0.03985927493921842,0.06762815535513578,0.06813764576505149,0.031643040946476575,0.18748691626236624,0.20488334204521688,0.2856137316550266,0.2934113162810437,0.18370054520540563,0.511497735025916,0.5599116946853508,0.048413959659434846,0.0864671342266599,0.031643040946476575,1.39,1.89,-0.5,,,mouth_proxy,-0.05099632326972989,0.168367489456012,0.033845431499955336,0.17914728500920485,-0.054633483521000004,0.17148927543600007,0.002567523035000019,0.17999994801593397,0.0036371602512701162,-0.0031217859799880787,0.03127790846495532,0.031643040946476575,0.5746464620691283,0.8719775662260604,1.9142904115196853,3.769003396842466,0.6436936764866961,1.2566472309696393,0.6278067515754551,1.033697377396088,3.6351453667234743,10.095208648634959,0.5584330601756111,1.378447337884823
trial_0017_bite_005_transfer,trial_0017_bite_005,trial_0017,transfer,retrieval,trial_0017,SUCCESS,0.053725297977110224,0.04956413231918164,0.07374855743700184,0.07455311724222115,0.04364027530946701,0.2574528831785944,0.28394230112599866,0.39212816807079115,0.40587496821037833,0.28590717766475343,0.5218266698838911,0.5599116946853508,0.0380850248014597,0.06801969875421524,0.04364027530946701,1.39,1.89,-0.5,trial_0019_bite_004_transfer,0.7540908197291579,mouth_proxy,-0.05033537024213791,0.16665948892007665,0.045726218723571854,0.17999978284228618,-0.054633483521000004,0.17148927543600007,0.002567523035000019,0.17999994801593397,0.004298113278862092,-0.004829786515923418,0.043158695688571835,0.04364027530946701,0.6209720137510948,1.0424700131767701,3.5373742662172742,8.945690591763872,0.9241390202082943,2.557433846643772,0.6278067515754551,1.033697377396088,3.6351453667234743,10.095208648634959,0.5584330601756111,1.378447337884823
trial_0017_bite_005_withdrawal,trial_0017_bite_005,trial_0017,withdrawal,contextual_promp,trial_0017,SUCCESS,0.12118570017610196,0.09920851576858837,0.19437949047163416,0.19591304227005782,0.19591304227005782,0.5611317740949456,0.672529082220704,1.03211392110883,1.0422041332166507,1.0346056287746717,0.4405731343503021,0.630566095271344,0.1899929609210419,0.3013053862962367,0.19591304227005782,1.07,1.43,-0.3599999999999999,,,plate,-0.02714305035274031,0.006798647920787382,-0.16972132055468184,0.17201248049728046,-0.0021238255739999823,0.16823968661000022,-0.061588302701999956,0.1791709290465756,-0.02501922477874033,-0.16144103868921283,-0.10813301785268188,0.19591304227005785,0.5286283806101634,0.8965002165648976,2.431227671103454,3.5965946579192143,1.2550878028891848,2.60135261213043,0.7249125055031881,1.1147674713239448,5.145502676137539,11.779057925925668,0.8711274291818953,2.2093586099636577
trial_0017_bite_005_withdrawal,trial_0017_bite_005,trial_0017,withdrawal,retrieval,trial_0017,SUCCESS,0.09731852214830221,0.08634187342054148,0.13798022586777006,0.13839251272112504,0.07061131195815323,0.23913991203738316,0.2628415676531848,0.346455627061675,0.3638925282688421,0.3638925282688421,0.5294195899245043,0.630566095271344,0.10114650534683967,0.16040587355606947,0.07061131195815323,1.07,1.43,-0.3599999999999999,trial_0012_bite_001_withdrawal,2.039280990835815,plate,-0.061355408958528895,0.15383396286994244,-0.09722609205176698,0.19204761731507586,-0.0021238255739999823,0.16823968661000022,-0.061588302701999956,0.1791709290465756,-0.05923158338452891,-0.014405723740057774,-0.035637789349767024,0.07061131195815323,0.5771075038834483,0.8393365759330124,2.8452836734816214,7.83365740825636,0.7242954068919881,1.5131616118141327,0.7249125055031881,1.1147674713239448,5.145502676137539,11.779057925925668,0.8711274291818953,2.2093586099636577
trial_0017_bite_006_transfer,trial_0017_bite_006,trial_0017,transfer,contextual_promp,trial_0017,SUCCESS,0.032661821517390804,0.030676081064732463,0.04454681471520675,0.045584373681792086,0.030099013318530096,0.17414222833408743,0.2035581756564319,0.30303798318837954,0.30481784870721884,0.28249229439778445,0.5241553136125496,0.5549849628298611,0.03082964921731146,0.055550422591832904,0.0300990133185301,1.39,1.84,-0.4500000000000002,,,mouth_proxy,-0.024417454197661087,0.17505469938152207,0.014285288552440545,0.17732577171431238,-0.02374618976900006,0.177735777873,-0.015686561990000125,0.17999987914365906,-0.0006712644286610281,-0.0026810784914779173,0.02997185054244067,0.0300990133185301,0.5912898698749047,0.9118520972691724,2.0561457140689914,4.140200369402545,0.6748981013373274,1.3936234719727225,0.6806863730934354,1.2804237597112933,4.313145112035801,9.523171837950493,0.8579646873179135,2.0956057116154927
trial_0017_bite_006_transfer,trial_0017_bite_006,trial_0017,transfer,retrieval,trial_0017,SUCCESS,0.03208219499140912,0.029855291751716497,0.04422833573009159,0.045456570734148334,0.03168008118253828,0.18867311523901484,0.2227018735135929,0.3245375442650652,0.3313198717865094,0.297036431283747,0.540038924320058,0.5549849628298611,0.014946038509803139,0.026930528772515717,0.03168008118253828,1.39,1.84,-0.4500000000000002,trial_0019_bite_004_transfer,1.4025424097516899,mouth_proxy,-0.033841235421972315,0.17621041025112705,0.014303283801780198,0.17999978284228602,-0.02374618976900006,0.177735777873,-0.015686561990000125,0.17999987914365906,-0.010095045652972257,-0.0015253676218729417,0.029989845791780323,0.03168008118253828,0.6395214002944901,1.067556177620216,3.5683262109889915,9.106822262759067,0.9241390202082945,2.557433846643777,0.6806863730934354,1.2804237597112933,4.313145112035801,9.523171837950493,0.8579646873179135,2.0956057116154927
trial_0017_bite_006_withdrawal,trial_0017_bite_006,trial_0017,withdrawal,contextual_promp,trial_0017,SUCCESS,0.08581427930763239,0.07550227539254976,0.12062357763933562,0.12145444917627608,0.10744396028677583,0.3296416387475834,0.38765927474607453,0.5559687968508695,0.5730216759217384,0.39631285236057134,0.4311781389804666,0.47724765356056464,0.04606951458009806,0.0965316733071201,0.10744396028677583,1.07,1.18,-0.10999999999999988,,,plate,0.012384392519361409,-0.011626670796675731,-0.18295097942541316,0.18373789354568598,0.020570016426000093,-0.11819557138999992,-0.19391772870199991,0.22802939323016436,-0.008185623906638684,0.10656890059332419,0.010966749276586751,0.10744396028677583,0.5145301037153309,0.8768463655078997,2.314421751906053,3.5773524016389007,1.333523122151412,2.691048671004241,0.6154384962117174,1.114746401070552,5.549090114327261,9.476547588386397,1.8310870085328022,5.2938088122583595
trial_0017_bite_006_withdrawal,trial_0017_bite_006,trial_0017,withdrawal,retrieval,trial_0017,SUCCESS,0.1404228250050889,0.12779396920196306,0.1882941277289194,0.18861989094647832,0.13799948359817474,0.5189127317251067,0.6010155116981486,0.8854195852962566,0.9092016500974571,0.5572012678748338,0.49766376882497304,0.47724765356056464,0.020416115264408397,0.04277886986366819,0.13799948359817474,1.07,1.18,-0.10999999999999988,trial_0012_bite_002_withdrawal,1.5845389686899767,plate,0.024866915347000584,0.019616381952752254,-0.19968484660271052,0.20218111653302143,0.020570016426000093,-0.11819557138999992,-0.19391772870199991,0.22802939323016436,0.0042968989210004915,0.13781195334275217,-0.0057671179007106055,0.13799948359817474,0.5827258554310563,1.0118385307594286,3.7726746455417004,7.753727812974883,1.659087059606182,3.730815376944458,0.6154384962117174,1.114746401070552,5.549090114327261,9.476547588386397,1.8310870085328022,5.2938088122583595
trial_0017_bite_007_transfer,trial_0017_bite_007,trial_0017,transfer,contextual_promp,trial_0017,SUCCESS,0.039753838157843224,0.03485864944832157,0.06942841414858426,0.07175293883176083,0.02877653138900629,0.14311560209338364,0.15662984002796496,0.2137689995923845,0.21795629370136313,0.16667730694992436,0.48134898857967146,0.5237613454883077,0.042412356908636206,0.08097649296569369,0.02877653138900629,1.39,2.08,-0.6900000000000002,,,mouth_proxy,-0.04219901169841857,0.17160500147003876,0.02184929789524165,0.17806298025241035,-0.056044145879999965,0.17101954965600003,-0.003370897671999884,0.17999998778631868,0.013845134181581398,0.0005854518140387399,0.025220195567241532,0.02877653138900629,0.5415089772238026,0.8250324926237842,1.807469085615797,3.456585427773898,0.6110746103157184,1.1830721007329452,0.6361653688646037,1.1870012991456382,4.313294851155045,10.893563902984548,0.7199984103273929,1.3896608421152414
trial_0017_bite_007_transfer,trial_0017_bite_007,trial_0017,transfer,retrieval,trial_0017,SUCCESS,0.039697342254169585,0.03632191865450029,0.054158798796332557,0.054800206916369776,0.047150155698591004,0.22749595114767768,0.25358528871271396,0.34509800932513685,0.3492773858011835,0.2854299147762706,0.48840760069801814,0.5237613454883077,0.03535374479028952,0.06749972118948352,0.047150155698591004,1.39,2.08,-0.6900000000000002,trial_0019_bite_004_transfer,0.3057034850041025,mouth_proxy,-0.03957816324925832,0.17078651100440012,0.040810029110859125,0.1799997828422862,-0.056044145879999965,0.17101954965600003,-0.003370897671999884,0.17999998778631868,0.016465982630741643,-0.0002330386515999039,0.04418092678285901,0.047150155698591004,0.5848203518867533,0.9899662107219532,3.4795366640475613,8.870807542391923,0.9241390202082945,2.557433846643778,0.6361653688646037,1.1870012991456382,4.313294851155045,10.893563902984548,0.7199984103273929,1.3896608421152414
trial_0017_bite_007_withdrawal,trial_0017_bite_007,trial_0017,withdrawal,contextual_promp,trial_0017,SUCCESS,0.04541817590782783,0.04062834122848786,0.0605044885768514,0.06554096117318334,0.06554096117318334,0.24877749487589193,0.27550262867635394,0.3634756359726714,0.3758698029505621,0.29399986489706037,0.4199423495918235,0.4333652393127983,0.013422889720974773,0.030973618793837497,0.06554096117318334,1.07,0.96,0.1100000000000001,,,plate,0.012037877321686763,0.0017876080122899152,-0.1952165864490881,0.1955955563341148,-0.05074986157399994,0.013340108610000095,-0.21004416770199993,0.21649955966036658,0.0627877388956867,-0.01155250059771018,0.014827581252911837,0.06554096117318334,0.489311237130203,0.8324706984385563,2.265185800495698,3.58345668065936,1.4202290590114581,2.3047076305608782,0.49682170609130644,0.8264559500322529,3.2202309914257934,7.450095567841011,1.4685391314545362,3.0013170854349727
trial_0017_bite_007_withdrawal,trial_0017_bite_007,trial_0017,withdrawal,retrieval,trial_0017,SUCCESS,0.07513723551498684,0.06171191970807677,0.1145192518171171,0.11592008704179647,0.11304672667003296,0.37370681418973756,0.46933553686142887,0.7269548792199494,0.7414659918116242,0.7206170257698927,0.42423898661969883,0.4333652393127983,0.009126252693099468,0.021059032578550303,0.11304672667003295,1.07,0.96,0.1100000000000001,trial_0013_bite_008_withdrawal,1.7871154392832334,plate,0.0577264752661171,-0.01839882713910279,-0.21229954218818337,0.2207758102692785,-0.05074986157399994,0.013340108610000095,-0.21004416770199993,0.21649955966036658,0.10847633684011704,-0.03173893574910289,-0.0022553744861834313,0.11304672667003295,0.4736324170838017,0.7874173938090895,2.8006265630011384,6.214990638289559,1.8430165514572647,4.240943859802098,0.49682170609130644,0.8264559500322529,3.2202309914257934,7.450095567841011,1.4685391314545362,3.0013170854349727
trial_0017_bite_008_transfer,trial_0017_bite_008,trial_0017,transfer,contextual_promp,trial_0017,SUCCESS,0.06364741786219082,0.05127283735708901,0.11167353844168473,0.11368299194095807,0.014009363946681603,0.10749991626425236,0.11719376766920324,0.17948258065907624,0.19095998819853688,0.08600251354968103,0.47105782751945674,0.496030741731833,0.02497291421237624,0.050345496985098645,0.014009363946681603,1.39,1.93,-0.54,,,mouth_proxy,-0.04232736304856869,0.1726324529520138,0.027601467959551762,0.1798760976572395,-0.04941266409800011,0.17238790600399984,0.015518381266999837,0.1800000601856945,0.0070853010494314195,0.00024454694801395727,0.012083086692551925,0.014009363946681603,0.5323616408732266,0.8232345386940232,1.7483540110385147,3.1393494452692203,0.612093206023035,1.115770142631197,0.5640596602252138,0.9554765598858568,3.9173753096163826,8.919556249929805,0.6227287883644059,1.463281779466919
trial_0017_bite_008_transfer,trial_0017_bite_008,trial_0017,transfer,retrieval,trial_0017,SUCCESS,0.10326730632537984,0.08270588676294172,0.17906323123097123,0.18136223298933962,0.02039471689055391,0.076420383964086,0.0859781585112874,0.1341223455285582,0.1410248252645388,0.11415210265210929,0.47126335536917485,0.496030741731833,0.024767386362658128,0.04993115200115564,0.02039471689055391,1.39,1.93,-0.54,trial_0019_bite_015_transfer,0.7405904513412005,mouth_proxy,-0.03844437141369187,0.1727776873340383,0.03270817775072671,0.17999978840450262,-0.04941266409800011,0.17238790600399984,0.015518381266999837,0.1800000601856945,0.01096829268430824,0.0003897813300384745,0.01718979648372687,0.02039471689055391,0.5836098639596451,1.0203722944161657,2.9026195789086717,6.7413423433286335,0.6502750861495895,1.4378020248874992,0.5640596602252138,0.9554765598858568,3.9173753096163826,8.919556249929805,0.6227287883644059,1.463281779466919
trial_0017_bite_008_withdrawal,trial_0017_bite_008,trial_0017,withdrawal,contextual_promp,trial_0017,SUCCESS,0.03292381763360167,0.029371784323787842,0.04597880647411994,0.046220483854145816,0.03185515001990534,0.23360799226689916,0.2803302636227026,0.4989958029053097,0.5211791791554824,0.22434483948563755,0.38749136177534754,0.4777299684420623,0.09023860666671474,0.1888904038425603,0.03185515001990534,1.07,1.05,0.020000000000000018,,,plate,-0.002565667028453761,-0.027855212801404322,-0.21603106006133277,0.21783460340068925,-0.014030196574000037,-0.05706579238999995,-0.210548616702,0.21859567944524744,0.011464529545546276,0.02921057958859563,-0.0054824433593327615,0.03185515001990534,0.4526197313258017,0.7783173844067174,2.2411203251998355,3.679977513847349,1.6258353268291006,2.773375335210475,0.5547546728164989,1.0275471864676655,5.125712432334241,12.136595981292094,2.052681870422692,5.179197506596861
trial_0017_bite_008_withdrawal,trial_0017_bite_008,trial_0017,withdrawal,retrieval,trial_0017,SUCCESS,0.1166064693056094,0.10142000751840345,0.16617887857754984,0.16747758228524773,0.16603452713601755,0.7488882745064693,1.009834362566744,1.772196856716118,1.785174970289429,1.7714239950833017,0.414751017610017,0.4777299684420623,0.0629789508320453,0.13182960038581545,0.16603452713601755,1.07,1.05,0.020000000000000018,trial_0019_bite_005_withdrawal,1.4531175230124433,plate,-0.03092678173996688,0.10433832690686273,-0.24562966407824424,0.2686575592938081,-0.014030196574000037,-0.05706579238999995,-0.210548616702,0.21859567944524744,-0.016896585165966843,0.16140411929686269,-0.035081047376244234,0.16603452713601755,0.5921992077275948,1.358507743943581,5.527785647650589,12.190299187896674,1.0145767250798678,4.361620684060372,0.5547546728164989,1.0275471864676655,5.125712432334241,12.136595981292094,2.052681870422692,5.179197506596861
trial_0017_bite_009_transfer,trial_0017_bite_009,trial_0017,transfer,contextual_promp,trial_0017,SUCCESS,0.0982278920458798,0.07879340311469879,0.17211258912444327,0.1743879652343181,0.016395414294888964,0.1546667809661948,0.16716097883410908,0.2524648286025968,0.2578924865035795,0.08801679801531971,0.5277854510642646,0.5977403079884827,0.0699548569242181,0.11703218937941524,0.016395414294888964,1.39,2.32,-0.9299999999999999,,,mouth_proxy,-0.0508799748384466,0.17260750777183548,0.02999129256998495,0.1824324565662142,-0.055739243586999956,0.17053957719099994,0.014469669580000066,0.17999995000524396,0.004859268748553358,0.002067930580835542,0.015521622989984885,0.016395414294888964,0.5948825415716466,0.9109646309052676,1.9507465635666843,3.6676932232133304,0.7415629295264463,1.3463934507299127,0.6966037583672549,1.1359937630009695,5.596721001291415,15.415548766922226,0.7396247218336378,1.6872770651784985
trial_0017_bite_009_transfer,trial_0017_bite_009,trial_0017,transfer,retrieval,trial_0017,SUCCESS,0.09602020019868758,0.08148747229387489,0.16248094528293774,0.1643207502821951,0.045183764796491985,0.2635087164108642,0.27960519037380877,0.3796318592023357,0.38424590707674405,0.26882247505480616,0.5175418053949911,0.5977403079884827,0.0801985025934916,0.13416947380272182,0.045183764796491985,1.39,2.32,-0.9299999999999999,trial_0019_bite_009_transfer,0.9416171695653959,mouth_proxy,-0.04627580183537881,0.16394022492849486,0.05815564468773632,0.17999979498365817,-0.055739243586999956,0.17053957719099994,0.014469669580000066,0.17999995000524396,0.009463441751621143,-0.006599352262505076,0.04368597510773625,0.045183764796491985,0.6054634547819753,1.0513676109065304,3.2658387223780183,7.086334555800607,0.9326057819158095,2.568322800964959,0.6966037583672549,1.1359937630009695,5.596721001291415,15.415548766922226,0.7396247218336378,1.6872770651784985
trial_0017_bite_009_withdrawal,trial_0017_bite_009,trial_0017,withdrawal,contextual_promp,trial_0017,SUCCESS,0.04307794571957726,0.03614011231763107,0.08487785976775902,0.09310225828807356,0.09310225828807356,0.15663446197183634,0.1806819831088485,0.3097267328612595,0.32279209878045373,0.14769465279954083,0.44153716174447327,0.5527304916181567,0.11119332987368341,0.2011709713139893,0.09310225828807356,1.07,1.07,0.0,,,plate,-0.0011775005290463603,-0.010714745117062413,-0.19053852383951636,0.1908431852002095,-0.03199362057399996,-0.09516233938999993,-0.21476662870199995,0.23707418121683624,0.0308161200449536,0.08444759427293752,0.024228104862483585,0.09310225828807356,0.5223241022039177,0.8898442392349313,2.3810118126315953,3.73582967441672,1.42263014410799,2.6020591308337018,0.6151561522776489,1.0624591732500828,4.318608531875739,9.243348938720784,1.717981397192444,4.064859984863996
trial_0017_bite_009_withdrawal,trial_0017_bite_009,trial_0017,withdrawal,retrieval,trial_0017,SUCCESS,0.08143831774707205,0.07396208143442183,0.11593179260043963,0.12269993509743356,0.12269993509743356,0.2180738633411671,0.25176245050781626,0.37634158389076616,0.4467356419103272,0.4467356419103272,0.49560088409127295,0.5527304916181567,0.05712960752688373,0.10335888537582369,0.12269993509743356,1.07,1.07,0.0,trial_0012_bite_002_withdrawal,1.6295625536869818,plate,-0.0067453583667893,0.02407661624116747,-0.2006290621356196,0.2021811165330214,-0.03199362057399996,-0.09516233938999993,-0.21476662870199995,0.23707418121683624,0.02524826220721066,0.1192389556311674,0.01413756656638035,0.12269993509743356,0.5773176742151566,1.0030392473290264,3.7612566740634725,7.6918632023246465,1.6590870596061824,3.7308153769444687,0.6151561522776489,1.0624591732500828,4.318608531875739,9.243348938720784,1.717981397192444,4.064859984863996
trial_0017_bite_010_transfer,trial_0017_bite_010,trial_0017,transfer,contextual_promp,trial_0017,SUCCESS,0.023534697138939006,0.021580247173564996,0.0340614631232933,0.034981308380754056,0.031866669632055915,0.10935908073080136,0.1224725073854645,0.19105924682945552,0.19858741420955922,0.19203049983539525,0.4809333880694315,0.5114828892338927,0.030549501164461257,0.059727317975814966,0.031866669632055915,1.39,1.82,-0.43000000000000016,,,mouth_proxy,-0.04208582262470669,0.16984321788852397,0.027756473186886732,0.17716759560512543,-0.04413269616300002,0.17446625381499986,-0.00370656037600009,0.17999974216836134,0.002046873538293331,-0.0046230359264758936,0.03146303356288682,0.031866669632055915,0.5274817218539523,0.7518825843991218,1.6287654480754938,2.9668636707535043,0.4536877295146942,0.785164458547654,0.5730128906710003,0.9905635015876766,4.518207648537897,12.799013513145304,0.8395199372949195,2.688398426119145
trial_0017_bite_010_transfer,trial_0017_bite_010,trial_0017,transfer,retrieval,trial_0017,SUCCESS,0.021848382750537087,0.020225475477541725,0.03410498074481782,0.03591722979355705,0.012638284833021436,0.0802387474880689,0.08368165785990649,0.11292319419194556,0.12027251330813903,0.07025600112338765,0.4912065626040551,0.5114828892338927,0.020276326629837638,0.03964223839473466,0.012638284833021436,1.39,1.82,-0.43000000000000016,trial_0014_bite_004_transfer,0.6673641327493868,mouth_proxy,-0.051474620528434094,0.17236541152854196,0.0063636358395786075,0.17999990975289037,-0.04413269616300002,0.17446625381499986,-0.00370656037600009,0.17999974216836134,-0.0073419243654340716,-0.0021008422864579046,0.010070196215578697,0.012638284833021436,0.5231154211981445,0.7451302100522855,1.7698030695698483,3.5100645275220796,0.5696090488689827,1.2044979175089021,0.5730128906710003,0.9905635015876766,4.518207648537897,12.799013513145304,0.8395199372949195,2.688398426119145
trial_0017_bite_010_withdrawal,trial_0017_bite_010,trial_0017,withdrawal,contextual_promp,trial_0017,SUCCESS,0.07430184280408111,0.06806695660306405,0.0997769987484637,0.10026062525752713,0.08418218739169761,0.3997676149243188,0.4813861976620749,0.7246718176916956,0.7353770056482611,0.5458637744070239,0.4365447030092045,0.46828536846648683,0.031740665457282324,0.06778060472234008,0.08418218739169761,1.07,1.05,0.020000000000000018,,,plate,0.01180712647808757,0.006769193391985395,-0.17991264568445683,0.18042668952244442,0.029016724426000035,-0.07178955538999995,-0.20479222370199995,0.2189419225464102,-0.017209597947912464,0.07855874878198535,0.02487957801754312,0.08418218739169761,0.5117596046730867,0.8714629794166818,2.3320080015021434,3.4373145531706855,1.376574689304634,2.1489033903158723,0.5731486567422458,1.108702104575838,4.5545475294641244,9.252676734467975,1.908897443548495,5.267443495593959
trial_0017_bite_010_withdrawal,trial_0017_bite_010,trial_0017,withdrawal,retrieval,trial_0017,SUCCESS,0.054462640488594734,0.04746536416757088,0.09770860105014229,0.09883177178843525,0.04927978636083148,0.16353129581349649,0.19051512900386647,0.2793025217049633,0.29113979551495855,0.2555047789445607,0.45066706400667556,0.46828536846648683,0.017618304459811274,0.03762300863148181,0.04927978636083148,1.07,1.05,0.020000000000000018,trial_0014_bite_012_withdrawal,2.029492916371058,plate,-0.018433689098282247,-0.0754856638352,-0.1920135546592114,0.2071402701342231,0.029016724426000035,-0.07178955538999995,-0.20479222370199995,0.2189419225464102,-0.04745041352428228,-0.003696108445200047,0.012778669042788543,0.04927978636083148,0.506587590063092,0.7969320562724976,3.5261367483006936,7.006436014518158,1.8777377923293737,5.247489651542165,0.5731486567422458,1.108702104575838,4.5545475294641244,9.252676734467975,1.908897443548495,5.267443495593959
trial_0017_bite_011_transfer,trial_0017_bite_011,trial_0017,transfer,contextual_promp,trial_0017,SUCCESS,0.04899932602025324,0.04328474450288983,0.07668094472564264,0.07794011723850204,0.02413733921168433,0.17598017906561061,0.18247329926679717,0.23809209683306526,0.25272693014439546,0.1483550826393143,0.45279715701885476,0.5188004592487886,0.06600330222993384,0.1272229063280035,0.02413733921168433,1.39,1.86,-0.4700000000000002,,,mouth_proxy,-0.036427717993003365,0.17228100196335172,0.014876730205242716,0.17671739975812728,-0.042367396075000056,0.17474156031999982,-0.00838863076499996,0.17999993966486647,0.005939678081996691,-0.0024605583566481015,0.023265360970242677,0.02413733921168433,0.5108835544097472,0.7845083803754797,1.7365773840891368,3.3946489931404895,0.5727659958995067,1.224620414594268,0.5549204521780254,0.785607938914052,3.7330961827328033,9.860534833776306,0.7311447776343744,2.413526596120276
trial_0017_bite_011_transfer,trial_0017_bite_011,trial_0017,transfer,retrieval,trial_0017,SUCCESS,0.05535633724858019,0.05132253349625799,0.08001608864197392,0.0805321559962611,0.0362559265921726,0.2425327624691426,0.2514147157092535,0.2980658481930246,0.30618690388763414,0.22272673527241843,0.46776780626469533,0.5188004592487886,0.05103265298409326,0.09836663031869208,0.0362559265921726,1.39,1.86,-0.4700000000000002,trial_0019_bite_004_transfer,0.8202080174033214,mouth_proxy,-0.04142951239860875,0.17294532791779155,0.027810625255308308,0.179999782842286,-0.042367396075000056,0.17474156031999982,-0.00838863076499996,0.17999993966486647,0.0009378836763913045,-0.0017962324022082754,0.03619925602030827,0.0362559265921726,0.5610419488100434,0.9525163318002681,3.442961245018694,8.95261873562507,0.9241390202082944,2.5574338466437796,0.5549204521780254,0.785607938914052,3.7330961827328033,9.860534833776306,0.7311447776343744,2.413526596120276
trial_0017_bite_011_withdrawal,trial_0017_bite_011,trial_0017,withdrawal,contextual_promp,trial_0017,SUCCESS,0.023207418366191633,0.020406251249488517,0.03257196610123262,0.033982611288024815,0.024284367435143,0.11177070127354183,0.12418592575606809,0.18264219404928422,0.210356404143665,0.049166034864933594,0.38563675991578467,0.42904837398185997,0.0434116140660753,0.1011811644062092,0.024284367435143,1.07,1.07,0.0,,,plate,0.0058776317423593905,-0.027460536753314446,-0.20162553741478523,0.20357181772406485,-0.01138753557399999,-0.03763837338999995,-0.21533889370199996,0.21889989095176685,0.01726516731635938,0.010177836636685506,0.013713356287214734,0.024284367435143,0.44525551717249817,0.756596568535402,2.155867935971572,3.3394399389615272,1.5483441366456534,2.51126804339326,0.4961218910051977,0.8799463261162287,3.9920103367136495,7.096236033769013,1.8968791287144438,4.10912132515048
trial_0017_bite_011_withdrawal,trial_0017_bite_011,trial_0017,withdrawal,retrieval,trial_0017,SUCCESS,0.04193590417741849,0.038629273483324254,0.05955310556354307,0.06025318705824512,0.05864939999246526,0.2609020081081984,0.30005528118489705,0.46972501414960266,0.5003983849585756,0.17245998133058066,0.4373421753972561,0.42904837398185997,0.008293801415396151,0.019330690706094625,0.05864939999246526,1.07,1.07,0.0,trial_0014_bite_012_withdrawal,1.3863362705102875,plate,-0.03510841659694078,-0.08289860879390723,-0.1865537757735535,0.20714027013422304,-0.01138753557399999,-0.03763837338999995,-0.21533889370199996,0.21889989095176685,-0.023720881022940787,-0.04526023540390728,0.028785117928446458,0.05864939999246526,0.48057827649572765,0.7382726086728625,3.488710189134856,7.063218742235681,1.8777377923293737,5.247489651542164,0.4961218910051977,0.8799463261162287,3.9920103367136495,7.096236033769013,1.8968791287144438,4.10912132515048
trial_0017_bite_012_transfer,trial_0017_bite_012,trial_0017,transfer,contextual_promp,trial_0017,SUCCESS,0.05201809025350484,0.04484936172834537,0.08364542581402866,0.08437009506411837,0.027752175338668913,0.16363142151310106,0.1741471655211399,0.25057747782686346,0.25696256725788025,0.149664617131152,0.4676920944942387,0.506692100484832,0.039000005990593334,0.07696983227738481,0.027752175338668913,1.39,1.75,-0.3600000000000001,,,mouth_proxy,-0.028045405593542863,0.17559731311153465,0.013321234991815367,0.17832110488835534,-0.04998806518000008,0.17288510775099986,-0.003452162648000079,0.17999995713739217,0.02194265958645722,0.0027122053605347918,0.016773397639815446,0.027752175338668913,0.5311661746445079,0.8267789428137037,1.818810073333181,3.489129854314917,0.6175980725267871,1.2564495872535326,0.5778261439297423,0.8705792315120154,3.434369012705242,7.118760786496025,0.6195123105094131,1.9916445495889292
trial_0017_bite_012_transfer,trial_0017_bite_012,trial_0017,transfer,retrieval,trial_0017,SUCCESS,0.05039656512676628,0.04429380226899731,0.0810034723322437,0.0816810165506746,0.03655561363701166,0.22419034119068432,0.23753308795423125,0.31062594944080407,0.31897217224703894,0.21710283845268685,0.4809203902987251,0.506692100484832,0.025771710186106966,0.05086266425201245,0.03655561363701166,1.39,1.75,-0.3600000000000001,trial_0019_bite_004_transfer,0.6738214489805915,mouth_proxy,-0.026324963769703266,0.17641403715455334,0.024186889023307623,0.179999782842286,-0.04998806518000008,0.17288510775099986,-0.003452162648000079,0.17999995713739217,0.023663101410296816,0.0035289294035534824,0.0276390516713077,0.03655561363701166,0.5750593384277284,0.9733351147984517,3.464978849089683,9.036602856620243,0.9241390202082944,2.5574338466437765,0.5778261439297423,0.8705792315120154,3.434369012705242,7.118760786496025,0.6195123105094131,1.9916445495889292
trial_0017_bite_012_withdrawal,trial_0017_bite_012,trial_0017,withdrawal,contextual_promp,trial_0017,SUCCESS,0.04535241557577714,0.037376715440639446,0.07315018165272473,0.07444313672835921,0.06356250832881444,0.1269198059019617,0.1498607548366012,0.25131829429669833,0.25702415296967285,0.15836368748291094,0.41725514438492833,0.4437967699971776,0.026541625612249264,0.05980581069217349,0.06356250832881444,1.07,1.01,0.06000000000000005,,,plate,-0.01404358430393235,-0.0441422936280689,-0.1933246911925945,0.1987968827008118,-0.07301629457400002,-0.02745047938999995,-0.17647846770199999,0.1929496246549959,0.058972710270067674,-0.016691814238068953,-0.016846223490594503,0.06356250832881444,0.48406752326236263,0.8292143317571055,2.4014601476786344,3.631074154197156,1.59333843382501,2.6730038394249696,0.5215129268445307,0.9321151681693166,4.152916960679464,8.919883568043081,1.7382122429927602,4.1407844228952
trial_0017_bite_012_withdrawal,trial_0017_bite_012,trial_0017,withdrawal,retrieval,trial_0017,SUCCESS,0.05489121906464547,0.049196712236084544,0.0764938671924224,0.07719169070001795,0.074166467673473,0.24160304793692922,0.27628512842213965,0.4581185662028086,0.47233502866870347,0.2738209925452368,0.45737231494473457,0.4437967699971776,0.013575544947556972,0.030589553294052385,0.074166467673473,1.07,1.01,0.06000000000000005,trial_0014_bite_012_withdrawal,2.143928632098548,plate,-0.03398533348538682,-0.09013741015224397,-0.18337757744667724,0.2071402701342231,-0.07301629457400002,-0.02745047938999995,-0.17647846770199999,0.1929496246549959,0.0390309610886132,-0.06268693076224402,-0.006899109744677251,0.074166467673473,0.5043665010191755,0.7618741819076575,3.517632242583845,7.077346693986648,1.8777377923293737,5.247489651542168,0.5215129268445307,0.9321151681693166,4.152916960679464,8.919883568043081,1.7382122429927602,4.1407844228952
trial_0017_bite_013_transfer,trial_0017_bite_013,trial_0017,transfer,contextual_promp,trial_0017,SUCCESS,0.14416987829577235,0.11387208644555494,0.25026811271431076,0.2558753234524225,0.02542952056304235,0.15454423973134385,0.1829390553885147,0.30773944108673706,0.3158967807878892,0.1454579850076301,0.48965247149131164,0.5474547440316605,0.057802272540348865,0.10558365448561358,0.02542952056304235,1.39,2.92,-1.53,,,mouth_proxy,-0.04595450845947849,0.1724251362971116,0.027657613564592176,0.1805746052547758,-0.05284088790000002,0.1720398888459999,0.0031813009609999443,0.1800000096222465,0.006886379440521534,0.000385247451111681,0.024476312603592232,0.02542952056304235,0.5459305635354103,0.8155489043696632,1.7209278717583087,3.156150152397643,0.6071413327680832,1.075694075570396,0.7211319304539701,1.611111534808718,6.884852085308405,15.612387311432915,0.7501950150296065,1.8561317520847442
trial_0017_bite_013_transfer,trial_0017_bite_013,trial_0017,transfer,retrieval,trial_0017,SUCCESS,0.15404950542198143,0.1260218670898544,0.2565602926357366,0.2610508817493627,0.027296180776344155,0.21663010943750896,0.24543241231166618,0.39246054959219867,0.39934551259608614,0.2075040453288147,0.49716617893295245,0.5474547440316605,0.05028856509870805,0.09185885344305236,0.027296180776344155,1.39,2.92,-1.53,trial_0019_bite_006_transfer,0.900808334447593,mouth_proxy,-0.052677485817972186,0.169422237563375,0.030351186615838854,0.18000001839464577,-0.05284088790000002,0.1720398888459999,0.0031813009609999443,0.1800000096222465,0.0001634020820278359,-0.002617651282624922,0.02716988565483891,0.027296180776344155,0.5451838047897075,0.7757905819458311,2.097164217285713,5.803767595232218,0.7360173260270304,2.2013625793335816,0.7211319304539701,1.611111534808718,6.884852085308405,15.612387311432915,0.7501950150296065,1.8561317520847442
trial_0017_bite_013_withdrawal,trial_0017_bite_013,trial_0017,withdrawal,contextual_promp,trial_0017,SUCCESS,0.0413464283282938,0.03273553242692142,0.06705091638547109,0.06755391913062331,0.03229180553614508,0.1617852107430381,0.1818693635942202,0.266957748373166,0.2741352268291611,0.1073492012088215,0.41464577800024516,0.421969937531217,0.007324159530971819,0.017357064756372564,0.03229180553614508,1.07,0.99,0.08000000000000007,,,plate,0.0010500598822476004,-0.014787940379037523,-0.20683924205070758,0.20736985764214014,-0.014527656574000014,-0.04102643538999995,-0.19627340870199997,0.20104097137112187,0.015577716456247614,0.026238495010962426,-0.010565833348707615,0.03229180553614508,0.487376598802196,0.8377877513260944,2.3197727341526613,3.85437037373547,1.5077735291412904,2.717597390583343,0.4959473997478985,0.854108307829298,4.032800645613573,8.26580446337006,1.9158015945632234,4.473505634747959
trial_0017_bite_013_withdrawal,trial_0017_bite_013,trial_0017,withdrawal,retrieval,trial_0017,SUCCESS,0.06986001082612046,0.05958690142764965,0.1070729489169227,0.10747184750252109,0.0755068795103799,0.14489055064495018,0.17217745457741826,0.2881832912172413,0.34382401665611645,0.34382401665611645,0.4434697306183014,0.421969937531217,0.02149979308708444,0.050951006635381234,0.0755068795103799,1.07,0.99,0.08000000000000007,trial_0013_bite_008_withdrawal,1.722992176480148,plate,0.054820395033957636,-0.016436767679056635,-0.2132287864164734,0.22077581026927853,-0.014527656574000014,-0.04102643538999995,-0.19627340870199997,0.20104097137112187,0.06934805160795765,0.024589667710943314,-0.01695537771447342,0.0755068795103799,0.49711475398163785,0.8300016260934553,2.8345334605909818,6.271162164187144,1.8430165514572647,4.2409438598020905,0.4959473997478985,0.854108307829298,4.032800645613573,8.26580446337006,1.9158015945632234,4.473505634747959
trial_0017_bite_014_transfer,trial_0017_bite_014,trial_0017,transfer,contextual_promp,trial_0017,SUCCESS,0.03408733437091773,0.027598110028486868,0.06428540979615714,0.06515622640968914,0.018605267744355367,0.17149533546009404,0.18176911558366482,0.25802820151348194,0.26968737917085034,0.11248342809127904,0.4982062483403525,0.5314061676184688,0.03319991927811633,0.062475600211612,0.018605267744355367,1.39,2.31,-0.9200000000000002,,,mouth_proxy,-0.02903341429839366,0.17328200177758862,0.016761333647418386,0.17649513758602664,-0.03755113715400009,0.1760389130709999,0.0004517099449998785,0.17999997460736486,0.008517722855606428,-0.0027569112934112683,0.016309623702418508,0.018605267744355367,0.5542131720475014,0.8238493500683102,1.8389124483085393,3.72002858676678,0.5709839526012179,1.1731229655623003,0.617908234295457,1.0353535247468333,5.3093993508491,24.361793116320158,1.049880767572648,4.182795467902057
trial_0017_bite_014_transfer,trial_0017_bite_014,trial_0017,transfer,retrieval,trial_0017,SUCCESS,0.028124752736506123,0.025451310521755765,0.04085553716527039,0.04130651662558066,0.02742259402790027,0.18206261337258656,0.186875471802037,0.23359720693974237,0.24339777592157952,0.162310702698559,0.5150108919982265,0.5314061676184688,0.016395275620242344,0.0308526257678168,0.02742259402790027,1.39,2.31,-0.9200000000000002,trial_0019_bite_004_transfer,1.3185582208566662,mouth_proxy,-0.04387255709335057,0.17248653646277412,0.02689823965312499,0.17999978284228613,-0.03755113715400009,0.1760389130709999,0.0004517099449998785,0.17999997460736486,-0.006321419939350481,-0.0035523766082257713,0.02644652970812511,0.02742259402790027,0.6127233261793252,1.0286014081094903,3.5235513359008457,8.782634790788764,0.9241390202082943,2.557433846643778,0.617908234295457,1.0353535247468333,5.3093993508491,24.361793116320158,1.049880767572648,4.182795467902057
trial_0017_bite_014_withdrawal,trial_0017_bite_014,trial_0017,withdrawal,contextual_promp,trial_0017,SUCCESS,0.06448134698574799,0.05198814714272747,0.10574817536804466,0.10618000458288349,0.01232907732239497,0.3388580324052751,0.3994117109056221,0.6331956668086717,0.6648281079931065,0.18076830229559418,0.41570121123487674,0.5124091462964755,0.09670793506159875,0.18873186741605188,0.01232907732239497,1.07,1.48,-0.4099999999999999,,,plate,0.00014337769367936404,-0.03557013018159849,-0.19539444944392007,0.19860575417593404,-0.0011314385739999988,-0.036650098390000024,-0.207609794702,0.21082299855909936,0.0012748162676793628,0.0010799682084015327,0.012215345258079935,0.01232907732239497,0.4832587328332803,0.8141765948893475,2.286968547064969,3.522251742325436,1.5430099230890582,2.7142692180550725,0.6317135039708742,1.1801407818102234,7.319184742735297,17.341813517928866,2.164033175932472,6.590731108098107
trial_0017_bite_014_withdrawal,trial_0017_bite_014,trial_0017,withdrawal,retrieval,trial_0017,SUCCESS,0.11480656618222333,0.09265278396154382,0.1956691674564871,0.1976934474055478,0.04897334764311785,0.5880163088730753,0.7273838468263168,1.2043029482163858,1.2586735212827391,0.1801556326175298,0.4872016953084865,0.5124091462964755,0.02520745098798899,0.049193991110775714,0.048973347643117844,1.07,1.48,-0.4099999999999999,trial_0019_bite_017_withdrawal,1.6911945244647208,plate,0.033364673080963275,-0.0712245155908511,-0.2040019234066963,0.2186387838069507,-0.0011314385739999988,-0.036650098390000024,-0.207609794702,0.21082299855909936,0.034496111654963274,-0.03457441720085108,0.0036078712953037106,0.048973347643117844,0.5860646992448739,1.090940851567183,4.124111842231007,8.515733310366397,2.0058336832163555,4.601907921729549,0.6317135039708742,1.1801407818102234,7.319184742735297,17.341813517928866,2.164033175932472,6.590731108098107
trial_0017_bite_015_transfer,trial_0017_bite_015,trial_0017,transfer,contextual_promp,trial_0017,SUCCESS,0.05192148952646926,0.04535100366896303,0.08381980999258024,0.08532272133121872,0.024669682205990844,0.09843630495668138,0.10610041558532998,0.14642014780088516,0.15504829330360098,0.15504829330360098,0.4871837592435446,0.5533393117994164,0.0661555525558718,0.11955693576286688,0.024669682205990844,1.39,3.31,-1.9200000000000002,,,mouth_proxy,-0.03642464275760461,0.1763011768290904,0.022494494041722324,0.18142453476179676,-0.02195570123899999,0.17863621901100002,0.0026503379880000177,0.17999993291913424,-0.01446894151860462,-0.002335042181909608,0.019844156053722306,0.024669682205990848,0.5473007335495353,0.8447625280814389,1.7395588367365047,2.9638112485958614,0.6447170840722998,1.1169808119886642,0.5999556675241464,0.9826931246117308,7.508070800894577,30.066000673537516,0.9366356666246576,3.453481878570039
trial_0017_bite_015_transfer,trial_0017_bite_015,trial_0017,transfer,retrieval,trial_0017,SUCCESS,0.07464875213240284,0.06557419600857849,0.12105014793636049,0.12176044472506077,0.04578286640366494,0.16516695963931,0.1809414893144413,0.2887538832390902,0.30744719675419113,0.30744719675419113,0.4684331227616286,0.5533393117994164,0.08490618903778785,0.15344326207671657,0.04578286640366494,1.39,3.31,-1.9200000000000002,trial_0019_bite_012_transfer,0.7801402854562658,mouth_proxy,-0.026375000663369102,0.17155830065455346,0.04766637646844696,0.1799999295252712,-0.02195570123899999,0.17863621901100002,0.0026503379880000177,0.17999993291913424,-0.004419299424369111,-0.007077918356446555,0.04501603848044694,0.04578286640366494,0.5446974616753948,0.8832559725114046,2.278482944620865,6.350203212693441,0.6367569774905365,2.2970683652721897,0.5999556675241464,0.9826931246117308,7.508070800894577,30.066000673537516,0.9366356666246576,3.453481878570039
trial_0017_bite_015_withdrawal,trial_0017_bite_015,trial_0017,withdrawal,contextual_promp,trial_0017,SUCCESS,0.09350453418077838,0.07996531246922405,0.1673313547461708,0.1766590831053809,0.1766590831053809,0.5715091379873051,0.7065210112843747,1.1864309776171704,1.2007548193117572,1.1864309776171704,0.39760279623547884,0.5035898548600549,0.10598705862457608,0.21046305361737153,0.1766590831053809,1.07,0.87,0.20000000000000007,,,plate,-0.005677960911544627,-0.03571242363303634,-0.18917294747150196,0.19259808020048932,-0.007872187573999961,0.0955867766100002,-0.07100299770199987,0.11933243013766426,0.002194226662455334,-0.13129920024303654,-0.11816994976950208,0.17665908310538092,0.46241050580587856,0.7768860835924892,2.210146801717617,3.2756157681864977,1.5105599277479456,2.7486028429157314,0.6090221452595832,1.080041042129567,3.637478423258561,8.755525311075546,0.9335924097965796,2.3531184773798817
trial_0017_bite_015_withdrawal,trial_0017_bite_015,trial_0017,withdrawal,retrieval,trial_0017,SUCCESS,0.11780566990849188,0.09575721418775114,0.20774107196751168,0.21121281052572127,0.21121281052572127,0.7564686976043518,0.9217236810574968,1.3294126861496265,1.3362269908291091,1.2887085710321395,0.42977283647658593,0.5035898548600549,0.07381701838346899,0.14658162326161708,0.21121281052572127,1.07,0.87,0.20000000000000007,trial_0019_bite_011_withdrawal,1.550413300458177,plate,-0.05144945892951808,-0.06371357835712588,-0.20266646894110024,0.21858674370662037,-0.007872187573999961,0.0955867766100002,-0.07100299770199987,0.11933243013766426,-0.043577271355518116,-0.15930035496712608,-0.13166347123910038,0.2112128105257213,0.5041079687016568,0.9557137388952373,4.436830877789385,11.262101184950268,1.8407648533858796,6.343215903938655,0.6090221452595832,1.080041042129567,3.637478423258561,8.755525311075546,0.9335924097965796,2.3531184773798817
trial_0019_bite_001_transfer,trial_0019_bite_001,trial_0019,transfer,contextual_promp,trial_0019,SUCCESS,0.035149061988600606,0.03306846801254817,0.0520207236489061,0.05272764240846998,0.03224928832259415,0.19216384369298425,0.20090667552220398,0.2489703495091027,0.25378884725400513,0.2338194169917538,0.4582203298157413,0.4332753592363774,0.0249449705793639,0.057573019207295704,0.03224928832259415,1.48,1.05,0.42999999999999994,,,mouth_proxy,-0.06377217701240447,0.16715948694819072,-0.0018050508978877944,0.1789202136328586,-0.03533114766500003,0.1761902519739999,0.010424819502999894,0.1799999215212544,-0.028441029347404438,-0.009030765025809184,-0.012229870400887688,0.032249288322594154,0.499403390156497,0.7495211302142846,1.4201652366226665,2.201000524870249,0.48972327438503455,1.0322605228765251,0.5042134672222447,0.8526273754114998,2.4195461668345035,5.497447956177899,0.9936158411339379,2.2507210273483023
trial_0019_bite_001_transfer,trial_0019_bite_001,trial_0019,transfer,retrieval,trial_0019,SUCCESS,0.06489141765036896,0.05960688067200045,0.09904457042034343,0.1005156050054803,0.051175246873102966,0.30552589420725945,0.31602730868863743,0.40476378716142764,0.4098788688029015,0.31258533188256615,0.5187118249275391,0.4332753592363774,0.0854364656911617,0.19718745566731166,0.051175246873102966,1.48,1.05,0.42999999999999994,trial_0017_bite_011_transfer,1.4916212661275965,mouth_proxy,-0.07081077177748595,0.1636966203776442,-0.024274046975521935,0.17999993966486658,-0.03533114766500003,0.1761902519739999,0.010424819502999894,0.1799999215212544,-0.03547962411248592,-0.012493631596355692,-0.03469886647852183,0.05117524687310297,0.5533303327447846,0.762452947931176,3.704951958157343,9.729547714968437,0.7311447776343745,2.413526596120276,0.5042134672222447,0.8526273754114998,2.4195461668345035,5.497447956177899,0.9936158411339379,2.2507210273483023
trial_0019_bite_001_withdrawal,trial_0019_bite_001,trial_0019,withdrawal,contextual_promp,trial_0019,SUCCESS,0.04546738686275133,0.038484853082137005,0.07389379947391725,0.07462498425875826,0.03750701626819857,0.2391955020747662,0.2569042168910441,0.3620552882149123,0.3678603171989588,0.28484613373694906,0.43317371211968675,0.4895494568453172,0.05637574472563045,0.11515842564491595,0.03750701626819857,1.05,0.9,0.15000000000000002,,,plate,0.02200509961202063,0.06818206945670569,-0.17560237899210865,0.18965551537464484,0.004030070758000048,0.07735799864900006,-0.20721688405699998,0.22122237333413036,0.01797502885402058,-0.009175929192294374,0.03161450506489133,0.03750701626819857,0.48255486225271643,0.7366073317528617,1.7255513101517832,2.5402391665026522,0.9933861294915873,1.3116061756331954,0.580997352269247,1.0294607226905197,3.095286393439351,6.072547486028903,1.7248221609163301,3.095417543142295
trial_0019_bite_001_withdrawal,trial_0019_bite_001,trial_0019,withdrawal,retrieval,trial_0019,SUCCESS,0.09284459068963197,0.07721242216377051,0.1382685024768626,0.1396356057955604,0.10465474198535875,0.20020073480270323,0.22640830710647952,0.3989264650783812,0.4297456430329019,0.4297456430329019,0.3577805699065859,0.4895494568453172,0.1317688869387313,0.2691635852031315,0.10465474198535875,1.05,0.9,0.15000000000000002,trial_0014_bite_005_withdrawal,1.033769306214998,plate,-0.03716202905167579,-0.018086316614151415,-0.21930855959184076,0.22316893951030214,0.004030070758000048,0.07735799864900006,-0.20721688405699998,0.22122237333413036,-0.041192099809675836,-0.09544431526315147,-0.012091675534840779,0.10465474198535875,0.38778463710854116,0.596865104836969,1.7599295451954746,3.278462104702491,1.667191447374819,3.4405051286712074,0.580997352269247,1.0294607226905197,3.095286393439351,6.072547486028903,1.7248221609163301,3.095417543142295
trial_0019_bite_002_transfer,trial_0019_bite_002,trial_0019,transfer,contextual_promp,trial_0019,SUCCESS,0.029635362205067888,0.02848261274432517,0.03624497446942275,0.03667826033655764,0.03310427455336071,0.20127097926230245,0.2163660161094211,0.27060511363720635,0.2751277956533854,0.25533741722667047,0.5403926824499041,0.514867676405862,0.025525006044042176,0.049575856503994674,0.03310427455336071,1.48,1.23,0.25,,,mouth_proxy,-0.04555382331986093,0.17998825374235822,-0.010952553524418263,0.18598623802041342,-0.03802325676600007,0.1746985401379999,0.020846856706999928,0.17999983171104278,-0.007530566553860862,0.005289713604358315,-0.03179941023141819,0.03310427455336071,0.5823450647650182,0.8386713344268437,1.7102687796843437,2.2775041056962184,0.5851480514048115,0.8120178854097252,0.5941883740294286,0.9706039664164177,2.7062609164861784,6.428093223194268,0.9054161853770714,2.6146276958921093
trial_0019_bite_002_transfer,trial_0019_bite_002,trial_0019,transfer,retrieval,trial_0019,SUCCESS,0.12275824648685196,0.0929639164949577,0.22883906238206841,0.2346849706819857,0.031558828747011144,0.24414869577559628,0.2737702858137831,0.42770072766103245,0.43746887883533864,0.24344574830413848,0.5636939713239772,0.514867676405862,0.0488262949181153,0.09483270586912182,0.031558828747011144,1.48,1.23,0.25,trial_0017_bite_013_transfer,1.0839728728556226,mouth_proxy,-0.03668079936885842,0.17590018806956104,-0.010660499930277845,0.18000000962224652,-0.03802325676600007,0.1746985401379999,0.020846856706999928,0.17999983171104278,0.0013424573971416442,0.001201647931561134,-0.03150735663727777,0.031558828747011144,0.7377654191741838,1.6424716991979618,6.903885523836929,15.58089941946681,0.7501950150296062,1.8561317520847427,0.5941883740294286,0.9706039664164177,2.7062609164861784,6.428093223194268,0.9054161853770714,2.6146276958921093
trial_0019_bite_002_withdrawal,trial_0019_bite_002,trial_0019,withdrawal,contextual_promp,trial_0019,SUCCESS,0.07863464722683397,0.06926424663101756,0.11694241866321783,0.11860185162177196,0.11860185162177196,0.3797907802017091,0.46210773687660445,0.7435493090947657,0.76010922233764,0.76010922233764,0.4432959567183958,0.5038094319854954,0.06051347526709966,0.12011183480352514,0.11860185162177196,1.05,1.01,0.040000000000000036,,,plate,0.015026483532425278,0.06570324149538853,-0.1991701039782866,0.21026516941489165,0.042368314758000125,-0.049466685350999906,-0.20656682105699992,0.2165915017184248,-0.027341831225574847,0.11516992684638844,0.007396717078713311,0.11860185162177196,0.49390062925492256,0.7755562929543013,1.8871979483122157,2.728609832222727,1.1259683437089014,1.390570228125155,0.6184274201526133,1.1957211239905994,4.698949526863818,9.801720621644993,2.3171091193231717,5.543465684646554
trial_0019_bite_002_withdrawal,trial_0019_bite_002,trial_0019,withdrawal,retrieval,trial_0019,SUCCESS,0.0765854032989787,0.06529048070386761,0.11882998179369784,0.1201467214334665,0.09066797771693078,0.476378296571242,0.5838876236234172,0.8864575137615556,0.895031185651852,0.8946684154488057,0.49927221334242733,0.5038094319854954,0.004537218643068108,0.009005823144650324,0.09066797771693078,1.05,1.01,0.040000000000000036,trial_0015_bite_010_withdrawal,1.4444203563215499,plate,0.04542543054086462,0.03144034504383075,-0.2473759947690216,0.25346961913464316,0.042368314758000125,-0.049466685350999906,-0.20656682105699992,0.2165915017184248,0.0030571157828644946,0.08090703039483066,-0.040809173712021696,0.09066797771693078,0.5550802218907747,0.9505616762378456,3.1217365327956785,6.599491099715101,1.5326154520363773,3.7189961177434596,0.6184274201526133,1.1957211239905994,4.698949526863818,9.801720621644993,2.3171091193231717,5.543465684646554
trial_0019_bite_003_transfer,trial_0019_bite_003,trial_0019,transfer,contextual_promp,trial_0019,SUCCESS,0.05182537468448704,0.04670871170829328,0.08122160224951737,0.08215307697887801,0.045586109013458144,0.16828455300392664,0.1860207630014214,0.26350355627092936,0.2756567766614703,0.2756567766614703,0.5133801988822122,0.48565695766154593,0.027723241220666273,0.05708399886651389,0.045586109013458144,1.48,1.14,0.3400000000000001,,,mouth_proxy,-0.06096097557415174,0.18782148005891824,6.29157216308629e-05,0.1974668399323364,-0.033001154305000155,0.17380145752899984,0.03322585735599992,0.17999994561584848,-0.027959821269151586,0.014020022529918408,-0.03316294163436906,0.045586109013458144,0.5492964195802907,0.7782836241718948,1.5976565351426801,2.223966763401331,0.6296453237043638,0.8156357064396874,0.5412866155541328,0.8229555677720027,2.0605105634414422,4.467607450056219,0.6904088745944957,1.8670562254212502
trial_0019_bite_003_transfer,trial_0019_bite_003,trial_0019,transfer,retrieval,trial_0019,SUCCESS,0.16050184981939622,0.1269528541384195,0.27524154533733075,0.2800177303812045,0.010965167970364613,0.13573372677330306,0.17225409670528216,0.3159032429887249,0.3208583268814177,0.07836758044649211,0.5364048610559883,0.48565695766154593,0.05074790339444235,0.10449331074920692,0.010965167970364613,1.48,1.14,0.3400000000000001,trial_0017_bite_013_transfer,1.9452832074409696,mouth_proxy,-0.03580774817850023,0.17493744192999988,0.02268700168338411,0.18000000962224652,-0.033001154305000155,0.17380145752899984,0.03322585735599992,0.17999994561584848,-0.002806593873500074,0.0011359844010000453,-0.01053885567261581,0.010965167970364613,0.708835131080222,1.5939861711041214,6.896508211542455,15.645947904839161,0.7501950150296065,1.8561317520847433,0.5412866155541328,0.8229555677720027,2.0605105634414422,4.467607450056219,0.6904088745944957,1.8670562254212502
trial_0019_bite_003_withdrawal,trial_0019_bite_003,trial_0019,withdrawal,contextual_promp,trial_0019,SUCCESS,0.09804032057856044,0.0891583874067788,0.12225294950274054,0.1235268763836512,0.11810554326860999,0.6355790740844441,0.7539588654426819,1.053758473242204,1.0694339223779383,0.9879318122977347,0.4400700230529518,0.4471224455594869,0.007052422506535094,0.01577291092535146,0.11810554326860999,1.05,0.92,0.13,,,plate,0.02828371166195462,0.07418783354524916,-0.19383072621153188,0.209461579806904,0.05114868975800008,-0.04168270635099991,-0.19419143605699993,0.20509497875517022,-0.022864978096045457,0.11587053989624907,0.0003607098454680435,0.11810554326860999,0.489402681299141,0.7782817728902002,1.8673365438935337,2.6197073155969313,1.097606924084341,1.4147121985482345,0.538151371081499,1.0140251861231622,3.912357933012432,8.508713034767979,2.2557880274508673,5.294687681308291
trial_0019_bite_003_withdrawal,trial_0019_bite_003,trial_0019,withdrawal,retrieval,trial_0019,SUCCESS,0.10774505906663322,0.09813722005674523,0.14853795267120012,0.15026515281352706,0.10530353524678025,0.7749235629503421,0.90025437264913,1.2471281333100257,1.249024987881759,0.8834280873821164,0.5008211270482189,0.4471224455594869,0.053698681488732025,0.12009838025809363,0.10530353524678024,1.05,0.92,0.13,trial_0015_bite_010_withdrawal,1.1905892180165762,plate,0.0486331661776348,0.0513843590090543,-0.24339537921051063,0.2534696191346432,0.05114868975800008,-0.04168270635099991,-0.19419143605699993,0.20509497875517022,-0.0025155235803652753,0.09306706536005421,-0.049203943153510704,0.10530353524678024,0.5605510862603471,0.9654208777555474,3.124172312392945,6.517495556014758,1.532615452036377,3.7189961177434534,0.538151371081499,1.0140251861231622,3.912357933012432,8.508713034767979,2.2557880274508673,5.294687681308291
trial_0019_bite_004_transfer,trial_0019_bite_004,trial_0019,transfer,contextual_promp,trial_0019,SUCCESS,0.03641033792378172,0.032625405549669084,0.05807078694253188,0.059066661963509695,0.03842581403338717,0.17529502850699255,0.19142436401620358,0.24727873765710842,0.25028209923205486,0.24925524873909868,0.5011328092202503,0.4876593068206826,0.013473502399567683,0.027628924971018813,0.03842581403338718,1.48,1.12,0.3599999999999999,,,mouth_proxy,-0.03679570473466823,0.17629216477504445,-0.009403273375053145,0.18033655424832284,-0.028222385713000064,0.17554717874499992,0.02804651141600001,0.179999782842286,-0.008573319021668163,0.0007449860300445255,-0.03744978479105315,0.03842581403338718,0.5403266127752723,0.7755995433962198,1.5610500261461737,2.2779947746815163,0.5327109293463927,0.8027704722913585,0.5839804278251488,0.9886343911952805,3.4781747383889168,8.870620424394723,0.9241390202082944,2.557433846643776
trial_0019_bite_004_transfer,trial_0019_bite_004,trial_0019,transfer,retrieval,trial_0019,SUCCESS,0.0396973422541696,0.03632191865450029,0.05415879879633257,0.054800206916369776,0.04715015569859108,0.22749595114767768,0.25358528871271396,0.34509800932513685,0.3492773858011836,0.2854299147762707,0.5230718726604712,0.4876593068206826,0.03541256583978858,0.07261743053908361,0.04715015569859107,1.48,1.12,0.3599999999999999,trial_0017_bite_007_transfer,0.3007555349749791,mouth_proxy,-0.04345711393972487,0.1738901321694743,-0.016543783883602503,0.1799999877863185,-0.028222385713000064,0.17554717874499992,0.02804651141600001,0.179999782842286,-0.015234728226724809,-0.0016570465755256225,-0.04459029529960251,0.04715015569859107,0.6354864938512976,1.1861081845143457,4.312480332631781,10.892303566493279,0.7199984103273931,1.3896608421152412,0.5839804278251488,0.9886343911952805,3.4781747383889168,8.870620424394723,0.9241390202082944,2.557433846643776
trial_0019_bite_004_withdrawal,trial_0019_bite_004,trial_0019,withdrawal,contextual_promp,trial_0019,SUCCESS,0.07459275599238177,0.06134741486960941,0.13671207014926423,0.1391440037300538,0.049982821804414754,0.36402007819343,0.4111794573124309,0.6061044534468343,0.6319071954263226,0.5989023979742698,0.3878930200271935,0.5224989021670495,0.13460588213985603,0.2576194544746064,0.049982821804414754,1.05,0.89,0.16000000000000003,,,plate,0.020686595273227554,0.02950670610654943,-0.2066309549428378,0.20974969003515992,0.02352092275800005,-0.020385668350999947,-0.20763097205699993,0.2099510177132739,-0.0028343274847724975,0.04989237445754938,0.0010000171141621161,0.049982821804414754,0.43216430657182786,0.687817801198761,1.7802052873463838,2.4347227758482046,1.3141864565253616,2.023557066219783,0.6301207156625592,1.24913301616899,4.71935185144544,10.462365034015656,2.3989060490145766,4.975523973912065
trial_0019_bite_004_withdrawal,trial_0019_bite_004,trial_0019,withdrawal,retrieval,trial_0019,SUCCESS,0.08565727978144289,0.07602081857498356,0.13095497012748322,0.1336305230516008,0.1023587721598135,0.4603354962644125,0.5488909137207527,0.8652365188678219,0.8987499834800518,0.8987499834800518,0.49319370203658663,0.5224989021670495,0.029305200130462894,0.05608662527121186,0.10235877215981348,1.05,0.89,0.16000000000000003,trial_0015_bite_006_withdrawal,1.3685315223605685,plate,0.06472646510900384,0.07194484005187451,-0.22358398856457523,0.2436295861303405,0.02352092275800005,-0.020385668350999947,-0.20763097205699993,0.2099510177132739,0.04120554235100379,0.09233050840287446,-0.0159530165075753,0.10235877215981348,0.5488997419400321,0.9190382459521201,3.4324420345329933,6.106398885307063,1.8851963801143552,4.919271532594088,0.6301207156625592,1.24913301616899,4.71935185144544,10.462365034015656,2.3989060490145766,4.975523973912065
trial_0019_bite_005_transfer,trial_0019_bite_005,trial_0019,transfer,contextual_promp,trial_0019,SUCCESS,0.04220736687117132,0.03534894972646912,0.06889535804347538,0.06929442576258514,0.014268156486586298,0.08615753811761208,0.09851187336812302,0.17521037880838097,0.18381250530206938,0.10635333018657812,0.49876684034243074,0.4988154600262852,4.861968385444504e-05,9.74702826008701e-05,0.014268156486586298,1.48,1.27,0.20999999999999996,,,mouth_proxy,-0.02673227242703497,0.1773411777938838,-0.005654382621340881,0.17943377545284958,-0.025899321243000074,0.17792035689599983,0.00857765986799991,0.18000001246571948,-0.0008329511840348969,-0.0005791791021160231,-0.01423204248934079,0.014268156486586298,0.5394534770709332,0.756933048115348,1.5966606579282496,2.780856655393445,0.5314997129990598,0.9518576460557713,0.5935236137270902,0.9661665005648288,3.749651659632484,12.669386867043675,0.8024403247277361,2.6620047602777523
trial_0019_bite_005_transfer,trial_0019_bite_005,trial_0019,transfer,retrieval,trial_0019,SUCCESS,0.04538241413529297,0.03926273315731556,0.07095719544194147,0.07146657021864981,0.0015891938200957357,0.08332551483296659,0.09415841884831147,0.158211207607512,0.18689298304363372,0.009043482940713124,0.4898974073900738,0.4988154600262852,0.008918052636211371,0.0178784607753365,0.0015891938200957357,1.48,1.27,0.20999999999999996,trial_0014_bite_005_transfer,0.7887489356383659,mouth_proxy,-0.025671774278526495,0.17802205508930852,0.007008132278479073,0.18000001669683555,-0.025899321243000074,0.17792035689599983,0.00857765986799991,0.18000001246571948,0.00022754696447357947,0.00010169819330868579,-0.001569527589520836,0.0015891938200957357,0.5317363167926873,0.770057072243563,2.891511928165722,8.845604277393267,0.718022882347186,4.056608352787578,0.5935236137270902,0.9661665005648288,3.749651659632484,12.669386867043675,0.8024403247277361,2.6620047602777523
trial_0019_bite_005_withdrawal,trial_0019_bite_005,trial_0019,withdrawal,contextual_promp,trial_0019,SUCCESS,0.10992022019515826,0.09560293806911767,0.1454621074520211,0.14728397383970196,0.14728397383970196,0.8599175821015766,1.032761444838015,1.5405409615120702,1.5542419295569465,1.5537620638181073,0.3668663659740293,0.4163766863879879,0.04951032041395864,0.11890752300147746,0.14728397383970196,1.05,1.55,-0.5,,,plate,0.006825664466004688,-0.03470549847990928,-0.20112003406018855,0.2042065851546244,-0.01953787424199993,0.10256338564900014,-0.24753970905699996,0.2686575592938079,0.02636353870800462,-0.13726888412890942,0.046419674996811405,0.14728397383970196,0.4170419933245797,0.6727156963711928,1.8231167030421458,2.6201051106777893,1.4983874454900432,2.8707399300161676,0.5934634011079092,1.358598738056222,5.5272937031567695,12.243179178386193,1.014576725079868,4.361620684060372
trial_0019_bite_005_withdrawal,trial_0019_bite_005,trial_0019,withdrawal,retrieval,trial_0019,SUCCESS,0.09109993718475311,0.0714896016783139,0.1738435996771005,0.17555343252153052,0.09831078984305863,0.44187897198882153,0.5294183725689136,1.0784728651181084,1.2908408804334521,1.2908408804334521,0.5655702812599143,0.4163766863879879,0.14919359487192635,0.3583139972753058,0.09831078984305863,1.05,1.55,-0.5,trial_0015_bite_009_withdrawal,0.8157097593081754,plate,0.05752096972500592,0.042841343102084234,-0.23488176293375174,0.24558803960242587,-0.01953787424199993,0.10256338564900014,-0.24753970905699996,0.2686575592938079,0.07705884396700585,-0.059722042546915904,0.01265794612324822,0.09831078984305863,0.6381420349467904,1.0511559527408976,4.7195022638469535,8.825881639534918,1.9356659252358819,6.5077381987183145,0.5934634011079092,1.358598738056222,5.5272937031567695,12.243179178386193,1.014576725079868,4.361620684060372
trial_0019_bite_006_transfer,trial_0019_bite_006,trial_0019,transfer,contextual_promp,trial_0019,SUCCESS,0.03884839292549655,0.035495568577870194,0.05757016767060669,0.05811393760987096,0.022410821091660777,0.1698547257411585,0.18267882681368006,0.2258872946332616,0.22672608595701266,0.20682773757460302,0.46087011768153185,0.4507548517826898,0.01011526589884204,0.02244072550486631,0.022410821091660777,1.48,1.09,0.3899999999999999,,,mouth_proxy,-0.034117249606004506,0.1809568098293085,-0.01396292117168324,0.1846735414506517,-0.031674357128000034,0.177012266854,0.007962355543999988,0.1800000183946459,-0.0024428924780044714,0.003944542975308496,-0.02192527671568323,0.022410821091660777,0.49520625762783543,0.7059424207561842,1.3775501187860624,1.842095080160736,0.5039411409706733,0.6862796691510592,0.49907056516771403,0.7156462072691121,2.011148147558287,5.667962365412601,0.7360173260270306,2.2013625793335816
trial_0019_bite_006_transfer,trial_0019_bite_006,trial_0019,transfer,retrieval,trial_0019,SUCCESS,0.07687816088603712,0.0637002316932039,0.12898803665422795,0.13026157338623728,0.007624915348955398,0.16199431188798197,0.17402480675861984,0.24775712146784717,0.2623014622983774,0.1429187673643646,0.46474441034822006,0.4507548517826898,0.013989558565530247,0.031035846891504237,0.007624915348955398,1.48,1.09,0.3899999999999999,trial_0017_bite_008_transfer,0.8145172066861812,mouth_proxy,-0.03158247099879518,0.1772073736010366,0.0003404906557160081,0.18000006018569475,-0.031674357128000034,0.177012266854,0.007962355543999988,0.1800000183946459,9.18861292048545e-05,0.0001951067470365997,-0.00762186488828398,0.007624915348955398,0.5316249759200189,0.9059244655116255,3.893735360034974,8.963379082154864,0.6227287883644057,1.4632817794669193,0.49907056516771403,0.7156462072691121,2.011148147558287,5.667962365412601,0.7360173260270306,2.2013625793335816
trial_0019_bite_006_withdrawal,trial_0019_bite_006,trial_0019,withdrawal,contextual_promp,trial_0019,SUCCESS,0.10288862512054883,0.09573635063216078,0.13250702329965808,0.1351286180182288,0.1004613640381322,0.7517833890406425,0.8572914667163812,1.1837400403327225,1.2084540344240857,0.9094845262143829,0.38797800191400694,0.4364830347562882,0.04850503284228125,0.11112696022507312,0.1004613640381322,1.05,1.15,-0.09999999999999987,,,plate,0.023400601151605555,0.05186805184670043,-0.19481903093944433,0.20295895583297796,0.02292429575799998,-0.048592032351000014,-0.19499304405700005,0.20225972454894733,0.000476305393605575,0.10046008419770044,0.0001740131175557158,0.1004613640381322,0.4270481628385425,0.6524713462196509,1.6166653321500646,2.1076592824420857,1.144125316078682,1.6111683284294225,0.5569789270128751,1.1099158813529033,5.1602008430566135,9.619729632194701,2.415484692228692,5.406882005678726
trial_0019_bite_006_withdrawal,trial_0019_bite_006,trial_0019,withdrawal,retrieval,trial_0019,SUCCESS,0.1340272766294234,0.12488884550948313,0.1765781174562788,0.1799120704779333,0.1220136681822765,0.73732536957879,0.8344011818704744,1.191383566848125,1.218017434443301,0.7140173229377983,0.4734135914912309,0.4364830347562882,0.03693055673494272,0.08460937492235643,0.1220136681822765,1.05,1.15,-0.09999999999999987,trial_0015_bite_006_withdrawal,1.0007636190931228,plate,0.06594805914278362,0.061175676332048096,-0.2264150290035038,0.24362958613034064,0.02292429575799998,-0.048592032351000014,-0.19499304405700005,0.20225972454894733,0.04302376338478364,0.10976770868304811,-0.03142198494650375,0.1220136681822765,0.5257044277597525,0.8708916170989197,3.406337231672465,6.099448801052962,1.8851963801143552,4.919271532594083,0.5569789270128751,1.1099158813529033,5.1602008430566135,9.619729632194701,2.415484692228692,5.406882005678726
trial_0019_bite_007_transfer,trial_0019_bite_007,trial_0019,transfer,contextual_promp,trial_0019,SUCCESS,0.04799697624807949,0.04300339480533126,0.06864614326009696,0.06906381818837436,0.04737771684697138,0.307597090294596,0.32717519475071816,0.42216856260554486,0.43656553908926254,0.34855630400618715,0.46532933730286846,0.4379539303278573,0.027375406975011174,0.06250750382470054,0.04737771684697138,1.48,1.18,0.30000000000000004,,,mouth_proxy,-0.009488865097497908,0.17703045548602886,-0.026921924330086278,0.17931706762063743,-0.019421709698000025,0.17789484302300002,0.019394805756999978,0.1799998235335884,0.009932844600502116,-0.0008643875369711562,-0.046316730087086255,0.04737771684697138,0.5040568418752457,0.7477512966193879,1.4908836814883109,2.028856059222732,0.48072090052737465,0.7021789498875045,0.5051132131383895,0.8545799382860403,2.3532696062393175,5.211731384221061,0.9893091469211628,2.8795340770500446
trial_0019_bite_007_transfer,trial_0019_bite_007,trial_0019,transfer,retrieval,trial_0019,SUCCESS,0.06068257369096547,0.05507475513371242,0.09276139600520794,0.0932821586615683,0.04395525993294672,0.32542524827873437,0.34868812282036266,0.5147241509237924,0.5294956571628114,0.296946521397253,0.4791085145641193,0.4379539303278573,0.041154584236262004,0.09397012193828976,0.04395525993294672,1.48,1.18,0.30000000000000004,trial_0017_bite_012_transfer,0.7032798531697112,mouth_proxy,-0.02161676670195031,0.17701020254300465,-0.02449669697124429,0.17999995713739225,-0.019421709698000025,0.17789484302300002,0.019394805756999978,0.1799998235335884,-0.002195057003950285,-0.0008846404799953689,-0.04389150272824427,0.04395525993294672,0.5478804247317522,0.8334614641753972,3.3978707305030977,7.026135582544993,0.6195123105094135,1.9916445495889286,0.5051132131383895,0.8545799382860403,2.3532696062393175,5.211731384221061,0.9893091469211628,2.8795340770500446
trial_0019_bite_007_withdrawal,trial_0019_bite_007,trial_0019,withdrawal,contextual_promp,trial_0019,SUCCESS,0.09117590041613353,0.0859240653814875,0.13008176582995132,0.13358573818416516,0.08095864274283153,0.9257069748168039,1.0114371131794677,1.2908968816011452,1.3024187719633074,0.8975924553353225,0.35029521360462024,0.41917533555147296,0.06888012194685272,0.16432293626301525,0.08095864274283152,1.05,1.07,-0.020000000000000018,,,plate,0.026614024153640198,0.035498609389829405,-0.18092198461923567,0.18628264027768443,-0.002468236242000016,-0.03644490335099995,-0.20400130305699998,0.20724588010226888,0.029082260395640214,0.07194351274082936,0.023079318437764312,0.08095864274283152,0.3786852644299746,0.5607014857489073,1.3806696185305098,2.1512655590360463,1.137396251312526,1.8825914610098937,0.5461209746236101,1.1700863087228113,5.604333676066908,12.606931616981415,2.567319120213719,6.969533641123184
trial_0019_bite_007_withdrawal,trial_0019_bite_007,trial_0019,withdrawal,retrieval,trial_0019,SUCCESS,0.09960760340436431,0.09019716068243797,0.16496826469084713,0.16870413337262297,0.05677222845438817,0.879831569200541,1.0058047685928322,1.5505333653765294,1.5775749873611387,0.4825701997332857,0.3431120282388822,0.41917533555147296,0.07606330731259076,0.18145940579380893,0.05677222845438817,1.05,1.07,-0.020000000000000018,trial_0014_bite_008_withdrawal,0.6847533203241374,plate,0.051447248826019254,-0.027278858172524928,-0.21923908535442066,0.2268407636691563,-0.002468236242000016,-0.03644490335099995,-0.20400130305699998,0.20724588010226888,0.05391548506801927,0.009166045178475024,-0.015237782297420677,0.05677222845438817,0.38011608959294546,0.5571942810222591,2.2301418104063906,4.358531564915909,1.9408456567251968,4.922982814378652,0.5461209746236101,1.1700863087228113,5.604333676066908,12.606931616981415,2.567319120213719,6.969533641123184
trial_0019_bite_008_transfer,trial_0019_bite_008,trial_0019,transfer,contextual_promp,trial_0019,SUCCESS,0.03571959022703182,0.03350224710542681,0.0552882858318791,0.05657253954554183,0.030794215545032068,0.0903607664993353,0.09919615570148871,0.1730856396384315,0.19171637948913273,0.19171637948913273,0.4654616172207466,0.44269395479808005,0.022767662422666535,0.05142980195663895,0.030794215545032068,1.48,1.35,0.1299999999999999,,,mouth_proxy,-0.03557165193632622,0.18270012224901966,-0.014837684862513079,0.18672127351580783,-0.014098629815000013,0.17931144717199987,0.006973090300999907,0.1799999734386736,-0.021473022121326207,0.003388675077019787,-0.021810775163512985,0.030794215545032068,0.4999018092419586,0.7239811681509039,1.4465916386224718,2.059729117370938,0.5382913196707765,0.6797132566806329,0.5710332421922713,1.1515921027366702,3.297532951617066,6.759898180219098,0.722387865783373,1.9992527889866933
trial_0019_bite_008_transfer,trial_0019_bite_008,trial_0019,transfer,retrieval,trial_0019,SUCCESS,0.04991645281164587,0.038158612713739146,0.09139972386358014,0.09302266370372217,0.010930582671843861,0.07975447349020451,0.08617004274216773,0.1092325499861437,0.11395843191908439,0.08510942794284561,0.46032923926758734,0.44269395479808005,0.017635284469507295,0.039836289333453935,0.010930582671843861,1.48,1.35,0.1299999999999999,trial_0017_bite_008_transfer,0.8376238807327027,mouth_proxy,-0.024831355478779932,0.17820248792048188,0.005224820656315243,0.1800000601856946,-0.014098629815000013,0.17931144717199987,0.006973090300999907,0.1799999734386736,-0.010732725663779918,-0.0011089592515179936,-0.0017482696446846635,0.010930582671843861,0.523955248061422,0.8957378706490088,3.8786173042659318,8.857755549323281,0.6227287883644057,1.4632817794669168,0.5710332421922713,1.1515921027366702,3.297532951617066,6.759898180219098,0.722387865783373,1.9992527889866933
trial_0019_bite_008_withdrawal,trial_0019_bite_008,trial_0019,withdrawal,contextual_promp,trial_0019,SUCCESS,0.031545659614148104,0.027800185869431514,0.044700125752969756,0.04575635160351012,0.04409414688915668,0.333168479193228,0.40871331925165805,0.6952782661364757,0.7015897201928014,0.319184272099926,0.31120093544933314,0.3732391032494568,0.06203816780012367,0.16621561690619552,0.04409414688915668,1.05,1.12,-0.07000000000000006,,,plate,0.012133267713637902,-0.03698103367360783,-0.2049702106366149,0.2086326922737604,-0.031034254242000014,-0.028984294351,-0.20908250905700004,0.21335114213182224,0.043167521955637916,-0.007996739322607832,0.00411229842038513,0.04409414688915668,0.33850706046235185,0.5093282232704451,1.557978223572079,2.6263389725109056,1.5457593150827325,2.8629480354220282,0.4377064284383751,0.8723888474318034,4.2878914333528675,9.34942702418791,2.597985212262854,5.986392609795146
trial_0019_bite_008_withdrawal,trial_0019_bite_008,trial_0019,withdrawal,retrieval,trial_0019,SUCCESS,0.10862869053160619,0.08916332913599076,0.17981798561465406,0.18119389917048606,0.10808845253467418,0.7805279366590195,0.9657138606926784,1.5382677120503836,1.5549635425815902,0.8201477994956156,0.5167873937397287,0.3732391032494568,0.1435482904902719,0.3846014237000523,0.10808845253467418,1.05,1.12,-0.07000000000000006,trial_0015_bite_009_withdrawal,0.38789707646209964,plate,0.04288750438195296,0.04450495147937267,-0.23768352163637563,0.24558803960242606,-0.031034254242000014,-0.028984294351,-0.20908250905700004,0.21335114213182224,0.07392175862395298,0.07348924583037267,-0.028601012579375584,0.10808845253467418,0.5835456076078332,0.9631638599373313,4.6693067057625015,8.686001184737215,1.9356659252358812,6.507738198718313,0.4377064284383751,0.8723888474318034,4.2878914333528675,9.34942702418791,2.597985212262854,5.986392609795146
trial_0019_bite_009_transfer,trial_0019_bite_009,trial_0019,transfer,contextual_promp,trial_0019,SUCCESS,0.04640369969944708,0.04155937441807591,0.06883215905975999,0.06975374613250102,0.04718048640466333,0.2093089280854409,0.22692284726943726,0.28463938113075044,0.3088131525277354,0.3088131525277354,0.5379555909215687,0.4973538494764111,0.04060174144515766,0.08163552265233517,0.047180486404663324,1.48,1.32,0.15999999999999992,,,mouth_proxy,-0.027739369065107915,0.17959167607797244,-0.03429998451499622,0.18493007232560804,-0.02043490823400011,0.17841281133999987,0.012296725961999877,0.179999794983658,-0.007304460831107806,0.0011788647379725736,-0.046596710476996095,0.047180486404663324,0.5803687180685815,0.8607293096014447,1.7202972116548896,2.2929056798515415,0.6147651904547395,0.8769729593665687,0.5843005998181561,1.0276595070622199,3.227385622692932,7.171887138035305,0.9326057819158098,2.5683228009649586
trial_0019_bite_009_transfer,trial_0019_bite_009,trial_0019,transfer,retrieval,trial_0019,SUCCESS,0.05420356302542424,0.04709984535632531,0.08668253189132301,0.08729456169370321,0.03218721043683417,0.21330725837797881,0.23473586918451522,0.3597882941197591,0.3642451303425806,0.1810277668700425,0.5334409890026961,0.4973538494764111,0.036087139526285006,0.07255827931014451,0.03218721043683417,1.48,1.32,0.15999999999999992,trial_0017_bite_012_transfer,0.9383509627469468,mouth_proxy,-0.02586685935709977,0.17707205194635295,-0.01940047875623435,0.1799999571373921,-0.02043490823400011,0.17841281133999987,0.012296725961999877,0.179999794983658,-0.00543195112309966,-0.0013407593936469175,-0.03169720471823423,0.03218721043683417,0.6072064301345436,0.9172775837831043,3.475097486905305,7.212826220535929,0.6195123105094134,1.991644549588931,0.5843005998181561,1.0276595070622199,3.227385622692932,7.171887138035305,0.9326057819158098,2.5683228009649586
trial_0019_bite_009_withdrawal,trial_0019_bite_009,trial_0019,withdrawal,contextual_promp,trial_0019,SUCCESS,0.08400645524946643,0.0743666965831055,0.12058124876402607,0.12109787122795962,0.12056236098930669,0.5637630788002226,0.698012470297165,1.0432082986374802,1.0521434715368496,1.0197091286097126,0.3961888572142901,0.4550548179095747,0.0588659606952846,0.12936015262007847,0.1205623609893067,1.05,1.07,-0.020000000000000018,,,plate,0.027815704338097658,0.026672971156312036,-0.1872637633836985,0.1911880693839334,-0.007661962241999998,-0.08830799235099995,-0.194746817057,0.21397039499027598,0.035477666580097655,0.11498096350731199,0.007483053673301515,0.1205623609893067,0.43135258213172784,0.6438339915534349,1.5548041689903542,2.1699471728231376,1.163757299714013,1.9772854869169207,0.5513688186307621,1.1232940019737903,4.541233196714416,9.702406564499686,2.4677204582853536,6.431680368349155
trial_0019_bite_009_withdrawal,trial_0019_bite_009,trial_0019,withdrawal,retrieval,trial_0019,SUCCESS,0.08453078052696421,0.07544352387783755,0.13774624411611475,0.14063879996355522,0.0853658816835985,0.5018450771404965,0.5866027490875542,0.909510232221688,0.9253319423254807,0.6386420997933427,0.38158812838030776,0.4550548179095747,0.07346668952926694,0.16144580089659819,0.0853658816835985,1.05,1.07,-0.020000000000000018,trial_0014_bite_008_withdrawal,1.3110169863212102,plate,0.05520688407693905,-0.03510444987497585,-0.21720177165828258,0.22684076366915626,-0.007661962241999998,-0.08830799235099995,-0.194746817057,0.21397039499027598,0.06286884631893905,0.0532035424760241,-0.02245495460128258,0.0853658816835985,0.4237115009959858,0.6320376583801373,2.299755636386595,4.417558675916039,1.9408456567251968,4.922982814378644,0.5513688186307621,1.1232940019737903,4.541233196714416,9.702406564499686,2.4677204582853536,6.431680368349155
trial_0019_bite_010_transfer,trial_0019_bite_010,trial_0019,transfer,contextual_promp,trial_0019,SUCCESS,0.019882727946792404,0.01809540163316346,0.03199633743331123,0.03289978777979671,0.02837248447791463,0.10189478342221618,0.1085086527426232,0.17119822834458256,0.19144659869552416,0.19144659869552416,0.4914631848969418,0.4891493417991499,0.0023138430977919233,0.004730340818371198,0.02837248447791463,1.48,1.36,0.11999999999999988,,,mouth_proxy,-0.026914545732317188,0.18247931379977245,-0.025997924912186,0.18627663524058102,-0.01411305708700011,0.17944396819699987,-0.0008601755900001784,0.18000015556846738,-0.012801488645317077,0.0030353456027725767,-0.02513774932218582,0.02837248447791463,0.5298636363146167,0.7821084568996327,1.600161626212657,2.294613448193643,0.5648282867041007,0.728980822090292,0.5595647705798095,0.9249656521606624,2.982113462150134,6.400087750952094,0.7146752599659425,1.848186540876627
trial_0019_bite_010_transfer,trial_0019_bite_010,trial_0019,transfer,retrieval,trial_0019,SUCCESS,0.029464923316358263,0.024731439322726236,0.0505948706214518,0.052333292192053876,0.007045235001160605,0.08490867290618781,0.0882478395146877,0.11937852227319463,0.12220744833378144,0.08699321027793365,0.4823480211735623,0.4891493417991499,0.006801320625587581,0.013904384702985615,0.007045235001160605,1.48,1.36,0.11999999999999988,trial_0017_bite_008_transfer,1.0068211994513683,mouth_proxy,-0.015302630488365606,0.17917874822367613,-0.007799189187774169,0.1800000601856946,-0.01411305708700011,0.17944396819699987,-0.0008601755900001784,0.18000015556846738,-0.0011895734013654957,-0.00026521997332373815,-0.006939013597773991,0.007045235001160605,0.5465804765053708,0.9305025877676201,3.895337358757126,9.00011951816384,0.6227287883644057,1.4632817794669168,0.5595647705798095,0.9249656521606624,2.982113462150134,6.400087750952094,0.7146752599659425,1.848186540876627
trial_0019_bite_010_withdrawal,trial_0019_bite_010,trial_0019,withdrawal,contextual_promp,trial_0019,SUCCESS,0.055498153514227676,0.04953846521319318,0.074493429638209,0.075297882989965,0.04526563859985154,0.37661606338975157,0.4458331176420729,0.6308941479588377,0.6402826982766041,0.5569212236190829,0.3275140547120936,0.3967034433618893,0.06918938864979568,0.17441085981872423,0.04526563859985154,1.05,0.98,0.07000000000000006,,,plate,0.01397850281655652,-0.018220491798119243,-0.19651535997530492,0.19785265115378536,0.007694563757999928,-0.06300309435099999,-0.19451319705700001,0.20460689147377772,0.006283939058556592,0.044782602552880746,-0.002002162918304906,0.04526563859985154,0.3543395911538159,0.5201742347125101,1.4852761539729233,2.3939723882217123,1.4037692577715866,2.552330954739833,0.48711836272941733,0.9146845986318256,4.6980865487138415,11.971959152665812,2.18251993168637,6.256993861919511
trial_0019_bite_010_withdrawal,trial_0019_bite_010,trial_0019,withdrawal,retrieval,trial_0019,SUCCESS,0.13300192529649318,0.11720681714393884,0.19583483937680243,0.19789510721948017,0.11500821435978198,0.7759575047106473,0.9282815717291214,1.3853479739660766,1.4090156392382125,1.1346832247162384,0.5181020405100143,0.3967034433618893,0.12139859714812501,0.3060185112569849,0.11500821435978198,1.05,0.98,0.07000000000000006,trial_0015_bite_009_withdrawal,0.930042622201702,plate,0.03966854653639493,0.03795307240893239,-0.23937304757673744,0.2455880396024261,0.007694563757999928,-0.06300309435099999,-0.19451319705700001,0.20460689147377772,0.031973982778395,0.10095616675993238,-0.044859850519737426,0.11500821435978198,0.5853695306318277,0.9612609842468186,4.671478154094449,8.704599922321782,1.9356659252358812,6.507738198718312,0.48711836272941733,0.9146845986318256,4.6980865487138415,11.971959152665812,2.18251993168637,6.256993861919511
trial_0019_bite_011_transfer,trial_0019_bite_011,trial_0019,transfer,contextual_promp,trial_0019,SUCCESS,0.06235471011524398,0.05352011551734765,0.09406300332112401,0.09526259782015785,0.029949436059486526,0.10810444588679405,0.1261560888160672,0.1989325051049426,0.20635195681007906,0.16742475651444885,0.4656034643684625,0.473584984346763,0.007981519978300489,0.016853405918918138,0.029949436059486526,1.48,1.97,-0.49,,,mouth_proxy,-0.04107644523758398,0.18609176246707537,-0.009604830005958132,0.19081318395462613,-0.01516151976800005,0.17932002000499997,0.0037940080859999448,0.17999982153776065,-0.025914925469583933,0.006771742462075403,-0.013398838091958076,0.029949436059486526,0.5036045304675172,0.7376076352704954,1.5215100482807595,2.184494871450161,0.5341419530474268,0.6932950277041524,0.576384186864112,1.0979549068548429,4.877128782803934,10.035075117461426,0.959503603814639,2.6164656169841267
trial_0019_bite_011_transfer,trial_0019_bite_011,trial_0019,transfer,retrieval,trial_0019,SUCCESS,0.05295971332626701,0.04728905304036719,0.07639178344247682,0.07722042960783583,0.016750088931928944,0.12165638671918794,0.13792157846726996,0.2089520069627901,0.2194745467433479,0.1879031136499009,0.45504364976982026,0.473584984346763,0.018541334576942736,0.03915101869734665,0.016750088931928944,1.48,1.97,-0.49,trial_0013_bite_007_transfer,1.2437739328561186,mouth_proxy,-0.027989298870091203,0.17722970083635753,0.01436018659616567,0.17999995185794015,-0.01516151976800005,0.17932002000499997,0.0037940080859999448,0.17999982153776065,-0.012827779102091152,-0.0020903191686424405,0.010566178510165725,0.016750088931928944,0.479445393417971,0.6428067667434585,1.6998716945815349,4.591168269752015,0.5089024151481124,1.2598409610541024,0.576384186864112,1.0979549068548429,4.877128782803934,10.035075117461426,0.959503603814639,2.6164656169841267
trial_0019_bite_011_withdrawal,trial_0019_bite_011,trial_0019,withdrawal,contextual_promp,trial_0019,SUCCESS,0.04236158574126282,0.03490387791361991,0.06830491983435909,0.06924964695623184,0.06924964695623184,0.2821009111158257,0.3344147878058753,0.45765896677522305,0.4980578687752578,0.4980578687752578,0.3186852635854956,0.40140790768476026,0.08272264409926466,0.2060812518029158,0.06924964695623183,1.05,1.03,0.020000000000000018,,,plate,0.009875475229824182,-0.05285026747975294,-0.20003324138488932,0.2071327435309099,-0.058573001242,-0.06332197935099995,-0.20084744205699995,0.2185867437066204,0.06844847647182419,0.010471711871247014,0.0008142006721106321,0.06924964695623184,0.34808337778977505,0.5160595050392938,1.6007555141360938,2.633025274662354,1.5862512743256543,3.124128841807626,0.4679008269686268,0.8859463236393162,4.403003257011604,11.266824558721629,1.8407648533858794,6.343215903938648
trial_0019_bite_011_withdrawal,trial_0019_bite_011,trial_0019,withdrawal,retrieval,trial_0019,SUCCESS,0.11828147698522248,0.10080371234719154,0.17939989842309306,0.17997177760156063,0.1532508553401533,0.7091110846535277,0.8399282872201341,1.164875653766253,1.1812922938139865,1.1081460821127551,0.5233731294791535,0.40140790768476026,0.12196522179439323,0.30384359515452497,0.1532508553401533,1.05,1.03,0.020000000000000018,trial_0015_bite_009_withdrawal,0.7022832245037761,plate,0.045969051536287664,0.04258539369831041,-0.23745908224402953,0.24558803960242598,-0.058573001242,-0.06332197935099995,-0.20084744205699995,0.2185867437066204,0.10454205277828767,0.10590737304931036,-0.03661164018702959,0.1532508553401533,0.5913438894411598,0.9680076992455572,4.6719655795136665,8.720908321034633,1.9356659252358819,6.507738198718308,0.4679008269686268,0.8859463236393162,4.403003257011604,11.266824558721629,1.8407648533858794,6.343215903938648
trial_0019_bite_012_transfer,trial_0019_bite_012,trial_0019,transfer,contextual_promp,trial_0019,SUCCESS,0.06087995263239268,0.054050272639268246,0.09425962771910215,0.09511936649815228,0.041710264169883736,0.17679225796609158,0.18591322551251774,0.2628274387119876,0.2804208407067539,0.2804208407067539,0.45102483212827466,0.41424864932504285,0.036776182803231805,0.08877803913942309,0.04171026416988374,1.48,1.15,0.33000000000000007,,,mouth_proxy,-0.022803851885170957,0.18130664855911627,-0.02125705624408314,0.18396733110175792,-0.011522715002999959,0.17864315463800007,0.01881023575199997,0.17999992952527116,-0.011281136882170998,0.0026634939211162,-0.04006729199608311,0.041710264169883736,0.48568562321025055,0.7114528064023812,1.3851309810443218,1.942732274603231,0.49819487772105475,0.6406296170309217,0.4937898051319712,0.8206656900511863,2.1828386209002737,6.139418548453621,0.6367569774905367,2.2970683652721897
trial_0019_bite_012_transfer,trial_0019_bite_012,trial_0019,transfer,retrieval,trial_0019,SUCCESS,0.07464875213240284,0.06557419600857849,0.12105014793636046,0.12176044472506078,0.04578286640366496,0.16516695963931,0.18094148931444132,0.2887538832390902,0.307447196754191,0.307447196754191,0.5047527742949033,0.41424864932504285,0.09050412496986043,0.21847777926934359,0.04578286640366496,1.48,1.15,0.33000000000000007,trial_0017_bite_015_transfer,0.7770605485131432,mouth_proxy,-0.002658659337606931,0.1780773766996756,-0.026102783169256627,0.17999993291913427,-0.011522715002999959,0.17864315463800007,0.01881023575199997,0.17999992952527116,0.008864055665393028,-0.0005657779383244632,-0.0449130189212566,0.04578286640366496,0.549137346205527,0.8949381235451718,7.461290119368607,29.836090025765294,0.9366356666246576,3.453481878570039,0.4937898051319712,0.8206656900511863,2.1828386209002737,6.139418548453621,0.6367569774905367,2.2970683652721897
trial_0019_bite_012_withdrawal,trial_0019_bite_012,trial_0019,withdrawal,contextual_promp,trial_0019,SUCCESS,0.0942946310203449,0.07399466987266777,0.1727638859569205,0.17555155868391675,0.016543975444185396,0.28392413659392507,0.3208745801656089,0.49485035840932756,0.5019655202178693,0.4181794821898138,0.3239996665271834,0.5119588249976722,0.18795915847048877,0.36713725653883084,0.016543975444185396,1.05,1.12,-0.07000000000000006,,,plate,0.007405713761028915,-0.029239610671484867,-0.20954432871311657,0.21170409803393261,0.014173737757999932,-0.04081437135099997,-0.199852998057,0.20446987206720976,-0.006768023996971018,0.0115747606795151,-0.009691330656116576,0.016543975444185396,0.35362934568533816,0.5586518120520891,1.6281600159098686,2.748774004345752,1.5375210740085874,2.71936382018487,0.5959115099599573,1.1051254596366182,4.750846073622178,9.936008322635818,1.8448835438922757,3.9072199978055875
trial_0019_bite_012_withdrawal,trial_0019_bite_012,trial_0019,withdrawal,retrieval,trial_0019,SUCCESS,0.12084195309727191,0.10853068713571361,0.1741600131615441,0.1768136102373258,0.10924722992902094,0.4549443859723913,0.5729723327973459,1.0245442819321418,1.085958712316778,1.085958712316778,0.5289694748066665,0.5119588249976722,0.01701064980899425,0.033226597488717174,0.10924722992902094,1.05,1.12,-0.07000000000000006,trial_0015_bite_009_withdrawal,1.0606427373976488,plate,0.03589293782472683,0.0601867021940756,-0.2353778729810317,0.24558803960242595,0.014173737757999932,-0.04081437135099997,-0.199852998057,0.20446987206720976,0.021719200066726896,0.10100107354507556,-0.035524874924031696,0.10924722992902094,0.5983699561763156,1.003683237842475,4.702027288532163,8.716383475840075,1.9356659252358812,6.507738198718305,0.5959115099599573,1.1051254596366182,4.750846073622178,9.936008322635818,1.8448835438922757,3.9072199978055875
trial_0019_bite_013_transfer,trial_0019_bite_013,trial_0019,transfer,contextual_promp,trial_0019,SUCCESS,0.049262702123361514,0.04102620147019567,0.08262185993080919,0.08317347058720448,0.025566182407753657,0.059806783765569825,0.07080109426165782,0.1457572787203511,0.17030030525095416,0.17030030525095416,0.4500978987569148,0.4385519843928265,0.011545914364088306,0.026327356333989867,0.025566182407753657,1.48,1.39,0.09000000000000008,,,mouth_proxy,-0.04475057784284936,0.1784219362266582,-0.009805734760773177,0.18420953823930303,-0.024580006938000023,0.17821606698699993,0.0059020776309999246,0.17999993831595978,-0.020170570904849337,0.00020586923965826287,-0.0157078123917731,0.025566182407753657,0.4819381677969707,0.6832644337236385,1.3151575883663196,1.753598695470292,0.523498803113129,0.7437900874177727,0.5313943721238287,0.8945503869210228,3.041594181328728,6.804331633451972,0.6269227315984705,1.6881394027542076
trial_0019_bite_013_transfer,trial_0019_bite_013,trial_0019,transfer,retrieval,trial_0019,SUCCESS,0.08618987061209582,0.07003836388796864,0.1483216715289643,0.15035284053694964,0.018279799592113895,0.06384184148542438,0.06978889022533868,0.1150188661402479,0.11957526295251245,0.11957526295251245,0.45849878645445813,0.4385519843928265,0.01994680206163163,0.04548332414741641,0.018279799592113895,1.48,1.39,0.09000000000000008,trial_0017_bite_008_transfer,0.9561052196492048,mouth_proxy,-0.04106673742463782,0.1752470985110282,-0.0014139333844033208,0.18000006018569467,-0.024580006938000023,0.17821606698699993,0.0059020776309999246,0.17999993831595978,-0.016486730486637794,-0.0029689684759717228,-0.007316011015403245,0.018279799592113902,0.5207680076916236,0.894483247711363,3.868599577090362,8.96536934605376,0.6227287883644056,1.4632817794669175,0.5313943721238287,0.8945503869210228,3.041594181328728,6.804331633451972,0.6269227315984705,1.6881394027542076
trial_0019_bite_013_withdrawal,trial_0019_bite_013,trial_0019,withdrawal,contextual_promp,trial_0019,SUCCESS,0.07861232008881237,0.06774435456473794,0.11037759846135664,0.11193011722528662,0.0662203818684898,0.19829354442470373,0.22579738417545836,0.3226936610347719,0.3579501260163294,0.3579501260163294,0.32923611259024416,0.4949894810092736,0.16575336841902943,0.3348624057243836,0.06622038186848982,1.05,1.12,-0.07000000000000006,,,plate,0.007686087322784502,-0.011448085074214187,-0.19499643345403508,0.19548335901041256,0.050048521758000036,-0.062219054351,-0.191408704057,0.20739661820597244,-0.042362434435215535,0.050770969276785816,-0.003587729397035083,0.06622038186848982,0.356395110685623,0.5271497256768312,1.48383404301457,2.3689899443047158,1.3845990605455842,2.472761719121324,0.5982204386225038,1.0904581378075147,5.551826579648353,12.652167893398634,1.9193871742434099,5.365767638628484
trial_0019_bite_013_withdrawal,trial_0019_bite_013,trial_0019,withdrawal,retrieval,trial_0019,SUCCESS,0.08584894996719455,0.07198184528813668,0.14216294566050855,0.1435788319765786,0.03164195321202439,0.19049540685109745,0.2396997687151274,0.454988205390102,0.46198771639003244,0.16794807939906417,0.3398317746230341,0.4949894810092736,0.1551577063862395,0.31345657299600804,0.03164195321202439,1.05,1.12,-0.07000000000000006,trial_0014_bite_008_withdrawal,0.9924774943841844,plate,0.047409005113133784,-0.04431005000099719,-0.21736084690002927,0.2268407636691562,0.050048521758000036,-0.062219054351,-0.191408704057,0.20739661820597244,-0.002639516644866252,0.01790900435000281,-0.02595214284302927,0.03164195321202439,0.3756808937467164,0.5285505416526828,2.222062955130302,4.319095937109791,1.9408456567251968,4.922982814378646,0.5982204386225038,1.0904581378075147,5.551826579648353,12.652167893398634,1.9193871742434099,5.365767638628484
trial_0019_bite_014_transfer,trial_0019_bite_014,trial_0019,transfer,contextual_promp,trial_0019,SUCCESS,0.03820988010859811,0.035385696671052326,0.055719915043438886,0.056246464866021605,0.017769601574960645,0.10688251388230936,0.11369733900589217,0.1483836400853588,0.15265871986111273,0.14359718676661534,0.39917350699487525,0.41029276473178783,0.01111925773691258,0.02710078922347398,0.017769601574960645,1.48,1.77,-0.29000000000000004,,,mouth_proxy,-0.04338149270981755,0.1792620870197832,-0.002785382963872818,0.18445760518524495,-0.025834677472999966,0.1781361939659999,-0.00021626249000000763,0.17999994702857788,-0.017546815236817587,0.0011258930537833,-0.00256912047387281,0.017769601574960645,0.4310199566418002,0.5804662994921073,1.2424531937544607,2.324058824748788,0.4388174247926237,0.6639744257263188,0.49481413703833593,0.8786182160502537,3.5927819859551797,9.591090288508129,0.6663562155549585,1.6117408289601376
trial_0019_bite_014_transfer,trial_0019_bite_014,trial_0019,transfer,retrieval,trial_0019,SUCCESS,0.046228152913375904,0.042885727264813406,0.06564232831127717,0.06633027077682548,0.019932722997296478,0.1597297546438333,0.17574384656193653,0.2300005150159418,0.23854265156351404,0.13005855258003465,0.3889811732089195,0.41029276473178783,0.021311591522868323,0.05194240151127185,0.019932722997296478,1.48,1.77,-0.29000000000000004,trial_0014_bite_021_transfer,1.62824055203651,mouth_proxy,-0.012622427251468012,0.17895513696523724,0.014686060232803333,0.1799998530030704,-0.025834677472999966,0.1781361939659999,-0.00021626249000000763,0.17999994702857788,0.013212250221531954,0.0008189429992373487,0.01490232272280334,0.019932722997296478,0.4193693932701765,0.6643992868064055,2.776027748657536,6.12826909079148,0.5210931545057386,1.154518635989998,0.49481413703833593,0.8786182160502537,3.5927819859551797,9.591090288508129,0.6663562155549585,1.6117408289601376
trial_0019_bite_014_withdrawal,trial_0019_bite_014,trial_0019,withdrawal,contextual_promp,trial_0019,SUCCESS,0.11882099627489341,0.09445142742704019,0.20119536941114757,0.20247608284857838,0.20244702643979434,0.3995367226365061,0.4819123971822547,0.7694673385814152,0.7803559044015491,0.7740105842660545,0.35923771206282296,0.4885758103855085,0.12933809832268556,0.26472472761316596,0.20244702643979434,1.05,1.14,-0.08999999999999986,,,plate,0.025307205404661637,0.010507882070249608,-0.17840383899237378,0.18049598332985925,0.03792979475799996,-0.191453771351,-0.18448325505700003,0.2685652384269623,-0.01262258935333832,0.2019616534212496,0.006079416064626253,0.20244702643979434,0.3923680660473759,0.5877532488806892,1.479890655849208,2.2346172865257814,1.1821775578397793,2.20219201218995,0.5342043076105758,0.7885276654576585,4.863718066162629,11.909738582937855,2.22711788111809,5.300791493732339
trial_0019_bite_014_withdrawal,trial_0019_bite_014,trial_0019,withdrawal,retrieval,trial_0019,SUCCESS,0.10665068394135721,0.09786230528785245,0.14246166326602927,0.1461770963559893,0.1461770963559893,0.39406544529479215,0.448529528516504,0.6697476186234627,0.7005362447104412,0.39972645071747387,0.3551239178466576,0.4885758103855085,0.13345189253885092,0.2731446987388739,0.1461770963559893,1.05,1.14,-0.08999999999999986,trial_0014_bite_008_withdrawal,1.102356898900038,plate,0.06476495439350965,-0.05032256668370444,-0.21149437823917858,0.22684076366915623,0.03792979475799996,-0.191453771351,-0.18448325505700003,0.2685652384269623,0.026835159635509698,0.14113120466729556,-0.027011123182178548,0.1461770963559893,0.39252070434737324,0.557257351062712,2.248315755852382,4.33464905500413,1.9408456567251968,4.922982814378654,0.5342043076105758,0.7885276654576585,4.863718066162629,11.909738582937855,2.22711788111809,5.300791493732339
trial_0019_bite_015_transfer,trial_0019_bite_015,trial_0019,transfer,contextual_promp,trial_0019,SUCCESS,0.07007606738374503,0.05851018175697869,0.11662502507876978,0.11766551540001376,0.03581255855248273,0.09912249381541857,0.1109963960348742,0.20493138562456575,0.22365787582691316,0.22365787582691316,0.45843594960633266,0.43407835915919496,0.0243575904471377,0.05611334896841687,0.03581255855248273,1.48,1.29,0.18999999999999995,,,mouth_proxy,-0.03067426725488075,0.1827469765969394,-0.01715809074816338,0.18609612624949604,-0.012109147651000091,0.17910263796099996,0.013249054465999832,0.17999978840450276,-0.01856511960388066,0.003644338635939437,-0.03040714521416321,0.03581255855248273,0.49218536963996584,0.7097559453256371,1.3804652372380823,1.8411176721195512,0.5306842065978893,0.7106907268420171,0.5491502304841366,0.9706065814826482,2.834934177069666,6.557128378092565,0.6502750861495893,1.4378020248874983
trial_0019_bite_015_transfer,trial_0019_bite_015,trial_0019,transfer,retrieval,trial_0019,SUCCESS,0.10326730632537984,0.08270588676294172,0.17906323123097123,0.1813622329893396,0.020394716890553905,0.07642038396408597,0.08597815851128739,0.13412234552855817,0.14102482526453877,0.11415210265210929,0.46146446269780406,0.43407835915919496,0.027386103538609097,0.06309023004891486,0.020394716890553905,1.48,1.29,0.18999999999999995,trial_0017_bite_008_transfer,0.7879389857957406,mouth_proxy,-0.021724392522750508,0.17862165575812838,-0.004730383768345614,0.18000006018569462,-0.012109147651000091,0.17910263796099996,0.013249054465999832,0.17999978840450276,-0.009615244871750417,-0.00048098220287157156,-0.017979438234345446,0.020394716890553905,0.5243936428878591,0.8978330640232004,3.8757067391679265,8.916807143631361,0.6227287883644057,1.4632817794669184,0.5491502304841366,0.9706065814826482,2.834934177069666,6.557128378092565,0.6502750861495893,1.4378020248874983
trial_0019_bite_015_withdrawal,trial_0019_bite_015,trial_0019,withdrawal,contextual_promp,trial_0019,SUCCESS,0.10705907594256321,0.09004130915248265,0.15598346672684607,0.15813991365629673,0.13460071405020618,0.47031773764887125,0.5474098508561572,0.7895782793303473,0.8563666979578366,0.8563666979578366,0.33725336681630036,0.43011817372550515,0.09286480690920479,0.2159053315623666,0.13460071405020618,1.05,1.05,0.0,,,plate,0.029885132973102302,0.0054397686995524275,-0.1866389894573256,0.18909475043473928,0.02218738875800008,0.09413206464900015,-0.0856846750569999,0.1292090916097077,0.00769774421510222,-0.08869229594944772,-0.10095431440032569,0.13460071405020618,0.3642047866969475,0.538179263833348,1.397226930713999,2.304485333361031,1.2616686563413446,2.294021556367564,0.5415949954774686,1.0099934896606522,3.4755652963113177,9.56918366820336,0.8842616051311584,2.375645212208838
trial_0019_bite_015_withdrawal,trial_0019_bite_015,trial_0019,withdrawal,retrieval,trial_0019,SUCCESS,0.1412744411176599,0.12088960342974092,0.19123585740948298,0.1922211878439907,0.18943069907971027,0.5002758527405246,0.6637270738700536,1.1503088980432272,1.1640199036303955,1.1461655455879964,0.3458866176353869,0.43011817372550515,0.08423155609011823,0.1958335202638369,0.1894306990797103,1.05,1.05,0.0,trial_0014_bite_008_withdrawal,1.0073534636620247,plate,0.060312630831167086,-0.038725680819490294,-0.2152195164693395,0.22684076366915623,0.02218738875800008,0.09413206464900015,-0.0856846750569999,0.1292090916097077,0.038125242073167004,-0.13285774546849044,-0.12953484141233962,0.1894306990797103,0.38291870611983986,0.5571973735686729,2.233971402025934,4.355695058388663,1.9408456567251968,4.9229828143786465,0.5415949954774686,1.0099934896606522,3.4755652963113177,9.56918366820336,0.8842616051311584,2.375645212208838
trial_0019_bite_016_transfer,trial_0019_bite_016,trial_0019,transfer,contextual_promp,trial_0019,SUCCESS,0.04263757116507968,0.036803349702496255,0.06853868750552773,0.06907764636714023,0.031090269377322188,0.12214626540143801,0.13198632194493518,0.20117676722545327,0.21296082658215545,0.21224647915815062,0.43660313356070896,0.41685334988087874,0.019749783679830213,0.047378253492442776,0.031090269377322188,1.48,1.5,-0.020000000000000018,,,mouth_proxy,-0.018580944887629007,0.18023485524518845,-0.02503888700826734,0.182912001850026,-0.01739950859700006,0.17905630596599992,0.006006564829999839,0.17999995118517073,-0.0011814362906289455,0.0011785492791885344,-0.03104545183826718,0.031090269377322188,0.46845491545187085,0.6687686345131761,1.2715882145809905,1.6918962414486955,0.49383451665697825,0.7151407467621693,0.5066833912094275,0.899121840657419,3.3285364402950504,12.84311254820261,0.6954917030719181,3.0792890265659874
trial_0019_bite_016_transfer,trial_0019_bite_016,trial_0019,transfer,retrieval,trial_0019,SUCCESS,0.06898911434091268,0.059074410833309124,0.1078336122226869,0.10861779411579468,0.018179222419822203,0.14093382941089425,0.14967875883349213,0.19868815099372528,0.2013365922609944,0.11079038354320765,0.40046939145800103,0.41685334988087874,0.01638395842287771,0.03930389051103857,0.018179222419822203,1.48,1.5,-0.020000000000000018,trial_0014_bite_011_transfer,0.8351156855523991,mouth_proxy,-0.0007312961602938192,0.17951012625703328,0.01324872397611393,0.17999985808295887,-0.01739950859700006,0.17905630596599992,0.006006564829999839,0.17999995118517073,0.016668212436706242,0.00045382029103335775,0.007242159146114091,0.018179222419822203,0.46553183193160413,0.7562681032340377,2.2915318032274268,6.690394796167596,0.5260302613776485,1.714121540331233,0.5066833912094275,0.899121840657419,3.3285364402950504,12.84311254820261,0.6954917030719181,3.0792890265659874
trial_0019_bite_016_withdrawal,trial_0019_bite_016,trial_0019,withdrawal,contextual_promp,trial_0019,SUCCESS,0.08068580497288728,0.07213810784892818,0.12665760803977189,0.12953154039522344,0.09560660575607854,0.19511208948923253,0.22262065982902973,0.38539694873098884,0.4151704475016688,0.37594475318035586,0.31879503203229903,0.47050646475797336,0.15171143272567433,0.3224428229773933,0.09560660575607854,1.05,0.98,0.07000000000000006,,,plate,0.02156583622729219,-0.02039862752403379,-0.19069856555766812,0.1929951610864866,0.0326807267580001,-0.11461205935099997,-0.20256918205699992,0.23502814207951817,-0.01111489053070791,0.09421343182696618,0.011870616499331799,0.09560660575607854,0.34786683818154995,0.5290373800614362,1.459996046740157,2.43002919317181,1.3966424809198477,2.6300790887319416,0.5252627371900171,0.9434962504397099,4.1193735474272195,9.748056629657986,2.1923976305578763,4.0203062542132715
trial_0019_bite_016_withdrawal,trial_0019_bite_016,trial_0019,withdrawal,retrieval,trial_0019,SUCCESS,0.08719223100483631,0.0784439037558686,0.12891015638961037,0.13351180948764663,0.13351180948764663,0.20932785438684492,0.23456699523477162,0.3754122564960293,0.3973856478963919,0.3735701411199226,0.33001377015538885,0.47050646475797336,0.1404926946025845,0.2985988612820727,0.13351180948764663,1.05,0.98,0.07000000000000006,trial_0014_bite_013_withdrawal,0.9726834757573783,plate,0.03790788365381731,0.008958880929531898,-0.25285141372622266,0.2558341388751124,0.0326807267580001,-0.11461205935099997,-0.20256918205699992,0.23502814207951817,0.005227156895817209,0.12357094028053187,-0.05028223166922274,0.13351180948764663,0.3957806712734767,0.6793892225317337,2.90009920351807,5.892210069471321,1.6852510407508376,3.821616360908263,0.5252627371900171,0.9434962504397099,4.1193735474272195,9.748056629657986,2.1923976305578763,4.0203062542132715
trial_0019_bite_017_transfer,trial_0019_bite_017,trial_0019,transfer,contextual_promp,trial_0019,SUCCESS,0.05054521744022174,0.04216349194604947,0.0850500938620833,0.0857522444343755,0.02750118793461495,0.1017924596037891,0.11570606624906168,0.19121238485575995,0.20539555518468644,0.20539555518468644,0.45802027266054873,0.4416493415110238,0.016370931149524925,0.03706771325304081,0.02750118793461495,1.48,1.34,0.1399999999999999,,,mouth_proxy,-0.021736138135567167,0.1805703408432725,-0.022765212799256918,0.18329310572713725,-0.01257485389600006,0.17953261184199987,0.003144424932999934,0.17999992520408226,-0.009161284239567108,0.001037729001272636,-0.02590963773225685,0.02750118793461495,0.4916043085353452,0.701812064883777,1.3329730956936323,1.8546332263661611,0.5331416824351933,0.8183270016692368,0.5357531336049591,0.8673874254778148,3.030903853989978,8.011881601287916,0.6393785815602953,1.8883405264174147
trial_0019_bite_017_transfer,trial_0019_bite_017,trial_0019,transfer,retrieval,trial_0019,SUCCESS,0.07762107142999448,0.06482150735160044,0.12395853104515557,0.12470444956289922,0.023168638905869274,0.12452149767771815,0.13135589965498792,0.18427608899053383,0.18822646651930386,0.131959817138108,0.47294876222650634,0.4416493415110238,0.03129942071548253,0.07086939291791354,0.023168638905869274,1.48,1.34,0.1399999999999999,trial_0017_bite_012_transfer,0.967090134201825,mouth_proxy,-0.02857674322148949,0.1772074969820865,-0.013448320700365168,0.17999995713739214,-0.01257485389600006,0.17953261184199987,0.003144424932999934,0.17999992520408226,-0.016001889325489432,-0.0023251148599133797,-0.016592745633365102,0.023168638905869274,0.5401102980385503,0.8394786190780071,3.3830899238849095,7.0477101442805035,0.6195123105094136,1.9916445495889292,0.5357531336049591,0.8673874254778148,3.030903853989978,8.011881601287916,0.6393785815602953,1.8883405264174147
trial_0019_bite_017_withdrawal,trial_0019_bite_017,trial_0019,withdrawal,contextual_promp,trial_0019,SUCCESS,0.03828461454457169,0.034121858550836735,0.06269559485428682,0.06437819075126469,0.0414568027470074,0.32744296762378344,0.38861766760891636,0.6282248297821373,0.6352939116887096,0.24339557507350038,0.33548462362263326,0.4376526844050058,0.10216806078237256,0.2334455252371439,0.0414568027470074,1.05,1.05,0.0,,,plate,0.014936639371086996,-0.030321827229191217,-0.19925063043022065,0.20209732835705474,0.026345274758000053,-0.06967567035099997,-0.20555813105699994,0.21863878380695062,-0.011408635386913057,0.03935384312180876,0.006307500626779289,0.0414568027470074,0.36550993063404724,0.5428779057725289,1.5722578123166673,2.4387884017886154,1.46758251198014,2.689937154817123,0.5322329062674002,0.9998289098576932,4.0651881163550705,8.435998735519792,2.0058336832163555,4.601907921729545
trial_0019_bite_017_withdrawal,trial_0019_bite_017,trial_0019,withdrawal,retrieval,trial_0019,SUCCESS,0.08206811996811615,0.06941270122199344,0.12894467621168118,0.12965665860827916,0.11082424153769434,0.3593909778826697,0.4472360687155749,0.7889454679976298,0.7995721832894386,0.7990903270814614,0.5255987913882232,0.4376526844050058,0.08794610698321736,0.20094954313551436,0.11082424153769434,1.05,1.05,0.0,trial_0015_bite_009_withdrawal,0.6740522059122145,plate,0.04857444488888443,0.03382650370105403,-0.23834801477432546,0.245588039602426,0.026345274758000053,-0.06967567035099997,-0.20555813105699994,0.21863878380695062,0.02222917013088438,0.103502174052054,-0.032789883717325524,0.11082424153769434,0.5942828430876246,0.973105092310478,4.680600071882208,8.73932301462923,1.9356659252358819,6.507738198718312,0.5322329062674002,0.9998289098576932,4.0651881163550705,8.435998735519792,2.0058336832163555,4.601907921729545
trial_0019_bite_018_transfer,trial_0019_bite_018,trial_0019,transfer,contextual_promp,trial_0019,SUCCESS,0.02064701029112144,0.019101475611506713,0.026721443358294798,0.030672282216308133,0.030672282216308133,0.09473467024404689,0.10672202225079921,0.17428150330271577,0.18960318528139614,0.18948355892227603,0.4026496966767295,0.3867202540108812,0.01592944266584828,0.04119112588656934,0.03067228221630813,1.48,1.32,0.15999999999999992,,,mouth_proxy,-0.031090651491693613,0.181152937984711,-0.025923200250745737,0.18562065580616494,-0.01175846320800003,0.17960264725499997,-0.00216079315100004,0.1800001149584612,-0.019332188283693583,0.0015502907297110236,-0.023762407099745697,0.03067228221630813,0.4304618707257336,0.6225292453038666,1.1911486118395265,1.7069380758902388,0.4938791704676577,0.6539533060216969,0.4156638000895476,0.6086321581241558,2.3518997472321606,5.455812472161314,0.609813882367237,1.4052417941276376
trial_0019_bite_018_transfer,trial_0019_bite_018,trial_0019,transfer,retrieval,trial_0019,SUCCESS,0.048173315959422064,0.042531479868010626,0.08125511868278988,0.08366877092616316,0.020953929544174587,0.11696172203343742,0.12324703347623465,0.16592668005613564,0.17171567783004646,0.12296988183072395,0.3638428300051532,0.3867202540108812,0.02287742400572801,0.059157553214381944,0.020953929544174587,1.48,1.32,0.15999999999999992,trial_0014_bite_011_transfer,1.6991214393286707,mouth_proxy,-0.0013995276147568264,0.1792773532506537,0.01605057144718447,0.1799998580829588,-0.01175846320800003,0.17960264725499997,-0.00216079315100004,0.1800001149584612,0.010358935593243204,-0.0003252940043462771,0.01821136459818451,0.020953929544174587,0.4216705881179712,0.691899691129268,2.2258312943561434,6.666530804327182,0.5260302613776484,1.7141215403312318,0.4156638000895476,0.6086321581241558,2.3518997472321606,5.455812472161314,0.609813882367237,1.4052417941276376
trial_0019_bite_018_withdrawal,trial_0019_bite_018,trial_0019,withdrawal,contextual_promp,trial_0019,SUCCESS,0.04034241818749555,0.03447831505560685,0.06537737171906566,0.06630168687718543,0.06485500613874899,0.17236071893829757,0.19190454583240077,0.2837866955153319,0.2923364971157115,0.27771406733898657,0.2940671498514835,0.3858643531954739,0.09179720334399039,0.23790019104845145,0.06485500613874898,1.05,1.1,-0.050000000000000044,,,plate,0.03777905718391161,-0.009267751593726475,-0.19036477277273156,0.19429846909876053,0.04812507975800007,-0.07288152135099996,-0.19760493405699994,0.2160450171140761,-0.010346022574088454,0.06361376975727348,0.007240161284268382,0.06485500613874899,0.3124654254774975,0.44053179581884083,1.3653014827739343,2.370863206775425,1.3742145092614615,2.487223262159609,0.4417225820602406,0.7380429355587494,4.022446046731799,10.190566115966089,2.0270190399840704,4.806222945567844
trial_0019_bite_018_withdrawal,trial_0019_bite_018,trial_0019,withdrawal,retrieval,trial_0019,SUCCESS,0.09107014347994428,0.07858413182440072,0.13298205111411468,0.13399918223750304,0.12308959285200462,0.2949347077285563,0.36081114963441097,0.6600623333484218,0.7250289218593156,0.7250289218593156,0.40909520712633224,0.3858643531954739,0.02323085393085833,0.060204716342610376,0.1230895928520046,1.05,1.1,-0.050000000000000044,trial_0015_bite_006_withdrawal,1.1820246783553456,plate,0.08695922552203322,0.040929958108950726,-0.22387096029599,0.24362958613034055,0.04812507975800007,-0.07288152135099996,-0.19760493405699994,0.2160450171140761,0.03883414576403316,0.11381147945995068,-0.026266026238990048,0.1230895928520046,0.4490895855216647,0.7293643508355352,3.315175044605336,5.983660087133688,1.8851963801143552,4.919271532594085,0.4417225820602406,0.7380429355587494,4.022446046731799,10.190566115966089,2.0270190399840704,4.806222945567844
trial_0019_bite_019_transfer,trial_0019_bite_019,trial_0019,transfer,contextual_promp,trial_0019,SUCCESS,0.02940842294042597,0.025069649202856627,0.0502811183809499,0.0504918640993514,0.017405055719477154,0.08109783223723116,0.087724933109501,0.13486418408524461,0.13872293413793868,0.10320929774749074,0.38551415455008936,0.3905279636369786,0.005013809086889254,0.012838540523950594,0.017405055719477154,1.48,1.42,0.06000000000000005,,,mouth_proxy,-0.006149086731529543,0.17601377975758128,-0.022417730818903636,0.17754215439509294,0.004499627801999931,0.17971061308499992,-0.009155971255000006,0.1799999525426756,-0.010648714533529474,-0.0036968333274186305,-0.01326175956390363,0.017405055719477154,0.4153140379390209,0.5959808429107354,1.1526753873926345,1.7290628262832048,0.40456318809862346,0.7779762648532407,0.4528554364492427,0.7595590799321266,3.159219155140984,7.148297214919761,0.7576811553301053,2.1855343075025577
trial_0019_bite_019_transfer,trial_0019_bite_019,trial_0019,transfer,retrieval,trial_0019,SUCCESS,0.05746631216545335,0.04917161409676327,0.08625337394872024,0.08646440582040947,0.011626210671622525,0.10470514930419768,0.11156245480331654,0.1622458362651596,0.17258237721565384,0.07918581386237421,0.36073167019261065,0.3905279636369786,0.02979629344436796,0.07629746450644843,0.011626210671622525,1.48,1.42,0.06000000000000005,trial_0014_bite_011_transfer,0.9704979691488993,mouth_proxy,-0.0016255474368826323,0.17999107023782554,0.0007219003102390542,0.17999985808295885,0.004499627801999931,0.17971061308499992,-0.009155971255000006,0.1799999525426756,-0.006125175238882563,0.000280457152825625,0.00987787156523906,0.011626210671622525,0.423429717457569,0.708975572516386,2.226327621175619,6.672724698001607,0.5260302613776484,1.7141215403312329,0.4528554364492427,0.7595590799321266,3.159219155140984,7.148297214919761,0.7576811553301053,2.1855343075025577
trial_0019_bite_019_withdrawal,trial_0019_bite_019,trial_0019,withdrawal,contextual_promp,trial_0019,SUCCESS,0.03588360594698825,0.0303404567389193,0.055168997588933136,0.055673893100533244,0.0506903686810078,0.12007296565115808,0.1289934641960032,0.17355280411556562,0.17768534462068775,0.16790293239307696,0.2818998565516278,0.3224276624046459,0.04052780585301807,0.1256958089475455,0.0506903686810078,1.05,0.96,0.09000000000000008,,,plate,0.0036516867742626136,-0.10122790155230435,-0.19600063034391665,0.22062789933322804,0.04435729175799996,-0.071021230351,-0.19564818905700002,0.21281399947831853,-0.04070560498373735,-0.030206671201304353,-0.00035244128691663823,0.0506903686810078,0.3043463921150793,0.4350242131994788,1.6593365987486102,3.2053915338073646,1.7990997344723956,3.589223019430341,0.38342267036864724,0.6111688728543735,3.76618868271297,7.782778419473083,1.956947572276882,4.245544174511329
trial_0019_bite_019_withdrawal,trial_0019_bite_019,trial_0019,withdrawal,retrieval,trial_0019,SUCCESS,0.050548616403415056,0.04158973353729086,0.07710479232494546,0.07903636488573297,0.07903636488573297,0.13379231068931102,0.15220666208261086,0.23958079359040851,0.24754104184675385,0.13597842493535994,0.3498151956208116,0.3224276624046459,0.027387533216165716,0.08494163624768161,0.07903636488573297,1.05,0.96,0.09000000000000008,trial_0020_bite_018_withdrawal,1.3220424098529349,plate,0.018169922273334138,-0.14549745770474892,-0.19187191933980327,0.24148393260236628,0.04435729175799996,-0.071021230351,-0.19564818905700002,0.21281399947831853,-0.026187369484665823,-0.07447622735374892,0.003776269717196745,0.07903636488573297,0.39902848596504065,0.6858746056849028,3.5926721883909876,7.593690485330734,1.9001455664390796,5.721071208099589,0.38342267036864724,0.6111688728543735,3.76618868271297,7.782778419473083,1.956947572276882,4.245544174511329
trial_0019_bite_020_transfer,trial_0019_bite_020,trial_0019,transfer,contextual_promp,trial_0019,SUCCESS,0.018038149650163163,0.016834198763672304,0.028703148198314078,0.030874243270127038,0.030874243270127038,0.0682176956383748,0.07991992390069569,0.1660712969986828,0.1842631020714574,0.1842631020714574,0.37741666857621925,0.36387931326802836,0.01353735530819089,0.0372028714317691,0.030874243270127038,1.48,1.84,-0.3600000000000001,,,mouth_proxy,-0.012297146150713742,0.1783516622860823,-0.026765586458277146,0.18076761840029942,0.0017053710020000223,0.17999043257700004,0.000701900554999968,0.17999987992745764,-0.014002517152713764,-0.001638770290917746,-0.027467487013277114,0.030874243270127038,0.405658039989546,0.563605339114334,1.0516398469565502,1.5715009688744015,0.4300713953446514,0.8051890509119372,0.42684393200666737,0.6738907757787821,2.753452316316775,6.16347018612684,0.5763887779810877,1.4379324041604746
trial_0019_bite_020_transfer,trial_0019_bite_020,trial_0019,transfer,retrieval,trial_0019,SUCCESS,0.020801336887837724,0.019318412861182934,0.028985991681735344,0.029238445700035125,0.005405655743000509,0.11149825112942764,0.1179135620379233,0.16918367682169044,0.17273249147465936,0.13317527294608697,0.34862717958224354,0.36387931326802836,0.015252133685784819,0.04191536350006881,0.00540565574300051,1.48,1.84,-0.3600000000000001,trial_0014_bite_008_transfer,0.9782813930386122,mouth_proxy,0.00663813381270574,0.17985401896750808,0.0029087889509770704,0.1799999833678922,0.0017053710020000223,0.17999043257700004,0.000701900554999968,0.17999987992745764,0.004932762810705718,-0.0001364136094919588,0.0022068883959771024,0.00540565574300051,0.3859773095484904,0.6010167111538355,1.3632956589745269,3.445299279778435,0.4737622593983869,1.4106898048439127,0.42684393200666737,0.6738907757787821,2.753452316316775,6.16347018612684,0.5763887779810877,1.4379324041604746
trial_0019_bite_020_withdrawal,trial_0019_bite_020,trial_0019,withdrawal,contextual_promp,trial_0019,SUCCESS,0.07452542056855405,0.06056946596324973,0.13903568674404815,0.14183718767873518,0.042189058145679255,0.5404505883609135,0.6431948627482479,0.9996974731009207,1.0145953284479252,0.4290724571421541,0.27263849491371844,0.4450733192311088,0.17243482431739038,0.38743015334031256,0.042189058145679255,1.05,1.34,-0.29000000000000004,,,plate,0.020891774572730892,-0.07957800881526123,-0.20067501414185962,0.21688611535235527,-0.0019234202419999846,-0.04432296835099997,-0.20473280105699998,0.20948447412043741,0.022815194814730877,-0.035255040464261256,0.00405778691514036,0.042189058145679255,0.2967533413184364,0.44057209236603806,1.5814505536405705,3.045678714663277,1.711103755885026,3.377663495483045,0.5473006985088823,1.0380942131590336,5.400911218137356,13.12116183764104,1.9047851396048292,4.382369051895211
trial_0019_bite_020_withdrawal,trial_0019_bite_020,trial_0019,withdrawal,retrieval,trial_0019,SUCCESS,0.10622215370319157,0.08982820253719512,0.1780278774483924,0.18068253434920184,0.0838270264389589,0.8132970507776579,0.9858891881825529,1.4785298656798813,1.4901562116019478,0.633228336652676,0.34119928928177845,0.4450733192311088,0.10387402994933037,0.23338633312996399,0.0838270264389589,1.05,1.34,-0.29000000000000004,trial_0020_bite_013_withdrawal,0.9533181479474311,plate,-0.014592498424479627,-0.12388178375665149,-0.18156256776396648,0.2202830074473361,-0.0019234202419999846,-0.04432296835099997,-0.20473280105699998,0.20948447412043741,-0.012669078182479643,-0.07955881540565152,0.0231702332930335,0.0838270264389589,0.43192955929975513,0.9609117672636955,5.832903379251494,15.128720293912211,2.479947357955126,7.616389365916844,0.5473006985088823,1.0380942131590336,5.400911218137356,13.12116183764104,1.9047851396048292,4.382369051895211
trial_0019_bite_021_transfer,trial_0019_bite_021,trial_0019,transfer,contextual_promp,trial_0019,SUCCESS,0.05259766244186664,0.047063880108298366,0.08102205223212502,0.08152876309449054,0.04629867336720887,0.27530993920559965,0.28746038069827695,0.35402004430787953,0.36127558899714274,0.3393299196801583,0.4477591500805615,0.4220422601335529,0.025716889947008603,0.060934395382279107,0.0462986733672089,1.48,1.77,-0.29000000000000004,,,mouth_proxy,-0.01274369470729371,0.18286510672036488,-0.03278403168849464,0.1862171897124306,-0.009152193256000044,0.1792791342009999,0.01323562795800004,0.17999986791300124,-0.003591501451293666,0.0035859725193649883,-0.04601965964649468,0.04629867336720887,0.47937014048588056,0.684317696313769,1.2918965240699818,1.75648649296309,0.5341743416869245,0.7079661450048338,0.5154923998123665,0.9635183007062462,3.716339558924656,10.42889873382325,0.9270296689708425,3.236384341918668
trial_0019_bite_021_transfer,trial_0019_bite_021,trial_0019,transfer,retrieval,trial_0019,SUCCESS,0.08277269074212067,0.06853528285855082,0.13938508617670986,0.14121434737060504,0.03133929193708674,0.26187248349537506,0.27653730613461347,0.3927335843953649,0.3966456364756452,0.23575689050663723,0.4549183210203117,0.4220422601335529,0.03287606088675882,0.0778975566957569,0.031339291937086775,1.48,1.77,-0.29000000000000004,trial_0017_bite_008_transfer,0.9872784543807918,mouth_proxy,-0.008054393338227148,0.17890830386751405,-0.018082234985091317,0.1800000601856946,-0.009152193256000044,0.1792791342009999,0.01323562795800004,0.17999986791300124,0.0010977999177728959,-0.0003708303334858387,-0.03131786294309136,0.03133929193708675,0.5164414442360381,0.8869979485895133,3.8663124375845075,8.944226672962381,0.6227287883644057,1.4632817794669193,0.5154923998123665,0.9635183007062462,3.716339558924656,10.42889873382325,0.9270296689708425,3.236384341918668
trial_0019_bite_021_withdrawal,trial_0019_bite_021,trial_0019,withdrawal,contextual_promp,trial_0019,SUCCESS,0.06673649079043269,0.05344463470153493,0.1258503527447104,0.12851728238261667,0.08091905240511137,0.3704470247113023,0.423799491865551,0.649060390633987,0.6538858880228166,0.4132292576671876,0.32344242994559946,0.5251052829623427,0.20166285301674325,0.38404270450123285,0.08091905240511137,1.05,1.15,-0.09999999999999987,,,plate,0.02063052095856402,-0.02922671638351007,-0.20520812385580062,0.20830312873790804,-0.019570642241999975,-0.09924376135099999,-0.21062780405699996,0.23365873843435123,0.040201163200563994,0.07001704496748992,0.005419680201199345,0.08091905240511137,0.3491538565105792,0.5284332903585465,1.5606655524377568,2.7220692992014635,1.4918065293882392,2.688487298561176,0.6122374583142585,1.1267336758956765,5.214290616386893,10.265890828592445,2.0912083084492554,4.472608751121948
trial_0019_bite_021_withdrawal,trial_0019_bite_021,trial_0019,withdrawal,retrieval,trial_0019,SUCCESS,0.10192240426766465,0.08593787580924617,0.1676401740760757,0.16916400288916977,0.16438887876698824,0.39388764113034735,0.5064008370613076,0.981532144856161,1.0349726125697924,1.0349726125697924,0.5275350255290967,0.5251052829623427,0.0024297425667539896,0.00462715315497642,0.16438887876698824,1.05,1.15,-0.09999999999999987,trial_0015_bite_009_withdrawal,0.7444851477620773,plate,0.042512034596046244,0.05075734114650593,-0.2364950410262434,0.24558803960242603,-0.019570642241999975,-0.09924376135099999,-0.21062780405699996,0.23365873843435123,0.06208267683804622,0.15000110249750592,-0.02586723696924345,0.16438887876698824,0.5971505339110025,1.0004551443046579,4.705469539216296,8.723077579574731,1.9356659252358812,6.507738198718306,0.6122374583142585,1.1267336758956765,5.214290616386893,10.265890828592445,2.0912083084492554,4.472608751121948
trial_0019_bite_022_transfer,trial_0019_bite_022,trial_0019,transfer,contextual_promp,trial_0019,SUCCESS,0.03008007843815624,0.026322240415565107,0.04852981565536077,0.04910519201949663,0.029885102876161328,0.08791417308101578,0.09855213180342946,0.18070952914688032,0.2051029717168993,0.2051029717168993,0.4087456954983225,0.39588565237205886,0.012860043126263654,0.03248423641829183,0.029885102876161328,1.48,1.39,0.09000000000000008,,,mouth_proxy,-0.02082934345553343,0.1856133417591625,-0.026813632186369785,0.1886932565271429,-0.005792422834000027,0.17989931851699992,-0.0016271213020000452,0.17999990135802924,-0.015036920621533403,0.00571402324216258,-0.02518651088436974,0.029885102876161328,0.4366514273349355,0.6177490057107171,1.1690224031263523,1.636813625418813,0.5123370041766647,0.6532163090081263,0.4533050752946357,0.7312062242176731,1.9812828283105732,4.3318256008822695,0.5248576988749172,1.2957399304234805
trial_0019_bite_022_transfer,trial_0019_bite_022,trial_0019,transfer,retrieval,trial_0019,SUCCESS,0.04749464090566861,0.040636218351056665,0.07980368214310912,0.08038134153702078,0.027153276720606405,0.06422048095618199,0.07149283541846824,0.13440418700702786,0.16026142674217847,0.16026142674217847,0.468196472054952,0.39588565237205886,0.07231081968289316,0.18265582308836603,0.027153276720606405,1.48,1.39,0.09000000000000008,trial_0017_bite_015_transfer,1.636922959960617,mouth_proxy,0.005655103687334698,0.17799670318281147,-0.026175738943310822,0.17999993291913402,-0.005792422834000027,0.17989931851699992,-0.0016271213020000452,0.17999990135802924,0.011447526521334725,-0.001902615334188451,-0.024548617641310777,0.027153276720606405,0.5109024618382714,0.863731879836069,7.43437716545616,29.64793076399939,0.9366356666246577,3.453481878570039,0.4533050752946357,0.7312062242176731,1.9812828283105732,4.3318256008822695,0.5248576988749172,1.2957399304234805
trial_0019_bite_022_withdrawal,trial_0019_bite_022,trial_0019,withdrawal,contextual_promp,trial_0019,SUCCESS,0.08466053445744919,0.07207535270234003,0.1290657971974577,0.13150694922906717,0.10275243143085648,0.46574689016476944,0.531746167389955,0.7453740859078564,0.7665245293012154,0.5195993756071696,0.32561506286614356,0.4378569111835879,0.11224184831744433,0.25634367175806144,0.10275243143085647,1.05,1.07,-0.020000000000000018,,,plate,0.03132203829648725,-0.0014631676191849685,-0.19186068217948105,0.19440610152179968,0.023830524758000043,0.10073287864900005,-0.1994703810569999,0.22472970357783273,0.0074915135384872045,-0.10219604626818501,0.007609698877518861,0.10275243143085647,0.3494732706060082,0.509559921660726,1.416485398840045,2.3152746376647215,1.3056688924019946,2.216036255767434,0.5056634298546343,0.848648875848218,3.675523322279758,9.57883363838888,1.3724915046662174,3.792900302600992
trial_0019_bite_022_withdrawal,trial_0019_bite_022,trial_0019,withdrawal,retrieval,trial_0019,SUCCESS,0.12148335735504263,0.0988002959775257,0.1766672174631658,0.17907546205276556,0.1590134725946134,0.4680034682413302,0.6145651785075144,1.0833596349772476,1.1044559030925585,0.7311651888460292,0.3260786388772214,0.4378569111835879,0.1117782723063665,0.2552849331627868,0.1590134725946134,1.05,1.07,-0.020000000000000018,trial_0014_bite_008_withdrawal,0.720164736017964,plate,0.05919687700842252,-0.05376792815990125,-0.2122768751320957,0.22684076366915615,0.023830524758000043,0.10073287864900005,-0.1994703810569999,0.22472970357783273,0.03536635225042248,-0.1545008068089013,-0.012806494075095792,0.1590134725946134,0.36043625610472463,0.5056223183990615,2.198774526817839,4.312846706242673,1.9408456567251968,4.9229828143786545,0.5056634298546343,0.848648875848218,3.675523322279758,9.57883363838888,1.3724915046662174,3.792900302600992
trial_0019_bite_023_transfer,trial_0019_bite_023,trial_0019,transfer,contextual_promp,trial_0019,SUCCESS,0.04113919308749461,0.03741454290954205,0.05855513780752944,0.059017060049319905,0.043892848239456994,0.21571632792853557,0.22744587765671362,0.2874316314418491,0.2952773950419022,0.29517505183726195,0.44015933434054716,0.41441790880518703,0.02574142553536013,0.062114655251206505,0.043892848239456994,1.48,1.39,0.09000000000000008,,,mouth_proxy,-0.015188269766896006,0.18097833460331336,-0.02749387518636165,0.18368384334792237,-0.026462864585000034,0.1774296665909999,0.014777540611999873,0.1799998485976495,0.011274594818104028,0.0035486680123134606,-0.04227141579836152,0.043892848239456994,0.47144898999517754,0.6490189213911196,1.25448451033222,1.9656834965925405,0.4979703030271114,0.7483808408834282,0.46897888051116426,0.7130844805719472,2.149426666190572,6.9401222615370175,0.6963992552615281,1.7085497922498165
trial_0019_bite_023_transfer,trial_0019_bite_023,trial_0019,transfer,retrieval,trial_0019,SUCCESS,0.025829654972301018,0.02353643597921171,0.033234862916070446,0.03342125213792259,0.029416624217445207,0.15481725048824838,0.16224435684402494,0.20713357169336633,0.20979133762028912,0.16519922171850435,0.4060075383881926,0.41441790880518703,0.00841037041699444,0.02029441835957928,0.029416624217445207,1.48,1.39,0.09000000000000008,trial_0014_bite_008_transfer,0.9387917433877325,mouth_proxy,0.002125125952428659,0.17868720334559934,0.02159539795086396,0.1799999833678921,-0.026462864585000034,0.1774296665909999,0.014777540611999873,0.1799998485976495,0.028587990537428692,0.001257536754599442,0.006817857338864086,0.029416624217445207,0.44468287711829635,0.6753122429833377,1.529805118540888,3.7620249484096306,0.4737622593983869,1.410689804843912,0.46897888051116426,0.7130844805719472,2.149426666190572,6.9401222615370175,0.6963992552615281,1.7085497922498165
trial_0019_bite_023_withdrawal,trial_0019_bite_023,trial_0019,withdrawal,contextual_promp,trial_0019,SUCCESS,0.04100206667519686,0.03684742983045799,0.062029984661698304,0.06259115072057513,0.04493618082571304,0.31495593331361615,0.3606757567957927,0.5651108186257628,0.5968110309568327,0.4374493661932186,0.3451131920154283,0.45396493492767226,0.10885174291224398,0.2397800678803237,0.04493618082571304,1.05,1.12,-0.07000000000000006,,,plate,0.029584845665759946,-0.009523566047156817,-0.1967182933143695,0.1991583498822977,0.015565640758000043,-0.05204042935099995,-0.19284033305699994,0.2003444272066937,0.014019204907759902,0.04251686330384313,-0.003877960257369556,0.04493618082571304,0.38439822113555766,0.6205917950859324,1.605616755027612,2.3857124360155995,1.3808092673012422,2.4156083678444054,0.5606074960557125,1.1247585740574169,5.0592053558311365,12.562731595732414,2.0765262476770383,5.598796241627547
trial_0019_bite_023_withdrawal,trial_0019_bite_023,trial_0019,withdrawal,retrieval,trial_0019,SUCCESS,0.08002631949816465,0.0725302821756225,0.12479880839082676,0.12739997519120813,0.09763619818129382,0.3442244117260626,0.3922089960941852,0.6438685527166936,0.6870758176238364,0.39237979723668326,0.3468430620983378,0.45396493492767226,0.10712187282933444,0.23596948704067106,0.09763619818129382,1.05,1.12,-0.07000000000000006,trial_0014_bite_013_withdrawal,1.0657480992908708,plate,0.0481011659554077,0.01972350917316562,-0.2504962427534527,0.25583413887511247,0.015565640758000043,-0.05204042935099995,-0.19284033305699994,0.2003444272066937,0.032535525197407655,0.07176393852416557,-0.05765590969645279,0.09763619818129382,0.42699255073968706,0.7322730036775438,2.9444943466906173,6.1439351711090495,1.6852510407508376,3.8216163609082603,0.5606074960557125,1.1247585740574169,5.0592053558311365,12.562731595732414,2.0765262476770383,5.598796241627547
trial_0019_bite_024_transfer,trial_0019_bite_024,trial_0019,transfer,contextual_promp,trial_0019,SUCCESS,0.04627685532072431,0.04029163719293652,0.07536483074734592,0.07672279319048675,0.033429075266027626,0.10891001999064522,0.1151176238401983,0.17743844794324984,0.2078999086567351,0.2078999086567351,0.4370953978606971,0.41973848226319355,0.017356915597503575,0.041351737643678964,0.033429075266027626,1.48,1.5,-0.020000000000000018,,,mouth_proxy,-0.04430727199579429,0.18859919130496394,-0.011715105388037106,0.1940876941149245,-0.023150573115000017,0.178104831232,0.01194426003599991,0.17999984803199068,-0.021156698880794272,0.010494360072963949,-0.023659365424037015,0.033429075266027626,0.4637529147609641,0.6334663294603149,1.2471326379431023,1.8549011446174102,0.5763536255354031,0.7545928196563307,0.49449861759629254,0.8565741318550879,2.72006150403754,6.927556341936656,0.6935831675437082,1.5261119561145287
trial_0019_bite_024_transfer,trial_0019_bite_024,trial_0019,transfer,retrieval,trial_0019,SUCCESS,0.06493994490150976,0.053446505050587984,0.1119514064770443,0.11297410785500754,0.011715428689750132,0.07093004919068276,0.07422175859315842,0.10102346609958478,0.1124522158881852,0.1124522158881852,0.4890565977105868,0.41973848226319355,0.06931811544739325,0.16514596201338502,0.011715428689750132,1.48,1.5,-0.020000000000000018,trial_0017_bite_015_transfer,1.486315189761074,mouth_proxy,-0.013074990163399025,0.1794203207425138,0.006113017894075423,0.17999993291913416,-0.023150573115000017,0.178104831232,0.01194426003599991,0.17999984803199068,0.010075582951600992,0.001315489510513801,-0.005831242141924486,0.011715428689750132,0.5344099803410546,0.8889293888713964,7.46691080256143,29.61536577288792,0.9366356666246578,3.4534818785700376,0.49449861759629254,0.8565741318550879,2.72006150403754,6.927556341936656,0.6935831675437082,1.5261119561145287
trial_0019_bite_024_withdrawal,trial_0019_bite_024,trial_0019,withdrawal,contextual_promp,trial_0019,SUCCESS,0.05524514285229294,0.046695002738096444,0.09065166130719224,0.09249965738982918,0.09249965738982918,0.5124388020407217,0.647976397472195,1.0575420902612396,1.0696652470121228,1.0544949065332958,0.3156663065053605,0.4037586369510419,0.08809233044568143,0.21818067128149915,0.09249965738982918,1.05,1.12,-0.07000000000000006,,,plate,0.007135004207939499,-0.026093198962550884,-0.18589823114754198,0.18785610360308108,-0.029267274241999985,-0.10924384135099996,-0.20370360705699997,0.2329934542915563,0.036402278449939485,0.08315064238844908,0.017805375909457993,0.09249965738982918,0.3416081355554314,0.5215500137711523,1.4329176779199304,2.6759254857680217,1.3818289275613518,2.692347399148507,0.4573558706702353,0.8233908627645635,3.937162988902787,7.695080245115385,2.8505648183005303,6.112090794513713
trial_0019_bite_024_withdrawal,trial_0019_bite_024,trial_0019,withdrawal,retrieval,trial_0019,SUCCESS,0.07278710802001599,0.06566709361055971,0.10665733330350956,0.11165945609638082,0.11165945609638082,0.5409943408556293,0.6426605776609163,0.9082207849657861,0.9233776376182614,0.9189025103828923,0.3413645504788982,0.4037586369510419,0.06239408647214373,0.1545331313363567,0.11165945609638082,1.05,1.12,-0.07000000000000006,trial_0014_bite_008_withdrawal,1.1213962426568997,plate,0.047030326338167366,-0.029355264347718235,-0.21996169876050475,0.2268407636691562,-0.029267274241999985,-0.10924384135099996,-0.20370360705699997,0.2329934542915563,0.07629760058016735,0.07988857700328172,-0.016258091703504784,0.11165945609638082,0.3780218501085196,0.5503358318371109,2.2275185223338245,4.349341850921082,1.9408456567251968,4.922982814378646,0.4573558706702353,0.8233908627645635,3.937162988902787,7.695080245115385,2.8505648183005303,6.112090794513713
trial_0019_bite_025_transfer,trial_0019_bite_025,trial_0019,transfer,contextual_promp,trial_0019,SUCCESS,0.03544914227276534,0.033090835555301665,0.04928163732364114,0.04952694378684533,0.03639835362808192,0.1582858813667904,0.16933066814842423,0.26070723411423086,0.2758189704999639,0.2758189704999639,0.4763005955596639,0.4865705327675781,0.010269937207914193,0.021106780037622768,0.03639835362808192,1.48,2.83,-1.35,,,mouth_proxy,-0.03036803043630558,0.1866500488800792,-0.029806482478693996,0.19143898353592725,-0.020984456703999996,0.17871703878999995,0.004455100113999966,0.1799999313723596,-0.009383573732305583,0.00793301009007924,-0.03426158259269396,0.03639835362808192,0.5098259384237253,0.7319417843836215,1.4224681994610757,1.9836653937919195,0.5904100826952478,0.7564273725567541,0.5638417755982273,1.1460199266747322,4.886875897316643,15.14678945698657,0.8091408597184626,1.9462349584970167
trial_0019_bite_025_transfer,trial_0019_bite_025,trial_0019,transfer,retrieval,trial_0019,SUCCESS,0.05152243349418963,0.04727337296939016,0.07485379813104709,0.07793000368888697,0.034604598942871115,0.12406358388546103,0.1344945990581623,0.22911874148937028,0.23557100003680884,0.2317920878693652,0.5225932856463672,0.4865705327675781,0.03602275287878909,0.07403397956282776,0.034604598942871115,1.48,2.83,-1.35,trial_0017_bite_015_transfer,0.9380363448728459,mouth_proxy,0.0015134427701083003,0.17866391083677458,-0.02183786405268273,0.17999993291913413,-0.020984456703999996,0.17871703878999995,0.004455100113999966,0.1799999313723596,0.022497899474108296,-5.312795322537367e-05,-0.026292964166682697,0.034604598942871115,0.5666601808925577,0.9236765173708261,7.481732431994649,29.94257957577158,0.9366356666246577,3.4534818785700407,0.5638417755982273,1.1460199266747322,4.886875897316643,15.14678945698657,0.8091408597184626,1.9462349584970167
trial_0019_bite_025_withdrawal,trial_0019_bite_025,trial_0019,withdrawal,contextual_promp,trial_0019,SUCCESS,0.09853844963419116,0.09052982531008437,0.12159360601614284,0.12248560412944162,0.1207315284178461,0.3898116149886764,0.4220352535448883,0.5748975057203146,0.5932854449384252,0.5932854449384252,0.3718395692713603,0.4870075595261235,0.11516799025476321,0.23648090877034014,0.1207315284178461,1.05,1.07,-0.020000000000000018,,,plate,0.02217899868358983,0.032908040490174706,-0.153554121788297,0.1585992289693894,0.04691532875800003,0.13317069864900005,-0.09101121405699993,0.16798370199297033,-0.0247363300744102,-0.10026265815882535,-0.06254290773129707,0.12073152841784608,0.410550252678235,0.6493108819590202,1.554484935683884,2.5004683967375776,0.992878281715999,2.130742880696608,0.5859362275702358,0.996931908138852,3.5465767088963323,9.637941487408437,1.3990230849397174,5.885650168785185
trial_0019_bite_025_withdrawal,trial_0019_bite_025,trial_0019,withdrawal,retrieval,trial_0019,SUCCESS,0.17125958722546,0.15270281315291662,0.2286485784390048,0.2291586208716886,0.2291586208716886,0.6725560720638183,0.7829732780636636,1.1123772522122175,1.1180072404046448,1.1180072404046448,0.3130767480645405,0.4870075595261235,0.173930811461583,0.3571419130142952,0.2291586208716886,1.05,1.07,-0.020000000000000018,trial_0014_bite_010_withdrawal,1.9368634187588651,plate,-0.0020864412343399863,-0.05929595866835108,-0.2053313167446613,0.2137318731203177,0.04691532875800003,0.13317069864900005,-0.09101121405699993,0.16798370199297033,-0.049001769992340016,-0.19246665731735113,-0.11432010268766137,0.2291586208716886,0.3585878106391525,0.504318800196887,2.304946840150184,4.171200633438894,1.6757162041986964,4.212462227060345,0.5859362275702358,0.996931908138852,3.5465767088963323,9.637941487408437,1.3990230849397174,5.885650168785185
trial_0019_bite_026_transfer,trial_0019_bite_026,trial_0019,transfer,contextual_promp,trial_0019,SUCCESS,0.04448790696247704,0.0383695319853621,0.07033509086182654,0.07109870186883496,0.027344372344178407,0.09442983669601125,0.11271394962103871,0.18760748707469305,0.21324670261660794,0.21324670261660794,0.45423800241042656,0.44120271993632815,0.013035282474098409,0.02954488239777757,0.027344372344178407,1.48,1.48,0.0,,,mouth_proxy,-0.020945757135776302,0.18340389840673282,-0.02459055634316476,0.1862267707770407,-0.026389105341999994,0.17804724684299988,0.0016656989729999516,0.1799999487283037,0.0054433482062236915,0.005356651563732939,-0.02625625531616471,0.027344372344178407,0.4858715672443937,0.6786437029902157,1.3240482147177026,1.8819722909635435,0.5437500231005429,0.7763373737941184,0.5195020292657891,0.8278502354414428,2.591924851650553,5.774457059089271,0.609758125637392,1.3736558335942612
trial_0019_bite_026_transfer,trial_0019_bite_026,trial_0019,transfer,retrieval,trial_0019,SUCCESS,0.08365182902240277,0.06939290032495085,0.1403707546017256,0.14237538948980558,0.019405171287515014,0.08435130687769893,0.0908218243272909,0.11845857627820268,0.123197272995038,0.12240497381166607,0.46089833824728943,0.44120271993632815,0.019695618310961283,0.04464074544645518,0.019405171287515014,1.48,1.48,0.0,trial_0017_bite_008_transfer,1.17275590017668,mouth_proxy,-0.015167592002768335,0.17880101380013325,-0.0141479073977675,0.18000006018569462,-0.026389105341999994,0.17804724684299988,0.0016656989729999516,0.1799999487283037,0.011221513339231659,0.0007537669571333616,-0.015813606370767452,0.019405171287515014,0.5237207345432886,0.8983211110909622,3.8724690964328956,8.949108742081197,0.6227287883644056,1.4632817794669184,0.5195020292657891,0.8278502354414428,2.591924851650553,5.774457059089271,0.609758125637392,1.3736558335942612
trial_0019_bite_026_withdrawal,trial_0019_bite_026,trial_0019,withdrawal,contextual_promp,trial_0019,SUCCESS,0.1258583625911174,0.1029968846760957,0.18069930100467949,0.18139219612579505,0.14676938872801001,0.7552177500011361,0.9033274100532978,1.323082711137746,1.3281393021584507,1.1069725340023684,0.35780840831873756,0.5060951669544905,0.14828675863575297,0.293001728366806,0.14676938872801,1.05,1.19,-0.1399999999999999,,,plate,0.01865085119233878,-0.03410239375667362,-0.15339047535037542,0.1582386344681605,0.03590192575800005,0.07287957364900005,-0.0544030390569999,0.0977756165259541,-0.017251074565661273,-0.10698196740567367,-0.09898743629337553,0.14676938872801,0.39940471223695134,0.6501831420407949,1.7962900634866963,2.85063674805576,1.264478183933389,2.9554487312612814,0.637108100227895,1.2205054868814593,3.9110313934178724,9.46607489630855,0.9450806703487623,2.589188450758179
trial_0019_bite_026_withdrawal,trial_0019_bite_026,trial_0019,withdrawal,retrieval,trial_0019,SUCCESS,0.1747378075851643,0.1481295026831988,0.2363167934764172,0.2368420940491512,0.20645416049874127,1.054919995473775,1.196187600063528,1.6092003071205752,1.6138062134940008,1.380633381653252,0.3168498589904082,0.5060951669544905,0.18924530796408234,0.37393225685773007,0.20645416049874127,1.05,1.19,-0.1399999999999999,trial_0014_bite_010_withdrawal,2.02274599765853,plate,0.01737464836233288,-0.07172479452386821,-0.20058661229582037,0.2137318731203177,0.03590192575800005,0.07287957364900005,-0.0544030390569999,0.0977756165259541,-0.018527277395667174,-0.14460436817286826,-0.14618357323882047,0.20645416049874127,0.36093589157867617,0.49635906981189143,2.3103986268051746,4.171200633438732,1.6757162041986962,4.21246222706035,0.637108100227895,1.2205054868814593,3.9110313934178724,9.46607489630855,0.9450806703487623,2.589188450758179
trial_0020_bite_001_transfer,trial_0020_bite_001,trial_0020,transfer,contextual_promp,trial_0020,SUCCESS,0.03944871694264627,0.03582334047897725,0.0592642201815471,0.06059675166590486,0.02035120125694038,0.19420377757685586,0.201037266003578,0.23901604543322424,0.24772287778021956,0.24772287778021956,0.336683241280069,0.34510468515221066,0.008421443872141665,0.024402577636485383,0.020351201256940385,1.45,1.25,0.19999999999999996,,,mouth_proxy,-0.05319770523254521,0.1612400832014867,0.024839363352102795,0.17159648669063393,-0.07029310367200003,0.16507293807799994,0.014484269518999893,0.17999997048067753,0.017095398439454824,-0.0038328548765132475,0.010355093833102902,0.020351201256940378,0.381136140630973,0.6083707191129799,1.2475866628417709,2.083629966311143,0.3640499545296968,0.9724775679137515,0.40604682580057344,0.6800405015539542,2.1781263301065352,5.821115146050275,0.643859218865552,2.388308741724467
trial_0020_bite_001_transfer,trial_0020_bite_001,trial_0020,transfer,retrieval,trial_0020,SUCCESS,0.025748084503702577,0.024330215581051324,0.034277202824699156,0.03499059608403371,0.030858858684932364,0.13490276746705385,0.15080955068960167,0.2143101540174616,0.22551467676468057,0.22551467676468057,0.32381746147211576,0.34510468515221066,0.02128722368009489,0.061683380713032115,0.030858858684932364,1.45,1.25,0.19999999999999996,trial_0013_bite_001_transfer,1.5671293709830099,mouth_proxy,-0.06399948847618761,0.16222958044522778,0.04456042094294077,0.18000000669794536,-0.07029310367200003,0.16507293807799994,0.014484269518999893,0.17999997048067753,0.006293615195812424,-0.002843357632772159,0.030076151423940878,0.030858858684932364,0.3740168344734603,0.6447798211663107,1.7505414508386699,5.232051761764369,0.5761915195100071,2.393883576483594,0.40604682580057344,0.6800405015539542,2.1781263301065352,5.821115146050275,0.643859218865552,2.388308741724467
trial_0020_bite_001_withdrawal,trial_0020_bite_001,trial_0020,withdrawal,contextual_promp,trial_0020,SUCCESS,0.08090831028803543,0.06179467761937819,0.13665989760500905,0.13716173628452588,0.13704606688972143,0.3283617888647402,0.4109817428033858,0.6845020641423495,0.7030232973446408,0.6845020641423495,0.35459427500170565,0.44059932234330035,0.0860050473415947,0.19520013531610114,0.13704606688972143,1.07,0.95,0.1200000000000001,,,plate,-0.027184477260613793,0.08639075641308061,-0.17468015067226983,0.1967625819012445,-0.06085639739000001,0.15888977448799996,-0.06336205410699994,0.18156048975698283,0.03367192012938622,-0.07249901807491935,-0.11131809656526989,0.13704606688972143,0.41889055659836577,0.6933992715714199,1.8773762287109552,2.825764254718008,0.9396932756220813,1.6728392029419838,0.5185927576770796,0.8772712471205908,3.7130694969040747,9.796221561950622,0.96745395543201,2.7839691995800915
trial_0020_bite_001_withdrawal,trial_0020_bite_001,trial_0020,withdrawal,retrieval,trial_0020,SUCCESS,0.052781433183194115,0.045053852912183584,0.07992325634298841,0.08029899274642062,0.06750801542731118,0.10749006659227026,0.11899773947014405,0.17624493172460595,0.2110891698524918,0.1381127094979887,0.45057771835299826,0.44059932234330035,0.00997839600969791,0.022647324913321304,0.06750801542731118,1.07,0.95,0.1200000000000001,trial_0013_bite_004_withdrawal,1.2003949652946748,plate,-0.01800147873337421,0.1974078798492231,-0.09853510704884427,0.22136641927871675,-0.06085639739000001,0.15888977448799996,-0.06336205410699994,0.18156048975698283,0.0428549186566258,0.03851810536122313,-0.035173052941844335,0.06750801542731118,0.5169139231638459,0.835135885700618,2.3875954356378366,4.133319352910353,0.6656934406094678,1.5061387050190436,0.5185927576770796,0.8772712471205908,3.7130694969040747,9.796221561950622,0.96745395543201,2.7839691995800915
trial_0020_bite_002_transfer,trial_0020_bite_002,trial_0020,transfer,contextual_promp,trial_0020,SUCCESS,0.025736247298503254,0.02473037755157295,0.03401846614142961,0.03593698543862378,0.029285208818903768,0.14299617505391957,0.15013378704655955,0.218625333790963,0.22759553017451642,0.15837529335676698,0.3653926854480501,0.3705070426446849,0.005114357196634833,0.013803670667441228,0.029285208818903768,1.45,1.64,-0.18999999999999995,,,mouth_proxy,-0.03748044261024191,0.1640785397798248,0.022762750914834318,0.16983725628892496,-0.06664321417500005,0.1659082844389999,0.02081127846799996,0.1799999615348283,0.02916277156475814,-0.0018297446591750977,0.001951472446834357,0.029285208818903775,0.4070492527554341,0.605373363786986,1.369392837943653,2.41346494947428,0.4115678805975717,1.1062053565285492,0.4512089700940356,0.8414122074363974,3.118216101953351,8.629506822845723,0.735680853237592,2.8619932947542472
trial_0020_bite_002_transfer,trial_0020_bite_002,trial_0020,transfer,retrieval,trial_0020,SUCCESS,0.04344923377396059,0.03943799893277727,0.06320356896628922,0.06421523338453682,0.015277303046291497,0.13677146771018092,0.1475704982832914,0.23623793515143499,0.24812430478351633,0.12336157716406858,0.3914906593148599,0.3705070426446849,0.020983616670174954,0.056634865886471625,0.015277303046291497,1.45,1.64,-0.18999999999999995,trial_0013_bite_006_transfer,1.4723549981628006,mouth_proxy,-0.057501616994229975,0.1703096628161849,0.009389586048151988,0.17999994869907426,-0.06664321417500005,0.1659082844389999,0.02081127846799996,0.1799999615348283,0.009141597180770074,0.004401378377184989,-0.011421692419847973,0.015277303046291501,0.41912165598536005,0.6794918318633388,3.1229309345777003,12.105797942518025,0.5495121328921551,2.772613732696848,0.4512089700940356,0.8414122074363974,3.118216101953351,8.629506822845723,0.735680853237592,2.8619932947542472
trial_0020_bite_002_withdrawal,trial_0020_bite_002,trial_0020,withdrawal,contextual_promp,trial_0020,SUCCESS,0.14160986203426776,0.10500146316749473,0.22839955841157283,0.2291349739353432,0.22828947202834476,0.5321504889386893,0.7043452569932551,1.087080029355975,1.1045268413718137,1.058599244329403,0.33819490971931754,0.45264780275531247,0.11445289303599493,0.2528519797054326,0.22828947202834476,1.07,1.12,-0.050000000000000044,,,plate,-0.025707504504591278,0.1115274754834675,-0.17322339968616138,0.20761888106432094,0.05963200061000015,-0.09825224051200002,-0.201958790107,0.23237218242264332,-0.08533950511459143,0.20977971599546752,0.028735390420838614,0.22828947202834476,0.3981450526964972,0.6555123156399144,1.759697880518375,2.665202795826257,0.8726811352579894,1.603598524943102,0.5218105947055923,0.9229417036860316,4.463474143189954,14.254215025620267,2.119522512468343,6.0511637950719335
trial_0020_bite_002_withdrawal,trial_0020_bite_002,trial_0020,withdrawal,retrieval,trial_0020,SUCCESS,0.09306594894225194,0.08007150345651977,0.13854831328938846,0.14122969225141904,0.13406690407311977,0.3041078080891499,0.35500878097696914,0.5476132525647429,0.5748564858680164,0.5382145997784592,0.44328545885668685,0.45264780275531247,0.009362343898625614,0.020683506783057578,0.13406690407311977,1.07,1.12,-0.050000000000000044,trial_0013_bite_011_withdrawal,1.5255218997933861,plate,-0.03752746153928557,-0.009213106379142466,-0.22657598481890043,0.229847489860974,0.05963200061000015,-0.09825224051200002,-0.201958790107,0.23237218242264332,-0.09715946214928572,0.08903913413285755,-0.024617194711900436,0.13406690407311977,0.5276512538343269,1.0633888018531148,5.577847623315731,12.841184990766786,1.8126921943465044,5.15827326673155,0.5218105947055923,0.9229417036860316,4.463474143189954,14.254215025620267,2.119522512468343,6.0511637950719335
trial_0020_bite_003_transfer,trial_0020_bite_003,trial_0020,transfer,contextual_promp,trial_0020,SUCCESS,0.035361579307265655,0.033521031913004845,0.04541606276073742,0.046158117120514236,0.030763375458818396,0.10438219464987632,0.12495052298233146,0.19154827632420193,0.19294887270544123,0.19294887270544123,0.3478802242377652,0.3640173729374474,0.01613714869968219,0.04433071028853118,0.030763375458818396,1.45,1.19,0.26,,,mouth_proxy,-0.046398061526200296,0.15771606191680215,0.04805304678917993,0.17127822863883416,-0.05316022674000001,0.17068522531400004,0.020989063490000015,0.17999999064923983,0.006762165213799715,-0.012969163397197891,0.027063983299179917,0.030763375458818396,0.3818983121131506,0.5520063265686662,1.1956658680857153,2.0978592222414947,0.28124628022060516,0.6668968180025211,0.40915182394683147,0.6083684201926741,1.7811230090755177,5.574405413415222,0.42022242221736616,1.2681416679048103
trial_0020_bite_003_transfer,trial_0020_bite_003,trial_0020,transfer,retrieval,trial_0020,SUCCESS,0.03197347487264399,0.03035610352249488,0.0414445282141858,0.04171731036448448,0.0211563999748742,0.17420347750990745,0.18804058298607843,0.2570696729463156,0.2595961936803815,0.24204034210529238,0.3794932254340128,0.3640173729374474,0.015475852496565412,0.04251404918309978,0.0211563999748742,1.45,1.19,0.26,trial_0014_bite_019_transfer,1.2070322818171157,mouth_proxy,-0.07092919164510617,0.16281197698036928,0.029347837728783077,0.17999996015288303,-0.05316022674000001,0.17068522531400004,0.020989063490000015,0.17999999064923983,-0.017768964905106155,-0.007873248333630761,0.008358774238783062,0.0211563999748742,0.4240647961107948,0.6897829405164194,2.7989319623572335,8.12223655323555,0.7629619281905508,2.3718478316642218,0.40915182394683147,0.6083684201926741,1.7811230090755177,5.574405413415222,0.42022242221736616,1.2681416679048103
trial_0020_bite_003_withdrawal,trial_0020_bite_003,trial_0020,withdrawal,contextual_promp,trial_0020,SUCCESS,0.08620269846893902,0.07643775441055532,0.11603110629809031,0.11947044125942374,0.11947044125942374,0.3526238927522066,0.4830533651458799,0.8526838233372918,0.8577768643866575,0.8577768643866575,0.3329198926401201,0.3454121704919317,0.012492277851811562,0.036166293254867705,0.11947044125942374,1.07,0.75,0.32000000000000006,,,plate,-0.03083503080677219,0.06962812817142291,-0.1885725473814194,0.20336784648372602,0.013745156609999948,-0.038639578512000006,-0.212319061107,0.21624368214395637,-0.04458018741677214,0.10826770668342292,0.023746513725580592,0.11947044125942374,0.3878244061960403,0.6420906367366608,1.8560642145519122,2.7148099261518275,1.112963661914237,1.780125185133559,0.3863871434841587,0.562862994225598,2.7770227856098657,7.8579349216441745,2.091897109817061,5.386498022974227
trial_0020_bite_003_withdrawal,trial_0020_bite_003,trial_0020,withdrawal,retrieval,trial_0020,SUCCESS,0.19414770989407093,0.16171333888152606,0.2922958339618163,0.2934991813591576,0.2922958339618163,0.7665986951522074,1.0468777848604744,1.8920053962585996,1.9060356701568901,1.9060356701568901,0.503302571155515,0.3454121704919317,0.15789040066358334,0.4571072305840232,0.2922958339618163,1.07,0.75,0.32000000000000006,trial_0013_bite_006_withdrawal,1.3891706418788592,plate,-0.015793776980580015,0.2006042597057342,-0.047011191274340135,0.20664356875651985,0.013745156609999948,-0.038639578512000006,-0.212319061107,0.21624368214395637,-0.029538933590579963,0.2392438382177342,0.16530786983265985,0.2922958339618163,0.5921379669739124,0.9988548636358727,4.586743130697661,12.379197600778411,0.6939244590214251,1.8307410698407107,0.3863871434841587,0.562862994225598,2.7770227856098657,7.8579349216441745,2.091897109817061,5.386498022974227
trial_0020_bite_004_transfer,trial_0020_bite_004,trial_0020,transfer,contextual_promp,trial_0020,SUCCESS,0.04706383478320071,0.04359583912169725,0.061033674113320155,0.06165465793948179,0.04495731522448012,0.16748340192129427,0.19025839029050676,0.29507662610135704,0.305097768864302,0.305097768864302,0.3503534956932975,0.3942657579005448,0.04391226220724731,0.11137731676491257,0.04495731522448012,1.45,1.5,-0.050000000000000044,,,mouth_proxy,-0.04958620771571471,0.15872425326105769,0.04077245079265035,0.17121499149474464,-0.04129096502100001,0.175199794717,-0.0002263988810000117,0.17999989754913115,-0.008295242694714697,-0.016475541455942322,0.04099884967365036,0.04495731522448012,0.3925036065600384,0.5951555417432011,1.2762854687841996,2.1939185626007385,0.3491587228255295,0.9491022108975289,0.47669302799757596,0.7528469706191132,3.8680882828932273,13.196392824686296,0.6071956677453801,1.7578718872321921
trial_0020_bite_004_transfer,trial_0020_bite_004,trial_0020,transfer,retrieval,trial_0020,SUCCESS,0.05175871756434328,0.04383985130207024,0.09553019613016081,0.10133204679345784,0.10133204679345784,0.352730530401563,0.39055057917163694,0.5621491021664493,0.5706677145843947,0.5706677145843947,0.48487877520438644,0.3942657579005448,0.09061301730384164,0.22982725607811763,0.10133204679345782,1.45,1.5,-0.050000000000000044,trial_0013_bite_010_transfer,1.1927928605024085,mouth_proxy,-0.08021449005405354,0.13661206699554387,-0.08545626556896069,0.17999998496783148,-0.04129096502100001,0.175199794717,-0.0002263988810000117,0.17999989754913115,-0.038923525033053526,-0.03858772772145613,-0.08522986668796068,0.10133204679345784,0.517397711809672,0.747562578435386,2.51969895625826,7.477248124793339,0.6834101636337503,1.319766471489846,0.47669302799757596,0.7528469706191132,3.8680882828932273,13.196392824686296,0.6071956677453801,1.7578718872321921
trial_0020_bite_004_withdrawal,trial_0020_bite_004,trial_0020,withdrawal,contextual_promp,trial_0020,SUCCESS,0.08117856543196282,0.07147061992534208,0.11506310408102077,0.1156119986218751,0.09032358995821894,0.5452234309506374,0.6481300544538775,0.9157279936562098,0.9269356349252537,0.6767442931413923,0.345910732409268,0.2956982557119449,0.050212476697323094,0.16980985084415812,0.09032358995821894,1.07,0.96,0.1100000000000001,,,plate,-0.01961517678943303,0.0379816772211162,-0.1960611807075951,0.20066726077132271,-0.021930444389999942,-0.052279252511999996,-0.19850146810699998,0.20643860461403693,0.0023152676005669115,0.0902609297331162,0.0024402873994048835,0.09032358995821894,0.39759902835139005,0.6548486525432301,2.0221277849415173,2.8333797512415875,1.2269110924718638,2.0376866727454543,0.37192947463657616,0.6163377789719586,3.241084226890176,7.097228929252924,2.028922470744568,6.074603219559345
trial_0020_bite_004_withdrawal,trial_0020_bite_004,trial_0020,withdrawal,retrieval,trial_0020,SUCCESS,0.19317235241574376,0.15980541392354555,0.28675874962249187,0.2888533006862164,0.2852745619105631,1.0190708740061478,1.2516047462193785,1.8265638978207865,1.8468511739994693,1.8208996273988673,0.5038005868990142,0.2956982557119449,0.20810233118706928,0.703765839558393,0.2852745619105631,1.07,0.96,0.1100000000000001,trial_0013_bite_006_withdrawal,1.6462198785302766,plate,-0.006977212850810932,0.19727971876535358,-0.061103155181447176,0.20664356875651982,-0.021930444389999942,-0.052279252511999996,-0.19850146810699998,0.20643860461403693,0.01495323153918901,0.24955897127735358,0.1373983129255528,0.2852745619105631,0.5925501891358298,0.9966152015020978,4.587291153170753,12.45040688693219,0.6939244590214253,1.8307410698407114,0.37192947463657616,0.6163377789719586,3.241084226890176,7.097228929252924,2.028922470744568,6.074603219559345
trial_0020_bite_005_transfer,trial_0020_bite_005,trial_0020,transfer,contextual_promp,trial_0020,SUCCESS,0.06271099752468781,0.052205211924606885,0.10344376872516996,0.10427776103183505,0.016003968862692203,0.04372865187321884,0.047414272469409324,0.07343555422254026,0.08880890300250265,0.08880890300250265,0.3749223060084608,0.40741078515629725,0.032488479147836424,0.07974378767457688,0.016003968862692203,1.45,1.47,-0.020000000000000018,,,mouth_proxy,-0.04230272370368675,0.16179483682512957,0.025055129202852855,0.16910011577581022,-0.05523624641600003,0.17007768438199986,0.020555635235999903,0.17999998828563216,0.01293352271231328,-0.008282847556870282,0.004499493966852952,0.016003968862692203,0.4182669743144215,0.6358540981671351,1.3720675087704517,2.352665023551201,0.4112257231483502,1.0547734052183846,0.45842859451512796,0.7128685947858772,2.9628687154986535,6.709351590195117,0.6401739051153816,2.1007042670672105
trial_0020_bite_005_transfer,trial_0020_bite_005,trial_0020,transfer,retrieval,trial_0020,SUCCESS,0.03983863376236579,0.03223877721668729,0.06880043660411726,0.06955284284022026,0.0003975404753313199,0.069571382271182,0.07283158898526132,0.09714324163482073,0.09897909290818563,0.09873018951011893,0.3926737339530704,0.40741078515629725,0.014737051203226825,0.03617246214425367,0.0003975404753313199,1.45,1.47,-0.020000000000000018,trial_0013_bite_006_transfer,1.5965389955877272,mouth_proxy,-0.05493070988096149,0.17020314581045878,0.020334399422325122,0.1799999486990741,-0.05523624641600003,0.17007768438199986,0.020555635235999903,0.17999998828563216,0.0003055365350385364,0.00012546142845892838,-0.0002212358136747805,0.0003975404753313199,0.4210263279208658,0.6884645102728844,3.122758446452544,12.150112581889786,0.5495121328921553,2.7726137326968496,0.45842859451512796,0.7128685947858772,2.9628687154986535,6.709351590195117,0.6401739051153816,2.1007042670672105
trial_0020_bite_005_withdrawal,trial_0020_bite_005,trial_0020,withdrawal,contextual_promp,trial_0020,SUCCESS,0.07687760125509335,0.06351685314784744,0.1214217061341558,0.12342253056083517,0.12342253056083517,0.3532155263654005,0.4914117515276722,0.8468264000940505,0.8502936110742766,0.7864685749406267,0.33363303105854414,0.38929887541966246,0.05566584436111832,0.14298999528604028,0.12342253056083517,1.07,1.03,0.040000000000000036,,,plate,-0.007080372631947607,0.05269784218735599,-0.20371406996365818,0.21053887182410977,-0.03477101338999994,-0.06756787351199997,-0.20213069010699994,0.21594271644636043,0.02769064075805233,0.12026571569935596,-0.0015833798566582402,0.12342253056083517,0.3859161230590383,0.6397901271812132,1.8450217721156315,2.7550314397769315,1.218377040254887,1.9482158405562326,0.43902476514196637,0.8152049625804625,3.8867471394688926,10.20324972647821,2.1436316437408496,8.088317207967153
trial_0020_bite_005_withdrawal,trial_0020_bite_005,trial_0020,withdrawal,retrieval,trial_0020,SUCCESS,0.193200633293763,0.1555992273085158,0.3067792370110824,0.30822250519717675,0.30631557766881456,0.7660157956566621,1.0871034824369499,1.9306711227076252,1.9439530463152563,1.9421137302554299,0.5091237553741235,0.38929887541966246,0.119824879954461,0.3077966249588836,0.30631557766881456,1.07,1.03,0.040000000000000036,trial_0013_bite_006_withdrawal,0.9877310828395833,plate,-0.00250976562787128,0.19916757840933558,-0.05502309783613509,0.2066435687565199,-0.03477101338999994,-0.06756787351199997,-0.20213069010699994,0.21594271644636043,0.03226124776212866,0.2667354519213355,0.14710759227086484,0.30631557766881456,0.5988600971168667,1.012019958992553,4.594778778194271,12.391182450000846,0.6939244590214253,1.8307410698407112,0.43902476514196637,0.8152049625804625,3.8867471394688926,10.20324972647821,2.1436316437408496,8.088317207967153
trial_0020_bite_006_transfer,trial_0020_bite_006,trial_0020,transfer,contextual_promp,trial_0020,SUCCESS,0.04253984421823438,0.039536763513644615,0.058146669200545065,0.058615408833568625,0.03379029689682047,0.1244904222793154,0.13716114453318157,0.20608091102708498,0.2175008223985256,0.21503626640375817,0.3106099689611244,0.3347994734250985,0.02418950446397411,0.07225072434107575,0.03379029689682047,1.45,1.12,0.32999999999999985,,,mouth_proxy,-0.0450295966670215,0.16106923050136188,0.03272599015072836,0.17041699452120684,-0.05579163869700003,0.171119660682,0.0023129753559999466,0.17999998632060188,0.010762042029978533,-0.010050430180638115,0.03041301479472841,0.03379029689682047,0.345797748277102,0.5193381002093671,1.1004360754764277,1.795971825951282,0.2785707613167135,0.7881565295009816,0.398832439554523,0.6660164518517387,2.0718566604869855,7.909684324584949,0.42650709429456546,1.3306684609015436
trial_0020_bite_006_transfer,trial_0020_bite_006,trial_0020,transfer,retrieval,trial_0020,SUCCESS,0.02118497933292782,0.019947203382731458,0.028559954721215437,0.029129292672150947,0.014591775028247073,0.14353827987112072,0.15504182712246797,0.2147286903036976,0.21881757382217076,0.19946789265738513,0.3470316740667031,0.3347994734250985,0.012232200641604574,0.036535901674114094,0.014591775028247073,1.45,1.12,0.32999999999999985,trial_0014_bite_019_transfer,1.0338635664466533,mouth_proxy,-0.06937403788070387,0.1660468758388851,0.003957719963822104,0.17999996015288308,-0.05579163869700003,0.171119660682,0.0023129753559999466,0.17999998632060188,-0.013582399183703839,-0.00507278484311488,0.0016447446078221573,0.014591775028247073,0.3944479341591686,0.674126609596462,2.7558766689062444,7.993114846623257,0.7629619281905502,2.371847831664225,0.398832439554523,0.6660164518517387,2.0718566604869855,7.909684324584949,0.42650709429456546,1.3306684609015436
trial_0020_bite_006_withdrawal,trial_0020_bite_006,trial_0020,withdrawal,contextual_promp,trial_0020,SUCCESS,0.04640510629513804,0.030034820442133278,0.11053748309284345,0.11956954287385055,0.11956954287385055,0.22531057308712138,0.3212073025025524,0.7248254400991052,0.7389028964255777,0.7345779574980094,0.3271656215752774,0.4419106244748026,0.11474500289952522,0.2596565833552795,0.11956954287385055,1.07,0.87,0.20000000000000007,,,plate,-0.006976303076386636,0.08575817984580605,-0.17922353801165428,0.19880696867186046,0.007905092609999914,-0.026816744512,-0.21667091510700004,0.21846719142401994,-0.01488139568638655,0.11257492435780606,0.03744737709534576,0.11956954287385055,0.3799282386291472,0.6254746212937343,1.7974353617691796,2.5718107161738524,0.9944530844796898,1.5510651936731892,0.4629914482933907,0.7128511615166291,3.6802036961998175,10.530392074066993,1.9868503430072113,4.326829347263392
trial_0020_bite_006_withdrawal,trial_0020_bite_006,trial_0020,withdrawal,retrieval,trial_0020,SUCCESS,0.11194244465294644,0.07749526086277225,0.23855896950447442,0.24994936333531975,0.24994936333531975,0.4760511422651961,0.650379991954003,1.377342135304444,1.4201603983784539,1.4201603983784539,0.40794598480314836,0.4419106244748026,0.03396463967165425,0.07685861753611423,0.24994936333531975,1.07,0.87,0.20000000000000007,trial_0013_bite_004_withdrawal,1.7769271603136905,plate,0.0013704509315102253,0.1958145880518441,-0.10323691468952167,0.22136641927871684,0.007905092609999914,-0.026816744512,-0.21667091510700004,0.21846719142401994,-0.006534641678489689,0.2226313325638441,0.11343400041747836,0.24994936333531975,0.4684232628521095,0.7660908178274604,2.3072407442696212,4.133319352910506,0.6656934406094672,1.5061387050190493,0.4629914482933907,0.7128511615166291,3.6802036961998175,10.530392074066993,1.9868503430072113,4.326829347263392
trial_0020_bite_007_transfer,trial_0020_bite_007,trial_0020,transfer,contextual_promp,trial_0020,SUCCESS,0.026636593720390882,0.025456682767427068,0.03726300054932268,0.038685793377517236,0.02430911110309126,0.08142154071147226,0.08788899107391694,0.1295749800506975,0.13774231423479946,0.13774231423479946,0.32904715445813754,0.3433633303821083,0.014316175923970775,0.04169395697565948,0.024309111103091263,1.45,1.12,0.32999999999999985,,,mouth_proxy,-0.04221036358028199,0.16039791390612868,0.030075135668164887,0.1685636952741485,-0.057895238330000084,0.1698517478649999,0.014089435489999913,0.17999996407363497,0.015684874749718095,-0.009453833958871227,0.015985700178164974,0.024309111103091263,0.3633984893934523,0.5301260238019304,1.169797758290632,1.9284243052986199,0.31393533080955105,0.8133630274617035,0.374911513418941,0.5792232731001296,2.225146710409726,5.834783585830885,0.6108554284694603,1.8177195498222931
trial_0020_bite_007_transfer,trial_0020_bite_007,trial_0020,transfer,retrieval,trial_0020,SUCCESS,0.06706680514514672,0.06073051456229059,0.10076382044305868,0.10397727519781287,0.10397727519781287,0.3983701485201246,0.44063453877174735,0.5974170423234654,0.6024531562867205,0.6024531562867205,0.45249385188593433,0.3433633303821083,0.10913052150382602,0.3178281192181508,0.10397727519781287,1.45,1.12,0.32999999999999985,trial_0013_bite_010_transfer,1.227130470119003,mouth_proxy,-0.051735971453918006,0.1485522631459374,-0.08749633683965918,0.17999998496783146,-0.057895238330000084,0.1698517478649999,0.014089435489999913,0.17999996407363497,0.0061592668760820785,-0.02129948471906251,-0.1015857723296591,0.10397727519781287,0.48215489217439045,0.7031861441011908,2.493579568065425,7.1775410093666965,0.6834101636337502,1.3197664714898438,0.374911513418941,0.5792232731001296,2.225146710409726,5.834783585830885,0.6108554284694603,1.8177195498222931
trial_0020_bite_007_withdrawal,trial_0020_bite_007,trial_0020,withdrawal,contextual_promp,trial_0020,SUCCESS,0.08025403072781687,0.06703208599211678,0.1356220062043195,0.13611634324409339,0.13606062284938264,0.3295472513877405,0.4549224196350225,0.8487112836410933,0.8709663699946715,0.8378514936429273,0.32597363588047473,0.3597310193157448,0.03375738343527007,0.09384062430724213,0.13606062284938264,1.07,0.97,0.10000000000000009,,,plate,-0.01306958082858567,0.06917683513406389,-0.17094285866677164,0.1848721433622931,-0.013912442389999974,-0.062633026512,-0.20467627010699999,0.21449668437582334,0.0008428615614143042,0.1318098616460639,0.033733411440228345,0.13606062284938264,0.3760606055041321,0.6166586052657467,1.8299322756989844,2.4757748052605746,1.058802535550094,1.643121898764738,0.3805874383105405,0.5714413648794897,3.2633863216200063,10.274383436627563,2.1827479050637852,6.120978038094118
trial_0020_bite_007_withdrawal,trial_0020_bite_007,trial_0020,withdrawal,retrieval,trial_0020,SUCCESS,0.10950994751445581,0.09300895459858381,0.16391557135732757,0.16559726129118443,0.11861219500427012,0.3683754553831207,0.44566703535143226,0.7670015157028974,0.7789431756644537,0.22446376639474733,0.34865950113116256,0.3597310193157448,0.01107151818458224,0.030777212945499413,0.11861219500427013,1.07,0.97,0.10000000000000009,trial_0014_bite_020_withdrawal,1.697652033362744,plate,0.03248125197128149,-0.17033289784154698,-0.1868657214674429,0.2549257258031616,-0.013912442389999974,-0.062633026512,-0.20467627010699999,0.21449668437582334,0.04639369436128146,-0.10769987132954698,0.017810548639557083,0.11861219500427013,0.3822226223442461,0.6123855693699357,3.0719813555570226,6.872846365100548,1.9031505855076072,6.027612680067953,0.3805874383105405,0.5714413648794897,3.2633863216200063,10.274383436627563,2.1827479050637852,6.120978038094118
trial_0020_bite_008_transfer,trial_0020_bite_008,trial_0020,transfer,contextual_promp,trial_0020,SUCCESS,0.027801731859171595,0.024899066543652947,0.04532489220141207,0.04621419285361683,0.019282428781325547,0.10491692699713628,0.10854777376843028,0.12764426682365818,0.1309892286850628,0.1307616278371123,0.3418005451502808,0.3406869232000147,0.0011136219502660971,0.003268754608501067,0.019282428781325547,1.45,1.41,0.040000000000000036,,,mouth_proxy,-0.03416701103026838,0.16447268121968492,0.026544541953200274,0.17006839864548554,-0.052625386745999994,0.17004613786599998,0.026736913092999914,0.1799999523751364,0.018458375715731612,-0.0055734566463150614,-0.00019237113979964082,0.019282428781325547,0.38237254138925975,0.5816304776874665,1.2331749410642265,2.0868678514458265,0.3504555277290837,0.9548676314762538,0.3911483184538293,0.6766088627149113,2.1279961421400677,6.465871766243305,0.5110669365186918,1.9486087114119346
trial_0020_bite_008_transfer,trial_0020_bite_008,trial_0020,transfer,retrieval,trial_0020,SUCCESS,0.014219318450217993,0.012681752192301828,0.023853882569172296,0.024537233467660503,0.005404427689666569,0.05583213030607282,0.05941748853748238,0.085819094582578,0.08855681776745696,0.05074850416282809,0.33802126872532934,0.3406869232000147,0.002665654474685364,0.007824352193055495,0.005404427689666569,1.45,1.41,0.040000000000000036,trial_0014_bite_008_transfer,1.3802692515034165,mouth_proxy,-0.05084003501227344,0.16971248224345675,0.03182700462118088,0.17999998336789222,-0.052625386745999994,0.17004613786599998,0.026736913092999914,0.1799999523751364,0.0017853517337265562,-0.00033365562254322745,0.005090091528180962,0.005404427689666569,0.3780773158407018,0.5926637109986003,1.3772394785047548,3.4670472163506507,0.47376225939838706,1.410689804843912,0.3911483184538293,0.6766088627149113,2.1279961421400677,6.465871766243305,0.5110669365186918,1.9486087114119346
trial_0020_bite_008_withdrawal,trial_0020_bite_008,trial_0020,withdrawal,contextual_promp,trial_0020,SUCCESS,0.11860313720105181,0.09904408479147717,0.17671182175084865,0.17696974338870988,0.17639592999615786,0.5422804759653376,0.7089135355827979,1.0934619835876254,1.1042725570389065,0.975240370244988,0.31412724217790605,0.33510564840626633,0.02097840622836028,0.06260236533801139,0.17639592999615786,1.07,0.99,0.08000000000000007,,,plate,-0.012558150526480794,0.07417065285163141,-0.18796498655790836,0.20245945041118144,-0.039583909390000005,-0.09916144951200001,-0.206434279107,0.23241125304585283,0.02702575886351921,0.17333210236363142,0.01846929254909163,0.17639592999615786,0.36632362517475553,0.6066002856413525,1.78416245965547,2.5716575816857223,1.1507586104380554,1.8569380713139465,0.39930374941987673,0.7403877242848147,4.025767740381128,9.052812833299251,2.2990824443698203,7.408229086218
trial_0020_bite_008_withdrawal,trial_0020_bite_008,trial_0020,withdrawal,retrieval,trial_0020,SUCCESS,0.17836778277490908,0.12944901506523507,0.32280354413569534,0.3357417125314399,0.3357417125314399,0.7659175465061837,0.9847014902636868,1.58835759553037,1.6402746725032211,1.6402746725032211,0.4520547998042647,0.33510564840626633,0.11694915139799839,0.3489918834677914,0.3357417125314399,1.07,0.99,0.08000000000000007,trial_0015_bite_014_withdrawal,1.7997232311818396,plate,0.03233685774330122,0.22750395158686498,-0.17745814214191877,0.29033620609357447,-0.039583909390000005,-0.09916144951200001,-0.206434279107,0.23241125304585283,0.07192076713330123,0.326665401098865,0.028976136965081223,0.3357417125314399,0.5262662427116112,0.8994219176108408,3.021709255061754,6.270067522042658,1.189511744126564,2.404010883879477,0.39930374941987673,0.7403877242848147,4.025767740381128,9.052812833299251,2.2990824443698203,7.408229086218
trial_0020_bite_009_transfer,trial_0020_bite_009,trial_0020,transfer,contextual_promp,trial_0020,SUCCESS,0.06376149542174532,0.05605725316323539,0.10241164414531444,0.10347873391993814,0.027591035427406818,0.15184867644269776,0.1572567309125088,0.2223427193634244,0.22746282371282175,0.14857250831085225,0.30538578554023715,0.32032886499262214,0.014943079452384989,0.046649181779884745,0.027591035427406818,1.45,1.3,0.1499999999999999,,,mouth_proxy,-0.02260804689433009,0.16629984275023585,0.0161919112145274,0.168608835687542,-0.04954538502499997,0.17226561210099994,0.016425677003000072,0.17999996987448236,0.026937338130669883,-0.005965769350764094,-0.00023376578847267293,0.027591035427406818,0.3439791088458597,0.5351294457964879,1.14317576373087,2.0194901308275623,0.3205216140158667,0.9057347273639749,0.41450985907683097,0.8383941742089884,2.7828206007539853,8.187331346577094,0.6744894430805233,2.847722217482179
trial_0020_bite_009_transfer,trial_0020_bite_009,trial_0020,transfer,retrieval,trial_0020,SUCCESS,0.08823627780197899,0.08320161347388315,0.12010533748025788,0.12504123680561013,0.12504123680561013,0.47534635335971237,0.5110292574986078,0.7018618822336327,0.7095030301915022,0.7095030301915022,0.43940703113302526,0.32032886499262214,0.11907816614040312,0.371737233680598,0.12504123680561013,1.45,1.3,0.1499999999999999,trial_0013_bite_010_transfer,1.6277122858129789,mouth_proxy,-0.03991547171831604,0.1411654488479951,-0.10430276006639494,0.17999998496783148,-0.04954538502499997,0.17226561210099994,0.016425677003000072,0.17999996987448236,0.009629913306683932,-0.031100163253004853,-0.12072843706939501,0.12504123680561013,0.4707169596390633,0.7025143298422318,2.4477333171135918,7.278445149054586,0.6834101636337503,1.3197664714898434,0.41450985907683097,0.8383941742089884,2.7828206007539853,8.187331346577094,0.6744894430805233,2.847722217482179
trial_0020_bite_009_withdrawal,trial_0020_bite_009,trial_0020,withdrawal,contextual_promp,trial_0020,SUCCESS,0.0851953941804376,0.07485849437061393,0.11684110541345871,0.12053744581144561,0.12053744581144561,0.3578207990131691,0.44523887037721754,0.6795972777975039,0.6825322245325258,0.6475200068422328,0.3008870088365053,0.32313299740398793,0.02224598856748261,0.0688446823636219,0.12053744581144561,1.07,1.1,-0.030000000000000027,,,plate,-0.016262892985132282,0.04653429728614712,-0.18847394191011496,0.19481362706776642,-0.007970991390000015,-0.07224335151200001,-0.207246005107,0.21962136775422494,-0.008291901595132267,0.11877764879814713,0.01877206319688504,0.12053744581144561,0.3435029711024546,0.5656363907716327,1.819244017593078,2.44852437276557,1.252444388374917,2.1426896620059144,0.3876381264358363,0.6794089876919529,3.7947744834807065,9.230538796247314,1.9837832144752372,5.816442602164835
trial_0020_bite_009_withdrawal,trial_0020_bite_009,trial_0020,withdrawal,retrieval,trial_0020,SUCCESS,0.07724947904197668,0.06086971430818461,0.148186666565463,0.15253537954676055,0.0432040736702617,0.5508367638446947,0.6924416208881115,1.1620007383965074,1.1802493968793337,0.5110397393876768,0.4437316570532656,0.32313299740398793,0.12059865964927768,0.3732167888087969,0.0432040736702617,1.07,1.1,-0.030000000000000027,trial_0019_bite_020_withdrawal,1.5507539634600118,plate,-0.0057987665558382195,-0.029094107746728437,-0.20737321933742767,0.20948447412043747,-0.007970991390000015,-0.07224335151200001,-0.207246005107,0.21962136775422494,0.0021722248341617956,0.04314924376527157,-0.00012721423042766355,0.0432040736702617,0.532437437561824,0.9495548739110452,5.3680952668197035,13.00132856708748,1.9047851396048288,4.382369051895212,0.3876381264358363,0.6794089876919529,3.7947744834807065,9.230538796247314,1.9837832144752372,5.816442602164835
trial_0020_bite_010_transfer,trial_0020_bite_010,trial_0020,transfer,contextual_promp,trial_0020,SUCCESS,0.025662410041537388,0.023603136392783105,0.036642872932200456,0.0370223047996939,0.023443625889032375,0.13339753510083244,0.14378573508864823,0.1785470777139765,0.18157700956199663,0.15893258372482438,0.32080965407892753,0.3414966981010644,0.02068704402213689,0.060577581385617536,0.023443625889032378,1.45,1.46,-0.010000000000000009,,,mouth_proxy,-0.0431428056875488,0.1628828292607379,0.029304042032578526,0.17102878304549624,-0.05668890128099997,0.17043739944600003,0.011724640498000038,0.1800000162588039,0.013546095593451171,-0.007554570185262122,0.017579401534578487,0.023443625889032378,0.355848275731077,0.5255820704323091,1.1068108738891946,1.7874698927641681,0.2810829441248881,0.6989484205032186,0.37842488207559616,0.5819379173665904,2.264475805992364,5.648121581254287,0.4150847454542351,1.259521257141879
trial_0020_bite_010_transfer,trial_0020_bite_010,trial_0020,transfer,retrieval,trial_0020,SUCCESS,0.030435659779023037,0.025738259045893268,0.049796236046109325,0.051055210630549804,0.005056091785217079,0.13162592441764698,0.13891372161611085,0.17916696585402028,0.18257953607234964,0.14992992947060133,0.3516200590971681,0.3414966981010644,0.01012336099610367,0.02964409627500324,0.005056091785217079,1.45,1.46,-0.010000000000000009,trial_0014_bite_019_transfer,0.8265724599402458,mouth_proxy,-0.06110294696441794,0.16903365418704253,0.009697385187686813,0.17999996015288314,-0.05668890128099997,0.17043739944600003,0.011724640498000038,0.1800000162588039,-0.0044140456834179664,-0.0014037452589575061,-0.002027255310313225,0.005056091785217079,0.396841456793478,0.6694589292079282,2.7613624756347903,8.00416967565849,0.7629619281905504,2.371847831664223,0.37842488207559616,0.5819379173665904,2.264475805992364,5.648121581254287,0.4150847454542351,1.259521257141879
trial_0020_bite_010_withdrawal,trial_0020_bite_010,trial_0020,withdrawal,contextual_promp,trial_0020,SUCCESS,0.12083456662747792,0.09922198398276486,0.19709823901714088,0.20158704227137642,0.20158704227137642,0.4473861331065842,0.5795925816526437,0.9035739872713515,0.9267863152222875,0.8863079327119956,0.3129312854386042,0.40723278725162215,0.09430150181301794,0.2315665751017996,0.20158704227137642,1.07,1.01,0.06000000000000005,,,plate,-0.01755583402550792,0.0587697508189341,-0.18476096037271436,0.19467589321099443,0.04663340461000004,-0.13197897751200005,-0.19625008110699999,0.24105439067799006,-0.06418923863550796,0.19074872833093415,0.011489120734285624,0.20158704227137642,0.36189531320477186,0.597654489196966,1.8033920668066583,2.4881749868866705,1.1252214930923503,1.7977958144250157,0.49404241991083064,1.0044824213433299,4.525551325680693,10.45933935455604,2.175411998605903,6.155552010443182
trial_0020_bite_010_withdrawal,trial_0020_bite_010,trial_0020,withdrawal,retrieval,trial_0020,SUCCESS,0.10120628835784383,0.08117668309251702,0.17945564770723613,0.18235504968592112,0.10263852771060403,0.6224926006683664,0.791684146785801,1.3348258494018928,1.3494585187488617,0.7265967476584103,0.45207846313278965,0.40723278725162215,0.0448456758811675,0.1101229500301952,0.10263852771060403,1.07,1.01,0.06000000000000005,trial_0019_bite_020_withdrawal,1.75424160357771,plate,-0.0014304142744584747,-0.04174031443076667,-0.20527894427763496,0.2094844741204374,0.04663340461000004,-0.13197897751200005,-0.19625008110699999,0.24105439067799006,-0.048063818884458515,0.09023866308123338,-0.009028863170634976,0.10263852771060403,0.5406213862644308,0.9671950468858204,5.373611801351081,13.016154640337128,1.9047851396048285,4.3823690518952105,0.49404241991083064,1.0044824213433299,4.525551325680693,10.45933935455604,2.175411998605903,6.155552010443182
trial_0020_bite_011_transfer,trial_0020_bite_011,trial_0020,transfer,contextual_promp,trial_0020,SUCCESS,0.04072916484134326,0.03485206127776866,0.06773763500865279,0.06900792871819311,0.02714295922554978,0.09515970283830975,0.10137027089345281,0.1512269247638814,0.15611095284683915,0.15545193116101805,0.33384986377077835,0.3546046377707485,0.020754773999970166,0.05852933602461258,0.02714295922554978,1.45,1.61,-0.16000000000000014,,,mouth_proxy,-0.03046943580466177,0.16652796356257824,0.01974635366622335,0.1704402172307503,-0.055969401164000024,0.17069480277599994,0.011431941289999858,0.1799999412306912,0.025499965359338253,-0.0041668392134217025,0.00831441237622349,0.02714295922554978,0.3722493290489057,0.5608959532161089,1.2392483439479764,2.151621562096047,0.3646983422985766,1.0572985149251164,0.45066601494896086,0.8876094161237013,3.613928245428274,10.053458485446875,0.6333492706851794,2.5484257072022873
trial_0020_bite_011_transfer,trial_0020_bite_011,trial_0020,transfer,retrieval,trial_0020,SUCCESS,0.028333604815766137,0.026507710919197545,0.03831713934317519,0.03898393615022564,0.03898393615022564,0.19648647643406542,0.22925175384311622,0.3255319177854399,0.3292007478116597,0.30434805042464486,0.3771635498238291,0.3546046377707485,0.022558912053080582,0.06361708125110561,0.038983936150225634,1.45,1.61,-0.16000000000000014,trial_0014_bite_019_transfer,1.566129469763987,mouth_proxy,-0.0575351621755119,0.1683337393063303,-0.027448915818761133,0.179999960152883,-0.055969401164000024,0.17069480277599994,0.011431941289999858,0.1799999412306912,-0.0015657610115118736,-0.002361063469669633,-0.03888085710876099,0.038983936150225634,0.42506127035912983,0.710704930653132,2.793425696404799,8.12012494337958,0.7629619281905505,2.3718478316642257,0.45066601494896086,0.8876094161237013,3.613928245428274,10.053458485446875,0.6333492706851794,2.5484257072022873
trial_0020_bite_011_withdrawal,trial_0020_bite_011,trial_0020,withdrawal,contextual_promp,trial_0020,SUCCESS,0.12495838453181639,0.09968361633318559,0.1967220482081133,0.19732296951710288,0.1962025747881585,0.6214872468798659,0.7766036691390619,1.1408090752422553,1.1609866016136907,1.1408090752422553,0.32254975567951083,0.3618303947850608,0.039280639105549964,0.10856091603051744,0.1962025747881585,1.07,0.99,0.08000000000000007,,,plate,-0.018466597899018777,0.06473918055369762,-0.18232816991006565,0.19435981652461518,-0.03116302438999996,-0.130911457512,-0.18974968810700002,0.2326239195219436,0.012696426490981183,0.19565063806569763,0.0074215181969343735,0.1962025747881585,0.37715451332254857,0.6283402304300809,1.8629233187910084,2.6562853896669116,1.092519626113094,1.857411236545328,0.4120075095355382,0.7419282832829087,4.230044593535846,9.688756040481195,2.4250054257640805,6.74757887588079
trial_0020_bite_011_withdrawal,trial_0020_bite_011,trial_0020,withdrawal,retrieval,trial_0020,SUCCESS,0.16930446364238555,0.13761836366017327,0.2832894553768086,0.2869835195643907,0.2869835195643907,0.7474372804432969,0.8930714165470398,1.3527307838326792,1.3843027645113604,1.3843027645113604,0.3315758614244615,0.3618303947850608,0.0302545333605993,0.08361523464210764,0.2869835195643907,1.07,0.99,0.08000000000000007,trial_0015_bite_008_withdrawal,1.7964764204618182,plate,-0.05872722614507388,0.15397179335494787,-0.21075655980771366,0.26753416182165557,-0.03116302438999996,-0.130911457512,-0.18974968810700002,0.2326239195219436,-0.027564201755073917,0.2848832508669479,-0.021006871700713636,0.2869835195643907,0.3838560872341432,0.65077291428805,4.000962820640967,10.180579053637132,1.2686768610958548,4.296461494408601,0.4120075095355382,0.7419282832829087,4.230044593535846,9.688756040481195,2.4250054257640805,6.74757887588079
trial_0020_bite_012_transfer,trial_0020_bite_012,trial_0020,transfer,contextual_promp,trial_0020,SUCCESS,0.03231948934907412,0.03049929112071509,0.04321433156336839,0.04420281565487712,0.028873016872921126,0.11626818977335161,0.12725744944909068,0.18118729141541143,0.1849600881564512,0.18118729141541143,0.3160355454144519,0.3457335552938722,0.029698009879420284,0.08589854650983209,0.028873016872921126,1.45,1.19,0.26,,,mouth_proxy,-0.03765151458709501,0.16350686972019282,0.023906866468058008,0.16948059257838313,-0.0586379865,0.1701013670799999,0.005205751405999937,0.17999996775266414,0.020986471912904994,-0.006594497359807078,0.01870111506205807,0.028873016872921126,0.3549359093360523,0.5447675738246385,1.1615246715066874,1.999423478698765,0.32332100029422145,0.9172884598628368,0.3857665584242716,0.5669142357878104,2.2262739080512053,5.084758189303701,0.4679977802351379,1.2533304332122879
trial_0020_bite_012_transfer,trial_0020_bite_012,trial_0020,transfer,retrieval,trial_0020,SUCCESS,0.06454445672571765,0.05513529858031604,0.10609115494820058,0.10969942814986394,0.10969942814986394,0.3749055379903117,0.42417016456249634,0.6091092030649277,0.6192947126682387,0.6192947126682387,0.45081573551541665,0.3457335552938722,0.10508218022154447,0.3039397785159298,0.10969942814986391,1.45,1.19,0.26,trial_0013_bite_010_transfer,1.482325224307477,mouth_proxy,-0.05145395930491767,0.14042956291997766,-0.10015998461646974,0.17999998496783143,-0.0586379865,0.1701013670799999,0.005205751405999937,0.17999996775266414,0.007184027195082335,-0.02967180416002224,-0.10536573602246968,0.10969942814986394,0.4824689682047649,0.7148373094081627,2.464782844362843,7.3207812793832785,0.6834101636337503,1.3197664714898396,0.3857665584242716,0.5669142357878104,2.2262739080512053,5.084758189303701,0.4679977802351379,1.2533304332122879
trial_0020_bite_012_withdrawal,trial_0020_bite_012,trial_0020,withdrawal,contextual_promp,trial_0020,SUCCESS,0.14101571847854522,0.1141155627553134,0.2063964170413663,0.20706592799713128,0.2040277331690214,0.5986579369027899,0.7380850794917481,1.0039213189402725,1.0122366842131245,0.9576516259661407,0.31600931751330225,0.33114506349911865,0.015135745985816407,0.04570729765946425,0.20402773316902137,1.07,1.23,-0.15999999999999992,,,plate,-0.009175998509597827,0.08469644488644484,-0.18959515438058716,0.20785574153640646,-0.017220038389999998,-0.11916959651199999,-0.190711617107,0.22554122318226646,0.00804403988040217,0.20386604139844483,0.0011164627264128313,0.20402773316902137,0.3640176339237233,0.5981698247556659,1.7883994033994002,2.5339771433563496,1.07383648571696,1.6674054766532973,0.40425906144061136,0.7134924091422016,5.1446095774580956,12.440212141763437,2.142163927805085,8.974563933333785
trial_0020_bite_012_withdrawal,trial_0020_bite_012,trial_0020,withdrawal,retrieval,trial_0020,SUCCESS,0.10680409427840218,0.09931548630709032,0.14171056186284997,0.14339352132404998,0.10821998035972655,0.2901232665860725,0.3531692164744932,0.5793923869691262,0.5853119250224731,0.5707969321651319,0.4467587317547823,0.33114506349911865,0.11561366825566366,0.34913299637930845,0.10821998035972655,1.07,1.23,-0.15999999999999992,trial_0013_bite_011_withdrawal,1.8940073067127878,plate,-0.02953180862612262,-0.01804295358739816,-0.22722718301405673,0.22984748986097403,-0.017220038389999998,-0.11916959651199999,-0.190711617107,0.22554122318226646,-0.012311770236122621,0.10112664292460183,-0.036515565907056735,0.10821998035972655,0.5163906533240051,1.0093583454682624,5.561918573298842,12.836094787729552,1.8126921943465044,5.158273266731541,0.40425906144061136,0.7134924091422016,5.1446095774580956,12.440212141763437,2.142163927805085,8.974563933333785
trial_0020_bite_013_transfer,trial_0020_bite_013,trial_0020,transfer,contextual_promp,trial_0020,SUCCESS,0.03847441301554481,0.03372611427302121,0.060259114627555684,0.06141387471889955,0.025543397265981597,0.09412677562142148,0.10430463311209719,0.16622448909806517,0.1850784610971379,0.1850784610971379,0.3711790905703254,0.3840154419897971,0.012836351419471703,0.03342665428494084,0.025543397265981573,1.45,1.42,0.030000000000000027,,,mouth_proxy,-0.05429302125726891,0.15963810726940147,0.039706078906557585,0.17322999206815476,-0.05066879387000005,0.17182706026699993,0.01755298556599988,0.1799999239292061,-0.0036242273872688635,-0.012188952997598451,0.022153093340557706,0.025543397265981597,0.4122503724922051,0.6191156250574809,1.2599456407968632,1.9833097964366422,0.3498507342353395,0.5647789593873774,0.44734532899948737,0.739426208952783,2.678480357061584,6.73032942460383,0.5973109089420146,1.7862716374313843
trial_0020_bite_013_transfer,trial_0020_bite_013,trial_0020,transfer,retrieval,trial_0020,SUCCESS,0.06948311285531406,0.0649196839912504,0.08814064573146614,0.09781483887976346,0.09781483887976346,0.2882323958898605,0.32792955426882675,0.5433500718239949,0.5525630015466175,0.5525630015466175,0.470558864706109,0.3840154419897971,0.08654342271631194,0.225364433960995,0.09781483887976344,1.45,1.42,0.030000000000000027,trial_0013_bite_005_transfer,0.43994625663412995,mouth_proxy,-0.06753099761745558,0.14856508454181577,-0.07594722446164831,0.1800000024654268,-0.05066879387000005,0.17182706026699993,0.01755298556599988,0.1799999239292061,-0.016862203747455534,-0.023261975725184153,-0.09350021002764819,0.09781483887976344,0.505502139138615,0.6838385215795829,2.228369849216741,5.341703098484535,0.8492280686936985,1.6617632333818801,0.44734532899948737,0.739426208952783,2.678480357061584,6.73032942460383,0.5973109089420146,1.7862716374313843
trial_0020_bite_013_withdrawal,trial_0020_bite_013,trial_0020,withdrawal,contextual_promp,trial_0020,SUCCESS,0.10510594120332747,0.08616495923111252,0.14950890859869204,0.1500231888532524,0.14717626537436146,0.5588016673011864,0.6743990492284462,0.9874342793404497,1.0098751927559053,0.759298186128141,0.32518080927162707,0.3668902172371268,0.04170940796549971,0.11368361980211177,0.14717626537436146,1.07,1.48,-0.4099999999999999,,,plate,-0.0146027317967945,0.03142357068411972,-0.19087468774689237,0.19399439938550456,-0.001441794389999973,-0.11513074051200001,-0.18779626510699998,0.22028300744733612,-0.013160937406794526,0.14655431119611972,-0.0030784226398923864,0.14717626537436146,0.37409176598508015,0.6199225940865222,1.8857371565380443,2.5787413074230834,1.2843913207960833,2.1745032736076535,0.4599991460181351,1.0299769266926904,5.843963720346495,15.193372154187712,2.4799473579551266,7.616389365916844
trial_0020_bite_013_withdrawal,trial_0020_bite_013,trial_0020,withdrawal,retrieval,trial_0020,SUCCESS,0.10622215370319157,0.08982820253719512,0.17802787744839238,0.18068253434920187,0.08382702643895887,0.8132970507776579,0.9858891881825529,1.4785298656798815,1.490156211601948,0.6332283366526759,0.45062337357618654,0.3668902172371268,0.08373315633905976,0.22822400926798692,0.08382702643895887,1.07,1.48,-0.4099999999999999,trial_0019_bite_020_withdrawal,1.031122078226857,plate,-0.01355809517137918,-0.03425582541777414,-0.2062194495623219,0.20948447412043744,-0.001441794389999973,-0.11513074051200001,-0.18779626510699998,0.22028300744733612,-0.012116300781379208,0.08087491509422587,-0.018423184455321928,0.08382702643895887,0.5480530117186208,1.0076946804889724,5.387049923418092,13.086484641337355,1.9047851396048285,4.382369051895217,0.4599991460181351,1.0299769266926904,5.843963720346495,15.193372154187712,2.4799473579551266,7.616389365916844
trial_0020_bite_014_transfer,trial_0020_bite_014,trial_0020,transfer,contextual_promp,trial_0020,SUCCESS,0.01704432859519464,0.01603915142529112,0.02230516787858461,0.02297107182673759,0.020565037751454657,0.10927976621098265,0.12260116687868537,0.1921530969186223,0.19425267288545048,0.19425267288545048,0.304434210836166,0.30984325948408736,0.005409048647921355,0.01745737072650163,0.020565037751454657,1.45,1.48,-0.030000000000000027,,,mouth_proxy,-0.048777575288415906,0.15977504697583572,0.03453088835771195,0.1705863410063079,-0.054452848555000016,0.170618708483,0.018004332268000023,0.18000003439048906,0.0056752732665841105,-0.010843661507164287,0.01652655608971193,0.020565037751454657,0.3448962772630569,0.5427948824009255,1.1348123091303612,1.9459350676795373,0.2837508720229946,0.6151387779263636,0.342090632443511,0.5247368165209405,2.820578876914292,7.834218969438877,0.5388606834436347,1.3209245007013959
trial_0020_bite_014_transfer,trial_0020_bite_014,trial_0020,transfer,retrieval,trial_0020,SUCCESS,0.06171897128622478,0.05544211500056313,0.10001609706728595,0.1117359544605868,0.1117359544605868,0.3100930655703993,0.36333454326409764,0.6066104929952636,0.6312181452938913,0.6312181452938913,0.4225693278177432,0.30984325948408736,0.11272606833365584,0.36381642938224096,0.11173595446058678,1.45,1.48,-0.030000000000000027,trial_0013_bite_005_transfer,1.3224761514923025,mouth_proxy,-0.0638451777083983,0.14239935740820098,-0.08970070891954046,0.18000000246542677,-0.054452848555000016,0.170618708483,0.018004332268000023,0.18000003439048906,-0.009392329153398285,-0.02821935107479903,-0.10770504118754048,0.1117359544605868,0.4523043914571373,0.6149976452121753,2.1494810199663283,5.261430781930231,0.8492280686936985,1.6617632333818757,0.342090632443511,0.5247368165209405,2.820578876914292,7.834218969438877,0.5388606834436347,1.3209245007013959
trial_0020_bite_014_withdrawal,trial_0020_bite_014,trial_0020,withdrawal,contextual_promp,trial_0020,SUCCESS,0.1572896881449483,0.12352368739153638,0.2462620593125169,0.24741454139254623,0.24741454139254623,0.4961439894277003,0.6510782400143882,1.002321139236544,1.0134588457285572,0.9124110679723803,0.29314763574030717,0.3472619172718612,0.05411428153155401,0.1558313159032337,0.24741454139254623,1.07,1.16,-0.08999999999999986,,,plate,-0.004218721028546313,0.07597823600303068,-0.19190877826756278,0.20644483313805045,-0.009959715389999985,-0.17117248851200006,-0.18203377710699994,0.25007101543737836,0.005740994361453672,0.24715072451503073,-0.009875001160562835,0.24741454139254623,0.33355751210341944,0.5427675769037514,1.6640951097797425,2.2966394521950497,1.1903420362253723,1.985834257929474,0.42042033425611075,0.9895546778175959,4.64789188380574,14.288678958296973,2.3686549243351185,8.009839221614385
trial_0020_bite_014_withdrawal,trial_0020_bite_014,trial_0020,withdrawal,retrieval,trial_0020,SUCCESS,0.22055742795440794,0.16650902739134946,0.3799550260266178,0.39416059317085733,0.39416059317085733,0.7047940616346052,0.9202747767678551,1.553372054440273,1.5906839671870312,1.5906839671870312,0.41290074376173225,0.3472619172718612,0.06563882648987107,0.1890182113994503,0.39416059317085733,1.07,1.16,-0.08999999999999986,trial_0015_bite_014_withdrawal,1.7692509051347614,plate,0.0314154216804482,0.22079142918108896,-0.1859013949641647,0.29033620609357447,-0.009959715389999985,-0.17117248851200006,-0.18203377710699994,0.25007101543737836,0.04137513707044818,0.391963917693089,-0.0038676178571647457,0.39416059317085733,0.48215400464424396,0.8252858268303414,2.969252105769037,6.247452457185533,1.189511744126564,2.404010883879481,0.42042033425611075,0.9895546778175959,4.64789188380574,14.288678958296973,2.3686549243351185,8.009839221614385
trial_0020_bite_015_transfer,trial_0020_bite_015,trial_0020,transfer,contextual_promp,trial_0020,SUCCESS,0.0917540784617804,0.07297216068643492,0.16978961276401028,0.17420647367116449,0.024601476810192344,0.06856201477979072,0.07410161491777563,0.11623248061867415,0.13532598453594546,0.1348362673864648,0.3063715308868165,0.39207497841977473,0.08570344753295822,0.21858943378222903,0.024601476810192348,1.45,3.22,-1.7700000000000002,,,mouth_proxy,-0.04823122828149623,0.16354612078044842,0.017039564363705018,0.1713590725861332,-0.068347102719,0.16648876003399996,0.0031858597660000543,0.17999995380607456,0.020115874437503775,-0.0029426392535515378,0.013853704597704963,0.024601476810192348,0.3500493957080396,0.5495481307822037,1.2113490079407392,2.225563646424644,0.3239725977081072,0.920219392235924,0.49251650788242934,1.329788674626957,10.347539245582094,25.43113071908594,1.0676425704159924,2.770969071161699
trial_0020_bite_015_transfer,trial_0020_bite_015,trial_0020,transfer,retrieval,trial_0020,SUCCESS,0.15320184797671751,0.13623705685137116,0.23957213775273464,0.2435234896666945,0.1251149733271988,0.447459065498934,0.5197854150433855,0.7553803097189343,0.7652562888082993,0.7126367694849804,0.44716486103698616,0.39207497841977473,0.05508988261721143,0.1405085395636482,0.1251149733271988,1.45,3.22,-1.7700000000000002,trial_0013_bite_010_transfer,1.3478715416426132,mouth_proxy,-0.05786595205110229,0.1260367364043698,-0.11474435610597372,0.1799999849678315,-0.068347102719,0.16648876003399996,0.0031858597660000543,0.17999995380607456,0.010481150667897718,-0.04045202362963016,-0.11793021587197378,0.1251149733271988,0.47969344706573447,0.7179511508117828,2.4494584206314927,7.330091163390735,0.6834101636337497,1.3197664714898365,0.49251650788242934,1.329788674626957,10.347539245582094,25.43113071908594,1.0676425704159924,2.770969071161699
trial_0020_bite_015_withdrawal,trial_0020_bite_015,trial_0020,withdrawal,contextual_promp,trial_0020,SUCCESS,0.12792359476107937,0.10776643271878728,0.20053276939755424,0.20380456892102974,0.20380456892102974,0.3293850421134147,0.4430304968885247,0.7131773444474427,0.717011079231105,0.7152323661866813,0.3116862690925031,0.33322694353227317,0.02154067443977009,0.06464265527701504,0.20380456892102974,1.07,1.03,0.040000000000000036,,,plate,-0.012924943065692168,0.060815063662934765,-0.19712340316689075,0.2066958204649401,0.025480967610000016,-0.13908987051200006,-0.18715818210699997,0.2345707929793984,-0.038405910675692184,0.19990493417493482,-0.009965221059890783,0.20380456892102974,0.3519889076349691,0.5678474452171691,1.773407526696439,2.475541058379648,1.2209968156488364,2.042276927592282,0.3978991310022148,0.8472453897575063,3.924931184798398,12.115457855024655,2.015309487894416,6.6914581749374875
trial_0020_bite_015_withdrawal,trial_0020_bite_015,trial_0020,withdrawal,retrieval,trial_0020,SUCCESS,0.06758218387800304,0.056847090619540665,0.10132034149647583,0.10351565556824463,0.08835236872793371,0.1998317057607702,0.24445498825647816,0.47674303174462757,0.5003158737518458,0.2460743550850953,0.4009319719349225,0.33322694353227317,0.06770502840264936,0.20317993402622947,0.08835236872793371,1.07,1.03,0.040000000000000036,trial_0019_bite_018_withdrawal,1.60117457655951,plate,0.052933188109180074,-0.05638421528758547,-0.2017283997924507,0.21604501711407614,0.025480967610000016,-0.13908987051200006,-0.18715818210699997,0.2345707929793984,0.027452220499180058,0.08270565522441459,-0.01457021768545072,0.08835236872793371,0.45352135853451125,0.695008622585668,4.03481479487552,10.197734175574169,2.02701903998407,4.806222945567839,0.3978991310022148,0.8472453897575063,3.924931184798398,12.115457855024655,2.015309487894416,6.6914581749374875
trial_0020_bite_016_transfer,trial_0020_bite_016,trial_0020,transfer,contextual_promp,trial_0020,SUCCESS,0.029953139995615323,0.02550153058684591,0.055330143219799184,0.056033788807848185,0.016604034967068602,0.06472267685292257,0.07131267353994131,0.11398962941462379,0.12004318391540825,0.10045583717229506,0.3069320843044446,0.3097263609363841,0.0027942766319395407,0.009021759153763046,0.016604034967068602,1.45,1.62,-0.17000000000000015,,,mouth_proxy,-0.043618721309030814,0.16137442024704338,0.03428445181413409,0.17064501163204257,-0.05753117551199999,0.16819191918499996,0.028312910683999992,0.17999994096200772,0.013912454202969174,-0.006817498937956579,0.005971541130134095,0.016604034967068602,0.3449996622057537,0.5269750121217813,1.1102530068962733,1.8649114186053302,0.26371495489997065,0.6829373744947185,0.37828827296162343,0.7954339016489498,2.7426097065436945,6.056769709413448,0.5690548609440627,1.7406132399172107
trial_0020_bite_016_transfer,trial_0020_bite_016,trial_0020,transfer,retrieval,trial_0020,SUCCESS,0.08830098111865287,0.08218421715066807,0.11454153676880369,0.11517768449954777,0.1137274754948696,0.43172847067324965,0.4749558465596269,0.6441552564611324,0.65062331322578,0.6434173518598435,0.4349997830150855,0.3097263609363841,0.1252734220787014,0.4044648369611387,0.1137274754948696,1.45,1.62,-0.17000000000000015,trial_0013_bite_010_transfer,1.230753961975886,mouth_proxy,-0.061668091791212784,0.14712735048313738,-0.08337016122727697,0.17999998496783146,-0.05753117551199999,0.16819191918499996,0.028312910683999992,0.17999994096200772,-0.004136916279212796,-0.021064568701862574,-0.11168307191127697,0.1137274754948696,0.46429106525465014,0.6849498102692679,2.4619420890075396,7.175903587962183,0.6834101636337502,1.3197664714898483,0.37828827296162343,0.7954339016489498,2.7426097065436945,6.056769709413448,0.5690548609440627,1.7406132399172107
trial_0020_bite_016_withdrawal,trial_0020_bite_016,trial_0020,withdrawal,contextual_promp,trial_0020,SUCCESS,0.05494681154361244,0.05055457084456855,0.07326609864289443,0.0747177336968822,0.07337447857079522,0.25819472116554626,0.30057181436157093,0.4648184833437626,0.503251287080766,0.503251287080766,0.303723402921704,0.3322279456381411,0.028504542716437098,0.08579814880318322,0.07337447857079522,1.07,0.94,0.13000000000000012,,,plate,-0.011130745022627592,0.10617613936684853,-0.1673094165307675,0.1984684028138309,-0.03269608638999996,0.12471319148800006,-0.09966972510699992,0.16296155466627657,0.02156534136737237,-0.01853705212115153,-0.06763969142376758,0.07337447857079522,0.35284250904424613,0.5794040590402776,1.6369929638916658,2.339135809296814,1.015311556686958,1.564424027944834,0.3968019766134757,0.7378940898760245,2.9971330435911194,5.809828917381223,0.7989187384782267,2.486343720928721
trial_0020_bite_016_withdrawal,trial_0020_bite_016,trial_0020,withdrawal,retrieval,trial_0020,SUCCESS,0.14311832471578945,0.09970844470277078,0.271765200905091,0.28458215369775847,0.28458215369775847,0.44180954837206254,0.6085726324350522,1.089380652298193,1.200670038340657,1.200670038340657,0.3324521530673436,0.3322279456381411,0.00022420742920248315,0.0006748602342040405,0.28458215369775847,1.07,0.94,0.13000000000000012,trial_0014_bite_018_withdrawal,1.7915744590678158,plate,-0.030728442859574018,-0.1411726450578687,-0.20109877669723905,0.24761799389853537,-0.03269608638999996,0.12471319148800006,-0.09966972510699992,0.16296155466627657,0.0019676435304259443,-0.2658858365458687,-0.10142905159023913,0.28458215369775847,0.34953961506259323,0.5627124516523886,2.1620225989809705,4.084860926560706,1.7209736312033905,3.6041492872213117,0.3968019766134757,0.7378940898760245,2.9971330435911194,5.809828917381223,0.7989187384782267,2.486343720928721
trial_0020_bite_017_transfer,trial_0020_bite_017,trial_0020,transfer,contextual_promp,trial_0020,SUCCESS,0.030582784306864844,0.026553815846444354,0.05279271063161523,0.05343812490809878,0.015519828447864653,0.048709377962749226,0.05138368632410522,0.0764395415375086,0.08115217427976985,0.08115217427976985,0.29138082478892974,0.29175293511387734,0.00037211032494760543,0.0012754295849752562,0.015519828447864653,1.45,1.19,0.26,,,mouth_proxy,-0.048192320115568746,0.16160814831215717,0.03539112890838597,0.17231432129807328,-0.06136812904400005,0.16671650010399996,0.028974909140999927,0.17999995563615362,0.013175808928431301,-0.005108351791842797,0.006416219767386044,0.015519828447864653,0.3287710099265846,0.5017842490872217,1.0689622718959986,1.8069945170008284,0.250539801397069,0.6750793943869887,0.340590500242234,0.5995545208138201,1.87969260358906,4.664441225807518,0.37951770819125075,1.2664087239696233
trial_0020_bite_017_transfer,trial_0020_bite_017,trial_0020,transfer,retrieval,trial_0020,SUCCESS,0.061410227253207016,0.0536400510679689,0.10170989850841378,0.10339165887913228,0.020590641494606793,0.16347474907742282,0.172549256589051,0.2253246816741583,0.2281187110439247,0.2156782803846275,0.3275422434529909,0.29175293511387734,0.035789308339113535,0.12266991701435398,0.020590641494606793,1.45,1.19,0.26,trial_0014_bite_019_transfer,1.035090025026276,mouth_proxy,-0.06371744786720329,0.1681269517477693,0.008567414331813905,0.17999996015288303,-0.06136812904400005,0.16671650010399996,0.028974909140999927,0.17999995563615362,-0.0023493188232032447,0.0014104516437693226,-0.020407494809186022,0.020590641494606793,0.37435002854485055,0.6535612170605433,2.7315203695341252,7.891689434119929,0.7629619281905505,2.3718478316642275,0.340590500242234,0.5995545208138201,1.87969260358906,4.664441225807518,0.37951770819125075,1.2664087239696233
trial_0020_bite_017_withdrawal,trial_0020_bite_017,trial_0020,withdrawal,contextual_promp,trial_0020,SUCCESS,0.1081049508279564,0.09121541818733407,0.15099340189180946,0.1519566775023115,0.15001594139374647,0.3917993522821264,0.4918840058198264,0.7296683925229135,0.7411728293040188,0.7109991030135359,0.29147368886961755,0.30325572515463445,0.011782036285016895,0.038851818144600786,0.15001594139374647,1.07,1.03,0.040000000000000036,,,plate,-0.008310461545128378,0.06638586169765215,-0.2018126997764579,0.21261352778103182,0.01773889061000003,-0.08128428751200001,-0.19736962010700002,0.21418816628746914,-0.026049352155128408,0.14767014920965216,-0.0044430796694578945,0.15001594139374647,0.33163466611868603,0.5434205239447053,1.7102177094721924,2.375620242277413,1.2977520241169456,2.2544175769481507,0.3632569220950944,0.6362131269283012,3.555523075565492,8.32042297098718,1.9844210637791502,5.03749071265374
trial_0020_bite_017_withdrawal,trial_0020_bite_017,trial_0020,withdrawal,retrieval,trial_0020,SUCCESS,0.16851440572379756,0.12464328180531827,0.2919883005534483,0.30700457422386257,0.30700457422386257,0.5931425647423415,0.7405980659952504,1.212782994694505,1.2805085811469767,1.2804891363530297,0.4187027593270485,0.30325572515463445,0.11544703417241403,0.38069201863722746,0.30700457422386257,1.07,1.03,0.040000000000000036,trial_0015_bite_014_withdrawal,1.3910567350173129,plate,0.0179536456920088,0.2253446253297784,-0.18218830645834047,0.2903362060935745,0.01773889061000003,-0.08128428751200001,-0.19736962010700002,0.21418816628746914,0.0002147550820087718,0.3066289128417784,0.015181313648659545,0.30700457422386257,0.48758120576735975,0.8338310795066911,2.9753136420840125,6.2498144118468915,1.189511744126564,2.4040108838794843,0.3632569220950944,0.6362131269283012,3.555523075565492,8.32042297098718,1.9844210637791502,5.03749071265374
trial_0020_bite_018_transfer,trial_0020_bite_018,trial_0020,transfer,contextual_promp,trial_0020,SUCCESS,0.0626498256537138,0.05182127919734246,0.11102842167712651,0.11268478932057313,0.021634682651916894,0.07738865361563452,0.08250205267097807,0.12595100600530965,0.13479982139289462,0.13458715197673024,0.33600054695812537,0.36794026677621533,0.03193971981808996,0.08680680725144985,0.021634682651916898,1.45,2.0,-0.55,,,mouth_proxy,-0.045018783361898164,0.16258264600575045,0.022845473072292233,0.17024019289672318,-0.049737616357000046,0.17293475809699996,0.004443682836999974,0.18000002043360955,0.004718832995101882,-0.010352112091249505,0.01840179023529226,0.021634682651916898,0.38025314625700823,0.5895116413409958,1.287081099626416,2.3101400052307617,0.3329988270012527,0.8615888338179222,0.474398457698058,0.9128906467783467,3.9347483028516046,10.902505964860024,0.577276800135554,2.072237108749682
trial_0020_bite_018_transfer,trial_0020_bite_018,trial_0020,transfer,retrieval,trial_0020,SUCCESS,0.07671356159128505,0.07027707635229653,0.11073451516751691,0.11247548528583697,0.11247548528583697,0.4047743945615513,0.4463389361487188,0.6316149026228594,0.6359700828797008,0.6359700828797008,0.46512388179255826,0.36794026677621533,0.09718361501634293,0.2641287833697498,0.11247548528583697,1.45,2.0,-0.55,trial_0013_bite_010_transfer,0.9487376551030917,mouth_proxy,-0.06625937641469917,0.13428705796593707,-0.09988331035967846,0.17999998496783157,-0.049737616357000046,0.17293475809699996,0.004443682836999974,0.18000002043360955,-0.016521760057699127,-0.03864770013106289,-0.10432699319667843,0.11247548528583697,0.4968765800439835,0.7261609557704874,2.4876938934678496,7.408104558896862,0.6834101636337506,1.3197664714898423,0.474398457698058,0.9128906467783467,3.9347483028516046,10.902505964860024,0.577276800135554,2.072237108749682
trial_0020_bite_018_withdrawal,trial_0020_bite_018,trial_0020,withdrawal,contextual_promp,trial_0020,SUCCESS,0.11035238115132795,0.09454096087966397,0.16140479248297762,0.16163168191165808,0.16152360987057476,0.23625717037285476,0.30146457914118546,0.5024572712509581,0.5062467656575179,0.5024572712509581,0.31642199919212644,0.3627960351935838,0.04637403600145734,0.127823987868866,0.16152360987057476,1.07,1.07,0.0,,,plate,-0.014575874456471266,0.02054060162945169,-0.1964021068781279,0.19801050481638144,0.041755792610000064,-0.130825299512,-0.19863455010699999,0.24148393260236617,-0.05633166706647133,0.1513659011414517,0.0022324432288720886,0.16152360987057476,0.35633441293109874,0.5752353007808533,1.9151964696134103,2.5191777732543197,1.3406723513233925,2.3606954470794346,0.42474316579011906,0.7524505112598404,3.6155832429397154,7.6129077777378855,1.9001455664390798,5.721071208099593
trial_0020_bite_018_withdrawal,trial_0020_bite_018,trial_0020,withdrawal,retrieval,trial_0020,SUCCESS,0.10234387853746772,0.08095489514575172,0.17885480592135172,0.18113518765266567,0.0969721790043448,0.42895746133292106,0.5366332381491522,0.8983643868432434,0.905613722915328,0.25743766667749907,0.4376349485248731,0.3627960351935838,0.07483891333128934,0.20628371335799234,0.0969721790043448,1.07,1.07,0.0,trial_0019_bite_020_withdrawal,1.3715741517709197,plate,-0.01451398916821281,-0.05193957696941334,-0.2024237371460659,0.2094844741204374,0.041755792610000064,-0.130825299512,-0.19863455010699999,0.24148393260236617,-0.056269781778212874,0.07888572254258666,-0.0037891870390659166,0.0969721790043448,0.5307885161415676,0.954407917771743,5.368684551590609,13.060079539754822,1.904785139604829,4.382369051895219,0.42474316579011906,0.7524505112598404,3.6155832429397154,7.6129077777378855,1.9001455664390798,5.721071208099593
trial_0020_bite_019_transfer,trial_0020_bite_019,trial_0020,transfer,contextual_promp,trial_0020,SUCCESS,0.0411886546641526,0.035140750727477355,0.06785562535560004,0.06889176061375483,0.015173461869530619,0.058072119113624567,0.06107752791805097,0.09101322537903414,0.10027284418047855,0.09971923965319753,0.28030000875615796,0.3006350367423999,0.020335027986241927,0.06764024648153721,0.015173461869530619,1.45,0.99,0.45999999999999996,,,mouth_proxy,-0.03653303851797851,0.16650517413654636,0.021015497161684438,0.17175647597267038,-0.04948338353300004,0.17235180207399997,0.015692016076999937,0.1799999674794139,0.012950345015021528,-0.005846627937453608,0.0053234810846845,0.015173461869530619,0.3238512650500359,0.5076351705434626,1.2037014376698645,2.357529897252419,0.3594061485544534,1.0620523097473353,0.31998496367193774,0.46648868393284837,1.7725151913345327,3.886649487597682,0.510438083240947,1.428011413060647
trial_0020_bite_019_transfer,trial_0020_bite_019,trial_0020,transfer,retrieval,trial_0020,SUCCESS,0.06757881599422409,0.057479596238997135,0.11272334214258757,0.11356885706237708,0.01825640280816379,0.13303506678049654,0.14664466640536086,0.1921085440614713,0.1965365935734614,0.10339038281818198,0.32965294278521,0.3006350367423999,0.029017906042810127,0.09652203667689675,0.01825640280816379,1.45,0.99,0.45999999999999996,trial_0019_bite_019_transfer,1.4217313197060246,mouth_proxy,-0.05627798589988145,0.17097175025793152,-0.0011965918927193675,0.17999995254267562,-0.04948338353300004,0.17235180207399997,0.015692016076999937,0.1799999674794139,-0.006794602366881411,-0.001380051816068456,-0.016888607969719305,0.01825640280816379,0.3876822408342708,0.653060761411539,3.0678721718112945,7.090116070003891,0.757681155330105,2.1855343075025586,0.31998496367193774,0.46648868393284837,1.7725151913345327,3.886649487597682,0.510438083240947,1.428011413060647
trial_0020_bite_019_withdrawal,trial_0020_bite_019,trial_0020,withdrawal,contextual_promp,trial_0020,SUCCESS,0.12461028071601547,0.10686301209748814,0.16842596105812702,0.16897910767204008,0.14899342346906144,0.6599820386423554,0.7270466520208372,0.9161354683954257,0.9288823157945966,0.7894955329075197,0.28177774245610615,0.256607144707209,0.025170597748897128,0.09809001139705989,0.14899342346906144,1.07,0.89,0.18000000000000005,,,plate,-0.005542153591027027,0.08055700894657043,-0.18924005923054224,0.20574728959192512,0.012707647610000067,-0.06719428651199999,-0.195201576107,0.20683377809800216,-0.018249801201027094,0.1477512954585704,0.0059615168764577675,0.14899342346906144,0.3134291593276511,0.49815100025716563,1.6064156302725077,2.2200388329752885,1.2083846429335714,2.0654768231913234,0.28632246202965633,0.5074758557751694,2.9420766861539054,4.875369571035891,1.9730496227221992,5.058400220296692
trial_0020_bite_019_withdrawal,trial_0020_bite_019,trial_0020,withdrawal,retrieval,trial_0020,SUCCESS,0.0767014548483672,0.06623849552048931,0.12667920551277984,0.12848278177204986,0.03266353887021456,0.5330602981454217,0.6130393508759493,0.9449004226940666,0.9570721011900726,0.31951088443526143,0.38401803828014675,0.256607144707209,0.12741089357293772,0.49652122398351245,0.03266353887021456,1.07,0.89,0.18000000000000005,trial_0019_bite_018_withdrawal,1.9152185210128312,plate,0.039260675171506804,-0.05159485775549583,-0.2060874073253605,0.21604501711407617,0.012707647610000067,-0.06719428651199999,-0.195201576107,0.20683377809800216,0.026553027561506737,0.015599428756504163,-0.010885831218360481,0.03266353887021456,0.43355758838521374,0.6434805311433179,4.017972997599746,10.205420083576811,2.02701903998407,4.806222945567852,0.28632246202965633,0.5074758557751694,2.9420766861539054,4.875369571035891,1.9730496227221992,5.058400220296692
