record_id,parent_bite_id,take,phase,outer_fold,generation_status,adaptation_start_phase,virtual_endpoint_error_m,nominal_measured_endpoint_error_m,constrained_measured_endpoint_error_m,nominal_rms_position_error_m,constrained_rms_position_error_m,nominal_mean_position_error_m,constrained_mean_position_error_m,nominal_p95_position_error_m,constrained_p95_position_error_m,nominal_max_position_error_m,constrained_max_position_error_m,rms_orientation_error_rad,final_orientation_error_rad,nominal_path_length_m,constrained_path_length_m,nominal_path_length_absolute_error_m,constrained_path_length_absolute_error_m,adaptation_rms_m,adaptation_max_m,adaptation_first_nonzero_phase,adaptation_at_80pct_m,adaptation_at_90pct_m,adaptation_at_100pct_m,constrained_first_derivative_rms,nominal_first_derivative_rms,constrained_second_derivative_rms,nominal_second_derivative_rms,constrained_third_derivative_rms,nominal_third_derivative_rms,near_adaptation_start_first_derivative_change_max,near_adaptation_start_second_derivative_change_max,near_adaptation_start_third_derivative_change_max,near_endpoint_first_derivative_change_max,near_endpoint_second_derivative_change_max,near_endpoint_third_derivative_change_max,nominal_early_rms_position_error_m,constrained_early_rms_position_error_m,nominal_middle_rms_position_error_m,constrained_middle_rms_position_error_m,nominal_late_rms_position_error_m,constrained_late_rms_position_error_m,nominal_last20_rms_position_error_m,constrained_last20_rms_position_error_m,nominal_last10_rms_position_error_m,constrained_last10_rms_position_error_m
trial_0012_bite_001_transfer,trial_0012_bite_001,trial_0012,transfer,trial_0012,SUCCESS,0.5,0.0,0.05348397870407137,0.03466370898042633,0.0463935708330787,0.04016337477248538,0.0447107522338099,0.03880327752988465,0.05564266936679683,0.04989475123593395,0.05604731418420054,0.050460809666166805,0.17206806440804742,0.21239043672884822,0.4723195942926935,0.5032966182905492,0.02287376860293394,0.008103255394921738,0.019080885445041978,0.04278414199360844,0.51,0.029202743959157403,0.04030608448933869,0.04278414199360844,0.5441896099871164,0.5229386376203838,1.6492659833871814,1.6068810663286341,14.092093858886635,12.433325740007207,0.0012882613200125596,0.19413595361762923,14.539215178068721,0.004048762616064886,0.35519736956208436,13.437985590454481,0.04101901700003744,0.04092907393568839,0.05176122956582852,0.04203969472344445,0.05470728245104349,0.03589979423063175,0.05470728245104349,0.03589979423063175,0.05392540489380773,0.03528005043335221
trial_0012_bite_002_transfer,trial_0012_bite_002,trial_0012,transfer,trial_0012,SUCCESS,0.5,0.0,0.02911256441409682,0.02896505569693415,0.07617193159089745,0.07481309484700088,0.06695023644542676,0.06401238848993737,0.12801883406796377,0.12801883406796377,0.12965948606506086,0.12965948606506086,0.1644268888818362,0.1699527293959509,0.5904485168775665,0.6215619787074033,0.04174528046057824,0.010631818630741474,0.016103665463438374,0.036108466338722355,0.51,0.024646194784158353,0.034017063968383596,0.036108466338722355,0.6723087159632158,0.6465271691130677,1.998410557379893,1.9620244312918458,13.650867621757753,13.179329027039545,0.0010872519195550098,0.16384462138772027,12.270639012179656,0.003417027941276285,0.29977537622123873,11.34123597534929,0.09302785063638938,0.09299968354885989,0.043609966764078176,0.03786202685594558,0.036988438171858984,0.02902362359242475,0.036988438171858984,0.02902362359242475,0.034347524079704234,0.0297824657314603
trial_0012_bite_003_transfer,trial_0012_bite_003,trial_0012,transfer,trial_0012,SUCCESS,0.5,0.0,0.040761018440333995,0.04884882984458095,0.048240974169546286,0.04881720098993296,0.04428839920440582,0.044906192377821376,0.07298484626169431,0.07298484626169431,0.07455589686951186,0.07455589686951186,0.23280369894241293,0.2760801150662531,0.6028692083070832,0.6304820709236008,0.04888255218941007,0.021269689572892547,0.013282447947657084,0.029782587430340464,0.51,0.020328402876453183,0.02805757996637517,0.029782587430340464,0.6873305333930113,0.6648812160736622,2.06408509679212,2.0425890637958677,16.325097225378943,15.947553250562885,0.0008967751509902056,0.1351405156812777,10.120933295206987,0.002818395344138629,0.24725742345358107,9.354353320787355,0.050620390010676745,0.05058924434626241,0.046417415835588734,0.045328171325601276,0.04265553474077425,0.046825852360803354,0.04265553474077425,0.046825852360803354,0.042706610039248714,0.04897503167143087
trial_0012_bite_004_transfer,trial_0012_bite_004,trial_0012,transfer,trial_0012,SUCCESS,0.5,0.0,0.04307654609587359,0.046812194943455884,0.06465309156750379,0.0632713286523412,0.05785884081258381,0.05610364742417527,0.09409728634711635,0.09409728634711635,0.09434607508533539,0.09434607508533539,0.21514663073037749,0.282095770384205,0.6162002979484926,0.6449924928013256,0.05071189383092112,0.021919698978088098,0.013932683483991924,0.03124057896831015,0.51,0.021323569580609786,0.02943112463446561,0.03124057896831015,0.7061480363162463,0.682600835523961,2.1666075382503633,2.1489788494905224,18.094092119183994,17.63918777174972,0.0009406763259519345,0.14175625142818976,10.616398477184063,0.0029563684659178976,0.2593617858408673,9.812290966945964,0.07108466823660152,0.07101601692587703,0.06210025981024652,0.05654891532087859,0.04465294652698333,0.0424136590152752,0.04465294652698333,0.0424136590152752,0.04388680573339797,0.0446988086003528
trial_0012_bite_005_transfer,trial_0012_bite_005,trial_0012,transfer,trial_0012,SUCCESS,0.5,0.0,0.040841173170930445,0.008534906208704987,0.05717728284818785,0.052354402530519754,0.05369291047514642,0.04503263898004086,0.0810704937369184,0.0810704937369184,0.08178353332135921,0.08178353332135921,0.08427266854245483,0.053138643535762344,0.5513927389096188,0.5836298439232772,0.042351073176232656,0.01011396816257426,0.018244581269176333,0.04090893778921547,0.51,0.027922804577406923,0.03853949211246411,0.04090893778921547,0.6270645010684636,0.5993804303938122,1.8802010029237657,1.8174554815207005,13.930396593529505,13.366953095397129,0.0012317975712671408,0.18562708702636543,13.901969783896092,0.0038713076917289966,0.33962927424069317,12.849006452316678,0.06385036375139812,0.06377176545381802,0.04898876472523853,0.038325244342921755,0.04230461564754823,0.012822150982906204,0.04230461564754823,0.012822150982906204,0.04181918050786599,0.010369750609322676
trial_0012_bite_006_transfer,trial_0012_bite_006,trial_0012,transfer,trial_0012,SUCCESS,0.5,0.0,0.03274688897488642,0.0458085779137944,0.06314503138046909,0.06288308841542405,0.05488102839199603,0.05490118470159729,0.10381315917176516,0.10381315917176516,0.10494883141725385,0.10494883141725385,0.13983929525784702,0.2730459023727183,0.5835696974983693,0.6157225722826644,0.042843879745488644,0.010691004961193573,0.017181095044213505,0.03852433431847459,0.51,0.026295169632418045,0.03629300487474853,0.03852433431847459,0.663895406548338,0.6373581610334162,1.9828731785459293,1.941415997924608,13.7584988019206,13.257283734237115,0.0011599954438489088,0.17480678662491317,13.091616663319934,0.0036456471330109813,0.31983210545843754,12.100031117451596,0.07076431450587478,0.07069157526019285,0.061588492203890205,0.05700664041401968,0.03545530647632216,0.04056123758499123,0.03545530647632216,0.04056123758499123,0.034022434766302984,0.043277513925983994
trial_0012_bite_007_transfer,trial_0012_bite_007,trial_0012,transfer,trial_0012,SUCCESS,0.5,0.0,0.0338087489917602,0.010518934109764084,0.05333159870328801,0.04897206694553138,0.048130553871500975,0.039978532655571386,0.08137132815495017,0.08137132815495017,0.08165836684282178,0.08165836684282178,0.07142094640485089,0.07446908342764544,0.587739434868899,0.6220962289258135,0.016704031986835455,0.017652762070079042,0.019207207751995022,0.043067388362504996,0.51,0.02939607660071143,0.040572925228548724,0.043067388362504996,0.67097518028922,0.6413420454474367,2.0328497818650195,1.9641257455037031,15.234768332600881,14.61493895350625,0.0012967900721142789,0.19542120327730023,14.635469998545215,0.004075566877084824,0.35754890357656677,13.526949876037936,0.0595292809492644,0.0594415544050035,0.04788325934823399,0.03755293603833477,0.03702634423058143,0.009813096025486077,0.03702634423058143,0.009813096025486077,0.03550352700774275,0.00933767390397427
trial_0012_bite_008_transfer,trial_0012_bite_008,trial_0012,transfer,trial_0012,SUCCESS,0.5,0.0,0.057333173151383934,0.024408160735516965,0.09175677103107305,0.08662759739328081,0.08030686551343037,0.0714758256200162,0.14620592126678614,0.14620592126678614,0.1477764101917266,0.1477764101917266,0.20262652776088128,0.14216409648214504,0.6097582219716643,0.6423658670504926,0.0325441206236301,6.352445519819394e-05,0.017653755196315644,0.03958415720355528,0.51,0.027018562340858684,0.03729144281832537,0.03958415720355528,0.6955830231456729,0.6686102247064989,2.1241785081058966,2.0808259305553074,15.54648152753026,15.010718745093602,0.00119190747399237,0.17961580503382504,13.451773306841435,0.0037459406314190274,0.3286308398363622,12.432908767749774,0.10214809007517786,0.1020569157273911,0.08547517229566239,0.07540945591795187,0.06101356917583524,0.0302921017045608,0.06101356917583524,0.0302921017045608,0.05859427742862221,0.02483207018628309
trial_0012_bite_009_transfer,trial_0012_bite_009,trial_0012,transfer,trial_0012,SUCCESS,0.5,0.0,0.06368908668849058,0.017579225735338967,0.07195998718435745,0.06910020575194221,0.05829238011260849,0.05235244397585646,0.14118461493487375,0.14118461493487375,0.1484804004332172,0.1484804004332172,0.19092723593039093,0.09782076537464529,0.5852889562414243,0.6223302778773739,0.06958407190780103,0.032542750271851384,0.021005816608691052,0.04710032157923054,0.51,0.032148795497119624,0.04437227095336156,0.04710032157923054,0.6668007871763968,0.6359267362186649,2.0340554229711665,1.9589523327407758,14.506590700677624,13.597709038945641,0.0014182245949838086,0.2137209119876423,16.00597040135711,0.004457212703787432,0.3910306377762075,14.793645804218981,0.07883446938062978,0.0788865463110169,0.06754835787528515,0.07032064258976352,0.052939403152221697,0.021792959887123882,0.052939403152221697,0.021792959887123882,0.05937716279966351,0.016558266074718168
trial_0012_bite_010_transfer,trial_0012_bite_010,trial_0012,transfer,trial_0012,SUCCESS,0.5,0.0,0.061834648249084204,0.022619101820910172,0.05908356423115539,0.04978783722108662,0.05317724593796429,0.043188258848640415,0.08221607251630392,0.08124846151011987,0.08258348424894178,0.08189560952552002,0.12431531481511472,0.1258624122660109,0.5914621150825233,0.625165218110087,0.05295641997815348,0.01925331695058985,0.018132055232019276,0.04065662612550509,0.51,0.02775058672822476,0.03830179434031586,0.04065662612550509,0.6743766465724527,0.6451973734472313,2.0004425628811187,1.9193182124800214,14.488408682033674,13.767777959221187,0.0012242002854106384,0.1844822056952022,13.816227417667529,0.0038474308536310016,0.3375345626241055,12.769758386471917,0.0500093392440061,0.0498772109034634,0.07685490229990688,0.06490141114983301,0.06339147567001856,0.02832941329900932,0.06339147567001856,0.02832941329900932,0.061946935377192154,0.023593750710524327
trial_0012_bite_011_transfer,trial_0012_bite_011,trial_0012,transfer,trial_0012,SUCCESS,0.5,0.0,0.03878001906836635,0.009790073815655071,0.07477843295734425,0.07091210073613696,0.06616583086873937,0.05851094712436553,0.11670050360806679,0.11670050360806679,0.11763468741120102,0.11763468741120102,0.1428838005737292,0.08955499666804936,0.5923355756903872,0.6245262074108261,0.030110344292281543,0.002080287428157357,0.016658421953031865,0.037352369851009884,0.51,0.025495233565505322,0.03518892058923939,0.037352369851009884,0.6735497165192703,0.6467397877962776,1.986226946394535,1.935275157489811,13.777807655847948,13.244957161244436,0.0011247067499194955,0.1694889181600447,12.693351259837648,0.0035347414164983797,0.3101023626926295,11.731931141773105,0.08472888336077566,0.08463717535204142,0.06888619656980469,0.05979547743787281,0.043165261330450407,0.01767976995274305,0.043165261330450407,0.01767976995274305,0.040622598995146794,0.012168918863328413
trial_0012_bite_012_transfer,trial_0012_bite_012,trial_0012,transfer,trial_0012,SUCCESS,0.5,0.0,0.0544587099097167,0.016773645021762207,0.04350733182641259,0.03411973534082201,0.04089109603786814,0.03133943621212369,0.05513016739849865,0.04931406270367405,0.055436641130804716,0.04984618507617909,0.11811263233406698,0.09654541642736032,0.6089190323610306,0.6423659875767735,0.026309993859658376,0.007136961356084548,0.01746010735766625,0.03914995006734065,0.51,0.026722189917964035,0.0368823849594403,0.03914995006734065,0.695941349141174,0.6670038265642474,2.08017943786761,2.004314364671714,15.078175620722833,14.38972723624295,0.0011788331844920898,0.1776455606271832,13.304217911519899,0.003704850602757518,0.32502601745514725,12.296529516748354,0.03716570532017424,0.03707293495953425,0.04764202148364448,0.0363208411962212,0.05473270844589421,0.02039090578997436,0.05473270844589421,0.02039090578997436,0.05471364179917062,0.017225012925307082
trial_0012_bite_013_transfer,trial_0012_bite_013,trial_0012,transfer,trial_0012,SUCCESS,0.5,0.0,0.06498292587785885,0.04300940963919235,0.05260311667758547,0.04529061588738758,0.047249104986254155,0.04068753203830732,0.06807938039532492,0.0668710679881815,0.06914256376614461,0.0679472333284602,0.23358854840357018,0.24461820323764163,0.6200202154552625,0.6545194915882641,0.008487897864232208,0.026011378268769314,0.01899930253233067,0.042601212593830526,0.51,0.029077883668044962,0.040133750360395896,0.042601212593830526,0.7089474955511177,0.6793038561166477,2.1632682348778647,2.0867449869937005,15.68612681304021,14.917630850325361,0.0012827531840730946,0.19330589902697434,14.477050792369564,0.00403145158256667,0.3536786750508025,13.380529661194583,0.04418649171857129,0.04411453134251526,0.058917219897019146,0.05026502188770477,0.0665132773255036,0.043577116969986084,0.0665132773255036,0.043577116969986084,0.06535556757814896,0.04203513240791036
trial_0012_bite_014_transfer,trial_0012_bite_014,trial_0012,transfer,trial_0012,SUCCESS,0.5,0.0,0.04714911982404814,0.04372370451332225,0.06079532612677948,0.05614126621134698,0.05618382899971548,0.050702720807052196,0.08508908653521383,0.08508908653521383,0.08626862564198,0.08626862564198,0.17944510731450464,0.35709219554892135,0.5634136125107981,0.5999712587079766,0.009806168067991616,0.02675147812918688,0.018555822782145334,0.04160681950563399,0.51,0.02839915072176552,0.03919695251986765,0.04160681950563399,0.6377970654553065,0.6082017381953827,1.8119962318236524,1.7300064712274383,14.958421278546986,14.204498685615507,0.001252811292225732,0.18879377277064063,14.139128973496714,0.003937349857640572,0.34542314408136504,13.06820272484738,0.061302176679396206,0.06118540618612834,0.06874027321380578,0.05767216940469847,0.050389589059325314,0.03598624119786604,0.050389589059325314,0.03598624119786604,0.04785213438672677,0.039205701893979365
trial_0012_bite_015_transfer,trial_0012_bite_015,trial_0012,transfer,trial_0012,SUCCESS,0.5,0.0,0.07541783319243085,0.059802460729949734,0.06112022057018568,0.05845345689139716,0.05768904644625752,0.055223960726919714,0.07442645699465125,0.07433246924470022,0.07541783319243085,0.07450798346418928,0.27548715677711333,0.36337933283011553,0.6022789171849237,0.6328497787109093,0.016043524219606864,0.014527337306378785,0.014515851662508137,0.032548188629699035,0.51,0.02221609163108736,0.03066299754426687,0.032548188629699035,0.6842012230741465,0.6592393956804103,1.9909976301140846,1.9432866342414452,14.667868607538335,14.188235941502555,0.0009800493943360861,0.14768961918406492,11.060759807097437,0.0030801106018276,0.27021766585857254,10.222995470317377,0.05660794108824272,0.05658781255404314,0.06456050030708133,0.0632524293868788,0.06958212481334985,0.05893872549887393,0.06958212481334985,0.05893872549887393,0.07272979994825497,0.05903627664593006
trial_0013_bite_001_transfer,trial_0013_bite_001,trial_0013,transfer,trial_0013,SUCCESS,0.5,0.0,0.02934468545649173,0.030409104289087406,0.031233600883410366,0.031497668167635495,0.028689955219962156,0.029045347533896048,0.05034167420555113,0.05034167420555113,0.050883708334780106,0.050883708334780106,0.1380535774342213,0.1691679603113959,0.39515542282520244,0.39257962371196714,0.015338324914228596,0.012762525800993296,0.0020482684625394536,0.004592732816028138,0.51,0.0031348157109081817,0.004326721731323779,0.004592732816028138,0.4371221069002271,0.43861284938405865,1.3424841361251332,1.3428410456466895,8.27921657376131,8.265052651156477,0.00013829049185778083,0.020839837458550985,1.5607355332225392,0.0004346209615214344,0.0381292352572085,1.44252226469287,0.03604624820840099,0.03605159377437779,0.018745869513383247,0.01940269265807905,0.025393331678299366,0.026448583211495562,0.025393331678299366,0.026448583211495562,0.027402441952846125,0.028456665977437387
trial_0013_bite_002_transfer,trial_0013_bite_002,trial_0013,transfer,trial_0013,SUCCESS,0.5,0.0,0.013092985982514337,0.013738966997916387,0.05284497861363332,0.05297771600360423,0.04249665430991513,0.042863540970779844,0.09147255662121016,0.09147255662121016,0.09241550055033186,0.09241550055033186,0.04948166377712833,0.08012117348385057,0.4661874513271386,0.46322278494421565,0.013264166229911223,0.010299499846988247,0.0022307836767877596,0.00500197780965722,0.51,0.003414149973759639,0.004712263254921881,0.00500197780965722,0.5153031812267526,0.517410772542228,1.6241774747351887,1.6224411513513886,9.503396017152067,9.515472257108256,0.00015061315327318534,0.022696814445856438,1.6998081135167848,0.0004733487647172634,0.041526819933843016,1.5710612062851284,0.06501773350253959,0.06502378103994637,0.03613508580454259,0.036879205487208994,0.01046203913872159,0.011091471836728983,0.01046203913872159,0.011091471836728983,0.01204812347282591,0.012169120968905251
trial_0013_bite_003_transfer,trial_0013_bite_003,trial_0013,transfer,trial_0013,SUCCESS,0.5,0.0,0.03375437230620142,0.0306937032668161,0.048372224844020394,0.04773315483103289,0.043310186681235374,0.04261341746820901,0.07295113548285652,0.07283119265136603,0.0732694959996296,0.07317147540566675,0.11659248666771288,0.18130924065785473,0.45054868617891924,0.44971280812492426,0.00042156466017501115,0.0004143133938199761,0.001616554240794745,0.0036247210003822823,0.51,0.002474089566020928,0.003414777160040126,0.0036247210003822823,0.4924071248029077,0.49295284976013254,1.5009491353687776,1.4979786002484574,10.725421756006057,10.684815913661032,0.00010914295912030803,0.016447418020405526,1.2317787883444384,0.00034301575762066657,0.030092723723120125,1.1384813695577465,0.042816136975992306,0.042809700126097416,0.066473327858331,0.06580383074030159,0.042515949000887496,0.039976631737929626,0.042515949000887496,0.039976631737929626,0.03589716365639169,0.0328798011847048
trial_0013_bite_004_transfer,trial_0013_bite_004,trial_0013,transfer,trial_0013,SUCCESS,0.5,0.0,0.00949041228692203,0.008768017191013213,0.014655146354042256,0.01457285345950088,0.013802419321065278,0.013673542270642084,0.01997260743680615,0.01997260743680615,0.02037560640247701,0.02037560640247701,0.04677223796478942,0.05047649127817515,0.42302828891386407,0.42063196510078965,0.004392495050990319,0.0067888188640647384,0.0013682051510770681,0.003067859907689891,0.51,0.0020939984585927954,0.002890169461836493,0.003067859907689891,0.470014703597707,0.4715712791441675,1.4595589473052328,1.4582073321457645,8.911526214696561,8.93123504043709,9.23754706789024e-05,0.013920622945576128,1.042542242428295,0.00029031870049926647,0.025469618382706956,0.9635779826967166,0.01630295410241853,0.016301129643980148,0.013871551213200993,0.013879300909464919,0.009503200892719634,0.008871743046271464,0.009503200892719634,0.008871743046271464,0.009640184413241763,0.008763722047581817
trial_0013_bite_005_transfer,trial_0013_bite_005,trial_0013,transfer,trial_0013,SUCCESS,0.5,0.0,0.118189906951901,0.12198104726260489,0.06224181232470981,0.06357453462073655,0.05400536044624682,0.05488413791607391,0.10770963856820763,0.11143848152383873,0.118189906951901,0.12198104726260489,0.3983853978343261,0.6980144293936927,0.38296293244662954,0.38086721048960537,0.09602779480233392,0.0981235167593581,0.0016989557298305242,0.0038094858540650835,0.51,0.002600202664550687,0.0035888404333976427,0.0038094858540650835,0.4281353148954396,0.42954370382732465,1.3647132044536463,1.3595606843155505,9.116609590862238,9.112202155115643,0.00011470636189490714,0.017285801107718383,1.294566911234534,0.0003605004843776632,0.031626656319183405,1.1965137929209508,0.039001950659496125,0.03900646997017392,0.06868615872106952,0.06969610255876428,0.09895969983883503,0.1023003631858017,0.09895969983883503,0.1023003631858017,0.10786422825505261,0.11155226678013595
trial_0013_bite_006_transfer,trial_0013_bite_006,trial_0013,transfer,trial_0013,SUCCESS,0.5,0.0,0.007096947464361046,0.001395239296659057,0.03726875128387557,0.03667386823556002,0.03280332280814974,0.031603289433067346,0.05861514791935229,0.05861514791935229,0.05920362746138131,0.05920362746138131,0.09925434090299098,0.11342894882119822,0.4356128205563174,0.43129571829587293,0.009201196848927284,0.013518299109371745,0.00287282373147857,0.0064415930174836185,0.51,0.004396773730013616,0.006068495949910967,0.0064415930174836185,0.47693164935156235,0.4797015883176012,1.5502870207009953,1.5500463738133323,10.426813771015096,10.41365767313262,0.00019396100370418893,0.029229166345201833,2.1890285186666105,0.0006095828917431589,0.053478620558527715,2.023227067661675,0.0416751625943854,0.04166628635854307,0.03797409924952848,0.03667454344494874,0.018561541315091377,0.015082354676978495,0.018561541315091377,0.015082354676978495,0.011301204280110774,0.006707622807533633
trial_0013_bite_007_transfer,trial_0013_bite_007,trial_0013,transfer,trial_0013,SUCCESS,0.5,0.0,0.01847323083701047,0.019860434445601448,0.01911121209311202,0.019199434789686932,0.017950632312871074,0.01804932427847174,0.02863646642745987,0.02863646642745987,0.02892829171047846,0.02892829171047846,0.08102442877051921,0.12157509266731553,0.40314742967573924,0.40137112229152877,0.01998528760135837,0.021761594985568844,0.0012774032824044042,0.0028642592910536327,0.51,0.0019550288217015785,0.002698361392915805,0.0028642592910536327,0.4507903779172305,0.4519760409045823,1.4314926581751504,1.4279473501613058,9.37030977993244,9.375249770310045,8.624490952143578e-05,0.012996771302682989,0.9733532149411378,0.00027105150179562265,0.023779309774911668,0.8996294721797232,0.021410681114828585,0.02141001129097561,0.015750173587102196,0.01555048746067887,0.014512204856814821,0.015260873885155022,0.014512204856814821,0.015260873885155022,0.01613316715767161,0.01728856531883838
trial_0013_bite_008_transfer,trial_0013_bite_008,trial_0013,transfer,trial_0013,SUCCESS,0.5,0.0,0.0094882770801375,0.011010960957369531,0.0804805658359642,0.0802087825362216,0.06576548332831159,0.06535831042967931,0.13259626488174592,0.13259626488174592,0.13415529710252894,0.13415529710252894,0.12784167230181975,0.12351048506376623,0.4350099033761487,0.43150885371876885,0.03488291110361613,0.03838396076099598,0.0020985561416060347,0.00470549043453125,0.51,0.00321177955099365,0.004432948428563195,0.00470549043453125,0.48683877878616705,0.48920626180768984,1.5893269217209645,1.5861589414633899,11.412483420168053,11.465311005013273,0.00014168570493593803,0.021351482820027027,1.599053639005002,0.00044529147655661394,0.039065358026902655,1.4779380796251753,0.09008451227055374,0.09007416251435008,0.08681907479689382,0.08604084598326216,0.02805188489701939,0.026651632381195216,0.02805188489701939,0.026651632381195216,0.014307124459458994,0.013811018474870325
trial_0013_bite_009_transfer,trial_0013_bite_009,trial_0013,transfer,trial_0013,SUCCESS,0.5,0.0,0.09142742535120721,0.0957405499943761,0.044212323845929546,0.04588739820922951,0.03683891215007919,0.03786355153989428,0.08213825764350312,0.08638804656002619,0.09142742535120721,0.0957405499943761,0.2526685301933759,0.5390428721991606,0.3872261161195426,0.3827810468464334,0.07884645617871588,0.08329152545182511,0.002387509797879566,0.005353397173198427,0.51,0.0036540147745382973,0.005043328408926792,0.005353397173198427,0.43658466266128954,0.4394171608646872,1.5015365171622683,1.4968523219484826,11.65234782040111,11.70629647713315,0.0001611946433307635,0.024291403704349533,1.8192299718553155,0.0005066043943808698,0.04444433160354348,1.681437811340238,0.022500711109991738,0.022498872259314226,0.046402335940483916,0.047728513471633184,0.07683849231423,0.08069307210923748,0.07683849231423,0.08069307210923748,0.08263365177786455,0.0868429633400615
trial_0013_bite_010_transfer,trial_0013_bite_010,trial_0013,transfer,trial_0013,SUCCESS,0.5,0.0,0.11445199482465328,0.1192688240233268,0.07733344135336409,0.07886671287742912,0.07088204207355242,0.07200264837656793,0.11141668308888515,0.11612749539162877,0.11445199482465328,0.1192688240233268,0.461864349306679,0.6760383891394898,0.37988562453290137,0.37529345347694004,0.11629911491097406,0.12089128596693538,0.0028033160046002314,0.006285739219976092,0.51,0.004290394161986882,0.0059216692043550755,0.006285739219976092,0.4206967103952843,0.4236484048542122,1.3606781224124795,1.3566881522013845,8.3513925973527,8.352726306225234,0.000189268133646063,0.02852196914091653,2.1360651590480426,0.0005948340853017785,0.05218470986326808,1.974275260112646,0.05657710144464893,0.056588007434575635,0.09189159001103941,0.09319929080910226,0.10758987063738397,0.11177389744220838,0.10758987063738397,0.11177389744220838,0.11112289134484415,0.11578762523120757
trial_0013_bite_011_transfer,trial_0013_bite_011,trial_0013,transfer,trial_0013,SUCCESS,0.5,0.0,0.020511855763930102,0.021776080831813895,0.02408737032955063,0.024429644684225774,0.021268951685770813,0.02175096142058083,0.03880952660551607,0.03880952660551607,0.03938004537263395,0.03938004537263395,0.07128264806671361,0.15588038195575052,0.41282201616113917,0.40913168628195673,0.013088330596732367,0.01677866047591481,0.0022576279034166548,0.005062169314244748,0.51,0.0034552342871309125,0.004768968467563692,0.005062169314244748,0.45609489834179073,0.45851773721995515,1.4140401938842264,1.413492427932318,8.340713775710462,8.361759975369033,0.00015242556281375635,0.022969937490843365,1.7202628239856128,0.00047904482643857695,0.04202653462063378,1.5899666356139013,0.028714648095348957,0.028711736228932996,0.009991150017255878,0.010792198755689418,0.01842878165747242,0.020102478599504287,0.01842878165747242,0.020102478599504287,0.019896167199101308,0.021337154679075196
trial_0013_bite_012_transfer,trial_0013_bite_012,trial_0013,transfer,trial_0013,SUCCESS,0.5,0.0,0.033836819977296845,0.03801959409999617,0.04955479680984751,0.05059108460221485,0.04639506058007449,0.04763042225394845,0.06777790270409798,0.06777790270409798,0.0686600543372745,0.0686600543372745,0.2467081306043975,0.2857448113678308,0.3993414799187222,0.39554170952852824,0.021664743464366143,0.02546451385456011,0.0026741502733890854,0.005996117179072231,0.51,0.004092709741747536,0.005648822072060349,0.005996117179072231,0.44253602416652227,0.44512022646361493,1.4149570347632787,1.410254637112743,8.70081669479835,8.701564374589939,0.00018054740546626308,0.02720778943605456,2.0376437118399333,0.000567426479646235,0.04978024451013591,1.8833084525498207,0.05316491658847383,0.053178551152362544,0.04938537216135826,0.05107300815329698,0.037578277382344254,0.041781005349134946,0.037578277382344254,0.041781005349134946,0.03580472993935422,0.04013048345506456
trial_0014_bite_001_transfer,trial_0014_bite_001,trial_0014,transfer,trial_0014,SUCCESS,0.8,0.0,0.037825040806029366,0.03603875960181127,0.05120219375263523,0.05106825356992901,0.04699893572024905,0.046814017565610155,0.08133024509348952,0.08133024509348952,0.08268594756702662,0.08268594756702662,0.1725390223116672,0.2036091305144612,0.4450895027050561,0.4454935700115906,0.014467426183649101,0.01487149349018363,0.0009864437356855585,0.0034337429199743554,0.81,0.0,0.0017168714599871974,0.0034337429199743554,0.479630195292616,0.4794794140658481,1.4118573642673278,1.4151006881127064,12.834924003355368,12.704038159448013,0.0014696419697505373,0.2085623258253692,13.83798396748063,0.004370081692466963,0.3502417778374024,9.472301758104955,0.058956654257080784,0.058956654257080784,0.03763027658029927,0.03763027658029927,0.036458815624644446,0.03554382915393412,0.036458815624644446,0.03554382915393412,0.03794539618887932,0.036448959261258226
trial_0014_bite_002_transfer,trial_0014_bite_002,trial_0014,transfer,trial_0014,SUCCESS,0.8,0.0,0.05012425111907355,0.052057162873607794,0.03480131817533482,0.035023775489761357,0.03294711734174794,0.033110004336039243,0.04715563818035253,0.04856834649351448,0.05012425111907355,0.052057162873607794,0.17327456188069978,0.3625771231244406,0.4366678795000828,0.43241196864605197,0.029502081505152433,0.03375799235918325,0.0016853423835125354,0.005866561130419678,0.81,0.0,0.002933280565209839,0.005866561130419678,0.4780039095649971,0.4790791306341409,1.5085113785492172,1.4752270149183988,11.860822101256732,9.185502873763363,0.0025108881638205645,0.35632942316051064,23.64224135559216,0.007466299018673138,0.598389235302941,16.183458868357427,0.03151868428755383,0.03151868428755383,0.03384419174202021,0.03384419174202021,0.04353984085448293,0.044389464622414235,0.04353984085448293,0.044389464622414235,0.04700720814867357,0.04837632721931094
trial_0014_bite_003_transfer,trial_0014_bite_003,trial_0014,transfer,trial_0014,SUCCESS,0.8,0.0,0.02038153303397312,0.018963890298740987,0.02518087966755748,0.025016997830994304,0.022754612773230216,0.02255857844865394,0.03637262945995505,0.03637262945995505,0.03694773034894426,0.03694773034894426,0.13142022827844796,0.10710962710134822,0.4235290016268111,0.42022856359542765,0.004841382060571886,0.001540944029188418,0.0014384582245122804,0.005007174322684722,0.81,0.0,0.0025035871613423816,0.005007174322684722,0.46777784447650483,0.4685304808867668,1.5770668240197634,1.5555374516087834,13.542099571143826,11.906920974272813,0.002143070610108711,0.3041310741338728,20.1789125204198,0.006372568170801459,0.5107317809139486,13.812759791732043,0.022737308527607445,0.022737308527607445,0.03252294193546269,0.03252294193546269,0.023772532966496923,0.02292526288009137,0.023772532966496923,0.02292526288009137,0.021083247384356046,0.019612910808702557
trial_0014_bite_004_transfer,trial_0014_bite_004,trial_0014,transfer,trial_0014,SUCCESS,0.8,0.0,0.01217195542444712,0.01151811204662986,0.009791136488908973,0.009667648739481748,0.009415308267449069,0.00925034754032982,0.012844229942443695,0.012844229942443695,0.013193433247741018,0.013193433247741018,0.053388497991064605,0.08394447635969947,0.44078758795879647,0.439073609973905,0.007637506625384316,0.009351484610275795,0.00074251809562375,0.0025846545135480604,0.81,0.0,0.0012923272567740302,0.0025846545135480604,0.4824121019169196,0.48286410323702394,1.508235482412342,1.4990094827921168,11.775214480378905,11.183905170341744,0.0011062321317974063,0.15698949203930235,10.416157689601661,0.0032894574912107582,0.2636347603817208,7.130011786969864,0.010468677722317899,0.010468677722317899,0.009311129379958994,0.009311129379958994,0.008085749741003503,0.007336377870124467,0.008085749741003503,0.007336377870124467,0.008713014733592232,0.007608983439504496
trial_0014_bite_005_transfer,trial_0014_bite_005,trial_0014,transfer,trial_0014,SUCCESS,0.8,0.0,0.011792588266630415,0.011709381123034797,0.025564401566289873,0.025563658071743024,0.022972596623203136,0.022970367500082196,0.03724352329351744,0.03724352329351744,0.03744999367864905,0.03744999367864905,0.09237552121453148,0.07667905068923454,0.4317480935522463,0.43140245137202216,0.005525241366427569,0.005870883546651717,0.0008576243669337412,0.0029853315413976484,0.81,0.0,0.0014926657706988446,0.0029853315413976484,0.48422003323671337,0.4843191420648882,1.6361017156017692,1.6303604364627975,12.502634602561912,11.881718901990524,0.0012777218997176004,0.1813262390761352,12.030886111829208,0.0037993941360884346,0.3045038172226958,8.235316931828368,0.02464467263476976,0.02464467263476976,0.03371343460810501,0.03371343460810501,0.018039499720781133,0.018034431614620084,0.018039499720781133,0.018034431614620084,0.013330264238311577,0.013305246718999506
trial_0014_bite_006_transfer,trial_0014_bite_006,trial_0014,transfer,trial_0014,SUCCESS,0.8,0.0,0.014264639606916275,0.014780102365766955,0.022704878545233894,0.022722299287095165,0.020494829617492893,0.0205203150835666,0.03245952416782768,0.03245952416782768,0.03281096442741263,0.03281096442741263,0.07616848892532523,0.08246262296833719,0.38183616195892944,0.3798820745749466,0.00835480635520186,0.0064007189712190216,0.0009664307419917743,0.0033640790629113197,0.81,0.0,0.001682039531455667,0.0033640790629113197,0.4259953975904333,0.42639180336006544,1.3814457178884527,1.3663242197817684,10.443912601905094,9.32026600338069,0.0014398258389270015,0.2043310084570942,13.557238623530372,0.004281421372378228,0.34313606441688,9.280127477470021,0.020374536061902395,0.020374536061902395,0.03030672127763455,0.03030672127763455,0.020458334206807285,0.02055114537168957,0.020458334206807285,0.02055114537168957,0.017282587751843093,0.017516636871044867
trial_0014_bite_007_transfer,trial_0014_bite_007,trial_0014,transfer,trial_0014,SUCCESS,0.8,0.0,0.012268589186101884,0.012602642554718685,0.03572450343533457,0.03570492419587907,0.03120694295167752,0.031163600569531127,0.058551020336773014,0.058551020336773014,0.05917305959461359,0.05917305959461359,0.06430901201562572,0.07223768429174714,0.39406307982131067,0.3925209621633308,0.002189521584562759,0.003731639242542606,0.0009374639103992198,0.0032632475108452536,0.81,0.0,0.0016316237554226342,0.0032632475108452536,0.4412854213376292,0.44160263515128045,1.4695883440215072,1.45718420887587,11.358204017004422,10.396731838241005,0.0013966699346414297,0.19820659451424716,13.150887468709032,0.004153094316457727,0.33285124610599326,9.00197418810881,0.04210052785850796,0.04210052785850796,0.0285511402045497,0.0285511402045497,0.01725113635777719,0.01705507032231769,0.01725113635777719,0.01705507032231769,0.013771945018252999,0.013511661304103193
trial_0014_bite_008_transfer,trial_0014_bite_008,trial_0014,transfer,trial_0014,SUCCESS,0.8,0.0,0.019660157977846687,0.020833889694998928,0.023408957966876684,0.023504300489656883,0.021821628267472793,0.021921454140907966,0.02941472944935772,0.02941472944935772,0.029775678911058475,0.029775678911058475,0.11549640274092247,0.15701537951053346,0.39252261129751953,0.39187536896953384,0.01788699630571755,0.017239753977731864,0.0007550597065988467,0.0026283110003124895,0.81,0.0,0.0013141555001562307,0.0026283110003124895,0.44038468414253185,0.44053305800942105,1.4323248840388423,1.42421043232225,10.764420202415536,10.075768300115913,0.0011249171081345976,0.1596411461175133,10.592093331254935,0.00334501855621055,0.26808772203199505,7.25044229852224,0.020991541956998986,0.020991541956998986,0.028489195980160028,0.028489195980160028,0.0245672399429739,0.025001229033075566,0.0245672399429739,0.025001229033075566,0.022162001629077964,0.022968536611905857
trial_0014_bite_009_transfer,trial_0014_bite_009,trial_0014,transfer,trial_0014,SUCCESS,0.8,0.0,0.03349897084674374,0.034496623581173426,0.04451147420070463,0.0445940586552815,0.041446352070920504,0.04154740680240107,0.058174532342428406,0.058174532342428406,0.05852186898473554,0.05852186898473554,0.19286591838109748,0.21053945803628005,0.4193001582099843,0.4183928395066471,0.0240356865069401,0.02312836780360289,0.0011198619200983966,0.0038981624601370102,0.81,0.0,0.0019490812300684854,0.0038981624601370102,0.47166337187339546,0.4718477980557629,1.7213208970511824,1.712641641338378,16.176791178608312,15.356093910553016,0.00166841353294007,0.23677073330149595,15.709594714345405,0.0049611426359856695,0.39761257093402297,10.75344659901983,0.044710327259412534,0.044710327259412534,0.0497931668911293,0.0497931668911293,0.03816032200618869,0.03862126579442511,0.03816032200618869,0.03862126579442511,0.035846956530554745,0.036649279385491694
trial_0014_bite_010_transfer,trial_0014_bite_010,trial_0014,transfer,trial_0014,SUCCESS,0.8,0.0,0.01417257384077616,0.013267131818075097,0.01914461869662031,0.019030161700051552,0.017898620053812854,0.017744231267731718,0.02937086987495906,0.02937086987495906,0.029820741759770914,0.029820741759770914,0.09264261018403706,0.12573816548659858,0.4640741443078799,0.4627695191583888,0.012277897147974226,0.013582522297465316,0.001101945181239586,0.003835795522236884,0.81,0.0,0.001917897761118441,0.003835795522236884,0.5173909521892064,0.5176915830380756,1.8051516686216982,1.7967403583321682,14.768211367569114,13.919517415841348,0.0016417204835177434,0.23298262396226949,15.458255954611216,0.004881769013708083,0.3912511432680915,10.581401553913146,0.020834120835272613,0.020834120835272613,0.018084248557447537,0.018084248557447537,0.014530300938223462,0.013788221527752128,0.014530300938223462,0.013788221527752128,0.014629365314593171,0.013461009051590606
trial_0014_bite_011_transfer,trial_0014_bite_011,trial_0014,transfer,trial_0014,SUCCESS,0.8,0.0,0.010410309160780545,0.012704157992418405,0.05108395913135529,0.05113968846505871,0.04390823628064162,0.044133345190735966,0.08152700154007105,0.08152700154007105,0.08189475150522837,0.08189475150522837,0.08683697582419593,0.07303477055157653,0.4200216828026636,0.42035666286055223,0.012209565414658452,0.012544545472547075,0.0008793305576045615,0.003060889300891896,0.81,0.0,0.0015304446504459317,0.003060889300891896,0.47209628966453926,0.47206009756015,1.5294872048391863,1.5247421641250776,10.487411958881458,9.839100216994444,0.0013100606207828759,0.1859155465523539,12.335383882580809,0.0038955555521237297,0.31221070869070905,8.443750094915709,0.06077214616936268,0.06077214616936268,0.04294398401557395,0.04294398401557395,0.01556509934423099,0.016421677169447556,0.01556509934423099,0.016421677169447556,0.011550646901073007,0.013334660932709443
trial_0014_bite_012_transfer,trial_0014_bite_012,trial_0014,transfer,trial_0014,SUCCESS,0.8,0.0,0.010966516200652657,0.013249604375979806,0.015935827087711567,0.016124484102767015,0.014529519578525997,0.01473680475218658,0.021382152735846347,0.021382152735846347,0.02168459028292342,0.02168459028292342,0.12481081988579312,0.14760914813408757,0.41073741344712444,0.4112417249771789,0.004376679266997585,0.004880990797052065,0.0007718944882445349,0.002686911719435135,0.81,0.0,0.0013434558597175674,0.002686911719435135,0.46201029813606154,0.4619467166959629,1.6602887139126739,1.6538322231418883,15.877100942986452,15.294722826278266,0.0011499982159193605,0.1632004988588959,10.828254229320292,0.0034195989589272786,0.274064995382373,7.412097876039787,0.013808582126203138,0.013808582126203138,0.020914182432154173,0.020914182432154173,0.01612500590718131,0.017003110064736857,0.01612500590718131,0.017003110064736857,0.013857815747562298,0.015500760725875952
trial_0014_bite_013_transfer,trial_0014_bite_013,trial_0014,transfer,trial_0014,SUCCESS,0.8,0.0,0.02752826192095926,0.028652530044599257,0.02580819890478469,0.025920511325016864,0.024019041013472717,0.02411808378361131,0.03353195968441825,0.03353195968441825,0.033705055165692395,0.033705055165692395,0.1652052497158697,0.18455217704519294,0.38503378226800883,0.38430248547493095,0.01526280251343809,0.014531505720360216,0.0009371463712128981,0.00326214217873821,0.81,0.0,0.0016310710893690935,0.00326214217873821,0.43810007365174536,0.4382519986202585,1.6322652412729541,1.6247754268224728,15.759841170620273,15.121360239398845,0.0013961968524999128,0.1981394576783284,13.146432980314897,0.004151687574101966,0.3327385022312176,8.99892502590112,0.023508194726261443,0.023508194726261443,0.028548489663842668,0.028548489663842668,0.029125294032933666,0.029601098148373823,0.029125294032933666,0.029601098148373823,0.029067010810563492,0.029871664406450844
trial_0014_bite_014_transfer,trial_0014_bite_014,trial_0014,transfer,trial_0014,SUCCESS,0.8,0.0,0.032269046385302785,0.03226384398444203,0.07206275871404264,0.07206922691020481,0.06363059300081103,0.06364519619420166,0.11651762563323255,0.11651762563323255,0.11806986032636554,0.11806986032636554,0.1305305404760104,0.18854153676453236,0.43279971557919916,0.4297908845929364,0.004725180673036622,0.001716349686773866,0.0011681841262349577,0.004066368742154342,0.81,0.0,0.00203318437107717,0.004066368742154342,0.48202571515668874,0.4826811940386804,1.5674679900584028,1.5466434446212403,10.836949031359838,9.362314104883495,0.0017404058216410822,0.24698742517775318,16.387466030885502,0.0051752166685302995,0.4147696116996764,11.217459397304514,0.08672828392755563,0.08672828392755563,0.050457485850538115,0.050457485850538115,0.03256516470171302,0.03263393549419591,0.03256516470171302,0.03263393549419591,0.03170933822173416,0.031782614214515906
trial_0014_bite_015_transfer,trial_0014_bite_015,trial_0014,transfer,trial_0014,SUCCESS,0.8,0.0,0.014829101107602145,0.01575504100687653,0.020423719293072753,0.020456592708680173,0.01911364649483858,0.01915729302980463,0.0281584866607747,0.0281584866607747,0.028601818654678413,0.028601818654678413,0.07148116490015995,0.1186404100818609,0.3853059215494467,0.38398317821531597,0.01404327589142551,0.012720532557294773,0.0010154806807897388,0.0035348185323607734,0.81,0.0,0.0017674092661803694,0.0035348185323607734,0.43436611219817245,0.43463159925856276,1.55382186810833,1.542293816696989,13.9327172979068,13.07167554020252,0.0015129023318513992,0.21470156376318278,14.245318685407518,0.004498719360904899,0.3605514903005982,9.75112831076654,0.022936802624556663,0.022936802624556663,0.01670015530322993,0.01670015530322993,0.01540908925443391,0.015617408005201193,0.01540908925443391,0.015617408005201193,0.015321765374764228,0.015712880089794986
trial_0014_bite_016_transfer,trial_0014_bite_016,trial_0014,transfer,trial_0014,SUCCESS,0.8,0.0,0.01481613261549998,0.015655169604067265,0.025230723085339333,0.02525918123993059,0.02040623663976188,0.02045686994610989,0.04612341103024882,0.04612341103024882,0.046631204038205726,0.046631204038205726,0.06254036199815292,0.10273477185151715,0.4052806151080633,0.40461559069333053,0.0038989299366524732,0.003233905521919711,0.0008844023126449649,0.0030785437319879915,0.81,0.0,0.001539271865994009,0.0030785437319879915,0.45545259894152906,0.45561603389571076,1.600298448317083,1.5919074218912594,13.611491078732186,12.90618825517092,0.0013176167172897137,0.18698786014604157,12.406531239912589,0.003918024125902639,0.314011460662821,8.492451498174978,0.031808166631263686,0.031808166631263686,0.006086942969842326,0.006086942969842326,0.01164748648016906,0.011940456574147953,0.01164748648016906,0.011940456574147953,0.013415976348744203,0.013887861362493497
trial_0014_bite_017_transfer,trial_0014_bite_017,trial_0014,transfer,trial_0014,SUCCESS,0.8,0.0,0.031737488888922666,0.03263548222926247,0.03540340734428948,0.035493914592248293,0.03305284941025589,0.033151697803679596,0.04528223257402558,0.04528223257402558,0.04558390685536104,0.04558390685536104,0.15495319087405568,0.23096417898930616,0.41159120394902715,0.41194004197211087,0.008955510059026839,0.00860667203594312,0.0008573225250363114,0.0029842808504755443,0.81,0.0,0.00149214042523775,0.0029842808504755443,0.46523260292670954,0.4651810472040812,1.6831133421496236,1.6772321227076936,16.075457116297397,15.470535428400227,0.001277272204004457,0.1812624210945183,12.026651827411849,0.003798056934891012,0.3043966467481731,8.232418502351509,0.03348979505927781,0.03348979505927781,0.04194942347157807,0.04194942347157807,0.03387966199264492,0.03433209681261212,0.03387966199264492,0.03433209681261212,0.031823096250739445,0.0326084633288108
trial_0014_bite_018_transfer,trial_0014_bite_018,trial_0014,transfer,trial_0014,SUCCESS,0.8,0.0,0.0275619205446297,0.02829916691695786,0.04636631827755119,0.046424130016789855,0.04140125502902157,0.041497478840832755,0.07200910393591607,0.07200910393591607,0.07279006513047728,0.07279006513047728,0.18533265219354647,0.15977472897486414,0.384784058259889,0.383976753822567,0.005083328996274394,0.004276024558952429,0.000734801980067371,0.0025577952450435014,0.81,0.0,0.001278897622521751,0.0025577952450435014,0.4391110824327074,0.43926659735687973,1.723774498082169,1.7192901314005298,19.103903637240297,18.722658642810465,0.0010947363648795396,0.1553580852510877,10.3079148375182,0.003255274035925166,0.26089511499441354,7.055917976770029,0.05103424195181813,0.05103424195181813,0.046360565669405836,0.046360565669405836,0.029177380714539056,0.029616205787218238,0.029177380714539056,0.029616205787218238,0.02718161373543784,0.02791667493256438
trial_0014_bite_019_transfer,trial_0014_bite_019,trial_0014,transfer,trial_0014,SUCCESS,0.8,0.0,0.018968052273017413,0.0186575480004613,0.02850440970119698,0.028470685540042052,0.02686147598058199,0.026813586303043632,0.040242717596788435,0.040242717596788435,0.0405734700229581,0.0405734700229581,0.1086186401302163,0.1484925901238008,0.3568172734107592,0.3553204923660607,0.024928505891807395,0.026425286936505865,0.0007174224200551536,0.0024972981898285446,0.81,0.0,0.0012486490949142723,0.0024972981898285446,0.40231450400258023,0.4026068893419162,1.422477934496062,1.4131563076514226,14.162072062057073,13.611552525818547,0.001068843625247656,0.15168355083317683,10.064111705003398,0.0031782801899684354,0.2547244153624508,6.889031178357256,0.03194492088475478,0.03194492088475478,0.024704646652447943,0.024704646652447943,0.020269105119605852,0.020039845906017262,0.020269105119605852,0.020039845906017262,0.02011992072416394,0.01974983966162044
trial_0014_bite_020_transfer,trial_0014_bite_020,trial_0014,transfer,trial_0014,SUCCESS,0.8,0.0,0.02586309790819688,0.02424598975383614,0.09012233980111542,0.09007259534738211,0.07686187463746821,0.07669625229696997,0.14802191144098714,0.14802191144098714,0.1493537152795101,0.1493537152795101,0.3582818501092299,0.288242636686001,0.31744781348126055,0.3171440098579853,0.02827837616911577,0.028582179792391027,0.0007932821141294746,0.00276136057678069,0.81,0.0,0.0013806802883903494,0.00276136057678069,0.3822640801734767,0.3822892822281212,1.8523451935277158,1.8497418353009607,24.37025255566125,24.13566180444478,0.0011818623268622516,0.16772245265810007,11.128283124423364,0.0035143490890612544,0.28165877883163487,7.617472028601894,0.10997784863454246,0.10997784863454246,0.06130964027663845,0.06130964027663845,0.030426005496585053,0.029709101106740514,0.030426005496585053,0.029709101106740514,0.027516628454584018,0.02620326303279291
trial_0014_bite_021_transfer,trial_0014_bite_021,trial_0014,transfer,trial_0014,SUCCESS,0.8,0.0,0.017360659259885922,0.01743327268691442,0.030090459969413643,0.030094930216873594,0.026737574562838796,0.02674528377868857,0.049846812351861565,0.049846812351861565,0.05087460378740002,0.05087460378740002,0.1196654334678966,0.12187013824677895,0.37887215366955745,0.3774421438871748,0.007387208379917742,0.005957198597535074,0.0006602158631546982,0.0022981660927540617,0.81,0.0,0.0011490830463770309,0.0022981660927540617,0.4213958335528268,0.4217004348159235,1.38509624193858,1.375607939922867,11.459614893774871,10.872754000624173,0.0009836150876974907,0.13958845394318758,9.261609353806396,0.002924847259172168,0.23441294146104455,6.339706619926165,0.03344127868097537,0.03344127868097537,0.028203609158055643,0.028203609158055643,0.02004874454961813,0.02008098925741049,0.02004874454961813,0.02008098925741049,0.01788605411822836,0.017956894422504838
trial_0015_bite_001_transfer,trial_0015_bite_001,trial_0015,transfer,trial_0015,SUCCESS,0.5,0.0,0.0929510374067255,0.0965081939266015,0.06839862906349291,0.06931301932152141,0.061603639271142596,0.06234367620332988,0.09423260227427792,0.09461714844367444,0.09540461403507805,0.0965081939266015,0.3271926594614616,0.5762472132046996,0.3921878770462662,0.39477106646055093,0.00850805247954578,0.011091241893830539,0.001871400621719084,0.00419615065334198,0.51,0.002864124589945108,0.003953109607500439,0.00419615065334198,0.4058513988563162,0.4033852685773954,1.2945900735271558,1.2918435375144346,21.908931784578616,21.8800841845324,0.00012634911739998407,0.0190403189277291,1.4259661273042643,0.00039709147140033367,0.03483677841603743,1.3179605663534484,0.05275565262614971,0.05275758513991727,0.08947797018304858,0.0900366150098941,0.08320941517013274,0.08621682278598,0.08320941517013274,0.08621682278598,0.08505091707990164,0.08843059535080232
trial_0015_bite_002_transfer,trial_0015_bite_002,trial_0015,transfer,trial_0015,SUCCESS,0.5,0.0,0.039519314259414115,0.045451467448364986,0.024832452191147075,0.02758432200957417,0.022241056016068326,0.02438095126680479,0.036974829462359755,0.04375219662988611,0.039519314259414115,0.045451467448364986,0.1587494913699015,0.28891374618474225,0.4296982341040761,0.42747576702240864,0.03788682297816853,0.035664355896501077,0.004704819041186212,0.010549387055025146,0.51,0.007200589628277973,0.009938366556798063,0.010549387055025146,0.45370075714824365,0.4553838871225836,1.7470137309590026,1.7542411689487523,25.029858019002194,24.97835266091675,0.00031764963978549475,0.04786856112045645,3.584968664629736,0.0009983129715944064,0.08758185528179503,3.3134358813571083,0.02053034062418952,0.020558661988368285,0.026807704962345427,0.030135795422958318,0.032819103603953806,0.03983749048614588,0.032819103603953806,0.03983749048614588,0.036628067100184,0.043353479927759446
trial_0015_bite_003_transfer,trial_0015_bite_003,trial_0015,transfer,trial_0015,SUCCESS,0.5,0.0,0.07484979332147416,0.08231768380194761,0.05330281208939074,0.05603171459314973,0.050211798277846234,0.05242366832357306,0.06924620758639906,0.07740545056007908,0.07484979332147416,0.08231768380194761,0.29273506375357883,0.5351017687738054,0.4315762169630065,0.42969716227559945,0.04430238519378116,0.04242333050637409,0.00525922811920976,0.011792511583235576,0.51,0.0080490967062533,0.011109489312334582,0.011792511583235576,0.44918804234898907,0.4508357310876499,1.7402732315649345,1.7484937395106608,26.578218144051423,26.495720221685,0.00035508101437961906,0.05350932319984348,4.00741619228969,0.0011159527297504499,0.09790237456499025,3.703886378132067,0.04544175358542405,0.04546126390811636,0.06068953119438628,0.06362265919674177,0.06524627534464555,0.07307348253067161,0.06524627534464555,0.07307348253067161,0.06951503220933195,0.07753311103108579
trial_0015_bite_004_transfer,trial_0015_bite_004,trial_0015,transfer,trial_0015,SUCCESS,0.5,0.0,0.06124271200904199,0.06597710961361627,0.03702781209742609,0.038675392051716224,0.03230390513473398,0.033794841687911685,0.059552532574934126,0.05994354670674877,0.06124271200904199,0.06597710961361627,0.14476942885613867,0.37227637708037076,0.37133643086412454,0.3706452468089375,0.02039711548417311,0.01970593142898608,0.003160920776797225,0.007087579019042852,0.51,0.004837697935237917,0.006677066442259872,0.007087579019042852,0.38455401012476736,0.3851178229904642,1.2758793576343321,1.2746308054357987,21.751650700928753,21.70101334502902,0.00021341210732081235,0.03216037175422107,2.40855213281437,0.0006707140457555711,0.058841648022234835,2.2261235189047284,0.03736574917047952,0.03736827107516042,0.02273380685147331,0.025080284942384113,0.0459650351574191,0.05104186243668994,0.0459650351574191,0.05104186243668994,0.053223591704126105,0.058446939007695146
trial_0015_bite_005_transfer,trial_0015_bite_005,trial_0015,transfer,trial_0015,SUCCESS,0.5,0.0,0.06797459650759416,0.07438813718726557,0.05095213315918551,0.053119423988631786,0.04794238339872408,0.050028751293099555,0.07382169485770378,0.07389594062112916,0.07494084047873255,0.07494084047873255,0.21131392629710563,0.4461555947641442,0.3719487916630263,0.36999406526683654,0.04046512427976323,0.038510397883573466,0.004706046604409363,0.010552139560373855,0.51,0.007202468378328782,0.009940959637036983,0.010552139560373855,0.38888237049624985,0.3904336092903129,1.476083915809527,1.477941139601498,24.126448100797052,24.0449019506437,0.0003177325197027472,0.04788105080053414,3.585904040813902,0.000998573447562044,0.08760470680130882,3.3143004102659415,0.052486046677333836,0.05250052074985799,0.04048042756450883,0.04367771873709516,0.055268910211620566,0.06228041451347473,0.055268910211620566,0.06228041451347473,0.06106600006258556,0.06814227447260816
trial_0015_bite_006_transfer,trial_0015_bite_006,trial_0015,transfer,trial_0015,SUCCESS,0.5,0.0,0.0971946883506503,0.10085289415517541,0.06354104346983935,0.06446269298991926,0.057401560781979555,0.058060223335457614,0.09236243287951396,0.09583936373693974,0.0971946883506503,0.10085289415517541,0.37510675316643816,0.7145638111943278,0.3813945698212564,0.3848032301538776,0.020935506953339678,0.024344167285960838,0.002280662232945369,0.0051138180717472505,0.51,0.0034904876630517997,0.004817625729031643,0.0051138180717472505,0.3934153970437872,0.390144906171075,1.2135617579684261,1.2011037557177175,18.92861240662729,18.823329367777273,0.00015398074409052188,0.02320429724019532,1.7378144766282437,0.0004839324681892881,0.04245532673697539,1.6061888905264359,0.04261308564587914,0.042611041945674805,0.08300803635952904,0.08334872574147939,0.08756621946731506,0.09045310864710927,0.08756621946731506,0.09045310864710927,0.09203100198165183,0.0954685496704665
trial_0015_bite_007_transfer,trial_0015_bite_007,trial_0015,transfer,trial_0015,SUCCESS,0.5,0.0,0.07925802473678457,0.08238902894325696,0.05054299572094544,0.05165356682209876,0.04732108689589321,0.048151829673577236,0.07304381700215454,0.07624210300854581,0.07925802473678457,0.08238902894325696,0.24977175014354674,0.5042422171986477,0.3431820524266887,0.3427269217224614,0.028917974714106454,0.02846284400987914,0.0025576217988733064,0.00573483104461366,0.51,0.003914366277811492,0.0054026696305096425,0.00573483104461366,0.35430163541369747,0.3547037281199588,1.0952533115542615,1.097066570747156,17.17932790889173,17.13937445434514,0.000172679891831725,0.0260221858334343,1.9488515763706946,0.000542700366562366,0.04761102611913138,1.8012416131266316,0.03979925463562643,0.039808004090455824,0.05418319112038932,0.055357521121813184,0.07046067187017968,0.07338984399537093,0.07046067187017968,0.07338984399537093,0.07362813789191704,0.07677999575344861
trial_0015_bite_008_transfer,trial_0015_bite_008,trial_0015,transfer,trial_0015,SUCCESS,0.5,0.0,0.10789584495375651,0.11573439468744334,0.06562962963152179,0.0677801931948763,0.061099353791597734,0.0626366642228071,0.10179778506677362,0.10939481342073733,0.10789584495375651,0.11573439468744334,0.35391378814091984,0.7071608324900401,0.30904287751121884,0.31767682812824144,0.034972806879106755,0.043606757496129356,0.0047276804679267665,0.010600648121009826,0.51,0.007235578381476483,0.00998665858184096,0.010600648121009826,0.32685370654600926,0.31823301414108063,1.4884299674162367,1.4485400075516093,26.832791393090584,26.58066751734309,0.0003191931473907561,0.04810116169311975,3.6023885691408633,0.001003163925197798,0.08800742875256745,3.329536366999835,0.05135005459447461,0.05135860379583441,0.07116661979493055,0.07225795389707154,0.09142486766285658,0.09791225529687626,0.09142486766285658,0.09791225529687626,0.10100559864961481,0.10852176632597033
trial_0015_bite_009_transfer,trial_0015_bite_009,trial_0015,transfer,trial_0015,SUCCESS,0.5,0.0,0.09262985089776192,0.10511326722976692,0.05371415440715614,0.05809486585488866,0.05002317067401162,0.05319300606139363,0.08598070618863167,0.09862424747187183,0.09262985089776192,0.10511326722976692,0.30378677535005905,0.6202123702192303,0.45146922876226653,0.45435573580103644,0.013636828600119555,0.01652333563888947,0.005765161658498514,0.012926941767128507,0.51,0.008823413372571252,0.012178213299976441,0.012926941767128507,0.48728801905043134,0.4853135417958563,2.3508900165752316,2.3530891071272166,39.76284951119588,39.756588993640605,0.00038923952400684463,0.05865687730054218,4.392926425277464,0.0012233064899282164,0.1073205047061306,4.060197285745482,0.041989835971066876,0.04201263965867056,0.05715860228144938,0.06131301020988511,0.07567957293850756,0.08722901969695881,0.07567957293850756,0.08722901969695881,0.08483248645182642,0.09731710437181
trial_0015_bite_010_transfer,trial_0015_bite_010,trial_0015,transfer,trial_0015,SUCCESS,0.5,0.0,0.12175952622345688,0.12807554282042735,0.09913230008308155,0.10112658660613028,0.09244783498852957,0.09416518972787327,0.12225051541581464,0.12273989389740153,0.1227261356756682,0.12807554282042735,0.5634138068853677,0.7988192725811577,0.45274121571747816,0.4514779043508942,0.05641419144375526,0.05515088007717128,0.004268475652814256,0.009570995484054894,0.51,0.006532778677596541,0.009016643425618465,0.009570995484054894,0.46999585233231295,0.4711881000841987,1.615889725118706,1.6216188885720648,22.933982891408434,22.832779746463476,0.0002881895651447977,0.04342904283645519,3.252484596528933,0.0009057255073644734,0.07945917018821111,3.006134829614726,0.08696559102662046,0.08698579376888772,0.11611804269886797,0.11830757397836852,0.11320013182204341,0.1193154877804804,0.11320013182204341,0.1193154877804804,0.1162939895728884,0.122793449915942
trial_0015_bite_011_transfer,trial_0015_bite_011,trial_0015,transfer,trial_0015,SUCCESS,0.5,0.0,0.08281990094803433,0.08918251596466198,0.04838513440300764,0.05040247121803924,0.04275623362241772,0.044250723533929504,0.07037359853340125,0.07719709547436823,0.08281990094803433,0.08918251596466198,0.2677903453161934,0.5049678160341058,0.466411380054032,0.46663291908846005,0.027918529663708336,0.0281400686981364,0.005394482240555115,0.012095785325406906,0.51,0.00825609923170974,0.011395197439359322,0.012095785325406906,0.4815705505047649,0.48138284062991016,1.8742522197570013,1.8672568959455977,32.137530017892075,31.965038194822487,0.000364212805112697,0.05488544842737481,4.110476858940549,0.0011446522275666247,0.10042017743476254,3.7991410212882255,0.03616202456218257,0.03616732487420059,0.05893254148024836,0.06022464937358064,0.06492883804902645,0.0708978569212813,0.06492883804902645,0.0708978569212813,0.07146670066043603,0.07807669002048516
trial_0015_bite_012_transfer,trial_0015_bite_012,trial_0015,transfer,trial_0015,SUCCESS,0.5,0.0,0.06209579795262813,0.06409860222905943,0.04548383935122287,0.04620837434683773,0.04313117881534752,0.04371412673920966,0.06025483849524673,0.06115863875709241,0.06209579795262813,0.06409860222905943,0.24406353199484343,0.35802336273824215,0.4504366001448958,0.46464238501588045,0.009522143392354798,0.004683641478629874,0.007231575789280362,0.016215010896494138,0.51,0.01106771783751104,0.015275837465369181,0.016215010896494138,0.4786175251746876,0.46434396087487123,1.4690588784846526,1.4388252763120284,24.78827824690495,24.65198307703456,0.0004882456529013385,0.07357671456361278,5.510301750922429,0.0015344640999640103,0.1346183176634715,5.09294034241961,0.0359323129068852,0.035965361650683404,0.053089651173730934,0.0547834067878458,0.059804704373663,0.06095342965935938,0.059804704373663,0.06095342965935938,0.060405337892790255,0.061469837592301825
trial_0015_bite_013_transfer,trial_0015_bite_013,trial_0015,transfer,trial_0015,SUCCESS,0.5,0.0,0.02331781168743756,0.02551220780870785,0.054224590621610606,0.0541699227455459,0.04625111344076485,0.04633661549074037,0.08625585996709881,0.08625585996709881,0.08684274382697142,0.08684274382697142,0.11019480673283595,0.14221620919926584,0.3652209542757496,0.3633862140092988,0.03467276571025396,0.03650750597670471,0.0030934440882701485,0.006936279320110321,0.51,0.00473442681273449,0.006534530021889559,0.006936279320110321,0.3901663283148419,0.3913210865869531,1.3614560002446248,1.3566150051490926,20.39408029177396,20.349102259887417,0.0002088563644503179,0.031473839082077265,2.3571363797655773,0.0006563962042303695,0.05758554581802712,2.1786020991083643,0.06570245994350114,0.06569439584705875,0.041134040182753726,0.04024714434020005,0.014010114107548346,0.015477421747082897,0.014010114107548346,0.015477421747082897,0.015517678052330253,0.018468454276226908
trial_0015_bite_014_transfer,trial_0015_bite_014,trial_0015,transfer,trial_0015,SUCCESS,0.5,0.0,0.09883582708822496,0.10489581907032831,0.05895016567838992,0.06129382635440385,0.051737636016954476,0.05333322374993077,0.09449222222501971,0.10075455482762115,0.09883582708822496,0.10489581907032831,0.33120448941185165,0.6060913104870148,0.3814987184833569,0.37925127852009655,0.04000503263587862,0.037757592672618245,0.004534370860022724,0.010167199383155558,0.51,0.00693972361096667,0.009578315194883205,0.010167199383155558,0.3963598841662872,0.3983957071369877,1.502469284301917,1.508631695880459,23.36280390471556,23.270310486175273,0.00030614169381180267,0.04613435857042533,3.4550908982106123,0.0009621456655318083,0.08440890265465681,3.1933953197948193,0.0371208877205434,0.037139668779839846,0.07105175458896924,0.0732071097631947,0.08926756742442996,0.09499456872779208,0.08926756742442996,0.09499456872779208,0.09405060624471859,0.10021276542163461
trial_0015_bite_015_transfer,trial_0015_bite_015,trial_0015,transfer,trial_0015,SUCCESS,0.5,0.0,0.056222962600441705,0.061497395438622225,0.030539642031974797,0.03211198418192459,0.02849045135359871,0.029614340135321406,0.051010910228418915,0.056518329507915015,0.056222962600441705,0.061497395438622225,0.20236895232187008,0.37138973439993705,0.4207259181974387,0.4179503128576986,0.0023602090174623114,0.00041539632227777235,0.006579825034607427,0.01475362185809321,0.51,0.010070232135460117,0.013899092080072444,0.01475362185809321,0.4415101411155018,0.44368018992155767,1.9530782889624247,1.951764747073873,32.782872253431165,32.64927394730345,0.0004442421767571972,0.0669455624271548,5.013682005882262,0.0013961694648359768,0.12248574895527331,4.633935582153148,0.025798918992166416,0.025789431009644048,0.027628203215908167,0.028452354676036167,0.04309360672442361,0.047835391111118494,0.04309360672442361,0.047835391111118494,0.050361524721649925,0.05574187588569181
trial_0015_bite_016_transfer,trial_0015_bite_016,trial_0015,transfer,trial_0015,SUCCESS,0.5,0.0,0.05228602813135028,0.05443593640261527,0.04690124593629113,0.04733244965400495,0.04203010104556092,0.042474768123928835,0.07901818450212304,0.07901818450212304,0.08090985027936039,0.08090985027936039,0.19955743876253398,0.32701049358859474,0.38992726356041635,0.38516727478339785,0.025532187506375037,0.02077219872935654,0.004686928066010712,0.010509270990992513,0.51,0.007173208007611837,0.00990057401519422,0.010509270990992513,0.41270984407017375,0.41648049927576847,1.5633021042910649,1.5619643163728545,19.882793483196327,19.772657364162235,0.0003164417162144017,0.04768653175204178,3.5713361349059936,0.0009945166953866855,0.0872488085088552,3.3008359070054842,0.05138382492840073,0.05137846898420534,0.03294585431633302,0.03303870272953191,0.04474583232468748,0.04683328982092999,0.04474583232468748,0.04683328982092999,0.049047617607596745,0.05121628706407741
trial_0015_bite_017_transfer,trial_0015_bite_017,trial_0015,transfer,trial_0015,SUCCESS,0.5,0.0,0.0673959917572712,0.06889895727564384,0.04553800207996438,0.045968170065391535,0.0403509555807929,0.04064925752173045,0.06637280254027207,0.06759594870199336,0.0673959917572712,0.06889895727564384,0.2662598724625433,0.3857163786960558,0.3332725398565198,0.3322224314958639,0.015670032799456446,0.014619924438800558,0.0018858021404362301,0.0042284424787655305,0.51,0.0028861656983061807,0.003983531090395417,0.0042284424787655305,0.34837077424421087,0.349296621460622,1.1002763091868524,1.0978281732536288,17.14157327828576,17.093157180919718,0.00012732144751459166,0.01918684528138875,1.436939767920368,0.000400147321753309,0.03510486773389752,1.328103041235191,0.029400566232116426,0.029401818354391034,0.05743504946666375,0.05765790751069157,0.06604665636106646,0.06728179448527379,0.06604665636106646,0.06728179448527379,0.06609862884540972,0.06758637928305121
trial_0015_bite_018_transfer,trial_0015_bite_018,trial_0015,transfer,trial_0015,SUCCESS,0.5,0.0,0.02740422320260531,0.030627105701247406,0.03397363456620439,0.034815473610579836,0.030858067596546877,0.03203679812099044,0.053369181820013434,0.05336937255889235,0.05460243099790063,0.05460243099790063,0.19775238892304703,0.2616104646959444,0.34200167324706726,0.3398512532228252,0.0015651235684691067,0.0037155435927111458,0.003595523080298841,0.008062066640034986,0.51,0.0055028442058222835,0.007595111740244161,0.008062066640034986,0.365154436232713,0.36654472576046393,1.3905787996230177,1.384626924699491,21.16684130416133,21.088891470927784,0.00024275463121890202,0.0365821755996404,2.739709532498542,0.0007629320701403994,0.0669319222106838,2.5321983868275004,0.037161153260609966,0.037167564998152484,0.034727801815623516,0.03572181192946403,0.021378125592720457,0.02583575157802857,0.021378125592720457,0.02583575157802857,0.022781793335323288,0.027202639351122007
trial_0015_bite_019_transfer,trial_0015_bite_019,trial_0015,transfer,trial_0015,SUCCESS,0.5,0.0,0.027414189485533733,0.028821936760585014,0.020590134049917615,0.02173652516840236,0.01951230838018249,0.020757121216239745,0.02859519668852439,0.028714715761968802,0.029145446286843468,0.029145446286843468,0.2048323128114258,0.31843088897187793,0.33202349449151997,0.3292532539417993,0.03538400385240453,0.038154244402125226,0.0030863188674628075,0.006920302783820361,0.51,0.004723521868124435,0.006519478846581489,0.006920302783820361,0.3674301737933284,0.36903881821774825,1.4420663216539575,1.431866858804367,17.522870772714146,17.43167393141355,0.00020837529943971156,0.03140134446217956,2.351707118170808,0.0006548843075328216,0.05745290733544047,2.173584060764319,0.022038975961176994,0.022036842000755952,0.017222108244805932,0.018625713605355233,0.019203555854499788,0.02354776371740387,0.019203555854499788,0.02354776371740387,0.02134977585160299,0.024824026731876506
trial_0017_bite_001_transfer,trial_0017_bite_001,trial_0017,transfer,trial_0017,SUCCESS,0.8,0.0,0.048457932855980705,0.04498776143678278,0.05618055488886382,0.05596286947529954,0.0486182406914774,0.048272368477171146,0.09361137373790768,0.09361137373790768,0.09482475493783046,0.09482475493783046,0.14994128195186382,0.25236876173019407,0.44970567791140637,0.4510969063250945,0.0626538157014449,0.06126258728775674,0.0010978969715127324,0.0038217039821061144,0.81,0.0,0.0019108519910530327,0.0038217039821061144,0.5061221775801814,0.5057839025509865,1.6048975251180402,1.5938597023506373,11.819328893353571,10.544328164969059,0.0016356893043421806,0.2321267170252987,15.401467047879063,0.004863834886728209,0.38981380617465095,10.542528719346501,0.06300515966882124,0.06300515966882124,0.05468736617476125,0.05468736617476125,0.031463176082689524,0.029538473438472948,0.031463176082689524,0.029538473438472948,0.03748577486123093,0.03463642102160282
trial_0017_bite_002_transfer,trial_0017_bite_002,trial_0017,transfer,trial_0017,SUCCESS,0.8,0.0,0.03165337995254193,0.027071951873827226,0.049554642539650515,0.04929477373813234,0.04352283601428653,0.04308555649303353,0.08361813206535568,0.08361813206535568,0.0846839506433292,0.0846839506433292,0.14215767160530304,0.15137929134473055,0.4814397759385208,0.4862040907225554,0.025657949371274913,0.020893634587240306,0.0015618751297117046,0.005436780096539782,0.81,0.0,0.0027183900482699148,0.005436780096539782,0.529966680307164,0.5285894130162933,1.6278644392337216,1.5978363548283336,16.02392461541745,13.732437492461601,0.0023269418813204453,0.3302249260825044,21.910223789058943,0.006919322069116405,0.5545515698472783,14.997867594417592,0.057114341937997755,0.057114341937997755,0.03897225907566912,0.03897225907566912,0.03230973572177768,0.03033764254378715,0.03230973572177768,0.03033764254378715,0.03083745099236815,0.027322066033450294
trial_0017_bite_003_transfer,trial_0017_bite_003,trial_0017,transfer,trial_0017,SUCCESS,0.8,0.0,0.042835349685137525,0.03671445663289422,0.026115227711875404,0.025189753070135018,0.024083648372029653,0.023449663105730174,0.0394685058194634,0.0365703144966677,0.042835349685137525,0.03733105781683925,0.14696993470198408,0.21682389745614708,0.41448246910830683,0.4206285236983924,0.02905504118849872,0.022908986598413172,0.002208481385404566,0.007687572080082,0.81,0.0,0.0038437860400409997,0.007687572080082,0.4535178389504472,0.45158500604291013,1.504962610992272,1.4187792056111288,25.79832809722146,22.384240819544505,0.0032902808502753003,0.466935921045186,30.980915482728697,0.009783876891667894,0.7841323521685134,21.20688829278564,0.020620343583313522,0.020620343583313522,0.024525075624245198,0.024525075624245198,0.038631973006344,0.03555370771371588,0.038631973006344,0.03555370771371588,0.03992105385026287,0.03482998504469977
trial_0017_bite_004_transfer,trial_0017_bite_004,trial_0017,transfer,trial_0017,SUCCESS,0.8,0.0,0.036990953231237245,0.03488146632419183,0.0776904092321892,0.07759034893312876,0.06334345872579106,0.06309523647105036,0.14163663668801751,0.14163663668801751,0.1434195547473232,0.1434195547473232,0.17450572092777206,0.19537777473182005,0.494802313883656,0.4941654294981057,0.051236718727404595,0.05187360311295486,0.0008651632444217403,0.0030115738563543945,0.81,0.0,0.0015057869281771973,0.0030115738563543945,0.5536292256247938,0.5537826433003455,1.7566898301073006,1.750266258764929,11.28919020506972,10.648985491675935,0.0012889536105176876,0.18292017268450186,12.136642641126347,0.0038327924023092434,0.3071805333485431,8.307708817792491,0.09534866451268363,0.09534866451268363,0.04727739862369538,0.04727739862369538,0.03041823582088509,0.029164042709521595,0.03041823582088509,0.029164042709521595,0.03268041749097565,0.030725830201819564
trial_0017_bite_005_transfer,trial_0017_bite_005,trial_0017,transfer,trial_0017,SUCCESS,0.8,0.0,0.031643040946476575,0.02884797442034804,0.04427843676134881,0.04407503590819599,0.03985927493921842,0.039572496070723336,0.06762815535513578,0.06762815535513578,0.06813764576505149,0.06813764576505149,0.20488334204521688,0.18370054520540563,0.511497735025916,0.5123146360711389,0.048413959659434846,0.04759705861421193,0.000880461383542392,0.003064825628345033,0.81,0.0,0.001532412814172502,0.003064825628345033,0.5748263046405575,0.5746464620691283,1.9164487277619524,1.9142904115196853,13.22678478375344,12.878650248220268,0.001311745368932628,0.18615463539159574,12.351247282227744,0.003900565266871998,0.31261221409122847,8.454608823193015,0.04952725117152145,0.04952725117152145,0.037619917675715736,0.037619917675715736,0.0327592193711388,0.031412317258267,0.0327592193711388,0.031412317258267,0.032414367721261245,0.030120456381690686
trial_0017_bite_006_transfer,trial_0017_bite_006,trial_0017,transfer,trial_0017,SUCCESS,0.8,0.0,0.030099013318530096,0.028187913484292688,0.032661821517390804,0.03251022300820807,0.030676081064732463,0.030514016276454784,0.04454681471520675,0.04454681471520675,0.045584373681792086,0.045584373681792086,0.2035581756564319,0.28249229439778445,0.5241553136125496,0.5228037270572485,0.03082964921731146,0.03218123577261256,0.0009714482671156439,0.0033815447233910955,0.81,0.0,0.0016907723616955105,0.0033815447233910955,0.5909840047260975,0.5912898698749047,2.0603132520939105,2.0561457140689914,15.535913912963162,15.205610896697744,0.0014473011416110111,0.20539185630054785,13.627625235265983,0.004303649700155881,0.34491756178577676,9.328308139235581,0.028264336921715788,0.028264336921715788,0.04230296861710188,0.04230296861710188,0.03382241120517937,0.033112497303053656,0.03382241120517937,0.033112497303053656,0.03101334886441688,0.029690357605216315
trial_0017_bite_007_transfer,trial_0017_bite_007,trial_0017,transfer,trial_0017,SUCCESS,0.8,0.0,0.02877653138900629,0.02727985352854612,0.039753838157843224,0.03965284565952652,0.03485864944832157,0.03472251682375926,0.06942841414858426,0.06942841414858426,0.07175293883176083,0.07175293883176083,0.15662984002796496,0.16667730694992436,0.48134898857967146,0.48081291561317974,0.042412356908636206,0.042948429875127925,0.0007727280300888563,0.002689813221368695,0.81,0.0,0.0013449066106843309,0.002689813221368695,0.541380278502522,0.5415089772238026,1.811240482715945,1.807469085615797,12.709565639248565,12.43014414833319,0.0011512400587456438,0.16337673336614575,10.839947282118217,0.0034232916641710287,0.2743609485795397,7.420101941129708,0.04570081374362486,0.04570081374362486,0.02700474137611024,0.02700474137611024,0.03064244545343205,0.03000649240314495,0.03064244545343205,0.03000649240314495,0.030099556505785992,0.028995633902901823
trial_0017_bite_008_transfer,trial_0017_bite_008,trial_0017,transfer,trial_0017,SUCCESS,0.8,0.0,0.014009363946681603,0.011500539058504006,0.06364741786219082,0.0635987077157511,0.05127283735708901,0.05099514798818719,0.11167353844168473,0.11167353844168473,0.11368299194095807,0.11368299194095807,0.11719376766920324,0.08600251354968103,0.47105782751945674,0.4724246184416363,0.02497291421237624,0.02360612329019668,0.0008913527631213011,0.003102737772915386,0.81,0.0,0.001551368886457666,0.003102737772915386,0.5326315772276017,0.5323616408732266,1.749307325652991,1.7483540110385147,12.023574138370769,11.6692110350618,0.0013279717668061575,0.18845738351038352,12.504033224855089,0.0039488155793696,0.3164792528375842,8.559193028252043,0.07672012831776875,0.07672012831776875,0.05140224403434055,0.05140224403434055,0.01224331629511115,0.010958490410147619,0.01224331629511115,0.010958490410147619,0.012525456401619062,0.010229966112550932
trial_0017_bite_009_transfer,trial_0017_bite_009,trial_0017,transfer,trial_0017,SUCCESS,0.8,0.0,0.016395414294888964,0.011863952177197136,0.0982278920458798,0.09816222000011396,0.07879340311469879,0.07831755423819939,0.17211258912444327,0.17211258912444327,0.1743879652343181,0.1743879652343181,0.16716097883410908,0.08801679801531971,0.5277854510642646,0.5320424863298748,0.0699548569242181,0.06569782165860782,0.0014907963196361719,0.005189359638557503,0.81,0.0,0.002594679819278787,0.005189359638557503,0.5958596136968185,0.5948825415716466,1.9529100582201762,1.9507465635666843,14.5515418861927,13.676034958901859,0.002221045925301259,0.3151968394212116,20.913119343395305,0.006604433144995112,0.5293146831327392,14.315335065409837,0.1186284064711303,0.1186284064711303,0.0785003462300358,0.0785003462300358,0.018143055704182245,0.0163444303793527,0.018143055704182245,0.0163444303793527,0.015340006891620668,0.011382720628385485
trial_0017_bite_010_transfer,trial_0017_bite_010,trial_0017,transfer,trial_0017,SUCCESS,0.8,0.0,0.031866669632055915,0.03162379950181538,0.023534697138939006,0.023534992791339866,0.021580247173564996,0.021581328809026672,0.0340614631232933,0.0340614631232933,0.034981308380754056,0.034981308380754056,0.1224725073854645,0.19203049983539525,0.4809333880694315,0.47907657572184265,0.030549501164461257,0.03240631351205009,0.0008865942607155198,0.0030861737527341708,0.81,0.0,0.0015430868763670644,0.0030861737527341708,0.5269771331600879,0.5274817218539523,1.6369458072319485,1.6287654480754938,11.559413061557853,10.888574901721238,0.0013208823661695803,0.1874513004532363,12.437280223523675,0.003927734757932457,0.31478972277896744,8.513499625698683,0.022441922064284983,0.022441922064284983,0.020689079351957726,0.020689079351957726,0.028588148448998454,0.028589319025794556,0.028588148448998454,0.028589319025794556,0.03086408818019585,0.030812065572888438
trial_0017_bite_011_transfer,trial_0017_bite_011,trial_0017,transfer,trial_0017,SUCCESS,0.8,0.0,0.02413733921168433,0.023078314642421417,0.04899932602025324,0.04895289162415218,0.04328474450288983,0.0431825753708218,0.07668094472564264,0.07668094472564264,0.07794011723850204,0.07794011723850204,0.18247329926679717,0.1483550826393143,0.45279715701885476,0.45100871472475157,0.06600330222993384,0.06779174452403702,0.0009945475034400031,0.003461951579166254,0.81,0.0,0.0017309757895830938,0.003461951579166254,0.5105154085843432,0.5108835544097472,1.747313157239444,1.7365773840891368,13.253128098454301,12.553543562526052,0.0014817152758829382,0.21027569333901683,13.951664864040634,0.004405982500408302,0.3531190610750849,9.5501179891066,0.05916878231904039,0.05916878231904039,0.03379002293761771,0.03379002293761771,0.021383491546130166,0.020865720766699146,0.021383491546130166,0.020865720766699146,0.022955649512252298,0.022184283696430072
trial_0017_bite_012_transfer,trial_0017_bite_012,trial_0017,transfer,trial_0017,SUCCESS,0.8,0.0,0.027752175338668913,0.02640639724761312,0.05201809025350484,0.05194519991956692,0.04484936172834537,0.04469609960183405,0.08364542581402866,0.08364542581402866,0.08437009506411837,0.08437009506411837,0.1741471655211399,0.149664617131152,0.4676920944942387,0.4677976315747338,0.039000005990593334,0.038894468910098234,0.0008504422487712525,0.0029603310811598246,0.81,0.0,0.0014801655405798902,0.0029603310811598246,0.5311719110279935,0.5311661746445079,1.8205308910546245,1.818810073333181,13.428979505986902,13.23644157065165,0.0012670217027356998,0.17980773455922344,11.930134257085145,0.003767576362851897,0.3019537702785397,8.166350818438863,0.06255548873265991,0.06255548873265991,0.036719477640133516,0.036719477640133516,0.02343816797407235,0.022647329564915195,0.02343816797407235,0.022647329564915195,0.025740374179073787,0.024542936784831625
trial_0017_bite_013_transfer,trial_0017_bite_013,trial_0017,transfer,trial_0017,SUCCESS,0.8,0.0,0.02542952056304235,0.022904215561132677,0.14416987829577235,0.14414304404457096,0.11387208644555494,0.1136909702986172,0.25026811271431076,0.25026811271431076,0.2558753234524225,0.2558753234524225,0.1829390553885147,0.1454579850076301,0.48965247149131164,0.4913210818159906,0.057802272540348865,0.0561336622156699,0.0007887120862489788,0.0027454526234823432,0.81,0.0,0.001372726311741144,0.0027454526234823432,0.5463208910451277,0.5459305635354103,1.7231506232249887,1.7209278717583087,11.153243067360965,10.67797186090374,0.0011750537228496854,0.1667562184885089,11.064174072644189,0.003494103235749545,0.280036167595008,7.573588448077885,0.15444027736107235,0.15444027736107235,0.17990462741897287,0.17990462741897287,0.03151634418951634,0.030920386380927076,0.03151634418951634,0.030920386380927076,0.02137771400615312,0.01967769324576283
trial_0017_bite_014_transfer,trial_0017_bite_014,trial_0017,transfer,trial_0017,SUCCESS,0.8,0.0,0.018605267744355367,0.017190132618137004,0.03408733437091773,0.034036237309430235,0.027598110028486868,0.027494791146121935,0.06428540979615714,0.06428540979615714,0.06515622640968914,0.06515622640968914,0.18176911558366482,0.11248342809127904,0.4982062483403525,0.49596547531888835,0.03319991927811633,0.03544069229958047,0.001076027537881352,0.0037455779850735465,0.81,0.0,0.0018727889925367436,0.0037455779850735465,0.5536657678042243,0.5542131720475014,1.8487617236557785,1.8389124483085393,13.285151749921623,12.464991751626494,0.0016031073776116135,0.2275028953338722,15.09467927983909,0.0047669502818757275,0.3820489544776412,10.332528019786562,0.042730706629867915,0.042730706629867915,0.010596091537546102,0.010596091537546102,0.01626600655366055,0.01574298030394363,0.01626600655366055,0.01574298030394363,0.017307397614776985,0.016401329419339025
trial_0017_bite_015_transfer,trial_0017_bite_015,trial_0017,transfer,trial_0017,SUCCESS,0.8,0.0,0.024669682205990844,0.02196467541326653,0.05192148952646926,0.05179702630356997,0.04535100366896303,0.0450468677683059,0.08381980999258024,0.08381980999258024,0.08532272133121872,0.08532272133121872,0.10610041558532998,0.15504829330360098,0.4871837592435446,0.4893997948444039,0.0661555525558718,0.06393951695501254,0.0009189610370273222,0.0031988402789459346,0.81,0.0,0.001599420139472959,0.0031988402789459346,0.5477923205870722,0.5473007335495353,1.7381437608687105,1.7395588367365047,12.012315938028324,11.664884890084648,0.0013691036393866055,0.19429455963056536,12.891326324172157,0.004071124037512271,0.32628170845229565,8.824300800766215,0.06379599879122233,0.06379599879122233,0.03126097268561168,0.03126097268561168,0.020165048224923543,0.018561852011425125,0.020165048224923543,0.018561852011425125,0.02273479127621113,0.020305212094319253
trial_0019_bite_001_transfer,trial_0019_bite_001,trial_0019,transfer,trial_0019,SUCCESS,0.8,0.0,0.03224928832259415,0.03512130320416035,0.035149061988600606,0.03538987069344398,0.03306846801254817,0.033343755460173256,0.0520207236489061,0.0520207236489061,0.05272764240846998,0.05272764240846998,0.20090667552220398,0.2338194169917538,0.4582203298157413,0.4605863668311186,0.0249449705793639,0.0273110075947412,0.0012322102264388042,0.00428923920127459,0.81,0.0,0.0021446196006372647,0.00428923920127459,0.500096912836481,0.499403390156497,1.4268170442831118,1.4201652366226665,12.574300140229731,11.832596484398529,0.0018357943781473658,0.26052436792365935,17.285633981134133,0.005458861115975421,0.4375023985300309,11.832268452869537,0.0401748928660403,0.0401748928660403,0.024423713582081147,0.024423713582081147,0.02761076025226369,0.029052547635938154,0.02761076025226369,0.029052547635938154,0.029856856521023382,0.03214464824514444
trial_0019_bite_002_transfer,trial_0019_bite_002,trial_0019,transfer,trial_0019,SUCCESS,0.8,0.0,0.03310427455336071,0.03625406657373445,0.029635362205067888,0.029922350679748938,0.02848261274432517,0.028750230166966966,0.03624497446942275,0.03625406657373445,0.03667826033655764,0.03667826033655764,0.2163660161094211,0.25533741722667047,0.5403926824499041,0.5464350599802814,0.025525006044042176,0.03156738357441946,0.0022586060376301197,0.007862052553188807,0.81,0.0,0.0039310262765944225,0.007862052553188807,0.5847285277498636,0.5823450647650182,1.7331384721012348,1.7102687796843437,14.593183519748385,11.936900205111861,0.0033649584927648714,0.4775337014062672,31.684071789356626,0.01000593600878712,0.8019293604250644,21.688209035383146,0.0297315616278217,0.0297315616278217,0.030824315448254293,0.030824315448254293,0.028168717982875985,0.029591939236717907,0.028168717982875985,0.029591939236717907,0.030367755086419142,0.03275769748241584
trial_0019_bite_003_transfer,trial_0019_bite_003,trial_0019,transfer,trial_0019,SUCCESS,0.8,0.0,0.045586109013458144,0.04745684896724771,0.05182537468448704,0.051909622094966835,0.04670871170829328,0.04680013412164178,0.08122160224951737,0.08122160224951737,0.08215307697887801,0.08215307697887801,0.1860207630014214,0.2756567766614703,0.5133801988822122,0.5300252898550312,0.027723241220666273,0.04436833219348524,0.005879573755140742,0.020466392581580593,0.81,0.0,0.010233196290790275,0.020466392581580593,0.5573531271473474,0.5492964195802907,1.790748880734682,1.5976565351426801,26.288100676986748,12.881256694517782,0.008759616024916634,1.24310949816204,82.47956210376695,0.026047322008669983,2.087572043321172,56.458462660623645,0.057056599755635165,0.057056599755635165,0.04596856932139315,0.04596856932139315,0.040049548912705575,0.04057091006917919,0.040049548912705575,0.04057091006917919,0.042966039920414124,0.044153783921842715
trial_0019_bite_004_transfer,trial_0019_bite_004,trial_0019,transfer,trial_0019,SUCCESS,0.8,0.0,0.03842581403338717,0.040845940935106,0.03641033792378172,0.03666066876556033,0.032625405549669084,0.03287769853531809,0.05807078694253188,0.05807078694253188,0.059066661963509695,0.059066661963509695,0.19142436401620358,0.24925524873909868,0.5011328092202503,0.5026617561773211,0.013473502399567683,0.015002449356638525,0.0008530254705322722,0.0029693230987597415,0.81,0.0,0.0014846615493798961,0.0029693230987597415,0.5408195056175847,0.5403266127752723,1.5673200767593154,1.5610500261461737,11.247649344009305,10.690577984233395,0.0012708702862688423,0.18035390127809284,11.966372088003839,0.003779020391251511,0.30287095607368913,8.19115614197733,0.031223941761331572,0.031223941761331572,0.050364828451560574,0.050364828451560574,0.03427382190960496,0.035534072731171026,0.03427382190960496,0.035534072731171026,0.035367685580573016,0.03742553778628199
trial_0019_bite_005_transfer,trial_0019_bite_005,trial_0019,transfer,trial_0019,SUCCESS,0.8,0.0,0.014268156486586298,0.01713217078206921,0.04220736687117132,0.042292457318125136,0.03534894972646912,0.03563453276170378,0.06889535804347538,0.06889535804347538,0.06929442576258514,0.06929442576258514,0.09851187336812302,0.10635333018657812,0.49876684034243074,0.5000924403426285,4.861968385444504e-05,0.001276980316343268,0.0008415383272536059,0.002929337141652482,0.81,0.0,0.001464668570826241,0.002929337141652482,0.5398472148505128,0.5394534770709332,1.6033875576537826,1.5966606579282496,11.124505268770733,10.474191938711957,0.001253756296625548,0.17792519173028978,11.805228680863054,0.0037281307634619764,0.2987923884485839,8.080851130632789,0.046405147916793135,0.046405147916793135,0.048544226681435494,0.048544226681435494,0.013075858462619832,0.014337334669300813,0.013075858462619832,0.014337334669300813,0.011346935169707152,0.013782985578442198
trial_0019_bite_006_transfer,trial_0019_bite_006,trial_0019,transfer,trial_0019,SUCCESS,0.8,0.0,0.022410821091660777,0.02683164149522802,0.03884839292549655,0.03906911670661789,0.035495568577870194,0.03587904631346859,0.05757016767060669,0.05757016767060669,0.05811393760987096,0.05811393760987096,0.18267882681368006,0.20682773757460302,0.46087011768153185,0.4666029332451574,0.01011526589884204,0.015848081462467578,0.002150326330361175,0.007485138326090758,0.81,0.0,0.003742569163045378,0.007485138326090758,0.4973576498549796,0.49520625762783543,1.4037727707310599,1.3775501187860624,12.475394936449652,9.273202548380329,0.0032036392035659673,0.45464028460954475,30.16510745415147,0.009526241983385073,0.7634841092612163,20.64845580425797,0.044125718470680676,0.044125718470680676,0.03607543694254853,0.03607543694254853,0.02135357233092026,0.023209705542361996,0.02135357233092026,0.023209705542361996,0.020498853418190785,0.02386148315621506
trial_0019_bite_007_transfer,trial_0019_bite_007,trial_0019,transfer,trial_0019,SUCCESS,0.8,0.0,0.04737771684697138,0.05082482647071736,0.04799697624807949,0.04835149822548718,0.04300339480533126,0.04336474728837679,0.06864614326009696,0.06864614326009696,0.06906381818837436,0.06906381818837436,0.32717519475071816,0.34855630400618715,0.46532933730286846,0.4665590154181093,0.027375406975011174,0.028605085090252003,0.001011160883362628,0.0035197816140911716,0.81,0.0,0.0017598908070456131,0.0035197816140911716,0.5044235336922462,0.5040568418752457,1.501867963094238,1.4908836814883109,12.950232539319252,12.164176585188429,0.0015064665308306305,0.21378823544458744,14.184719904792594,0.004479582062982996,0.35901772463703907,9.70964756198738,0.04689149214412477,0.04689149214412477,0.05435533227191955,0.05435533227191955,0.044537794312601145,0.04634541143753984,0.044537794312601145,0.04634541143753984,0.046177273005289274,0.049089029414615126
trial_0019_bite_008_transfer,trial_0019_bite_008,trial_0019,transfer,trial_0019,SUCCESS,0.8,0.0,0.030794215545032068,0.032170612600562754,0.03571959022703182,0.035744337141543625,0.03350224710542681,0.03352405302456652,0.0552882858318791,0.0552882858318791,0.05657253954554183,0.05657253954554183,0.09919615570148871,0.19171637948913273,0.4654616172207466,0.47222232307084044,0.022767662422666535,0.029528368272760397,0.002652717961367826,0.009233929102104523,0.81,0.0,0.004616964551052261,0.009233929102104523,0.5026062761814792,0.4999018092419586,1.4785124527734588,1.4465916386224718,15.757178623465553,12.543682320403095,0.003952121655701178,0.5608601968530886,37.21273428148165,0.011751906144130563,0.94186076841443,25.472659109034645,0.0350254134981968,0.0350254134981968,0.04473446142389678,0.04473446142389678,0.0269342988132512,0.027091735856090392,0.0269342988132512,0.027091735856090392,0.028402321947485983,0.028939808008533754
trial_0019_bite_009_transfer,trial_0019_bite_009,trial_0019,transfer,trial_0019,SUCCESS,0.8,0.0,0.04718048640466333,0.05249377856797729,0.04640369969944708,0.046897469531669615,0.04155937441807591,0.042066017260988915,0.06883215905975999,0.06883215905975999,0.06975374613250102,0.06975374613250102,0.22692284726943726,0.3088131525277354,0.5379555909215687,0.5446720021361237,0.04060174144515766,0.047318152659712565,0.0024573986690528153,0.008554036055133156,0.81,0.0,0.004277018027566561,0.008554036055133156,0.5829238477697869,0.5803687180685815,1.7411520713429443,1.7202972116548896,18.277638399612517,16.165156988415838,0.0036611274315962047,0.5195641305800612,34.472765302207236,0.010886614761916885,0.8725116776238359,23.59711039896821,0.04556454254053891,0.04556454254053891,0.053943416184792224,0.053943416184792224,0.04066011425511206,0.04329914894491522,0.04066011425511206,0.04329914894491522,0.043437851545132945,0.047698424255014936
trial_0019_bite_010_transfer,trial_0019_bite_010,trial_0019,transfer,trial_0019,SUCCESS,0.8,0.0,0.02837248447791463,0.031251165694853714,0.019882727946792404,0.020237012475713023,0.01809540163316346,0.018367965841209172,0.03199633743331123,0.03199633743331123,0.03289978777979671,0.03289978777979671,0.1085086527426232,0.19144659869552416,0.4914631848969418,0.49789071458883005,0.0023138430977919233,0.00874137278968018,0.0025397622836554226,0.008840738142919892,0.81,0.0,0.00442036907145991,0.008840738142919892,0.5324141578018876,0.5298636363146167,1.6233822225496919,1.600161626212657,17.845447062367093,15.539087725230173,0.0037838359251693753,0.5369781466087872,35.62817471597055,0.011251496925266445,0.9017552905777901,24.388004986448856,0.021002664314276397,0.021002664314276397,0.013885079347001917,0.013885079347001917,0.021386451946301337,0.022929063487632035,0.021386451946301337,0.022929063487632035,0.024789659589903434,0.027186142604540334
trial_0019_bite_011_transfer,trial_0019_bite_011,trial_0019,transfer,trial_0019,SUCCESS,0.8,0.0,0.029949436059486526,0.029501228927409952,0.06235471011524398,0.062129109974380294,0.05352011551734765,0.05302218525537365,0.09406300332112401,0.09406300332112401,0.09526259782015785,0.09526259782015785,0.1261560888160672,0.16742475651444885,0.4656034643684625,0.4766425628822144,0.007981519978300489,0.0030575785354514107,0.003933846534999198,0.013693449711484545,0.81,0.0,0.006846724855742294,0.013693449711484545,0.5084745273727191,0.5036045304675172,1.5948444532685953,1.5215100482807595,20.088205737191014,13.606392682935967,0.005860796476515485,0.831727297866656,55.184602337281085,0.017427482279684117,1.3967318705713272,37.77466479005256,0.06434500368943628,0.06434500368943628,0.0770093913384188,0.0770093913384188,0.03496488044505598,0.03297687490838159,0.03496488044505598,0.03297687490838159,0.028367826131365168,0.02528585442798591
trial_0019_bite_012_transfer,trial_0019_bite_012,trial_0019,transfer,trial_0019,SUCCESS,0.8,0.0,0.041710264169883736,0.04490603964888149,0.06087995263239268,0.06107240241465708,0.054050272639268246,0.05435077389620446,0.09425962771910215,0.09425962771910215,0.09511936649815228,0.09511936649815228,0.18591322551251774,0.2804208407067539,0.45102483212827466,0.45573511861084576,0.036776182803231805,0.04148646928580291,0.0018458379115428307,0.006425235044729208,0.81,0.0,0.003212617522364604,0.006425235044729208,0.4874336150340205,0.48568562321025055,1.3963965975886101,1.3851309810443218,13.514614555885094,11.91653767090589,0.0027500005991443967,0.3902627529591244,25.893697230252783,0.00817731632599336,0.6553739745624354,17.724613236618705,0.06969787174204273,0.06969787174204273,0.0532322661525276,0.0532322661525276,0.03532309993398702,0.036886304910910606,0.03532309993398702,0.036886304910910606,0.03777077671967782,0.04032647178686494
trial_0019_bite_013_transfer,trial_0019_bite_013,trial_0019,transfer,trial_0019,SUCCESS,0.8,0.0,0.025566182407753657,0.027227606978094843,0.049262702123361514,0.04929584978845481,0.04102620147019567,0.04108711430807807,0.08262185993080919,0.08262185993080919,0.08317347058720448,0.08317347058720448,0.07080109426165782,0.17030030525095416,0.4500978987569148,0.4554365740809703,0.011545914364088306,0.016884589688143825,0.0020819941505674645,0.007247278699550583,0.81,0.0,0.0036236393497752913,0.007247278699550583,0.48390793510619423,0.4819381677969707,1.3387559111428857,1.3151575883663196,12.73051606943015,10.126474386822466,0.0031018352834070654,0.4401929138868265,29.206533159192603,0.009223521009933183,0.739222427354329,19.99229772511161,0.05591681915356035,0.05591681915356035,0.04920919460563654,0.04920919460563654,0.020789030234801328,0.021163563604334988,0.020789030234801328,0.021163563604334988,0.022342938022993343,0.02315617913498903
trial_0019_bite_014_transfer,trial_0019_bite_014,trial_0019,transfer,trial_0019,SUCCESS,0.8,0.0,0.017769601574960645,0.017429438599979783,0.03820988010859811,0.03804749908483369,0.035385696671052326,0.03503586960477918,0.055719915043438886,0.055719915043438886,0.056246464866021605,0.056246464866021605,0.11369733900589217,0.14359718676661534,0.39917350699487525,0.40572127497555666,0.01111925773691258,0.004571489756231173,0.002388935322124735,0.008315719844803468,0.81,0.0,0.004157859922401712,0.008315719844803468,0.4333154685594991,0.4310199566418002,1.295875372329203,1.2424531937544607,15.844871487486609,11.62893328450541,0.0035591280935791006,0.5050890273860603,33.51235097453959,0.010583312699980623,0.8482034241698841,22.939692790651485,0.04288172200148651,0.04288172200148651,0.037501855444229716,0.037501855444229716,0.020703324537830307,0.019211259971678947,0.020703324537830307,0.019211259971678947,0.018420737770023985,0.016026704992352325
trial_0019_bite_015_transfer,trial_0019_bite_015,trial_0019,transfer,trial_0019,SUCCESS,0.8,0.0,0.03581255855248273,0.03994646100607571,0.07007606738374503,0.07023684852425963,0.05851018175697869,0.058844450683679064,0.11662502507876978,0.11662502507876978,0.11766551540001376,0.11766551540001376,0.1109963960348742,0.22365787582691316,0.45843594960633266,0.4660698048636446,0.0243575904471377,0.03199144570444962,0.0028117222101405295,0.009787411975701633,0.81,0.0,0.004893705987850817,0.009787411975701633,0.49516601407459837,0.49218536963996584,1.4247677199489726,1.3804652372380823,15.399529422885005,11.036919056742482,0.004189012325599434,0.5944782277055415,39.44327026208572,0.012456316878824595,0.9983160215215089,26.999493504853362,0.08182632313371889,0.08182632313371889,0.062321040192918814,0.062321040192918814,0.02808584353414489,0.029955231265073008,0.02808584353414489,0.029955231265073008,0.03103332862733679,0.034194015552093254
trial_0019_bite_016_transfer,trial_0019_bite_016,trial_0019,transfer,trial_0019,SUCCESS,0.8,0.0,0.031090269377322188,0.03520253032526431,0.04263757116507968,0.04290263096254087,0.036803349702496255,0.037193482120462674,0.06853868750552773,0.06853868750552773,0.06907764636714023,0.06907764636714023,0.13198632194493518,0.21224647915815062,0.43660313356070896,0.44090989305089145,0.019749783679830213,0.024056543170012712,0.0017080917502443373,0.00594575011416332,0.81,0.0,0.002972875057081644,0.00594575011416332,0.46997817068194914,0.46845491545187085,1.287072109664629,1.2715882145809905,11.501107174285755,9.590916931609058,0.0025447810488611606,0.36113928779330856,23.96137296008578,0.007567081848419583,0.6064665116447687,16.401909104003327,0.04597520369721435,0.04597520369721435,0.04617534782853525,0.04617534782853525,0.0259558175136457,0.02797770698640478,0.0259558175136457,0.02797770698640478,0.027364119241388683,0.03065644385768278
trial_0019_bite_017_transfer,trial_0019_bite_017,trial_0019,transfer,trial_0019,SUCCESS,0.8,0.0,0.02750118793461495,0.03199257687418369,0.05054521744022174,0.050735956516323684,0.04216349194604947,0.042535833683294756,0.0850500938620833,0.0850500938620833,0.0857522444343755,0.0857522444343755,0.11570606624906168,0.20539555518468644,0.45802027266054873,0.46344558264019503,0.016370931149524925,0.021796241129171223,0.0020037299590833797,0.006974846422194975,0.81,0.0,0.0034874232110974667,0.006974846422194975,0.49354382601573166,0.4916043085353452,1.353462362532808,1.3329730956936323,12.863248896873557,10.527902689867219,0.0029852342686984648,0.42364563276580397,28.108631081462732,0.008876799855946546,0.7114343350638981,19.24076774750696,0.057967310261474815,0.057967310261474815,0.04813509580223022,0.04813509580223022,0.021913712948751905,0.023939977673789622,0.021913712948751905,0.023939977673789622,0.02395954329314616,0.02724284833073385
trial_0019_bite_018_transfer,trial_0019_bite_018,trial_0019,transfer,trial_0019,SUCCESS,0.8,0.0,0.030672282216308133,0.03345572030760255,0.02064701029112144,0.020936283065261862,0.019101475611506713,0.019310189581681438,0.026721443358294798,0.02830924212693652,0.030672282216308133,0.03345572030760255,0.10672202225079921,0.18948355892227603,0.4026496966767295,0.40970938291759007,0.01592944266584828,0.022989128906708844,0.002707018290802697,0.00942294482089732,0.81,0.0,0.004711472410448676,0.00942294482089732,0.4331957675519009,0.4304618707257336,1.2294876982188696,1.1911486118395265,16.007839514286477,12.560924152369871,0.004033020383344325,0.5723408344107952,37.974467628213546,0.011992464086747548,0.9611403717314774,25.994076689524018,0.016725978019953937,0.016725978019953937,0.023903222278997147,0.023903222278997147,0.0265862668454324,0.02765290104271675,0.0265862668454324,0.02765290104271675,0.027480127087845665,0.02924193158469566
trial_0019_bite_019_transfer,trial_0019_bite_019,trial_0019,transfer,trial_0019,SUCCESS,0.8,0.0,0.017405055719477154,0.0174890857450039,0.02940842294042597,0.029419556285747085,0.025069649202856627,0.025100672116152044,0.0502811183809499,0.0502811183809499,0.0504918640993514,0.0504918640993514,0.087724933109501,0.10320929774749074,0.38551415455008936,0.38475887666663733,0.005013809086889254,0.005769086970341286,0.000866589508278937,0.003016538582921652,0.81,0.0,0.0015082692914608245,0.003016538582921652,0.4150472849247862,0.4153140379390209,1.1760186204302403,1.1526753873926345,10.473919637790212,9.124795258527651,0.0012910785134906098,0.18322172552166735,12.156650489175206,0.0038391109477500366,0.3076869354581301,8.321404481498432,0.032935562088018726,0.032935562088018726,0.031091218068149913,0.031091218068149913,0.011816125990097494,0.011948675309372821,0.011816125990097494,0.011948675309372821,0.013207909417918393,0.013329142265736798
trial_0019_bite_020_transfer,trial_0019_bite_020,trial_0019,transfer,trial_0019,SUCCESS,0.8,0.0,0.030874243270127038,0.0330391996486299,0.018038149650163163,0.018461573491556468,0.016834198763672304,0.017100053015933116,0.028703148198314078,0.031022585413666585,0.030874243270127038,0.0330391996486299,0.07991992390069569,0.1842631020714574,0.37741666857621925,0.3800755882739439,0.01353735530819089,0.016196275005915528,0.0011767466891719194,0.004096174435878164,0.81,0.0,0.002048087217939104,0.004096174435878164,0.40650454401727304,0.405658039989546,1.0642862901395609,1.0516398469565502,9.09176179210822,7.666210484120323,0.001753162658552636,0.24879779507149674,16.50758297660412,0.005213150002358699,0.41780979245956706,11.299681197751068,0.014428198752895862,0.014428198752895862,0.01816465360936696,0.01816465360936696,0.025610071635626282,0.027022328777767057,0.025610071635626282,0.027022328777767057,0.02866682523813766,0.03077993287657682
trial_0019_bite_021_transfer,trial_0019_bite_021,trial_0019,transfer,trial_0019,SUCCESS,0.8,0.0,0.04629867336720887,0.05143964594411847,0.05259766244186664,0.05305339305855563,0.047063880108298366,0.047589853775964364,0.08102205223212502,0.08102205223212502,0.08152876309449054,0.08152876309449054,0.28746038069827695,0.3393299196801583,0.4477591500805615,0.45535947090983214,0.025716889947008603,0.03331721077627925,0.0027857992187405142,0.009697175822372025,0.81,0.0,0.004848587911185993,0.009697175822372025,0.4823172008069246,0.47937014048588056,1.3329497799974006,1.2918965240699818,14.764629053684436,10.529640977872244,0.004150391251974744,0.5889973683486021,39.07961856416211,0.012341474454434828,0.9891119338818825,26.75056861623331,0.05499421933431731,0.05499421933431731,0.055930820719004154,0.055930820719004154,0.04105219661875055,0.04378188921074327,0.04105219661875055,0.04378188921074327,0.04396862668741211,0.04832215222583198
trial_0019_bite_022_transfer,trial_0019_bite_022,trial_0019,transfer,trial_0019,SUCCESS,0.8,0.0,0.029885102876161328,0.03414273217800279,0.03008007843815624,0.030338849329409064,0.026322240415565107,0.026574437052537085,0.04852981565536077,0.04852981565536077,0.04910519201949663,0.04910519201949663,0.09855213180342946,0.2051029717168993,0.4087456954983225,0.41900125945422556,0.012860043126263654,0.0231156070821667,0.003675190194811514,0.01279308474925111,0.81,0.0,0.006396542374625555,0.01279308474925111,0.4408914504067113,0.4366514273349355,1.2552087747352383,1.1690224031263523,17.579661072303455,10.502644492489233,0.005475440272680524,0.7770399741526617,51.5561315394753,0.016281599046811347,1.3048946444236953,35.29092363252314,0.032975939790104665,0.032975939790104665,0.02702923409005404,0.02702923409005404,0.02343133513570231,0.024984449858677104,0.02343133513570231,0.024984449858677104,0.027046830286170158,0.02973868507333068
trial_0019_bite_023_transfer,trial_0019_bite_023,trial_0019,transfer,trial_0019,SUCCESS,0.8,0.0,0.043892848239456994,0.04714051014436548,0.04113919308749461,0.041486953286243355,0.03741454290954205,0.03774156529204432,0.05855513780752944,0.05855513780752944,0.059017060049319905,0.059017060049319905,0.22744587765671362,0.29517505183726195,0.44015933434054716,0.444314454221734,0.02574142553536013,0.02989654541654696,0.0015943610803440544,0.0055498614603795016,0.81,0.0,0.002774930730189757,0.0055498614603795016,0.4729185454431076,0.47144898999517754,1.265668612026427,1.25448451033222,9.918975245044502,8.084692497525712,0.002375340705041711,0.33709338210818995,22.365941685331485,0.007063239307355617,0.5660858689585351,15.309813138003337,0.0386345176451378,0.0386345176451378,0.04786807489247869,0.04786807489247869,0.04114500773878589,0.042791458589125614,0.04114500773878589,0.042791458589125614,0.04286065004789866,0.04552196896775046
trial_0019_bite_024_transfer,trial_0019_bite_024,trial_0019,transfer,trial_0019,SUCCESS,0.8,0.0,0.033429075266027626,0.034208259578085765,0.04627685532072431,0.04617097108991274,0.04029163719293652,0.040089900973234914,0.07536483074734592,0.07536483074734592,0.07672279319048675,0.07672279319048675,0.1151176238401983,0.2078999086567351,0.4370953978606971,0.44985229699100465,0.017356915597503575,0.030113814727811106,0.004781516258940355,0.01664412982405751,0.81,0.0,0.008322064912028755,0.01664412982405751,0.4695964984069857,0.4637529147609641,1.38712238103015,1.2471326379431023,20.89300408025205,10.79933688042463,0.007123687564696991,1.0109488416416526,67.07584319094659,0.021182775975454055,1.697701242053852,45.914392506873206,0.05187977063314464,0.05187977063314464,0.04380238083858731,0.04380238083858731,0.02797334937167494,0.02711879361562729,0.02797334937167494,0.02711879361562729,0.02906266032487752,0.028337816067093066
trial_0019_bite_025_transfer,trial_0019_bite_025,trial_0019,transfer,trial_0019,SUCCESS,0.8,0.0,0.03639835362808192,0.0419559779020013,0.03544914227276534,0.03569762114707536,0.033090835555301665,0.03331472389117102,0.04928163732364114,0.04928163732364114,0.04952694378684533,0.04952694378684533,0.16933066814842423,0.2758189704999639,0.4763005955596639,0.4886662479452909,0.010269937207914193,0.002095715177712787,0.004400575565073753,0.015318101422056975,0.81,0.0,0.00765905071102851,0.015318101422056975,0.5152080117552766,0.5098259384237253,1.5266792411924301,1.4224681994610757,20.78979058079756,12.437347350540021,0.00655614740864031,0.9304071196554845,61.731948730889165,0.01949515620358515,1.5624463450496295,42.25641884471145,0.03230033399675634,0.03230033399675634,0.04439877587719534,0.04439877587719534,0.03443219002575339,0.03564548668791382,0.03443219002575339,0.03564548668791382,0.034902762738786924,0.03770805466884278
trial_0019_bite_026_transfer,trial_0019_bite_026,trial_0019,transfer,trial_0019,SUCCESS,0.8,0.0,0.027344372344178407,0.033723434119029096,0.04448790696247704,0.044806020283072824,0.0383695319853621,0.038906874617273116,0.07033509086182654,0.07033509086182654,0.07109870186883496,0.07109870186883496,0.11271394962103871,0.21324670261660794,0.45423800241042656,0.46201779442543933,0.013035282474098409,0.020815074489111185,0.0028688823333070223,0.009986382440136088,0.81,0.0,0.004993191220068044,0.009986382440136088,0.48888631018112233,0.4858715672443937,1.378048159939704,1.3240482147177026,14.745969049792683,9.571917191112584,0.00427417168437858,0.6065635071802357,40.24512123374184,0.012709544101781853,1.0186110088938813,27.548372184456902,0.04801922373224303,0.04801922373224303,0.049514684406483794,0.049514684406483794,0.024408946591457217,0.027063148820783964,0.024408946591457217,0.027063148820783964,0.023612603819394316,0.028391210573885283
trial_0020_bite_001_transfer,trial_0020_bite_001,trial_0020,transfer,trial_0020,SUCCESS,0.8,0.0,0.02035120125694038,0.01956288169568618,0.03944871694264627,0.03944583532269053,0.03582334047897725,0.035817203674257295,0.0592642201815471,0.0592642201815471,0.06059675166590486,0.06059675166590486,0.201037266003578,0.24772287778021956,0.336683241280069,0.3317150730992245,0.008421443872141665,0.013389612052986166,0.002446426793992846,0.008515843711319616,0.81,0.0,0.004257921855659808,0.008515843711319616,0.38037400914053665,0.381136140630973,1.3293151912343433,1.2475866628417709,15.611876211362755,11.589502081454032,0.003644781108446656,0.5172443634221598,34.31885015660963,0.010838007843349795,0.8686160585546351,23.49175323804397,0.04614502369628163,0.04614502369628163,0.0318187590474198,0.0318187590474198,0.020891860853480347,0.020865675953137344,0.020891860853480347,0.020865675953137344,0.02004641586659953,0.019933751843656648
trial_0020_bite_002_transfer,trial_0020_bite_002,trial_0020,transfer,trial_0020,SUCCESS,0.8,0.0,0.029285208818903768,0.02697780992132241,0.025736247298503254,0.02554952280084442,0.02473037755157295,0.02456003220062908,0.03401846614142961,0.03401846614142961,0.03593698543862378,0.03593698543862378,0.15013378704655955,0.15837529335676698,0.3653926854480501,0.35719800775261584,0.005114357196634833,0.013309034892069083,0.0031169627731621997,0.010849933419396772,0.81,0.0,0.0054249667096983745,0.010849933419396772,0.40558847155429806,0.4070492527554341,1.478248042416307,1.369392837943653,17.66208755110557,11.138176681910473,0.004643771503501011,0.6590147840815973,43.725231680173934,0.013808574638698033,1.106693208778527,29.930558518674413,0.024334644405758474,0.024334644405758474,0.026766179623718103,0.026766179623718103,0.028484527455575174,0.0276642515723057,0.028484527455575174,0.0276642515723057,0.028796247926269884,0.0273597988293349
trial_0020_bite_003_transfer,trial_0020_bite_003,trial_0020,transfer,trial_0020,SUCCESS,0.8,0.0,0.030763375458818396,0.034026179831174355,0.035361579307265655,0.035693475072249854,0.033521031913004845,0.033881328369337264,0.04541606276073742,0.04541606276073742,0.046158117120514236,0.046158117120514236,0.12495052298233146,0.19294887270544123,0.3478802242377652,0.3412820455042525,0.01613714869968219,0.022735327433194896,0.002816598125739107,0.009804384703146016,0.81,0.0,0.004902192351573008,0.009804384703146016,0.3804917568899937,0.3818983121131506,1.288705701894779,1.1956658680857153,15.396781172865879,9.936173571237067,0.004196276652946114,0.5955091352582336,39.51167035368194,0.012477917856883639,1.0000472397209295,27.046314364720374,0.03420694412123958,0.03420694412123958,0.04145508652264146,0.04145508652264146,0.0321582284979826,0.03387586224329122,0.0321582284979826,0.03387586224329122,0.03127979622197952,0.0341555221776123
trial_0020_bite_004_transfer,trial_0020_bite_004,trial_0020,transfer,trial_0020,SUCCESS,0.8,0.0,0.04495731522448012,0.04794034968144741,0.04706383478320071,0.04738185465491793,0.04359583912169725,0.04391768363216382,0.061033674113320155,0.061033674113320155,0.06165465793948179,0.06165465793948179,0.19025839029050676,0.305097768864302,0.3503534956932975,0.3434286592403861,0.04391226220724731,0.050837098660158675,0.00264490431816736,0.009206730346566622,0.81,0.0,0.004603365173283325,0.009206730346566622,0.39134789776556006,0.3925036065600384,1.3603071346152116,1.2762854687841996,14.537539771355895,9.192715507942191,0.003940480588331018,0.5592081699405623,37.10312329665223,0.011717290627943472,0.9390864953496129,25.397628791986364,0.045004753020261405,0.045004753020261405,0.05337343158105773,0.05337343158105773,0.046401625256275884,0.04793295097115981,0.046401625256275884,0.04793295097115981,0.04530010291986487,0.047903798377059124
trial_0020_bite_005_transfer,trial_0020_bite_005,trial_0020,transfer,trial_0020,SUCCESS,0.8,0.0,0.016003968862692203,0.013512907012179833,0.06271099752468781,0.06259012821276182,0.052205211924606885,0.05163150677714097,0.10344376872516996,0.10344376872516996,0.10427776103183505,0.10427776103183505,0.047414272469409324,0.08880890300250265,0.3749223060084608,0.3665729110634224,0.032488479147836424,0.04083787409287487,0.003337515429968285,0.01161766207577382,0.81,0.0,0.005808831037886897,0.01161766207577382,0.416769958977087,0.4182669743144215,1.5038563848442728,1.3720675087704517,18.677161963922238,11.246166756925675,0.004972359368430665,0.7056459029244265,46.81917816537502,0.01478565330306191,1.1850015317290696,32.048409991867715,0.07076884719697218,0.07076884719697218,0.0671324454864766,0.0671324454864766,0.017688443240180225,0.015493240251780702,0.017688443240180225,0.015493240251780702,0.015223309633880598,0.01124927017322993
trial_0020_bite_006_transfer,trial_0020_bite_006,trial_0020,transfer,trial_0020,SUCCESS,0.8,0.0,0.03379029689682047,0.03650790775416089,0.04253984421823438,0.042785452039523296,0.039536763513644615,0.03983900043865491,0.058146669200545065,0.058146669200545065,0.058615408833568625,0.058615408833568625,0.13716114453318157,0.21503626640375817,0.3106099689611244,0.304395690468624,0.02418950446397411,0.0304037829564745,0.00298943235421639,0.010406008786602377,0.81,0.0,0.005203004393301188,0.010406008786602377,0.3447260913700364,0.345797748277102,1.2189232665894498,1.1004360754764277,15.543138791247605,9.038866505884846,0.004453771760667174,0.6320512180650009,41.93621541000177,0.01324359730759814,1.0614128962335496,28.705950801162853,0.04514651278664664,0.04514651278664664,0.04257644914279759,0.04257644914279759,0.03396492274419448,0.03541760934699653,0.03396492274419448,0.03541760934699653,0.033452906899987506,0.035860187738662196
trial_0020_bite_007_transfer,trial_0020_bite_007,trial_0020,transfer,trial_0020,SUCCESS,0.8,0.0,0.02430911110309126,0.02461173377345601,0.026636593720390882,0.026677824323612945,0.025456682767427068,0.0255014188061035,0.03726300054932268,0.03726300054932268,0.038685793377517236,0.038685793377517236,0.08788899107391694,0.13774231423479946,0.32904715445813754,0.3221741733838602,0.014316175923970775,0.021189156998248138,0.0036805922331689524,0.012811888873898314,0.81,0.0,0.006405944436949147,0.012811888873898314,0.3619824950414715,0.3633984893934523,1.331522175203746,1.169797758290632,18.48270240674766,9.642263122662358,0.005483488438029174,0.7781821190547503,51.631912161810966,0.016305530821198403,1.3068126651376177,35.34279657326326,0.028425391432126326,0.028425391432126326,0.023102846947986207,0.023102846947986207,0.024402690329165703,0.024618357405824742,0.024402690329165703,0.024618357405824742,0.024309012232411196,0.024757139689731235
trial_0020_bite_008_transfer,trial_0020_bite_008,trial_0020,transfer,trial_0020,SUCCESS,0.8,0.0,0.019282428781325547,0.016067415845903568,0.027801731859171595,0.027558401205488456,0.024899066543652947,0.024523127578651785,0.04532489220141207,0.04532489220141207,0.04621419285361683,0.04621419285361683,0.10854777376843028,0.1307616278371123,0.3418005451502808,0.3347503412727757,0.0011136219502660971,0.005936581927239004,0.0030203940912452015,0.010513784467532535,0.81,0.0,0.005256892233766292,0.010513784467532535,0.38119190486423143,0.38237254138925975,1.3496693720377866,1.2331749410642265,16.33257812524644,9.680770331067308,0.004499899752102434,0.6385974118849894,42.370551404164544,0.01338076206952421,1.072406015688143,29.003260120963922,0.03265081260794193,0.03265081260794193,0.01843493703639312,0.01843493703639312,0.01865104851264915,0.016824785103018,0.01865104851264915,0.016824785103018,0.019411503904139486,0.016534807965595186
trial_0020_bite_009_transfer,trial_0020_bite_009,trial_0020,transfer,trial_0020,SUCCESS,0.8,0.0,0.027591035427406818,0.024807807926853376,0.06376149542174532,0.06371753409685604,0.05605725316323539,0.05595083735571677,0.10241164414531444,0.10241164414531444,0.10347873391993814,0.10347873391993814,0.1572567309125088,0.14857250831085225,0.30538578554023715,0.30040830080806197,0.014943079452384989,0.019920564184560174,0.0034814732732733286,0.012118769444943677,0.81,0.0,0.0060593847224718386,0.012118769444943677,0.34313804165035533,0.3439791088458597,1.3085142144472415,1.14317576373087,18.39528444674813,10.314981428252228,0.005186833322437023,0.73608269473955,48.83864086311814,0.01542340638796084,1.2361144833842024,33.430761648515,0.07603946643682115,0.07603946643682115,0.04828430125857967,0.04828430125857967,0.028511364333884574,0.028034703807800074,0.028511364333884574,0.028034703807800074,0.02738891988828255,0.02638588364489468
trial_0020_bite_010_transfer,trial_0020_bite_010,trial_0020,transfer,trial_0020,SUCCESS,0.8,0.0,0.023443625889032375,0.02528467154202513,0.025662410041537388,0.02579720326821888,0.023603136392783105,0.023742048419447655,0.036642872932200456,0.036642872932200456,0.0370223047996939,0.0370223047996939,0.14378573508864823,0.15893258372482438,0.32080965407892753,0.3144074602314331,0.02068704402213689,0.0270892378696313,0.0028442349499308095,0.009900586590760905,0.81,0.0,0.0049502932953804524,0.009900586590760905,0.3547335114917161,0.355848275731077,1.2191834051622796,1.1068108738891946,14.819299720679023,8.497975680561025,0.004237451060846108,0.601352347723003,39.89936396076567,0.01260035279672939,1.0098598322578003,27.311696290620112,0.02132576605059567,0.02132576605059567,0.03532862659499487,0.03532862659499487,0.026063067468011042,0.026695398517513586,0.026063067468011042,0.026695398517513586,0.02446526942737607,0.025701779491086384
trial_0020_bite_011_transfer,trial_0020_bite_011,trial_0020,transfer,trial_0020,SUCCESS,0.8,0.0,0.02714295922554978,0.025464566693238277,0.04072916484134326,0.04069939996053606,0.03485206127776866,0.03480678956851601,0.06773763500865279,0.06773763500865279,0.06900792871819311,0.06900792871819311,0.10137027089345281,0.15545193116101805,0.33384986377077835,0.3267910465487044,0.020754773999970166,0.02781359122204413,0.002963563923990709,0.010315962556974747,0.81,0.0,0.005157981278487386,0.010315962556974747,0.3710430435977709,0.3722493290489057,1.344013632084915,1.2392483439479764,16.722593071847196,10.738548481048982,0.004415231974385349,0.6265818944958317,41.573329104606586,0.013128996596728578,1.052228180811285,28.45754983491795,0.04475352627974012,0.04475352627974012,0.03918697437202318,0.03918697437202318,0.02816641503892881,0.027958720247094015,0.02816641503892881,0.027958720247094015,0.02796530048231419,0.027544594787630473
trial_0020_bite_012_transfer,trial_0020_bite_012,trial_0020,transfer,trial_0020,SUCCESS,0.8,0.0,0.028873016872921126,0.029173474254619587,0.03231948934907412,0.032365944403959235,0.03049929112071509,0.030551177629685542,0.04321433156336839,0.04321433156336839,0.04420281565487712,0.04420281565487712,0.12725744944909068,0.18118729141541143,0.3160355454144519,0.310021619863858,0.029698009879420284,0.03571193543001416,0.0032039897434309964,0.01115286832809648,0.81,0.0,0.005576434164048228,0.01115286832809648,0.3539437978452638,0.3549359093360523,1.2976637164317084,1.1615246715066874,16.881364267954538,9.61437316600192,0.0047734276444264265,0.6774147664345487,44.94605936222547,0.014194116110312915,1.1375925694658697,30.766232864473,0.034261674067663735,0.034261674067663735,0.03062919926699397,0.03062919926699397,0.027864291041712667,0.028122431754320238,0.027864291041712667,0.028122431754320238,0.028398986400058283,0.028910957840573175
trial_0020_bite_013_transfer,trial_0020_bite_013,trial_0020,transfer,trial_0020,SUCCESS,0.8,0.0,0.025543397265981597,0.028465523549176416,0.03847441301554481,0.03867727292030325,0.03372611427302121,0.034047031734143085,0.060259114627555684,0.060259114627555684,0.06141387471889955,0.06141387471889955,0.10430463311209719,0.1850784610971379,0.3711790905703254,0.3650253189864101,0.012836351419471703,0.018990123003386983,0.0021768792937038816,0.007577567368502381,0.81,0.0,0.0037887836842511805,0.007577567368502381,0.41106792406678094,0.4122503724922051,1.3328928701387057,1.2599456407968632,12.65813422133181,8.099841833319886,0.003243198833718371,0.46025433799343085,30.53759649506501,0.009643875270300625,0.7729118715871596,20.903429982964074,0.045027045812414034,0.045027045812414034,0.030278221419466653,0.030278221419466653,0.02129925219327143,0.02299852000786448,0.02129925219327143,0.02299852000786448,0.02368582649211809,0.02622469447755886
trial_0020_bite_014_transfer,trial_0020_bite_014,trial_0020,transfer,trial_0020,SUCCESS,0.8,0.0,0.020565037751454657,0.02232761988010551,0.01704432859519464,0.017304728394052327,0.01603915142529112,0.016243078384370464,0.02230516787858461,0.02297107182673759,0.02297107182673759,0.023209926309100994,0.12260116687868537,0.19425267288545048,0.304434210836166,0.29934621042052423,0.005409048647921355,0.010497049063563135,0.0028847053601265323,0.010041461310170467,0.81,0.0,0.00502073065508523,0.010041461310170467,0.3441392706610854,0.3448962772630569,1.2616407885359755,1.1348123091303612,15.787243243202482,9.566513954198697,0.004297745440752066,0.609908946109815,40.46708907999737,0.012779642291185939,1.024229053637474,27.700312411132547,0.013782801460463767,0.013782801460463767,0.020810776833210306,0.020810776833210306,0.021023475823141548,0.022022834999843133,0.021023475823141548,0.022022834999843133,0.021111787119346484,0.022851745923324427
trial_0020_bite_015_transfer,trial_0020_bite_015,trial_0020,transfer,trial_0020,SUCCESS,0.8,0.0,0.024601476810192344,0.023799793341960924,0.0917540784617804,0.09163408724657471,0.07297216068643492,0.0725320652691158,0.16978961276401028,0.16978961276401028,0.17420647367116449,0.17420647367116449,0.07410161491777563,0.1348362673864648,0.3063715308868165,0.3014827517002826,0.08570344753295822,0.09059222671949213,0.0025584760397559165,0.008905879443119385,0.81,0.0,0.004452939721559705,0.008905879443119385,0.34939332118713773,0.3500493957080396,1.2948528000978492,1.2113490079407392,14.298516455431427,9.51090028023617,0.003811716401653268,0.5409347681130853,35.89069415578061,0.011334401443763195,0.9083997031981047,24.567703370048434,0.0753061032821314,0.0753061032821314,0.15405333848472116,0.15405333848472116,0.0410520743013542,0.039742161274835486,0.0410520743013542,0.039742161274835486,0.02354663170934082,0.020605530798604058
trial_0020_bite_016_transfer,trial_0020_bite_016,trial_0020,transfer,trial_0020,SUCCESS,0.8,0.0,0.016604034967068602,0.01456394017217918,0.029953139995615323,0.0297371314606218,0.02550153058684591,0.025072686164943486,0.055330143219799184,0.055330143219799184,0.056033788807848185,0.056033788807848185,0.07131267353994131,0.10045583717229506,0.3069320843044446,0.30126897558244714,0.0027942766319395407,0.008457385353936975,0.0028214141044503667,0.009821148794400592,0.81,0.0,0.004910574397200283,0.009821148794400592,0.34406837679113783,0.3449996622057537,1.218794444126449,1.1102530068962733,14.173320899016602,7.899024471023297,0.0042034516840040205,0.5965273704449912,39.57922964143483,0.01249925330627494,1.0017571770288924,27.092559682046364,0.035804377209898486,0.035804377209898486,0.019893180055847573,0.019893180055847573,0.016596431425489735,0.014609223831485427,0.016596431425489735,0.014609223831485427,0.01653040661704573,0.013508936907507773
trial_0020_bite_017_transfer,trial_0020_bite_017,trial_0020,transfer,trial_0020,SUCCESS,0.8,0.0,0.015519828447864653,0.014489239255778615,0.030582784306864844,0.030523436641675478,0.026553815846444354,0.02642621085744474,0.05279271063161523,0.05279271063161523,0.05343812490809878,0.05343812490809878,0.05138368632410522,0.08115217427976985,0.29138082478892974,0.28686696375085224,0.00037211032494760543,0.004885971363025099,0.0023120972012108634,0.008048251621196401,0.81,0.0,0.004024125810598188,0.008048251621196401,0.32813356716072783,0.3287710099265846,1.1454308537494318,1.0689622718959986,12.61779229447124,8.370466834442313,0.0034446516938706415,0.48884325823562114,32.43445403342278,0.010242909235150144,0.8209216653619886,22.2018566206815,0.03714906025248262,0.03714906025248262,0.019069799103311608,0.019069799103311608,0.01445793714557565,0.013841609476481286,0.01445793714557565,0.013841609476481286,0.01502561884587492,0.014252316692616982
trial_0020_bite_018_transfer,trial_0020_bite_018,trial_0020,transfer,trial_0020,SUCCESS,0.8,0.0,0.021634682651916894,0.022721247298320747,0.0626498256537138,0.06261783459689521,0.05182127919734246,0.051734537704283386,0.11102842167712651,0.11102842167712651,0.11268478932057313,0.11268478932057313,0.08250205267097807,0.13458715197673024,0.33600054695812537,0.3301413225908543,0.03193971981808996,0.037798944185361005,0.00293069665186142,0.010201553839183681,0.81,0.0,0.0051007769195918285,0.010201553839183681,0.3793256207244133,0.38025314625700823,1.3939264860206024,1.287081099626416,15.85449220959096,9.629026951843889,0.004366265043170801,0.6196328162353177,41.11226197191415,0.012983390051706548,1.040558491596751,28.141942661062508,0.07888727309891598,0.07888727309891598,0.023960071592375606,0.023960071592375606,0.023453351943705767,0.023038789378747798,0.023453351943705767,0.023038789378747798,0.02256850267971189,0.022260052323546
trial_0020_bite_019_transfer,trial_0020_bite_019,trial_0020,transfer,trial_0020,SUCCESS,0.8,0.0,0.015173461869530619,0.014380026189098413,0.0411886546641526,0.041074493862240685,0.035140750727477355,0.03485559320985834,0.06785562535560004,0.06785562535560004,0.06889176061375483,0.06889176061375483,0.06107752791805097,0.09971923965319753,0.28030000875615796,0.2808306468020839,0.020335027986241927,0.01980438994031597,0.002486955921127203,0.008656922820361379,0.81,0.0,0.0043284614101806885,0.008656922820361379,0.32390228144046324,0.3238512650500359,1.2881787223703551,1.2037014376698645,15.652600107728892,11.435151142219757,0.003705162967114498,0.525813376243526,34.88739896605823,0.011017557461938707,0.8830061276768968,23.880933186482235,0.044609661415526414,0.044609661415526414,0.04693358581183514,0.04693358581183514,0.019383952048896785,0.018181591436384405,0.019383952048896785,0.018181591436384405,0.01627658507161244,0.014386446749198313
