model,parent_bite_id,take,phase,circular_mae,circular_rmse,delta_rmse,n_frames_x,psi_range,delta_psi_range,rms_change_from_psi0,max_abs_change_from_psi0,total_abs_psi_travel,n_frames_y
R0_hold_psi0,trial_0012_bite_001,trial_0012,transfer,0.08392213406512276,0.09475204653478594,0.09475204653478594,144,0.13790146685956728,0.13790146685956728,0.09475204653478594,0.13790146685956728,0.24432276604568415,144
R0_hold_psi0,trial_0012_bite_001,trial_0012,withdrawal,0.1499882303312539,0.16471618970637825,0.16471618970637825,102,0.244152974397168,0.244152974397168,0.16471618970637825,0.244152974397168,0.3628505909454982,102
R0_hold_psi0,trial_0012_bite_002,trial_0012,transfer,0.10836040454629182,0.11450806443634587,0.11450806443634587,188,0.15478630221911693,0.15478630221911693,0.11450806443634587,0.15371553751853506,0.30262277654002734,188
R0_hold_psi0,trial_0012_bite_002,trial_0012,withdrawal,0.027990571068714103,0.03743792310084331,0.03743792310084331,113,0.09907616879545245,0.09907616879545245,0.03743792310084331,0.0814029246556145,0.2563400379116758,113
R0_hold_psi0,trial_0012_bite_003,trial_0012,transfer,0.028117761535997748,0.032841811343597864,0.03284181134359787,146,0.05697777940970106,0.05697777940970106,0.03284181134359787,0.05466135595019539,0.2117704720183422,146
R0_hold_psi0,trial_0012_bite_003,trial_0012,withdrawal,0.030126035340056385,0.03268338600592393,0.03268338600592393,99,0.045217054934092005,0.045217054934092005,0.03268338600592393,0.045217054934092005,0.13337673050905963,99
R0_hold_psi0,trial_0012_bite_004,trial_0012,transfer,0.10666471393491361,0.11228405319588652,0.11228405319588652,147,0.15090705104449453,0.15090705104449453,0.11228405319588652,0.15090705104449453,0.305191080329998,147
R0_hold_psi0,trial_0012_bite_004,trial_0012,withdrawal,0.0806072792262982,0.11562602898043688,0.11562602898043688,140,0.23994388354627683,0.23994388354627683,0.11562602898043688,0.20470450201416313,0.3634143166995356,140
R0_hold_psi0,trial_0012_bite_005,trial_0012,transfer,0.018302383699482228,0.021273659735653115,0.021273659735653115,122,0.058035205364255216,0.058035205364255216,0.021273659735653115,0.03976796789138737,0.18289757462424472,122
R0_hold_psi0,trial_0012_bite_005,trial_0012,withdrawal,0.11664327740413041,0.16700798499075925,0.16700798499075925,137,0.33969385486102244,0.33969385486102244,0.16700798499075925,0.3186951856066087,0.3991138009289208,137
R0_hold_psi0,trial_0012_bite_006,trial_0012,transfer,0.15588968395329092,0.16605517182393426,0.16605517182393426,157,0.23890752391020653,0.23890752391020653,0.16605517182393426,0.23890752391020653,0.39132030659831596,157
R0_hold_psi0,trial_0012_bite_006,trial_0012,withdrawal,0.12493014953991412,0.15285270561040384,0.15285270561040384,131,0.2614097846492034,0.2614097846492034,0.15285270561040384,0.25342904848018444,0.29620223826142,131
R0_hold_psi0,trial_0012_bite_007,trial_0012,transfer,0.024624903696181265,0.03260999063445074,0.03260999063445074,133,0.09194091705914431,0.09194091705914431,0.03260999063445074,0.0806905401401612,0.26771582041183306,133
R0_hold_psi0,trial_0012_bite_007,trial_0012,withdrawal,0.09557568161343256,0.12612079465504653,0.12612079465504653,140,0.2768897107524251,0.2768897107524251,0.12612079465504653,0.270502265919804,0.5734413336133892,140
R0_hold_psi0,trial_0012_bite_008,trial_0012,transfer,0.08539149186120734,0.09264433986410772,0.09264433986410772,168,0.1246535808725957,0.1246535808725957,0.09264433986410772,0.1246535808725957,0.2993674397875381,168
R0_hold_psi0,trial_0012_bite_008,trial_0012,withdrawal,0.056383746468885595,0.07109384945772473,0.07109384945772473,98,0.15144913058357456,0.15144913058357456,0.07109384945772473,0.11663529602419542,0.24338454245621355,98
R0_hold_psi0,trial_0012_bite_009,trial_0012,transfer,0.037571184673595104,0.047200521660548896,0.047200521660548896,230,0.0873278507751083,0.0873278507751083,0.047200521660548896,0.08410692790482832,0.3264026293789959,230
R0_hold_psi0,trial_0012_bite_009,trial_0012,withdrawal,0.1124143788451099,0.15029679943808943,0.15029679943808943,138,0.5128620742029137,0.5128620742029137,0.15029679943808943,0.2930716813100074,0.8599832911007752,138
R0_hold_psi0,trial_0012_bite_010,trial_0012,transfer,0.04471239020353415,0.04879705560219626,0.04879705560219626,152,0.09124070752899938,0.09124070752899938,0.04879705560219626,0.09090722783931993,0.25768497234093424,152
R0_hold_psi0,trial_0012_bite_010,trial_0012,withdrawal,0.08242864701108629,0.1154173633671825,0.11541736336718252,99,0.2953827014954755,0.2953827014954755,0.11541736336718252,0.23585727091490583,0.5996835414977135,99
R0_hold_psi0,trial_0012_bite_011,trial_0012,transfer,0.09403550335721926,0.10531343727834369,0.10531343727834369,205,0.15533742524288652,0.15533742524288652,0.10531343727834369,0.1507526013815137,0.3270762399392093,205
R0_hold_psi0,trial_0012_bite_011,trial_0012,withdrawal,0.21230510889159393,0.23622087693168642,0.23622087693168642,175,0.30612661561918975,0.30612661561918975,0.23622087693168642,0.2998929616342765,0.5184956861834373,175
R0_hold_psi0,trial_0012_bite_012,trial_0012,transfer,0.04734049378937453,0.05858042807188908,0.05858042807188908,180,0.13225269178776822,0.13225269178776822,0.05858042807188908,0.12492800997175202,0.28590720230436606,180
R0_hold_psi0,trial_0012_bite_012,trial_0012,withdrawal,0.0738490931598819,0.10539897421099577,0.10539897421099577,97,0.30258891701436896,0.30258891701436896,0.10539897421099577,0.22753642859911416,0.5616905813836115,97
R0_hold_psi0,trial_0012_bite_013,trial_0012,transfer,0.06487910838740603,0.0733920957321813,0.0733920957321813,204,0.12303965161403996,0.12303965161403996,0.0733920957321813,0.12303965161403996,0.33142399513659804,204
R0_hold_psi0,trial_0012_bite_013,trial_0012,withdrawal,0.11775521204262855,0.16927555182999815,0.16927555182999815,120,0.40680223673489424,0.40680223673489424,0.16927555182999815,0.3983603021997131,0.49799898651032626,120
R0_hold_psi0,trial_0012_bite_014,trial_0012,transfer,0.20418132599058583,0.22567505288852854,0.22567505288852854,176,0.30522678127760106,0.30522678127760106,0.22567505288852854,0.30522678127760106,0.36321713896830765,176
R0_hold_psi0,trial_0012_bite_014,trial_0012,withdrawal,0.1533015310402859,0.1932123012813328,0.19321230128133282,120,0.36137379860241303,0.36137379860241303,0.19321230128133282,0.34720786147206395,0.39964144262734225,120
R0_hold_psi0,trial_0012_bite_015,trial_0012,transfer,0.22210654236467398,0.25216271476452723,0.2521627147645272,151,0.3611263117543704,0.3611263117543704,0.2521627147645272,0.3611263117543704,0.4750711916348309,151
R0_hold_psi0,trial_0012_bite_015,trial_0012,withdrawal,0.08552340241110697,0.12249830428070486,0.12249830428070486,115,0.39156331213951745,0.39156331213951745,0.12249830428070486,0.32629785701049396,0.4766037914265855,115
R0_hold_psi0,trial_0013_bite_001,trial_0013,transfer,0.12914534238655437,0.14168169198687727,0.14168169198687727,124,0.18747888609619956,0.18747888609619956,0.14168169198687727,0.18747888609619956,0.23226178054059465,124
R0_hold_psi0,trial_0013_bite_001,trial_0013,withdrawal,0.33659568624560426,0.3875260350808941,0.3875260350808941,85,0.5510476329535718,0.5510476329535718,0.3875260350808941,0.5510476329535718,0.6358447104662486,85
R0_hold_psi0,trial_0013_bite_002,trial_0013,transfer,0.12635513083130026,0.13945612431931287,0.13945612431931287,131,0.18135905401050545,0.18135905401050545,0.13945612431931287,0.18135905401050545,0.2483411307349339,131
R0_hold_psi0,trial_0013_bite_002,trial_0013,withdrawal,0.12821852408885348,0.18398051861352985,0.18398051861352985,116,0.37244351495629013,0.37244351495629013,0.18398051861352985,0.3541769330933824,0.41365079267438754,116
R0_hold_psi0,trial_0013_bite_003,trial_0013,transfer,0.08845037143102329,0.09867808869624976,0.09867808869624976,164,0.1536661899881615,0.1536661899881615,0.09867808869624976,0.1536661899881615,0.2573917260097329,164
R0_hold_psi0,trial_0013_bite_003,trial_0013,withdrawal,0.19458960258166125,0.23667400634354,0.23667400634354,94,0.37083459103126426,0.37083459103126426,0.23667400634354,0.36695621269599554,0.5137874122510491,94
R0_hold_psi0,trial_0013_bite_004,trial_0013,transfer,0.0024817352390219096,0.0028791925997594635,0.0028791925997594635,20,0.008320985280614757,0.008320985280614757,0.0028791925997594635,0.00602700913435017,0.02750720591484912,20
R0_hold_psi0,trial_0013_bite_004,trial_0013,withdrawal,0.034373272542539246,0.050305957501941535,0.050305957501941535,71,0.3381641190996616,0.16115656553889002,0.050305957501941535,0.14930581916352148,0.25801139134458806,71
R0_hold_psi0,trial_0013_bite_005,trial_0013,transfer,0.019313044559685712,0.025765929337449308,0.025765929337449308,88,0.1156439466340764,0.06051320923085912,0.025765929337449308,0.051522314117944834,0.1300584682194703,88
R0_hold_psi0,trial_0013_bite_005,trial_0013,withdrawal,0.052410095934575684,0.0685935188894255,0.0685935188894255,81,0.12182303243737413,0.16603993113403304,0.0685935188894255,0.12182303243737413,0.2059359691677547,81
R0_hold_psi0,trial_0013_bite_006,trial_0013,transfer,0.1403488960961297,0.1518460888437244,0.1518460888437244,158,0.1973287000818642,0.1973287000818642,0.1518460888437244,0.1973287000818642,0.3141602384752473,158
R0_hold_psi0,trial_0013_bite_006,trial_0013,withdrawal,0.18168875911511526,0.22162858950888312,0.22162858950888312,142,0.34374163158822224,0.34374163158822224,0.22162858950888312,0.34232082310627865,0.4469373212290222,142
R0_hold_psi0,trial_0013_bite_007,trial_0013,transfer,0.013510289433499568,0.014480872385804642,0.014480872385804642,39,0.021856110279619756,0.021856110279619756,0.014480872385804642,0.021856110279619756,0.05614086712960198,39
R0_hold_psi0,trial_0013_bite_007,trial_0013,withdrawal,0.16661974366395563,0.2010382956176825,0.2010382956176825,136,0.30368556587820095,0.30368556587820095,0.2010382956176825,0.2893043546914904,0.3767573404106894,136
R0_hold_psi0,trial_0013_bite_008,trial_0013,transfer,0.03608674236421093,0.041827208374479834,0.041827208374479834,198,0.07617778359443461,0.07617778359443461,0.041827208374479834,0.07246272430496248,0.31993559498347324,198
R0_hold_psi0,trial_0013_bite_008,trial_0013,withdrawal,0.15919684831493175,0.2109039814599831,0.2109039814599831,85,0.35087684926281604,0.35087684926281604,0.2109039814599831,0.34969322676610703,0.3673068911049251,85
R0_hold_psi0,trial_0013_bite_009,trial_0013,transfer,0.018272208122672447,0.02240233921613101,0.02240233921613101,158,0.07320040167435682,0.07320040167435682,0.02240233921613101,0.04142811149993886,0.2519155008433063,158
R0_hold_psi0,trial_0013_bite_009,trial_0013,withdrawal,0.18455767627163142,0.23419189783678468,0.23419189783678468,108,0.37846164772724444,0.37846164772724444,0.23419189783678468,0.3637450373408835,0.4551128739902741,108
R0_hold_psi0,trial_0013_bite_010,trial_0013,transfer,0.020599335172316834,0.02580621416259299,0.02580621416259299,135,0.05760273776666791,0.05760273776666791,0.02580621416259299,0.05092565136085758,0.21627886101168015,135
R0_hold_psi0,trial_0013_bite_010,trial_0013,withdrawal,0.15595036835262396,0.18704344844517465,0.18704344844517465,140,0.26536115149731865,0.26536115149731865,0.18704344844517465,0.25510106602005544,0.37665148488106803,140
R0_hold_psi0,trial_0013_bite_011,trial_0013,transfer,0.014316421196313663,0.02004850147984391,0.02004850147984391,131,0.05577120037102157,0.05577120037102157,0.02004850147984391,0.04852199908605126,0.1845359310302026,131
R0_hold_psi0,trial_0013_bite_011,trial_0013,withdrawal,0.2150898206537466,0.2661968195408041,0.26619681954080404,118,0.39947256081702154,0.39947256081702154,0.26619681954080404,0.3933962172802419,0.47981721260190024,118
R0_hold_psi0,trial_0013_bite_012,trial_0013,transfer,0.11613626273435138,0.12449538302564031,0.12449538302564031,140,0.16472836873426866,0.16472836873426866,0.12449538302564031,0.16472836873426866,0.264569757807418,140
R0_hold_psi0,trial_0013_bite_012,trial_0013,withdrawal,0.1428284813187733,0.1706792761415745,0.1706792761415745,94,0.35342841137037917,0.32828378594831253,0.1706792761415745,0.2661575814321089,0.3803441643367882,94
R0_hold_psi0,trial_0014_bite_001,trial_0014,transfer,0.11403389977926832,0.12885057926400525,0.12885057926400525,156,0.1725031064839504,0.1725031064839504,0.12885057926400525,0.1725031064839504,0.31510630384085925,156
R0_hold_psi0,trial_0014_bite_001,trial_0014,withdrawal,0.13184471907920697,0.18215188232183785,0.18215188232183785,98,0.32978279305005387,0.32978279305005387,0.18215188232183785,0.3167411292535447,0.35719944605428955,98
R0_hold_psi0,trial_0014_bite_002,trial_0014,transfer,0.05684688373655957,0.06282923584528273,0.06282923584528273,174,0.10061674818939226,0.10061674818939226,0.06282923584528273,0.09926617528293225,0.215582105258187,174
R0_hold_psi0,trial_0014_bite_002,trial_0014,withdrawal,0.12202836986237282,0.16404235056368546,0.16404235056368546,109,0.4599373878641768,0.4599373878641768,0.16404235056368546,0.34324249126623085,0.5822091865354513,109
R0_hold_psi0,trial_0014_bite_003,trial_0014,transfer,0.15456976681540044,0.1753538581612889,0.1753538581612889,132,0.23974330376870867,0.23974330376870867,0.1753538581612889,0.23974330376870867,0.29027780298720574,132
R0_hold_psi0,trial_0014_bite_003,trial_0014,withdrawal,0.19826411039257819,0.24348697860578003,0.24348697860578003,102,0.4465934657839772,0.4465934657839772,0.24348697860578003,0.40433986354674945,0.4888470680212049,102
R0_hold_psi0,trial_0014_bite_004,trial_0014,transfer,0.1520803041158323,0.16903029916612866,0.16903029916612866,112,0.2340678494237456,0.2340678494237456,0.16903029916612866,0.2340678494237456,0.29738540177763273,112
R0_hold_psi0,trial_0014_bite_004,trial_0014,withdrawal,0.10843742892995742,0.12763153206112549,0.1276315320611255,95,0.23607604395443316,0.23607604395443316,0.1276315320611255,0.18786936709517832,0.2973326611229785,95
R0_hold_psi0,trial_0014_bite_005,trial_0014,transfer,0.23393953787753807,0.2627562955182271,0.2627562955182271,124,0.3584770672839732,0.3584770672839732,0.2627562955182271,0.3584770672839732,0.3628285846760777,124
R0_hold_psi0,trial_0014_bite_005,trial_0014,withdrawal,0.1639366227745282,0.20487132530614668,0.20487132530614668,62,0.3438763499392259,0.3438763499392259,0.20487132530614668,0.3108405194447852,0.37705907456513676,62
R0_hold_psi0,trial_0014_bite_006,trial_0014,transfer,0.16170720407740255,0.17895658170696796,0.17895658170696796,91,0.25601576311064145,0.25601576311064145,0.17895658170696796,0.25601576311064145,0.25958194666737056,91
R0_hold_psi0,trial_0014_bite_006,trial_0014,withdrawal,0.15189283489806346,0.2016952582614818,0.2016952582614818,81,0.33959797813349857,0.33959797813349857,0.2016952582614818,0.3240199943315356,0.41475447860666304,81
R0_hold_psi0,trial_0014_bite_007,trial_0014,transfer,0.1541345434654325,0.17224253662398242,0.17224253662398242,111,0.22868337481329393,0.22868337481329393,0.17224253662398242,0.22868337481329393,0.257876398157161,111
R0_hold_psi0,trial_0014_bite_007,trial_0014,withdrawal,0.12443944929784882,0.1584297693351281,0.1584297693351281,86,0.3061717159651489,0.3061717159651489,0.1584297693351281,0.2949945691368825,0.3173669644874968,86
R0_hold_psi0,trial_0014_bite_008,trial_0014,transfer,0.16487443716102637,0.18371814410508897,0.18371814410508897,94,0.2518891670999652,0.2518891670999652,0.18371814410508897,0.2518891670999652,0.25873714085217525,94
R0_hold_psi0,trial_0014_bite_008,trial_0014,withdrawal,0.13194197505699579,0.1866939016907544,0.1866939016907544,74,0.4507624184310344,0.4507624184310344,0.1866939016907544,0.3949479045424913,0.5065769323195775,74
R0_hold_psi0,trial_0014_bite_009,trial_0014,transfer,0.16000577493227253,0.18406382194679677,0.18406382194679677,114,0.27755302315644403,0.27755302315644403,0.18406382194679677,0.27755302315644403,0.28081786250510277,114
R0_hold_psi0,trial_0014_bite_009,trial_0014,withdrawal,0.0854337344320867,0.11071760229581651,0.11071760229581651,52,0.20224068840270082,0.20224068840270082,0.11071760229581651,0.19041731892535596,0.22054697656501032,52
R0_hold_psi0,trial_0014_bite_010,trial_0014,transfer,0.2308242244248892,0.2566037572452201,0.2566037572452201,124,0.33074426157047787,0.33074426157047787,0.2566037572452201,0.33074426157047787,0.3619080373097554,124
R0_hold_psi0,trial_0014_bite_010,trial_0014,withdrawal,0.15298191536043537,0.20102836225374313,0.20102836225374313,77,0.3311616463979612,0.3311616463979612,0.20102836225374313,0.3266381989550937,0.3437753826064829,77
R0_hold_psi0,trial_0014_bite_011,trial_0014,transfer,0.17049976529056624,0.1999407817815032,0.1999407817815032,131,0.29852291817495535,0.29852291817495535,0.1999407817815032,0.29852291817495535,0.3068075236905994,131
R0_hold_psi0,trial_0014_bite_011,trial_0014,withdrawal,0.16773307587766373,0.22491457278926003,0.22491457278926,81,0.438303761248541,0.438303761248541,0.22491457278926,0.42679325135453894,0.4514491564516936,81
R0_hold_psi0,trial_0014_bite_012,trial_0014,transfer,0.2592185088408299,0.28939865569741324,0.28939865569741324,103,0.39792213462237314,0.39792213462237314,0.28939865569741324,0.39792213462237314,0.39959063090443525,103
R0_hold_psi0,trial_0014_bite_012,trial_0014,withdrawal,0.10125408743850797,0.1316230547189877,0.1316230547189877,104,0.27233651340181053,0.27233651340181053,0.1316230547189877,0.23372322605806062,0.3133587827420623,104
R0_hold_psi0,trial_0014_bite_013,trial_0014,transfer,0.2766973547514685,0.30286095830955945,0.30286095830955945,108,0.4045318172311756,0.4045318172311756,0.30286095830955945,0.4045318172311756,0.408601363292469,108
R0_hold_psi0,trial_0014_bite_013,trial_0014,withdrawal,0.0795801878511586,0.10415447433915784,0.10415447433915785,115,0.22717255469850128,0.22717255469850128,0.10415447433915785,0.18062832754095215,0.2765627638526169,115
R0_hold_psi0,trial_0014_bite_014,trial_0014,transfer,0.2471573547846914,0.2599417726358345,0.2599417726358345,129,0.2988253914229988,0.2988253914229988,0.2599417726358345,0.2988253914229988,0.3498205401928862,129
R0_hold_psi0,trial_0014_bite_014,trial_0014,withdrawal,0.26131493082639945,0.2955896132660152,0.2955896132660152,106,0.38614189705303614,0.38614189705303614,0.2955896132660152,0.3780708711104146,0.4013337974078799,106
R0_hold_psi0,trial_0014_bite_015,trial_0014,transfer,0.21323477371889488,0.23613882204188105,0.23613882204188105,130,0.313618238071216,0.313618238071216,0.23613882204188105,0.313618238071216,0.3228973664805874,130
R0_hold_psi0,trial_0014_bite_015,trial_0014,withdrawal,0.27894513154863243,0.3252344855591306,0.3252344855591306,106,0.43198653034068935,0.43198653034068935,0.3252344855591306,0.43081041025722167,0.43512570742111256,106
R0_hold_psi0,trial_0014_bite_016,trial_0014,transfer,0.24077612143102575,0.2556895857376373,0.2556895857376373,137,0.3074919738409525,0.3074919738409525,0.2556895857376373,0.3074919738409525,0.3373336599766965,137
R0_hold_psi0,trial_0014_bite_016,trial_0014,withdrawal,0.13183398232139215,0.15558097358429046,0.15558097358429046,94,0.23765775421777224,0.23765775421777224,0.15558097358429046,0.22545737663183818,0.2570206386601961,94
R0_hold_psi0,trial_0014_bite_017,trial_0014,transfer,0.15750971388771312,0.17399772116521228,0.17399772116521228,121,0.2405143628675006,0.2405143628675006,0.17399772116521228,0.2348421084073995,0.26366086581742065,121
R0_hold_psi0,trial_0014_bite_017,trial_0014,withdrawal,0.17066888672121333,0.2064601010366711,0.2064601010366711,99,0.32460949603337097,0.32460949603337097,0.2064601010366711,0.30919752875401585,0.35384972560788786,99
R0_hold_psi0,trial_0014_bite_018,trial_0014,transfer,0.2042689250001307,0.2255918500660542,0.2255918500660542,156,0.2935016794165137,0.2935016794165137,0.2255918500660542,0.2935016794165137,0.31255985870195113,156
R0_hold_psi0,trial_0014_bite_018,trial_0014,withdrawal,0.14351263846498866,0.18348026139490473,0.18348026139490473,86,0.2924929418993023,0.2924929418993023,0.18348026139490473,0.29133543269190243,0.32191267723434747,86
R0_hold_psi0,trial_0014_bite_019,trial_0014,transfer,0.0820402930700888,0.08985727604395148,0.08985727604395148,127,0.1349740297541362,0.1349740297541362,0.08985727604395148,0.1349740297541362,0.24611684416802015,127
R0_hold_psi0,trial_0014_bite_019,trial_0014,withdrawal,0.11281957873707789,0.146243292158099,0.14624329215809898,104,0.4095429817522702,0.4095429817522702,0.14624329215809898,0.3167863598020024,0.502299603702538,104
R0_hold_psi0,trial_0014_bite_020,trial_0014,transfer,0.04580201149262648,0.055295788023378305,0.055295788023378305,157,0.16902524354351245,0.16902524354351245,0.055295788023378305,0.10164590483562197,0.29278772197023706,157
R0_hold_psi0,trial_0014_bite_020,trial_0014,withdrawal,0.17678621744002707,0.21895606441036602,0.21895606441036602,104,0.38431394336541436,0.38431394336541436,0.21895606441036602,0.36034595825657334,0.40867222390608937,104
R0_hold_psi0,trial_0014_bite_021,trial_0014,transfer,0.1199063738554768,0.13535996426912486,0.13535996426912486,205,0.1872794500175412,0.1872794500175412,0.13535996426912486,0.1872794500175412,0.25894736458663736,205
R0_hold_psi0,trial_0014_bite_021,trial_0014,withdrawal,0.23231127741707344,0.2715594843140607,0.2715594843140607,99,0.39251039651390807,0.39251039651390807,0.2715594843140607,0.38778659827876893,0.5017283269214206,99
R0_hold_psi0,trial_0015_bite_001,trial_0015,transfer,0.0806061335814962,0.08336180335011725,0.08336180335011725,145,0.11310148116708518,0.11310148116708518,0.08336180335011725,0.11310148116708518,0.23556661337911633,145
R0_hold_psi0,trial_0015_bite_001,trial_0015,withdrawal,0.20481512384227063,0.23769285294096582,0.23769285294096582,149,0.37615347324745807,0.37615347324745807,0.23769285294096582,0.37615347324745807,0.3763096615770434,149
R0_hold_psi0,trial_0015_bite_002,trial_0015,transfer,0.15853878729618406,0.17965280411053738,0.17965280411053738,108,0.25192600402993115,0.25192600402993115,0.17965280411053738,0.25192600402993115,0.2917323977848274,108
R0_hold_psi0,trial_0015_bite_002,trial_0015,withdrawal,0.2548808100064305,0.3192633020992282,0.3192633020992282,129,0.5389296693758969,0.5389296693758969,0.3192633020992282,0.5376755147156671,0.5444716490174311,129
R0_hold_psi0,trial_0015_bite_003,trial_0015,transfer,0.1500660194766887,0.16908593550128106,0.16908593550128106,154,0.22571206177204717,0.22571206177204717,0.16908593550128106,0.22571206177204717,0.2756429297891567,154
R0_hold_psi0,trial_0015_bite_003,trial_0015,withdrawal,0.17217380808360624,0.23176205125135854,0.23176205125135854,153,0.4126415976705964,0.4126415976705964,0.23176205125135854,0.3877316674882394,0.43808724250049647,153
R0_hold_psi0,trial_0015_bite_004,trial_0015,transfer,0.143102569045542,0.16077268379095921,0.1607726837909592,145,0.23297047435831386,0.23297047435831386,0.1607726837909592,0.23297047435831386,0.3080330849112576,145
R0_hold_psi0,trial_0015_bite_004,trial_0015,withdrawal,0.14671715684456202,0.19589505857651887,0.19589505857651887,136,0.40375006718413076,0.40375006718413076,0.19589505857651887,0.3825496798516608,0.42495045451660074,136
R0_hold_psi0,trial_0015_bite_005,trial_0015,transfer,0.16201191199498965,0.18999297598602596,0.18999297598602596,122,0.27825882328898155,0.27825882328898155,0.18999297598602596,0.27825882328898155,0.33484416392551664,122
R0_hold_psi0,trial_0015_bite_005,trial_0015,withdrawal,0.3395757038718945,0.39412753700927017,0.39412753700927017,163,0.5291351483222027,0.5291351483222027,0.39412753700927017,0.5249039537334639,0.5680244561967198,163
R0_hold_psi0,trial_0015_bite_006,trial_0015,transfer,0.17278741373425485,0.19741448213124735,0.19741448213124735,122,0.2636133957559932,0.2636133957559932,0.19741448213124735,0.2636133957559932,0.31333596752844173,122
R0_hold_psi0,trial_0015_bite_006,trial_0015,withdrawal,0.1788900611770009,0.23765993126986362,0.23765993126986362,146,0.5276413105411635,0.5276413105411635,0.23765993126986362,0.44485606282337287,0.613537929718476,146
R0_hold_psi0,trial_0015_bite_007,trial_0015,transfer,0.10859646246183564,0.11771180480677366,0.11771180480677366,127,0.1495491803811655,0.1495491803811655,0.11771180480677366,0.1495491803811655,0.18559399519387743,127
R0_hold_psi0,trial_0015_bite_007,trial_0015,withdrawal,0.1182787567638042,0.14156373103827818,0.14156373103827818,144,0.25232250711332815,0.25232250711332815,0.14156373103827818,0.22491259340682968,0.3575567761545635,144
R0_hold_psi0,trial_0015_bite_008,trial_0015,transfer,0.06700702095127628,0.07823974529380605,0.07823974529380605,169,0.13131544241476734,0.13131544241476734,0.07823974529380605,0.12666454012617878,0.18071010318987168,169
R0_hold_psi0,trial_0015_bite_008,trial_0015,withdrawal,0.05288310086908673,0.06462401200235732,0.06462401200235732,227,0.1448095946548138,0.1448095946548138,0.06462401200235732,0.11305430962317597,0.24108453752572023,227
R0_hold_psi0,trial_0015_bite_009,trial_0015,transfer,0.27067676699300686,0.3058671948459505,0.3058671948459505,158,0.4088241297331767,0.4088241297331767,0.3058671948459505,0.4088241297331767,0.47436039275451725,158
R0_hold_psi0,trial_0015_bite_009,trial_0015,withdrawal,0.21340747555572287,0.3047932293268309,0.3047932293268309,183,0.7133260646206585,0.7133260646206585,0.3047932293268309,0.6496477995961079,0.7781587131303191,183
R0_hold_psi0,trial_0015_bite_010,trial_0015,transfer,0.11795146586520877,0.131414358935121,0.131414358935121,150,0.180811066507367,0.180811066507367,0.131414358935121,0.180811066507367,0.2547618848160762,150
R0_hold_psi0,trial_0015_bite_010,trial_0015,withdrawal,0.1577667803309241,0.22353210610457946,0.22353210610457946,131,0.4953021211530131,0.4953021211530131,0.22353210610457946,0.46650757064849424,0.5349778152758335,131
R0_hold_psi0,trial_0015_bite_011,trial_0015,transfer,0.1710451825069655,0.1806437142540829,0.1806437142540829,126,0.23480638471356485,0.23480638471356485,0.1806437142540829,0.23480638471356485,0.3003647283132409,126
R0_hold_psi0,trial_0015_bite_011,trial_0015,withdrawal,0.18459946496248636,0.25697179424682204,0.25697179424682204,124,0.533716472372828,0.533716472372828,0.25697179424682204,0.48079737225169605,0.5870588741557734,124
R0_hold_psi0,trial_0015_bite_012,trial_0015,transfer,0.044425327856008126,0.0540850075390261,0.0540850075390261,44,0.08848696218878471,0.08848696218878471,0.0540850075390261,0.08717865831312155,0.1047562445642174,44
R0_hold_psi0,trial_0015_bite_012,trial_0015,withdrawal,0.11165358116736333,0.16026771399048306,0.16026771399048306,129,0.339343851336392,0.339343851336392,0.16026771399048306,0.31076314557657714,0.3723261358727692,129
R0_hold_psi0,trial_0015_bite_013,trial_0015,transfer,0.1784383531294897,0.19330202244271733,0.19330202244271733,146,0.24451978922604445,0.24451978922604445,0.19330202244271733,0.24451978922604445,0.3058760777639007,146
R0_hold_psi0,trial_0015_bite_013,trial_0015,withdrawal,0.06590376431581402,0.07052824485195508,0.07052824485195508,183,0.1905438699149875,0.1905438699149875,0.07052824485195508,0.09591363475066395,0.31781279553899777,183
R0_hold_psi0,trial_0015_bite_014,trial_0015,transfer,0.16324347315289744,0.1836879887843985,0.1836879887843985,116,0.24480655084180203,0.24480655084180203,0.1836879887843985,0.24480655084180203,0.29555299201461027,116
R0_hold_psi0,trial_0015_bite_014,trial_0015,withdrawal,0.09569515665659177,0.11748846431033778,0.11748846431033778,138,0.25661934026051547,0.25661934026051547,0.11748846431033778,0.189359842555767,0.3435979451347895,138
R0_hold_psi0,trial_0015_bite_015,trial_0015,transfer,0.1629095137954596,0.17823047660676727,0.17823047660676727,110,0.22967002204698828,0.22967002204698828,0.17823047660676727,0.22967002204698828,0.2780775163193865,110
R0_hold_psi0,trial_0015_bite_015,trial_0015,withdrawal,0.09830111401375001,0.10860270907366512,0.10860270907366512,169,0.2759048566001332,0.2759048566001332,0.10860270907366512,0.1591928510956988,0.41794847499779486,169
R0_hold_psi0,trial_0015_bite_016,trial_0015,transfer,0.07706991611033234,0.0831472820321268,0.0831472820321268,156,0.12179531637312113,0.12179531637312113,0.0831472820321268,0.12179531637312113,0.23022006038896725,156
R0_hold_psi0,trial_0015_bite_016,trial_0015,withdrawal,0.13674880203557607,0.17303310394068405,0.17303310394068405,156,0.4174484631130442,0.4174484631130442,0.17303310394068405,0.32863890118724237,0.5381401475233063,156
R0_hold_psi0,trial_0015_bite_017,trial_0015,transfer,0.019922615961217676,0.02711287214054561,0.02711287214054561,160,0.08879729594476737,0.08879729594476737,0.02711287214054561,0.060527005398547384,0.21268847829188786,160
R0_hold_psi0,trial_0015_bite_017,trial_0015,withdrawal,0.13439547113686887,0.16542813592853142,0.16542813592853142,178,0.44187662824106644,0.44187662824106644,0.16542813592853142,0.3193493814566497,0.5722592891986946,178
R0_hold_psi0,trial_0015_bite_018,trial_0015,transfer,0.07300100202835927,0.08321220077839515,0.08321220077839515,151,0.14548641568976395,0.14548641568976395,0.08321220077839515,0.1258382297460039,0.23590345922346545,151
R0_hold_psi0,trial_0015_bite_018,trial_0015,withdrawal,0.11166506220519341,0.13182789076208318,0.13182789076208318,178,0.35534238519120054,0.35534238519120054,0.13182789076208318,0.25023760382776494,0.47417882119167754,178
R0_hold_psi0,trial_0015_bite_019,trial_0015,transfer,0.1734121713515345,0.18181760557904433,0.18181760557904433,185,0.22853140690077245,0.22853140690077245,0.18181760557904433,0.22853140690077245,0.33616766303070555,185
R0_hold_psi0,trial_0015_bite_019,trial_0015,withdrawal,0.09182870951647001,0.12253281980072989,0.12253281980072989,149,0.27518577303059155,0.27518577303059155,0.12253281980072989,0.23238112564277635,0.388967027517777,149
R0_hold_psi0,trial_0017_bite_001,trial_0017,transfer,0.1868067131677189,0.20973807860651636,0.20973807860651636,219,0.30178465770458995,0.30178465770458995,0.20973807860651636,0.30178465770458995,0.41747491177551366,219
R0_hold_psi0,trial_0017_bite_001,trial_0017,withdrawal,0.19169540768378257,0.2727832302347354,0.2727832302347354,129,0.5517981870276345,0.5517981870276345,0.2727832302347354,0.5328669377360002,0.5800171721025809,129
R0_hold_psi0,trial_0017_bite_002,trial_0017,transfer,0.31853286782284396,0.3472541904675346,0.3472541904675346,167,0.4174834379438872,0.4174834379438872,0.3472541904675346,0.4174834379438872,0.48727693112614157,167
R0_hold_psi0,trial_0017_bite_002,trial_0017,withdrawal,0.17455282196845864,0.24265869964930864,0.24265869964930864,90,0.5047541634744057,0.5047541634744057,0.24265869964930864,0.44247652386798464,0.5770893340231034,90
R0_hold_psi0,trial_0017_bite_003,trial_0017,transfer,0.04690038684457633,0.054555291457807555,0.054555291457807555,119,0.08647912417068682,0.08647912417068682,0.054555291457807555,0.07698082219616875,0.15313971923118075,119
R0_hold_psi0,trial_0017_bite_003,trial_0017,withdrawal,0.18721928753292938,0.2629735806780292,0.2629735806780292,100,0.577005539363209,0.577005539363209,0.2629735806780292,0.5114453067777851,0.6510162977136873,100
R0_hold_psi0,trial_0017_bite_004,trial_0017,transfer,0.06253475886280768,0.07078446729428887,0.07078446729428887,103,0.100405660956989,0.100405660956989,0.07078446729428887,0.09425031201396061,0.16315574598698568,103
R0_hold_psi0,trial_0017_bite_004,trial_0017,withdrawal,0.17298554369530092,0.2248192248962088,0.2248192248962088,93,0.5851834194019245,0.44889334882477394,0.2248192248962088,0.415839603772739,0.46872911309664067,93
R0_hold_psi0,trial_0017_bite_005,trial_0017,transfer,0.1290354572322178,0.14139198236854553,0.14139198236854555,190,0.18160196460445244,0.18160196460445244,0.14139198236854555,0.18160196460445244,0.27498665342892403,190
R0_hold_psi0,trial_0017_bite_005,trial_0017,withdrawal,0.026142469361227237,0.03390679503094868,0.03390679503094868,79,0.15059788994960144,0.15059788994960144,0.03390679503094868,0.102702907144542,0.2246408874876633,79
R0_hold_psi0,trial_0017_bite_006,trial_0017,transfer,0.04744140956646466,0.05583713611805673,0.05583713611805673,160,0.18768257883501605,0.08557708884185145,0.05583713611805673,0.08385929798286851,0.162739578627205,160
R0_hold_psi0,trial_0017_bite_006,trial_0017,withdrawal,0.2922860850493892,0.3499938555350314,0.3499938555350314,108,0.7136682956361828,0.5196603286864252,0.3499938555350314,0.4715622257312644,0.5794811276004208,108
R0_hold_psi0,trial_0017_bite_007,trial_0017,transfer,0.026818821583371656,0.031031889321147022,0.031031889321147022,156,0.21408210787491821,0.09568595019539128,0.031031889321147022,0.05855099016452403,0.2297520698780855,156
R0_hold_psi0,trial_0017_bite_007,trial_0017,withdrawal,0.03216324619564106,0.03497618555777352,0.03497618555777352,64,0.23127622014352278,0.08148604767614387,0.03497618555777352,0.04808605402253496,0.09765809799859948,64
R0_hold_psi0,trial_0017_bite_008,trial_0017,transfer,0.01736506034888207,0.01874218929111623,0.01874218929111623,49,0.030835327303561755,0.030835327303561755,0.01874218929111623,0.030835327303561755,0.06443983181276502,49
R0_hold_psi0,trial_0017_bite_008,trial_0017,withdrawal,0.10643816890985668,0.14166263020047432,0.14166263020047432,74,0.43592020943884924,0.30538795859468637,0.14166263020047432,0.2510515415781529,0.331135348079302,74
R0_hold_psi0,trial_0017_bite_009,trial_0017,transfer,0.12334223733494316,0.13257708520958103,0.13257708520958103,233,0.20413904902083368,0.20413904902083368,0.13257708520958103,0.20413904902083368,0.40200616658453825,233
R0_hold_psi0,trial_0017_bite_009,trial_0017,withdrawal,0.06438300463095606,0.0757915586635024,0.0757915586635024,70,0.43716595478010367,0.16462225631347582,0.0757915586635024,0.12400044706045366,0.16854838835488106,70
R0_hold_psi0,trial_0017_bite_010,trial_0017,transfer,0.016736127849568315,0.022084062858464194,0.022084062858464194,178,0.13195724923852392,0.06968593851630489,0.022084062858464194,0.05221679264346424,0.2571133068707381,178
R0_hold_psi0,trial_0017_bite_010,trial_0017,withdrawal,0.11481433029719332,0.1360121962247104,0.1360121962247104,73,0.6087286729892476,0.20302384286432673,0.1360121962247104,0.1846549893374574,0.22789973448263723,73
R0_hold_psi0,trial_0017_bite_011,trial_0017,transfer,0.005410172753289037,0.007691400577978758,0.007691400577978758,120,0.11512287433587431,0.04756899455405561,0.007691400577978758,0.029021557266338593,0.1254421341627996,120
R0_hold_psi0,trial_0017_bite_011,trial_0017,withdrawal,0.028645150819826607,0.03256222020132604,0.03256222020132604,71,0.3670701368939886,0.11939782024163392,0.03256222020132604,0.07529452696017858,0.15299357134841962,71
R0_hold_psi0,trial_0017_bite_012,trial_0017,transfer,0.022918427527796822,0.031456200842018125,0.031456200842018125,176,0.09701548530509463,0.09701548530509463,0.031456200842018125,0.06487821119397497,0.22153809546510272,176
R0_hold_psi0,trial_0017_bite_012,trial_0017,withdrawal,0.03974767037821186,0.048488267921161524,0.048488267921161524,68,0.2767987265073151,0.09727327478810777,0.048488267921161524,0.08016355040670797,0.11269235695390822,68
R0_hold_psi0,trial_0017_bite_013,trial_0017,transfer,0.015627462952289953,0.018959282210938153,0.018959282210938157,90,0.09132547997984641,0.04935801458610767,0.018959282210938157,0.03554779232536376,0.09698137834296272,90
R0_hold_psi0,trial_0017_bite_013,trial_0017,withdrawal,0.1718963086986804,0.20480424467575334,0.20480424467575334,79,0.5212315356032176,0.3261189387002661,0.20480424467575334,0.29614008004800185,0.3897133899843399,79
R0_hold_psi0,trial_0017_bite_014,trial_0017,transfer,0.019258010768565592,0.023193612596210056,0.023193612596210056,232,0.05806317961244689,0.05806317961244689,0.023193612596210056,0.04530977501289968,0.19720296584606567,232
R0_hold_psi0,trial_0017_bite_014,trial_0017,withdrawal,0.2931213287149675,0.3495727651959778,0.3495727651959778,149,0.5849264619892955,0.5849264619892955,0.3495727651959778,0.5575174233527647,0.8198180163263271,149
R0_hold_psi0,trial_0017_bite_015,trial_0017,transfer,0.05085572871009879,0.060685219072865976,0.060685219072865976,332,0.10430663897056158,0.10430663897056158,0.060685219072865976,0.10253053204118112,0.35511668579046596,332
R0_hold_psi0,trial_0017_bite_015,trial_0017,withdrawal,0.033749798396706394,0.04002414339475059,0.04002414339475059,75,6.133571094704028,0.12070114035506707,0.04002414339475059,0.08580506194477255,0.2960139350915183,75
R0_hold_psi0,trial_0019_bite_001,trial_0019,transfer,0.09365099078294616,0.11342214853273878,0.11342214853273878,106,0.19110312821855047,0.19110312821855047,0.11342214853273878,0.1685370934197672,0.24254712729705563,106
R0_hold_psi0,trial_0019_bite_001,trial_0019,withdrawal,0.1622757750364075,0.21923810911539174,0.2192381091153917,91,0.5690175665564232,0.5690175665564232,0.2192381091153917,0.5078215263109036,0.6302136068019428,91
R0_hold_psi0,trial_0019_bite_002,trial_0019,transfer,0.06699315304620741,0.07714476538635874,0.07714476538635873,124,0.1198408630317922,0.1198408630317922,0.07714476538635873,0.1198408630317922,0.2118875564922864,124
R0_hold_psi0,trial_0019_bite_002,trial_0019,withdrawal,0.09267085803769247,0.11288159581249836,0.11288159581249836,102,0.3673837406577345,0.3673837406577345,0.11288159581249836,0.2087669675065329,0.527908880033841,102
R0_hold_psi0,trial_0019_bite_003,trial_0019,transfer,0.12397100607029955,0.13637127967742846,0.13637127967742846,115,0.19110495111116155,0.19110495111116155,0.13637127967742846,0.19110495111116155,0.25110114928268024,115
R0_hold_psi0,trial_0019_bite_003,trial_0019,withdrawal,0.11240789201821885,0.14052474459894457,0.14052474459894457,93,0.2403530459902643,0.2403530459902643,0.14052474459894457,0.2257389289642444,0.26375477300480066,93
R0_hold_psi0,trial_0019_bite_004,trial_0019,transfer,0.191019372341696,0.2047986066805233,0.2047986066805233,113,0.2595352594168685,0.2595352594168685,0.2047986066805233,0.2595352594168685,0.3012880025767357,113
R0_hold_psi0,trial_0019_bite_004,trial_0019,withdrawal,0.131078998030613,0.15405240162435302,0.15405240162435302,90,0.44381470642904297,0.44381470642904297,0.15405240162435302,0.26589975796781484,0.6217296548902711,90
R0_hold_psi0,trial_0019_bite_005,trial_0019,transfer,0.16615610244152698,0.1775766610524882,0.1775766610524882,128,0.21482297694142405,0.21482297694142405,0.1775766610524882,0.2141619268236239,0.26227046414645505,128
R0_hold_psi0,trial_0019_bite_005,trial_0019,withdrawal,0.10636471946323031,0.12026887415919432,0.12026887415919431,156,0.17319469234376905,0.17319469234376905,0.12026887415919431,0.17319469234376905,0.29362847066042885,156
R0_hold_psi0,trial_0019_bite_006,trial_0019,transfer,0.03755007539765684,0.041620427576394795,0.041620427576394795,110,0.06919589542192561,0.06919589542192561,0.041620427576394795,0.06919589542192561,0.16057404986258694,110
R0_hold_psi0,trial_0019_bite_006,trial_0019,withdrawal,0.08996635431497434,0.09884783102600202,0.09884783102600202,116,0.2572296472295852,0.2572296472295852,0.09884783102600202,0.1304425226453776,0.4101543297641137,116
R0_hold_psi0,trial_0019_bite_007,trial_0019,transfer,0.0419314017842349,0.05146145579394526,0.05146145579394526,114,0.14523786762192303,0.1732464276825687,0.05146145579394526,0.11595837054578917,0.20550794893594881,114
R0_hold_psi0,trial_0019_bite_007,trial_0019,withdrawal,0.14320298207076354,0.15806115410735153,0.15806115410735153,99,0.20887834498998625,0.33495757038692453,0.15806115410735153,0.2033365439000141,0.3662965194255312,99
R0_hold_psi0,trial_0019_bite_008,trial_0019,transfer,0.01822005501141146,0.021935121417667444,0.021935121417667444,136,0.06676309450656026,0.06676309450656026,0.021935121417667444,0.04755976125654282,0.1833656435442177,136
R0_hold_psi0,trial_0019_bite_008,trial_0019,withdrawal,0.05422626588484002,0.06507822390461271,0.06507822390461271,113,0.19247595375387094,0.19247595375387094,0.06507822390461271,0.1179929723373978,0.32564127884994676,113
R0_hold_psi0,trial_0019_bite_009,trial_0019,transfer,0.05013867895542617,0.05713114800818365,0.05713114800818364,133,0.08411490225625151,0.08411490225625151,0.05713114800818364,0.0821358185758454,0.160918804809552,133
R0_hold_psi0,trial_0019_bite_009,trial_0019,withdrawal,0.11099339257937418,0.12904351871178157,0.12904351871178157,108,0.28454470091445616,0.28454470091445616,0.12904351871178157,0.19181954636584875,0.3879114366102385,108
R0_hold_psi0,trial_0019_bite_010,trial_0019,transfer,0.0683909694013139,0.07276325221037586,0.07276325221037584,137,0.09521707054314943,0.09521707054314943,0.07276325221037584,0.09521707054314943,0.20969361295215716,137
R0_hold_psi0,trial_0019_bite_010,trial_0019,withdrawal,0.13642675043816338,0.16629228713143085,0.16629228713143085,99,0.3610205531831596,0.3610205531831596,0.16629228713143085,0.25397183511325405,0.4776007064523595,99
R0_hold_psi0,trial_0019_bite_011,trial_0019,transfer,0.0244526381690401,0.02798129771742886,0.02798129771742886,176,0.13071456403037107,0.0996802094883491,0.02798129771742886,0.05073389628316205,0.37293874260426163,176
R0_hold_psi0,trial_0019_bite_011,trial_0019,withdrawal,0.09096128751152896,0.1143799199265985,0.1143799199265985,104,0.3451965915772153,0.3451965915772153,0.1143799199265985,0.22826605937580657,0.5734626509530218,104
R0_hold_psi0,trial_0019_bite_012,trial_0019,transfer,0.06115796802732149,0.06774301678676645,0.06774301678676646,116,0.08858319567152106,0.08858319567152106,0.06774301678676646,0.08858319567152106,0.13491983423747467,116
R0_hold_psi0,trial_0019_bite_012,trial_0019,withdrawal,0.15162282686114004,0.18803556637123353,0.18803556637123353,113,0.34513626631301264,0.34513626631301264,0.18803556637123353,0.303154028469387,0.389134324835795,113
R0_hold_psi0,trial_0019_bite_013,trial_0019,transfer,0.08674116311531137,0.09862192410842523,0.09862192410842523,140,0.13416830406930247,0.13416830406930247,0.09862192410842523,0.1340774616128484,0.17422493140049244,140
R0_hold_psi0,trial_0019_bite_013,trial_0019,withdrawal,0.24306409369548646,0.31773561763417124,0.31773561763417124,113,0.5842433718916853,0.5842433718916853,0.31773561763417124,0.5173337480004481,0.7054891357825746,113
R0_hold_psi0,trial_0019_bite_014,trial_0019,transfer,0.05472161410505216,0.06309231897323107,0.06309231897323107,178,0.11579894071593433,0.11579894071593433,0.06309231897323107,0.11579894071593433,0.258375675621799,178
R0_hold_psi0,trial_0019_bite_014,trial_0019,withdrawal,0.19885512693648402,0.25249667909804063,0.25249667909804063,115,0.5910666216069567,0.5910666216069567,0.25249667909804063,0.4705924529549699,0.7115407902589435,115
R0_hold_psi0,trial_0019_bite_015,trial_0019,transfer,0.029545195268962217,0.03634494764257117,0.03634494764257117,130,0.06720596071802287,0.06720596071802287,0.03634494764257117,0.05679878542134453,0.14719329978060225,130
R0_hold_psi0,trial_0019_bite_015,trial_0019,withdrawal,0.1471490237331679,0.1830296265132858,0.1830296265132858,106,0.31238337038670627,0.31238337038670627,0.1830296265132858,0.2709235636120382,0.41306609809691164,106
R0_hold_psi0,trial_0019_bite_016,trial_0019,transfer,0.04513036926616227,0.053221672237333525,0.053221672237333525,151,0.08979519992675167,0.08979519992675167,0.053221672237333525,0.08089496451391165,0.14953897071594735,151
R0_hold_psi0,trial_0019_bite_016,trial_0019,withdrawal,0.24733716743183304,0.3007108047210948,0.30071080472109485,99,0.49591172024270236,0.49591172024270236,0.30071080472109485,0.4499322682417217,0.5441771887710738,99
R0_hold_psi0,trial_0019_bite_017,trial_0019,transfer,0.02813043012967825,0.031069880555482324,0.031069880555482324,135,0.07122740474237332,0.07122740474237332,0.031069880555482324,0.051624564041414356,0.14052459106123694,135
R0_hold_psi0,trial_0019_bite_017,trial_0019,withdrawal,0.13854576122943718,0.19436694004831745,0.19436694004831745,106,0.47557682815472146,0.47557682815472146,0.19436694004831745,0.38821049711964273,0.565526113004593,106
R0_hold_psi0,trial_0019_bite_018,trial_0019,transfer,0.08646595874712035,0.09044301352586354,0.09044301352586354,133,0.11940465770382458,0.11940465770382458,0.09044301352586354,0.11940465770382458,0.21554922339903904,133
R0_hold_psi0,trial_0019_bite_018,trial_0019,withdrawal,0.204519104965412,0.26961022918900585,0.26961022918900585,111,0.5230850289643136,0.5230850289643136,0.26961022918900585,0.4361020539499605,0.6187705982136995,111
R0_hold_psi0,trial_0019_bite_019,trial_0019,transfer,0.02860439037951071,0.031940492151514024,0.031940492151514024,143,0.07459759770051555,0.07459759770051555,0.031940492151514024,0.05693052431282242,0.14575932638563582,143
R0_hold_psi0,trial_0019_bite_019,trial_0019,withdrawal,0.20772989937741923,0.2735895880749314,0.2735895880749314,97,0.44381683978859954,0.44381683978859954,0.2735895880749314,0.42715117200773367,0.5402179001727863,97
R0_hold_psi0,trial_0019_bite_020,trial_0019,transfer,0.07640787071400394,0.0893330540526915,0.0893330540526915,185,0.13909080538226126,0.13909080538226126,0.0893330540526915,0.1293493801787151,0.19891594277002644,185
R0_hold_psi0,trial_0019_bite_020,trial_0019,withdrawal,0.11560340093096563,0.15781173565839715,0.15781173565839718,135,0.34865367524515145,0.34865367524515145,0.15781173565839718,0.2924210752784795,0.43630143830565515,135
R0_hold_psi0,trial_0019_bite_021,trial_0019,transfer,0.048015902516462344,0.05178418103904093,0.05178418103904093,178,0.06758520007114877,0.06758520007114877,0.05178418103904093,0.06652296500665855,0.1441252262606505,178
R0_hold_psi0,trial_0019_bite_021,trial_0019,withdrawal,0.11390806958248116,0.15455233043651276,0.15455233043651276,116,0.3818360617701222,0.3818360617701222,0.15455233043651276,0.31331414099095767,0.4550293230712894,116
R0_hold_psi0,trial_0019_bite_022,trial_0019,transfer,0.08249079719161566,0.09159941061106125,0.09159941061106125,140,0.12913808108083158,0.12913808108083158,0.09159941061106125,0.12913808108083158,0.20541474452518038,140
R0_hold_psi0,trial_0019_bite_022,trial_0019,withdrawal,0.06772276052811331,0.09236267580787937,0.09236267580787938,108,0.228263079328066,0.228263079328066,0.09236267580787938,0.1892365135000209,0.46060599314568984,108
R0_hold_psi0,trial_0019_bite_023,trial_0019,transfer,0.030683584800413038,0.03781466354941788,0.03781466354941788,140,0.06834479249351677,0.06834479249351677,0.03781466354941788,0.0652309434065228,0.1262460914892385,140
R0_hold_psi0,trial_0019_bite_023,trial_0019,withdrawal,0.11219400105473794,0.14988149089836425,0.14988149089836425,113,0.40586983910313634,0.40586983910313634,0.14988149089836425,0.3201994106163162,0.496522166388107,113
R0_hold_psi0,trial_0019_bite_024,trial_0019,transfer,0.04226710827555826,0.045868136092265165,0.045868136092265165,151,0.0735161126389805,0.0735161126389805,0.045868136092265165,0.0735161126389805,0.14565595487210636,151
R0_hold_psi0,trial_0019_bite_024,trial_0019,withdrawal,0.08566277781344786,0.10105168681328738,0.10105168681328738,113,0.24934797165554112,0.24934797165554112,0.10105168681328738,0.17288100473267987,0.41892718708353405,113
R0_hold_psi0,trial_0019_bite_025,trial_0019,transfer,0.009557153131598228,0.011941806768633217,0.011941806768633217,186,0.04830017983257262,0.04081577912139034,0.011941806768633217,0.039188861122757324,0.14435698757156823,186
R0_hold_psi0,trial_0019_bite_025,trial_0019,withdrawal,0.12193238749262601,0.140563227821688,0.140563227821688,108,0.22567443335583226,0.22567443335583226,0.140563227821688,0.2032085345173491,0.334258779587679,108
R0_hold_psi0,trial_0019_bite_026,trial_0019,transfer,0.04317221859467711,0.05003625306122934,0.05003625306122934,149,0.10188191735516305,0.10188191735516305,0.05003625306122934,0.08459317999984206,0.20826828981320622,149
R0_hold_psi0,trial_0019_bite_026,trial_0019,withdrawal,0.2603868553782529,0.3165172620585484,0.3165172620585484,120,0.4843102910947561,0.4843102910947561,0.3165172620585484,0.4455439322999828,0.577830387111125,120
R0_hold_psi0,trial_0020_bite_001,trial_0020,transfer,0.17494080557704805,0.19344239531750843,0.19344239531750843,126,0.2498715843423076,0.2498715843423076,0.19344239531750843,0.2498715843423076,0.30185152094399204,126
R0_hold_psi0,trial_0020_bite_001,trial_0020,withdrawal,0.21857527091869625,0.25950573549098516,0.25950573549098516,96,0.3788560776277894,0.3788560776277894,0.25950573549098516,0.37752783871494877,0.40840574912840566,96
R0_hold_psi0,trial_0020_bite_002,trial_0020,transfer,0.14477652841727268,0.1747053792141326,0.1747053792141326,165,0.2537558654061858,0.2537558654061858,0.1747053792141326,0.2537558654061858,0.3087719200490122,165
R0_hold_psi0,trial_0020_bite_002,trial_0020,withdrawal,0.36292882014519184,0.4601665649072571,0.4601665649072571,113,0.7149399862633095,0.7149399862633095,0.4601665649072571,0.6953595092077078,0.7358142086480903,113
R0_hold_psi0,trial_0020_bite_003,trial_0020,transfer,0.12758030490088543,0.14273384622767585,0.14273384622767585,120,0.19144065060881,0.19144065060881,0.14273384622767585,0.19013591108576033,0.23188741557925008,120
R0_hold_psi0,trial_0020_bite_003,trial_0020,withdrawal,0.2264466491265699,0.29772335322851257,0.29772335322851257,76,0.4813637914723321,0.4813637914723321,0.29772335322851257,0.4721388481905797,0.49079278755393263,76
R0_hold_psi0,trial_0020_bite_004,trial_0020,transfer,0.16460566261167417,0.17653492624719702,0.17653492624719702,151,0.21472716467211939,0.21472716467211939,0.17653492624719702,0.21472716467211939,0.277448313665404,151
R0_hold_psi0,trial_0020_bite_004,trial_0020,withdrawal,0.29266434823735527,0.35507042442225056,0.35507042442225056,97,0.523536639156688,0.523536639156688,0.35507042442225056,0.5086836040721767,0.5453814308453659,97
R0_hold_psi0,trial_0020_bite_005,trial_0020,transfer,0.08041091884484727,0.09533461068668998,0.09533461068668998,148,0.14829814179230283,0.14829814179230283,0.09533461068668998,0.13625834312951435,0.21229404944296615,148
R0_hold_psi0,trial_0020_bite_005,trial_0020,withdrawal,0.20102214720265488,0.2645997648690535,0.2645997648690535,104,0.4748549424953432,0.4748549424953432,0.2645997648690535,0.43291432766957305,0.5287608200100826,104
R0_hold_psi0,trial_0020_bite_006,trial_0020,transfer,0.1372392460733459,0.14708653956371687,0.14708653956371687,113,0.17692916102746503,0.17692916102746503,0.14708653956371687,0.17692916102746503,0.2133013104887791,113
R0_hold_psi0,trial_0020_bite_006,trial_0020,withdrawal,0.021563861871032482,0.02937448261015569,0.02937448261015569,62,0.4121438410858196,0.13027428115813589,0.02937448261015569,0.10141870524564345,0.1753368017590824,62
R0_hold_psi0,trial_0020_bite_007,trial_0020,transfer,0.22830839968705613,0.24567107145161107,0.24567107145161107,113,0.3013454831632285,0.3013454831632285,0.24567107145161107,0.3013454831632285,0.3224595117807505,113
R0_hold_psi0,trial_0020_bite_007,trial_0020,withdrawal,0.199070131733927,0.26272615417326706,0.26272615417326706,98,0.4607726648120818,0.4607726648120818,0.26272615417326706,0.4466539916005794,0.4792937779539179,98
R0_hold_psi0,trial_0020_bite_008,trial_0020,transfer,0.17566901850437777,0.19444738800822683,0.19444738800822683,142,0.24988910236790263,0.24988910236790263,0.19444738800822683,0.24988910236790263,0.27201131121041744,142
R0_hold_psi0,trial_0020_bite_008,trial_0020,withdrawal,0.23782254932818644,0.30229479925723235,0.30229479925723235,100,0.4770902358436624,0.4770902358436624,0.30229479925723235,0.47629869435499206,0.4875621826369292,100
R0_hold_psi0,trial_0020_bite_009,trial_0020,transfer,0.15738550291513975,0.17344788821350227,0.17344788821350227,131,0.21169593131241315,0.21169593131241315,0.17344788821350227,0.21014300812696796,0.26233093778146976,131
R0_hold_psi0,trial_0020_bite_009,trial_0020,withdrawal,0.21517030475404234,0.2867812529954574,0.2867812529954574,111,0.4695267892342696,0.4695267892342696,0.2867812529954574,0.45848606452612994,0.49470393951034186,111
R0_hold_psi0,trial_0020_bite_010,trial_0020,transfer,0.13823100495712026,0.15628255984330805,0.15628255984330805,147,0.21849212901900472,0.21849212901900472,0.15628255984330805,0.21849212901900472,0.26399946125125906,147
R0_hold_psi0,trial_0020_bite_010,trial_0020,withdrawal,0.27915949086415953,0.37629424880949885,0.37629424880949885,102,0.6342395536782064,0.6342395536782064,0.37629424880949885,0.611514594196934,0.661723335673635,102
R0_hold_psi0,trial_0020_bite_011,trial_0020,transfer,0.16603586600654274,0.18777950089912138,0.18777950089912138,162,0.23781573337007345,0.23781573337007345,0.18777950089912138,0.23781573337007345,0.2904764922154244,162
R0_hold_psi0,trial_0020_bite_011,trial_0020,withdrawal,0.24607898911061418,0.301592478579525,0.301592478579525,100,0.45605153670085485,0.45605153670085485,0.301592478579525,0.44535105018652965,0.4701577268179693,100
R0_hold_psi0,trial_0020_bite_012,trial_0020,transfer,0.18227412401625323,0.19831987927513395,0.19831987927513395,120,0.24640581032386288,0.24640581032386288,0.19831987927513395,0.24640581032386288,0.32062556819794974,120
R0_hold_psi0,trial_0020_bite_012,trial_0020,withdrawal,0.354043643889362,0.4335046014801317,0.4335046014801317,124,0.6311367326871347,0.6311367326871347,0.4335046014801317,0.6215661219140487,0.641702169358354,124
R0_hold_psi0,trial_0020_bite_013,trial_0020,transfer,0.1048313936131815,0.1139620078744513,0.1139620078744513,143,0.15251269635530207,0.15251269635530207,0.1139620078744513,0.14744656563855107,0.20660430526071538,143
R0_hold_psi0,trial_0020_bite_013,trial_0020,withdrawal,0.3206358840444759,0.4044024375091014,0.4044024375091014,149,0.6164040202477521,0.6164040202477521,0.4044024375091014,0.5983768762061543,0.6495591731909891,149
R0_hold_psi0,trial_0020_bite_014,trial_0020,transfer,0.09871547294116285,0.1190343370299236,0.1190343370299236,149,0.1894780210340068,0.1894780210340068,0.1190343370299236,0.17526243367830263,0.23529631232499915,149
R0_hold_psi0,trial_0020_bite_014,trial_0020,withdrawal,0.3213104631460015,0.41174569148285173,0.41174569148285173,117,0.6665178320694887,0.6665178320694887,0.41174569148285173,0.6418359305692949,0.7109156998013981,117
R0_hold_psi0,trial_0020_bite_015,trial_0020,transfer,0.08884583709659817,0.11540448586895621,0.11540448586895621,323,0.22072113902578616,0.22072113902578616,0.11540448586895621,0.209441886150453,0.4663506144591145,323
R0_hold_psi0,trial_0020_bite_015,trial_0020,withdrawal,0.3111024110788094,0.42099217953150786,0.42099217953150786,104,0.7348014025967498,0.7348014025967498,0.42099217953150786,0.721734878319694,0.7547064533326546,104
R0_hold_psi0,trial_0020_bite_016,trial_0020,transfer,0.0744203372921011,0.08464808501510114,0.08464808501510114,163,0.14446366729177162,0.14446366729177162,0.08464808501510114,0.12374518239447196,0.21218390954739963,163
R0_hold_psi0,trial_0020_bite_016,trial_0020,withdrawal,0.1981215952699126,0.25628531806495114,0.25628531806495114,95,0.4011910968177128,0.4011910968177128,0.25628531806495114,0.3907478686913728,0.4538955415244952,95
R0_hold_psi0,trial_0020_bite_017,trial_0020,withdrawal,0.25835744339331124,0.34937947507123607,0.34937947507123607,104,0.604137835746732,0.604137835746732,0.34937947507123607,0.5815231821044491,0.6314381629220667,104
R0_hold_psi0,trial_0020_bite_018,trial_0020,transfer,0.10056563255346503,0.10574986880925769,0.10574986880925769,201,0.13393955709367678,0.13393955709367678,0.10574986880925769,0.13393955709367678,0.24076136427208716,201
R0_hold_psi0,trial_0020_bite_018,trial_0020,withdrawal,0.27283450317444696,0.3839184611907318,0.3839184611907318,108,0.7035833312382431,0.7035833312382431,0.3839184611907318,0.6731415431626959,0.7340521326744018,108
R0_hold_psi0,trial_0020_bite_019,trial_0020,withdrawal,0.40420944640529594,0.4570566614059777,0.4570566614059777,90,0.6305755966456661,0.6305755966456661,0.4570566614059777,0.6300492678049929,0.6324874641041074,90
R1_phase_only,trial_0012_bite_001,trial_0012,transfer,0.07011394296295256,0.08137288277022402,0.08137288277022402,144,0.13790146685956728,0.13790146685956728,0.09475204653478594,0.13790146685956728,0.24432276604568415,144
R1_phase_only,trial_0012_bite_001,trial_0012,withdrawal,0.04110320585219742,0.04676747133842034,0.04676747133842034,102,0.244152974397168,0.244152974397168,0.16471618970637825,0.244152974397168,0.3628505909454982,102
R1_phase_only,trial_0012_bite_002,trial_0012,transfer,0.05881229462135213,0.07054992371339444,0.07054992371339444,188,0.15478630221911693,0.15478630221911693,0.11450806443634587,0.15371553751853506,0.30262277654002734,188
R1_phase_only,trial_0012_bite_002,trial_0012,withdrawal,0.11852606230892275,0.12415098995026246,0.12415098995026246,113,0.09907616879545245,0.09907616879545245,0.03743792310084331,0.0814029246556145,0.2563400379116758,113
R1_phase_only,trial_0012_bite_003,trial_0012,transfer,0.0700148951798248,0.08614709454970909,0.08614709454970909,146,0.05697777940970106,0.05697777940970106,0.03284181134359787,0.05466135595019539,0.2117704720183422,146
R1_phase_only,trial_0012_bite_003,trial_0012,withdrawal,0.172142787757234,0.1786934955086288,0.1786934955086288,99,0.045217054934092005,0.045217054934092005,0.03268338600592393,0.045217054934092005,0.13337673050905963,99
R1_phase_only,trial_0012_bite_004,trial_0012,transfer,0.052798860094189444,0.06297942990421868,0.06297942990421868,147,0.15090705104449453,0.15090705104449453,0.11228405319588652,0.15090705104449453,0.305191080329998,147
R1_phase_only,trial_0012_bite_004,trial_0012,withdrawal,0.0735998121772256,0.09250566223719468,0.0925056622371947,140,0.23994388354627683,0.23994388354627683,0.11562602898043688,0.20470450201416313,0.3634143166995356,140
R1_phase_only,trial_0012_bite_005,trial_0012,transfer,0.08896359353542423,0.09343992489588102,0.09343992489588102,122,0.058035205364255216,0.058035205364255216,0.021273659735653115,0.03976796789138737,0.18289757462424472,122
R1_phase_only,trial_0012_bite_005,trial_0012,withdrawal,0.09557434345571549,0.10051149972116934,0.10051149972116934,137,0.33969385486102244,0.33969385486102244,0.16700798499075925,0.3186951856066087,0.3991138009289208,137
R1_phase_only,trial_0012_bite_006,trial_0012,transfer,0.09308243268547317,0.09873637872633768,0.09873637872633768,157,0.23890752391020653,0.23890752391020653,0.16605517182393426,0.23890752391020653,0.39132030659831596,157
R1_phase_only,trial_0012_bite_006,trial_0012,withdrawal,0.047271236208495424,0.05629475164977342,0.05629475164977342,131,0.2614097846492034,0.2614097846492034,0.15285270561040384,0.25342904848018444,0.29620223826142,131
R1_phase_only,trial_0012_bite_007,trial_0012,transfer,0.08229344833122007,0.09388526526128603,0.09388526526128603,133,0.09194091705914431,0.09194091705914431,0.03260999063445074,0.0806905401401612,0.26771582041183306,133
R1_phase_only,trial_0012_bite_007,trial_0012,withdrawal,0.08833060945691984,0.10161161760856124,0.10161161760856123,140,0.2768897107524251,0.2768897107524251,0.12612079465504653,0.270502265919804,0.5734413336133892,140
R1_phase_only,trial_0012_bite_008,trial_0012,transfer,0.05043679068335542,0.06880021029108674,0.06880021029108674,168,0.1246535808725957,0.1246535808725957,0.09264433986410772,0.1246535808725957,0.2993674397875381,168
R1_phase_only,trial_0012_bite_008,trial_0012,withdrawal,0.09977484681656665,0.10434786941940112,0.10434786941940112,98,0.15144913058357456,0.15144913058357456,0.07109384945772473,0.11663529602419542,0.24338454245621355,98
R1_phase_only,trial_0012_bite_009,trial_0012,transfer,0.06660663461390959,0.08644957979436388,0.08644957979436388,230,0.0873278507751083,0.0873278507751083,0.047200521660548896,0.08410692790482832,0.3264026293789959,230
R1_phase_only,trial_0012_bite_009,trial_0012,withdrawal,0.12868993500199413,0.16228386454438595,0.16228386454438595,138,0.5128620742029137,0.5128620742029137,0.15029679943808943,0.2930716813100074,0.8599832911007752,138
R1_phase_only,trial_0012_bite_010,trial_0012,transfer,0.06209898107420244,0.072406998605884,0.072406998605884,152,0.09124070752899938,0.09124070752899938,0.04879705560219626,0.09090722783931993,0.25768497234093424,152
R1_phase_only,trial_0012_bite_010,trial_0012,withdrawal,0.11240658105816323,0.13142722476486499,0.13142722476486499,99,0.2953827014954755,0.2953827014954755,0.11541736336718252,0.23585727091490583,0.5996835414977135,99
R1_phase_only,trial_0012_bite_011,trial_0012,transfer,0.07088587503877411,0.08313450786944886,0.08313450786944886,205,0.15533742524288652,0.15533742524288652,0.10531343727834369,0.1507526013815137,0.3270762399392093,205
R1_phase_only,trial_0012_bite_011,trial_0012,withdrawal,0.0982196366850203,0.10582747650179751,0.10582747650179751,175,0.30612661561918975,0.30612661561918975,0.23622087693168642,0.2998929616342765,0.5184956861834373,175
R1_phase_only,trial_0012_bite_012,trial_0012,transfer,0.07371542853753625,0.08671490155386512,0.08671490155386512,180,0.13225269178776822,0.13225269178776822,0.05858042807188908,0.12492800997175202,0.28590720230436606,180
R1_phase_only,trial_0012_bite_012,trial_0012,withdrawal,0.11233529234541503,0.13443932316899687,0.13443932316899687,97,0.30258891701436896,0.30258891701436896,0.10539897421099577,0.22753642859911416,0.5616905813836115,97
R1_phase_only,trial_0012_bite_013,trial_0012,transfer,0.06352768806754827,0.07687039942353768,0.07687039942353768,204,0.12303965161403996,0.12303965161403996,0.0733920957321813,0.12303965161403996,0.33142399513659804,204
R1_phase_only,trial_0012_bite_013,trial_0012,withdrawal,0.08593962376776455,0.09378637704679195,0.09378637704679195,120,0.40680223673489424,0.40680223673489424,0.16927555182999815,0.3983603021997131,0.49799898651032626,120
R1_phase_only,trial_0012_bite_014,trial_0012,transfer,0.15033157127424876,0.17005216616577684,0.17005216616577684,176,0.30522678127760106,0.30522678127760106,0.22567505288852854,0.30522678127760106,0.36321713896830765,176
R1_phase_only,trial_0012_bite_014,trial_0012,withdrawal,0.0732931395048483,0.08738018978971379,0.08738018978971379,120,0.36137379860241303,0.36137379860241303,0.19321230128133282,0.34720786147206395,0.39964144262734225,120
R1_phase_only,trial_0012_bite_015,trial_0012,transfer,0.17636711096732766,0.19771924082258038,0.19771924082258038,151,0.3611263117543704,0.3611263117543704,0.2521627147645272,0.3611263117543704,0.4750711916348309,151
R1_phase_only,trial_0012_bite_015,trial_0012,withdrawal,0.11690658407674308,0.13063957682944533,0.13063957682944533,115,0.39156331213951745,0.39156331213951745,0.12249830428070486,0.32629785701049396,0.4766037914265855,115
R1_phase_only,trial_0013_bite_001,trial_0013,transfer,0.08512661886918622,0.09401490085958299,0.09401490085958299,124,0.18747888609619956,0.18747888609619956,0.14168169198687727,0.18747888609619956,0.23226178054059465,124
R1_phase_only,trial_0013_bite_001,trial_0013,withdrawal,0.2224935344593506,0.2593703176316646,0.2593703176316646,85,0.5510476329535718,0.5510476329535718,0.3875260350808941,0.5510476329535718,0.6358447104662486,85
R1_phase_only,trial_0013_bite_002,trial_0013,transfer,0.08524735720774886,0.09280105893497534,0.09280105893497534,131,0.18135905401050545,0.18135905401050545,0.13945612431931287,0.18135905401050545,0.2483411307349339,131
R1_phase_only,trial_0013_bite_002,trial_0013,withdrawal,0.10134347582718957,0.108705852631047,0.108705852631047,116,0.37244351495629013,0.37244351495629013,0.18398051861352985,0.3541769330933824,0.41365079267438754,116
R1_phase_only,trial_0013_bite_003,trial_0013,transfer,0.06656716238078829,0.07627075729458153,0.07627075729458153,164,0.1536661899881615,0.1536661899881615,0.09867808869624976,0.1536661899881615,0.2573917260097329,164
R1_phase_only,trial_0013_bite_003,trial_0013,withdrawal,0.10998286242052484,0.12596391518767672,0.12596391518767672,94,0.37083459103126426,0.37083459103126426,0.23667400634354,0.36695621269599554,0.5137874122510491,94
R1_phase_only,trial_0013_bite_004,trial_0013,transfer,0.04778540122383812,0.04797981593750624,0.04797981593750624,20,0.008320985280614757,0.008320985280614757,0.0028791925997594635,0.00602700913435017,0.02750720591484912,20
R1_phase_only,trial_0013_bite_004,trial_0013,withdrawal,0.10326883961428515,0.11781151372720623,0.11781151372720623,71,0.3381641190996616,0.16115656553889002,0.050305957501941535,0.14930581916352148,0.25801139134458806,71
R1_phase_only,trial_0013_bite_005,trial_0013,transfer,0.09899485181718816,0.10046224649628627,0.10046224649628627,88,0.1156439466340764,0.06051320923085912,0.025765929337449308,0.051522314117944834,0.1300584682194703,88
R1_phase_only,trial_0013_bite_005,trial_0013,withdrawal,0.08984497286927612,0.0927151943801103,0.0927151943801103,81,0.12182303243737413,0.16603993113403304,0.0685935188894255,0.12182303243737413,0.2059359691677547,81
R1_phase_only,trial_0013_bite_006,trial_0013,transfer,0.087609511144734,0.09695330046694127,0.09695330046694127,158,0.1973287000818642,0.1973287000818642,0.1518460888437244,0.1973287000818642,0.3141602384752473,158
R1_phase_only,trial_0013_bite_006,trial_0013,withdrawal,0.09633204072225299,0.10835105820598592,0.10835105820598592,142,0.34374163158822224,0.34374163158822224,0.22162858950888312,0.34232082310627865,0.4469373212290222,142
R1_phase_only,trial_0013_bite_007,trial_0013,transfer,0.07795928078412749,0.07841375208994104,0.07841375208994104,39,0.021856110279619756,0.021856110279619756,0.014480872385804642,0.021856110279619756,0.05614086712960198,39
R1_phase_only,trial_0013_bite_007,trial_0013,withdrawal,0.0865740843583256,0.09134136317921089,0.0913413631792109,136,0.30368556587820095,0.30368556587820095,0.2010382956176825,0.2893043546914904,0.3767573404106894,136
R1_phase_only,trial_0013_bite_008,trial_0013,transfer,0.0625859512961468,0.07865573278758285,0.07865573278758285,198,0.07617778359443461,0.07617778359443461,0.041827208374479834,0.07246272430496248,0.31993559498347324,198
R1_phase_only,trial_0013_bite_008,trial_0013,withdrawal,0.0991419462894764,0.10988167775901511,0.10988167775901511,85,0.35087684926281604,0.35087684926281604,0.2109039814599831,0.34969322676610703,0.3673068911049251,85
R1_phase_only,trial_0013_bite_009,trial_0013,transfer,0.10514087647873958,0.1068180196581672,0.1068180196581672,158,0.07320040167435682,0.07320040167435682,0.02240233921613101,0.04142811149993886,0.2519155008433063,158
R1_phase_only,trial_0013_bite_009,trial_0013,withdrawal,0.11651025472575009,0.12644688095035816,0.12644688095035816,108,0.37846164772724444,0.37846164772724444,0.23419189783678468,0.3637450373408835,0.4551128739902741,108
R1_phase_only,trial_0013_bite_010,trial_0013,transfer,0.0789588830691771,0.08314005427510908,0.08314005427510908,135,0.05760273776666791,0.05760273776666791,0.02580621416259299,0.05092565136085758,0.21627886101168015,135
R1_phase_only,trial_0013_bite_010,trial_0013,withdrawal,0.07816959603388919,0.08241076072540902,0.08241076072540902,140,0.26536115149731865,0.26536115149731865,0.18704344844517465,0.25510106602005544,0.37665148488106803,140
R1_phase_only,trial_0013_bite_011,trial_0013,transfer,0.11102241750920273,0.11270016690397985,0.11270016690397985,131,0.05577120037102157,0.05577120037102157,0.02004850147984391,0.04852199908605126,0.1845359310302026,131
R1_phase_only,trial_0013_bite_011,trial_0013,withdrawal,0.13778723902523948,0.15049206532187812,0.15049206532187812,118,0.39947256081702154,0.39947256081702154,0.26619681954080404,0.3933962172802419,0.47981721260190024,118
R1_phase_only,trial_0013_bite_012,trial_0013,transfer,0.06503452818744196,0.0717243030068856,0.0717243030068856,140,0.16472836873426866,0.16472836873426866,0.12449538302564031,0.16472836873426866,0.264569757807418,140
R1_phase_only,trial_0013_bite_012,trial_0013,withdrawal,0.07656740171647429,0.08804188983613989,0.08804188983613989,94,0.35342841137037917,0.32828378594831253,0.1706792761415745,0.2661575814321089,0.3803441643367882,94
R1_phase_only,trial_0014_bite_001,trial_0014,transfer,0.09422050734239489,0.10126380691495668,0.10126380691495668,156,0.1725031064839504,0.1725031064839504,0.12885057926400525,0.1725031064839504,0.31510630384085925,156
R1_phase_only,trial_0014_bite_001,trial_0014,withdrawal,0.0887937577947857,0.09303926985790871,0.09303926985790871,98,0.32978279305005387,0.32978279305005387,0.18215188232183785,0.3167411292535447,0.35719944605428955,98
R1_phase_only,trial_0014_bite_002,trial_0014,transfer,0.032206132693339,0.05346305629004814,0.05346305629004814,174,0.10061674818939226,0.10061674818939226,0.06282923584528273,0.09926617528293225,0.215582105258187,174
R1_phase_only,trial_0014_bite_002,trial_0014,withdrawal,0.12786933089508462,0.14139745999584763,0.14139745999584763,109,0.4599373878641768,0.4599373878641768,0.16404235056368546,0.34324249126623085,0.5822091865354513,109
R1_phase_only,trial_0014_bite_003,trial_0014,transfer,0.12639088981486157,0.13809766308593624,0.13809766308593624,132,0.23974330376870867,0.23974330376870867,0.1753538581612889,0.23974330376870867,0.29027780298720574,132
R1_phase_only,trial_0014_bite_003,trial_0014,withdrawal,0.1222622487829624,0.13199950256864565,0.13199950256864565,102,0.4465934657839772,0.4465934657839772,0.24348697860578003,0.40433986354674945,0.4888470680212049,102
R1_phase_only,trial_0014_bite_004,trial_0014,transfer,0.11851538540397742,0.12859718698287712,0.12859718698287712,112,0.2340678494237456,0.2340678494237456,0.16903029916612866,0.2340678494237456,0.29738540177763273,112
R1_phase_only,trial_0014_bite_004,trial_0014,withdrawal,0.05035552326038129,0.07240769884683701,0.07240769884683701,95,0.23607604395443316,0.23607604395443316,0.1276315320611255,0.18786936709517832,0.2973326611229785,95
R1_phase_only,trial_0014_bite_005,trial_0014,transfer,0.19166549435807098,0.21878030677050872,0.21878030677050872,124,0.3584770672839732,0.3584770672839732,0.2627562955182271,0.3584770672839732,0.3628285846760777,124
R1_phase_only,trial_0014_bite_005,trial_0014,withdrawal,0.09820666140084226,0.10326431394497383,0.10326431394497385,62,0.3438763499392259,0.3438763499392259,0.20487132530614668,0.3108405194447852,0.37705907456513676,62
R1_phase_only,trial_0014_bite_006,trial_0014,transfer,0.12283647684220016,0.1394777352227407,0.1394777352227407,91,0.25601576311064145,0.25601576311064145,0.17895658170696796,0.25601576311064145,0.25958194666737056,91
R1_phase_only,trial_0014_bite_006,trial_0014,withdrawal,0.0998413240467052,0.10607315043600093,0.10607315043600093,81,0.33959797813349857,0.33959797813349857,0.2016952582614818,0.3240199943315356,0.41475447860666304,81
R1_phase_only,trial_0014_bite_007,trial_0014,transfer,0.11959757774844697,0.1349734334491165,0.1349734334491165,111,0.22868337481329393,0.22868337481329393,0.17224253662398242,0.22868337481329393,0.257876398157161,111
R1_phase_only,trial_0014_bite_007,trial_0014,withdrawal,0.057205482197756306,0.06575843636046397,0.06575843636046397,86,0.3061717159651489,0.3061717159651489,0.1584297693351281,0.2949945691368825,0.3173669644874968,86
R1_phase_only,trial_0014_bite_008,trial_0014,transfer,0.1273270764845886,0.14501998184789966,0.14501998184789966,94,0.2518891670999652,0.2518891670999652,0.18371814410508897,0.2518891670999652,0.25873714085217525,94
R1_phase_only,trial_0014_bite_008,trial_0014,withdrawal,0.11227666770077033,0.12367602390707123,0.12367602390707123,74,0.4507624184310344,0.4507624184310344,0.1866939016907544,0.3949479045424913,0.5065769323195775,74
R1_phase_only,trial_0014_bite_009,trial_0014,transfer,0.1320459880817836,0.1509266432781066,0.1509266432781066,114,0.27755302315644403,0.27755302315644403,0.18406382194679677,0.27755302315644403,0.28081786250510277,114
R1_phase_only,trial_0014_bite_009,trial_0014,withdrawal,0.05441734221742859,0.06691549094678675,0.06691549094678677,52,0.20224068840270082,0.20224068840270082,0.11071760229581651,0.19041731892535596,0.22054697656501032,52
R1_phase_only,trial_0014_bite_010,trial_0014,transfer,0.19069898101296376,0.20976848927072636,0.20976848927072642,124,0.33074426157047787,0.33074426157047787,0.2566037572452201,0.33074426157047787,0.3619080373097554,124
R1_phase_only,trial_0014_bite_010,trial_0014,withdrawal,0.08999589107411421,0.09647006717019029,0.09647006717019029,77,0.3311616463979612,0.3311616463979612,0.20102836225374313,0.3266381989550937,0.3437753826064829,77
R1_phase_only,trial_0014_bite_011,trial_0014,transfer,0.149567990238497,0.16746159841488917,0.16746159841488917,131,0.29852291817495535,0.29852291817495535,0.1999407817815032,0.29852291817495535,0.3068075236905994,131
R1_phase_only,trial_0014_bite_011,trial_0014,withdrawal,0.10170475742193086,0.11887396644616394,0.11887396644616394,81,0.438303761248541,0.438303761248541,0.22491457278926,0.42679325135453894,0.4514491564516936,81
R1_phase_only,trial_0014_bite_012,trial_0014,transfer,0.21233398784401444,0.2433272966976183,0.2433272966976183,103,0.39792213462237314,0.39792213462237314,0.28939865569741324,0.39792213462237314,0.39959063090443525,103
R1_phase_only,trial_0014_bite_012,trial_0014,withdrawal,0.0653413586002627,0.07997382079966052,0.07997382079966052,104,0.27233651340181053,0.27233651340181053,0.1316230547189877,0.23372322605806062,0.3133587827420623,104
R1_phase_only,trial_0014_bite_013,trial_0014,transfer,0.2229120482165344,0.25259515941845684,0.25259515941845684,108,0.4045318172311756,0.4045318172311756,0.30286095830955945,0.4045318172311756,0.408601363292469,108
R1_phase_only,trial_0014_bite_013,trial_0014,withdrawal,0.0720928891907623,0.0872527978061179,0.0872527978061179,115,0.22717255469850128,0.22717255469850128,0.10415447433915785,0.18062832754095215,0.2765627638526169,115
R1_phase_only,trial_0014_bite_014,trial_0014,transfer,0.18664768330838408,0.20010710812682111,0.20010710812682111,129,0.2988253914229988,0.2988253914229988,0.2599417726358345,0.2988253914229988,0.3498205401928862,129
R1_phase_only,trial_0014_bite_014,trial_0014,withdrawal,0.15226248494014216,0.1648481752052318,0.1648481752052318,106,0.38614189705303614,0.38614189705303614,0.2955896132660152,0.3780708711104146,0.4013337974078799,106
R1_phase_only,trial_0014_bite_015,trial_0014,transfer,0.1681764974909359,0.19114389336170604,0.19114389336170604,130,0.313618238071216,0.313618238071216,0.23613882204188105,0.313618238071216,0.3228973664805874,130
R1_phase_only,trial_0014_bite_015,trial_0014,withdrawal,0.17771007851587642,0.19589561605700098,0.19589561605700098,106,0.43198653034068935,0.43198653034068935,0.3252344855591306,0.43081041025722167,0.43512570742111256,106
R1_phase_only,trial_0014_bite_016,trial_0014,transfer,0.1832824882850841,0.1997705714897198,0.19977057148971983,137,0.3074919738409525,0.3074919738409525,0.2556895857376373,0.3074919738409525,0.3373336599766965,137
R1_phase_only,trial_0014_bite_016,trial_0014,withdrawal,0.044421901585037685,0.05135959503458243,0.05135959503458243,94,0.23765775421777224,0.23765775421777224,0.15558097358429046,0.22545737663183818,0.2570206386601961,94
R1_phase_only,trial_0014_bite_017,trial_0014,transfer,0.12018602466646083,0.13456131896687418,0.13456131896687418,121,0.2405143628675006,0.2405143628675006,0.17399772116521228,0.2348421084073995,0.26366086581742065,121
R1_phase_only,trial_0014_bite_017,trial_0014,withdrawal,0.08543534382621776,0.09105571981690395,0.09105571981690395,99,0.32460949603337097,0.32460949603337097,0.2064601010366711,0.30919752875401585,0.35384972560788786,99
R1_phase_only,trial_0014_bite_018,trial_0014,transfer,0.1595402415322012,0.18048370888199225,0.18048370888199225,156,0.2935016794165137,0.2935016794165137,0.2255918500660542,0.2935016794165137,0.31255985870195113,156
R1_phase_only,trial_0014_bite_018,trial_0014,withdrawal,0.07382758415356895,0.078390617732562,0.078390617732562,86,0.2924929418993023,0.2924929418993023,0.18348026139490473,0.29133543269190243,0.32191267723434747,86
R1_phase_only,trial_0014_bite_019,trial_0014,transfer,0.06397257895863867,0.07227442915077263,0.07227442915077263,127,0.1349740297541362,0.1349740297541362,0.08985727604395148,0.1349740297541362,0.24611684416802015,127
R1_phase_only,trial_0014_bite_019,trial_0014,withdrawal,0.09795452877278453,0.11366273018974543,0.11366273018974543,104,0.4095429817522702,0.4095429817522702,0.14624329215809898,0.3167863598020024,0.502299603702538,104
R1_phase_only,trial_0014_bite_020,trial_0014,transfer,0.10841852980263232,0.12810620575182313,0.12810620575182313,157,0.16902524354351245,0.16902524354351245,0.055295788023378305,0.10164590483562197,0.29278772197023706,157
R1_phase_only,trial_0014_bite_020,trial_0014,withdrawal,0.09673183610612267,0.10573937928220353,0.10573937928220353,104,0.38431394336541436,0.38431394336541436,0.21895606441036602,0.36034595825657334,0.40867222390608937,104
R1_phase_only,trial_0014_bite_021,trial_0014,transfer,0.0973040548472107,0.1063373128449845,0.1063373128449845,205,0.1872794500175412,0.1872794500175412,0.13535996426912486,0.1872794500175412,0.25894736458663736,205
R1_phase_only,trial_0014_bite_021,trial_0014,withdrawal,0.13189303602005167,0.147062537858892,0.147062537858892,99,0.39251039651390807,0.39251039651390807,0.2715594843140607,0.38778659827876893,0.5017283269214206,99
R1_phase_only,trial_0015_bite_001,trial_0015,transfer,0.02307391472570372,0.033954465349900535,0.033954465349900535,145,0.11310148116708518,0.11310148116708518,0.08336180335011725,0.11310148116708518,0.23556661337911633,145
R1_phase_only,trial_0015_bite_001,trial_0015,withdrawal,0.09533979067315235,0.11116286800203276,0.11116286800203277,149,0.37615347324745807,0.37615347324745807,0.23769285294096582,0.37615347324745807,0.3763096615770434,149
R1_phase_only,trial_0015_bite_002,trial_0015,transfer,0.11908520085299497,0.13261204978509852,0.13261204978509852,108,0.25192600402993115,0.25192600402993115,0.17965280411053738,0.25192600402993115,0.2917323977848274,108
R1_phase_only,trial_0015_bite_002,trial_0015,withdrawal,0.16913718853431053,0.1987855446042154,0.1987855446042154,129,0.5389296693758969,0.5389296693758969,0.3192633020992282,0.5376755147156671,0.5444716490174311,129
R1_phase_only,trial_0015_bite_003,trial_0015,transfer,0.11330173371980722,0.12044008626594718,0.12044008626594718,154,0.22571206177204717,0.22571206177204717,0.16908593550128106,0.22571206177204717,0.2756429297891567,154
R1_phase_only,trial_0015_bite_003,trial_0015,withdrawal,0.12301494822989305,0.13560664149072052,0.13560664149072052,153,0.4126415976705964,0.4126415976705964,0.23176205125135854,0.3877316674882394,0.43808724250049647,153
R1_phase_only,trial_0015_bite_004,trial_0015,transfer,0.10446498742543056,0.11237766494724462,0.11237766494724462,145,0.23297047435831386,0.23297047435831386,0.1607726837909592,0.23297047435831386,0.3080330849112576,145
R1_phase_only,trial_0015_bite_004,trial_0015,withdrawal,0.09379800010249141,0.10713090303774338,0.10713090303774338,136,0.40375006718413076,0.40375006718413076,0.19589505857651887,0.3825496798516608,0.42495045451660074,136
R1_phase_only,trial_0015_bite_005,trial_0015,transfer,0.132019154369519,0.1464159782554261,0.1464159782554261,122,0.27825882328898155,0.27825882328898155,0.18999297598602596,0.27825882328898155,0.33484416392551664,122
R1_phase_only,trial_0015_bite_005,trial_0015,withdrawal,0.2337824324128934,0.26384516285766263,0.26384516285766263,163,0.5291351483222027,0.5291351483222027,0.39412753700927017,0.5249039537334639,0.5680244561967198,163
R1_phase_only,trial_0015_bite_006,trial_0015,transfer,0.1367961096283375,0.14812041918364574,0.1481204191836457,122,0.2636133957559932,0.2636133957559932,0.19741448213124735,0.2636133957559932,0.31333596752844173,122
R1_phase_only,trial_0015_bite_006,trial_0015,withdrawal,0.1536807606616442,0.16689235088588983,0.16689235088588983,146,0.5276413105411635,0.5276413105411635,0.23765993126986362,0.44485606282337287,0.613537929718476,146
R1_phase_only,trial_0015_bite_007,trial_0015,transfer,0.06768235424925245,0.07541727830692208,0.07541727830692208,127,0.1495491803811655,0.1495491803811655,0.11771180480677366,0.1495491803811655,0.18559399519387743,127
R1_phase_only,trial_0015_bite_007,trial_0015,withdrawal,0.05741778017975452,0.07212546790904104,0.07212546790904105,144,0.25232250711332815,0.25232250711332815,0.14156373103827818,0.22491259340682968,0.3575567761545635,144
R1_phase_only,trial_0015_bite_008,trial_0015,transfer,0.06257275680086467,0.07401088789059754,0.07401088789059754,169,0.13131544241476734,0.13131544241476734,0.07823974529380605,0.12666454012617878,0.18071010318987168,169
R1_phase_only,trial_0015_bite_008,trial_0015,withdrawal,0.10093824972342132,0.10500769397951208,0.10500769397951208,227,0.1448095946548138,0.1448095946548138,0.06462401200235732,0.11305430962317597,0.24108453752572023,227
R1_phase_only,trial_0015_bite_009,trial_0015,transfer,0.2225976672576598,0.2474862325154477,0.2474862325154477,158,0.4088241297331767,0.4088241297331767,0.3058671948459505,0.4088241297331767,0.47436039275451725,158
R1_phase_only,trial_0015_bite_009,trial_0015,withdrawal,0.1959692393865248,0.22468740928925351,0.22468740928925351,183,0.7133260646206585,0.7133260646206585,0.3047932293268309,0.6496477995961079,0.7781587131303191,183
R1_phase_only,trial_0015_bite_010,trial_0015,transfer,0.08224301696773678,0.09099353671873668,0.09099353671873668,150,0.180811066507367,0.180811066507367,0.131414358935121,0.180811066507367,0.2547618848160762,150
R1_phase_only,trial_0015_bite_010,trial_0015,withdrawal,0.1286956071397552,0.1444339342171528,0.1444339342171528,131,0.4953021211530131,0.4953021211530131,0.22353210610457946,0.46650757064849424,0.5349778152758335,131
R1_phase_only,trial_0015_bite_011,trial_0015,transfer,0.10606075223557783,0.11392878954028862,0.11392878954028862,126,0.23480638471356485,0.23480638471356485,0.1806437142540829,0.23480638471356485,0.3003647283132409,126
R1_phase_only,trial_0015_bite_011,trial_0015,withdrawal,0.16067166237742908,0.17656117319500997,0.17656117319500997,124,0.533716472372828,0.533716472372828,0.25697179424682204,0.48079737225169605,0.5870588741557734,124
R1_phase_only,trial_0015_bite_012,trial_0015,transfer,0.09663565300426423,0.09925158485119481,0.09925158485119481,44,0.08848696218878471,0.08848696218878471,0.0540850075390261,0.08717865831312155,0.1047562445642174,44
R1_phase_only,trial_0015_bite_012,trial_0015,withdrawal,0.10397695838447278,0.11037241351507036,0.11037241351507036,129,0.339343851336392,0.339343851336392,0.16026771399048306,0.31076314557657714,0.3723261358727692,129
R1_phase_only,trial_0015_bite_013,trial_0015,transfer,0.12288557485897356,0.13377882278127887,0.13377882278127887,146,0.24451978922604445,0.24451978922604445,0.19330202244271733,0.24451978922604445,0.3058760777639007,146
R1_phase_only,trial_0015_bite_013,trial_0015,withdrawal,0.13453866286637026,0.14240870572995015,0.14240870572995015,183,0.1905438699149875,0.1905438699149875,0.07052824485195508,0.09591363475066395,0.31781279553899777,183
R1_phase_only,trial_0015_bite_014,trial_0015,transfer,0.12190918814388392,0.13409012883715676,0.13409012883715676,116,0.24480655084180203,0.24480655084180203,0.1836879887843985,0.24480655084180203,0.29555299201461027,116
R1_phase_only,trial_0015_bite_014,trial_0015,withdrawal,0.08677822137234938,0.1105577091346893,0.11055770913468932,138,0.25661934026051547,0.25661934026051547,0.11748846431033778,0.189359842555767,0.3435979451347895,138
R1_phase_only,trial_0015_bite_015,trial_0015,transfer,0.11433920911008182,0.12162156938106868,0.12162156938106868,110,0.22967002204698828,0.22967002204698828,0.17823047660676727,0.22967002204698828,0.2780775163193865,110
R1_phase_only,trial_0015_bite_015,trial_0015,withdrawal,0.12467233551437713,0.15002978189036825,0.15002978189036825,169,0.2759048566001332,0.2759048566001332,0.10860270907366512,0.1591928510956988,0.41794847499779486,169
R1_phase_only,trial_0015_bite_016,trial_0015,transfer,0.026283561611322278,0.03967416412489778,0.03967416412489778,156,0.12179531637312113,0.12179531637312113,0.0831472820321268,0.12179531637312113,0.23022006038896725,156
R1_phase_only,trial_0015_bite_016,trial_0015,withdrawal,0.1321850958648195,0.14336049479380839,0.14336049479380839,156,0.4174484631130442,0.4174484631130442,0.17303310394068405,0.32863890118724237,0.5381401475233063,156
R1_phase_only,trial_0015_bite_017,trial_0015,transfer,0.09970761876767106,0.1022200246443018,0.1022200246443018,160,0.08879729594476737,0.08879729594476737,0.02711287214054561,0.060527005398547384,0.21268847829188786,160
R1_phase_only,trial_0015_bite_017,trial_0015,withdrawal,0.14406196626525566,0.16038291863474385,0.16038291863474385,178,0.44187662824106644,0.44187662824106644,0.16542813592853142,0.3193493814566497,0.5722592891986946,178
R1_phase_only,trial_0015_bite_018,trial_0015,transfer,0.05643067474329755,0.07353817288089232,0.07353817288089232,151,0.14548641568976395,0.14548641568976395,0.08321220077839515,0.1258382297460039,0.23590345922346545,151
R1_phase_only,trial_0015_bite_018,trial_0015,withdrawal,0.1067355676483219,0.12999747204441303,0.12999747204441303,178,0.35534238519120054,0.35534238519120054,0.13182789076208318,0.25023760382776494,0.47417882119167754,178
R1_phase_only,trial_0015_bite_019,trial_0015,transfer,0.1056529244210996,0.11223946792421775,0.11223946792421775,185,0.22853140690077245,0.22853140690077245,0.18181760557904433,0.22853140690077245,0.33616766303070555,185
R1_phase_only,trial_0015_bite_019,trial_0015,withdrawal,0.09426115186022223,0.1093707317079342,0.1093707317079342,149,0.27518577303059155,0.27518577303059155,0.12253281980072989,0.23238112564277635,0.388967027517777,149
R1_phase_only,trial_0017_bite_001,trial_0017,transfer,0.1346844516993912,0.15154410225772016,0.15154410225772016,219,0.30178465770458995,0.30178465770458995,0.20973807860651636,0.30178465770458995,0.41747491177551366,219
R1_phase_only,trial_0017_bite_001,trial_0017,withdrawal,0.15348847028304904,0.17723994896970593,0.17723994896970593,129,0.5517981870276345,0.5517981870276345,0.2727832302347354,0.5328669377360002,0.5800171721025809,129
R1_phase_only,trial_0017_bite_002,trial_0017,transfer,0.25283575525417307,0.2737624646850692,0.2737624646850692,167,0.4174834379438872,0.4174834379438872,0.3472541904675346,0.4174834379438872,0.48727693112614157,167
R1_phase_only,trial_0017_bite_002,trial_0017,withdrawal,0.15330367063746853,0.1661609124471195,0.1661609124471195,90,0.5047541634744057,0.5047541634744057,0.24265869964930864,0.44247652386798464,0.5770893340231034,90
R1_phase_only,trial_0017_bite_003,trial_0017,transfer,0.12544362033880727,0.12670981209822318,0.12670981209822318,119,0.08647912417068682,0.08647912417068682,0.054555291457807555,0.07698082219616875,0.15313971923118075,119
R1_phase_only,trial_0017_bite_003,trial_0017,withdrawal,0.1606536730117546,0.18037921440087673,0.18037921440087673,100,0.577005539363209,0.577005539363209,0.2629735806780292,0.5114453067777851,0.6510162977136873,100
R1_phase_only,trial_0017_bite_004,trial_0017,transfer,0.13343665514785907,0.13567645204014836,0.13567645204014836,103,0.100405660956989,0.100405660956989,0.07078446729428887,0.09425031201396061,0.16315574598698568,103
R1_phase_only,trial_0017_bite_004,trial_0017,withdrawal,0.11779590132402466,0.12797509024473583,0.12797509024473583,93,0.5851834194019245,0.44889334882477394,0.2248192248962088,0.415839603772739,0.46872911309664067,93
R1_phase_only,trial_0017_bite_005,trial_0017,transfer,0.08322718236564816,0.08999446132119619,0.08999446132119619,190,0.18160196460445244,0.18160196460445244,0.14139198236854555,0.18160196460445244,0.27498665342892403,190
R1_phase_only,trial_0017_bite_005,trial_0017,withdrawal,0.12370816099355009,0.12757240854644722,0.12757240854644722,79,0.15059788994960144,0.15059788994960144,0.03390679503094868,0.102702907144542,0.2246408874876633,79
R1_phase_only,trial_0017_bite_006,trial_0017,transfer,0.059139729840745045,0.07855182887089779,0.07855182887089779,160,0.18768257883501605,0.08557708884185145,0.05583713611805673,0.08385929798286851,0.162739578627205,160
R1_phase_only,trial_0017_bite_006,trial_0017,withdrawal,0.20896988093269572,0.22829654715481484,0.22829654715481484,108,0.7136682956361828,0.5196603286864252,0.3499938555350314,0.4715622257312644,0.5794811276004208,108
R1_phase_only,trial_0017_bite_007,trial_0017,transfer,0.10591383968427337,0.1081858013524178,0.1081858013524178,156,0.21408210787491821,0.09568595019539128,0.031031889321147022,0.05855099016452403,0.2297520698780855,156
R1_phase_only,trial_0017_bite_007,trial_0017,withdrawal,0.12719013837455606,0.12802978837314535,0.12802978837314535,64,0.23127622014352278,0.08148604767614387,0.03497618555777352,0.04808605402253496,0.09765809799859948,64
R1_phase_only,trial_0017_bite_008,trial_0017,transfer,0.07647899080661821,0.07711387320928005,0.07711387320928005,49,0.030835327303561755,0.030835327303561755,0.01874218929111623,0.030835327303561755,0.06443983181276502,49
R1_phase_only,trial_0017_bite_008,trial_0017,withdrawal,0.09523938098859949,0.1059210242781553,0.1059210242781553,74,0.43592020943884924,0.30538795859468637,0.14166263020047432,0.2510515415781529,0.331135348079302,74
R1_phase_only,trial_0017_bite_009,trial_0017,transfer,0.07162474506523926,0.07878082280106119,0.07878082280106119,233,0.20413904902083368,0.20413904902083368,0.13257708520958103,0.20413904902083368,0.40200616658453825,233
R1_phase_only,trial_0017_bite_009,trial_0017,withdrawal,0.09592560165518572,0.09925445079515618,0.09925445079515618,70,0.43716595478010367,0.16462225631347582,0.0757915586635024,0.12400044706045366,0.16854838835488106,70
R1_phase_only,trial_0017_bite_010,trial_0017,transfer,0.08651504726737733,0.09359690599207,0.09359690599207,178,0.13195724923852392,0.06968593851630489,0.022084062858464194,0.05221679264346424,0.2571133068707381,178
R1_phase_only,trial_0017_bite_010,trial_0017,withdrawal,0.045826981058807816,0.062084085200093515,0.062084085200093515,73,0.6087286729892476,0.20302384286432673,0.1360121962247104,0.1846549893374574,0.22789973448263723,73
R1_phase_only,trial_0017_bite_011,trial_0017,transfer,0.08366510708046387,0.0865046552624909,0.08650465526249092,120,0.11512287433587431,0.04756899455405561,0.007691400577978758,0.029021557266338593,0.1254421341627996,120
R1_phase_only,trial_0017_bite_011,trial_0017,withdrawal,0.12888647291520663,0.13019693574390664,0.13019693574390664,71,0.3670701368939886,0.11939782024163392,0.03256222020132604,0.07529452696017858,0.15299357134841962,71
R1_phase_only,trial_0017_bite_012,trial_0017,transfer,0.11509345912123448,0.12561566052137293,0.12561566052137293,176,0.09701548530509463,0.09701548530509463,0.031456200842018125,0.06487821119397497,0.22153809546510272,176
R1_phase_only,trial_0017_bite_012,trial_0017,withdrawal,0.10960663366983828,0.11030330336116255,0.11030330336116255,68,0.2767987265073151,0.09727327478810777,0.048488267921161524,0.08016355040670797,0.11269235695390822,68
R1_phase_only,trial_0017_bite_013,trial_0017,transfer,0.08903447625130481,0.09958043110491835,0.09958043110491835,90,0.09132547997984641,0.04935801458610767,0.018959282210938157,0.03554779232536376,0.09698137834296272,90
R1_phase_only,trial_0017_bite_013,trial_0017,withdrawal,0.08943283749930712,0.09500644965176594,0.09500644965176594,79,0.5212315356032176,0.3261189387002661,0.20480424467575334,0.29614008004800185,0.3897133899843399,79
R1_phase_only,trial_0017_bite_014,trial_0017,transfer,0.08330083948405818,0.08923603049709432,0.0892360304970943,232,0.05806317961244689,0.05806317961244689,0.023193612596210056,0.04530977501289968,0.19720296584606567,232
R1_phase_only,trial_0017_bite_014,trial_0017,withdrawal,0.20408240285310705,0.23157176350229527,0.23157176350229525,149,0.5849264619892955,0.5849264619892955,0.3495727651959778,0.5575174233527647,0.8198180163263271,149
R1_phase_only,trial_0017_bite_015,trial_0017,transfer,0.04968210388536485,0.056035901238985955,0.056035901238985955,332,0.10430663897056158,0.10430663897056158,0.060685219072865976,0.10253053204118112,0.35511668579046596,332
R1_phase_only,trial_0017_bite_015,trial_0017,withdrawal,0.12011140863875788,0.12179942047447062,0.12179942047447062,75,6.133571094704028,0.12070114035506707,0.04002414339475059,0.08580506194477255,0.2960139350915183,75
R1_phase_only,trial_0019_bite_001,trial_0019,transfer,0.09631619809131267,0.11081409206877602,0.11081409206877602,106,0.19110312821855047,0.19110312821855047,0.11342214853273878,0.1685370934197672,0.24254712729705563,106
R1_phase_only,trial_0019_bite_001,trial_0019,withdrawal,0.12460225383816209,0.1420095189601631,0.1420095189601631,91,0.5690175665564232,0.5690175665564232,0.2192381091153917,0.5078215263109036,0.6302136068019428,91
R1_phase_only,trial_0019_bite_002,trial_0019,transfer,0.05607566303775639,0.08099687740258645,0.08099687740258645,124,0.1198408630317922,0.1198408630317922,0.07714476538635873,0.1198408630317922,0.2118875564922864,124
R1_phase_only,trial_0019_bite_002,trial_0019,withdrawal,0.1363576067196058,0.1635086919177912,0.1635086919177912,102,0.3673837406577345,0.3673837406577345,0.11288159581249836,0.2087669675065329,0.527908880033841,102
R1_phase_only,trial_0019_bite_003,trial_0019,transfer,0.07787544917668128,0.08750420558567333,0.08750420558567333,115,0.19110495111116155,0.19110495111116155,0.13637127967742846,0.19110495111116155,0.25110114928268024,115
R1_phase_only,trial_0019_bite_003,trial_0019,withdrawal,0.0494884599312305,0.07212942769219442,0.07212942769219442,93,0.2403530459902643,0.2403530459902643,0.14052474459894457,0.2257389289642444,0.26375477300480066,93
R1_phase_only,trial_0019_bite_004,trial_0019,transfer,0.1184102712919495,0.13113585800550084,0.13113585800550084,113,0.2595352594168685,0.2595352594168685,0.2047986066805233,0.2595352594168685,0.3012880025767357,113
R1_phase_only,trial_0019_bite_004,trial_0019,withdrawal,0.1295671718103226,0.16278439708640866,0.16278439708640866,90,0.44381470642904297,0.44381470642904297,0.15405240162435302,0.26589975796781484,0.6217296548902711,90
R1_phase_only,trial_0019_bite_005,trial_0019,transfer,0.09914702370215957,0.10610690263305458,0.10610690263305458,128,0.21482297694142405,0.21482297694142405,0.1775766610524882,0.2141619268236239,0.26227046414645505,128
R1_phase_only,trial_0019_bite_005,trial_0019,withdrawal,0.2580430951503306,0.2731443271270947,0.2731443271270947,156,0.17319469234376905,0.17319469234376905,0.12026887415919431,0.17319469234376905,0.29362847066042885,156
R1_phase_only,trial_0019_bite_006,trial_0019,transfer,0.07517643702145027,0.08267388646756708,0.08267388646756708,110,0.06919589542192561,0.06919589542192561,0.041620427576394795,0.06919589542192561,0.16057404986258694,110
R1_phase_only,trial_0019_bite_006,trial_0019,withdrawal,0.11001241241997345,0.12667445669270785,0.12667445669270785,116,0.2572296472295852,0.2572296472295852,0.09884783102600202,0.1304425226453776,0.4101543297641137,116
R1_phase_only,trial_0019_bite_007,trial_0019,transfer,0.11384517812498185,0.11755002081183454,0.11755002081183454,114,0.14523786762192303,0.1732464276825687,0.05146145579394526,0.11595837054578917,0.20550794893594881,114
R1_phase_only,trial_0019_bite_007,trial_0019,withdrawal,0.048802957526074546,0.07518397712113434,0.07518397712113434,99,0.20887834498998625,0.33495757038692453,0.15806115410735153,0.2033365439000141,0.3662965194255312,99
R1_phase_only,trial_0019_bite_008,trial_0019,transfer,0.12560495964992194,0.13294400408931667,0.13294400408931667,136,0.06676309450656026,0.06676309450656026,0.021935121417667444,0.04755976125654282,0.1833656435442177,136
R1_phase_only,trial_0019_bite_008,trial_0019,withdrawal,0.12796325855554794,0.13385743738035896,0.13385743738035896,113,0.19247595375387094,0.19247595375387094,0.06507822390461271,0.1179929723373978,0.32564127884994676,113
R1_phase_only,trial_0019_bite_009,trial_0019,transfer,0.06487165571822374,0.08691006046574307,0.08691006046574307,133,0.08411490225625151,0.08411490225625151,0.05713114800818364,0.0821358185758454,0.160918804809552,133
R1_phase_only,trial_0019_bite_009,trial_0019,withdrawal,0.07037524455659766,0.09941675408907423,0.09941675408907423,108,0.28454470091445616,0.28454470091445616,0.12904351871178157,0.19181954636584875,0.3879114366102385,108
R1_phase_only,trial_0019_bite_010,trial_0019,transfer,0.04433554301779324,0.06129300293844229,0.06129300293844229,137,0.09521707054314943,0.09521707054314943,0.07276325221037584,0.09521707054314943,0.20969361295215716,137
R1_phase_only,trial_0019_bite_010,trial_0019,withdrawal,0.10605001308488489,0.12497956272605686,0.12497956272605686,99,0.3610205531831596,0.3610205531831596,0.16629228713143085,0.25397183511325405,0.4776007064523595,99
R1_phase_only,trial_0019_bite_011,trial_0019,transfer,0.12949464538837605,0.13201035904651243,0.13201035904651243,176,0.13071456403037107,0.0996802094883491,0.02798129771742886,0.05073389628316205,0.37293874260426163,176
R1_phase_only,trial_0019_bite_011,trial_0019,withdrawal,0.19101104157954335,0.21207259170701293,0.21207259170701287,104,0.3451965915772153,0.3451965915772153,0.1143799199265985,0.22826605937580657,0.5734626509530218,104
R1_phase_only,trial_0019_bite_012,trial_0019,transfer,0.05865856538210049,0.08039807396910664,0.08039807396910664,116,0.08858319567152106,0.08858319567152106,0.06774301678676646,0.08858319567152106,0.13491983423747467,116
R1_phase_only,trial_0019_bite_012,trial_0019,withdrawal,0.08776912857572022,0.09579838741036649,0.09579838741036649,113,0.34513626631301264,0.34513626631301264,0.18803556637123353,0.303154028469387,0.389134324835795,113
R1_phase_only,trial_0019_bite_013,trial_0019,transfer,0.07034404161737304,0.08446071051981666,0.08446071051981666,140,0.13416830406930247,0.13416830406930247,0.09862192410842523,0.1340774616128484,0.17422493140049244,140
R1_phase_only,trial_0019_bite_013,trial_0019,withdrawal,0.18667494792380876,0.20729021374379064,0.20729021374379064,113,0.5842433718916853,0.5842433718916853,0.31773561763417124,0.5173337480004481,0.7054891357825746,113
R1_phase_only,trial_0019_bite_014,trial_0019,transfer,0.16744812652415927,0.17594629693727074,0.17594629693727074,178,0.11579894071593433,0.11579894071593433,0.06309231897323107,0.11579894071593433,0.258375675621799,178
R1_phase_only,trial_0019_bite_014,trial_0019,withdrawal,0.15874562419007224,0.17234491861947027,0.17234491861947027,115,0.5910666216069567,0.5910666216069567,0.25249667909804063,0.4705924529549699,0.7115407902589435,115
R1_phase_only,trial_0019_bite_015,trial_0019,transfer,0.08569848212876607,0.1029576421351085,0.10295764213510848,130,0.06720596071802287,0.06720596071802287,0.03634494764257117,0.05679878542134453,0.14719329978060225,130
R1_phase_only,trial_0019_bite_015,trial_0019,withdrawal,0.09213556040588611,0.10209256902000409,0.10209256902000408,106,0.31238337038670627,0.31238337038670627,0.1830296265132858,0.2709235636120382,0.41306609809691164,106
R1_phase_only,trial_0019_bite_016,trial_0019,transfer,0.06961001379446782,0.09291266729002373,0.09291266729002373,151,0.08979519992675167,0.08979519992675167,0.053221672237333525,0.08089496451391165,0.14953897071594735,151
R1_phase_only,trial_0019_bite_016,trial_0019,withdrawal,0.1655117424437186,0.17681767494484196,0.17681767494484196,99,0.49591172024270236,0.49591172024270236,0.30071080472109485,0.4499322682417217,0.5441771887710738,99
R1_phase_only,trial_0019_bite_017,trial_0019,transfer,0.0884478740911397,0.10151622273381597,0.10151622273381597,135,0.07122740474237332,0.07122740474237332,0.031069880555482324,0.051624564041414356,0.14052459106123694,135
R1_phase_only,trial_0019_bite_017,trial_0019,withdrawal,0.13387129863206265,0.14395458488097213,0.14395458488097213,106,0.47557682815472146,0.47557682815472146,0.19436694004831745,0.38821049711964273,0.565526113004593,106
R1_phase_only,trial_0019_bite_018,trial_0019,transfer,0.04032137131015111,0.05837833901094442,0.05837833901094442,133,0.11940465770382458,0.11940465770382458,0.09044301352586354,0.11940465770382458,0.21554922339903904,133
R1_phase_only,trial_0019_bite_018,trial_0019,withdrawal,0.1631494816557055,0.17445268571075342,0.1744526857107534,111,0.5230850289643136,0.5230850289643136,0.26961022918900585,0.4361020539499605,0.6187705982136995,111
R1_phase_only,trial_0019_bite_019,trial_0019,transfer,0.13567291179449192,0.13733885884830685,0.13733885884830685,143,0.07459759770051555,0.07459759770051555,0.031940492151514024,0.05693052431282242,0.14575932638563582,143
R1_phase_only,trial_0019_bite_019,trial_0019,withdrawal,0.14698980433439135,0.1601921543204896,0.1601921543204896,97,0.44381683978859954,0.44381683978859954,0.2735895880749314,0.42715117200773367,0.5402179001727863,97
R1_phase_only,trial_0019_bite_020,trial_0019,transfer,0.07298606425913688,0.09008928102176039,0.09008928102176039,185,0.13909080538226126,0.13909080538226126,0.0893330540526915,0.1293493801787151,0.19891594277002644,185
R1_phase_only,trial_0019_bite_020,trial_0019,withdrawal,0.10317910494279388,0.11580972313081618,0.11580972313081618,135,0.34865367524515145,0.34865367524515145,0.15781173565839718,0.2924210752784795,0.43630143830565515,135
R1_phase_only,trial_0019_bite_021,trial_0019,transfer,0.06475203743445573,0.08264462615571624,0.08264462615571624,178,0.06758520007114877,0.06758520007114877,0.05178418103904093,0.06652296500665855,0.1441252262606505,178
R1_phase_only,trial_0019_bite_021,trial_0019,withdrawal,0.10088136530400407,0.11674537345412803,0.11674537345412803,116,0.3818360617701222,0.3818360617701222,0.15455233043651276,0.31331414099095767,0.4550293230712894,116
R1_phase_only,trial_0019_bite_022,trial_0019,transfer,0.05420104896429103,0.07493042721736648,0.07493042721736648,140,0.12913808108083158,0.12913808108083158,0.09159941061106125,0.12913808108083158,0.20541474452518038,140
R1_phase_only,trial_0019_bite_022,trial_0019,withdrawal,0.10403038262603843,0.11931398362698337,0.11931398362698337,108,0.228263079328066,0.228263079328066,0.09236267580787938,0.1892365135000209,0.46060599314568984,108
R1_phase_only,trial_0019_bite_023,trial_0019,transfer,0.0823058662164539,0.09968809459988325,0.09968809459988325,140,0.06834479249351677,0.06834479249351677,0.03781466354941788,0.0652309434065228,0.1262460914892385,140
R1_phase_only,trial_0019_bite_023,trial_0019,withdrawal,0.1200543920907847,0.13775050513454376,0.13775050513454376,113,0.40586983910313634,0.40586983910313634,0.14988149089836425,0.3201994106163162,0.496522166388107,113
R1_phase_only,trial_0019_bite_024,trial_0019,transfer,0.15499362069466535,0.1565069550746444,0.1565069550746444,151,0.0735161126389805,0.0735161126389805,0.045868136092265165,0.0735161126389805,0.14565595487210636,151
R1_phase_only,trial_0019_bite_024,trial_0019,withdrawal,0.09210241904669673,0.10995530318397345,0.10995530318397345,113,0.24934797165554112,0.24934797165554112,0.10105168681328738,0.17288100473267987,0.41892718708353405,113
R1_phase_only,trial_0019_bite_025,trial_0019,transfer,0.09109132596688367,0.09815371616876457,0.09815371616876457,186,0.04830017983257262,0.04081577912139034,0.011941806768633217,0.039188861122757324,0.14435698757156823,186
R1_phase_only,trial_0019_bite_025,trial_0019,withdrawal,0.054178293334564954,0.06675205251411705,0.06675205251411705,108,0.22567443335583226,0.22567443335583226,0.140563227821688,0.2032085345173491,0.334258779587679,108
R1_phase_only,trial_0019_bite_026,trial_0019,transfer,0.07281163605936257,0.09353129396558928,0.09353129396558928,149,0.10188191735516305,0.10188191735516305,0.05003625306122934,0.08459317999984206,0.20826828981320622,149
R1_phase_only,trial_0019_bite_026,trial_0019,withdrawal,0.17594751909316753,0.19083936746424568,0.19083936746424568,120,0.4843102910947561,0.4843102910947561,0.3165172620585484,0.4455439322999828,0.577830387111125,120
R1_phase_only,trial_0020_bite_001,trial_0020,transfer,0.12500047239382012,0.1390925932562285,0.1390925932562285,126,0.2498715843423076,0.2498715843423076,0.19344239531750843,0.2498715843423076,0.30185152094399204,126
R1_phase_only,trial_0020_bite_001,trial_0020,withdrawal,0.13624363630156142,0.15461776357006718,0.15461776357006718,96,0.3788560776277894,0.3788560776277894,0.25950573549098516,0.37752783871494877,0.40840574912840566,96
R1_phase_only,trial_0020_bite_002,trial_0020,transfer,0.12451212488933312,0.13723677018340563,0.13723677018340563,165,0.2537558654061858,0.2537558654061858,0.1747053792141326,0.2537558654061858,0.3087719200490122,165
R1_phase_only,trial_0020_bite_002,trial_0020,withdrawal,0.2941538192960942,0.3586358167409369,0.3586358167409369,113,0.7149399862633095,0.7149399862633095,0.4601665649072571,0.6953595092077078,0.7358142086480903,113
R1_phase_only,trial_0020_bite_003,trial_0020,transfer,0.09053412846463714,0.09769878606711445,0.09769878606711445,120,0.19144065060881,0.19144065060881,0.14273384622767585,0.19013591108576033,0.23188741557925008,120
R1_phase_only,trial_0020_bite_003,trial_0020,withdrawal,0.16595614787719648,0.20166918132198128,0.20166918132198128,76,0.4813637914723321,0.4813637914723321,0.29772335322851257,0.4721388481905797,0.49079278755393263,76
R1_phase_only,trial_0020_bite_004,trial_0020,transfer,0.10837291512288215,0.11514778328104164,0.11514778328104164,151,0.21472716467211939,0.21472716467211939,0.17653492624719702,0.21472716467211939,0.277448313665404,151
R1_phase_only,trial_0020_bite_004,trial_0020,withdrawal,0.21516040779093348,0.2509167120500433,0.2509167120500433,97,0.523536639156688,0.523536639156688,0.35507042442225056,0.5086836040721767,0.5453814308453659,97
R1_phase_only,trial_0020_bite_005,trial_0020,transfer,0.07291074981337135,0.08194988393471193,0.08194988393471193,148,0.14829814179230283,0.14829814179230283,0.09533461068668998,0.13625834312951435,0.21229404944296615,148
R1_phase_only,trial_0020_bite_005,trial_0020,withdrawal,0.15255416165668792,0.1764928757459391,0.1764928757459391,104,0.4748549424953432,0.4748549424953432,0.2645997648690535,0.43291432766957305,0.5287608200100826,104
R1_phase_only,trial_0020_bite_006,trial_0020,transfer,0.08496155218618276,0.09048998706296338,0.09048998706296338,113,0.17692916102746503,0.17692916102746503,0.14708653956371687,0.17692916102746503,0.2133013104887791,113
R1_phase_only,trial_0020_bite_006,trial_0020,withdrawal,0.1154913809316308,0.12705820364665793,0.12705820364665793,62,0.4121438410858196,0.13027428115813589,0.02937448261015569,0.10141870524564345,0.1753368017590824,62
R1_phase_only,trial_0020_bite_007,trial_0020,transfer,0.1653424868228106,0.18158343696338947,0.18158343696338947,113,0.3013454831632285,0.3013454831632285,0.24567107145161107,0.3013454831632285,0.3224595117807505,113
R1_phase_only,trial_0020_bite_007,trial_0020,withdrawal,0.14583168647961098,0.17013106106632353,0.17013106106632353,98,0.4607726648120818,0.4607726648120818,0.26272615417326706,0.4466539916005794,0.4792937779539179,98
R1_phase_only,trial_0020_bite_008,trial_0020,transfer,0.1280576570377254,0.13992331741578415,0.13992331741578415,142,0.24988910236790263,0.24988910236790263,0.19444738800822683,0.24988910236790263,0.27201131121041744,142
R1_phase_only,trial_0020_bite_008,trial_0020,withdrawal,0.16874811716888552,0.20203805725195245,0.20203805725195245,100,0.4770902358436624,0.4770902358436624,0.30229479925723235,0.47629869435499206,0.4875621826369292,100
R1_phase_only,trial_0020_bite_009,trial_0020,transfer,0.11253719361845817,0.11950716841491581,0.11950716841491581,131,0.21169593131241315,0.21169593131241315,0.17344788821350227,0.21014300812696796,0.26233093778146976,131
R1_phase_only,trial_0020_bite_009,trial_0020,withdrawal,0.16153074721741112,0.193315794055118,0.193315794055118,111,0.4695267892342696,0.4695267892342696,0.2867812529954574,0.45848606452612994,0.49470393951034186,111
R1_phase_only,trial_0020_bite_010,trial_0020,transfer,0.10167403544723545,0.11109491364690537,0.11109491364690537,147,0.21849212901900472,0.21849212901900472,0.15628255984330805,0.21849212901900472,0.26399946125125906,147
R1_phase_only,trial_0020_bite_010,trial_0020,withdrawal,0.23108450343651177,0.28276010436246624,0.28276010436246624,102,0.6342395536782064,0.6342395536782064,0.37629424880949885,0.611514594196934,0.661723335673635,102
R1_phase_only,trial_0020_bite_011,trial_0020,transfer,0.12809499320262188,0.1370331318120023,0.1370331318120023,162,0.23781573337007345,0.23781573337007345,0.18777950089912138,0.23781573337007345,0.2904764922154244,162
R1_phase_only,trial_0020_bite_011,trial_0020,withdrawal,0.17518675599208286,0.19945654851356417,0.19945654851356417,100,0.45605153670085485,0.45605153670085485,0.301592478579525,0.44535105018652965,0.4701577268179693,100
R1_phase_only,trial_0020_bite_012,trial_0020,transfer,0.12826869611749686,0.13956293658918054,0.13956293658918054,120,0.24640581032386288,0.24640581032386288,0.19831987927513395,0.24640581032386288,0.32062556819794974,120
R1_phase_only,trial_0020_bite_012,trial_0020,withdrawal,0.2802878189450769,0.32893068147418614,0.32893068147418614,124,0.6311367326871347,0.6311367326871347,0.4335046014801317,0.6215661219140487,0.641702169358354,124
R1_phase_only,trial_0020_bite_013,trial_0020,transfer,0.06396539393478322,0.07217085730583024,0.07217085730583024,143,0.15251269635530207,0.15251269635530207,0.1139620078744513,0.14744656563855107,0.20660430526071538,143
R1_phase_only,trial_0020_bite_013,trial_0020,withdrawal,0.2566393325078776,0.3036381237761475,0.3036381237761475,149,0.6164040202477521,0.6164040202477521,0.4044024375091014,0.5983768762061543,0.6495591731909891,149
R1_phase_only,trial_0020_bite_014,trial_0020,transfer,0.08971151079133116,0.09840631605379214,0.09840631605379214,149,0.1894780210340068,0.1894780210340068,0.1190343370299236,0.17526243367830263,0.23529631232499915,149
R1_phase_only,trial_0020_bite_014,trial_0020,withdrawal,0.25852002123745177,0.31237534802419986,0.31237534802419986,117,0.6665178320694887,0.6665178320694887,0.41174569148285173,0.6418359305692949,0.7109156998013981,117
R1_phase_only,trial_0020_bite_015,trial_0020,transfer,0.09062971991949423,0.10164278346631817,0.10164278346631817,323,0.22072113902578616,0.22072113902578616,0.11540448586895621,0.209441886150453,0.4663506144591145,323
R1_phase_only,trial_0020_bite_015,trial_0020,withdrawal,0.2563858163988687,0.3248364526421194,0.3248364526421194,104,0.7348014025967498,0.7348014025967498,0.42099217953150786,0.721734878319694,0.7547064533326546,104
R1_phase_only,trial_0020_bite_016,trial_0020,transfer,0.05981516122008202,0.07668387370738482,0.07668387370738482,163,0.14446366729177162,0.14446366729177162,0.08464808501510114,0.12374518239447196,0.21218390954739963,163
R1_phase_only,trial_0020_bite_016,trial_0020,withdrawal,0.14171415382415142,0.1617355069313749,0.16173550693137487,95,0.4011910968177128,0.4011910968177128,0.25628531806495114,0.3907478686913728,0.4538955415244952,95
R1_phase_only,trial_0020_bite_017,trial_0020,withdrawal,0.20817366206134832,0.25679418338197657,0.25679418338197657,104,0.604137835746732,0.604137835746732,0.34937947507123607,0.5815231821044491,0.6314381629220667,104
R1_phase_only,trial_0020_bite_018,trial_0020,transfer,0.04935255094368985,0.059305283622549144,0.059305283622549144,201,0.13393955709367678,0.13393955709367678,0.10574986880925769,0.13393955709367678,0.24076136427208716,201
R1_phase_only,trial_0020_bite_018,trial_0020,withdrawal,0.23195511295580107,0.2942409164929892,0.2942409164929892,108,0.7035833312382431,0.7035833312382431,0.3839184611907318,0.6731415431626959,0.7340521326744018,108
R1_phase_only,trial_0020_bite_019,trial_0020,withdrawal,0.305996287509556,0.34611701061405403,0.34611701061405403,90,0.6305755966456661,0.6305755966456661,0.4570566614059777,0.6300492678049929,0.6324874641041074,90
R2_pose_only,trial_0012_bite_001,trial_0012,transfer,0.05057135514287419,0.055679362744938676,0.05567936274493867,144,0.13790146685956728,0.13790146685956728,0.09475204653478594,0.13790146685956728,0.24432276604568415,144
R2_pose_only,trial_0012_bite_001,trial_0012,withdrawal,0.05198740710434819,0.059009257405992596,0.05900925740599259,102,0.244152974397168,0.244152974397168,0.16471618970637825,0.244152974397168,0.3628505909454982,102
R2_pose_only,trial_0012_bite_002,trial_0012,transfer,0.04621619491373668,0.06223732097515451,0.06223732097515451,188,0.15478630221911693,0.15478630221911693,0.11450806443634587,0.15371553751853506,0.30262277654002734,188
R2_pose_only,trial_0012_bite_002,trial_0012,withdrawal,0.11664910467599153,0.15753307500863073,0.15753307500863076,113,0.09907616879545245,0.09907616879545245,0.03743792310084331,0.0814029246556145,0.2563400379116758,113
R2_pose_only,trial_0012_bite_003,trial_0012,transfer,0.12306002459427268,0.141194286116612,0.141194286116612,146,0.05697777940970106,0.05697777940970106,0.03284181134359787,0.05466135595019539,0.2117704720183422,146
R2_pose_only,trial_0012_bite_003,trial_0012,withdrawal,0.1561397720193021,0.19402327984744924,0.19402327984744924,99,0.045217054934092005,0.045217054934092005,0.03268338600592393,0.045217054934092005,0.13337673050905963,99
R2_pose_only,trial_0012_bite_004,trial_0012,transfer,0.07355959134805538,0.09115522463484727,0.09115522463484727,147,0.15090705104449453,0.15090705104449453,0.11228405319588652,0.15090705104449453,0.305191080329998,147
R2_pose_only,trial_0012_bite_004,trial_0012,withdrawal,0.1315073904357014,0.16198081502490227,0.16198081502490227,140,0.23994388354627683,0.23994388354627683,0.11562602898043688,0.20470450201416313,0.3634143166995356,140
R2_pose_only,trial_0012_bite_005,trial_0012,transfer,0.14104425942443186,0.1628134533252998,0.1628134533252998,122,0.058035205364255216,0.058035205364255216,0.021273659735653115,0.03976796789138737,0.18289757462424472,122
R2_pose_only,trial_0012_bite_005,trial_0012,withdrawal,0.2008677580719155,0.23127700404949994,0.23127700404949994,137,0.33969385486102244,0.33969385486102244,0.16700798499075925,0.3186951856066087,0.3991138009289208,137
R2_pose_only,trial_0012_bite_006,trial_0012,transfer,0.05818049535970609,0.06570934270437959,0.06570934270437959,157,0.23890752391020653,0.23890752391020653,0.16605517182393426,0.23890752391020653,0.39132030659831596,157
R2_pose_only,trial_0012_bite_006,trial_0012,withdrawal,0.16148063534716867,0.19034703492979704,0.19034703492979704,131,0.2614097846492034,0.2614097846492034,0.15285270561040384,0.25342904848018444,0.29620223826142,131
R2_pose_only,trial_0012_bite_007,trial_0012,transfer,0.1348475950183106,0.1509495349837437,0.1509495349837437,133,0.09194091705914431,0.09194091705914431,0.03260999063445074,0.0806905401401612,0.26771582041183306,133
R2_pose_only,trial_0012_bite_007,trial_0012,withdrawal,0.2083715282186312,0.2768912714813447,0.2768912714813447,140,0.2768897107524251,0.2768897107524251,0.12612079465504653,0.270502265919804,0.5734413336133892,140
R2_pose_only,trial_0012_bite_008,trial_0012,transfer,0.08325443572659752,0.09685503470117139,0.09685503470117139,168,0.1246535808725957,0.1246535808725957,0.09264433986410772,0.1246535808725957,0.2993674397875381,168
R2_pose_only,trial_0012_bite_008,trial_0012,withdrawal,0.1680151736650445,0.19572716207503252,0.19572716207503252,98,0.15144913058357456,0.15144913058357456,0.07109384945772473,0.11663529602419542,0.24338454245621355,98
R2_pose_only,trial_0012_bite_009,trial_0012,transfer,0.07165181752822114,0.08885962336125518,0.08885962336125518,230,0.0873278507751083,0.0873278507751083,0.047200521660548896,0.08410692790482832,0.3264026293789959,230
R2_pose_only,trial_0012_bite_009,trial_0012,withdrawal,0.12187550844216832,0.1920650540919333,0.1920650540919333,138,0.5128620742029137,0.5128620742029137,0.15029679943808943,0.2930716813100074,0.8599832911007752,138
R2_pose_only,trial_0012_bite_010,trial_0012,transfer,0.06454112879583844,0.07823894575588267,0.07823894575588267,152,0.09124070752899938,0.09124070752899938,0.04879705560219626,0.09090722783931993,0.25768497234093424,152
R2_pose_only,trial_0012_bite_010,trial_0012,withdrawal,0.22102030209390347,0.2676361035724558,0.2676361035724558,99,0.2953827014954755,0.2953827014954755,0.11541736336718252,0.23585727091490583,0.5996835414977135,99
R2_pose_only,trial_0012_bite_011,trial_0012,transfer,0.03309474061222841,0.03703077185809876,0.03703077185809876,205,0.15533742524288652,0.15533742524288652,0.10531343727834369,0.1507526013815137,0.3270762399392093,205
R2_pose_only,trial_0012_bite_011,trial_0012,withdrawal,0.021817077572429806,0.026739748758342795,0.026739748758342795,175,0.30612661561918975,0.30612661561918975,0.23622087693168642,0.2998929616342765,0.5184956861834373,175
R2_pose_only,trial_0012_bite_012,trial_0012,transfer,0.04518010508428926,0.05403528681298735,0.054035286812987346,180,0.13225269178776822,0.13225269178776822,0.05858042807188908,0.12492800997175202,0.28590720230436606,180
R2_pose_only,trial_0012_bite_012,trial_0012,withdrawal,0.14489236746023204,0.22253002119697282,0.22253002119697282,97,0.30258891701436896,0.30258891701436896,0.10539897421099577,0.22753642859911416,0.5616905813836115,97
R2_pose_only,trial_0012_bite_013,trial_0012,transfer,0.07001330095035606,0.0842411042761643,0.0842411042761643,204,0.12303965161403996,0.12303965161403996,0.0733920957321813,0.12303965161403996,0.33142399513659804,204
R2_pose_only,trial_0012_bite_013,trial_0012,withdrawal,0.08137951083865345,0.10402705181906145,0.10402705181906147,120,0.40680223673489424,0.40680223673489424,0.16927555182999815,0.3983603021997131,0.49799898651032626,120
R2_pose_only,trial_0012_bite_014,trial_0012,transfer,0.12088233621218786,0.13260525265153975,0.13260525265153975,176,0.30522678127760106,0.30522678127760106,0.22567505288852854,0.30522678127760106,0.36321713896830765,176
R2_pose_only,trial_0012_bite_014,trial_0012,withdrawal,0.0668908683588436,0.07808671459566045,0.07808671459566045,120,0.36137379860241303,0.36137379860241303,0.19321230128133282,0.34720786147206395,0.39964144262734225,120
R2_pose_only,trial_0012_bite_015,trial_0012,transfer,0.1255391395824807,0.1414479013508211,0.1414479013508211,151,0.3611263117543704,0.3611263117543704,0.2521627147645272,0.3611263117543704,0.4750711916348309,151
R2_pose_only,trial_0012_bite_015,trial_0012,withdrawal,0.04744330642632362,0.058954543142524414,0.05895454314252442,115,0.39156331213951745,0.39156331213951745,0.12249830428070486,0.32629785701049396,0.4766037914265855,115
R2_pose_only,trial_0013_bite_001,trial_0013,transfer,0.032349265396256016,0.03626448229297033,0.03626448229297033,124,0.18747888609619956,0.18747888609619956,0.14168169198687727,0.18747888609619956,0.23226178054059465,124
R2_pose_only,trial_0013_bite_001,trial_0013,withdrawal,0.25884278210603123,0.295988278598613,0.295988278598613,85,0.5510476329535718,0.5510476329535718,0.3875260350808941,0.5510476329535718,0.6358447104662486,85
R2_pose_only,trial_0013_bite_002,trial_0013,transfer,0.04197829320672713,0.04814732959241358,0.04814732959241358,131,0.18135905401050545,0.18135905401050545,0.13945612431931287,0.18135905401050545,0.2483411307349339,131
R2_pose_only,trial_0013_bite_002,trial_0013,withdrawal,0.0455955420692181,0.05891498332449722,0.05891498332449721,116,0.37244351495629013,0.37244351495629013,0.18398051861352985,0.3541769330933824,0.41365079267438754,116
R2_pose_only,trial_0013_bite_003,trial_0013,transfer,0.02652095847913007,0.031794860768616935,0.031794860768616935,164,0.1536661899881615,0.1536661899881615,0.09867808869624976,0.1536661899881615,0.2573917260097329,164
R2_pose_only,trial_0013_bite_003,trial_0013,withdrawal,0.13370946674387046,0.1624703156262661,0.1624703156262661,94,0.37083459103126426,0.37083459103126426,0.23667400634354,0.36695621269599554,0.5137874122510491,94
R2_pose_only,trial_0013_bite_004,trial_0013,transfer,0.09281625861777607,0.09285085001992878,0.09285085001992878,20,0.008320985280614757,0.008320985280614757,0.0028791925997594635,0.00602700913435017,0.02750720591484912,20
R2_pose_only,trial_0013_bite_004,trial_0013,withdrawal,0.07374302055232693,0.0860345239181821,0.0860345239181821,71,0.3381641190996616,0.16115656553889002,0.050305957501941535,0.14930581916352148,0.25801139134458806,71
R2_pose_only,trial_0013_bite_005,trial_0013,transfer,0.04708533128914761,0.05259469972209726,0.05259469972209726,88,0.1156439466340764,0.06051320923085912,0.025765929337449308,0.051522314117944834,0.1300584682194703,88
R2_pose_only,trial_0013_bite_005,trial_0013,withdrawal,0.023482803755869672,0.02918419147145267,0.029184191471452674,81,0.12182303243737413,0.16603993113403304,0.0685935188894255,0.12182303243737413,0.2059359691677547,81
R2_pose_only,trial_0013_bite_006,trial_0013,transfer,0.042594992026559454,0.04598896566399662,0.04598896566399662,158,0.1973287000818642,0.1973287000818642,0.1518460888437244,0.1973287000818642,0.3141602384752473,158
R2_pose_only,trial_0013_bite_006,trial_0013,withdrawal,0.1096707502845711,0.13089880013416194,0.13089880013416194,142,0.34374163158822224,0.34374163158822224,0.22162858950888312,0.34232082310627865,0.4469373212290222,142
R2_pose_only,trial_0013_bite_007,trial_0013,transfer,0.07745362005212146,0.07774744281814303,0.07774744281814303,39,0.021856110279619756,0.021856110279619756,0.014480872385804642,0.021856110279619756,0.05614086712960198,39
R2_pose_only,trial_0013_bite_007,trial_0013,withdrawal,0.053283854424884515,0.06923558471138705,0.06923558471138705,136,0.30368556587820095,0.30368556587820095,0.2010382956176825,0.2893043546914904,0.3767573404106894,136
R2_pose_only,trial_0013_bite_008,trial_0013,transfer,0.024540236845815383,0.03058725405264153,0.030587254052641535,198,0.07617778359443461,0.07617778359443461,0.041827208374479834,0.07246272430496248,0.31993559498347324,198
R2_pose_only,trial_0013_bite_008,trial_0013,withdrawal,0.0314301726241892,0.03892295384403509,0.03892295384403508,85,0.35087684926281604,0.35087684926281604,0.2109039814599831,0.34969322676610703,0.3673068911049251,85
R2_pose_only,trial_0013_bite_009,trial_0013,transfer,0.06695658244963262,0.0816845380332959,0.0816845380332959,158,0.07320040167435682,0.07320040167435682,0.02240233921613101,0.04142811149993886,0.2519155008433063,158
R2_pose_only,trial_0013_bite_009,trial_0013,withdrawal,0.04914341271146224,0.06076768075165211,0.06076768075165212,108,0.37846164772724444,0.37846164772724444,0.23419189783678468,0.3637450373408835,0.4551128739902741,108
R2_pose_only,trial_0013_bite_010,trial_0013,transfer,0.04125820538379473,0.0460134529338278,0.0460134529338278,135,0.05760273776666791,0.05760273776666791,0.02580621416259299,0.05092565136085758,0.21627886101168015,135
R2_pose_only,trial_0013_bite_010,trial_0013,withdrawal,0.020116010028626435,0.02402801310000908,0.02402801310000908,140,0.26536115149731865,0.26536115149731865,0.18704344844517465,0.25510106602005544,0.37665148488106803,140
R2_pose_only,trial_0013_bite_011,trial_0013,transfer,0.08484431165785222,0.09742479013799048,0.09742479013799048,131,0.05577120037102157,0.05577120037102157,0.02004850147984391,0.04852199908605126,0.1845359310302026,131
R2_pose_only,trial_0013_bite_011,trial_0013,withdrawal,0.028908860337970785,0.03716147723390725,0.03716147723390725,118,0.39947256081702154,0.39947256081702154,0.26619681954080404,0.3933962172802419,0.47981721260190024,118
R2_pose_only,trial_0013_bite_012,trial_0013,transfer,0.031568742223138324,0.03642096586199614,0.03642096586199614,140,0.16472836873426866,0.16472836873426866,0.12449538302564031,0.16472836873426866,0.264569757807418,140
R2_pose_only,trial_0013_bite_012,trial_0013,withdrawal,0.08437845442928862,0.09845827581113475,0.09845827581113475,94,0.35342841137037917,0.32828378594831253,0.1706792761415745,0.2661575814321089,0.3803441643367882,94
R2_pose_only,trial_0014_bite_001,trial_0014,transfer,0.051941670229432114,0.05797029255046579,0.05797029255046579,156,0.1725031064839504,0.1725031064839504,0.12885057926400525,0.1725031064839504,0.31510630384085925,156
R2_pose_only,trial_0014_bite_001,trial_0014,withdrawal,0.11699321332877377,0.1572677127656218,0.1572677127656218,98,0.32978279305005387,0.32978279305005387,0.18215188232183785,0.3167411292535447,0.35719944605428955,98
R2_pose_only,trial_0014_bite_002,trial_0014,transfer,0.02693792062532642,0.0374748784892162,0.0374748784892162,174,0.10061674818939226,0.10061674818939226,0.06282923584528273,0.09926617528293225,0.215582105258187,174
R2_pose_only,trial_0014_bite_002,trial_0014,withdrawal,0.04874315461565736,0.05664790730958978,0.05664790730958978,109,0.4599373878641768,0.4599373878641768,0.16404235056368546,0.34324249126623085,0.5822091865354513,109
R2_pose_only,trial_0014_bite_003,trial_0014,transfer,0.05469142235225189,0.06629131823390519,0.06629131823390519,132,0.23974330376870867,0.23974330376870867,0.1753538581612889,0.23974330376870867,0.29027780298720574,132
R2_pose_only,trial_0014_bite_003,trial_0014,withdrawal,0.0257397281986493,0.03486207927883687,0.03486207927883687,102,0.4465934657839772,0.4465934657839772,0.24348697860578003,0.40433986354674945,0.4888470680212049,102
R2_pose_only,trial_0014_bite_004,trial_0014,transfer,0.09409302492444174,0.10417268068971205,0.10417268068971205,112,0.2340678494237456,0.2340678494237456,0.16903029916612866,0.2340678494237456,0.29738540177763273,112
R2_pose_only,trial_0014_bite_004,trial_0014,withdrawal,0.05448817609297243,0.0687609118182592,0.0687609118182592,95,0.23607604395443316,0.23607604395443316,0.1276315320611255,0.18786936709517832,0.2973326611229785,95
R2_pose_only,trial_0014_bite_005,trial_0014,transfer,0.13910430886580538,0.15627149121559095,0.15627149121559095,124,0.3584770672839732,0.3584770672839732,0.2627562955182271,0.3584770672839732,0.3628285846760777,124
R2_pose_only,trial_0014_bite_005,trial_0014,withdrawal,0.06657323627868554,0.08288285671453989,0.08288285671453989,62,0.3438763499392259,0.3438763499392259,0.20487132530614668,0.3108405194447852,0.37705907456513676,62
R2_pose_only,trial_0014_bite_006,trial_0014,transfer,0.0862056863500157,0.09494113554639934,0.09494113554639934,91,0.25601576311064145,0.25601576311064145,0.17895658170696796,0.25601576311064145,0.25958194666737056,91
R2_pose_only,trial_0014_bite_006,trial_0014,withdrawal,0.11132864747758495,0.14480435034060912,0.14480435034060912,81,0.33959797813349857,0.33959797813349857,0.2016952582614818,0.3240199943315356,0.41475447860666304,81
R2_pose_only,trial_0014_bite_007,trial_0014,transfer,0.07590338665058982,0.08310750542254886,0.08310750542254884,111,0.22868337481329393,0.22868337481329393,0.17224253662398242,0.22868337481329393,0.257876398157161,111
R2_pose_only,trial_0014_bite_007,trial_0014,withdrawal,0.02410961691861411,0.030331686646989858,0.030331686646989858,86,0.3061717159651489,0.3061717159651489,0.1584297693351281,0.2949945691368825,0.3173669644874968,86
R2_pose_only,trial_0014_bite_008,trial_0014,transfer,0.08016607783866493,0.0890045381900571,0.0890045381900571,94,0.2518891670999652,0.2518891670999652,0.18371814410508897,0.2518891670999652,0.25873714085217525,94
R2_pose_only,trial_0014_bite_008,trial_0014,withdrawal,0.028326132962240427,0.034003086795626025,0.034003086795626025,74,0.4507624184310344,0.4507624184310344,0.1866939016907544,0.3949479045424913,0.5065769323195775,74
R2_pose_only,trial_0014_bite_009,trial_0014,transfer,0.049709725942380094,0.06205472278815691,0.06205472278815691,114,0.27755302315644403,0.27755302315644403,0.18406382194679677,0.27755302315644403,0.28081786250510277,114
R2_pose_only,trial_0014_bite_009,trial_0014,withdrawal,0.02112876247310955,0.025992587461268136,0.025992587461268136,52,0.20224068840270082,0.20224068840270082,0.11071760229581651,0.19041731892535596,0.22054697656501032,52
R2_pose_only,trial_0014_bite_010,trial_0014,transfer,0.11669712038422238,0.13099215886914795,0.13099215886914795,124,0.33074426157047787,0.33074426157047787,0.2566037572452201,0.33074426157047787,0.3619080373097554,124
R2_pose_only,trial_0014_bite_010,trial_0014,withdrawal,0.05731092773365041,0.06771201839968811,0.06771201839968811,77,0.3311616463979612,0.3311616463979612,0.20102836225374313,0.3266381989550937,0.3437753826064829,77
R2_pose_only,trial_0014_bite_011,trial_0014,transfer,0.09236564099668938,0.10668042745658236,0.10668042745658236,131,0.29852291817495535,0.29852291817495535,0.1999407817815032,0.29852291817495535,0.3068075236905994,131
R2_pose_only,trial_0014_bite_011,trial_0014,withdrawal,0.04243465051386708,0.051795674837843385,0.051795674837843385,81,0.438303761248541,0.438303761248541,0.22491457278926,0.42679325135453894,0.4514491564516936,81
R2_pose_only,trial_0014_bite_012,trial_0014,transfer,0.1749437516296146,0.19333629518272563,0.19333629518272563,103,0.39792213462237314,0.39792213462237314,0.28939865569741324,0.39792213462237314,0.39959063090443525,103
R2_pose_only,trial_0014_bite_012,trial_0014,withdrawal,0.08447003777617838,0.09445688472178025,0.09445688472178025,104,0.27233651340181053,0.27233651340181053,0.1316230547189877,0.23372322605806062,0.3133587827420623,104
R2_pose_only,trial_0014_bite_013,trial_0014,transfer,0.15605121731434368,0.17042483127376631,0.17042483127376631,108,0.4045318172311756,0.4045318172311756,0.30286095830955945,0.4045318172311756,0.408601363292469,108
R2_pose_only,trial_0014_bite_013,trial_0014,withdrawal,0.05780289265556909,0.06354218578380334,0.06354218578380334,115,0.22717255469850128,0.22717255469850128,0.10415447433915785,0.18062832754095215,0.2765627638526169,115
R2_pose_only,trial_0014_bite_014,trial_0014,transfer,0.16174135183101593,0.16915850817728917,0.16915850817728917,129,0.2988253914229988,0.2988253914229988,0.2599417726358345,0.2988253914229988,0.3498205401928862,129
R2_pose_only,trial_0014_bite_014,trial_0014,withdrawal,0.02375022837823022,0.02718897046128104,0.02718897046128104,106,0.38614189705303614,0.38614189705303614,0.2955896132660152,0.3780708711104146,0.4013337974078799,106
R2_pose_only,trial_0014_bite_015,trial_0014,transfer,0.12110029967985884,0.13385722121097635,0.13385722121097637,130,0.313618238071216,0.313618238071216,0.23613882204188105,0.313618238071216,0.3228973664805874,130
R2_pose_only,trial_0014_bite_015,trial_0014,withdrawal,0.09652420530671742,0.11188978211229028,0.11188978211229028,106,0.43198653034068935,0.43198653034068935,0.3252344855591306,0.43081041025722167,0.43512570742111256,106
R2_pose_only,trial_0014_bite_016,trial_0014,transfer,0.14516362180037987,0.152093654869719,0.152093654869719,137,0.3074919738409525,0.3074919738409525,0.2556895857376373,0.3074919738409525,0.3373336599766965,137
R2_pose_only,trial_0014_bite_016,trial_0014,withdrawal,0.06989755250639236,0.08384494559226993,0.08384494559226993,94,0.23765775421777224,0.23765775421777224,0.15558097358429046,0.22545737663183818,0.2570206386601961,94
R2_pose_only,trial_0014_bite_017,trial_0014,transfer,0.07180386368453003,0.07897542652138352,0.07897542652138352,121,0.2405143628675006,0.2405143628675006,0.17399772116521228,0.2348421084073995,0.26366086581742065,121
R2_pose_only,trial_0014_bite_017,trial_0014,withdrawal,0.04691283445208048,0.05686824520962786,0.05686824520962786,99,0.32460949603337097,0.32460949603337097,0.2064601010366711,0.30919752875401585,0.35384972560788786,99
R2_pose_only,trial_0014_bite_018,trial_0014,transfer,0.09324721460719966,0.10299636793542402,0.10299636793542402,156,0.2935016794165137,0.2935016794165137,0.2255918500660542,0.2935016794165137,0.31255985870195113,156
R2_pose_only,trial_0014_bite_018,trial_0014,withdrawal,0.029220675659667215,0.03970685057764066,0.03970685057764066,86,0.2924929418993023,0.2924929418993023,0.18348026139490473,0.29133543269190243,0.32191267723434747,86
R2_pose_only,trial_0014_bite_019,trial_0014,transfer,0.019575147409197316,0.022159598656490368,0.022159598656490368,127,0.1349740297541362,0.1349740297541362,0.08985727604395148,0.1349740297541362,0.24611684416802015,127
R2_pose_only,trial_0014_bite_019,trial_0014,withdrawal,0.08808754535083316,0.0943622991661238,0.0943622991661238,104,0.4095429817522702,0.4095429817522702,0.14624329215809898,0.3167863598020024,0.502299603702538,104
R2_pose_only,trial_0014_bite_020,trial_0014,transfer,0.12222167225133423,0.13230608557844603,0.13230608557844603,157,0.16902524354351245,0.16902524354351245,0.055295788023378305,0.10164590483562197,0.29278772197023706,157
R2_pose_only,trial_0014_bite_020,trial_0014,withdrawal,0.05292353915038504,0.0562242228948348,0.0562242228948348,104,0.38431394336541436,0.38431394336541436,0.21895606441036602,0.36034595825657334,0.40867222390608937,104
R2_pose_only,trial_0014_bite_021,trial_0014,transfer,0.04880575880173389,0.05623734061314287,0.05623734061314287,205,0.1872794500175412,0.1872794500175412,0.13535996426912486,0.1872794500175412,0.25894736458663736,205
R2_pose_only,trial_0014_bite_021,trial_0014,withdrawal,0.11493782793111927,0.13537647972768013,0.13537647972768013,99,0.39251039651390807,0.39251039651390807,0.2715594843140607,0.38778659827876893,0.5017283269214206,99
R2_pose_only,trial_0015_bite_001,trial_0015,transfer,0.03726150543035683,0.04072589742929224,0.04072589742929224,145,0.11310148116708518,0.11310148116708518,0.08336180335011725,0.11310148116708518,0.23556661337911633,145
R2_pose_only,trial_0015_bite_001,trial_0015,withdrawal,0.18010704985545958,0.2000518849710781,0.2000518849710781,149,0.37615347324745807,0.37615347324745807,0.23769285294096582,0.37615347324745807,0.3763096615770434,149
R2_pose_only,trial_0015_bite_002,trial_0015,transfer,0.011102006674999736,0.013316252251650331,0.013316252251650331,108,0.25192600402993115,0.25192600402993115,0.17965280411053738,0.25192600402993115,0.2917323977848274,108
R2_pose_only,trial_0015_bite_002,trial_0015,withdrawal,0.20669598497354333,0.24694873680412394,0.2469487368041239,129,0.5389296693758969,0.5389296693758969,0.3192633020992282,0.5376755147156671,0.5444716490174311,129
R2_pose_only,trial_0015_bite_003,trial_0015,transfer,0.03745101687440808,0.040496513076698784,0.040496513076698784,154,0.22571206177204717,0.22571206177204717,0.16908593550128106,0.22571206177204717,0.2756429297891567,154
R2_pose_only,trial_0015_bite_003,trial_0015,withdrawal,0.13382480899015967,0.165205351789971,0.165205351789971,153,0.4126415976705964,0.4126415976705964,0.23176205125135854,0.3877316674882394,0.43808724250049647,153
R2_pose_only,trial_0015_bite_004,trial_0015,transfer,0.07450464634012285,0.08203308515318193,0.08203308515318192,145,0.23297047435831386,0.23297047435831386,0.1607726837909592,0.23297047435831386,0.3080330849112576,145
R2_pose_only,trial_0015_bite_004,trial_0015,withdrawal,0.12900643789742935,0.1588534124831386,0.1588534124831386,136,0.40375006718413076,0.40375006718413076,0.19589505857651887,0.3825496798516608,0.42495045451660074,136
R2_pose_only,trial_0015_bite_005,trial_0015,transfer,0.0669371723488013,0.07538225802061613,0.07538225802061613,122,0.27825882328898155,0.27825882328898155,0.18999297598602596,0.27825882328898155,0.33484416392551664,122
R2_pose_only,trial_0015_bite_005,trial_0015,withdrawal,0.2495946226709319,0.2824701366431734,0.2824701366431734,163,0.5291351483222027,0.5291351483222027,0.39412753700927017,0.5249039537334639,0.5680244561967198,163
R2_pose_only,trial_0015_bite_006,trial_0015,transfer,0.13173738612003863,0.1485314526873387,0.1485314526873387,122,0.2636133957559932,0.2636133957559932,0.19741448213124735,0.2636133957559932,0.31333596752844173,122
R2_pose_only,trial_0015_bite_006,trial_0015,withdrawal,0.147236556976364,0.1847955771546163,0.1847955771546163,146,0.5276413105411635,0.5276413105411635,0.23765993126986362,0.44485606282337287,0.613537929718476,146
R2_pose_only,trial_0015_bite_007,trial_0015,transfer,0.052155859642017514,0.05368829488981726,0.05368829488981725,127,0.1495491803811655,0.1495491803811655,0.11771180480677366,0.1495491803811655,0.18559399519387743,127
R2_pose_only,trial_0015_bite_007,trial_0015,withdrawal,0.0758863883406238,0.09243915473622784,0.09243915473622784,144,0.25232250711332815,0.25232250711332815,0.14156373103827818,0.22491259340682968,0.3575567761545635,144
R2_pose_only,trial_0015_bite_008,trial_0015,transfer,0.02740079634038388,0.031577194784316406,0.031577194784316406,169,0.13131544241476734,0.13131544241476734,0.07823974529380605,0.12666454012617878,0.18071010318987168,169
R2_pose_only,trial_0015_bite_008,trial_0015,withdrawal,0.026989844712392984,0.03162926859926026,0.03162926859926026,227,0.1448095946548138,0.1448095946548138,0.06462401200235732,0.11305430962317597,0.24108453752572023,227
R2_pose_only,trial_0015_bite_009,trial_0015,transfer,0.08391580250618594,0.09050748143108427,0.09050748143108427,158,0.4088241297331767,0.4088241297331767,0.3058671948459505,0.4088241297331767,0.47436039275451725,158
R2_pose_only,trial_0015_bite_009,trial_0015,withdrawal,0.19727662248814737,0.2643862308577547,0.2643862308577547,183,0.7133260646206585,0.7133260646206585,0.3047932293268309,0.6496477995961079,0.7781587131303191,183
R2_pose_only,trial_0015_bite_010,trial_0015,transfer,0.0228765279305442,0.02568726832336847,0.02568726832336847,150,0.180811066507367,0.180811066507367,0.131414358935121,0.180811066507367,0.2547618848160762,150
R2_pose_only,trial_0015_bite_010,trial_0015,withdrawal,0.15304705324335985,0.20058747722288175,0.20058747722288175,131,0.4953021211530131,0.4953021211530131,0.22353210610457946,0.46650757064849424,0.5349778152758335,131
R2_pose_only,trial_0015_bite_011,trial_0015,transfer,0.06005254443274773,0.061690458985576374,0.061690458985576374,126,0.23480638471356485,0.23480638471356485,0.1806437142540829,0.23480638471356485,0.3003647283132409,126
R2_pose_only,trial_0015_bite_011,trial_0015,withdrawal,0.1571334898737042,0.20981808519582387,0.20981808519582387,124,0.533716472372828,0.533716472372828,0.25697179424682204,0.48079737225169605,0.5870588741557734,124
R2_pose_only,trial_0015_bite_012,trial_0015,transfer,0.026773094205911806,0.02953421145703741,0.02953421145703741,44,0.08848696218878471,0.08848696218878471,0.0540850075390261,0.08717865831312155,0.1047562445642174,44
R2_pose_only,trial_0015_bite_012,trial_0015,withdrawal,0.09170502584216958,0.1204752720136836,0.1204752720136836,129,0.339343851336392,0.339343851336392,0.16026771399048306,0.31076314557657714,0.3723261358727692,129
R2_pose_only,trial_0015_bite_013,trial_0015,transfer,0.09886119697993259,0.10753058165005165,0.10753058165005165,146,0.24451978922604445,0.24451978922604445,0.19330202244271733,0.24451978922604445,0.3058760777639007,146
R2_pose_only,trial_0015_bite_013,trial_0015,withdrawal,0.037838378363026184,0.043743776354286106,0.043743776354286106,183,0.1905438699149875,0.1905438699149875,0.07052824485195508,0.09591363475066395,0.31781279553899777,183
R2_pose_only,trial_0015_bite_014,trial_0015,transfer,0.04285904652618191,0.048187478786933025,0.048187478786933025,116,0.24480655084180203,0.24480655084180203,0.1836879887843985,0.24480655084180203,0.29555299201461027,116
R2_pose_only,trial_0015_bite_014,trial_0015,withdrawal,0.08384223629641346,0.09500520551303973,0.09500520551303973,138,0.25661934026051547,0.25661934026051547,0.11748846431033778,0.189359842555767,0.3435979451347895,138
R2_pose_only,trial_0015_bite_015,trial_0015,transfer,0.022871468384985754,0.025036284645456115,0.02503628464545611,110,0.22967002204698828,0.22967002204698828,0.17823047660676727,0.22967002204698828,0.2780775163193865,110
R2_pose_only,trial_0015_bite_015,trial_0015,withdrawal,0.040940822690101686,0.04986484999994906,0.04986484999994906,169,0.2759048566001332,0.2759048566001332,0.10860270907366512,0.1591928510956988,0.41794847499779486,169
R2_pose_only,trial_0015_bite_016,trial_0015,transfer,0.06185956153003902,0.07017023137308512,0.07017023137308512,156,0.12179531637312113,0.12179531637312113,0.0831472820321268,0.12179531637312113,0.23022006038896725,156
R2_pose_only,trial_0015_bite_016,trial_0015,withdrawal,0.06837411857273405,0.07598247647057356,0.07598247647057355,156,0.4174484631130442,0.4174484631130442,0.17303310394068405,0.32863890118724237,0.5381401475233063,156
R2_pose_only,trial_0015_bite_017,trial_0015,transfer,0.04416425508666275,0.05163322449124769,0.05163322449124769,160,0.08879729594476737,0.08879729594476737,0.02711287214054561,0.060527005398547384,0.21268847829188786,160
R2_pose_only,trial_0015_bite_017,trial_0015,withdrawal,0.0748879813364773,0.08239517480692204,0.08239517480692204,178,0.44187662824106644,0.44187662824106644,0.16542813592853142,0.3193493814566497,0.5722592891986946,178
R2_pose_only,trial_0015_bite_018,trial_0015,transfer,0.015142647482173829,0.01897343402697088,0.01897343402697088,151,0.14548641568976395,0.14548641568976395,0.08321220077839515,0.1258382297460039,0.23590345922346545,151
R2_pose_only,trial_0015_bite_018,trial_0015,withdrawal,0.03568877117235639,0.047304271515192425,0.04730427151519242,178,0.35534238519120054,0.35534238519120054,0.13182789076208318,0.25023760382776494,0.47417882119167754,178
R2_pose_only,trial_0015_bite_019,trial_0015,transfer,0.08787860110420684,0.09094352780253069,0.09094352780253069,185,0.22853140690077245,0.22853140690077245,0.18181760557904433,0.22853140690077245,0.33616766303070555,185
R2_pose_only,trial_0015_bite_019,trial_0015,withdrawal,0.05998272921944954,0.07522254381171146,0.07522254381171146,149,0.27518577303059155,0.27518577303059155,0.12253281980072989,0.23238112564277635,0.388967027517777,149
R2_pose_only,trial_0017_bite_001,trial_0017,transfer,0.10376510181611172,0.11381062551154973,0.11381062551154975,219,0.30178465770458995,0.30178465770458995,0.20973807860651636,0.30178465770458995,0.41747491177551366,219
R2_pose_only,trial_0017_bite_001,trial_0017,withdrawal,0.06894673255749567,0.08650760301924665,0.08650760301924665,129,0.5517981870276345,0.5517981870276345,0.2727832302347354,0.5328669377360002,0.5800171721025809,129
R2_pose_only,trial_0017_bite_002,trial_0017,transfer,0.22942382475848122,0.24793305456146084,0.24793305456146086,167,0.4174834379438872,0.4174834379438872,0.3472541904675346,0.4174834379438872,0.48727693112614157,167
R2_pose_only,trial_0017_bite_002,trial_0017,withdrawal,0.05875392812763972,0.0676884963370479,0.0676884963370479,90,0.5047541634744057,0.5047541634744057,0.24265869964930864,0.44247652386798464,0.5770893340231034,90
R2_pose_only,trial_0017_bite_003,trial_0017,transfer,0.10095499334265991,0.10623909632373224,0.10623909632373224,119,0.08647912417068682,0.08647912417068682,0.054555291457807555,0.07698082219616875,0.15313971923118075,119
R2_pose_only,trial_0017_bite_003,trial_0017,withdrawal,0.05476215696443918,0.0647403637514006,0.0647403637514006,100,0.577005539363209,0.577005539363209,0.2629735806780292,0.5114453067777851,0.6510162977136873,100
R2_pose_only,trial_0017_bite_004,trial_0017,transfer,0.16337569275191527,0.16779124452795335,0.16779124452795335,103,0.100405660956989,0.100405660956989,0.07078446729428887,0.09425031201396061,0.16315574598698568,103
R2_pose_only,trial_0017_bite_004,trial_0017,withdrawal,0.048822987307256406,0.05857152617249016,0.05857152617249016,93,0.5851834194019245,0.44889334882477394,0.2248192248962088,0.415839603772739,0.46872911309664067,93
R2_pose_only,trial_0017_bite_005,trial_0017,transfer,0.02392511421112303,0.029502725089139183,0.029502725089139183,190,0.18160196460445244,0.18160196460445244,0.14139198236854555,0.18160196460445244,0.27498665342892403,190
R2_pose_only,trial_0017_bite_005,trial_0017,withdrawal,0.04658774470595174,0.053285517773207496,0.053285517773207496,79,0.15059788994960144,0.15059788994960144,0.03390679503094868,0.102702907144542,0.2246408874876633,79
R2_pose_only,trial_0017_bite_006,trial_0017,transfer,0.10091300256529949,0.11302285690369425,0.11302285690369425,160,0.18768257883501605,0.08557708884185145,0.05583713611805673,0.08385929798286851,0.162739578627205,160
R2_pose_only,trial_0017_bite_006,trial_0017,withdrawal,0.03733893167002251,0.04129674081807224,0.04129674081807224,108,0.7136682956361828,0.5196603286864252,0.3499938555350314,0.4715622257312644,0.5794811276004208,108
R2_pose_only,trial_0017_bite_007,trial_0017,transfer,0.1296613812678401,0.14782299211336963,0.14782299211336963,156,0.21408210787491821,0.09568595019539128,0.031031889321147022,0.05855099016452403,0.2297520698780855,156
R2_pose_only,trial_0017_bite_007,trial_0017,withdrawal,0.14302937663811324,0.1694492826119796,0.1694492826119796,64,0.23127622014352278,0.08148604767614387,0.03497618555777352,0.04808605402253496,0.09765809799859948,64
R2_pose_only,trial_0017_bite_008,trial_0017,transfer,0.15338710957139237,0.15367863094052966,0.15367863094052966,49,0.030835327303561755,0.030835327303561755,0.01874218929111623,0.030835327303561755,0.06443983181276502,49
R2_pose_only,trial_0017_bite_008,trial_0017,withdrawal,0.09204539144699678,0.1069237779036041,0.1069237779036041,74,0.43592020943884924,0.30538795859468637,0.14166263020047432,0.2510515415781529,0.331135348079302,74
R2_pose_only,trial_0017_bite_009,trial_0017,transfer,0.045185560440666364,0.051206222082354654,0.05120622208235466,233,0.20413904902083368,0.20413904902083368,0.13257708520958103,0.20413904902083368,0.40200616658453825,233
R2_pose_only,trial_0017_bite_009,trial_0017,withdrawal,0.15821665677502308,0.17905215470901703,0.17905215470901703,70,0.43716595478010367,0.16462225631347582,0.0757915586635024,0.12400044706045366,0.16854838835488106,70
R2_pose_only,trial_0017_bite_010,trial_0017,transfer,0.07165820826106613,0.08556195332204965,0.08556195332204965,178,0.13195724923852392,0.06968593851630489,0.022084062858464194,0.05221679264346424,0.2571133068707381,178
R2_pose_only,trial_0017_bite_010,trial_0017,withdrawal,0.2037200207738109,0.22068123021007813,0.22068123021007813,73,0.6087286729892476,0.20302384286432673,0.1360121962247104,0.1846549893374574,0.22789973448263723,73
R2_pose_only,trial_0017_bite_011,trial_0017,transfer,0.1364967264629691,0.14227800642095073,0.14227800642095073,120,0.11512287433587431,0.04756899455405561,0.007691400577978758,0.029021557266338593,0.1254421341627996,120
R2_pose_only,trial_0017_bite_011,trial_0017,withdrawal,0.1728998603589955,0.20149926518637834,0.20149926518637834,71,0.3670701368939886,0.11939782024163392,0.03256222020132604,0.07529452696017858,0.15299357134841962,71
R2_pose_only,trial_0017_bite_012,trial_0017,transfer,0.09167979215972402,0.10476756289716284,0.10476756289716284,176,0.09701548530509463,0.09701548530509463,0.031456200842018125,0.06487821119397497,0.22153809546510272,176
R2_pose_only,trial_0017_bite_012,trial_0017,withdrawal,0.1755309773219621,0.20442944408925992,0.20442944408925992,68,0.2767987265073151,0.09727327478810777,0.048488267921161524,0.08016355040670797,0.11269235695390822,68
R2_pose_only,trial_0017_bite_013,trial_0017,transfer,0.07100073581409552,0.0908122420708779,0.0908122420708779,90,0.09132547997984641,0.04935801458610767,0.018959282210938157,0.03554779232536376,0.09698137834296272,90
R2_pose_only,trial_0017_bite_013,trial_0017,withdrawal,0.07092746899669229,0.07829630121808918,0.07829630121808918,79,0.5212315356032176,0.3261189387002661,0.20480424467575334,0.29614008004800185,0.3897133899843399,79
R2_pose_only,trial_0017_bite_014,trial_0017,transfer,0.09553341118289743,0.11478468033825937,0.11478468033825937,232,0.05806317961244689,0.05806317961244689,0.023193612596210056,0.04530977501289968,0.19720296584606567,232
R2_pose_only,trial_0017_bite_014,trial_0017,withdrawal,0.06068212459358626,0.08313127301290839,0.08313127301290839,149,0.5849264619892955,0.5849264619892955,0.3495727651959778,0.5575174233527647,0.8198180163263271,149
R2_pose_only,trial_0017_bite_015,trial_0017,transfer,0.057107009493908456,0.06770437697823949,0.06770437697823949,332,0.10430663897056158,0.10430663897056158,0.060685219072865976,0.10253053204118112,0.35511668579046596,332
R2_pose_only,trial_0017_bite_015,trial_0017,withdrawal,0.07897541381786966,0.10232545913921523,0.10232545913921523,75,6.133571094704028,0.12070114035506707,0.04002414339475059,0.08580506194477255,0.2960139350915183,75
R2_pose_only,trial_0019_bite_001,trial_0019,transfer,0.03291655448297244,0.036853091010913844,0.036853091010913844,106,0.19110312821855047,0.19110312821855047,0.11342214853273878,0.1685370934197672,0.24254712729705563,106
R2_pose_only,trial_0019_bite_001,trial_0019,withdrawal,0.07019733183983891,0.08791939001767154,0.08791939001767154,91,0.5690175665564232,0.5690175665564232,0.2192381091153917,0.5078215263109036,0.6302136068019428,91
R2_pose_only,trial_0019_bite_002,trial_0019,transfer,0.025330897245088316,0.035872680101605575,0.035872680101605575,124,0.1198408630317922,0.1198408630317922,0.07714476538635873,0.1198408630317922,0.2118875564922864,124
R2_pose_only,trial_0019_bite_002,trial_0019,withdrawal,0.1168785695784694,0.13378684956547288,0.13378684956547288,102,0.3673837406577345,0.3673837406577345,0.11288159581249836,0.2087669675065329,0.527908880033841,102
R2_pose_only,trial_0019_bite_003,trial_0019,transfer,0.059659107945558704,0.06684017524146738,0.06684017524146738,115,0.19110495111116155,0.19110495111116155,0.13637127967742846,0.19110495111116155,0.25110114928268024,115
R2_pose_only,trial_0019_bite_003,trial_0019,withdrawal,0.09256499008758905,0.1166044663008284,0.1166044663008284,93,0.2403530459902643,0.2403530459902643,0.14052474459894457,0.2257389289642444,0.26375477300480066,93
R2_pose_only,trial_0019_bite_004,trial_0019,transfer,0.07165910534640474,0.07574992292504032,0.07574992292504032,113,0.2595352594168685,0.2595352594168685,0.2047986066805233,0.2595352594168685,0.3012880025767357,113
R2_pose_only,trial_0019_bite_004,trial_0019,withdrawal,0.08346206260641587,0.09326534307683661,0.09326534307683661,90,0.44381470642904297,0.44381470642904297,0.15405240162435302,0.26589975796781484,0.6217296548902711,90
R2_pose_only,trial_0019_bite_005,trial_0019,transfer,0.0351383183427908,0.04401595748991668,0.04401595748991667,128,0.21482297694142405,0.21482297694142405,0.1775766610524882,0.2141619268236239,0.26227046414645505,128
R2_pose_only,trial_0019_bite_005,trial_0019,withdrawal,0.11690640632070719,0.13320750149499122,0.13320750149499122,156,0.17319469234376905,0.17319469234376905,0.12026887415919431,0.17319469234376905,0.29362847066042885,156
R2_pose_only,trial_0019_bite_006,trial_0019,transfer,0.0482069351753127,0.06109570923240366,0.06109570923240366,110,0.06919589542192561,0.06919589542192561,0.041620427576394795,0.06919589542192561,0.16057404986258694,110
R2_pose_only,trial_0019_bite_006,trial_0019,withdrawal,0.2092397276133348,0.2311638229142965,0.2311638229142965,116,0.2572296472295852,0.2572296472295852,0.09884783102600202,0.1304425226453776,0.4101543297641137,116
R2_pose_only,trial_0019_bite_007,trial_0019,transfer,0.12210192257682516,0.1460957803847884,0.1460957803847884,114,0.14523786762192303,0.1732464276825687,0.05146145579394526,0.11595837054578917,0.20550794893594881,114
R2_pose_only,trial_0019_bite_007,trial_0019,withdrawal,0.17727620011171877,0.19029220810215733,0.19029220810215733,99,0.20887834498998625,0.33495757038692453,0.15806115410735153,0.2033365439000141,0.3662965194255312,99
R2_pose_only,trial_0019_bite_008,trial_0019,transfer,0.08259659815076657,0.09176050411988446,0.09176050411988446,136,0.06676309450656026,0.06676309450656026,0.021935121417667444,0.04755976125654282,0.1833656435442177,136
R2_pose_only,trial_0019_bite_008,trial_0019,withdrawal,0.1673285063339344,0.21003093475455983,0.21003093475455983,113,0.19247595375387094,0.19247595375387094,0.06507822390461271,0.1179929723373978,0.32564127884994676,113
R2_pose_only,trial_0019_bite_009,trial_0019,transfer,0.05462529766953085,0.06299658027069074,0.06299658027069074,133,0.08411490225625151,0.08411490225625151,0.05713114800818364,0.0821358185758454,0.160918804809552,133
R2_pose_only,trial_0019_bite_009,trial_0019,withdrawal,0.12741759018094073,0.15758862674628424,0.15758862674628424,108,0.28454470091445616,0.28454470091445616,0.12904351871178157,0.19181954636584875,0.3879114366102385,108
R2_pose_only,trial_0019_bite_010,trial_0019,transfer,0.040689433313297184,0.05081734346855404,0.05081734346855404,137,0.09521707054314943,0.09521707054314943,0.07276325221037584,0.09521707054314943,0.20969361295215716,137
R2_pose_only,trial_0019_bite_010,trial_0019,withdrawal,0.08220268877472092,0.0893083488562764,0.0893083488562764,99,0.3610205531831596,0.3610205531831596,0.16629228713143085,0.25397183511325405,0.4776007064523595,99
R2_pose_only,trial_0019_bite_011,trial_0019,transfer,0.07236315344435641,0.08352290828338844,0.08352290828338844,176,0.13071456403037107,0.0996802094883491,0.02798129771742886,0.05073389628316205,0.37293874260426163,176
R2_pose_only,trial_0019_bite_011,trial_0019,withdrawal,0.17729081236497693,0.20150308658363542,0.20150308658363542,104,0.3451965915772153,0.3451965915772153,0.1143799199265985,0.22826605937580657,0.5734626509530218,104
R2_pose_only,trial_0019_bite_012,trial_0019,transfer,0.030945584565525517,0.033491092419990556,0.033491092419990556,116,0.08858319567152106,0.08858319567152106,0.06774301678676646,0.08858319567152106,0.13491983423747467,116
R2_pose_only,trial_0019_bite_012,trial_0019,withdrawal,0.039064225353482085,0.048922633321087074,0.048922633321087074,113,0.34513626631301264,0.34513626631301264,0.18803556637123353,0.303154028469387,0.389134324835795,113
R2_pose_only,trial_0019_bite_013,trial_0019,transfer,0.008761239708360046,0.010892038029459873,0.010892038029459873,140,0.13416830406930247,0.13416830406930247,0.09862192410842523,0.1340774616128484,0.17422493140049244,140
R2_pose_only,trial_0019_bite_013,trial_0019,withdrawal,0.09530503172191465,0.11530858067210673,0.11530858067210673,113,0.5842433718916853,0.5842433718916853,0.31773561763417124,0.5173337480004481,0.7054891357825746,113
R2_pose_only,trial_0019_bite_014,trial_0019,transfer,0.11108964097054674,0.11684760606350619,0.11684760606350622,178,0.11579894071593433,0.11579894071593433,0.06309231897323107,0.11579894071593433,0.258375675621799,178
R2_pose_only,trial_0019_bite_014,trial_0019,withdrawal,0.06473503480393766,0.08360602670248167,0.08360602670248167,115,0.5910666216069567,0.5910666216069567,0.25249667909804063,0.4705924529549699,0.7115407902589435,115
R2_pose_only,trial_0019_bite_015,trial_0019,transfer,0.05898745066175555,0.0633889737006616,0.0633889737006616,130,0.06720596071802287,0.06720596071802287,0.03634494764257117,0.05679878542134453,0.14719329978060225,130
R2_pose_only,trial_0019_bite_015,trial_0019,withdrawal,0.0722729577459431,0.08801554628194405,0.08801554628194407,106,0.31238337038670627,0.31238337038670627,0.1830296265132858,0.2709235636120382,0.41306609809691164,106
R2_pose_only,trial_0019_bite_016,trial_0019,transfer,0.0467501804573006,0.050855054990294114,0.050855054990294114,151,0.08979519992675167,0.08979519992675167,0.053221672237333525,0.08089496451391165,0.14953897071594735,151
R2_pose_only,trial_0019_bite_016,trial_0019,withdrawal,0.08146465924317267,0.09683871203781746,0.09683871203781746,99,0.49591172024270236,0.49591172024270236,0.30071080472109485,0.4499322682417217,0.5441771887710738,99
R2_pose_only,trial_0019_bite_017,trial_0019,transfer,0.08484911565317671,0.09239327990361655,0.09239327990361655,135,0.07122740474237332,0.07122740474237332,0.031069880555482324,0.051624564041414356,0.14052459106123694,135
R2_pose_only,trial_0019_bite_017,trial_0019,withdrawal,0.044387067357568984,0.05347608501237294,0.05347608501237294,106,0.47557682815472146,0.47557682815472146,0.19436694004831745,0.38821049711964273,0.565526113004593,106
R2_pose_only,trial_0019_bite_018,trial_0019,transfer,0.026975854747889133,0.03383410549467277,0.03383410549467277,133,0.11940465770382458,0.11940465770382458,0.09044301352586354,0.11940465770382458,0.21554922339903904,133
R2_pose_only,trial_0019_bite_018,trial_0019,withdrawal,0.0671514574482295,0.08044182182156198,0.08044182182156198,111,0.5230850289643136,0.5230850289643136,0.26961022918900585,0.4361020539499605,0.6187705982136995,111
R2_pose_only,trial_0019_bite_019,trial_0019,transfer,0.12682364838509577,0.1423531890757227,0.1423531890757227,143,0.07459759770051555,0.07459759770051555,0.031940492151514024,0.05693052431282242,0.14575932638563582,143
R2_pose_only,trial_0019_bite_019,trial_0019,withdrawal,0.043698555187432264,0.05921255796027437,0.05921255796027437,97,0.44381683978859954,0.44381683978859954,0.2735895880749314,0.42715117200773367,0.5402179001727863,97
R2_pose_only,trial_0019_bite_020,trial_0019,transfer,0.015420305923581389,0.017889494471731857,0.017889494471731857,185,0.13909080538226126,0.13909080538226126,0.0893330540526915,0.1293493801787151,0.19891594277002644,185
R2_pose_only,trial_0019_bite_020,trial_0019,withdrawal,0.041826549452776654,0.059053476283785274,0.059053476283785274,135,0.34865367524515145,0.34865367524515145,0.15781173565839718,0.2924210752784795,0.43630143830565515,135
R2_pose_only,trial_0019_bite_021,trial_0019,transfer,0.04660015220421783,0.051856737178127936,0.051856737178127936,178,0.06758520007114877,0.06758520007114877,0.05178418103904093,0.06652296500665855,0.1441252262606505,178
R2_pose_only,trial_0019_bite_021,trial_0019,withdrawal,0.02641324834299394,0.032232534472140736,0.032232534472140736,116,0.3818360617701222,0.3818360617701222,0.15455233043651276,0.31331414099095767,0.4550293230712894,116
R2_pose_only,trial_0019_bite_022,trial_0019,transfer,0.018853762274746277,0.022415411380585542,0.022415411380585542,140,0.12913808108083158,0.12913808108083158,0.09159941061106125,0.12913808108083158,0.20541474452518038,140
R2_pose_only,trial_0019_bite_022,trial_0019,withdrawal,0.045874366395299564,0.061944731989979136,0.061944731989979136,108,0.228263079328066,0.228263079328066,0.09236267580787938,0.1892365135000209,0.46060599314568984,108
R2_pose_only,trial_0019_bite_023,trial_0019,transfer,0.05667321336913051,0.06018896075143211,0.06018896075143212,140,0.06834479249351677,0.06834479249351677,0.03781466354941788,0.0652309434065228,0.1262460914892385,140
R2_pose_only,trial_0019_bite_023,trial_0019,withdrawal,0.0339101136282424,0.04115719119001018,0.04115719119001018,113,0.40586983910313634,0.40586983910313634,0.14988149089836425,0.3201994106163162,0.496522166388107,113
R2_pose_only,trial_0019_bite_024,trial_0019,transfer,0.1019327688177801,0.10959157862190927,0.10959157862190927,151,0.0735161126389805,0.0735161126389805,0.045868136092265165,0.0735161126389805,0.14565595487210636,151
R2_pose_only,trial_0019_bite_024,trial_0019,withdrawal,0.146394400997322,0.2035095298270249,0.2035095298270249,113,0.24934797165554112,0.24934797165554112,0.10105168681328738,0.17288100473267987,0.41892718708353405,113
R2_pose_only,trial_0019_bite_025,trial_0019,transfer,0.06813121616868625,0.07675342630091844,0.07675342630091844,186,0.04830017983257262,0.04081577912139034,0.011941806768633217,0.039188861122757324,0.14435698757156823,186
R2_pose_only,trial_0019_bite_025,trial_0019,withdrawal,0.03363909810635938,0.03916902477629588,0.03916902477629588,108,0.22567443335583226,0.22567443335583226,0.140563227821688,0.2032085345173491,0.334258779587679,108
R2_pose_only,trial_0019_bite_026,trial_0019,transfer,0.04702832475211562,0.05239285578460187,0.05239285578460187,149,0.10188191735516305,0.10188191735516305,0.05003625306122934,0.08459317999984206,0.20826828981320622,149
R2_pose_only,trial_0019_bite_026,trial_0019,withdrawal,0.1937207614319913,0.2342938619332351,0.23429386193323512,120,0.4843102910947561,0.4843102910947561,0.3165172620585484,0.4455439322999828,0.577830387111125,120
R2_pose_only,trial_0020_bite_001,trial_0020,transfer,0.0900706564015304,0.09836202042464984,0.09836202042464985,126,0.2498715843423076,0.2498715843423076,0.19344239531750843,0.2498715843423076,0.30185152094399204,126
R2_pose_only,trial_0020_bite_001,trial_0020,withdrawal,0.1404607205376352,0.16653885911556277,0.16653885911556277,96,0.3788560776277894,0.3788560776277894,0.25950573549098516,0.37752783871494877,0.40840574912840566,96
R2_pose_only,trial_0020_bite_002,trial_0020,transfer,0.061764182250558713,0.07576477404135519,0.07576477404135519,165,0.2537558654061858,0.2537558654061858,0.1747053792141326,0.2537558654061858,0.3087719200490122,165
R2_pose_only,trial_0020_bite_002,trial_0020,withdrawal,0.20048654338424024,0.2477161516650689,0.24771615166506888,113,0.7149399862633095,0.7149399862633095,0.4601665649072571,0.6953595092077078,0.7358142086480903,113
R2_pose_only,trial_0020_bite_003,trial_0020,transfer,0.051742071059205065,0.058732951276793476,0.058732951276793476,120,0.19144065060881,0.19144065060881,0.14273384622767585,0.19013591108576033,0.23188741557925008,120
R2_pose_only,trial_0020_bite_003,trial_0020,withdrawal,0.11961169498199734,0.15100008299640852,0.15100008299640852,76,0.4813637914723321,0.4813637914723321,0.29772335322851257,0.4721388481905797,0.49079278755393263,76
R2_pose_only,trial_0020_bite_004,trial_0020,transfer,0.06226160483126711,0.06916695892032265,0.06916695892032265,151,0.21472716467211939,0.21472716467211939,0.17653492624719702,0.21472716467211939,0.277448313665404,151
R2_pose_only,trial_0020_bite_004,trial_0020,withdrawal,0.13992249134013704,0.16221988178568167,0.16221988178568167,97,0.523536639156688,0.523536639156688,0.35507042442225056,0.5086836040721767,0.5453814308453659,97
R2_pose_only,trial_0020_bite_005,trial_0020,transfer,0.013832879967320954,0.0162261569301033,0.0162261569301033,148,0.14829814179230283,0.14829814179230283,0.09533461068668998,0.13625834312951435,0.21229404944296615,148
R2_pose_only,trial_0020_bite_005,trial_0020,withdrawal,0.08980775413576886,0.11020963887252039,0.11020963887252039,104,0.4748549424953432,0.4748549424953432,0.2645997648690535,0.43291432766957305,0.5287608200100826,104
R2_pose_only,trial_0020_bite_006,trial_0020,transfer,0.0578187748730134,0.062305780112745256,0.062305780112745256,113,0.17692916102746503,0.17692916102746503,0.14708653956371687,0.17692916102746503,0.2133013104887791,113
R2_pose_only,trial_0020_bite_006,trial_0020,withdrawal,0.11538642362599752,0.1550757688705328,0.1550757688705328,62,0.4121438410858196,0.13027428115813589,0.02937448261015569,0.10141870524564345,0.1753368017590824,62
R2_pose_only,trial_0020_bite_007,trial_0020,transfer,0.14690927974444373,0.15725668745358534,0.15725668745358534,113,0.3013454831632285,0.3013454831632285,0.24567107145161107,0.3013454831632285,0.3224595117807505,113
R2_pose_only,trial_0020_bite_007,trial_0020,withdrawal,0.09973420961390005,0.12369453749494543,0.12369453749494543,98,0.4607726648120818,0.4607726648120818,0.26272615417326706,0.4466539916005794,0.4792937779539179,98
R2_pose_only,trial_0020_bite_008,trial_0020,transfer,0.08536463025618087,0.09580831851669407,0.09580831851669407,142,0.24988910236790263,0.24988910236790263,0.19444738800822683,0.24988910236790263,0.27201131121041744,142
R2_pose_only,trial_0020_bite_008,trial_0020,withdrawal,0.10182070926693315,0.12160691568859504,0.12160691568859504,100,0.4770902358436624,0.4770902358436624,0.30229479925723235,0.47629869435499206,0.4875621826369292,100
R2_pose_only,trial_0020_bite_009,trial_0020,transfer,0.08156898609014922,0.08998517864759312,0.08998517864759312,131,0.21169593131241315,0.21169593131241315,0.17344788821350227,0.21014300812696796,0.26233093778146976,131
R2_pose_only,trial_0020_bite_009,trial_0020,withdrawal,0.11167449351766763,0.1415852282720981,0.1415852282720981,111,0.4695267892342696,0.4695267892342696,0.2867812529954574,0.45848606452612994,0.49470393951034186,111
R2_pose_only,trial_0020_bite_010,trial_0020,transfer,0.07546759777379856,0.08533627146256666,0.08533627146256666,147,0.21849212901900472,0.21849212901900472,0.15628255984330805,0.21849212901900472,0.26399946125125906,147
R2_pose_only,trial_0020_bite_010,trial_0020,withdrawal,0.14905115389684845,0.19326654298546211,0.19326654298546211,102,0.6342395536782064,0.6342395536782064,0.37629424880949885,0.611514594196934,0.661723335673635,102
R2_pose_only,trial_0020_bite_011,trial_0020,transfer,0.07032403965038932,0.08149894101134116,0.08149894101134116,162,0.23781573337007345,0.23781573337007345,0.18777950089912138,0.23781573337007345,0.2904764922154244,162
R2_pose_only,trial_0020_bite_011,trial_0020,withdrawal,0.08726600387204331,0.10577202180441962,0.10577202180441962,100,0.45605153670085485,0.45605153670085485,0.301592478579525,0.44535105018652965,0.4701577268179693,100
R2_pose_only,trial_0020_bite_012,trial_0020,transfer,0.10468000258038103,0.11327659115717023,0.11327659115717023,120,0.24640581032386288,0.24640581032386288,0.19831987927513395,0.24640581032386288,0.32062556819794974,120
R2_pose_only,trial_0020_bite_012,trial_0020,withdrawal,0.20494090563796336,0.2455077385651819,0.2455077385651819,124,0.6311367326871347,0.6311367326871347,0.4335046014801317,0.6215661219140487,0.641702169358354,124
R2_pose_only,trial_0020_bite_013,trial_0020,transfer,0.03466503778551507,0.03807923218358771,0.03807923218358771,143,0.15251269635530207,0.15251269635530207,0.1139620078744513,0.14744656563855107,0.20660430526071538,143
R2_pose_only,trial_0020_bite_013,trial_0020,withdrawal,0.15737097864016883,0.19372622763504285,0.19372622763504285,149,0.6164040202477521,0.6164040202477521,0.4044024375091014,0.5983768762061543,0.6495591731909891,149
R2_pose_only,trial_0020_bite_014,trial_0020,transfer,0.046256992290458473,0.055509646801586814,0.055509646801586814,149,0.1894780210340068,0.1894780210340068,0.1190343370299236,0.17526243367830263,0.23529631232499915,149
R2_pose_only,trial_0020_bite_014,trial_0020,withdrawal,0.18008831688673013,0.2232200686651811,0.2232200686651811,117,0.6665178320694887,0.6665178320694887,0.41174569148285173,0.6418359305692949,0.7109156998013981,117
R2_pose_only,trial_0020_bite_015,trial_0020,transfer,0.04043033383980784,0.05517810584280392,0.05517810584280392,323,0.22072113902578616,0.22072113902578616,0.11540448586895621,0.209441886150453,0.4663506144591145,323
R2_pose_only,trial_0020_bite_015,trial_0020,withdrawal,0.20056809722619942,0.265571575415574,0.265571575415574,104,0.7348014025967498,0.7348014025967498,0.42099217953150786,0.721734878319694,0.7547064533326546,104
R2_pose_only,trial_0020_bite_016,trial_0020,transfer,0.013379535707829902,0.017505470059156515,0.017505470059156515,163,0.14446366729177162,0.14446366729177162,0.08464808501510114,0.12374518239447196,0.21218390954739963,163
R2_pose_only,trial_0020_bite_016,trial_0020,withdrawal,0.14002493632508728,0.1798953236517131,0.1798953236517131,95,0.4011910968177128,0.4011910968177128,0.25628531806495114,0.3907478686913728,0.4538955415244952,95
R2_pose_only,trial_0020_bite_017,trial_0020,withdrawal,0.1380928886751382,0.18513403923124702,0.18513403923124702,104,0.604137835746732,0.604137835746732,0.34937947507123607,0.5815231821044491,0.6314381629220667,104
R2_pose_only,trial_0020_bite_018,trial_0020,transfer,0.008352779255290193,0.010419400142559524,0.010419400142559524,201,0.13393955709367678,0.13393955709367678,0.10574986880925769,0.13393955709367678,0.24076136427208716,201
R2_pose_only,trial_0020_bite_018,trial_0020,withdrawal,0.1750255021516438,0.24388822075627797,0.24388822075627797,108,0.7035833312382431,0.7035833312382431,0.3839184611907318,0.6731415431626959,0.7340521326744018,108
R2_pose_only,trial_0020_bite_019,trial_0020,withdrawal,0.26131171746742177,0.28907824558822215,0.2890782455882221,90,0.6305755966456661,0.6305755966456661,0.4570566614059777,0.6300492678049929,0.6324874641041074,90
R3_pose_velocity,trial_0012_bite_001,trial_0012,transfer,0.06333543561315316,0.06596964125628335,0.06596964125628335,144,0.13790146685956728,0.13790146685956728,0.09475204653478594,0.13790146685956728,0.24432276604568415,144
R3_pose_velocity,trial_0012_bite_001,trial_0012,withdrawal,0.03297193313419542,0.040334703714267534,0.040334703714267534,102,0.244152974397168,0.244152974397168,0.16471618970637825,0.244152974397168,0.3628505909454982,102
R3_pose_velocity,trial_0012_bite_002,trial_0012,transfer,0.048005436132558386,0.05982475213631618,0.05982475213631618,188,0.15478630221911693,0.15478630221911693,0.11450806443634587,0.15371553751853506,0.30262277654002734,188
R3_pose_velocity,trial_0012_bite_002,trial_0012,withdrawal,0.11905357616220603,0.16060082093130476,0.16060082093130476,113,0.09907616879545245,0.09907616879545245,0.03743792310084331,0.0814029246556145,0.2563400379116758,113
R3_pose_velocity,trial_0012_bite_003,trial_0012,transfer,0.1395619464022729,0.15213313200243475,0.15213313200243475,146,0.05697777940970106,0.05697777940970106,0.03284181134359787,0.05466135595019539,0.2117704720183422,146
R3_pose_velocity,trial_0012_bite_003,trial_0012,withdrawal,0.16882680726669608,0.2080605436588313,0.2080605436588313,99,0.045217054934092005,0.045217054934092005,0.03268338600592393,0.045217054934092005,0.13337673050905963,99
R3_pose_velocity,trial_0012_bite_004,trial_0012,transfer,0.07681063490918877,0.09209448500565132,0.09209448500565132,147,0.15090705104449453,0.15090705104449453,0.11228405319588652,0.15090705104449453,0.305191080329998,147
R3_pose_velocity,trial_0012_bite_004,trial_0012,withdrawal,0.1325597546342902,0.16384464997456438,0.16384464997456438,140,0.23994388354627683,0.23994388354627683,0.11562602898043688,0.20470450201416313,0.3634143166995356,140
R3_pose_velocity,trial_0012_bite_005,trial_0012,transfer,0.1493137593694212,0.1601371901957135,0.1601371901957135,122,0.058035205364255216,0.058035205364255216,0.021273659735653115,0.03976796789138737,0.18289757462424472,122
R3_pose_velocity,trial_0012_bite_005,trial_0012,withdrawal,0.20348919770362472,0.2341229265914499,0.2341229265914499,137,0.33969385486102244,0.33969385486102244,0.16700798499075925,0.3186951856066087,0.3991138009289208,137
R3_pose_velocity,trial_0012_bite_006,trial_0012,transfer,0.0435299294176005,0.05608774041148063,0.05608774041148063,157,0.23890752391020653,0.23890752391020653,0.16605517182393426,0.23890752391020653,0.39132030659831596,157
R3_pose_velocity,trial_0012_bite_006,trial_0012,withdrawal,0.15824086436067172,0.18411404025781872,0.18411404025781872,131,0.2614097846492034,0.2614097846492034,0.15285270561040384,0.25342904848018444,0.29620223826142,131
R3_pose_velocity,trial_0012_bite_007,trial_0012,transfer,0.14180602825870967,0.15289960201388203,0.15289960201388203,133,0.09194091705914431,0.09194091705914431,0.03260999063445074,0.0806905401401612,0.26771582041183306,133
R3_pose_velocity,trial_0012_bite_007,trial_0012,withdrawal,0.19919756137876757,0.2546333142798401,0.2546333142798401,140,0.2768897107524251,0.2768897107524251,0.12612079465504653,0.270502265919804,0.5734413336133892,140
R3_pose_velocity,trial_0012_bite_008,trial_0012,transfer,0.07992975904873884,0.0858227744635464,0.0858227744635464,168,0.1246535808725957,0.1246535808725957,0.09264433986410772,0.1246535808725957,0.2993674397875381,168
R3_pose_velocity,trial_0012_bite_008,trial_0012,withdrawal,0.1759506405134896,0.20179776467899427,0.20179776467899424,98,0.15144913058357456,0.15144913058357456,0.07109384945772473,0.11663529602419542,0.24338454245621355,98
R3_pose_velocity,trial_0012_bite_009,trial_0012,transfer,0.06892259552297392,0.08058969553498396,0.08058969553498396,230,0.0873278507751083,0.0873278507751083,0.047200521660548896,0.08410692790482832,0.3264026293789959,230
R3_pose_velocity,trial_0012_bite_009,trial_0012,withdrawal,0.09907433258701334,0.162747211140157,0.16274721114015697,138,0.5128620742029137,0.5128620742029137,0.15029679943808943,0.2930716813100074,0.8599832911007752,138
R3_pose_velocity,trial_0012_bite_010,trial_0012,transfer,0.05963104732165788,0.06632750232246128,0.06632750232246128,152,0.09124070752899938,0.09124070752899938,0.04879705560219626,0.09090722783931993,0.25768497234093424,152
R3_pose_velocity,trial_0012_bite_010,trial_0012,withdrawal,0.22699287803663798,0.26170820839199477,0.26170820839199477,99,0.2953827014954755,0.2953827014954755,0.11541736336718252,0.23585727091490583,0.5996835414977135,99
R3_pose_velocity,trial_0012_bite_011,trial_0012,transfer,0.024983595331235474,0.0274953557660304,0.0274953557660304,205,0.15533742524288652,0.15533742524288652,0.10531343727834369,0.1507526013815137,0.3270762399392093,205
R3_pose_velocity,trial_0012_bite_011,trial_0012,withdrawal,0.031913543293871235,0.039552465199161495,0.03955246519916149,175,0.30612661561918975,0.30612661561918975,0.23622087693168642,0.2998929616342765,0.5184956861834373,175
R3_pose_velocity,trial_0012_bite_012,trial_0012,transfer,0.03977993608967144,0.045670327274835096,0.045670327274835096,180,0.13225269178776822,0.13225269178776822,0.05858042807188908,0.12492800997175202,0.28590720230436606,180
R3_pose_velocity,trial_0012_bite_012,trial_0012,withdrawal,0.1516181219592565,0.211933468284806,0.211933468284806,97,0.30258891701436896,0.30258891701436896,0.10539897421099577,0.22753642859911416,0.5616905813836115,97
R3_pose_velocity,trial_0012_bite_013,trial_0012,transfer,0.06239855860129361,0.07139643567736573,0.07139643567736573,204,0.12303965161403996,0.12303965161403996,0.0733920957321813,0.12303965161403996,0.33142399513659804,204
R3_pose_velocity,trial_0012_bite_013,trial_0012,withdrawal,0.08887012514328321,0.11510695099611433,0.11510695099611433,120,0.40680223673489424,0.40680223673489424,0.16927555182999815,0.3983603021997131,0.49799898651032626,120
R3_pose_velocity,trial_0012_bite_014,trial_0012,transfer,0.12288389543715171,0.13807780498675243,0.13807780498675243,176,0.30522678127760106,0.30522678127760106,0.22567505288852854,0.30522678127760106,0.36321713896830765,176
R3_pose_velocity,trial_0012_bite_014,trial_0012,withdrawal,0.06279672720924458,0.07584220584817378,0.07584220584817376,120,0.36137379860241303,0.36137379860241303,0.19321230128133282,0.34720786147206395,0.39964144262734225,120
R3_pose_velocity,trial_0012_bite_015,trial_0012,transfer,0.13515656600471435,0.15602616031215907,0.15602616031215907,151,0.3611263117543704,0.3611263117543704,0.2521627147645272,0.3611263117543704,0.4750711916348309,151
R3_pose_velocity,trial_0012_bite_015,trial_0012,withdrawal,0.03273318000053336,0.04113207595643184,0.04113207595643184,115,0.39156331213951745,0.39156331213951745,0.12249830428070486,0.32629785701049396,0.4766037914265855,115
R3_pose_velocity,trial_0013_bite_001,trial_0013,transfer,0.03570252234060962,0.04096608033171789,0.04096608033171789,124,0.18747888609619956,0.18747888609619956,0.14168169198687727,0.18747888609619956,0.23226178054059465,124
R3_pose_velocity,trial_0013_bite_001,trial_0013,withdrawal,0.2513141512375665,0.2867911905247212,0.2867911905247212,85,0.5510476329535718,0.5510476329535718,0.3875260350808941,0.5510476329535718,0.6358447104662486,85
R3_pose_velocity,trial_0013_bite_002,trial_0013,transfer,0.04922190982785145,0.056109592417590615,0.056109592417590615,131,0.18135905401050545,0.18135905401050545,0.13945612431931287,0.18135905401050545,0.2483411307349339,131
R3_pose_velocity,trial_0013_bite_002,trial_0013,withdrawal,0.04622988647452535,0.05772606389967243,0.05772606389967242,116,0.37244351495629013,0.37244351495629013,0.18398051861352985,0.3541769330933824,0.41365079267438754,116
R3_pose_velocity,trial_0013_bite_003,trial_0013,transfer,0.03469131637914108,0.04227576817824209,0.04227576817824209,164,0.1536661899881615,0.1536661899881615,0.09867808869624976,0.1536661899881615,0.2573917260097329,164
R3_pose_velocity,trial_0013_bite_003,trial_0013,withdrawal,0.13872876095229356,0.16316067452578223,0.16316067452578223,94,0.37083459103126426,0.37083459103126426,0.23667400634354,0.36695621269599554,0.5137874122510491,94
R3_pose_velocity,trial_0013_bite_004,trial_0013,transfer,0.08306826737335811,0.08314117196170366,0.08314117196170367,20,0.008320985280614757,0.008320985280614757,0.0028791925997594635,0.00602700913435017,0.02750720591484912,20
R3_pose_velocity,trial_0013_bite_004,trial_0013,withdrawal,0.07900487620374688,0.0909050503886927,0.0909050503886927,71,0.3381641190996616,0.16115656553889002,0.050305957501941535,0.14930581916352148,0.25801139134458806,71
R3_pose_velocity,trial_0013_bite_005,trial_0013,transfer,0.053300011158259775,0.05925156775031622,0.05925156775031622,88,0.1156439466340764,0.06051320923085912,0.025765929337449308,0.051522314117944834,0.1300584682194703,88
R3_pose_velocity,trial_0013_bite_005,trial_0013,withdrawal,0.05252144108958488,0.05824731565826924,0.05824731565826924,81,0.12182303243737413,0.16603993113403304,0.0685935188894255,0.12182303243737413,0.2059359691677547,81
R3_pose_velocity,trial_0013_bite_006,trial_0013,transfer,0.041966679045897355,0.04589640176132865,0.04589640176132865,158,0.1973287000818642,0.1973287000818642,0.1518460888437244,0.1973287000818642,0.3141602384752473,158
R3_pose_velocity,trial_0013_bite_006,trial_0013,withdrawal,0.09977709249994067,0.11854207984887363,0.11854207984887363,142,0.34374163158822224,0.34374163158822224,0.22162858950888312,0.34232082310627865,0.4469373212290222,142
R3_pose_velocity,trial_0013_bite_007,trial_0013,transfer,0.06334588954441846,0.0640975831011786,0.0640975831011786,39,0.021856110279619756,0.021856110279619756,0.014480872385804642,0.021856110279619756,0.05614086712960198,39
R3_pose_velocity,trial_0013_bite_007,trial_0013,withdrawal,0.041640787950249274,0.05297188773642547,0.05297188773642547,136,0.30368556587820095,0.30368556587820095,0.2010382956176825,0.2893043546914904,0.3767573404106894,136
R3_pose_velocity,trial_0013_bite_008,trial_0013,transfer,0.018739990375575288,0.022375612142082474,0.022375612142082474,198,0.07617778359443461,0.07617778359443461,0.041827208374479834,0.07246272430496248,0.31993559498347324,198
R3_pose_velocity,trial_0013_bite_008,trial_0013,withdrawal,0.020170119389255635,0.02624155308951254,0.02624155308951254,85,0.35087684926281604,0.35087684926281604,0.2109039814599831,0.34969322676610703,0.3673068911049251,85
R3_pose_velocity,trial_0013_bite_009,trial_0013,transfer,0.07369851103053628,0.08626685476821606,0.08626685476821606,158,0.07320040167435682,0.07320040167435682,0.02240233921613101,0.04142811149993886,0.2519155008433063,158
R3_pose_velocity,trial_0013_bite_009,trial_0013,withdrawal,0.06590852381650293,0.07820345566203196,0.07820345566203196,108,0.37846164772724444,0.37846164772724444,0.23419189783678468,0.3637450373408835,0.4551128739902741,108
R3_pose_velocity,trial_0013_bite_010,trial_0013,transfer,0.04934353474859183,0.05328402429514737,0.05328402429514738,135,0.05760273776666791,0.05760273776666791,0.02580621416259299,0.05092565136085758,0.21627886101168015,135
R3_pose_velocity,trial_0013_bite_010,trial_0013,withdrawal,0.021175763132575055,0.026817630216961947,0.026817630216961947,140,0.26536115149731865,0.26536115149731865,0.18704344844517465,0.25510106602005544,0.37665148488106803,140
R3_pose_velocity,trial_0013_bite_011,trial_0013,transfer,0.08725353624848958,0.09657671955642215,0.09657671955642215,131,0.05577120037102157,0.05577120037102157,0.02004850147984391,0.04852199908605126,0.1845359310302026,131
R3_pose_velocity,trial_0013_bite_011,trial_0013,withdrawal,0.042074663153418616,0.05058249781369265,0.05058249781369265,118,0.39947256081702154,0.39947256081702154,0.26619681954080404,0.3933962172802419,0.47981721260190024,118
R3_pose_velocity,trial_0013_bite_012,trial_0013,transfer,0.025706426564250633,0.030674106209016044,0.030674106209016044,140,0.16472836873426866,0.16472836873426866,0.12449538302564031,0.16472836873426866,0.264569757807418,140
R3_pose_velocity,trial_0013_bite_012,trial_0013,withdrawal,0.07053102954891823,0.09037570985231609,0.09037570985231609,94,0.35342841137037917,0.32828378594831253,0.1706792761415745,0.2661575814321089,0.3803441643367882,94
R3_pose_velocity,trial_0014_bite_001,trial_0014,transfer,0.054761393048936145,0.06309356023314386,0.06309356023314386,156,0.1725031064839504,0.1725031064839504,0.12885057926400525,0.1725031064839504,0.31510630384085925,156
R3_pose_velocity,trial_0014_bite_001,trial_0014,withdrawal,0.11738123391957672,0.15874945564852336,0.15874945564852336,98,0.32978279305005387,0.32978279305005387,0.18215188232183785,0.3167411292535447,0.35719944605428955,98
R3_pose_velocity,trial_0014_bite_002,trial_0014,transfer,0.031691158185453275,0.04015034686019941,0.04015034686019941,174,0.10061674818939226,0.10061674818939226,0.06282923584528273,0.09926617528293225,0.215582105258187,174
R3_pose_velocity,trial_0014_bite_002,trial_0014,withdrawal,0.03942671839207427,0.052106552723456,0.052106552723456,109,0.4599373878641768,0.4599373878641768,0.16404235056368546,0.34324249126623085,0.5822091865354513,109
R3_pose_velocity,trial_0014_bite_003,trial_0014,transfer,0.06014289998182241,0.07129157049183728,0.07129157049183728,132,0.23974330376870867,0.23974330376870867,0.1753538581612889,0.23974330376870867,0.29027780298720574,132
R3_pose_velocity,trial_0014_bite_003,trial_0014,withdrawal,0.021197932036225504,0.02619999089750781,0.02619999089750781,102,0.4465934657839772,0.4465934657839772,0.24348697860578003,0.40433986354674945,0.4888470680212049,102
R3_pose_velocity,trial_0014_bite_004,trial_0014,transfer,0.09028572636005647,0.10504999650726626,0.10504999650726626,112,0.2340678494237456,0.2340678494237456,0.16903029916612866,0.2340678494237456,0.29738540177763273,112
R3_pose_velocity,trial_0014_bite_004,trial_0014,withdrawal,0.054870037293348245,0.07257502858134574,0.07257502858134574,95,0.23607604395443316,0.23607604395443316,0.1276315320611255,0.18786936709517832,0.2973326611229785,95
R3_pose_velocity,trial_0014_bite_005,trial_0014,transfer,0.12992586342878126,0.15358505824515278,0.15358505824515278,124,0.3584770672839732,0.3584770672839732,0.2627562955182271,0.3584770672839732,0.3628285846760777,124
R3_pose_velocity,trial_0014_bite_005,trial_0014,withdrawal,0.04743429405403931,0.06410053177092144,0.06410053177092144,62,0.3438763499392259,0.3438763499392259,0.20487132530614668,0.3108405194447852,0.37705907456513676,62
R3_pose_velocity,trial_0014_bite_006,trial_0014,transfer,0.07980221084460355,0.09364080997761065,0.09364080997761065,91,0.25601576311064145,0.25601576311064145,0.17895658170696796,0.25601576311064145,0.25958194666737056,91
R3_pose_velocity,trial_0014_bite_006,trial_0014,withdrawal,0.10663878222870331,0.14111330192803542,0.14111330192803542,81,0.33959797813349857,0.33959797813349857,0.2016952582614818,0.3240199943315356,0.41475447860666304,81
R3_pose_velocity,trial_0014_bite_007,trial_0014,transfer,0.0648244639111039,0.07814458255039422,0.07814458255039422,111,0.22868337481329393,0.22868337481329393,0.17224253662398242,0.22868337481329393,0.257876398157161,111
R3_pose_velocity,trial_0014_bite_007,trial_0014,withdrawal,0.03091547966997058,0.04268295584443817,0.042682955844438174,86,0.3061717159651489,0.3061717159651489,0.1584297693351281,0.2949945691368825,0.3173669644874968,86
R3_pose_velocity,trial_0014_bite_008,trial_0014,transfer,0.07180146949797903,0.08596688796450574,0.08596688796450574,94,0.2518891670999652,0.2518891670999652,0.18371814410508897,0.2518891670999652,0.25873714085217525,94
R3_pose_velocity,trial_0014_bite_008,trial_0014,withdrawal,0.04157486614345521,0.049433919068883836,0.049433919068883836,74,0.4507624184310344,0.4507624184310344,0.1866939016907544,0.3949479045424913,0.5065769323195775,74
R3_pose_velocity,trial_0014_bite_009,trial_0014,transfer,0.05543879223362718,0.06607326470862895,0.06607326470862895,114,0.27755302315644403,0.27755302315644403,0.18406382194679677,0.27755302315644403,0.28081786250510277,114
R3_pose_velocity,trial_0014_bite_009,trial_0014,withdrawal,0.01462853534723438,0.019477870336082892,0.019477870336082892,52,0.20224068840270082,0.20224068840270082,0.11071760229581651,0.19041731892535596,0.22054697656501032,52
R3_pose_velocity,trial_0014_bite_010,trial_0014,transfer,0.11345933084256724,0.1292076782533873,0.1292076782533873,124,0.33074426157047787,0.33074426157047787,0.2566037572452201,0.33074426157047787,0.3619080373097554,124
R3_pose_velocity,trial_0014_bite_010,trial_0014,withdrawal,0.06792827053623694,0.09106388098154324,0.09106388098154324,77,0.3311616463979612,0.3311616463979612,0.20102836225374313,0.3266381989550937,0.3437753826064829,77
R3_pose_velocity,trial_0014_bite_011,trial_0014,transfer,0.08189343586457627,0.0998129565279368,0.0998129565279368,131,0.29852291817495535,0.29852291817495535,0.1999407817815032,0.29852291817495535,0.3068075236905994,131
R3_pose_velocity,trial_0014_bite_011,trial_0014,withdrawal,0.023497013698072344,0.03314744072296391,0.03314744072296391,81,0.438303761248541,0.438303761248541,0.22491457278926,0.42679325135453894,0.4514491564516936,81
R3_pose_velocity,trial_0014_bite_012,trial_0014,transfer,0.1611567347617823,0.1890534344122875,0.1890534344122875,103,0.39792213462237314,0.39792213462237314,0.28939865569741324,0.39792213462237314,0.39959063090443525,103
R3_pose_velocity,trial_0014_bite_012,trial_0014,withdrawal,0.0855416373616659,0.10105011075497398,0.10105011075497398,104,0.27233651340181053,0.27233651340181053,0.1316230547189877,0.23372322605806062,0.3133587827420623,104
R3_pose_velocity,trial_0014_bite_013,trial_0014,transfer,0.14244878907485073,0.1648577135400378,0.1648577135400378,108,0.4045318172311756,0.4045318172311756,0.30286095830955945,0.4045318172311756,0.408601363292469,108
R3_pose_velocity,trial_0014_bite_013,trial_0014,withdrawal,0.04811871594603741,0.054226963580537815,0.054226963580537815,115,0.22717255469850128,0.22717255469850128,0.10415447433915785,0.18062832754095215,0.2765627638526169,115
R3_pose_velocity,trial_0014_bite_014,trial_0014,transfer,0.1632598404772397,0.17579701901171424,0.17579701901171424,129,0.2988253914229988,0.2988253914229988,0.2599417726358345,0.2988253914229988,0.3498205401928862,129
R3_pose_velocity,trial_0014_bite_014,trial_0014,withdrawal,0.01909211623864801,0.022728966652299804,0.022728966652299804,106,0.38614189705303614,0.38614189705303614,0.2955896132660152,0.3780708711104146,0.4013337974078799,106
R3_pose_velocity,trial_0014_bite_015,trial_0014,transfer,0.11401653952020674,0.1317794303696282,0.1317794303696282,130,0.313618238071216,0.313618238071216,0.23613882204188105,0.313618238071216,0.3228973664805874,130
R3_pose_velocity,trial_0014_bite_015,trial_0014,withdrawal,0.10543034956443419,0.12129351357509902,0.12129351357509903,106,0.43198653034068935,0.43198653034068935,0.3252344855591306,0.43081041025722167,0.43512570742111256,106
R3_pose_velocity,trial_0014_bite_016,trial_0014,transfer,0.13524394056320233,0.14684504653741326,0.14684504653741326,137,0.3074919738409525,0.3074919738409525,0.2556895857376373,0.3074919738409525,0.3373336599766965,137
R3_pose_velocity,trial_0014_bite_016,trial_0014,withdrawal,0.0690835627192537,0.07723095274434451,0.07723095274434451,94,0.23765775421777224,0.23765775421777224,0.15558097358429046,0.22545737663183818,0.2570206386601961,94
R3_pose_velocity,trial_0014_bite_017,trial_0014,transfer,0.0746489495606362,0.08242684225424074,0.08242684225424074,121,0.2405143628675006,0.2405143628675006,0.17399772116521228,0.2348421084073995,0.26366086581742065,121
R3_pose_velocity,trial_0014_bite_017,trial_0014,withdrawal,0.05532181303770418,0.06309304389431947,0.06309304389431947,99,0.32460949603337097,0.32460949603337097,0.2064601010366711,0.30919752875401585,0.35384972560788786,99
R3_pose_velocity,trial_0014_bite_018,trial_0014,transfer,0.09101915010793392,0.10673041474761867,0.10673041474761866,156,0.2935016794165137,0.2935016794165137,0.2255918500660542,0.2935016794165137,0.31255985870195113,156
R3_pose_velocity,trial_0014_bite_018,trial_0014,withdrawal,0.03518444803997935,0.04982190263984677,0.04982190263984677,86,0.2924929418993023,0.2924929418993023,0.18348026139490473,0.29133543269190243,0.32191267723434747,86
R3_pose_velocity,trial_0014_bite_019,trial_0014,transfer,0.022218824442834205,0.024388390549964552,0.024388390549964552,127,0.1349740297541362,0.1349740297541362,0.08985727604395148,0.1349740297541362,0.24611684416802015,127
R3_pose_velocity,trial_0014_bite_019,trial_0014,withdrawal,0.101592122699951,0.11293798974692382,0.11293798974692382,104,0.4095429817522702,0.4095429817522702,0.14624329215809898,0.3167863598020024,0.502299603702538,104
R3_pose_velocity,trial_0014_bite_020,trial_0014,transfer,0.12683570399466662,0.1368714216247129,0.1368714216247129,157,0.16902524354351245,0.16902524354351245,0.055295788023378305,0.10164590483562197,0.29278772197023706,157
R3_pose_velocity,trial_0014_bite_020,trial_0014,withdrawal,0.06848727123482636,0.0745871860886196,0.0745871860886196,104,0.38431394336541436,0.38431394336541436,0.21895606441036602,0.36034595825657334,0.40867222390608937,104
R3_pose_velocity,trial_0014_bite_021,trial_0014,transfer,0.04521634822007465,0.055818286315776,0.055818286315776,205,0.1872794500175412,0.1872794500175412,0.13535996426912486,0.1872794500175412,0.25894736458663736,205
R3_pose_velocity,trial_0014_bite_021,trial_0014,withdrawal,0.11201591925743874,0.13561958183027248,0.13561958183027248,99,0.39251039651390807,0.39251039651390807,0.2715594843140607,0.38778659827876893,0.5017283269214206,99
R3_pose_velocity,trial_0015_bite_001,trial_0015,transfer,0.041952239668867096,0.04379784778359995,0.04379784778359995,145,0.11310148116708518,0.11310148116708518,0.08336180335011725,0.11310148116708518,0.23556661337911633,145
R3_pose_velocity,trial_0015_bite_001,trial_0015,withdrawal,0.17638068223017345,0.19372009764679388,0.19372009764679388,149,0.37615347324745807,0.37615347324745807,0.23769285294096582,0.37615347324745807,0.3763096615770434,149
R3_pose_velocity,trial_0015_bite_002,trial_0015,transfer,0.03156787851415306,0.03961059651309841,0.03961059651309841,108,0.25192600402993115,0.25192600402993115,0.17965280411053738,0.25192600402993115,0.2917323977848274,108
R3_pose_velocity,trial_0015_bite_002,trial_0015,withdrawal,0.19397647487622954,0.2297200593855638,0.2297200593855638,129,0.5389296693758969,0.5389296693758969,0.3192633020992282,0.5376755147156671,0.5444716490174311,129
R3_pose_velocity,trial_0015_bite_003,trial_0015,transfer,0.035700154445427755,0.03850446136734503,0.03850446136734503,154,0.22571206177204717,0.22571206177204717,0.16908593550128106,0.22571206177204717,0.2756429297891567,154
R3_pose_velocity,trial_0015_bite_003,trial_0015,withdrawal,0.12625760769214187,0.1546675541607921,0.1546675541607921,153,0.4126415976705964,0.4126415976705964,0.23176205125135854,0.3877316674882394,0.43808724250049647,153
R3_pose_velocity,trial_0015_bite_004,trial_0015,transfer,0.06761633358101393,0.07810153712851708,0.07810153712851708,145,0.23297047435831386,0.23297047435831386,0.1607726837909592,0.23297047435831386,0.3080330849112576,145
R3_pose_velocity,trial_0015_bite_004,trial_0015,withdrawal,0.12198796228415061,0.14857806986344352,0.14857806986344352,136,0.40375006718413076,0.40375006718413076,0.19589505857651887,0.3825496798516608,0.42495045451660074,136
R3_pose_velocity,trial_0015_bite_005,trial_0015,transfer,0.056707586026730546,0.07060141692429736,0.07060141692429736,122,0.27825882328898155,0.27825882328898155,0.18999297598602596,0.27825882328898155,0.33484416392551664,122
R3_pose_velocity,trial_0015_bite_005,trial_0015,withdrawal,0.2443625764686102,0.2761205071012642,0.2761205071012642,163,0.5291351483222027,0.5291351483222027,0.39412753700927017,0.5249039537334639,0.5680244561967198,163
R3_pose_velocity,trial_0015_bite_006,trial_0015,transfer,0.13637700664083988,0.161405447566691,0.161405447566691,122,0.2636133957559932,0.2636133957559932,0.19741448213124735,0.2636133957559932,0.31333596752844173,122
R3_pose_velocity,trial_0015_bite_006,trial_0015,withdrawal,0.13645947535451836,0.17330532577641652,0.17330532577641652,146,0.5276413105411635,0.5276413105411635,0.23765993126986362,0.44485606282337287,0.613537929718476,146
R3_pose_velocity,trial_0015_bite_007,trial_0015,transfer,0.05393858506122921,0.058580627185808705,0.058580627185808705,127,0.1495491803811655,0.1495491803811655,0.11771180480677366,0.1495491803811655,0.18559399519387743,127
R3_pose_velocity,trial_0015_bite_007,trial_0015,withdrawal,0.07841991527378106,0.09595335511480613,0.09595335511480613,144,0.25232250711332815,0.25232250711332815,0.14156373103827818,0.22491259340682968,0.3575567761545635,144
R3_pose_velocity,trial_0015_bite_008,trial_0015,transfer,0.025032795919144066,0.03487324206727892,0.03487324206727892,169,0.13131544241476734,0.13131544241476734,0.07823974529380605,0.12666454012617878,0.18071010318987168,169
R3_pose_velocity,trial_0015_bite_008,trial_0015,withdrawal,0.023248877110661127,0.026876385278902685,0.026876385278902685,227,0.1448095946548138,0.1448095946548138,0.06462401200235732,0.11305430962317597,0.24108453752572023,227
R3_pose_velocity,trial_0015_bite_009,trial_0015,transfer,0.06947015415077532,0.08222313063718711,0.08222313063718711,158,0.4088241297331767,0.4088241297331767,0.3058671948459505,0.4088241297331767,0.47436039275451725,158
R3_pose_velocity,trial_0015_bite_009,trial_0015,withdrawal,0.186532222595021,0.2487267878386781,0.2487267878386781,183,0.7133260646206585,0.7133260646206585,0.3047932293268309,0.6496477995961079,0.7781587131303191,183
R3_pose_velocity,trial_0015_bite_010,trial_0015,transfer,0.0385561390026864,0.04398458401964144,0.04398458401964144,150,0.180811066507367,0.180811066507367,0.131414358935121,0.180811066507367,0.2547618848160762,150
R3_pose_velocity,trial_0015_bite_010,trial_0015,withdrawal,0.14835892812624116,0.1917751224134973,0.1917751224134973,131,0.4953021211530131,0.4953021211530131,0.22353210610457946,0.46650757064849424,0.5349778152758335,131
R3_pose_velocity,trial_0015_bite_011,trial_0015,transfer,0.05454500178111431,0.057540255697493534,0.057540255697493534,126,0.23480638471356485,0.23480638471356485,0.1806437142540829,0.23480638471356485,0.3003647283132409,126
R3_pose_velocity,trial_0015_bite_011,trial_0015,withdrawal,0.14296400011205176,0.19181616460725115,0.19181616460725115,124,0.533716472372828,0.533716472372828,0.25697179424682204,0.48079737225169605,0.5870588741557734,124
R3_pose_velocity,trial_0015_bite_012,trial_0015,transfer,0.05666261450804443,0.05855840221554271,0.05855840221554271,44,0.08848696218878471,0.08848696218878471,0.0540850075390261,0.08717865831312155,0.1047562445642174,44
R3_pose_velocity,trial_0015_bite_012,trial_0015,withdrawal,0.08405919103137498,0.11134097874667162,0.11134097874667162,129,0.339343851336392,0.339343851336392,0.16026771399048306,0.31076314557657714,0.3723261358727692,129
R3_pose_velocity,trial_0015_bite_013,trial_0015,transfer,0.09187245787910125,0.10529929336941285,0.10529929336941285,146,0.24451978922604445,0.24451978922604445,0.19330202244271733,0.24451978922604445,0.3058760777639007,146
R3_pose_velocity,trial_0015_bite_013,trial_0015,withdrawal,0.037880889709575344,0.041902725492898404,0.041902725492898404,183,0.1905438699149875,0.1905438699149875,0.07052824485195508,0.09591363475066395,0.31781279553899777,183
R3_pose_velocity,trial_0015_bite_014,trial_0015,transfer,0.042100235243627715,0.053653851511528586,0.053653851511528586,116,0.24480655084180203,0.24480655084180203,0.1836879887843985,0.24480655084180203,0.29555299201461027,116
R3_pose_velocity,trial_0015_bite_014,trial_0015,withdrawal,0.08621250661473333,0.09932876763097713,0.09932876763097713,138,0.25661934026051547,0.25661934026051547,0.11748846431033778,0.189359842555767,0.3435979451347895,138
R3_pose_velocity,trial_0015_bite_015,trial_0015,transfer,0.03767859766954408,0.046275348483925796,0.046275348483925796,110,0.22967002204698828,0.22967002204698828,0.17823047660676727,0.22967002204698828,0.2780775163193865,110
R3_pose_velocity,trial_0015_bite_015,trial_0015,withdrawal,0.032941075997868545,0.041411085436816014,0.04141108543681601,169,0.2759048566001332,0.2759048566001332,0.10860270907366512,0.1591928510956988,0.41794847499779486,169
R3_pose_velocity,trial_0015_bite_016,trial_0015,transfer,0.05619252084900177,0.06468854482729099,0.06468854482729099,156,0.12179531637312113,0.12179531637312113,0.0831472820321268,0.12179531637312113,0.23022006038896725,156
R3_pose_velocity,trial_0015_bite_016,trial_0015,withdrawal,0.06308243331434718,0.07341570118583687,0.07341570118583687,156,0.4174484631130442,0.4174484631130442,0.17303310394068405,0.32863890118724237,0.5381401475233063,156
R3_pose_velocity,trial_0015_bite_017,trial_0015,transfer,0.03143462432390341,0.03646020401920584,0.03646020401920584,160,0.08879729594476737,0.08879729594476737,0.02711287214054561,0.060527005398547384,0.21268847829188786,160
R3_pose_velocity,trial_0015_bite_017,trial_0015,withdrawal,0.07155580667709376,0.08203028171976397,0.08203028171976397,178,0.44187662824106644,0.44187662824106644,0.16542813592853142,0.3193493814566497,0.5722592891986946,178
R3_pose_velocity,trial_0015_bite_018,trial_0015,transfer,0.01513484747302522,0.01761315582400956,0.01761315582400956,151,0.14548641568976395,0.14548641568976395,0.08321220077839515,0.1258382297460039,0.23590345922346545,151
R3_pose_velocity,trial_0015_bite_018,trial_0015,withdrawal,0.032600844096912586,0.042320417237896236,0.042320417237896236,178,0.35534238519120054,0.35534238519120054,0.13182789076208318,0.25023760382776494,0.47417882119167754,178
R3_pose_velocity,trial_0015_bite_019,trial_0015,transfer,0.08016131288850414,0.08386403829733849,0.08386403829733849,185,0.22853140690077245,0.22853140690077245,0.18181760557904433,0.22853140690077245,0.33616766303070555,185
R3_pose_velocity,trial_0015_bite_019,trial_0015,withdrawal,0.0517279430358366,0.06445935404995666,0.06445935404995666,149,0.27518577303059155,0.27518577303059155,0.12253281980072989,0.23238112564277635,0.388967027517777,149
R3_pose_velocity,trial_0017_bite_001,trial_0017,transfer,0.09985026423874992,0.1122337758983,0.1122337758983,219,0.30178465770458995,0.30178465770458995,0.20973807860651636,0.30178465770458995,0.41747491177551366,219
R3_pose_velocity,trial_0017_bite_001,trial_0017,withdrawal,0.06032281716725515,0.07413980305451125,0.07413980305451125,129,0.5517981870276345,0.5517981870276345,0.2727832302347354,0.5328669377360002,0.5800171721025809,129
R3_pose_velocity,trial_0017_bite_002,trial_0017,transfer,0.22301761695899627,0.2444725348619277,0.2444725348619277,167,0.4174834379438872,0.4174834379438872,0.3472541904675346,0.4174834379438872,0.48727693112614157,167
R3_pose_velocity,trial_0017_bite_002,trial_0017,withdrawal,0.04781041818514629,0.056050153647775144,0.05605015364777515,90,0.5047541634744057,0.5047541634744057,0.24265869964930864,0.44247652386798464,0.5770893340231034,90
R3_pose_velocity,trial_0017_bite_003,trial_0017,transfer,0.09476080191422823,0.10132762578171657,0.10132762578171657,119,0.08647912417068682,0.08647912417068682,0.054555291457807555,0.07698082219616875,0.15313971923118075,119
R3_pose_velocity,trial_0017_bite_003,trial_0017,withdrawal,0.05598946082209934,0.06662239057352291,0.06662239057352291,100,0.577005539363209,0.577005539363209,0.2629735806780292,0.5114453067777851,0.6510162977136873,100
R3_pose_velocity,trial_0017_bite_004,trial_0017,transfer,0.15682861089517017,0.16060184952410245,0.16060184952410245,103,0.100405660956989,0.100405660956989,0.07078446729428887,0.09425031201396061,0.16315574598698568,103
R3_pose_velocity,trial_0017_bite_004,trial_0017,withdrawal,0.06227171420253491,0.08294194743251397,0.08294194743251398,93,0.5851834194019245,0.44889334882477394,0.2248192248962088,0.415839603772739,0.46872911309664067,93
R3_pose_velocity,trial_0017_bite_005,trial_0017,transfer,0.015587187623612232,0.019124032116633168,0.019124032116633168,190,0.18160196460445244,0.18160196460445244,0.14139198236854555,0.18160196460445244,0.27498665342892403,190
R3_pose_velocity,trial_0017_bite_005,trial_0017,withdrawal,0.05628939762621138,0.06788256945692445,0.06788256945692445,79,0.15059788994960144,0.15059788994960144,0.03390679503094868,0.102702907144542,0.2246408874876633,79
R3_pose_velocity,trial_0017_bite_006,trial_0017,transfer,0.10706161603437543,0.11811306359499703,0.11811306359499703,160,0.18768257883501605,0.08557708884185145,0.05583713611805673,0.08385929798286851,0.162739578627205,160
R3_pose_velocity,trial_0017_bite_006,trial_0017,withdrawal,0.05302710489136672,0.0663160632308226,0.0663160632308226,108,0.7136682956361828,0.5196603286864252,0.3499938555350314,0.4715622257312644,0.5794811276004208,108
R3_pose_velocity,trial_0017_bite_007,trial_0017,transfer,0.12809043700578693,0.14750514273478707,0.14750514273478707,156,0.21408210787491821,0.09568595019539128,0.031031889321147022,0.05855099016452403,0.2297520698780855,156
R3_pose_velocity,trial_0017_bite_007,trial_0017,withdrawal,0.14713262363493992,0.1761836445104,0.1761836445104,64,0.23127622014352278,0.08148604767614387,0.03497618555777352,0.04808605402253496,0.09765809799859948,64
R3_pose_velocity,trial_0017_bite_008,trial_0017,transfer,0.1497076840755855,0.15012777385187298,0.15012777385187298,49,0.030835327303561755,0.030835327303561755,0.01874218929111623,0.030835327303561755,0.06443983181276502,49
R3_pose_velocity,trial_0017_bite_008,trial_0017,withdrawal,0.10041041087411826,0.1261327951519952,0.1261327951519952,74,0.43592020943884924,0.30538795859468637,0.14166263020047432,0.2510515415781529,0.331135348079302,74
R3_pose_velocity,trial_0017_bite_009,trial_0017,transfer,0.03869798319804961,0.04441224509240891,0.04441224509240891,233,0.20413904902083368,0.20413904902083368,0.13257708520958103,0.20413904902083368,0.40200616658453825,233
R3_pose_velocity,trial_0017_bite_009,trial_0017,withdrawal,0.1652075388305156,0.18975686305730083,0.18975686305730083,70,0.43716595478010367,0.16462225631347582,0.0757915586635024,0.12400044706045366,0.16854838835488106,70
R3_pose_velocity,trial_0017_bite_010,trial_0017,transfer,0.07218805163462959,0.08324008918465793,0.08324008918465793,178,0.13195724923852392,0.06968593851630489,0.022084062858464194,0.05221679264346424,0.2571133068707381,178
R3_pose_velocity,trial_0017_bite_010,trial_0017,withdrawal,0.210165968486594,0.22979682468945326,0.22979682468945326,73,0.6087286729892476,0.20302384286432673,0.1360121962247104,0.1846549893374574,0.22789973448263723,73
R3_pose_velocity,trial_0017_bite_011,trial_0017,transfer,0.13822850763336395,0.14442038810721128,0.14442038810721128,120,0.11512287433587431,0.04756899455405561,0.007691400577978758,0.029021557266338593,0.1254421341627996,120
R3_pose_velocity,trial_0017_bite_011,trial_0017,withdrawal,0.1690764124626747,0.19707336864360317,0.19707336864360317,71,0.3670701368939886,0.11939782024163392,0.03256222020132604,0.07529452696017858,0.15299357134841962,71
R3_pose_velocity,trial_0017_bite_012,trial_0017,transfer,0.09609343048265706,0.10780800886696336,0.10780800886696336,176,0.09701548530509463,0.09701548530509463,0.031456200842018125,0.06487821119397497,0.22153809546510272,176
R3_pose_velocity,trial_0017_bite_012,trial_0017,withdrawal,0.18150400648657206,0.2106224165869943,0.2106224165869943,68,0.2767987265073151,0.09727327478810777,0.048488267921161524,0.08016355040670797,0.11269235695390822,68
R3_pose_velocity,trial_0017_bite_013,trial_0017,transfer,0.06740761475326995,0.08923703883026916,0.08923703883026916,90,0.09132547997984641,0.04935801458610767,0.018959282210938157,0.03554779232536376,0.09698137834296272,90
R3_pose_velocity,trial_0017_bite_013,trial_0017,withdrawal,0.08075847219913587,0.09369038640000266,0.09369038640000266,79,0.5212315356032176,0.3261189387002661,0.20480424467575334,0.29614008004800185,0.3897133899843399,79
R3_pose_velocity,trial_0017_bite_014,trial_0017,transfer,0.08879783324685504,0.10650861080607305,0.10650861080607305,232,0.05806317961244689,0.05806317961244689,0.023193612596210056,0.04530977501289968,0.19720296584606567,232
R3_pose_velocity,trial_0017_bite_014,trial_0017,withdrawal,0.06660717145156396,0.08944572825500682,0.08944572825500682,149,0.5849264619892955,0.5849264619892955,0.3495727651959778,0.5575174233527647,0.8198180163263271,149
R3_pose_velocity,trial_0017_bite_015,trial_0017,transfer,0.05423031232921815,0.06577441508734647,0.06577441508734647,332,0.10430663897056158,0.10430663897056158,0.060685219072865976,0.10253053204118112,0.35511668579046596,332
R3_pose_velocity,trial_0017_bite_015,trial_0017,withdrawal,0.09844869837020398,0.12932036168355837,0.12932036168355837,75,6.133571094704028,0.12070114035506707,0.04002414339475059,0.08580506194477255,0.2960139350915183,75
R3_pose_velocity,trial_0019_bite_001,trial_0019,transfer,0.05054167204531619,0.055466495383278754,0.055466495383278754,106,0.19110312821855047,0.19110312821855047,0.11342214853273878,0.1685370934197672,0.24254712729705563,106
R3_pose_velocity,trial_0019_bite_001,trial_0019,withdrawal,0.07439216540584347,0.09536956972025161,0.0953695697202516,91,0.5690175665564232,0.5690175665564232,0.2192381091153917,0.5078215263109036,0.6302136068019428,91
R3_pose_velocity,trial_0019_bite_002,trial_0019,transfer,0.027307161584687985,0.03283879562609784,0.03283879562609784,124,0.1198408630317922,0.1198408630317922,0.07714476538635873,0.1198408630317922,0.2118875564922864,124
R3_pose_velocity,trial_0019_bite_002,trial_0019,withdrawal,0.12190998138695436,0.14005298103988306,0.14005298103988306,102,0.3673837406577345,0.3673837406577345,0.11288159581249836,0.2087669675065329,0.527908880033841,102
R3_pose_velocity,trial_0019_bite_003,trial_0019,transfer,0.0629593613466089,0.07135263037022439,0.07135263037022439,115,0.19110495111116155,0.19110495111116155,0.13637127967742846,0.19110495111116155,0.25110114928268024,115
R3_pose_velocity,trial_0019_bite_003,trial_0019,withdrawal,0.09193917451600525,0.11197567844613866,0.11197567844613866,93,0.2403530459902643,0.2403530459902643,0.14052474459894457,0.2257389289642444,0.26375477300480066,93
R3_pose_velocity,trial_0019_bite_004,trial_0019,transfer,0.06375081880930457,0.07056995289313704,0.07056995289313704,113,0.2595352594168685,0.2595352594168685,0.2047986066805233,0.2595352594168685,0.3012880025767357,113
R3_pose_velocity,trial_0019_bite_004,trial_0019,withdrawal,0.08852787858419381,0.09895094207429009,0.09895094207429009,90,0.44381470642904297,0.44381470642904297,0.15405240162435302,0.26589975796781484,0.6217296548902711,90
R3_pose_velocity,trial_0019_bite_005,trial_0019,transfer,0.03150100468149385,0.0347850757882881,0.0347850757882881,128,0.21482297694142405,0.21482297694142405,0.1775766610524882,0.2141619268236239,0.26227046414645505,128
R3_pose_velocity,trial_0019_bite_005,trial_0019,withdrawal,0.11656320202159912,0.13134512232063336,0.13134512232063336,156,0.17319469234376905,0.17319469234376905,0.12026887415919431,0.17319469234376905,0.29362847066042885,156
R3_pose_velocity,trial_0019_bite_006,trial_0019,transfer,0.052175179552855,0.05668816993288585,0.05668816993288585,110,0.06919589542192561,0.06919589542192561,0.041620427576394795,0.06919589542192561,0.16057404986258694,110
R3_pose_velocity,trial_0019_bite_006,trial_0019,withdrawal,0.2059500125083004,0.22294929813910297,0.22294929813910297,116,0.2572296472295852,0.2572296472295852,0.09884783102600202,0.1304425226453776,0.4101543297641137,116
R3_pose_velocity,trial_0019_bite_007,trial_0019,transfer,0.1138652820050852,0.13433375246033438,0.13433375246033438,114,0.14523786762192303,0.1732464276825687,0.05146145579394526,0.11595837054578917,0.20550794893594881,114
R3_pose_velocity,trial_0019_bite_007,trial_0019,withdrawal,0.16425629757672966,0.17404090408288989,0.17404090408288989,99,0.20887834498998625,0.33495757038692453,0.15806115410735153,0.2033365439000141,0.3662965194255312,99
R3_pose_velocity,trial_0019_bite_008,trial_0019,transfer,0.08818521380177968,0.09450655173556345,0.09450655173556345,136,0.06676309450656026,0.06676309450656026,0.021935121417667444,0.04755976125654282,0.1833656435442177,136
R3_pose_velocity,trial_0019_bite_008,trial_0019,withdrawal,0.16679764420121174,0.20411834313011634,0.20411834313011634,113,0.19247595375387094,0.19247595375387094,0.06507822390461271,0.1179929723373978,0.32564127884994676,113
R3_pose_velocity,trial_0019_bite_009,trial_0019,transfer,0.05825360382293615,0.06111110757079112,0.06111110757079112,133,0.08411490225625151,0.08411490225625151,0.05713114800818364,0.0821358185758454,0.160918804809552,133
R3_pose_velocity,trial_0019_bite_009,trial_0019,withdrawal,0.13025821907046528,0.15408453545537804,0.15408453545537804,108,0.28454470091445616,0.28454470091445616,0.12904351871178157,0.19181954636584875,0.3879114366102385,108
R3_pose_velocity,trial_0019_bite_010,trial_0019,transfer,0.03190011687326983,0.041031016620505414,0.041031016620505414,137,0.09521707054314943,0.09521707054314943,0.07276325221037584,0.09521707054314943,0.20969361295215716,137
R3_pose_velocity,trial_0019_bite_010,trial_0019,withdrawal,0.08416439584584012,0.0977015582505116,0.0977015582505116,99,0.3610205531831596,0.3610205531831596,0.16629228713143085,0.25397183511325405,0.4776007064523595,99
R3_pose_velocity,trial_0019_bite_011,trial_0019,transfer,0.06694989297684269,0.07666270034323912,0.07666270034323912,176,0.13071456403037107,0.0996802094883491,0.02798129771742886,0.05073389628316205,0.37293874260426163,176
R3_pose_velocity,trial_0019_bite_011,trial_0019,withdrawal,0.17579858448814728,0.20445858686615875,0.20445858686615875,104,0.3451965915772153,0.3451965915772153,0.1143799199265985,0.22826605937580657,0.5734626509530218,104
R3_pose_velocity,trial_0019_bite_012,trial_0019,transfer,0.03442884160837855,0.03708557392758674,0.03708557392758674,116,0.08858319567152106,0.08858319567152106,0.06774301678676646,0.08858319567152106,0.13491983423747467,116
R3_pose_velocity,trial_0019_bite_012,trial_0019,withdrawal,0.03783814766033561,0.0455336816902804,0.0455336816902804,113,0.34513626631301264,0.34513626631301264,0.18803556637123353,0.303154028469387,0.389134324835795,113
R3_pose_velocity,trial_0019_bite_013,trial_0019,transfer,0.019937426763203897,0.025584370184247047,0.025584370184247047,140,0.13416830406930247,0.13416830406930247,0.09862192410842523,0.1340774616128484,0.17422493140049244,140
R3_pose_velocity,trial_0019_bite_013,trial_0019,withdrawal,0.1001590023274047,0.12342806693572574,0.12342806693572575,113,0.5842433718916853,0.5842433718916853,0.31773561763417124,0.5173337480004481,0.7054891357825746,113
R3_pose_velocity,trial_0019_bite_014,trial_0019,transfer,0.11129358902408379,0.1167519434793634,0.1167519434793634,178,0.11579894071593433,0.11579894071593433,0.06309231897323107,0.11579894071593433,0.258375675621799,178
R3_pose_velocity,trial_0019_bite_014,trial_0019,withdrawal,0.07916256918745893,0.10241794301289076,0.10241794301289076,115,0.5910666216069567,0.5910666216069567,0.25249667909804063,0.4705924529549699,0.7115407902589435,115
R3_pose_velocity,trial_0019_bite_015,trial_0019,transfer,0.06437312308667785,0.06685047004366405,0.06685047004366404,130,0.06720596071802287,0.06720596071802287,0.03634494764257117,0.05679878542134453,0.14719329978060225,130
R3_pose_velocity,trial_0019_bite_015,trial_0019,withdrawal,0.06733033198048134,0.080851126504522,0.080851126504522,106,0.31238337038670627,0.31238337038670627,0.1830296265132858,0.2709235636120382,0.41306609809691164,106
R3_pose_velocity,trial_0019_bite_016,trial_0019,transfer,0.049654139536679784,0.05181589495641251,0.05181589495641251,151,0.08979519992675167,0.08979519992675167,0.053221672237333525,0.08089496451391165,0.14953897071594735,151
R3_pose_velocity,trial_0019_bite_016,trial_0019,withdrawal,0.0800878261964875,0.09310501234174746,0.09310501234174746,99,0.49591172024270236,0.49591172024270236,0.30071080472109485,0.4499322682417217,0.5441771887710738,99
R3_pose_velocity,trial_0019_bite_017,trial_0019,transfer,0.09298115416707195,0.09557119117226079,0.09557119117226079,135,0.07122740474237332,0.07122740474237332,0.031069880555482324,0.051624564041414356,0.14052459106123694,135
R3_pose_velocity,trial_0019_bite_017,trial_0019,withdrawal,0.04683194969362977,0.057418700103048725,0.057418700103048725,106,0.47557682815472146,0.47557682815472146,0.19436694004831745,0.38821049711964273,0.565526113004593,106
R3_pose_velocity,trial_0019_bite_018,trial_0019,transfer,0.01865256162029741,0.02232479589704851,0.02232479589704851,133,0.11940465770382458,0.11940465770382458,0.09044301352586354,0.11940465770382458,0.21554922339903904,133
R3_pose_velocity,trial_0019_bite_018,trial_0019,withdrawal,0.0666249730305169,0.07788873876758687,0.07788873876758685,111,0.5230850289643136,0.5230850289643136,0.26961022918900585,0.4361020539499605,0.6187705982136995,111
R3_pose_velocity,trial_0019_bite_019,trial_0019,transfer,0.13304575519034734,0.14202501300224435,0.14202501300224435,143,0.07459759770051555,0.07459759770051555,0.031940492151514024,0.05693052431282242,0.14575932638563582,143
R3_pose_velocity,trial_0019_bite_019,trial_0019,withdrawal,0.04315511410452758,0.05879181052850123,0.05879181052850123,97,0.44381683978859954,0.44381683978859954,0.2735895880749314,0.42715117200773367,0.5402179001727863,97
R3_pose_velocity,trial_0019_bite_020,trial_0019,transfer,0.020808513387148377,0.025174620957812775,0.02517462095781278,185,0.13909080538226126,0.13909080538226126,0.0893330540526915,0.1293493801787151,0.19891594277002644,185
R3_pose_velocity,trial_0019_bite_020,trial_0019,withdrawal,0.04074550712243666,0.05674002584218556,0.05674002584218556,135,0.34865367524515145,0.34865367524515145,0.15781173565839718,0.2924210752784795,0.43630143830565515,135
R3_pose_velocity,trial_0019_bite_021,trial_0019,transfer,0.0401984385834458,0.04153969365014214,0.04153969365014214,178,0.06758520007114877,0.06758520007114877,0.05178418103904093,0.06652296500665855,0.1441252262606505,178
R3_pose_velocity,trial_0019_bite_021,trial_0019,withdrawal,0.02992860284564656,0.036675618366248365,0.036675618366248365,116,0.3818360617701222,0.3818360617701222,0.15455233043651276,0.31331414099095767,0.4550293230712894,116
R3_pose_velocity,trial_0019_bite_022,trial_0019,transfer,0.021907925790460126,0.02481419124521744,0.02481419124521744,140,0.12913808108083158,0.12913808108083158,0.09159941061106125,0.12913808108083158,0.20541474452518038,140
R3_pose_velocity,trial_0019_bite_022,trial_0019,withdrawal,0.0428675934424719,0.053336490641434094,0.053336490641434094,108,0.228263079328066,0.228263079328066,0.09236267580787938,0.1892365135000209,0.46060599314568984,108
R3_pose_velocity,trial_0019_bite_023,trial_0019,transfer,0.05367158017508801,0.05484932675642305,0.05484932675642305,140,0.06834479249351677,0.06834479249351677,0.03781466354941788,0.0652309434065228,0.1262460914892385,140
R3_pose_velocity,trial_0019_bite_023,trial_0019,withdrawal,0.038921570582186434,0.04742126122876121,0.04742126122876121,113,0.40586983910313634,0.40586983910313634,0.14988149089836425,0.3201994106163162,0.496522166388107,113
R3_pose_velocity,trial_0019_bite_024,trial_0019,transfer,0.10186544461444612,0.10656954462154102,0.10656954462154102,151,0.0735161126389805,0.0735161126389805,0.045868136092265165,0.0735161126389805,0.14565595487210636,151
R3_pose_velocity,trial_0019_bite_024,trial_0019,withdrawal,0.15134681858523952,0.1990689327487931,0.1990689327487931,113,0.24934797165554112,0.24934797165554112,0.10105168681328738,0.17288100473267987,0.41892718708353405,113
R3_pose_velocity,trial_0019_bite_025,trial_0019,transfer,0.05810009150077734,0.0641316058490514,0.0641316058490514,186,0.04830017983257262,0.04081577912139034,0.011941806768633217,0.039188861122757324,0.14435698757156823,186
R3_pose_velocity,trial_0019_bite_025,trial_0019,withdrawal,0.04089516014824722,0.04834880492184962,0.04834880492184962,108,0.22567443335583226,0.22567443335583226,0.140563227821688,0.2032085345173491,0.334258779587679,108
R3_pose_velocity,trial_0019_bite_026,trial_0019,transfer,0.05174333024517617,0.0543834837601466,0.0543834837601466,149,0.10188191735516305,0.10188191735516305,0.05003625306122934,0.08459317999984206,0.20826828981320622,149
R3_pose_velocity,trial_0019_bite_026,trial_0019,withdrawal,0.17577999012629816,0.218043923208219,0.218043923208219,120,0.4843102910947561,0.4843102910947561,0.3165172620585484,0.4455439322999828,0.577830387111125,120
R3_pose_velocity,trial_0020_bite_001,trial_0020,transfer,0.08233259045950951,0.09404221637675136,0.09404221637675136,126,0.2498715843423076,0.2498715843423076,0.19344239531750843,0.2498715843423076,0.30185152094399204,126
R3_pose_velocity,trial_0020_bite_001,trial_0020,withdrawal,0.12292613591923979,0.15067894603956386,0.15067894603956386,96,0.3788560776277894,0.3788560776277894,0.25950573549098516,0.37752783871494877,0.40840574912840566,96
R3_pose_velocity,trial_0020_bite_002,trial_0020,transfer,0.06574758088172909,0.08125719037264001,0.08125719037264001,165,0.2537558654061858,0.2537558654061858,0.1747053792141326,0.2537558654061858,0.3087719200490122,165
R3_pose_velocity,trial_0020_bite_002,trial_0020,withdrawal,0.1899964971963662,0.24301492649609427,0.24301492649609427,113,0.7149399862633095,0.7149399862633095,0.4601665649072571,0.6953595092077078,0.7358142086480903,113
R3_pose_velocity,trial_0020_bite_003,trial_0020,transfer,0.052419617973699296,0.05817018943961737,0.05817018943961737,120,0.19144065060881,0.19144065060881,0.14273384622767585,0.19013591108576033,0.23188741557925008,120
R3_pose_velocity,trial_0020_bite_003,trial_0020,withdrawal,0.09963165812125868,0.12668472467618336,0.12668472467618336,76,0.4813637914723321,0.4813637914723321,0.29772335322851257,0.4721388481905797,0.49079278755393263,76
R3_pose_velocity,trial_0020_bite_004,trial_0020,transfer,0.05248649614264906,0.0592984771550588,0.0592984771550588,151,0.21472716467211939,0.21472716467211939,0.17653492624719702,0.21472716467211939,0.277448313665404,151
R3_pose_velocity,trial_0020_bite_004,trial_0020,withdrawal,0.12960644355341155,0.15671517648576683,0.15671517648576683,97,0.523536639156688,0.523536639156688,0.35507042442225056,0.5086836040721767,0.5453814308453659,97
R3_pose_velocity,trial_0020_bite_005,trial_0020,transfer,0.01421167164640155,0.017158787496879786,0.017158787496879786,148,0.14829814179230283,0.14829814179230283,0.09533461068668998,0.13625834312951435,0.21229404944296615,148
R3_pose_velocity,trial_0020_bite_005,trial_0020,withdrawal,0.07427682356745738,0.09055105826566395,0.09055105826566395,104,0.4748549424953432,0.4748549424953432,0.2645997648690535,0.43291432766957305,0.5287608200100826,104
R3_pose_velocity,trial_0020_bite_006,trial_0020,transfer,0.051992541656832515,0.05725920529108785,0.05725920529108785,113,0.17692916102746503,0.17692916102746503,0.14708653956371687,0.17692916102746503,0.2133013104887791,113
R3_pose_velocity,trial_0020_bite_006,trial_0020,withdrawal,0.11113424079046508,0.1542027072845352,0.1542027072845352,62,0.4121438410858196,0.13027428115813589,0.02937448261015569,0.10141870524564345,0.1753368017590824,62
R3_pose_velocity,trial_0020_bite_007,trial_0020,transfer,0.14149102235297312,0.1558242425520667,0.1558242425520667,113,0.3013454831632285,0.3013454831632285,0.24567107145161107,0.3013454831632285,0.3224595117807505,113
R3_pose_velocity,trial_0020_bite_007,trial_0020,withdrawal,0.08596502042854971,0.11029001480897126,0.11029001480897126,98,0.4607726648120818,0.4607726648120818,0.26272615417326706,0.4466539916005794,0.4792937779539179,98
R3_pose_velocity,trial_0020_bite_008,trial_0020,transfer,0.08401058054889791,0.09630214785058633,0.09630214785058633,142,0.24988910236790263,0.24988910236790263,0.19444738800822683,0.24988910236790263,0.27201131121041744,142
R3_pose_velocity,trial_0020_bite_008,trial_0020,withdrawal,0.0934791967061978,0.11346827117818137,0.11346827117818137,100,0.4770902358436624,0.4770902358436624,0.30229479925723235,0.47629869435499206,0.4875621826369292,100
R3_pose_velocity,trial_0020_bite_009,trial_0020,transfer,0.08649998740202523,0.09508864560714649,0.09508864560714649,131,0.21169593131241315,0.21169593131241315,0.17344788821350227,0.21014300812696796,0.26233093778146976,131
R3_pose_velocity,trial_0020_bite_009,trial_0020,withdrawal,0.10703915769539109,0.13788900108843224,0.13788900108843224,111,0.4695267892342696,0.4695267892342696,0.2867812529954574,0.45848606452612994,0.49470393951034186,111
R3_pose_velocity,trial_0020_bite_010,trial_0020,transfer,0.07193426339316934,0.08385714078523072,0.08385714078523072,147,0.21849212901900472,0.21849212901900472,0.15628255984330805,0.21849212901900472,0.26399946125125906,147
R3_pose_velocity,trial_0020_bite_010,trial_0020,withdrawal,0.13238729371188895,0.1813930366734693,0.1813930366734693,102,0.6342395536782064,0.6342395536782064,0.37629424880949885,0.611514594196934,0.661723335673635,102
R3_pose_velocity,trial_0020_bite_011,trial_0020,transfer,0.07417047041206978,0.08550917420621386,0.08550917420621386,162,0.23781573337007345,0.23781573337007345,0.18777950089912138,0.23781573337007345,0.2904764922154244,162
R3_pose_velocity,trial_0020_bite_011,trial_0020,withdrawal,0.07355237250203035,0.08701896290768439,0.08701896290768439,100,0.45605153670085485,0.45605153670085485,0.301592478579525,0.44535105018652965,0.4701577268179693,100
R3_pose_velocity,trial_0020_bite_012,trial_0020,transfer,0.09962755998339182,0.11080192485543719,0.11080192485543719,120,0.24640581032386288,0.24640581032386288,0.19831987927513395,0.24640581032386288,0.32062556819794974,120
R3_pose_velocity,trial_0020_bite_012,trial_0020,withdrawal,0.20176781741870486,0.24779479943579746,0.24779479943579746,124,0.6311367326871347,0.6311367326871347,0.4335046014801317,0.6215661219140487,0.641702169358354,124
R3_pose_velocity,trial_0020_bite_013,trial_0020,transfer,0.035727604683332026,0.039037906361141246,0.039037906361141246,143,0.15251269635530207,0.15251269635530207,0.1139620078744513,0.14744656563855107,0.20660430526071538,143
R3_pose_velocity,trial_0020_bite_013,trial_0020,withdrawal,0.15526052245769648,0.19727688303447297,0.19727688303447297,149,0.6164040202477521,0.6164040202477521,0.4044024375091014,0.5983768762061543,0.6495591731909891,149
R3_pose_velocity,trial_0020_bite_014,trial_0020,transfer,0.04499617259546431,0.05446549383820154,0.05446549383820154,149,0.1894780210340068,0.1894780210340068,0.1190343370299236,0.17526243367830263,0.23529631232499915,149
R3_pose_velocity,trial_0020_bite_014,trial_0020,withdrawal,0.16718903994449558,0.21357955228097242,0.21357955228097242,117,0.6665178320694887,0.6665178320694887,0.41174569148285173,0.6418359305692949,0.7109156998013981,117
R3_pose_velocity,trial_0020_bite_015,trial_0020,transfer,0.04166629684822561,0.057992486173140824,0.057992486173140824,323,0.22072113902578616,0.22072113902578616,0.11540448586895621,0.209441886150453,0.4663506144591145,323
R3_pose_velocity,trial_0020_bite_015,trial_0020,withdrawal,0.1850259083841205,0.2540001077833641,0.2540001077833641,104,0.7348014025967498,0.7348014025967498,0.42099217953150786,0.721734878319694,0.7547064533326546,104
R3_pose_velocity,trial_0020_bite_016,trial_0020,transfer,0.018715751312702523,0.02432010218656964,0.02432010218656964,163,0.14446366729177162,0.14446366729177162,0.08464808501510114,0.12374518239447196,0.21218390954739963,163
R3_pose_velocity,trial_0020_bite_016,trial_0020,withdrawal,0.1295819431108499,0.17111582292934696,0.17111582292934696,95,0.4011910968177128,0.4011910968177128,0.25628531806495114,0.3907478686913728,0.4538955415244952,95
R3_pose_velocity,trial_0020_bite_017,trial_0020,withdrawal,0.13065499111910076,0.1830479277381356,0.1830479277381356,104,0.604137835746732,0.604137835746732,0.34937947507123607,0.5815231821044491,0.6314381629220667,104
R3_pose_velocity,trial_0020_bite_018,trial_0020,transfer,0.008358109154376068,0.009911727986125662,0.009911727986125662,201,0.13393955709367678,0.13393955709367678,0.10574986880925769,0.13393955709367678,0.24076136427208716,201
R3_pose_velocity,trial_0020_bite_018,trial_0020,withdrawal,0.16224627287756055,0.2366495684673941,0.23664956846739407,108,0.7035833312382431,0.7035833312382431,0.3839184611907318,0.6731415431626959,0.7340521326744018,108
R3_pose_velocity,trial_0020_bite_019,trial_0020,withdrawal,0.2556944052651621,0.28756408888110613,0.28756408888110613,90,0.6305755966456661,0.6305755966456661,0.4570566614059777,0.6300492678049929,0.6324874641041074,90
StrongLocal,trial_0012_bite_001,trial_0012,transfer,0.14259428930729567,0.14434981188218216,0.14434981188218218,144,0.13790146685956728,0.13790146685956728,0.09475204653478594,0.13790146685956728,0.24432276604568415,144
StrongLocal,trial_0012_bite_001,trial_0012,withdrawal,0.12679358784660416,0.13283045409100996,0.13283045409101,102,0.244152974397168,0.244152974397168,0.16471618970637825,0.244152974397168,0.3628505909454982,102
StrongLocal,trial_0012_bite_002,trial_0012,transfer,0.08869075018738848,0.09904610076199938,0.09904610076199938,188,0.15478630221911693,0.15478630221911693,0.11450806443634587,0.15371553751853506,0.30262277654002734,188
StrongLocal,trial_0012_bite_002,trial_0012,withdrawal,0.1186225494750599,0.12626250330517527,0.12626250330517524,113,0.09907616879545245,0.09907616879545245,0.03743792310084331,0.0814029246556145,0.2563400379116758,113
StrongLocal,trial_0012_bite_003,trial_0012,transfer,0.16943561481301478,0.18466520384094162,0.18466520384094162,146,0.05697777940970106,0.05697777940970106,0.03284181134359787,0.05466135595019539,0.2117704720183422,146
StrongLocal,trial_0012_bite_003,trial_0012,withdrawal,0.13112425226657298,0.16326843689359627,0.16326843689359627,99,0.045217054934092005,0.045217054934092005,0.03268338600592393,0.045217054934092005,0.13337673050905963,99
StrongLocal,trial_0012_bite_004,trial_0012,transfer,0.11038309314403186,0.12578085235679828,0.12578085235679828,147,0.15090705104449453,0.15090705104449453,0.11228405319588652,0.15090705104449453,0.305191080329998,147
StrongLocal,trial_0012_bite_004,trial_0012,withdrawal,0.10920187774495137,0.11445593439913494,0.11445593439913494,140,0.23994388354627683,0.23994388354627683,0.11562602898043688,0.20470450201416313,0.3634143166995356,140
StrongLocal,trial_0012_bite_005,trial_0012,transfer,0.22011209275892057,0.22895220362564278,0.22895220362564278,122,0.058035205364255216,0.058035205364255216,0.021273659735653115,0.03976796789138737,0.18289757462424472,122
StrongLocal,trial_0012_bite_005,trial_0012,withdrawal,0.12520692828184338,0.13552134836627022,0.13552134836627022,137,0.33969385486102244,0.33969385486102244,0.16700798499075925,0.3186951856066087,0.3991138009289208,137
StrongLocal,trial_0012_bite_006,trial_0012,transfer,0.0796215888319499,0.09570182365347972,0.09570182365347972,157,0.23890752391020653,0.23890752391020653,0.16605517182393426,0.23890752391020653,0.39132030659831596,157
StrongLocal,trial_0012_bite_006,trial_0012,withdrawal,0.10204105031104409,0.11182133221921788,0.11182133221921786,131,0.2614097846492034,0.2614097846492034,0.15285270561040384,0.25342904848018444,0.29620223826142,131
StrongLocal,trial_0012_bite_007,trial_0012,transfer,0.1993409469195119,0.21089164321787507,0.2108916432178751,133,0.09194091705914431,0.09194091705914431,0.03260999063445074,0.0806905401401612,0.26771582041183306,133
StrongLocal,trial_0012_bite_007,trial_0012,withdrawal,0.18504245704064343,0.19787670400599644,0.19787670400599644,140,0.2768897107524251,0.2768897107524251,0.12612079465504653,0.270502265919804,0.5734413336133892,140
StrongLocal,trial_0012_bite_008,trial_0012,transfer,0.11701283502088618,0.12352398141452353,0.12352398141452353,168,0.1246535808725957,0.1246535808725957,0.09264433986410772,0.1246535808725957,0.2993674397875381,168
StrongLocal,trial_0012_bite_008,trial_0012,withdrawal,0.12061515435536835,0.13446999051178593,0.13446999051178593,98,0.15144913058357456,0.15144913058357456,0.07109384945772473,0.11663529602419542,0.24338454245621355,98
StrongLocal,trial_0012_bite_009,trial_0012,transfer,0.11945082427747086,0.1315005947918553,0.1315005947918553,230,0.0873278507751083,0.0873278507751083,0.047200521660548896,0.08410692790482832,0.3264026293789959,230
StrongLocal,trial_0012_bite_009,trial_0012,withdrawal,0.15336879918717247,0.17109791092088755,0.17109791092088755,138,0.5128620742029137,0.5128620742029137,0.15029679943808943,0.2930716813100074,0.8599832911007752,138
StrongLocal,trial_0012_bite_010,trial_0012,transfer,0.1001252867137098,0.1077244559137206,0.1077244559137206,152,0.09124070752899938,0.09124070752899938,0.04879705560219626,0.09090722783931993,0.25768497234093424,152
StrongLocal,trial_0012_bite_010,trial_0012,withdrawal,0.15923261840469796,0.18972107388922504,0.18972107388922504,99,0.2953827014954755,0.2953827014954755,0.11541736336718252,0.23585727091490583,0.5996835414977135,99
StrongLocal,trial_0012_bite_011,trial_0012,transfer,0.058874962080853126,0.06115356075095035,0.06115356075095035,205,0.15533742524288652,0.15533742524288652,0.10531343727834369,0.1507526013815137,0.3270762399392093,205
StrongLocal,trial_0012_bite_011,trial_0012,withdrawal,0.13211421510695165,0.13628951382746868,0.13628951382746868,175,0.30612661561918975,0.30612661561918975,0.23622087693168642,0.2998929616342765,0.5184956861834373,175
StrongLocal,trial_0012_bite_012,trial_0012,transfer,0.062208436498991666,0.06851422979618779,0.0685142297961878,180,0.13225269178776822,0.13225269178776822,0.05858042807188908,0.12492800997175202,0.28590720230436606,180
StrongLocal,trial_0012_bite_012,trial_0012,withdrawal,0.1631003917867287,0.18185297728042593,0.18185297728042593,97,0.30258891701436896,0.30258891701436896,0.10539897421099577,0.22753642859911416,0.5616905813836115,97
StrongLocal,trial_0012_bite_013,trial_0012,transfer,0.0772447275347486,0.08669948783908543,0.08669948783908543,204,0.12303965161403996,0.12303965161403996,0.0733920957321813,0.12303965161403996,0.33142399513659804,204
StrongLocal,trial_0012_bite_013,trial_0012,withdrawal,0.09718007675165109,0.12028329157175435,0.12028329157175435,120,0.40680223673489424,0.40680223673489424,0.16927555182999815,0.3983603021997131,0.49799898651032626,120
StrongLocal,trial_0012_bite_014,trial_0012,transfer,0.07246630199825758,0.0821339348870585,0.08213393488705849,176,0.30522678127760106,0.30522678127760106,0.22567505288852854,0.30522678127760106,0.36321713896830765,176
StrongLocal,trial_0012_bite_014,trial_0012,withdrawal,0.22081548714587634,0.2217561862791922,0.2217561862791922,120,0.36137379860241303,0.36137379860241303,0.19321230128133282,0.34720786147206395,0.39964144262734225,120
StrongLocal,trial_0012_bite_015,trial_0012,transfer,0.12201421811571199,0.14310808804652125,0.14310808804652125,151,0.3611263117543704,0.3611263117543704,0.2521627147645272,0.3611263117543704,0.4750711916348309,151
StrongLocal,trial_0012_bite_015,trial_0012,withdrawal,0.14926631647210176,0.15131661872458987,0.15131661872458987,115,0.39156331213951745,0.39156331213951745,0.12249830428070486,0.32629785701049396,0.4766037914265855,115
StrongLocal,trial_0013_bite_001,trial_0013,transfer,0.03532428324449062,0.03886365993274212,0.03886365993274212,124,0.18747888609619956,0.18747888609619956,0.14168169198687727,0.18747888609619956,0.23226178054059465,124
StrongLocal,trial_0013_bite_001,trial_0013,withdrawal,0.24503692468767962,0.27909483966628423,0.2790948396662842,85,0.5510476329535718,0.5510476329535718,0.3875260350808941,0.5510476329535718,0.6358447104662486,85
StrongLocal,trial_0013_bite_002,trial_0013,transfer,0.05163261017476089,0.0577852901525405,0.0577852901525405,131,0.18135905401050545,0.18135905401050545,0.13945612431931287,0.18135905401050545,0.2483411307349339,131
StrongLocal,trial_0013_bite_002,trial_0013,withdrawal,0.042477791994599924,0.054405357081750615,0.054405357081750615,116,0.37244351495629013,0.37244351495629013,0.18398051861352985,0.3541769330933824,0.41365079267438754,116
StrongLocal,trial_0013_bite_003,trial_0013,transfer,0.03248966967124663,0.039809881366459555,0.039809881366459555,164,0.1536661899881615,0.1536661899881615,0.09867808869624976,0.1536661899881615,0.2573917260097329,164
StrongLocal,trial_0013_bite_003,trial_0013,withdrawal,0.1399215626075588,0.1636676034951729,0.1636676034951729,94,0.37083459103126426,0.37083459103126426,0.23667400634354,0.36695621269599554,0.5137874122510491,94
StrongLocal,trial_0013_bite_004,trial_0013,transfer,0.07754892226865162,0.07758999117071998,0.07758999117071998,20,0.008320985280614757,0.008320985280614757,0.0028791925997594635,0.00602700913435017,0.02750720591484912,20
StrongLocal,trial_0013_bite_004,trial_0013,withdrawal,0.08420558319454897,0.10184183459503579,0.10184183459503579,71,0.3381641190996616,0.16115656553889002,0.050305957501941535,0.14930581916352148,0.25801139134458806,71
StrongLocal,trial_0013_bite_005,trial_0013,transfer,0.05402241071930541,0.058625225966158975,0.05862522596615897,88,0.1156439466340764,0.06051320923085912,0.025765929337449308,0.051522314117944834,0.1300584682194703,88
StrongLocal,trial_0013_bite_005,trial_0013,withdrawal,0.11649977920909406,0.11923431746652635,0.11923431746652635,81,0.12182303243737413,0.16603993113403304,0.0685935188894255,0.12182303243737413,0.2059359691677547,81
StrongLocal,trial_0013_bite_006,trial_0013,transfer,0.043227873678938954,0.04691873284604626,0.04691873284604626,158,0.1973287000818642,0.1973287000818642,0.1518460888437244,0.1973287000818642,0.3141602384752473,158
StrongLocal,trial_0013_bite_006,trial_0013,withdrawal,0.08657969781850748,0.10323530111867785,0.10323530111867785,142,0.34374163158822224,0.34374163158822224,0.22162858950888312,0.34232082310627865,0.4469373212290222,142
StrongLocal,trial_0013_bite_007,trial_0013,transfer,0.058082029899875036,0.05861919914720971,0.05861919914720971,39,0.021856110279619756,0.021856110279619756,0.014480872385804642,0.021856110279619756,0.05614086712960198,39
StrongLocal,trial_0013_bite_007,trial_0013,withdrawal,0.05080579198616995,0.06142090592410999,0.06142090592410999,136,0.30368556587820095,0.30368556587820095,0.2010382956176825,0.2893043546914904,0.3767573404106894,136
StrongLocal,trial_0013_bite_008,trial_0013,transfer,0.01684144698612724,0.019966575485742818,0.019966575485742818,198,0.07617778359443461,0.07617778359443461,0.041827208374479834,0.07246272430496248,0.31993559498347324,198
StrongLocal,trial_0013_bite_008,trial_0013,withdrawal,0.016816292755899,0.022973890228029044,0.022973890228029044,85,0.35087684926281604,0.35087684926281604,0.2109039814599831,0.34969322676610703,0.3673068911049251,85
StrongLocal,trial_0013_bite_009,trial_0013,transfer,0.06719066196743896,0.07775493536052742,0.07775493536052742,158,0.07320040167435682,0.07320040167435682,0.02240233921613101,0.04142811149993886,0.2519155008433063,158
StrongLocal,trial_0013_bite_009,trial_0013,withdrawal,0.06393703578917816,0.07023986004221935,0.07023986004221935,108,0.37846164772724444,0.37846164772724444,0.23419189783678468,0.3637450373408835,0.4551128739902741,108
StrongLocal,trial_0013_bite_010,trial_0013,transfer,0.050642240523482235,0.05366421235897459,0.05366421235897459,135,0.05760273776666791,0.05760273776666791,0.02580621416259299,0.05092565136085758,0.21627886101168015,135
StrongLocal,trial_0013_bite_010,trial_0013,withdrawal,0.06829919396594511,0.0698536078506459,0.0698536078506459,140,0.26536115149731865,0.26536115149731865,0.18704344844517465,0.25510106602005544,0.37665148488106803,140
StrongLocal,trial_0013_bite_011,trial_0013,transfer,0.09100355230455694,0.09776790879406594,0.09776790879406594,131,0.05577120037102157,0.05577120037102157,0.02004850147984391,0.04852199908605126,0.1845359310302026,131
StrongLocal,trial_0013_bite_011,trial_0013,withdrawal,0.034524054619123196,0.04097810470488149,0.04097810470488149,118,0.39947256081702154,0.39947256081702154,0.26619681954080404,0.3933962172802419,0.47981721260190024,118
StrongLocal,trial_0013_bite_012,trial_0013,transfer,0.025597974958762086,0.02902507049177335,0.02902507049177335,140,0.16472836873426866,0.16472836873426866,0.12449538302564031,0.16472836873426866,0.264569757807418,140
StrongLocal,trial_0013_bite_012,trial_0013,withdrawal,0.05113628517452892,0.06429156057369947,0.06429156057369947,94,0.35342841137037917,0.32828378594831253,0.1706792761415745,0.2661575814321089,0.3803441643367882,94
StrongLocal,trial_0014_bite_001,trial_0014,transfer,0.04281597781026995,0.0517630744023931,0.051763074402393104,156,0.1725031064839504,0.1725031064839504,0.12885057926400525,0.1725031064839504,0.31510630384085925,156
StrongLocal,trial_0014_bite_001,trial_0014,withdrawal,0.09935596263942485,0.13365840149089755,0.13365840149089755,98,0.32978279305005387,0.32978279305005387,0.18215188232183785,0.3167411292535447,0.35719944605428955,98
StrongLocal,trial_0014_bite_002,trial_0014,transfer,0.05619982135963703,0.06125094548741918,0.06125094548741918,174,0.10061674818939226,0.10061674818939226,0.06282923584528273,0.09926617528293225,0.215582105258187,174
StrongLocal,trial_0014_bite_002,trial_0014,withdrawal,0.030410255939434805,0.041426741029185817,0.041426741029185817,109,0.4599373878641768,0.4599373878641768,0.16404235056368546,0.34324249126623085,0.5822091865354513,109
StrongLocal,trial_0014_bite_003,trial_0014,transfer,0.05716927567138284,0.06517008875387603,0.06517008875387605,132,0.23974330376870867,0.23974330376870867,0.1753538581612889,0.23974330376870867,0.29027780298720574,132
StrongLocal,trial_0014_bite_003,trial_0014,withdrawal,0.02613910533798093,0.030145399998085926,0.030145399998085926,102,0.4465934657839772,0.4465934657839772,0.24348697860578003,0.40433986354674945,0.4888470680212049,102
StrongLocal,trial_0014_bite_004,trial_0014,transfer,0.07864218161494659,0.09087059409236588,0.09087059409236588,112,0.2340678494237456,0.2340678494237456,0.16903029916612866,0.2340678494237456,0.29738540177763273,112
StrongLocal,trial_0014_bite_004,trial_0014,withdrawal,0.055025640792622545,0.07428688947782994,0.07428688947782994,95,0.23607604395443316,0.23607604395443316,0.1276315320611255,0.18786936709517832,0.2973326611229785,95
StrongLocal,trial_0014_bite_005,trial_0014,transfer,0.12680909017448525,0.15142123522555231,0.15142123522555231,124,0.3584770672839732,0.3584770672839732,0.2627562955182271,0.3584770672839732,0.3628285846760777,124
StrongLocal,trial_0014_bite_005,trial_0014,withdrawal,0.04716347305669668,0.06353035105660729,0.06353035105660729,62,0.3438763499392259,0.3438763499392259,0.20487132530614668,0.3108405194447852,0.37705907456513676,62
StrongLocal,trial_0014_bite_006,trial_0014,transfer,0.07358366163894714,0.08793697175304285,0.08793697175304285,91,0.25601576311064145,0.25601576311064145,0.17895658170696796,0.25601576311064145,0.25958194666737056,91
StrongLocal,trial_0014_bite_006,trial_0014,withdrawal,0.09108054105117329,0.11602335203753239,0.11602335203753239,81,0.33959797813349857,0.33959797813349857,0.2016952582614818,0.3240199943315356,0.41475447860666304,81
StrongLocal,trial_0014_bite_007,trial_0014,transfer,0.05828082923466474,0.07218708662322325,0.07218708662322325,111,0.22868337481329393,0.22868337481329393,0.17224253662398242,0.22868337481329393,0.257876398157161,111
StrongLocal,trial_0014_bite_007,trial_0014,withdrawal,0.03981627721428759,0.05066802777477551,0.05066802777477551,86,0.3061717159651489,0.3061717159651489,0.1584297693351281,0.2949945691368825,0.3173669644874968,86
StrongLocal,trial_0014_bite_008,trial_0014,transfer,0.07063274259201621,0.08495984750220524,0.08495984750220523,94,0.2518891670999652,0.2518891670999652,0.18371814410508897,0.2518891670999652,0.25873714085217525,94
StrongLocal,trial_0014_bite_008,trial_0014,withdrawal,0.05778137255832678,0.06499516494441855,0.06499516494441855,74,0.4507624184310344,0.4507624184310344,0.1866939016907544,0.3949479045424913,0.5065769323195775,74
StrongLocal,trial_0014_bite_009,trial_0014,transfer,0.0555121515262558,0.06573081864186309,0.06573081864186309,114,0.27755302315644403,0.27755302315644403,0.18406382194679677,0.27755302315644403,0.28081786250510277,114
StrongLocal,trial_0014_bite_009,trial_0014,withdrawal,0.019683052972800066,0.02205187544349896,0.02205187544349896,52,0.20224068840270082,0.20224068840270082,0.11071760229581651,0.19041731892535596,0.22054697656501032,52
StrongLocal,trial_0014_bite_010,trial_0014,transfer,0.10676326022709755,0.12418018717549266,0.12418018717549266,124,0.33074426157047787,0.33074426157047787,0.2566037572452201,0.33074426157047787,0.3619080373097554,124
StrongLocal,trial_0014_bite_010,trial_0014,withdrawal,0.08239585871788117,0.09760543736041319,0.09760543736041319,77,0.3311616463979612,0.3311616463979612,0.20102836225374313,0.3266381989550937,0.3437753826064829,77
StrongLocal,trial_0014_bite_011,trial_0014,transfer,0.08007169125619107,0.09765061971411398,0.09765061971411398,131,0.29852291817495535,0.29852291817495535,0.1999407817815032,0.29852291817495535,0.3068075236905994,131
StrongLocal,trial_0014_bite_011,trial_0014,withdrawal,0.019692881937820563,0.02540824588597177,0.025408245885971768,81,0.438303761248541,0.438303761248541,0.22491457278926,0.42679325135453894,0.4514491564516936,81
StrongLocal,trial_0014_bite_012,trial_0014,transfer,0.1550984149587189,0.18558889178660762,0.18558889178660762,103,0.39792213462237314,0.39792213462237314,0.28939865569741324,0.39792213462237314,0.39959063090443525,103
StrongLocal,trial_0014_bite_012,trial_0014,withdrawal,0.09276698903455563,0.10761382762955679,0.10761382762955679,104,0.27233651340181053,0.27233651340181053,0.1316230547189877,0.23372322605806062,0.3133587827420623,104
StrongLocal,trial_0014_bite_013,trial_0014,transfer,0.13514320747066982,0.15871450980048885,0.15871450980048885,108,0.4045318172311756,0.4045318172311756,0.30286095830955945,0.4045318172311756,0.408601363292469,108
StrongLocal,trial_0014_bite_013,trial_0014,withdrawal,0.06493310704671644,0.07179262324773877,0.07179262324773877,115,0.22717255469850128,0.22717255469850128,0.10415447433915785,0.18062832754095215,0.2765627638526169,115
StrongLocal,trial_0014_bite_014,trial_0014,transfer,0.17273562334551978,0.18803768540557125,0.18803768540557125,129,0.2988253914229988,0.2988253914229988,0.2599417726358345,0.2988253914229988,0.3498205401928862,129
StrongLocal,trial_0014_bite_014,trial_0014,withdrawal,0.027364777144648605,0.03371572522178935,0.03371572522178935,106,0.38614189705303614,0.38614189705303614,0.2955896132660152,0.3780708711104146,0.4013337974078799,106
StrongLocal,trial_0014_bite_015,trial_0014,transfer,0.10871862985903431,0.12907874823050458,0.12907874823050458,130,0.313618238071216,0.313618238071216,0.23613882204188105,0.313618238071216,0.3228973664805874,130
StrongLocal,trial_0014_bite_015,trial_0014,withdrawal,0.09825912540391807,0.10658700090945221,0.10658700090945222,106,0.43198653034068935,0.43198653034068935,0.3252344855591306,0.43081041025722167,0.43512570742111256,106
StrongLocal,trial_0014_bite_016,trial_0014,transfer,0.13051079370950536,0.14256614519356317,0.14256614519356317,137,0.3074919738409525,0.3074919738409525,0.2556895857376373,0.3074919738409525,0.3373336599766965,137
StrongLocal,trial_0014_bite_016,trial_0014,withdrawal,0.09313217285580917,0.10249285970449142,0.10249285970449142,94,0.23765775421777224,0.23765775421777224,0.15558097358429046,0.22545737663183818,0.2570206386601961,94
StrongLocal,trial_0014_bite_017,trial_0014,transfer,0.06911482910103581,0.07714543912556417,0.07714543912556417,121,0.2405143628675006,0.2405143628675006,0.17399772116521228,0.2348421084073995,0.26366086581742065,121
StrongLocal,trial_0014_bite_017,trial_0014,withdrawal,0.05101108533666664,0.062479116839656866,0.062479116839656866,99,0.32460949603337097,0.32460949603337097,0.2064601010366711,0.30919752875401585,0.35384972560788786,99
StrongLocal,trial_0014_bite_018,trial_0014,transfer,0.0803608914033237,0.09298001907141815,0.09298001907141815,156,0.2935016794165137,0.2935016794165137,0.2255918500660542,0.2935016794165137,0.31255985870195113,156
StrongLocal,trial_0014_bite_018,trial_0014,withdrawal,0.057302369698133154,0.07926562761228051,0.07926562761228051,86,0.2924929418993023,0.2924929418993023,0.18348026139490473,0.29133543269190243,0.32191267723434747,86
StrongLocal,trial_0014_bite_019,trial_0014,transfer,0.03917191058688613,0.045850429186404654,0.045850429186404654,127,0.1349740297541362,0.1349740297541362,0.08985727604395148,0.1349740297541362,0.24611684416802015,127
StrongLocal,trial_0014_bite_019,trial_0014,withdrawal,0.12313513173433802,0.13604239691214046,0.13604239691214046,104,0.4095429817522702,0.4095429817522702,0.14624329215809898,0.3167863598020024,0.502299603702538,104
StrongLocal,trial_0014_bite_020,trial_0014,transfer,0.12694960027743285,0.1357466844613739,0.1357466844613739,157,0.16902524354351245,0.16902524354351245,0.055295788023378305,0.10164590483562197,0.29278772197023706,157
StrongLocal,trial_0014_bite_020,trial_0014,withdrawal,0.12972016875114226,0.13450072919178557,0.13450072919178557,104,0.38431394336541436,0.38431394336541436,0.21895606441036602,0.36034595825657334,0.40867222390608937,104
StrongLocal,trial_0014_bite_021,trial_0014,transfer,0.04415028070409725,0.05396616059827951,0.05396616059827951,205,0.1872794500175412,0.1872794500175412,0.13535996426912486,0.1872794500175412,0.25894736458663736,205
StrongLocal,trial_0014_bite_021,trial_0014,withdrawal,0.08420409525360457,0.09864967186626414,0.09864967186626414,99,0.39251039651390807,0.39251039651390807,0.2715594843140607,0.38778659827876893,0.5017283269214206,99
StrongLocal,trial_0015_bite_001,trial_0015,transfer,0.02164648356657924,0.024952512898261153,0.024952512898261153,145,0.11310148116708518,0.11310148116708518,0.08336180335011725,0.11310148116708518,0.23556661337911633,145
StrongLocal,trial_0015_bite_001,trial_0015,withdrawal,0.1516665627162949,0.1672287088773649,0.1672287088773649,149,0.37615347324745807,0.37615347324745807,0.23769285294096582,0.37615347324745807,0.3763096615770434,149
StrongLocal,trial_0015_bite_002,trial_0015,transfer,0.03533346080344598,0.043578756093427595,0.043578756093427595,108,0.25192600402993115,0.25192600402993115,0.17965280411053738,0.25192600402993115,0.2917323977848274,108
StrongLocal,trial_0015_bite_002,trial_0015,withdrawal,0.17738864029187387,0.21134529267962204,0.21134529267962204,129,0.5389296693758969,0.5389296693758969,0.3192633020992282,0.5376755147156671,0.5444716490174311,129
StrongLocal,trial_0015_bite_003,trial_0015,transfer,0.04102398934646522,0.044384331833922,0.044384331833922,154,0.22571206177204717,0.22571206177204717,0.16908593550128106,0.22571206177204717,0.2756429297891567,154
StrongLocal,trial_0015_bite_003,trial_0015,withdrawal,0.10735313567532369,0.1332210950581328,0.1332210950581328,153,0.4126415976705964,0.4126415976705964,0.23176205125135854,0.3877316674882394,0.43808724250049647,153
StrongLocal,trial_0015_bite_004,trial_0015,transfer,0.03671554211235369,0.040311263431700294,0.040311263431700294,145,0.23297047435831386,0.23297047435831386,0.1607726837909592,0.23297047435831386,0.3080330849112576,145
StrongLocal,trial_0015_bite_004,trial_0015,withdrawal,0.09642056162966332,0.11570689247531919,0.11570689247531919,136,0.40375006718413076,0.40375006718413076,0.19589505857651887,0.3825496798516608,0.42495045451660074,136
StrongLocal,trial_0015_bite_005,trial_0015,transfer,0.04168365520561307,0.054536765648320724,0.054536765648320724,122,0.27825882328898155,0.27825882328898155,0.18999297598602596,0.27825882328898155,0.33484416392551664,122
StrongLocal,trial_0015_bite_005,trial_0015,withdrawal,0.21000307328290277,0.23875044998779796,0.23875044998779796,163,0.5291351483222027,0.5291351483222027,0.39412753700927017,0.5249039537334639,0.5680244561967198,163
StrongLocal,trial_0015_bite_006,trial_0015,transfer,0.1133431416789859,0.1396985659394067,0.1396985659394067,122,0.2636133957559932,0.2636133957559932,0.19741448213124735,0.2636133957559932,0.31333596752844173,122
StrongLocal,trial_0015_bite_006,trial_0015,withdrawal,0.12070105616255647,0.14683137316681522,0.14683137316681524,146,0.5276413105411635,0.5276413105411635,0.23765993126986362,0.44485606282337287,0.613537929718476,146
StrongLocal,trial_0015_bite_007,trial_0015,transfer,0.031060326792093234,0.03785765544733883,0.03785765544733883,127,0.1495491803811655,0.1495491803811655,0.11771180480677366,0.1495491803811655,0.18559399519387743,127
StrongLocal,trial_0015_bite_007,trial_0015,withdrawal,0.05051060049056822,0.05892052417249102,0.05892052417249102,144,0.25232250711332815,0.25232250711332815,0.14156373103827818,0.22491259340682968,0.3575567761545635,144
StrongLocal,trial_0015_bite_008,trial_0015,transfer,0.023440121347064437,0.033107721985335105,0.033107721985335105,169,0.13131544241476734,0.13131544241476734,0.07823974529380605,0.12666454012617878,0.18071010318987168,169
StrongLocal,trial_0015_bite_008,trial_0015,withdrawal,0.10238903163432211,0.104555375290645,0.10455537529064501,227,0.1448095946548138,0.1448095946548138,0.06462401200235732,0.11305430962317597,0.24108453752572023,227
StrongLocal,trial_0015_bite_009,trial_0015,transfer,0.08132818134277862,0.0954236086701393,0.0954236086701393,158,0.4088241297331767,0.4088241297331767,0.3058671948459505,0.4088241297331767,0.47436039275451725,158
StrongLocal,trial_0015_bite_009,trial_0015,withdrawal,0.16944714802540253,0.22975776639099094,0.22975776639099094,183,0.7133260646206585,0.7133260646206585,0.3047932293268309,0.6496477995961079,0.7781587131303191,183
StrongLocal,trial_0015_bite_010,trial_0015,transfer,0.040209837332149355,0.04603678093387214,0.04603678093387214,150,0.180811066507367,0.180811066507367,0.131414358935121,0.180811066507367,0.2547618848160762,150
StrongLocal,trial_0015_bite_010,trial_0015,withdrawal,0.12324049802002221,0.16059871962100566,0.16059871962100566,131,0.4953021211530131,0.4953021211530131,0.22353210610457946,0.46650757064849424,0.5349778152758335,131
StrongLocal,trial_0015_bite_011,trial_0015,transfer,0.024850307818807805,0.029764296177865628,0.029764296177865624,126,0.23480638471356485,0.23480638471356485,0.1806437142540829,0.23480638471356485,0.3003647283132409,126
StrongLocal,trial_0015_bite_011,trial_0015,withdrawal,0.11538804113169197,0.15556105733570139,0.15556105733570139,124,0.533716472372828,0.533716472372828,0.25697179424682204,0.48079737225169605,0.5870588741557734,124
StrongLocal,trial_0015_bite_012,trial_0015,transfer,0.012609960018135807,0.014860995089448588,0.014860995089448588,44,0.08848696218878471,0.08848696218878471,0.0540850075390261,0.08717865831312155,0.1047562445642174,44
StrongLocal,trial_0015_bite_012,trial_0015,withdrawal,0.06161011379509673,0.07916374862807185,0.07916374862807185,129,0.339343851336392,0.339343851336392,0.16026771399048306,0.31076314557657714,0.3723261358727692,129
StrongLocal,trial_0015_bite_013,trial_0015,transfer,0.05816692283809768,0.06726460547450114,0.06726460547450114,146,0.24451978922604445,0.24451978922604445,0.19330202244271733,0.24451978922604445,0.3058760777639007,146
StrongLocal,trial_0015_bite_013,trial_0015,withdrawal,0.04427672305178198,0.05187384050264926,0.05187384050264926,183,0.1905438699149875,0.1905438699149875,0.07052824485195508,0.09591363475066395,0.31781279553899777,183
StrongLocal,trial_0015_bite_014,trial_0015,transfer,0.03902601907354924,0.04774338706867528,0.04774338706867528,116,0.24480655084180203,0.24480655084180203,0.1836879887843985,0.24480655084180203,0.29555299201461027,116
StrongLocal,trial_0015_bite_014,trial_0015,withdrawal,0.06268148441605934,0.06834577309545345,0.06834577309545345,138,0.25661934026051547,0.25661934026051547,0.11748846431033778,0.189359842555767,0.3435979451347895,138
StrongLocal,trial_0015_bite_015,trial_0015,transfer,0.04511947685889649,0.0542124002024209,0.05421240020242091,110,0.22967002204698828,0.22967002204698828,0.17823047660676727,0.22967002204698828,0.2780775163193865,110
StrongLocal,trial_0015_bite_015,trial_0015,withdrawal,0.06979641724427485,0.07391429544926575,0.07391429544926575,169,0.2759048566001332,0.2759048566001332,0.10860270907366512,0.1591928510956988,0.41794847499779486,169
StrongLocal,trial_0015_bite_016,trial_0015,transfer,0.053633914343977816,0.057808598907232236,0.057808598907232236,156,0.12179531637312113,0.12179531637312113,0.0831472820321268,0.12179531637312113,0.23022006038896725,156
StrongLocal,trial_0015_bite_016,trial_0015,withdrawal,0.0588460967777295,0.07007191465129245,0.07007191465129245,156,0.4174484631130442,0.4174484631130442,0.17303310394068405,0.32863890118724237,0.5381401475233063,156
StrongLocal,trial_0015_bite_017,trial_0015,transfer,0.052057928370093154,0.05565751003894953,0.05565751003894953,160,0.08879729594476737,0.08879729594476737,0.02711287214054561,0.060527005398547384,0.21268847829188786,160
StrongLocal,trial_0015_bite_017,trial_0015,withdrawal,0.08184791650178878,0.09333964543232957,0.09333964543232957,178,0.44187662824106644,0.44187662824106644,0.16542813592853142,0.3193493814566497,0.5722592891986946,178
StrongLocal,trial_0015_bite_018,trial_0015,transfer,0.022741907668414326,0.027943797234551142,0.027943797234551142,151,0.14548641568976395,0.14548641568976395,0.08321220077839515,0.1258382297460039,0.23590345922346545,151
StrongLocal,trial_0015_bite_018,trial_0015,withdrawal,0.10830161229608462,0.11103082969374849,0.11103082969374849,178,0.35534238519120054,0.35534238519120054,0.13182789076208318,0.25023760382776494,0.47417882119167754,178
StrongLocal,trial_0015_bite_019,trial_0015,transfer,0.07870693681720392,0.08223291999676081,0.08223291999676081,185,0.22853140690077245,0.22853140690077245,0.18181760557904433,0.22853140690077245,0.33616766303070555,185
StrongLocal,trial_0015_bite_019,trial_0015,withdrawal,0.04672858057587608,0.05620090984616529,0.05620090984616529,149,0.27518577303059155,0.27518577303059155,0.12253281980072989,0.23238112564277635,0.388967027517777,149
StrongLocal,trial_0017_bite_001,trial_0017,transfer,0.09214752239177004,0.10724166477479968,0.10724166477479968,219,0.30178465770458995,0.30178465770458995,0.20973807860651636,0.30178465770458995,0.41747491177551366,219
StrongLocal,trial_0017_bite_001,trial_0017,withdrawal,0.06287630605304112,0.08280856875290032,0.08280856875290032,129,0.5517981870276345,0.5517981870276345,0.2727832302347354,0.5328669377360002,0.5800171721025809,129
StrongLocal,trial_0017_bite_002,trial_0017,transfer,0.21070643630820762,0.23262410118053015,0.23262410118053015,167,0.4174834379438872,0.4174834379438872,0.3472541904675346,0.4174834379438872,0.48727693112614157,167
StrongLocal,trial_0017_bite_002,trial_0017,withdrawal,0.04826727082246411,0.06255996127979624,0.06255996127979624,90,0.5047541634744057,0.5047541634744057,0.24265869964930864,0.44247652386798464,0.5770893340231034,90
StrongLocal,trial_0017_bite_003,trial_0017,transfer,0.11980601820987893,0.12410363271356019,0.1241036327135602,119,0.08647912417068682,0.08647912417068682,0.054555291457807555,0.07698082219616875,0.15313971923118075,119
StrongLocal,trial_0017_bite_003,trial_0017,withdrawal,0.048597968936552445,0.06499486740126287,0.06499486740126287,100,0.577005539363209,0.577005539363209,0.2629735806780292,0.5114453067777851,0.6510162977136873,100
StrongLocal,trial_0017_bite_004,trial_0017,transfer,0.15389035003539148,0.15743395679111727,0.15743395679111727,103,0.100405660956989,0.100405660956989,0.07078446729428887,0.09425031201396061,0.16315574598698568,103
StrongLocal,trial_0017_bite_004,trial_0017,withdrawal,0.05101262832777542,0.0683101841203875,0.0683101841203875,93,0.5851834194019245,0.44889334882477394,0.2248192248962088,0.415839603772739,0.46872911309664067,93
StrongLocal,trial_0017_bite_005,trial_0017,transfer,0.015698709430862372,0.01862767660001234,0.01862767660001234,190,0.18160196460445244,0.18160196460445244,0.14139198236854555,0.18160196460445244,0.27498665342892403,190
StrongLocal,trial_0017_bite_005,trial_0017,withdrawal,0.04584819012375367,0.05464988195060981,0.05464988195060981,79,0.15059788994960144,0.15059788994960144,0.03390679503094868,0.102702907144542,0.2246408874876633,79
StrongLocal,trial_0017_bite_006,trial_0017,transfer,0.10449409149312305,0.11292126755139921,0.11292126755139921,160,0.18768257883501605,0.08557708884185145,0.05583713611805673,0.08385929798286851,0.162739578627205,160
StrongLocal,trial_0017_bite_006,trial_0017,withdrawal,0.05418460632619069,0.0638297773004443,0.0638297773004443,108,0.7136682956361828,0.5196603286864252,0.3499938555350314,0.4715622257312644,0.5794811276004208,108
StrongLocal,trial_0017_bite_007,trial_0017,transfer,0.12386248208319006,0.1416481954489834,0.1416481954489834,156,0.21408210787491821,0.09568595019539128,0.031031889321147022,0.05855099016452403,0.2297520698780855,156
StrongLocal,trial_0017_bite_007,trial_0017,withdrawal,0.13791672578896633,0.16826856651565442,0.16826856651565442,64,0.23127622014352278,0.08148604767614387,0.03497618555777352,0.04808605402253496,0.09765809799859948,64
StrongLocal,trial_0017_bite_008,trial_0017,transfer,0.14078848157742063,0.1411207458844395,0.1411207458844395,49,0.030835327303561755,0.030835327303561755,0.01874218929111623,0.030835327303561755,0.06443983181276502,49
StrongLocal,trial_0017_bite_008,trial_0017,withdrawal,0.08707598315200551,0.11130020683913197,0.11130020683913196,74,0.43592020943884924,0.30538795859468637,0.14166263020047432,0.2510515415781529,0.331135348079302,74
StrongLocal,trial_0017_bite_009,trial_0017,transfer,0.03674792610915578,0.04233835085633571,0.04233835085633571,233,0.20413904902083368,0.20413904902083368,0.13257708520958103,0.20413904902083368,0.40200616658453825,233
StrongLocal,trial_0017_bite_009,trial_0017,withdrawal,0.14466266614092055,0.1693335481848357,0.1693335481848357,70,0.43716595478010367,0.16462225631347582,0.0757915586635024,0.12400044706045366,0.16854838835488106,70
StrongLocal,trial_0017_bite_010,trial_0017,transfer,0.07753858167562522,0.08619742034578222,0.08619742034578222,178,0.13195724923852392,0.06968593851630489,0.022084062858464194,0.05221679264346424,0.2571133068707381,178
StrongLocal,trial_0017_bite_010,trial_0017,withdrawal,0.19452528608578312,0.21168976572230785,0.21168976572230785,73,0.6087286729892476,0.20302384286432673,0.1360121962247104,0.1846549893374574,0.22789973448263723,73
StrongLocal,trial_0017_bite_011,trial_0017,transfer,0.1327440671959566,0.1376404044873323,0.1376404044873323,120,0.11512287433587431,0.04756899455405561,0.007691400577978758,0.029021557266338593,0.1254421341627996,120
StrongLocal,trial_0017_bite_011,trial_0017,withdrawal,0.16199125133053344,0.1916823958653402,0.1916823958653402,71,0.3670701368939886,0.11939782024163392,0.03256222020132604,0.07529452696017858,0.15299357134841962,71
StrongLocal,trial_0017_bite_012,trial_0017,transfer,0.09198623252801698,0.10072289966631914,0.10072289966631914,176,0.09701548530509463,0.09701548530509463,0.031456200842018125,0.06487821119397497,0.22153809546510272,176
StrongLocal,trial_0017_bite_012,trial_0017,withdrawal,0.16795695282126594,0.19683812312428925,0.19683812312428925,68,0.2767987265073151,0.09727327478810777,0.048488267921161524,0.08016355040670797,0.11269235695390822,68
StrongLocal,trial_0017_bite_013,trial_0017,transfer,0.06384493744880342,0.08535571107316932,0.08535571107316932,90,0.09132547997984641,0.04935801458610767,0.018959282210938157,0.03554779232536376,0.09698137834296272,90
StrongLocal,trial_0017_bite_013,trial_0017,withdrawal,0.06100207811947523,0.07267447114039918,0.07267447114039918,79,0.5212315356032176,0.3261189387002661,0.20480424467575334,0.29614008004800185,0.3897133899843399,79
StrongLocal,trial_0017_bite_014,trial_0017,transfer,0.08832998620976153,0.10302987901754362,0.10302987901754362,232,0.05806317961244689,0.05806317961244689,0.023193612596210056,0.04530977501289968,0.19720296584606567,232
StrongLocal,trial_0017_bite_014,trial_0017,withdrawal,0.07466852993760553,0.10138393336285673,0.10138393336285673,149,0.5849264619892955,0.5849264619892955,0.3495727651959778,0.5575174233527647,0.8198180163263271,149
StrongLocal,trial_0017_bite_015,trial_0017,transfer,0.05088384932955202,0.06254880658064668,0.06254880658064668,332,0.10430663897056158,0.10430663897056158,0.060685219072865976,0.10253053204118112,0.35511668579046596,332
StrongLocal,trial_0017_bite_015,trial_0017,withdrawal,0.09274895772219978,0.12608110172113343,0.12608110172113343,75,6.133571094704028,0.12070114035506707,0.04002414339475059,0.08580506194477255,0.2960139350915183,75
StrongLocal,trial_0019_bite_001,trial_0019,transfer,0.04977255786460664,0.05342465831087859,0.05342465831087859,106,0.19110312821855047,0.19110312821855047,0.11342214853273878,0.1685370934197672,0.24254712729705563,106
StrongLocal,trial_0019_bite_001,trial_0019,withdrawal,0.07826686400852388,0.09863639463740322,0.09863639463740322,91,0.5690175665564232,0.5690175665564232,0.2192381091153917,0.5078215263109036,0.6302136068019428,91
StrongLocal,trial_0019_bite_002,trial_0019,transfer,0.022644066121086097,0.026038128559628594,0.026038128559628594,124,0.1198408630317922,0.1198408630317922,0.07714476538635873,0.1198408630317922,0.2118875564922864,124
StrongLocal,trial_0019_bite_002,trial_0019,withdrawal,0.10988685048182405,0.12551204352623727,0.12551204352623727,102,0.3673837406577345,0.3673837406577345,0.11288159581249836,0.2087669675065329,0.527908880033841,102
StrongLocal,trial_0019_bite_003,trial_0019,transfer,0.06686661719840718,0.07448718485126607,0.07448718485126607,115,0.19110495111116155,0.19110495111116155,0.13637127967742846,0.19110495111116155,0.25110114928268024,115
StrongLocal,trial_0019_bite_003,trial_0019,withdrawal,0.07515658729091698,0.0939977244881963,0.0939977244881963,93,0.2403530459902643,0.2403530459902643,0.14052474459894457,0.2257389289642444,0.26375477300480066,93
StrongLocal,trial_0019_bite_004,trial_0019,transfer,0.07366382102521232,0.08067604235470563,0.08067604235470563,113,0.2595352594168685,0.2595352594168685,0.2047986066805233,0.2595352594168685,0.3012880025767357,113
StrongLocal,trial_0019_bite_004,trial_0019,withdrawal,0.0778340749491781,0.08760909142584203,0.08760909142584203,90,0.44381470642904297,0.44381470642904297,0.15405240162435302,0.26589975796781484,0.6217296548902711,90
StrongLocal,trial_0019_bite_005,trial_0019,transfer,0.0389829469241924,0.042321765866008595,0.042321765866008595,128,0.21482297694142405,0.21482297694142405,0.1775766610524882,0.2141619268236239,0.26227046414645505,128
StrongLocal,trial_0019_bite_005,trial_0019,withdrawal,0.11863395036122651,0.1341039207119334,0.1341039207119334,156,0.17319469234376905,0.17319469234376905,0.12026887415919431,0.17319469234376905,0.29362847066042885,156
StrongLocal,trial_0019_bite_006,trial_0019,transfer,0.04708705808237148,0.051628088335950624,0.051628088335950624,110,0.06919589542192561,0.06919589542192561,0.041620427576394795,0.06919589542192561,0.16057404986258694,110
StrongLocal,trial_0019_bite_006,trial_0019,withdrawal,0.19501549924732586,0.21103037633193245,0.21103037633193245,116,0.2572296472295852,0.2572296472295852,0.09884783102600202,0.1304425226453776,0.4101543297641137,116
StrongLocal,trial_0019_bite_007,trial_0019,transfer,0.10183842381895124,0.1199894375092282,0.1199894375092282,114,0.14523786762192303,0.1732464276825687,0.05146145579394526,0.11595837054578917,0.20550794893594881,114
StrongLocal,trial_0019_bite_007,trial_0019,withdrawal,0.15844377456328018,0.16707424806467486,0.16707424806467486,99,0.20887834498998625,0.33495757038692453,0.15806115410735153,0.2033365439000141,0.3662965194255312,99
StrongLocal,trial_0019_bite_008,trial_0019,transfer,0.08140187366204658,0.08579720350877049,0.08579720350877047,136,0.06676309450656026,0.06676309450656026,0.021935121417667444,0.04755976125654282,0.1833656435442177,136
StrongLocal,trial_0019_bite_008,trial_0019,withdrawal,0.16832293229493092,0.20284620147697335,0.20284620147697335,113,0.19247595375387094,0.19247595375387094,0.06507822390461271,0.1179929723373978,0.32564127884994676,113
StrongLocal,trial_0019_bite_009,trial_0019,transfer,0.044862463740881396,0.047326133164708545,0.047326133164708545,133,0.08411490225625151,0.08411490225625151,0.05713114800818364,0.0821358185758454,0.160918804809552,133
StrongLocal,trial_0019_bite_009,trial_0019,withdrawal,0.11297306575015906,0.1368028489026983,0.1368028489026983,108,0.28454470091445616,0.28454470091445616,0.12904351871178157,0.19181954636584875,0.3879114366102385,108
StrongLocal,trial_0019_bite_010,trial_0019,transfer,0.021923555664136576,0.03211858220049348,0.03211858220049348,137,0.09521707054314943,0.09521707054314943,0.07276325221037584,0.09521707054314943,0.20969361295215716,137
StrongLocal,trial_0019_bite_010,trial_0019,withdrawal,0.08568856503492259,0.09529460097962325,0.09529460097962325,99,0.3610205531831596,0.3610205531831596,0.16629228713143085,0.25397183511325405,0.4776007064523595,99
StrongLocal,trial_0019_bite_011,trial_0019,transfer,0.06423771996012244,0.07198179509045702,0.07198179509045702,176,0.13071456403037107,0.0996802094883491,0.02798129771742886,0.05073389628316205,0.37293874260426163,176
StrongLocal,trial_0019_bite_011,trial_0019,withdrawal,0.17500306831504686,0.19958787806863137,0.19958787806863137,104,0.3451965915772153,0.3451965915772153,0.1143799199265985,0.22826605937580657,0.5734626509530218,104
StrongLocal,trial_0019_bite_012,trial_0019,transfer,0.02886860542519995,0.03222888575025785,0.03222888575025785,116,0.08858319567152106,0.08858319567152106,0.06774301678676646,0.08858319567152106,0.13491983423747467,116
StrongLocal,trial_0019_bite_012,trial_0019,withdrawal,0.03928116346155049,0.0457602443510286,0.0457602443510286,113,0.34513626631301264,0.34513626631301264,0.18803556637123353,0.303154028469387,0.389134324835795,113
StrongLocal,trial_0019_bite_013,trial_0019,transfer,0.020940820221303655,0.026243948057897416,0.026243948057897416,140,0.13416830406930247,0.13416830406930247,0.09862192410842523,0.1340774616128484,0.17422493140049244,140
StrongLocal,trial_0019_bite_013,trial_0019,withdrawal,0.10229404724211658,0.12151173543092925,0.12151173543092925,113,0.5842433718916853,0.5842433718916853,0.31773561763417124,0.5173337480004481,0.7054891357825746,113
StrongLocal,trial_0019_bite_014,trial_0019,transfer,0.12204569544381369,0.12579836776111616,0.12579836776111616,178,0.11579894071593433,0.11579894071593433,0.06309231897323107,0.11579894071593433,0.258375675621799,178
StrongLocal,trial_0019_bite_014,trial_0019,withdrawal,0.07604016006549218,0.09796158516894357,0.09796158516894357,115,0.5910666216069567,0.5910666216069567,0.25249667909804063,0.4705924529549699,0.7115407902589435,115
StrongLocal,trial_0019_bite_015,trial_0019,transfer,0.05940961589068954,0.06123093166218383,0.06123093166218383,130,0.06720596071802287,0.06720596071802287,0.03634494764257117,0.05679878542134453,0.14719329978060225,130
StrongLocal,trial_0019_bite_015,trial_0019,withdrawal,0.06532308621759786,0.07526629006077987,0.07526629006077987,106,0.31238337038670627,0.31238337038670627,0.1830296265132858,0.2709235636120382,0.41306609809691164,106
StrongLocal,trial_0019_bite_016,trial_0019,transfer,0.04671069831605619,0.04846725862454686,0.04846725862454686,151,0.08979519992675167,0.08979519992675167,0.053221672237333525,0.08089496451391165,0.14953897071594735,151
StrongLocal,trial_0019_bite_016,trial_0019,withdrawal,0.08261250473341133,0.09346861046545733,0.09346861046545733,99,0.49591172024270236,0.49591172024270236,0.30071080472109485,0.4499322682417217,0.5441771887710738,99
StrongLocal,trial_0019_bite_017,trial_0019,transfer,0.0880014447046275,0.08964380832670307,0.08964380832670307,135,0.07122740474237332,0.07122740474237332,0.031069880555482324,0.051624564041414356,0.14052459106123694,135
StrongLocal,trial_0019_bite_017,trial_0019,withdrawal,0.05239735674722251,0.061109012766756725,0.061109012766756725,106,0.47557682815472146,0.47557682815472146,0.19436694004831745,0.38821049711964273,0.565526113004593,106
StrongLocal,trial_0019_bite_018,trial_0019,transfer,0.018256152250090082,0.023143273598553293,0.023143273598553293,133,0.11940465770382458,0.11940465770382458,0.09044301352586354,0.11940465770382458,0.21554922339903904,133
StrongLocal,trial_0019_bite_018,trial_0019,withdrawal,0.0660275192790965,0.07165572775722585,0.07165572775722585,111,0.5230850289643136,0.5230850289643136,0.26961022918900585,0.4361020539499605,0.6187705982136995,111
StrongLocal,trial_0019_bite_019,trial_0019,transfer,0.12804601278034172,0.1357349424295252,0.1357349424295252,143,0.07459759770051555,0.07459759770051555,0.031940492151514024,0.05693052431282242,0.14575932638563582,143
StrongLocal,trial_0019_bite_019,trial_0019,withdrawal,0.04522201224854272,0.05234532391644851,0.05234532391644851,97,0.44381683978859954,0.44381683978859954,0.2735895880749314,0.42715117200773367,0.5402179001727863,97
StrongLocal,trial_0019_bite_020,trial_0019,transfer,0.024470319731535427,0.030132137563541463,0.030132137563541463,185,0.13909080538226126,0.13909080538226126,0.0893330540526915,0.1293493801787151,0.19891594277002644,185
StrongLocal,trial_0019_bite_020,trial_0019,withdrawal,0.044095823451054644,0.05289029381056533,0.05289029381056533,135,0.34865367524515145,0.34865367524515145,0.15781173565839718,0.2924210752784795,0.43630143830565515,135
StrongLocal,trial_0019_bite_021,trial_0019,transfer,0.03630462305142711,0.036910035303477626,0.03691003530347762,178,0.06758520007114877,0.06758520007114877,0.05178418103904093,0.06652296500665855,0.1441252262606505,178
StrongLocal,trial_0019_bite_021,trial_0019,withdrawal,0.034420618677025144,0.03969112103758301,0.03969112103758301,116,0.3818360617701222,0.3818360617701222,0.15455233043651276,0.31331414099095767,0.4550293230712894,116
StrongLocal,trial_0019_bite_022,trial_0019,transfer,0.02407850077809624,0.02760143160192497,0.02760143160192497,140,0.12913808108083158,0.12913808108083158,0.09159941061106125,0.12913808108083158,0.20541474452518038,140
StrongLocal,trial_0019_bite_022,trial_0019,withdrawal,0.05089522435782623,0.06107490139471246,0.06107490139471246,108,0.228263079328066,0.228263079328066,0.09236267580787938,0.1892365135000209,0.46060599314568984,108
StrongLocal,trial_0019_bite_023,trial_0019,transfer,0.05587547237102327,0.05661667934424553,0.05661667934424553,140,0.06834479249351677,0.06834479249351677,0.03781466354941788,0.0652309434065228,0.1262460914892385,140
StrongLocal,trial_0019_bite_023,trial_0019,withdrawal,0.03476525826118928,0.04359013489131934,0.04359013489131934,113,0.40586983910313634,0.40586983910313634,0.14988149089836425,0.3201994106163162,0.496522166388107,113
StrongLocal,trial_0019_bite_024,trial_0019,transfer,0.10541090681600124,0.10899578561255459,0.10899578561255459,151,0.0735161126389805,0.0735161126389805,0.045868136092265165,0.0735161126389805,0.14565595487210636,151
StrongLocal,trial_0019_bite_024,trial_0019,withdrawal,0.14683636871862585,0.1941294337730878,0.1941294337730878,113,0.24934797165554112,0.24934797165554112,0.10105168681328738,0.17288100473267987,0.41892718708353405,113
StrongLocal,trial_0019_bite_025,trial_0019,transfer,0.05654213896110319,0.059787089963131944,0.059787089963131944,186,0.04830017983257262,0.04081577912139034,0.011941806768633217,0.039188861122757324,0.14435698757156823,186
StrongLocal,trial_0019_bite_025,trial_0019,withdrawal,0.04000765974637905,0.04775793867605927,0.04775793867605928,108,0.22567443335583226,0.22567443335583226,0.140563227821688,0.2032085345173491,0.334258779587679,108
StrongLocal,trial_0019_bite_026,trial_0019,transfer,0.04769000881235237,0.050348185886491974,0.05034818588649197,149,0.10188191735516305,0.10188191735516305,0.05003625306122934,0.08459317999984206,0.20826828981320622,149
StrongLocal,trial_0019_bite_026,trial_0019,withdrawal,0.16825489952245515,0.20412333058774346,0.20412333058774346,120,0.4843102910947561,0.4843102910947561,0.3165172620585484,0.4455439322999828,0.577830387111125,120
StrongLocal,trial_0020_bite_001,trial_0020,transfer,0.07952334071466337,0.09030680160057197,0.09030680160057197,126,0.2498715843423076,0.2498715843423076,0.19344239531750843,0.2498715843423076,0.30185152094399204,126
StrongLocal,trial_0020_bite_001,trial_0020,withdrawal,0.11051911340890731,0.13330302243820003,0.13330302243820005,96,0.3788560776277894,0.3788560776277894,0.25950573549098516,0.37752783871494877,0.40840574912840566,96
StrongLocal,trial_0020_bite_002,trial_0020,transfer,0.07226459208279173,0.08706269445547639,0.08706269445547639,165,0.2537558654061858,0.2537558654061858,0.1747053792141326,0.2537558654061858,0.3087719200490122,165
StrongLocal,trial_0020_bite_002,trial_0020,withdrawal,0.18669964804154857,0.23776863925712446,0.23776863925712446,113,0.7149399862633095,0.7149399862633095,0.4601665649072571,0.6953595092077078,0.7358142086480903,113
StrongLocal,trial_0020_bite_003,trial_0020,transfer,0.05383775834700455,0.05780480726983707,0.05780480726983707,120,0.19144065060881,0.19144065060881,0.14273384622767585,0.19013591108576033,0.23188741557925008,120
StrongLocal,trial_0020_bite_003,trial_0020,withdrawal,0.0976129755521082,0.1251195496021018,0.1251195496021018,76,0.4813637914723321,0.4813637914723321,0.29772335322851257,0.4721388481905797,0.49079278755393263,76
StrongLocal,trial_0020_bite_004,trial_0020,transfer,0.053498417136813574,0.057037230740015085,0.057037230740015085,151,0.21472716467211939,0.21472716467211939,0.17653492624719702,0.21472716467211939,0.277448313665404,151
StrongLocal,trial_0020_bite_004,trial_0020,withdrawal,0.12921550007350202,0.15353668381790755,0.15353668381790755,97,0.523536639156688,0.523536639156688,0.35507042442225056,0.5086836040721767,0.5453814308453659,97
StrongLocal,trial_0020_bite_005,trial_0020,transfer,0.020699029142239,0.02527710336308888,0.02527710336308888,148,0.14829814179230283,0.14829814179230283,0.09533461068668998,0.13625834312951435,0.21229404944296615,148
StrongLocal,trial_0020_bite_005,trial_0020,withdrawal,0.07334038779110438,0.08979132355382251,0.08979132355382251,104,0.4748549424953432,0.4748549424953432,0.2645997648690535,0.43291432766957305,0.5287608200100826,104
StrongLocal,trial_0020_bite_006,trial_0020,transfer,0.05215802013911518,0.05552255929611534,0.05552255929611534,113,0.17692916102746503,0.17692916102746503,0.14708653956371687,0.17692916102746503,0.2133013104887791,113
StrongLocal,trial_0020_bite_006,trial_0020,withdrawal,0.12440228350692803,0.17208392509683856,0.17208392509683856,62,0.4121438410858196,0.13027428115813589,0.02937448261015569,0.10141870524564345,0.1753368017590824,62
StrongLocal,trial_0020_bite_007,trial_0020,transfer,0.1411224545280843,0.15635964071291814,0.15635964071291814,113,0.3013454831632285,0.3013454831632285,0.24567107145161107,0.3013454831632285,0.3224595117807505,113
StrongLocal,trial_0020_bite_007,trial_0020,withdrawal,0.08166175273560956,0.10122826981321553,0.10122826981321553,98,0.4607726648120818,0.4607726648120818,0.26272615417326706,0.4466539916005794,0.4792937779539179,98
StrongLocal,trial_0020_bite_008,trial_0020,transfer,0.08723973724481866,0.09805755861197168,0.09805755861197168,142,0.24988910236790263,0.24988910236790263,0.19444738800822683,0.24988910236790263,0.27201131121041744,142
StrongLocal,trial_0020_bite_008,trial_0020,withdrawal,0.09260301493940622,0.11237940345679724,0.11237940345679724,100,0.4770902358436624,0.4770902358436624,0.30229479925723235,0.47629869435499206,0.4875621826369292,100
StrongLocal,trial_0020_bite_009,trial_0020,transfer,0.08789567688280431,0.09574665183302641,0.09574665183302641,131,0.21169593131241315,0.21169593131241315,0.17344788821350227,0.21014300812696796,0.26233093778146976,131
StrongLocal,trial_0020_bite_009,trial_0020,withdrawal,0.10097463516003855,0.12948523742103002,0.12948523742103002,111,0.4695267892342696,0.4695267892342696,0.2867812529954574,0.45848606452612994,0.49470393951034186,111
StrongLocal,trial_0020_bite_010,trial_0020,transfer,0.07294026185042003,0.08352929699165033,0.08352929699165033,147,0.21849212901900472,0.21849212901900472,0.15628255984330805,0.21849212901900472,0.26399946125125906,147
StrongLocal,trial_0020_bite_010,trial_0020,withdrawal,0.131187678426348,0.17570474270820846,0.17570474270820846,102,0.6342395536782064,0.6342395536782064,0.37629424880949885,0.611514594196934,0.661723335673635,102
StrongLocal,trial_0020_bite_011,trial_0020,transfer,0.07869587192276017,0.08752834180303214,0.08752834180303214,162,0.23781573337007345,0.23781573337007345,0.18777950089912138,0.23781573337007345,0.2904764922154244,162
StrongLocal,trial_0020_bite_011,trial_0020,withdrawal,0.07623439196556457,0.09107438528524882,0.09107438528524882,100,0.45605153670085485,0.45605153670085485,0.301592478579525,0.44535105018652965,0.4701577268179693,100
StrongLocal,trial_0020_bite_012,trial_0020,transfer,0.10057573313443124,0.11092893581621961,0.11092893581621961,120,0.24640581032386288,0.24640581032386288,0.19831987927513395,0.24640581032386288,0.32062556819794974,120
StrongLocal,trial_0020_bite_012,trial_0020,withdrawal,0.19562756846987261,0.23816570630263537,0.23816570630263537,124,0.6311367326871347,0.6311367326871347,0.4335046014801317,0.6215661219140487,0.641702169358354,124
StrongLocal,trial_0020_bite_013,trial_0020,transfer,0.03835211233925268,0.04045926455804356,0.04045926455804356,143,0.15251269635530207,0.15251269635530207,0.1139620078744513,0.14744656563855107,0.20660430526071538,143
StrongLocal,trial_0020_bite_013,trial_0020,withdrawal,0.15323983380574274,0.1921078746344809,0.1921078746344809,149,0.6164040202477521,0.6164040202477521,0.4044024375091014,0.5983768762061543,0.6495591731909891,149
StrongLocal,trial_0020_bite_014,trial_0020,transfer,0.05291318485888186,0.06077769654675252,0.06077769654675252,149,0.1894780210340068,0.1894780210340068,0.1190343370299236,0.17526243367830263,0.23529631232499915,149
StrongLocal,trial_0020_bite_014,trial_0020,withdrawal,0.16232172172458212,0.20492586043044195,0.20492586043044195,117,0.6665178320694887,0.6665178320694887,0.41174569148285173,0.6418359305692949,0.7109156998013981,117
StrongLocal,trial_0020_bite_015,trial_0020,transfer,0.04980117911722482,0.0677536109590134,0.0677536109590134,323,0.22072113902578616,0.22072113902578616,0.11540448586895621,0.209441886150453,0.4663506144591145,323
StrongLocal,trial_0020_bite_015,trial_0020,withdrawal,0.17833031491440884,0.24113847874712235,0.24113847874712235,104,0.7348014025967498,0.7348014025967498,0.42099217953150786,0.721734878319694,0.7547064533326546,104
StrongLocal,trial_0020_bite_016,trial_0020,transfer,0.02706149834454545,0.03468553111017403,0.03468553111017403,163,0.14446366729177162,0.14446366729177162,0.08464808501510114,0.12374518239447196,0.21218390954739963,163
StrongLocal,trial_0020_bite_016,trial_0020,withdrawal,0.11530722758403765,0.14851735514087347,0.14851735514087347,95,0.4011910968177128,0.4011910968177128,0.25628531806495114,0.3907478686913728,0.4538955415244952,95
StrongLocal,trial_0020_bite_017,trial_0020,withdrawal,0.12397432377230973,0.17048301112659156,0.17048301112659156,104,0.604137835746732,0.604137835746732,0.34937947507123607,0.5815231821044491,0.6314381629220667,104
StrongLocal,trial_0020_bite_018,trial_0020,transfer,0.013912739363112018,0.017615306188142308,0.017615306188142308,201,0.13393955709367678,0.13393955709367678,0.10574986880925769,0.13393955709367678,0.24076136427208716,201
StrongLocal,trial_0020_bite_018,trial_0020,withdrawal,0.15641510554107438,0.223413424482139,0.223413424482139,108,0.7035833312382431,0.7035833312382431,0.3839184611907318,0.6731415431626959,0.7340521326744018,108
StrongLocal,trial_0020_bite_019,trial_0020,withdrawal,0.239356161446093,0.26867910406497725,0.26867910406497725,90,0.6305755966456661,0.6305755966456661,0.4570566614059777,0.6300492678049929,0.6324874641041074,90
