record_id,parent_bite_id,take,phase,outer_fold,adaptation_start_phase,position_correction_norm_m,terminal_orientation_correction_rad,terminal_orientation_correction_deg,full_position_deformation_rms_m,full_position_deformation_max_m,full_orientation_deformation_rms_rad,full_orientation_deformation_max_rad,unchanged_fraction_within_pre_start,overall_unchanged_fraction,orientation_correction_at_80pct_rad,orientation_correction_at_80pct_deg,orientation_correction_at_90pct_rad,orientation_correction_at_90pct_deg,orientation_correction_at_100pct_rad,orientation_correction_at_100pct_deg,nominal_terminal_position_error_m,nominal_terminal_orientation_error_rad,nominal_terminal_orientation_error_deg,nominal_rms_position_error_m,nominal_mean_position_error_m,nominal_median_position_error_m,nominal_p95_position_error_m,nominal_max_position_error_m,nominal_rms_orientation_error_rad,nominal_rms_orientation_error_deg,nominal_mean_orientation_error_deg,nominal_median_orientation_error_deg,nominal_p95_orientation_error_deg,nominal_max_orientation_error_deg,nominal_early_rms_position_error_m,nominal_early_rms_orientation_error_deg,nominal_middle_rms_position_error_m,nominal_middle_rms_orientation_error_deg,nominal_late_rms_position_error_m,nominal_late_rms_orientation_error_deg,nominal_last20_rms_position_error_m,nominal_last20_rms_orientation_error_deg,nominal_last10_rms_position_error_m,nominal_last10_rms_orientation_error_deg,nominal_path_length_m,nominal_path_length_absolute_error_m,position_only_terminal_position_error_m,position_only_terminal_orientation_error_rad,position_only_terminal_orientation_error_deg,position_only_rms_position_error_m,position_only_mean_position_error_m,position_only_median_position_error_m,position_only_p95_position_error_m,position_only_max_position_error_m,position_only_rms_orientation_error_rad,position_only_rms_orientation_error_deg,position_only_mean_orientation_error_deg,position_only_median_orientation_error_deg,position_only_p95_orientation_error_deg,position_only_max_orientation_error_deg,position_only_early_rms_position_error_m,position_only_early_rms_orientation_error_deg,position_only_middle_rms_position_error_m,position_only_middle_rms_orientation_error_deg,position_only_late_rms_position_error_m,position_only_late_rms_orientation_error_deg,position_only_last20_rms_position_error_m,position_only_last20_rms_orientation_error_deg,position_only_last10_rms_position_error_m,position_only_last10_rms_orientation_error_deg,position_only_path_length_m,position_only_path_length_absolute_error_m,full_terminal_position_error_m,full_terminal_orientation_error_rad,full_terminal_orientation_error_deg,full_rms_position_error_m,full_mean_position_error_m,full_median_position_error_m,full_p95_position_error_m,full_max_position_error_m,full_rms_orientation_error_rad,full_rms_orientation_error_deg,full_mean_orientation_error_deg,full_median_orientation_error_deg,full_p95_orientation_error_deg,full_max_orientation_error_deg,full_early_rms_position_error_m,full_early_rms_orientation_error_deg,full_middle_rms_position_error_m,full_middle_rms_orientation_error_deg,full_late_rms_position_error_m,full_late_rms_orientation_error_deg,full_last20_rms_position_error_m,full_last20_rms_orientation_error_deg,full_last10_rms_position_error_m,full_last10_rms_orientation_error_deg,full_path_length_m,full_path_length_absolute_error_m,nominal_angular_increment_rms_rad_per_phase,nominal_angular_acceleration_rms_rad_per_phase2,nominal_angular_increment_near_start_rad_per_phase,nominal_angular_increment_endpoint_rad_per_phase,nominal_angular_increment_last20_max_rad_per_phase,nominal_angular_increment_before_start_rad_per_phase,nominal_angular_increment_after_start_rad_per_phase,full_angular_increment_rms_rad_per_phase,full_angular_acceleration_rms_rad_per_phase2,full_angular_increment_near_start_rad_per_phase,full_angular_increment_endpoint_rad_per_phase,full_angular_increment_last20_max_rad_per_phase,full_angular_increment_before_start_rad_per_phase,full_angular_increment_after_start_rad_per_phase,full_angular_increment_jump_relative_nominal_near_start_rad_per_phase,full_angular_increment_difference_relative_nominal_endpoint_max_rad_per_phase,source_final_frame_index,oracle_target_reconstruction_position_residual_m,oracle_target_reconstruction_gt_position_residual_m,oracle_target_reconstruction_orientation_residual_rad
trial_0012_bite_001_transfer,trial_0012_bite_001,trial_0012,transfer,trial_0012,0.5,0.05348568794889997,0.21239043672884822,12.169075633503349,0.02385356436164325,0.05348568794889997,0.09472195547245074,0.21239043672884822,1.0,0.504950495049505,0.1449692164936427,8.30612426440405,0.20008878263351343,11.464242772810842,0.21239043672884822,12.169075633503349,0.05348568794889997,0.21239043672884822,12.169075633503349,0.0463935708330787,0.0447107522338099,0.048730597143890914,0.05564266936679683,0.05604731418420054,0.17206806440804742,9.858773879566334,9.207286527194013,10.139851551962563,13.33846139340181,13.455639216618444,0.04101901700003744,7.435769222537909,0.05176122956582852,12.521990116502257,0.05470728245104349,12.65530774746544,0.05470728245104349,12.65530774746544,0.05392540489380773,12.164786080818336,0.4723195942926935,0.02287376860293394,0.0,0.21239043672884822,12.169075633503349,0.03565330289033983,0.031627840547466465,0.04029959116268975,0.04989475123593395,0.050460809666166805,0.17206806440804742,9.858773879566334,9.207286527194013,10.139851551962563,13.33846139340181,13.455639216618444,0.04089314456387216,7.435769222537909,0.0360337131389831,12.521990116502257,0.009960475976068127,12.65530774746544,0.009960475976068127,12.65530774746544,0.00359424546361505,12.164786080818336,0.4950417890332736,0.00015157386235381543,0.0,9.64041088916272e-18,5.523548567209851e-16,0.03565330289033983,0.031627840547466465,0.04029959116268975,0.04989475123593395,0.050460809666166805,0.12231204553302666,7.007963992654381,6.210372964979082,5.973378354835866,10.548999739184053,10.654305503019234,0.04089314456387216,7.399449241236314,0.0360337131389831,8.79300471366306,0.009960475976068127,2.4767289223259055,0.009960475976068127,2.4767289223259055,0.00359424546361505,0.8335147689458021,0.4950417890332736,0.00015157386235381543,0.6965152360350115,3.8461056116976895,0.24917113693216686,0.36515468164939074,0.3883946688737468,0.19401416421800582,0.3017116376272508,0.8437324681907862,4.802874405749306,0.24980350682712976,0.36599047613677455,1.062325264406801,0.19401416421800582,0.3055933129915102,0.011141911786396787,0.06702834189181228,143,2.0088955648150104e-06,2.008895564837579e-06,3.21510290277211e-17
trial_0012_bite_002_transfer,trial_0012_bite_002,trial_0012,transfer,trial_0012,0.5,0.029113115268636126,0.16995272939595094,9.737574111116949,0.012983876537062159,0.029113115268636126,0.07579557306912478,0.1699527293959509,1.0,0.504950495049505,0.11600293497650031,6.646478585283988,0.16010906730933755,9.173573818601062,0.16995272939595094,9.737574111116949,0.029113115268636126,0.16995272939595096,9.73757411111695,0.07617193159089745,0.06695023644542676,0.05572157675578858,0.12801883406796377,0.12965948606506086,0.1644268888818362,9.420966771395774,8.931702616391377,9.941755168283033,11.330975412617217,11.708290408941556,0.09302785063638938,8.413026348923557,0.043609966764078176,10.819981308844456,0.036988438171858984,10.636942485745669,0.036988438171858984,10.636942485745669,0.034347524079704234,10.354004142394523,0.5904485168775665,0.04174528046057824,0.0,0.16995272939595096,9.73757411111695,0.07363196050891359,0.05972489062195706,0.05406320421248249,0.12801883406796377,0.12965948606506086,0.1644268888818362,9.420966771395774,8.931702616391377,9.941755168283033,11.330975412617217,11.708290408941556,0.0929883296067781,8.413026348923557,0.035659251495170456,10.819981308844456,0.012624268992627965,10.636942485745669,0.012624268992627965,10.636942485745669,0.00671196144013654,10.354004142394523,0.6158104983118691,0.016383299026275666,0.0,1.4304896245381986e-17,8.196101812329254e-16,0.07363196050891359,0.05972489062195706,0.05406320421248249,0.12801883406796377,0.12965948606506086,0.13018528773568963,7.459067541951254,6.564551186115341,8.694212793684088,10.517123533580506,10.726198052468366,0.0929883296067781,8.395487159752749,0.035659251495170456,7.934102311313441,0.012624268992627965,2.500996748272671,0.012624268992627965,2.500996748272671,0.00671196144013654,1.3176727127476386,0.6158104983118691,0.016383299026275666,0.5748024948114827,3.810257920639937,0.3374533184032168,0.37180266015660307,0.447240339791455,0.29095045681976295,0.3792201384157942,0.7170833073508259,4.404726256345775,0.3379502820371862,0.37302281538678433,0.9473206102214987,0.29095045681976295,0.38283983442456,0.008915652290214996,0.02974317465482662,187,7.565641783922877e-07,7.565641782787326e-07,3.1591895079241975e-17
trial_0012_bite_003_transfer,trial_0012_bite_003,trial_0012,transfer,trial_0012,0.5,0.040761059043640066,0.276080115066253,15.81822540078243,0.0181786302585308,0.040761059043640066,0.12312629875854823,0.276080115066253,1.0,0.504950495049505,0.18844124333962173,10.796887929558059,0.2600895548016158,14.902033785569119,0.276080115066253,15.81822540078243,0.040761059043640066,0.2760801150662531,15.818225400782433,0.048240974169546286,0.04428839920440582,0.043308387497536155,0.07298484626169431,0.07455589686951186,0.23280369894241293,13.338669404434487,11.942792521122968,14.610011451969653,17.751176425702074,17.971070501937607,0.050620390010676745,9.715403928766648,0.046417415835588734,17.49967405240507,0.04265553474077425,17.157275287075628,0.04265553474077425,17.157275287075628,0.042706610039248714,16.797975230978665,0.6028692083070832,0.04888255218941007,0.0,0.2760801150662531,15.818225400782433,0.04237687759596282,0.03475625536438277,0.027346760615842222,0.07298484626169431,0.07455589686951186,0.23280369894241293,13.338669404434487,11.942792521122968,14.610011451969653,17.751176425702074,17.971070501937607,0.050539451081812604,9.715403928766648,0.03622584319095009,17.49967405240507,0.00945005415994286,17.157275287075628,0.00945005415994286,17.157275287075628,0.005213397669208938,16.797975230978665,0.6220462614891428,0.029705499007350533,0.0,1.4304896245381995e-17,8.19610181232926e-16,0.04237687759596282,0.03475625536438277,0.027346760615842222,0.07298484626169431,0.07455589686951186,0.1663708606865072,9.532348151295851,8.025083860410767,8.190985796062204,15.4179261859344,15.846649517458147,0.050539451081812604,9.664469941072975,0.03622584319095009,12.842061523611692,0.00945005415994286,3.6183536837188517,0.00945005415994286,3.6183536837188517,0.005213397669208938,1.8064965193059248,0.6220462614891428,0.029705499007350533,0.6966471299592565,3.8758540312268086,0.2643176991654957,0.4452208783969329,0.5043150435515378,0.23269189338563584,0.30409969899590245,0.9384636438628029,5.294973739431652,0.26425667875929254,0.4469910557552019,1.332639238821615,0.23269189338563584,0.30573295305329695,0.014483047137945283,0.07247737902737507,145,1.5706714337191745e-07,1.5706714335564992e-07,3.30924540897866e-17
trial_0012_bite_004_transfer,trial_0012_bite_004,trial_0012,transfer,trial_0012,0.5,0.04307639407918417,0.28209577038420497,16.162897061506506,0.01921122412442412,0.04307639407918417,0.12580916265741635,0.28209577038420497,1.0,0.504950495049505,0.192547289033443,11.032147018301885,0.26575678336355196,15.226742063704057,0.28209577038420497,16.162897061506506,0.04307639407918417,0.282095770384205,16.16289706150651,0.06465309156750379,0.05785884081258381,0.05338801401371493,0.09409728634711635,0.09434607508533539,0.21514663073037749,12.32699391731025,11.390821582870746,13.984073284471732,16.32191865929785,16.666611947253546,0.07108466823660152,9.686417847069833,0.06210025981024652,14.755139709970688,0.04465294652698333,15.981459917638393,0.04465294652698333,15.981459917638393,0.04388680573339797,15.745357471805942,0.6162002979484926,0.05071189383092112,0.0,0.282095770384205,16.16289706150651,0.05993996380039791,0.04857695270474777,0.04633144477751895,0.09409728634711635,0.09434607508533539,0.21514663073037749,12.32699391731025,11.390821582870746,13.984073284471732,16.32191865929785,16.666611947253546,0.07100370280004813,9.686417847069833,0.0534608537774613,14.755139709970688,0.012382627785460471,15.981459917638393,0.012382627785460471,15.981459917638393,0.005479207537262752,15.745357471805942,0.6379415327058192,0.02897065907359453,0.0,5.3249229602685206e-17,3.050956118556948e-15,0.05993996380039791,0.04857695270474777,0.04633144477751895,0.09409728634711635,0.09434607508533539,0.15405615420167068,8.826767443772335,7.587206199112246,8.012020884191932,14.619174328270377,15.02361951769172,0.07100370280004813,9.64057549129922,0.0534608537774613,10.271016625252278,0.012382627785460471,2.950195922629009,0.012382627785460471,2.950195922629009,0.005479207537262752,1.3975794340170136,0.6379415327058192,0.02897065907359453,0.7357533885776654,4.167831306160726,0.23171208387627457,0.44135919380314076,0.5029602156814057,0.21402417105212065,0.26512406109781794,0.9770341691576604,5.580645385195644,0.2310267610346895,0.443341816218145,1.3653609315287258,0.21402417105212065,0.2638121781679317,0.014798621698410648,0.05849953367572677,146,1.9134182437032878e-07,1.9134182442699414e-07,4.9774113334580354e-17
trial_0012_bite_005_transfer,trial_0012_bite_005,trial_0012,transfer,trial_0012,0.5,0.040841156838877714,0.05313864353576234,3.044620003649316,0.018214352299084004,0.040841156838877714,0.023698789382343436,0.05313864353576232,1.0,0.504950495049505,0.03627031253176995,2.078135829690878,0.050060853302171006,2.868275613037949,0.05313864353576234,3.044620003649316,0.040841156838877714,0.05313864353576235,3.044620003649317,0.05717728284818785,0.05369291047514642,0.050569619824245716,0.0810704937369184,0.08178353332135921,0.08427266854245483,4.82846823578756,4.54118443923717,4.9001270489108535,6.4389886392763955,6.896534543197986,0.06385036375139812,5.470099487158183,0.04898876472523853,4.220048351382884,0.04230461564754823,3.110880982097335,0.04230461564754823,3.110880982097335,0.04181918050786599,3.199223851252709,0.5513927389096188,0.042351073176232656,0.0,0.05313864353576235,3.044620003649317,0.052057748741340885,0.043529848750238125,0.04706899805356102,0.0810704937369184,0.08178353332135921,0.08427266854245483,4.82846823578756,4.54118443923717,4.9001270489108535,6.4389886392763955,6.896534543197986,0.06376713701518912,5.470099487158183,0.037751879222320345,4.220048351382884,0.007659342637798158,3.110880982097335,0.007659342637798158,3.110880982097335,0.002845918372871838,3.199223851252709,0.5857493459703331,0.00799446611551835,0.0,4.8199097454382924e-17,2.7616048604758914e-15,0.052057748741340885,0.043529848750238125,0.04706899805356102,0.0810704937369184,0.08178353332135921,0.07931154975063477,4.544217067353229,3.9758097635528578,4.765863065426851,6.4389886392763955,6.896534543197986,0.06376713701518912,5.4662524687978316,0.037751879222320345,3.648961094662037,0.007659342637798158,1.124351235416091,0.007659342637798158,1.124351235416091,0.002845918372871838,0.7839294957027877,0.5857493459703331,0.00799446611551835,0.5403977356524229,4.078692779408621,0.4046850471736359,0.44435870786737525,0.4698721227056668,0.3627126820561665,0.4384547937460947,0.5859805412069958,4.1419517867112745,0.4050834673976059,0.4447201145387255,0.6454333673116834,0.3627126820561665,0.4411853915463082,0.002787628009790456,0.013620015691485502,121,6.778190585913065e-07,6.778190586310954e-07,8.03769673209942e-17
trial_0012_bite_006_transfer,trial_0012_bite_006,trial_0012,transfer,trial_0012,0.5,0.032746907969208865,0.2730459023727183,15.644377819297869,0.014604476577633642,0.032746907969208865,0.12177309960289195,0.2730459023727183,1.0,0.504950495049505,0.18637021112352267,10.678226524339957,0.2572310837072906,14.738255456004143,0.2730459023727183,15.644377819297869,0.032746907969208865,0.27304590237271825,15.644377819297867,0.06314503138046909,0.05488102839199603,0.04840827486175125,0.10381315917176516,0.10494883141725385,0.13983929525784702,8.012201428358422,6.9172501293993,5.028572336772914,14.548215319127504,15.644377819297869,0.07076431450587478,4.222894672376278,0.061588492203890205,8.696368437757481,0.03545530647632216,13.629844179740166,0.03545530647632216,13.629844179740166,0.034022434766302984,14.672100311732382,0.5835696974983693,0.042843879745488644,0.0,0.27304590237271825,15.644377819297867,0.059746063585112794,0.047368478519043807,0.04051039263832998,0.10381315917176516,0.10494883141725385,0.13983929525784702,8.012201428358422,6.9172501293993,5.028572336772914,14.548215319127504,15.644377819297869,0.07069625910992555,4.222894672376278,0.05410235646590962,8.696368437757481,0.01002340326673485,13.629844179740166,0.01002340326673485,13.629844179740166,0.004566609306215867,14.672100311732382,0.6069750557172575,0.019438521526600416,0.0,8.049191700748707e-17,4.6118471294463e-15,0.059746063585112794,0.047368478519043807,0.04051039263832998,0.10381315917176516,0.10494883141725385,0.06797055045918621,3.8944256724923694,3.5444383563998487,3.614365147364801,5.816905022438724,6.045722870705936,0.07069625910992555,4.1868706137133564,0.05410235646590962,4.6269005416608255,0.01002340326673485,1.5715381995920803,0.01002340326673485,1.5715381995920803,0.004566609306215867,1.1402628931336918,0.6069750557172575,0.019438521526600416,0.5744728623933231,4.0700411405824735,0.3446402762953646,0.40006042585174617,0.4474014612979974,0.2994572951464888,0.38276890633738153,0.826028974818996,5.239429389543166,0.34542036910645185,0.40186060251409605,1.2504326300115032,0.2994572951464888,0.3882951108995435,0.014323879908791524,0.060779067033747386,156,2.472912476407438e-07,2.4729124770454746e-07,1.5657174596109165e-17
trial_0012_bite_007_transfer,trial_0012_bite_007,trial_0012,transfer,trial_0012,0.5,0.03380886372880403,0.07446908342764547,4.2667641846117075,0.015078087949799646,0.03380886372880403,0.03321174584481446,0.07446908342764547,1.0,0.504950495049505,0.05082961758437371,2.912322561848568,0.07015583411551628,4.019633203039,0.07446908342764547,4.2667641846117075,0.03380886372880403,0.07446908342764545,4.266764184611707,0.05333159870328801,0.048130553871500975,0.044366469718230994,0.08137132815495017,0.08165836684282178,0.07142094640485089,4.0921187978280065,3.677690314928302,3.3192385439281584,6.9152015341063375,7.072963289623515,0.0595292809492644,4.831533857561343,0.04788325934823399,2.018256900733103,0.03702634423058143,3.1562385574064242,0.03702634423058143,3.1562385574064242,0.03550352700774275,3.505405129637497,0.587739434868899,0.016704031986835455,0.0,0.07446908342764545,4.266764184611707,0.04916995154177772,0.03983410613133193,0.03680671113524092,0.08137132815495017,0.08165836684282178,0.07142094640485089,4.0921187978280065,3.677690314928302,3.3192385439281584,6.9152015341063375,7.072963289623515,0.05945681093095831,4.831533857561343,0.039013794380990084,2.018256900733103,0.008831309539605368,3.1562385574064242,0.008831309539605368,3.1562385574064242,0.0035280315676032284,3.505405129637497,0.615729436969623,0.011285970113888544,0.0,4.002101426321448e-17,2.2930352091150597e-15,0.04916995154177772,0.03983410613133193,0.03680671113524092,0.08137132815495017,0.08165836684282178,0.06696013905036423,3.8365333631950023,3.1755265181590095,2.6450478786565976,6.9152015341063375,7.072963289623515,0.05945681093095831,4.833653942135197,0.039013794380990084,1.7428646778695969,0.008831309539605368,1.0693487401949426,0.008831309539605368,1.0693487401949426,0.0035280315676032284,0.9963361106279153,0.615729436969623,0.011285970113888544,0.5842328209724952,4.232452481845684,0.3736293915985526,0.4550159459804492,0.5041797709469787,0.3292702153181372,0.41095501051046096,0.594645987275023,4.288990983938729,0.37348199273624,0.45515706243672344,0.5517960544663646,0.3292702153181372,0.40995506754736577,0.00390662015722713,0.03328734681981341,132,7.816363126809608e-07,7.816363125964209e-07,5.945163389394419e-17
trial_0012_bite_008_transfer,trial_0012_bite_008,trial_0012,transfer,trial_0012,0.5,0.05733333215387837,0.14216409648214504,8.145402726717544,0.025569537965120914,0.05733333215387837,0.06340238959984157,0.142164096482145,1.0,0.504950495049505,0.09703552569485295,5.559726085148329,0.13392995201389926,7.673621000786068,0.14216409648214504,8.145402726717544,0.05733333215387837,0.142164096482145,8.145402726717542,0.09175677103107305,0.08030686551343037,0.07419240946835602,0.14620592126678614,0.1477764101917266,0.20262652776088128,11.609644858088908,10.441855773491861,11.716992212639529,15.857587200527409,15.978637942320509,0.10214809007517786,11.95017579686079,0.08547517229566239,13.553592858524476,0.06101356917583524,8.079278447215371,0.06101356917583524,8.079278447215371,0.05859427742862221,7.822330506686494,0.6097582219716643,0.0325441206236301,0.0,0.142164096482145,8.145402726717542,0.08483825940882493,0.06605889507415759,0.05684443127656919,0.14620592126678614,0.1477764101917266,0.20262652776088128,11.609644858088908,10.441855773491861,11.716992212639529,15.857587200527409,15.978637942320509,0.10202155142806693,11.95017579686079,0.07029972985155028,13.553592858524476,0.013103431975059174,8.079278447215371,0.013103431975059174,8.079278447215371,0.003903957098937095,7.822330506686494,0.6499721895281783,0.0076698469328838614,0.0,3.3738030318740264e-17,1.9330467463482287e-15,0.08483825940882493,0.06605889507415759,0.05684443127656919,0.14620592126678614,0.1477764101917266,0.18341742973577063,10.509044612996984,8.500403232431326,9.081037982239414,15.818297532787668,15.978637942320509,0.10202155142806693,11.92811351194632,0.07029972985155028,11.309328644969252,0.013103431975059174,1.6850898131077579,0.013103431975059174,1.6850898131077579,0.003903957098937095,0.7635892623022648,0.6499721895281783,0.0076698469328838614,0.6289162910472023,4.342220039439518,0.29153019596271174,0.4106555767999197,0.46478854411007314,0.2532670956549556,0.3277073977814335,0.5976684510222735,4.552074914761148,0.2911640305968608,0.4095722229402382,0.41008659844048273,0.2532670956549556,0.32482520750727484,0.007457868810595185,0.020069125934827892,167,2.2438467993973462e-07,2.2438467990956344e-07,5.69702419104046e-17
trial_0012_bite_009_transfer,trial_0012_bite_009,trial_0012,transfer,trial_0012,0.5,0.06368931460383087,0.0978207653746453,5.604717004706635,0.028404181068080854,0.06368931460383087,0.04362613649091702,0.09782076537464532,1.0,0.504950495049505,0.06676854161411792,3.8255556387325624,0.0921549866441459,5.280091795794029,0.0978207653746453,5.604717004706635,0.06368931460383087,0.09782076537464532,5.604717004706636,0.07195998718435745,0.05829238011260849,0.05257605151645456,0.14118461493487375,0.1484804004332172,0.19092723593039093,10.939324812909929,9.805627157029138,9.86028907527871,16.81710379047574,17.188729054640234,0.07883446938062978,8.947458458846548,0.06754835787528515,16.221888698966545,0.052939403152221697,9.808007739055395,0.052939403152221697,9.808007739055395,0.05937716279966351,6.392439382934403,0.5852889562414243,0.06958407190780103,0.0,0.09782076537464532,5.604717004706636,0.06901418721738199,0.05132821450156582,0.03178746423856102,0.14118461493487375,0.1484804004332172,0.19092723593039093,10.939324812909929,9.805627157029138,9.86028907527871,16.81710379047574,17.188729054640234,0.07888947755975918,8.947458458846548,0.0706684617906013,16.221888698966545,0.019229381968577878,9.808007739055395,0.019229381968577878,9.808007739055395,0.00790017554946259,6.392439382934403,0.632683696969084,0.022189331180141325,0.0,7.601177430610147e-17,4.355153861040566e-15,0.06901418721738199,0.05132821450156582,0.03178746423856102,0.14118461493487375,0.1484804004332172,0.1713055929162207,9.815087481085618,8.447245389297656,9.344192255988403,16.166496134194215,16.70007256809792,0.07888947755975918,8.92881589239038,0.0706684617906013,14.572853667393767,0.019229381968577878,5.769970263850511,0.019229381968577878,5.769970263850511,0.00790017554946259,1.4537377420057047,0.632683696969084,0.022189331180141325,0.5411993117068216,4.602967295248293,0.408663277461054,0.41274166747329805,0.46422358831324134,0.37085157910587746,0.43576902792923183,0.531338877028691,4.7772263779151505,0.4083029404111539,0.4122205458931986,0.44790566469402265,0.37085157910587746,0.4335198996071417,0.00513164031223329,0.02934221752423819,241,5.030759301619737e-07,5.030759302215954e-07,5.494169795072339e-17
trial_0012_bite_010_transfer,trial_0012_bite_010,trial_0012,transfer,trial_0012,0.5,0.06183482366047343,0.12586241226601086,7.2113850221780265,0.02757711459905228,0.06183482366047343,0.05613215921551428,0.12586241226601083,1.0,0.504950495049505,0.08590864811628841,4.922202960737836,0.11857246134756357,6.793701601693478,0.12586241226601086,7.2113850221780265,0.06183482366047343,0.12586241226601086,7.2113850221780265,0.05908356423115539,0.05317724593796429,0.062143394527896356,0.08221607251630392,0.08258348424894178,0.12431531481511472,7.122742867746229,6.120377771739911,7.17210317890922,11.044877955270762,11.376445713127348,0.0500093392440061,4.6773800311418565,0.07685490229990688,10.830398949765017,0.06339147567001856,8.35365958127993,0.06339147567001856,8.35365958127993,0.061946935377192154,7.748493379571261,0.5914621150825233,0.05295641997815348,0.0,0.12586241226601086,7.2113850221780265,0.046790579700347945,0.037650719668159756,0.03551519693057215,0.08062552717412665,0.0817376122371427,0.12431531481511472,7.122742867746229,6.120377771739911,7.17210317890922,11.044877955270762,11.376445713127348,0.04979944126660328,4.6773800311418565,0.05901494559274785,10.830398949765017,0.011277571766466894,8.35365958127993,0.011277571766466894,8.35365958127993,0.00200569728534047,7.748493379571261,0.6396367631560148,0.004781771904662002,0.0,3.3322949802812566e-17,1.909264384627459e-15,0.046790579700347945,0.037650719668159756,0.03551519693057215,0.08062552717412665,0.0817376122371427,0.09387912296683688,5.3788775303894285,4.344558884393999,3.5562282104138347,10.134523671338432,10.36257822858541,0.04979944126660328,4.646106021152283,0.05901494559274785,8.67297949933849,0.011277571766466894,2.4159700277389495,0.011277571766466894,2.4159700277389495,0.00200569728534047,1.1136573351841852,0.6396367631560148,0.004781771904662002,0.5500327521870417,3.6367633211311685,0.41839009608396693,0.4187645787949583,0.5225665319741793,0.3738867836287221,0.4572235896251916,0.5541815835446764,3.908963908776115,0.41826673306404455,0.41827236898485326,0.5590840355288558,0.3738867836287221,0.45640369337716236,0.006602698906103944,0.046455047960698596,151,3.873369181178186e-07,3.873369181402346e-07,4.72854368503356e-17
trial_0012_bite_011_transfer,trial_0012_bite_011,trial_0012,transfer,trial_0012,0.5,0.038780177061438936,0.08955499666804942,5.131123343387381,0.017295195873235098,0.038780177061438936,0.03993976629727538,0.0895549966680494,1.0,0.504950495049505,0.06112665852574384,3.5022995492624927,0.08436797126103604,4.833928679338387,0.08955499666804942,5.131123343387381,0.038780177061438936,0.08955499666804939,5.13112334338738,0.07477843295734425,0.06616583086873937,0.060167874670552894,0.11670050360806679,0.11763468741120102,0.1428838005737292,8.186638733663614,7.615053438505141,8.692164932109323,10.481784996991646,10.762350566708268,0.08472888336077566,8.099322117670608,0.06888619656980469,8.81210398409356,0.043165261330450407,7.807571937764758,0.043165261330450407,7.807571937764758,0.040622598995146794,6.8938202069684635,0.5923355756903872,0.030110344292281543,0.0,0.08955499666804939,5.13112334338738,0.07067796899575975,0.05724628057209205,0.05210874499008342,0.11670050360806679,0.11763468741120102,0.1428838005737292,8.186638733663614,7.615053438505141,8.692164932109323,10.481784996991646,10.762350566708268,0.0846388515353556,8.099322117670608,0.0594433283420498,8.81210398409356,0.013867757048825804,7.807571937764758,0.013867757048825804,7.807571937764758,0.00554215548243929,6.8938202069684635,0.6222329213670112,0.00021299861565748923,0.0,2.0978681678024114e-17,1.2019899198992095e-15,0.07067796899575975,0.05724628057209205,0.05210874499008342,0.11670050360806679,0.11763468741120102,0.13018414630445035,7.459002142758639,6.688116220297871,7.249324285591611,10.481784996991646,10.762350566708268,0.0846388515353556,8.091624195346041,0.0594433283420498,7.708598465262514,0.013867757048825804,4.891174152724827,0.013867757048825804,4.891174152724827,0.00554215548243929,3.622952957485885,0.6222329213670112,0.00021299861565748923,0.5737624076170031,3.79955089802764,0.38444358298535564,0.4059688500189461,0.4807000496638013,0.34027135836110345,0.4227970918230267,0.5488802117933941,3.861491170048298,0.38421509902615575,0.40545341218623543,0.41235167995214494,0.34027135836110345,0.4212383094932664,0.004698021564593379,0.029177061628938156,204,6.741638564227655e-07,6.741638563491664e-07,5.764470270649918e-17
trial_0012_bite_012_transfer,trial_0012_bite_012,trial_0012,transfer,trial_0012,0.5,0.05445869622176661,0.09654541642736035,5.531644892620755,0.02428750690499074,0.05445869622176661,0.043057355956081594,0.09654541642736035,1.0,0.504950495049505,0.0658980394366591,3.7756795379072234,0.09095350590788769,5.211252020440163,0.09654541642736035,5.531644892620755,0.05445869622176661,0.09654541642736034,5.531644892620754,0.04350733182641259,0.04089109603786814,0.04662703890415348,0.05513016739849865,0.055436641130804716,0.11811263233406698,6.767355339922459,6.125097407177796,6.010915804043219,10.653107992255983,10.92271219975067,0.03716570532017424,6.540528486646309,0.04764202148364448,8.316008357798708,0.05473270844589421,5.6723063872056345,0.05473270844589421,5.6723063872056345,0.05471364179917062,5.632124349682826,0.6089190323610306,0.026309993859658376,0.0,0.09654541642736034,5.531644892620754,0.032125238790160084,0.027594212891523036,0.02890365228537504,0.04931406270367405,0.04984618507617909,0.11811263233406698,6.767355339922459,6.125097407177796,6.010915804043219,10.653107992255983,10.92271219975067,0.037033816616080455,6.540528486646309,0.031918258688702926,8.316008357798708,0.00864486788633973,5.6723063872056345,0.00864486788633973,5.6723063872056345,0.0036614497072638623,5.632124349682826,0.6524904788906926,0.017261452670003563,0.0,3.98609107286759e-17,2.2838619523008722e-15,0.032125238790160084,0.027594212891523036,0.02890365228537504,0.04931406270367405,0.04984618507617909,0.10428544641685736,5.97511594432362,4.980951695583852,5.200358466066376,10.504161136674444,10.846605793853179,0.037033816616080455,6.521942581201553,0.031918258688702926,6.971253892970518,0.00864486788633973,1.9735313599715678,0.00864486788633973,1.9735313599715678,0.0036614497072638623,1.3450227105428283,0.6524904788906926,0.017261452670003563,0.57287072456037,3.5853474263166376,0.4076142765811983,0.39698182105124574,0.5280315310458832,0.36595383817173344,0.44693254134673494,0.5631617045943081,3.7091499930009655,0.40753274115686844,0.3965892392023841,0.49975175644455216,0.36595383817173344,0.4462455138295832,0.005064738755633038,0.034515157946575364,179,1.0124992364631386e-07,1.0124992372008466e-07,6.287868135571417e-17
trial_0012_bite_013_transfer,trial_0012_bite_013,trial_0012,transfer,trial_0012,0.5,0.06498288969538098,0.24461820323764155,14.01559063759027,0.028981090104613937,0.06498288969538098,0.1090949051741349,0.24461820323764163,1.0,0.504950495049505,0.1669666008018847,9.56648154559362,0.23044991690611746,13.203807627861048,0.24461820323764155,14.01559063759027,0.06498288969538098,0.24461820323764158,14.015590637590272,0.05260311667758547,0.047249104986254155,0.058937347036214296,0.06807938039532492,0.06914256376614461,0.23358854840357018,13.383637966111914,12.072996242471806,14.080053501193625,19.01944612415178,19.593662883609078,0.04418649171857129,12.225511636946479,0.058917219897019146,15.859839190348035,0.0665132773255036,13.960522940168453,0.0665132773255036,13.960522940168453,0.06535556757814896,13.812588452121789,0.6200202154552625,0.008487897864232208,0.0,0.24461820323764158,14.015590637590272,0.03870621145116291,0.03133102509871298,0.02484092723893358,0.0668710679881815,0.0679472333284602,0.23358854840357018,13.383637966111914,12.072996242471806,14.080053501193625,19.01944612415178,19.593662883609078,0.04400307520840475,12.225511636946479,0.039995069751946,15.859839190348035,0.012241423699615377,13.960522940168453,0.012241423699615377,13.960522940168453,0.005003627772112696,13.812588452121789,0.6518228555051229,0.023314742185628123,0.0,1.1476739632964504e-16,6.575687435393876e-15,0.03870621145116291,0.03133102509871298,0.02484092723893358,0.0668710679881815,0.0679472333284602,0.190870704544132,10.936085803067266,8.827785905652581,7.70784860477313,18.88573542108447,19.568376520457846,0.04400307520840475,12.18305035363016,0.039995069751946,12.227457894761955,0.012241423699615377,2.9566531544345547,0.012241423699615377,2.9566531544345547,0.005003627772112696,1.358300097470343,0.6518228555051229,0.023314742185628123,0.5796501094569365,3.978542495040235,0.3632001446697798,0.3970549228653054,0.5133645308579105,0.3233009625944002,0.40048480352689064,0.5261862294529428,4.528903606490981,0.3616941936524346,0.3953725325092675,0.40286453484719226,0.3233009625944002,0.39011963544494516,0.01283256234620597,0.06578316360381747,203,2.52500923973481e-07,2.525009238643851e-07,8.472864368079487e-17
trial_0012_bite_014_transfer,trial_0012_bite_014,trial_0012,transfer,trial_0012,0.5,0.04714887818033216,0.35709219554892113,20.459875702013463,0.02102747189731082,0.04714887818033216,0.15925609254020773,0.3570921955489212,1.0,0.504950495049505,0.2437368489938717,13.965092759166314,0.3364094155827278,19.274839701352853,0.35709219554892113,20.459875702013463,0.04714887818033216,0.35709219554892124,20.45987570201347,0.06079532612677948,0.05618382899971548,0.058945665580500815,0.08508908653521383,0.08626862564198,0.17944510731450464,10.281447303393254,9.168219110065099,8.50773227358365,18.076646035515974,20.459875702013473,0.061302176679396206,6.794875383175513,0.06874027321380578,10.719687979309253,0.050389589059325314,16.341693576699647,0.050389589059325314,16.341693576699647,0.04785213438672677,18.195356561343683,0.5634136125107981,0.009806168067991616,0.0,0.35709219554892124,20.45987570201347,0.05501027146878962,0.04719691368462521,0.049644375483891216,0.08508908653521383,0.08626862564198,0.17944510731450464,10.281447303393254,9.168219110065099,8.50773227358365,18.076646035515974,20.459875702013473,0.06124057710744593,6.794875383175513,0.06030751507170772,10.719687979309253,0.019364550484000938,16.341693576699647,0.019364550484000938,16.341693576699647,0.008522089281810767,18.195356561343683,0.5746788705001284,0.0014590899213386965,0.0,6.369057972232327e-17,3.649201412830626e-15,0.05501027146878962,0.04719691368462521,0.049644375483891216,0.08508908653521383,0.08626862564198,0.10884493920938224,6.236355638055613,5.70551438019913,5.9715951829619165,8.697767850961183,8.793665968507513,0.06124057710744593,6.747327791965209,0.06030751507170772,6.664885924963929,0.019364550484000938,3.8303628342737563,0.019364550484000938,3.8303628342737563,0.008522089281810767,2.7190901065135753,0.5746788705001284,0.0014590899213386965,0.6670248437901273,4.031806791437746,0.6216833355197431,0.5214684618482264,0.5681074192970971,0.5914002233331886,0.6422710581263879,0.8650258535141421,5.817588605014903,0.6207522991697088,0.5217385137444465,1.2677410267666096,0.5914002233331886,0.6357822457928114,0.018732970376020473,0.19818445147996894,175,4.7472678403484683e-07,4.747267840527708e-07,6.289141688921817e-17
trial_0012_bite_015_transfer,trial_0012_bite_015,trial_0012,transfer,trial_0012,0.5,0.075417695068122,0.3633793328301153,20.820102133445243,0.03363480797018022,0.075417695068122,0.16206003205260092,0.3633793328301153,1.0,0.504950495049505,0.2480281974165236,14.210968912204391,0.3423324018725952,19.614201817876108,0.3633793328301153,20.820102133445243,0.075417695068122,0.3633793328301153,20.820102133445243,0.06112022057018568,0.05768904644625752,0.06498912349564034,0.07442645699465125,0.07541783319243085,0.27548715677711333,15.784251393387429,14.520456454531912,13.982824655372031,21.382143007394408,21.555100725041203,0.05660794108824272,11.225168177066859,0.06456050030708133,20.591587784044414,0.06958212481334985,20.842799386345963,0.06958212481334985,20.842799386345963,0.07272979994825497,20.733148547697756,0.6022789171849237,0.016043524219606864,0.0,0.3633793328301153,20.820102133445243,0.04932898940849944,0.04259199845943628,0.04619812691237303,0.07433246924470022,0.07450798346418928,0.27548715677711333,15.784251393387429,14.520456454531912,13.982824655372031,21.382143007394408,21.555100725041203,0.056461159628118956,11.225168177066859,0.04981092858879896,20.591587784044414,0.01523458451425948,20.842799386345963,0.01523458451425948,20.842799386345963,0.0056800266272685,20.733148547697756,0.640139821840602,0.02181738043607151,0.0,2.60208521396521e-17,1.4908850069360232e-15,0.04932898940849944,0.04259199845943628,0.04619812691237303,0.07433246924470022,0.07450798346418928,0.18988054913801589,10.879354077234751,9.450213143202113,11.600389952400162,16.97970480353116,17.195311537445185,0.056461159628118956,11.162101048132541,0.04981092858879896,14.522172200717602,0.01523458451425948,3.525250155616029,0.01523458451425948,3.525250155616029,0.0056800266272685,0.9008608213031942,0.640139821840602,0.02181738043607151,0.668312470028437,3.6030189952783016,0.4353795066996388,0.45451084731030045,0.5410499579921884,0.4031394367866466,0.46800793560125514,0.6427844000214736,5.035919268005448,0.43347299515099785,0.45170979588045523,0.7478162751450259,0.4031394367866466,0.45492082268411427,0.01906273253476856,0.05932751238555015,150,1.3839788966072926e-07,1.383978897238587e-07,1.4709656524344582e-16
trial_0013_bite_001_transfer,trial_0013_bite_001,trial_0013,transfer,trial_0013,0.5,0.029345058855326473,0.16916796031139586,9.692610154679599,0.013087318812660719,0.029345058855326477,0.07544558149969136,0.16916796031139586,1.0,0.504950495049505,0.1154672829901464,6.615787987178109,0.15936975205015988,9.13121417452056,0.16916796031139586,9.692610154679599,0.029345058855326473,0.1691679603113959,9.6926101546796,0.031233600883410366,0.028689955219962156,0.026108881098693578,0.05034167420555113,0.050883708334780106,0.1380535774342213,7.909887333663382,7.613001258813719,7.660814936109879,9.716335097981531,9.931817204281044,0.03604624820840099,6.55174811549114,0.018745869513383247,9.58470808122455,0.025393331678299366,9.527757190190497,0.025393331678299366,9.527757190190497,0.027402441952846125,9.501314727783894,0.39515542282520244,0.015338324914228596,0.0,0.1691679603113959,9.6926101546796,0.028503513686779693,0.02337279618323775,0.019585231936695206,0.05034167420555113,0.050883708334780106,0.1380535774342213,7.909887333663382,7.613001258813719,7.660814936109879,9.716335097981531,9.931817204281044,0.03602760973623751,6.55174811549114,0.012938782700100198,9.58470808122455,0.006286485080937284,9.527757190190497,0.006286485080937284,9.527757190190497,0.004038524149075488,9.501314727783894,0.391296981628501,0.011479883717527173,0.0,4.9561204540227327e-17,2.8396478477396393e-15,0.028503513686779693,0.02337279618323775,0.019585231936695206,0.05034167420555113,0.050883708334780106,0.10301807979206468,5.902501185627259,5.252635164483047,6.328833478952113,8.430789548872223,8.652593005635648,0.03602760973623751,6.525535668223394,0.012938782700100198,6.773216841870314,0.006286485080937284,1.4849285970358939,0.006286485080937284,1.4849285970358939,0.004038524149075488,0.41640163690567966,0.391296981628501,0.011479883717527173,0.4441645278169725,2.2881652261488505,0.16787080488064463,0.20841463122554887,0.20841463122554887,0.14143160148086378,0.1941973720239741,0.4649953216550701,2.987777550745882,0.16659788824126204,0.20758610352722243,0.41190939764951223,0.14143160148086378,0.1854651310121524,0.008874470125971881,0.034942058923859036,123,3.8971309243511014e-07,3.8971309243511014e-07,1.803743580891301e-17
trial_0013_bite_002_transfer,trial_0013_bite_002,trial_0013,transfer,trial_0013,0.5,0.013092709468351194,0.08012117348385056,4.590605090260119,0.005839090791353172,0.013092709468351194,0.03573246679099171,0.08012117348385057,1.0,0.504950495049505,0.05468750817313706,3.1333634104079486,0.07548055511566597,4.324717243432255,0.08012117348385056,4.590605090260119,0.013092709468351194,0.08012117348385057,4.59060509026012,0.05284497861363332,0.04249665430991513,0.03704230292380884,0.09147255662121016,0.09241550055033186,0.04948166377712833,2.835090497714817,2.5823374750961583,2.4597992561147843,4.375489000545873,4.59060509026012,0.06501773350253959,2.0179371959669874,0.03613508580454259,3.062812772650952,0.01046203913872159,4.253127017323423,0.01046203913872159,4.253127017323423,0.01204812347282591,4.354689887631633,0.4661874513271386,0.013264166229911223,0.0,0.08012117348385057,4.59060509026012,0.05296552636339371,0.041781676133477795,0.03923471973510927,0.09147255662121016,0.09241550055033186,0.04948166377712833,2.835090497714817,2.5823374750961583,2.4597992561147843,4.375489000545873,4.59060509026012,0.06503756656668337,2.0179371959669874,0.037988189527819904,3.062812772650952,0.005710852288611536,4.253127017323423,0.005710852288611536,4.253127017323423,0.0020958342768493655,4.354689887631633,0.4571056799958772,0.004182394898649799,0.0,3.190429545161647e-17,1.8279814777160527e-15,0.05296552636339371,0.041781676133477795,0.03923471973510927,0.09147255662121016,0.09241550055033186,0.0303471106577998,1.738761361108408,1.5578585773860134,1.479283822516832,3.1455962778287816,3.6572848691979916,0.06503756656668337,2.0100367923728664,0.037988189527819904,1.5963341818616608,0.005710852288611536,0.7550423310140308,0.005710852288611536,0.7550423310140308,0.0020958342768493655,0.5823862796849328,0.4571056799958772,0.004182394898649799,0.46976854240569405,2.5645416521784714,0.27412398750911626,0.24777985996705973,0.3262411008152251,0.2774385780627563,0.27378971197177304,0.4970875978224933,2.7328639469018503,0.27365090627009575,0.24839743031868952,0.4650778535333392,0.2774385780627563,0.27086723710046756,0.00420312034100405,0.011290966033742893,130,4.162237851152082e-07,4.162237850800503e-07,5.3978443625109773e-17
trial_0013_bite_003_transfer,trial_0013_bite_003,trial_0013,transfer,trial_0013,0.5,0.03375533934616958,0.18130924065785461,10.388254276416818,0.015054217128369664,0.03375533934616958,0.08086035362440822,0.18130924065785461,1.0,0.504950495049505,0.1237544353034253,7.090606838911067,0.17080780943895177,9.786566588726762,0.18130924065785461,10.388254276416818,0.03375533934616958,0.18130924065785461,10.388254276416818,0.048372224844020394,0.043310186681235374,0.04328873528874124,0.07295113548285652,0.0732694959996296,0.11659248666771288,6.680257408995267,5.8400828063838075,4.352788191025581,11.196474096613882,11.405059326442338,0.042816136975992306,3.643599568490952,0.066473327858331,7.736667485931296,0.042515949000887496,10.940401749840719,0.042515949000887496,10.940401749840719,0.03589716365639169,10.835926699970535,0.45054868617891924,0.00042156466017501115,0.0,0.18130924065785461,10.388254276416818,0.04376648543652475,0.03700578294051654,0.03842378804402366,0.07224337031666406,0.07281888935240931,0.11659248666771288,6.680257408995267,5.8400828063838075,4.352788191025581,11.196474096613882,11.405059326442338,0.042755343056062795,3.643599568490952,0.06067977341361197,7.736667485931296,0.021978528887222588,10.940401749840719,0.021978528887222588,10.940401749840719,0.0083015448648371,10.835926699970535,0.4520250334651348,0.0018979119463905514,0.0,1.993045536433795e-17,1.1419309761504361e-15,0.04376648543652475,0.03700578294051654,0.03842378804402366,0.07224337031666406,0.07281888935240931,0.06450403625027146,3.695809038699423,3.403195121471918,3.5342315824031125,5.647948927483194,5.940323249925846,0.042755343056062795,3.624128176974069,0.06067977341361197,4.894816650164248,0.021978528887222588,2.312662309784169,0.021978528887222588,2.312662309784169,0.0083015448648371,1.0722011688892223,0.4520250334651348,0.0018979119463905514,0.41993485379112955,2.506509963391613,0.2952317199148626,0.24481907109921935,0.3770587828964457,0.28947819666465935,0.30025126008402464,0.39467078633893043,2.830022663165016,0.2943314972340346,0.24404212417111584,0.30411754101923105,0.28947819666465935,0.29400310368056576,0.00951140177778364,0.04800334705437447,163,9.851905577271075e-07,9.851905577150295e-07,7.232516081997467e-17
trial_0013_bite_004_transfer,trial_0013_bite_004,trial_0013,transfer,trial_0013,0.5,0.00949055819676897,0.05047649127817508,2.8920899148683423,0.004232602205487861,0.00949055819676897,0.022511521859907884,0.0504764912781751,1.0,0.504950495049505,0.0344532338868312,1.9740248922925365,0.047552892903343205,2.7245800669991693,0.05047649127817508,2.8920899148683423,0.00949055819676897,0.050476491278175085,2.8920899148683428,0.014655146354042256,0.013802419321065278,0.01440210019390307,0.01997260743680615,0.02037560640247701,0.04677223796478942,2.679851833763993,2.556408817472393,2.545607319739372,3.6259337247866337,3.794999254415786,0.01630295410241853,2.784439201225238,0.013871551213200993,2.3268027794545074,0.009503200892719634,2.6892720517519484,0.009503200892719634,2.6892720517519484,0.009640184413241763,2.831229674583305,0.42302828891386407,0.004392495050990319,0.0,0.050476491278175085,2.8920899148683428,0.013604700278706668,0.011578004855048375,0.013413929564621126,0.01997260743680615,0.02037560640247701,0.04677223796478942,2.679851833763993,2.556408817472393,2.545607319739372,3.6259337247866337,3.794999254415786,0.016282022738382838,2.784439201225238,0.011665157511844536,2.3268027794545074,0.0017741661260832645,2.6892720517519484,0.0017741661260832645,2.6892720517519484,0.0006392926314528558,2.831229674583305,0.42564691447088204,0.0017738694939723465,0.0,1.3884562417838563e-17,7.955268269281075e-16,0.013604700278706668,0.011578004855048375,0.013413929564621126,0.01997260743680615,0.02037560640247701,0.039935359084557705,2.2881275288845875,1.9382869221583239,1.8391768496615633,3.6259337247866337,3.794999254415786,0.016282022738382838,2.7834534378593134,0.011665157511844536,1.7422682907304161,0.0017741661260832645,0.3916709047903416,0.0017741661260832645,0.3916709047903416,0.0006392926314528558,0.17909615818965743,0.42564691447088204,0.0017738694939723465,0.4672191230363635,2.263304323999456,0.22462485473040958,0.2204408628981584,0.27579658626310993,0.22028666968589586,0.2333700161289102,0.47088616528768334,2.346595095561682,0.22487433471131227,0.22009007718597262,0.2882684939017464,0.22028666968589586,0.23485243158225666,0.0026479737651342473,0.008644860224536022,151,2.9969564533647875e-07,2.9969564536733113e-07,8.200314281054958e-17
trial_0013_bite_005_transfer,trial_0013_bite_005,trial_0013,transfer,trial_0013,0.5,0.11818886676395561,0.6980144293936926,39.99328084349098,0.0527099089176374,0.11818886676395561,0.3113007003444661,0.6980144293936926,1.0,0.504950495049505,0.47643672892695904,27.297813772533218,0.6575854336432103,37.676870017036,0.6980144293936926,39.99328084349098,0.11818886676395561,0.6980144293936925,39.99328084349097,0.06224181232470981,0.05400536044624682,0.056237917815832754,0.10770963856820763,0.118189906951901,0.3983853978343261,22.82580191554713,19.444514846025303,20.14026197607451,38.34241408250909,39.993280843490986,0.039001950659496125,13.985716727424428,0.06868615872106952,26.666073974546286,0.09895969983883503,35.63380830105445,0.09895969983883503,35.63380830105445,0.10786422825505261,37.98445411389999,0.38296293244662954,0.09602779480233392,0.0,0.6980144293936925,39.99328084349097,0.03768419511207435,0.0330983886648988,0.0330974954722686,0.057073321939449695,0.057291290635713296,0.3983853978343261,22.82580191554713,19.444514846025303,20.14026197607451,38.34241408250909,39.993280843490986,0.03884899980451856,13.985716727424428,0.0461145430496676,26.666073974546286,0.02219421409313683,35.63380830105445,0.02219421409313683,35.63380830105445,0.0140959735171681,37.98445411389999,0.47451536376412007,0.004475363484843398,0.0,2.507620638857545e-16,1.4367607922643654e-14,0.03768419511207435,0.0330983886648988,0.0330974954722686,0.057073321939449695,0.057291290635713296,0.21903704331819243,12.549898139156616,9.842232574083031,8.877805309045282,20.22544737630931,20.40198946089093,0.03884899980451856,13.859891086051192,0.0461145430496676,14.672125807250438,0.02219421409313683,1.9058044735081232,0.02219421409313683,1.9058044735081232,0.0140959735171681,1.6857019364169312,0.47451536376412007,0.004475363484843398,0.42644038542410556,2.236805321169562,0.25737038686403163,0.19428585136975407,0.2450535720136396,0.2654408492136281,0.251736114195262,1.3895362615715041,9.033216347636385,0.26130914567740054,0.19546343483729264,2.6119339333557563,0.2654408492136281,0.2813620037689228,0.03661751324153134,0.16685176394862616,137,1.1271936320123774e-06,1.1271936320379627e-06,2.4815859908451014e-16
trial_0013_bite_006_transfer,trial_0013_bite_006,trial_0013,transfer,trial_0013,0.5,0.007097041563602175,0.11342894882119821,6.4990000420600715,0.00316514088547165,0.007097041563602175,0.050587079178358724,0.11342894882119821,1.0,0.504950495049505,0.07742206330739708,4.435957468708525,0.10685914410547447,6.122577959623955,0.11342894882119821,6.4990000420600715,0.007097041563602175,0.1134289488211982,6.499000042060071,0.03726875128387557,0.03280332280814974,0.036759753457766754,0.05861514791935229,0.05920362746138131,0.09925434090299098,5.686854832094079,5.410662161451794,6.131476238024821,6.972119820595217,7.204840337341721,0.0416751625943854,5.284006659897875,0.03797409924952848,5.860461320823686,0.018561541315091377,6.561897175013215,0.018561541315091377,6.561897175013215,0.011301204280110774,6.520462492287231,0.4356128205563174,0.009201196848927284,0.0,0.1134289488211982,6.499000042060071,0.03674991715138071,0.031722040463541615,0.03569872863261734,0.05861514791935229,0.05920362746138131,0.09925434090299098,5.686854832094079,5.410662161451794,6.131476238024821,6.972119820595217,7.204840337341721,0.04166769399275754,5.284006659897875,0.03686965724217575,5.860461320823686,0.015502628978909853,6.561897175013215,0.015502628978909853,6.561897175013215,0.007119271804968909,6.520462492287231,0.43191420972209926,0.012899807683145414,0.0,1.9935173190268475e-17,1.1422012876647324e-15,0.03674991715138071,0.031722040463541615,0.03569872863261734,0.05861514791935229,0.05920362746138131,0.08021952265278298,4.596240082558566,4.131453786253469,4.024257884663618,6.972119820595217,7.204840337341721,0.04166769399275754,5.268964741385432,0.03686965724217575,4.251477685052975,0.015502628978909853,2.251423842186442,0.015502628978909853,2.251423842186442,0.007119271804968909,1.4860299450113337,0.43191420972209926,0.012899807683145414,0.48290522769575944,2.6617999193712594,0.15760765760134793,0.25463257667988487,0.3031292478737983,0.1608865067952164,0.15761120120037364,0.5315889123553309,3.030577354637627,0.15818186448212065,0.25445916958495984,0.5017393707505173,0.1608865067952164,0.16143078486944154,0.005950429335923766,0.034237176872860556,157,1.1612404953675319e-07,1.161240495970853e-07,4.983853547718731e-17
trial_0013_bite_007_transfer,trial_0013_bite_007,trial_0013,transfer,trial_0013,0.5,0.018473093369298664,0.12157509266731549,6.96573970374906,0.008238636138778012,0.018473093369298664,0.05422009903814271,0.12157509266731546,1.0,0.504950495049505,0.0829822952510029,4.75453529219096,0.11453346330002463,6.562284060107918,0.12157509266731549,6.96573970374906,0.018473093369298664,0.12157509266731546,6.965739703749058,0.01911121209311202,0.017950632312871074,0.017438283041988273,0.02863646642745987,0.02892829171047846,0.08102442877051921,4.642357806009112,4.467714331526815,4.575660948181225,6.090690374113165,6.965739703749062,0.021410681114828585,3.9552993772833935,0.015750173587102196,5.07526796406888,0.014512204856814821,5.867057337866217,0.014512204856814821,5.867057337866217,0.01613316715767161,6.181609895527615,0.40314742967573924,0.01998528760135837,0.0,0.12157509266731546,6.965739703749058,0.018370272694129167,0.016612030809798457,0.016302325359276962,0.02863646642745987,0.02892829171047846,0.08102442877051921,4.642357806009112,4.467714331526815,4.575660948181225,6.090690374113165,6.965739703749062,0.021392867792557613,3.9552993772833935,0.015583602599738875,5.07526796406888,0.009175271791486857,5.867057337866217,0.009175271791486857,5.867057337866217,0.0053947573083385405,6.181609895527615,0.414472854225509,0.008659863051588612,0.0,2.201544527669258e-17,1.2613920984557077e-15,0.018370272694129167,0.016612030809798457,0.016302325359276962,0.02863646642745987,0.02892829171047846,0.059897365263859956,3.431866233572676,3.140371555522423,3.8103756912523408,4.749237326070095,4.849538283733522,0.021392867792557613,3.9389423272327693,0.015583602599738875,3.295218277222753,0.009175271791486857,1.405143968762713,0.009175271791486857,1.405143968762713,0.0053947573083385405,0.9977059393438328,0.414472854225509,0.008659863051588612,0.45653133007413205,2.306054166850736,0.26318485114734846,0.2167383707376749,0.2592453220902636,0.26981956558668163,0.25978804548600865,0.5260640781718504,2.9008135785821416,0.26394006447757207,0.21606549940222136,0.5531639624062352,0.26981956558668163,0.26489477185985993,0.006377772999087072,0.02592918535299933,98,3.549607164006965e-07,3.5496071645200447e-07,8.56662714370401e-17
trial_0013_bite_008_transfer,trial_0013_bite_008,trial_0013,transfer,trial_0013,0.5,0.00948858957378997,0.12351048506376626,7.076629519767399,0.004231724238376765,0.00948858957378997,0.05508324596331417,0.12351048506376626,1.0,0.504950495049505,0.08430331668512434,4.830224245012438,0.11635675776887297,6.666751137982474,0.12351048506376626,7.076629519767399,0.00948858957378997,0.12351048506376626,7.076629519767399,0.0804805658359642,0.06576548332831159,0.06327900414198025,0.13259626488174592,0.13415529710252894,0.12784167230181975,7.324788268788788,7.110118328574665,7.297873649963831,9.230408290426013,9.487735877217492,0.09008451227055374,7.4372736513569455,0.08681907479689382,6.971880433656916,0.02805188489701939,7.328938544294346,0.02805188489701939,7.328938544294346,0.014307124459458994,7.21100894852094,0.4350099033761487,0.03488291110361613,0.0,0.12351048506376626,7.076629519767399,0.08045339690203401,0.06526190576136566,0.06338758478403743,0.13259626488174592,0.13415529710252894,0.12784167230181975,7.324788268788788,7.110118328574665,7.297873649963831,9.230408290426013,9.487735877217492,0.09009037636334359,7.4372736513569455,0.08691394646462894,6.971880433656916,0.02733427970101186,7.328938544294346,0.02733427970101186,7.328938544294346,0.011141906093384227,7.21100894852094,0.4372834346785005,0.03260937980126433,0.0,1.726879155760779e-17,9.894288735420734e-16,0.08045339690203401,0.06526190576136566,0.06338758478403743,0.13259626488174592,0.13415529710252894,0.10885936924065567,6.2371824179458235,5.537943378694999,6.171428763352179,9.230408290426013,9.487735877217492,0.09009037636334359,7.425122796505257,0.08691394646462894,5.211015804532987,0.02733427970101186,1.9285606413568814,0.02733427970101186,1.9285606413568814,0.011141906093384227,0.704668938992253,0.4372834346785005,0.03260937980126433,0.5041209135427864,2.585761953386268,0.1962973926260358,0.2209563664929558,0.2976141847552854,0.20110152999970682,0.20022841784288992,0.5636967989916838,3.0785581570506704,0.1967957316981115,0.2205353954332517,0.5601210227131416,0.20110152999970682,0.20397460312912383,0.006479302991133568,0.030708685477058552,197,3.257885522974041e-07,3.257885522553666e-07,5.96261480508806e-17
trial_0013_bite_009_transfer,trial_0013_bite_009,trial_0013,transfer,trial_0013,0.5,0.09142670319347244,0.5390428721991608,30.88488155362173,0.04077451057714594,0.09142670319347244,0.24040251399537566,0.5390428721991609,1.0,0.504950495049505,0.36792910284825936,21.080784753240057,0.5078215090413857,29.096029214035976,0.5390428721991608,30.88488155362173,0.09142670319347244,0.5390428721991606,30.884881553621717,0.044212323845929546,0.03683891215007919,0.028692088374742502,0.08213825764350312,0.09142742535120721,0.2526685301933759,14.476840395854248,11.431210486119982,6.765242988409072,28.005091299018,30.884881553621717,0.022500711109991738,5.328022547099468,0.046402335940483916,16.425504694172666,0.07683849231423,25.882754092473927,0.07683849231423,25.882754092473927,0.08263365177786455,28.132796292510545,0.3872261161195426,0.07884645617871588,0.0,0.5390428721991606,30.884881553621717,0.019901042254072722,0.01763240981921856,0.01900163219419551,0.028692088374742502,0.029149426492141535,0.2526685301933759,14.476840395854248,11.431210486119982,6.765242988409072,28.005091299018,30.884881553621717,0.02239742182971599,5.328022547099468,0.019992046686644387,16.425504694172666,0.00953412635177421,25.882754092473927,0.00953412635177421,25.882754092473927,0.008804961773172124,28.132796292510545,0.4540073838753104,0.01206518842294807,0.0,1.6667795129466242e-16,9.549943147071253e-15,0.019901042254072722,0.01763240981921856,0.01900163219419551,0.028692088374742502,0.029149426492141535,0.09133481852696769,5.233099624188527,4.595233160814787,4.9378810672311175,8.818861947114408,9.322969779071835,0.02239742182971599,5.222212815999891,0.019992046686644387,7.039951175770294,0.00953412635177421,2.567283597452216,0.00953412635177421,2.567283597452216,0.008804961773172124,2.672525266950531,0.4540073838753104,0.01206518842294807,0.49415589702344315,2.5950173488129304,0.15657416919695114,0.1970765787478831,0.1980304579126047,0.17661254492902764,0.1439265277938354,1.1280923690535385,7.280533566046245,0.15832000556176315,0.19729109517453527,2.0193482664854945,0.17661254492902764,0.16234016681379942,0.028277935128870602,0.12812343191321732,157,8.007422891246913e-07,8.007422892290035e-07,5.971925035400375e-17
trial_0013_bite_010_transfer,trial_0013_bite_010,trial_0013,transfer,trial_0013,0.5,0.11445148483092982,0.6760383891394898,38.734146486515556,0.05104311011776692,0.11445148483092982,0.30149981882418886,0.6760383891394898,1.0,0.504950495049505,0.46143676289105034,26.438379025836067,0.6368822456405309,36.49066472201659,0.6760383891394898,38.734146486515556,0.11445148483092982,0.6760383891394898,38.734146486515556,0.07733344135336409,0.07088204207355242,0.07432446755056259,0.11141668308888515,0.11445199482465328,0.461864349306679,26.462877922828717,23.462990394625113,25.96954200950751,38.075862616408486,38.734146486515556,0.05657710144464893,17.710958415067932,0.09189159001103941,33.63854139937388,0.10758987063738397,37.338198540629215,0.10758987063738397,37.338198540629215,0.11112289134484415,37.9636193581894,0.37988562453290137,0.11629911491097406,0.0,0.6760383891394898,38.734146486515556,0.051189219480923795,0.0440574356060137,0.04935726315755488,0.07706557436517106,0.07783141850085216,0.461864349306679,26.462877922828717,23.462990394625113,25.96954200950751,38.075862616408486,38.734146486515556,0.05625144368886482,17.710958415067932,0.059367540018732574,33.63854139937388,0.014326738430669034,37.338198540629215,0.014326738430669034,37.338198540629215,0.005954365003916103,37.9636193581894,0.4682491824629686,0.027935556980906828,0.0,1.4768600685300364e-16,8.461784885817262e-15,0.051189219480923795,0.0440574356060137,0.04935726315755488,0.07706557436517106,0.07783141850085216,0.29320597877747523,16.799465111951715,13.73893801234336,13.709933305439929,28.256657561077006,28.590775419893884,0.05625144368886482,17.576037311604267,0.059367540018732574,21.957896980096326,0.014326738430669034,3.942532315966102,0.014326738430669034,3.942532315966102,0.005954365003916103,0.4233681403507175,0.4682491824629686,0.027935556980906828,0.42497188146978826,2.241197895841884,0.1592864300188333,0.18559622240757476,0.2144927554236925,0.16647817298792975,0.15575866103375147,1.313971627877319,8.709893702689119,0.1623444557455433,0.18603898528828386,2.5030509053283834,0.16647817298792975,0.18195469962325495,0.0354646551483343,0.15935364070022914,134,5.723029405460033e-07,5.723029407006303e-07,6.341005249066775e-17
trial_0013_bite_011_transfer,trial_0013_bite_011,trial_0013,transfer,trial_0013,0.5,0.020512030412601776,0.1558803819557505,8.931287994951736,0.00914796193894788,0.020512030412601776,0.06951958301913365,0.15588038195575052,1.0,0.504950495049505,0.1063977135077171,6.09613993383426,0.1468517902328735,8.413987794284136,0.1558803819557505,8.931287994951736,0.020512030412601776,0.15588038195575052,8.931287994951738,0.02408737032955063,0.021268951685770813,0.01916038945698327,0.03880952660551607,0.03938004537263395,0.07128264806671361,4.084194886739067,3.4943259248680776,2.917103179807247,8.162685704577726,8.931287994951738,0.028714648095348957,2.9254223110059097,0.009991150017255878,2.583587526684396,0.01842878165747242,7.029736847796977,0.01842878165747242,7.029736847796977,0.019896167199101308,8.13778006734143,0.41282201616113917,0.013088330596732367,0.0,0.15588038195575052,8.931287994951738,0.022339052701525055,0.017222590187950464,0.011230288110443885,0.03880952660551607,0.03938004537263395,0.07128264806671361,4.084194886739067,3.4943259248680776,2.917103179807247,8.162685704577726,8.931287994951738,0.028718358448225022,2.9254223110059097,0.005898555870448773,2.583587526684396,0.0032503105417390566,7.029736847796977,0.0032503105417390566,7.029736847796977,0.001341662925560902,8.13778006734143,0.41592596222114403,0.009984384536727509,0.0,3.675813143522355e-17,2.1060857940254687e-15,0.022339052701525055,0.017222590187950464,0.011230288110443885,0.03880952660551607,0.03938004537263395,0.04221742437206456,2.418880238432039,2.0938660543068197,1.8553262102783366,4.36546424824519,5.336146209342399,0.028718358448225022,2.925011180606768,0.005898555870448773,1.2691738528061483,0.0032503105417390566,1.4702068630309406,0.0032503105417390566,1.4702068630309406,0.001341662925560902,0.9921298641621039,0.41592596222114403,0.009984384536727509,0.41283706154104166,2.138934568200572,0.20677829822466076,0.18223687644418693,0.22925054554950514,0.19592259125445138,0.22069224524470132,0.5357350912766534,2.978130239203573,0.20758756367087844,0.1824329793711465,0.71937843840932,0.19592259125445138,0.22638682328831353,0.008177412678256226,0.034927623686219746,130,3.0927131810324795e-07,3.092713180772495e-07,5.528189978329409e-17
trial_0013_bite_012_transfer,trial_0013_bite_012,trial_0013,transfer,trial_0013,0.5,0.03383699641407106,0.2857448113678307,16.371971709138528,0.015090634573848386,0.03383699641407106,0.12743656313218166,0.28574481136783075,1.0,0.504950495049505,0.1950379784472266,11.174853009789597,0.26919447189340606,15.42370710774523,0.2857448113678307,16.371971709138528,0.03383699641407106,0.2857448113678308,16.371971709138535,0.04955479680984751,0.04639506058007449,0.0475014490782573,0.06777790270409798,0.0686600543372745,0.2467081306043975,14.135334655194276,13.175901284366853,15.06951626013274,17.69646035890302,17.94588899195645,0.05316491658847383,11.630243470093555,0.04938537216135826,17.625372466331637,0.037578277382344254,16.692951728043084,0.037578277382344254,16.692951728043084,0.03580472993935422,16.512973594216483,0.3993414799187222,0.021664743464366143,0.0,0.2857448113678308,16.371971709138535,0.045159192141011974,0.0385734863842723,0.04225404698427203,0.06777790270409798,0.0686600543372745,0.2467081306043975,14.135334655194276,13.175901284366853,15.06951626013274,17.69646035890302,17.94588899195645,0.05310631308393503,11.630243470093555,0.04141076317871386,17.625372466331637,0.010824928493564354,16.692951728043084,0.010824928493564354,16.692951728043084,0.004075153828060346,16.512973594216483,0.40107767766876173,0.019928545714326618,0.0,5.2157224297761193e-17,2.9883888233789053e-15,0.045159192141011974,0.0385734863842723,0.04225404698427203,0.06777790270409798,0.0686600543372745,0.18587372068437616,10.649779717608265,9.056281917006675,10.106525506234677,16.18530139903211,16.789567544881447,0.05310631308393503,11.58013635862432,0.04141076317871386,12.760216403417196,0.010824928493564354,2.697111974747933,0.010824928493564354,2.697111974747933,0.004075153828060346,0.6415300423013449,0.40107767766876173,0.019928545714326618,0.42478305134086386,2.30793618426688,0.21417829833359475,0.19692268194938747,0.26195645368585796,0.22163987873958357,0.2096418844266255,0.7073218033617207,4.3284790028796865,0.21428383466665796,0.19826721639662634,1.1668840051790867,0.22163987873958357,0.21184491546211243,0.014990043882289916,0.06234582687337502,139,2.4283302496324817e-07,2.428330250160912e-07,1.733534249283693e-17
trial_0014_bite_001_transfer,trial_0014_bite_001,trial_0014,transfer,trial_0014,0.8,0.03782516585895991,0.20360913051446117,11.665943848806968,0.010866392383596648,0.03782516585895991,0.05849271655021673,0.2036091305144612,1.0,0.801980198019802,0.0,0.0,0.10180456525723058,5.832971924403484,0.20360913051446117,11.665943848806968,0.03782516585895991,0.2036091305144612,11.66594384880697,0.05120219375263523,0.04699893572024905,0.03906003742070453,0.08133024509348952,0.08268594756702662,0.1725390223116672,9.885757779772076,9.36312604257578,11.011534416604622,11.80276772782733,12.058107781645754,0.058956654257080784,8.910635365649894,0.03763027658029927,10.936649541026178,0.036458815624644446,11.369083964594381,0.036458815624644446,11.369083964594381,0.03794539618887932,11.480026373412436,0.4450895027050561,0.014467426183649101,0.0,0.2036091305144612,11.66594384880697,0.04943302539187785,0.04309044655173511,0.03906003742070453,0.08133024509348952,0.08268594756702662,0.1725390223116672,9.885757779772076,9.36312604257578,11.011534416604622,11.80276772782733,12.058107781645754,0.058956654257080784,8.910635365649894,0.03763027658029927,10.936649541026178,0.021747517381316594,11.369083964594381,0.021747517381316594,11.369083964594381,0.008890893921554371,11.480026373412436,0.4562069600862256,0.025584883564818584,0.0,3.8163916471489756e-17,2.1866313435061676e-15,0.04943302539187785,0.04309044655173511,0.03906003742070453,0.08133024509348952,0.08268594756702662,0.15722516266592146,9.008338254015138,8.161421456624169,10.461009451600733,11.80276772782733,12.058107781645754,0.058956654257080784,8.910635365649894,0.03763027658029927,10.936649541026178,0.021747517381316594,7.037297056653303,0.021747517381316594,7.037297056653303,0.008890893921554371,2.5558265358977126,0.4562069600862256,0.025584883564818584,0.43408727652610807,2.753108024819239,0.45223969178906426,0.3203467326986552,0.45562416155548274,0.4652631578508808,0.44224253957767323,0.6460177935819723,10.282092892573488,0.4348693300256873,0.3094597880797359,1.8080483004725385,0.4652631578508808,0.35349324314641595,0.15070913183059215,0.3732113178065127,155,1.3362007220672387e-07,1.336200723787566e-07,2.659549169374069e-17
trial_0014_bite_002_transfer,trial_0014_bite_002,trial_0014,transfer,trial_0014,0.8,0.05012320180703785,0.3625771231244408,20.774138903025662,0.014399365237111232,0.05012320180703785,0.10416095209936893,0.3625771231244408,1.0,0.801980198019802,0.0,0.0,0.1812885615622204,10.387069451512831,0.3625771231244408,20.774138903025662,0.05012320180703785,0.36257712312444074,20.77413890302566,0.03480131817533482,0.03294711734174794,0.03501714155276767,0.04715563818035253,0.05012425111907355,0.17327456188069978,9.927901092742514,7.319123619553414,4.616082042865495,19.803443704834187,20.77413890302565,0.03151868428755383,3.0688307342601426,0.03384419174202021,11.447168031769255,0.04353984085448293,17.95373523591957,0.04353984085448293,17.95373523591957,0.04700720814867357,19.597714778050413,0.4366678795000828,0.029502081505152433,0.0,0.36257712312444074,20.77413890302566,0.03058709299687742,0.027941800625323466,0.03140531623552779,0.043496370147863735,0.044333941570192874,0.17327456188069978,9.927901092742514,7.319123619553414,4.616082042865495,19.803443704834187,20.77413890302565,0.03151868428755383,3.0688307342601426,0.03384419174202021,11.447168031769255,0.023883010709388672,17.95373523591957,0.023883010709388672,17.95373523591957,0.00902291748081036,19.597714778050413,0.4752494481950468,0.009079487189811553,0.0,1.7785780651003298e-16,1.0190501666479307e-14,0.03058709299687742,0.027941800625323466,0.03140531623552779,0.043496370147863735,0.044333941570192874,0.12391954816327107,7.1000671089235645,5.17709900834684,2.2279357597714244,14.181789400959625,14.932330257890243,0.03151868428755383,3.0688307342601426,0.03384419174202021,11.447168031769255,0.023883010709388672,9.526128990932207,0.023883010709388672,9.526128990932207,0.00902291748081036,3.4034137397024704,0.4752494481950468,0.009079487189811553,0.4301053007852863,2.127275351438913,0.3012746788524911,0.24886775510928047,0.3012746788524911,0.3113184573262954,0.2895721291579225,1.1006872871491606,16.649308831948908,0.3332537647767904,0.2674326645120105,3.5011467601621535,0.3113184573262954,0.5181248358507609,0.2683751956865038,0.6601659017625514,173,1.0555377551819701e-06,1.05553775524325e-06,8.410453124487497e-17
trial_0014_bite_003_transfer,trial_0014_bite_003,trial_0014,transfer,trial_0014,0.8,0.020381290452802975,0.1071096271013482,6.136929578127313,0.005855125663427805,0.020381290452802975,0.030770393459312945,0.10710962710134822,1.0,0.801980198019802,0.0,0.0,0.0535548135506741,3.0684647890636567,0.1071096271013482,6.136929578127313,0.020381290452802975,0.1071096271013482,6.136929578127313,0.02518087966755748,0.022754612773230216,0.024766513880188513,0.03637262945995505,0.03694773034894426,0.13142022827844796,7.529824423000901,7.067022692714982,7.349798003418909,10.18942626641375,10.35885524649351,0.022737308527607445,6.788225974864993,0.03252294193546269,9.679491313546603,0.023772532966496923,7.1974601506791975,0.023772532966496923,7.1974601506791975,0.021083247384356046,6.347715580868729,0.4235290016268111,0.004841382060571886,0.0,0.1071096271013482,6.136929578127313,0.02406635035696882,0.020745617490861942,0.02287020475643967,0.03637262945995505,0.03694773034894426,0.13142022827844796,7.529824423000901,7.067022692714982,7.349798003418909,10.18942626641375,10.35885524649351,0.022737308527607445,6.788225974864993,0.03252294193546269,9.679491313546603,0.017353693421088223,7.1974601506791975,0.017353693421088223,7.1974601506791975,0.006421583421787685,6.347715580868729,0.430242362148884,0.011554742582644772,0.0,2.797157557069881e-17,1.6026532265322788e-15,0.02406635035696882,0.020745617490861942,0.02287020475643967,0.03637262945995505,0.03694773034894426,0.1254891425558784,7.189998243167365,6.459083239567737,6.538362310868044,10.18942626641375,10.35885524649351,0.022737308527607445,6.788225974864993,0.03252294193546269,9.679491313546603,0.017353693421088223,5.267382983903055,0.017353693421088223,5.267382983903055,0.006421583421787685,1.9977835287984946,0.430242362148884,0.011554742582644772,0.4365333862899816,2.477401629605308,0.24978043935259142,0.295252536043112,0.30565119511323985,0.261492199807564,0.23658021837300525,0.4855721077391618,5.725637114362876,0.23788720132688054,0.2882564030970474,0.8600482587416994,0.261492199807564,0.16094576719573594,0.07928121068204054,0.19514714976059944,131,2.61731987947483e-07,2.617319879610649e-07,3.6946135045462005e-17
trial_0014_bite_004_transfer,trial_0014_bite_004,trial_0014,transfer,trial_0014,0.8,0.012172329438580591,0.08394447635969951,4.8096642088464945,0.003496859958135249,0.012172329438580591,0.024115521977122405,0.08394447635969948,1.0,0.801980198019802,0.0,0.0,0.041972238179849755,2.4048321044232472,0.08394447635969951,4.8096642088464945,0.012172329438580591,0.08394447635969948,4.809664208846493,0.009791136488908973,0.009415308267449069,0.009664779898944764,0.012844229942443695,0.013193433247741018,0.053388497991064605,3.058935609430676,2.7898173585658594,2.8302991436189155,4.511140320458591,4.809664208846492,0.010468677722317899,2.662910305733256,0.009311129379958994,3.627220745450446,0.008085749741003503,3.49466061312588,0.008085749741003503,3.49466061312588,0.008713014733592232,4.014505628009244,0.44078758795879647,0.007637506625384316,0.0,0.08394447635969948,4.809664208846493,0.009475702177840337,0.00892784178391631,0.009429576478100846,0.012844229942443695,0.013193433247741018,0.053388497991064605,3.058935609430676,2.7898173585658594,2.8302991436189155,4.511140320458591,4.809664208846492,0.010468677722317899,2.662910305733256,0.009311129379958994,3.627220745450446,0.00601247396289352,3.49466061312588,0.00601247396289352,3.49466061312588,0.004577541479810223,4.014505628009244,0.4475516466756433,0.0008734479085374947,0.0,2.838193003521547e-17,1.6261648054534342e-15,0.009475702177840337,0.00892784178391631,0.009429576478100846,0.012844229942443695,0.013193433247741018,0.0473827461422161,2.714831375688766,2.3503413600528327,2.398211011056477,4.444298758812486,4.520243642594624,0.010468677722317899,2.662910305733256,0.009311129379958994,3.627220745450446,0.00601247396289352,1.630091506831018,0.00601247396289352,1.630091506831018,0.004577541479810223,0.5296636823167619,0.4475516466756433,0.0008734479085374947,0.4087385284044427,2.347194107283357,0.2945806002737494,0.26147424605881814,0.2945806002737494,0.31013002338350104,0.2796406907554813,0.4673280394745526,4.527403539417098,0.2980526052737071,0.25845237778264374,0.8385189697270514,0.31013002338350104,0.3058058400617047,0.06213470932051028,0.15310951987990296,111,3.860238890774153e-07,3.860238889725574e-07,3.218861937565463e-17
trial_0014_bite_005_transfer,trial_0014_bite_005,trial_0014,transfer,trial_0014,0.8,0.011792912560303013,0.07667905068923446,4.393385981562841,0.003387861290642378,0.011792912560303013,0.02202831457495241,0.07667905068923446,1.0,0.801980198019802,0.0,0.0,0.03833952534461723,2.1966929907814206,0.07667905068923446,4.393385981562841,0.011792912560303013,0.07667905068923447,4.393385981562841,0.025564401566289873,0.022972596623203136,0.025363756043597575,0.03724352329351744,0.03744999367864905,0.09237552121453148,5.292727495913854,4.83043176926515,4.371047553500511,8.246314823368161,8.538561176491694,0.02464467263476976,4.140711205385718,0.03371343460810501,7.790742618879949,0.018039499720781133,5.285499619080028,0.018039499720781133,5.285499619080028,0.013330264238311577,4.519720641316591,0.4317480935522463,0.005525241366427569,0.0,0.07667905068923447,4.393385981562841,0.025178338036520663,0.021952507929814062,0.025353228640638676,0.03724352329351744,0.03744999367864905,0.09237552121453148,5.292727495913854,4.83043176926515,4.371047553500511,8.246314823368161,8.538561176491694,0.02464467263476976,4.140711205385718,0.03371343460810501,7.790742618879949,0.015205438432497637,5.285499619080028,0.015205438432497637,5.285499619080028,0.006164581514221207,4.519720641316591,0.4368397924484465,0.00043354247022736603,0.0,3.10801260893794e-17,1.78076005165588e-15,0.025178338036520663,0.021952507929814062,0.025353228640638676,0.03724352329351744,0.03744999367864905,0.0884058091736621,5.065279750089775,4.454908674260687,3.5741073676278665,8.246314823368161,8.538561176491694,0.02464467263476976,4.140711205385718,0.03371343460810501,7.790742618879949,0.015205438432497637,4.075012038291089,0.015205438432497637,4.075012038291089,0.006164581514221207,1.793634314412151,0.4368397924484465,0.00043354247022736603,0.5337935429304173,3.1124341539846454,0.23726379092280836,0.37862317934543105,0.38169240770231727,0.24866766147761982,0.22505770820536947,0.5364835359067017,4.80465023258329,0.22970748343649985,0.3706195431557976,0.4832584821010333,0.24866766147761982,0.17689242688209542,0.05675688313993455,0.1389958587190066,123,6.569770530842354e-07,6.569770532215993e-07,9.473255149362493e-17
trial_0014_bite_006_transfer,trial_0014_bite_006,trial_0014,transfer,trial_0014,0.8,0.014265400381668274,0.08246262296833717,4.724760263664285,0.004098156201993171,0.014265400381668274,0.023689815967912867,0.08246262296833717,1.0,0.801980198019802,0.0,0.0,0.04123131148416859,2.3623801318321425,0.08246262296833717,4.724760263664285,0.014265400381668274,0.08246262296833717,4.724760263664285,0.022704878545233894,0.020494829617492893,0.02259240226163901,0.03245952416782768,0.03281096442741263,0.07616848892532523,4.364132947310087,4.038182207312317,4.724760263664286,6.155346264075003,6.287810329874729,0.020374536061902395,3.5007307279399655,0.03030672127763455,5.797248647929598,0.020458334206807285,4.957642100216039,0.020458334206807285,4.957642100216039,0.017282587751843093,4.975058546127048,0.38183616195892944,0.00835480635520186,0.0,0.08246262296833717,4.724760263664285,0.021929850176124664,0.019029661504360737,0.02225754512136018,0.03245952416782768,0.03281096442741263,0.07616848892532523,4.364132947310087,4.038182207312317,4.724760263664286,6.155346264075003,6.287810329874729,0.020374536061902395,3.5007307279399655,0.03030672127763455,5.797248647929598,0.015879757895486474,4.957642100216039,0.015879757895486474,4.957642100216039,0.006899604007776116,4.975058546127048,0.38316288364621354,0.009681528042485954,0.0,3.1465033958929136e-17,1.8028136480824514e-15,0.021929850176124664,0.019029661504360737,0.02225754512136018,0.03245952416782768,0.03281096442741263,0.06989423194922484,4.00464450299902,3.5541712847937883,3.714335231440016,6.155346264075003,6.287810329874729,0.020374536061902395,3.5007307279399655,0.03030672127763455,5.797248647929598,0.015879757895486474,3.1794441086784455,0.015879757895486474,3.1794441086784455,0.006899604007776116,1.381122790684895,0.38316288364621354,0.009681528042485954,0.42033437540447827,2.128224357299055,0.1955589163065077,0.2540234789216861,0.25784006428678713,0.20697896489048606,0.18427510444700704,0.4611491527630734,4.598688794413769,0.18694060095497436,0.251703831091098,0.7318176029527321,0.20697896489048606,0.1338454772656509,0.061037808976506534,0.1502266014486797,90,7.739400640961304e-07,7.73940064095371e-07,1.1547921046675635e-17
trial_0014_bite_007_transfer,trial_0014_bite_007,trial_0014,transfer,trial_0014,0.8,0.012268375260752007,0.07223768429174716,4.1389144317155955,0.003524451947934086,0.012268375260752007,0.020752401333107733,0.07223768429174716,1.0,0.801980198019802,0.0,0.0,0.03611884214587358,2.0694572158577977,0.07223768429174716,4.1389144317155955,0.012268375260752007,0.07223768429174715,4.1389144317155955,0.03572450343533457,0.03120694295167752,0.028574836942412266,0.058551020336773014,0.05917305959461359,0.06430901201562572,3.684634973151453,3.4971680290651475,3.6554342597894287,4.687495639368157,5.3535472012080145,0.04210052785850796,3.5421031873995457,0.0285511402045497,3.4137650613763175,0.01725113635777719,4.283770513871529,0.01725113635777719,4.283770513871529,0.013771945018252999,4.330169218662958,0.39406307982131067,0.002189521584562759,0.0,0.07223768429174715,4.1389144317155955,0.03542002032428854,0.030068917442183738,0.028574836942412266,0.058551020336773014,0.05917305959461359,0.06430901201562572,3.684634973151453,3.4971680290651475,3.6554342597894287,4.687495639368157,5.3535472012080145,0.04210052785850796,3.5421031873995457,0.0285511402045497,3.4137650613763175,0.013907419944176025,4.283770513871529,0.013907419944176025,4.283770513871529,0.0056532360020043766,4.330169218662958,0.39537361126815285,0.0008789901377205811,0.0,1.754130557487788e-17,1.0050427765898047e-15,0.03542002032428854,0.030068917442183738,0.028574836942412266,0.058551020336773014,0.05917305959461359,0.05862899096514327,3.359193739413344,3.074603598719031,3.422828692689247,4.687495639368157,5.3535472012080145,0.04210052785850796,3.5421031873995457,0.0285511402045497,3.4137650613763175,0.013907419944176025,2.706578433704327,0.013907419944176025,2.706578433704327,0.0056532360020043766,1.1981360134548147,0.39537361126815285,0.0008789901377205811,0.4621733501558127,2.544130686680187,0.21073881038861306,0.30809321488283486,0.3130241096248593,0.22114661745334183,0.20018933824712826,0.47680247416965393,4.363611817674987,0.20239892121958133,0.30317440707440807,0.5512624619872618,0.22114661745334183,0.14717854553082893,0.0534694312971417,0.1316321160250542,110,6.18503688708545e-07,6.18503688658368e-07,3.6714013683023917e-17
trial_0014_bite_008_transfer,trial_0014_bite_008,trial_0014,transfer,trial_0014,0.8,0.019660190003025404,0.1570153795105334,8.996318564598466,0.005647968331600399,0.019660190003025404,0.045107289955653704,0.1570153795105334,1.0,0.801980198019802,0.0,0.0,0.0785076897552667,4.498159282299233,0.1570153795105334,8.996318564598466,0.019660190003025404,0.15701537951053343,8.996318564598468,0.023408957966876684,0.021821628267472793,0.02656925842744779,0.02941472944935772,0.029775678911058475,0.11549640274092247,6.617456425998051,5.944898122127443,5.181507235600939,9.880239738442311,10.042626140806926,0.020991541956998986,4.1250498867793794,0.028489195980160028,8.842619892085079,0.0245672399429739,9.355576282993665,0.0245672399429739,9.355576282993665,0.022162001629077964,9.183342326813092,0.39252261129751953,0.01788699630571755,0.0,0.15701537951053343,8.996318564598468,0.02212824685619472,0.01982494534317598,0.02597549292312052,0.02941472944935772,0.029775678911058475,0.11549640274092247,6.617456425998051,5.944898122127443,5.181507235600939,9.880239738442311,10.042626140806926,0.020991541956998986,4.1250498867793794,0.028489195980160028,8.842619892085079,0.017973809551852574,9.355576282993665,0.017973809551852574,9.355576282993665,0.007836082937933775,9.183342326813092,0.3943494454663176,0.019713830474515637,0.0,3.538155541877296e-17,2.0272137981039185e-15,0.02212824685619472,0.01982494534317598,0.02597549292312052,0.02941472944935772,0.029775678911058475,0.10076928895091483,5.773654961421699,5.017093931067454,4.534649234267721,9.869849371423763,10.042626140806926,0.020991541956998986,4.1250498867793794,0.028489195980160028,8.842619892085079,0.017973809551852574,6.102472284892098,0.017973809551852574,6.102472284892098,0.007836082937933775,2.4177311156239187,0.3943494454663176,0.019713830474515637,0.4820195735107006,2.5441623926710637,0.239137150063816,0.3115059308332883,0.3177468949284784,0.2499210562442801,0.2285505330512006,0.6135630347906328,7.8930944210632505,0.2275729053657926,0.30518385180084084,1.392815881569022,0.2499210562442801,0.1776607834141863,0.11622086823514295,0.28710278263460276,93,7.490054313871145e-08,7.490054314380446e-08,2.360339219276456e-17
trial_0014_bite_009_transfer,trial_0014_bite_009,trial_0014,transfer,trial_0014,0.8,0.03349947488587451,0.2105394580362799,12.063022366450541,0.009623710312644312,0.03349947488587451,0.06048365714462743,0.21053945803627994,1.0,0.801980198019802,0.0,0.0,0.10526972901813995,6.031511183225271,0.2105394580362799,12.063022366450541,0.03349947488587451,0.21053945803627994,12.063022366450543,0.04451147420070463,0.041446352070920504,0.0460688223249989,0.058174532342428406,0.05852186898473554,0.19286591838109748,11.050403135151493,10.265950324853144,12.428032754333147,13.637623093212644,13.797128866883277,0.044710327259412534,9.420251917321556,0.0497931668911293,13.352984229681244,0.03816032200618869,12.80390533145782,0.03816032200618869,12.80390533145782,0.035846956530554745,12.722337011044623,0.4193001582099843,0.0240356865069401,0.0,0.21053945803627994,12.063022366450543,0.04269808247769619,0.037973863056274954,0.0460688223249989,0.058174532342428406,0.05852186898473554,0.19286591838109748,11.050403135151493,10.265950324853144,12.428032754333147,13.637623093212644,13.797128866883277,0.044710327259412534,9.420251917321556,0.0497931668911293,13.352984229681244,0.02637437408411322,12.80390533145782,0.02637437408411322,12.80390533145782,0.010479450635297633,12.722337011044623,0.4396319130629842,0.04436744135994003,0.0,6.293006791785826e-17,3.605627296164902e-15,0.04269808247769619,0.037973863056274954,0.0460688223249989,0.058174532342428406,0.05852186898473554,0.17651468190544461,10.113546295276217,9.017625240230663,10.306666714231683,13.637623093212644,13.797128866883277,0.044710327259412534,9.420251917321556,0.0497931668911293,13.352984229681244,0.02637437408411322,8.281227069836007,0.02637437408411322,8.281227069836007,0.010479450635297633,3.437713471295614,0.4396319130629842,0.04436744135994003,0.48385992520590976,3.1108693075357525,0.16470775484079625,0.37524131838291475,0.3769601676820458,0.18157004554876618,0.14673836056342168,0.7405192180070297,10.551249427331674,0.14804523753942256,0.3754972513039292,1.9917567924010606,0.18157004554876618,0.11323273999015883,0.15583869635567624,0.3878612691932228,113,5.106769538348868e-07,5.106769538865882e-07,1.2204595954755893e-16
trial_0014_bite_010_transfer,trial_0014_bite_010,trial_0014,transfer,trial_0014,0.8,0.014172698262393844,0.12573816548659852,7.204266206099606,0.004071524789282833,0.014172698262393844,0.03612198949412774,0.1257381654865985,1.0,0.801980198019802,0.0,0.0,0.06286908274329926,3.602133103049803,0.12573816548659852,7.204266206099606,0.014172698262393844,0.1257381654865985,7.2042662060996046,0.01914461869662031,0.017898620053812854,0.016261420876261756,0.02937086987495906,0.029820741759770914,0.09264261018403706,5.308030566621023,5.027198263301507,5.404449119162818,6.896281068070019,7.20426620609961,0.020834120835272613,4.9101939762177755,0.018084248557447537,5.079251202474312,0.014530300938223462,6.484846400180587,0.014530300938223462,6.484846400180587,0.014629365314593171,6.860690456805148,0.4640741443078799,0.012277897147974226,0.0,0.1257381654865985,7.2042662060996046,0.01847272436594432,0.01657354194118339,0.016261420876261756,0.02937086987495906,0.029820741759770914,0.09264261018403706,5.308030566621023,5.027198263301507,5.404449119162818,6.896281068070019,7.20426620609961,0.020834120835272613,4.9101939762177755,0.018084248557447537,5.079251202474312,0.009464116991589005,6.484846400180587,0.009464116991589005,6.484846400180587,0.004851001258272112,6.860690456805148,0.4685968682330843,0.007755173222769862,0.0,2.0543843158455864e-17,1.177075507958232e-15,0.01847272436594432,0.01657354194118339,0.016261420876261756,0.02937086987495906,0.029820741759770914,0.0823690252465052,4.719397509231274,4.306409184490221,5.037215731465306,6.70142309690716,6.951586054305699,0.020834120835272613,4.9101939762177755,0.018084248557447537,5.079251202474312,0.009464116991589005,3.6966384295936336,0.009464116991589005,3.6966384295936336,0.004851001258272112,1.4303644498045747,0.4685968682330843,0.007755173222769862,0.5483841509144254,3.421060749235231,0.25039125189956146,0.4115648444198134,0.41544097602776403,0.26217797133337595,0.23643591007357695,0.6080631870708936,6.878346867502256,0.24191785511488934,0.4031056032501998,1.0348444222263855,0.26217797133337595,0.19220256678019013,0.09306986003348347,0.23080623222263172,123,1.269494603446639e-07,1.2694946035473473e-07,1.5241641607900801e-16
trial_0014_bite_011_transfer,trial_0014_bite_011,trial_0014,transfer,trial_0014,0.8,0.010410063157474926,0.07303477055157656,4.184584110311689,0.0029905970916013886,0.010410063157474926,0.020981387825729496,0.07303477055157657,1.0,0.801980198019802,0.0,0.0,0.03651738527578828,2.0922920551558444,0.07303477055157656,4.184584110311689,0.010410063157474926,0.07303477055157653,4.184584110311687,0.05108395913135529,0.04390823628064162,0.04551452094231497,0.08152700154007105,0.08189475150522837,0.08683697582419593,4.97539222040599,4.7771300090560445,4.791054087744226,6.82758717775059,6.893011469199016,0.06077214616936268,5.3092410745593455,0.04294398401557395,4.563733063690587,0.01556509934423099,4.322541501273037,0.01556509934423099,4.322541501273037,0.011550646901073007,4.340006114155051,0.4200216828026636,0.012209565414658452,0.0,0.07303477055157653,4.184584110311687,0.050921293314519556,0.04284799468100194,0.04551452094231497,0.08152700154007105,0.08189475150522837,0.08683697582419593,4.97539222040599,4.7771300090560445,4.791054087744226,6.82758717775059,6.893011469199016,0.06077214616936268,5.3092410745593455,0.04294398401557395,4.563733063690587,0.012746333050157698,4.322541501273037,0.012746333050157698,4.322541501273037,0.004047998555652803,4.340006114155051,0.41793801521153495,0.010125897823529795,0.0,3.450148691602552e-17,1.9767895872140927e-15,0.050921293314519556,0.04284799468100194,0.04551452094231497,0.08152700154007105,0.08189475150522837,0.08266716120280093,4.7364794412481155,4.34915896750895,4.791054087744226,6.82758717775059,6.893011469199016,0.06077214616936268,5.3092410745593455,0.04294398401557395,4.563733063690587,0.012746333050157698,2.743150347720959,0.012746333050157698,2.743150347720959,0.004047998555652803,1.1281552214401713,0.41793801521153495,0.010125897823529795,0.5336791135881229,2.8224193839905087,0.23636405379538053,0.33380343625130604,0.3348460811417038,0.248060715483844,0.2239442866668803,0.5573314234992801,4.6249803494087525,0.22960775203709927,0.3319956048144985,0.6543411996501576,0.248060715483844,0.18452736180509582,0.05405943793855087,0.1338819011592704,130,4.738244616743016e-07,4.7382446155442677e-07,2.3725308820105477e-17
trial_0014_bite_012_transfer,trial_0014_bite_012,trial_0014,transfer,trial_0014,0.8,0.0109663906964557,0.1476091481340876,8.45738120560459,0.00315041855424631,0.0109663906964557,0.042405073093777154,0.14760914813408757,1.0,0.801980198019802,0.0,0.0,0.0738045740670438,4.228690602802295,0.1476091481340876,8.45738120560459,0.0109663906964557,0.14760914813408757,8.45738120560459,0.015935827087711567,0.014529519578525997,0.016895838343603826,0.021382152735846347,0.02168459028292342,0.12481081988579312,7.151133217023434,6.610490710013126,7.768872185026816,9.59549598861299,9.63528695536006,0.013808582126203138,5.395337626223468,0.020914182432154173,9.274861695451074,0.01612500590718131,8.991975416203404,0.01612500590718131,8.991975416203404,0.013857815747562298,8.717060820994407,0.41073741344712444,0.004376679266997585,0.0,0.14760914813408757,8.45738120560459,0.015262523424261425,0.013447782407382907,0.015547857191116626,0.021382152735846347,0.02168459028292342,0.12481081988579312,7.151133217023434,6.610490710013126,7.768872185026816,9.59549598861299,9.63528695536006,0.013808582126203138,5.395337626223468,0.020914182432154173,9.274861695451074,0.012609009992130646,8.991975416203404,0.012609009992130646,8.991975416203404,0.006173573698064459,8.717060820994407,0.40924460815300573,0.00288387397287887,0.0,4.049752731053163e-17,2.3203373956092497e-15,0.015262523424261425,0.013447782407382907,0.015547857191116626,0.021382152735846347,0.02168459028292342,0.11283850104546676,6.4651698764877725,5.757143366585932,5.648959352822016,9.59549598861299,9.63528695536006,0.013808582126203138,5.395337626223468,0.020914182432154173,9.274861695451074,0.012609009992130646,5.994439086769799,0.012609009992130646,5.994439086769799,0.006173573698064459,2.436566928448205,0.40924460815300573,0.00288387397287887,0.47991190506919973,3.049140837529498,0.20743313992695947,0.3991539263657132,0.4085074230284728,0.22338957996853184,0.1939393024871951,0.5982322313512085,7.343234921790198,0.20077362120017178,0.39707988771818753,1.3105450654570994,0.22338957996853184,0.17389534370581436,0.10925848936234497,0.27277788981601647,102,2.229544337111312e-07,2.2295443369903756e-07,1.932683672003356e-17
trial_0014_bite_013_transfer,trial_0014_bite_013,trial_0014,transfer,trial_0014,0.8,0.027528424851075164,0.18455217704519292,10.574060844640705,0.007908350415422639,0.027528424851075164,0.05301804567090954,0.18455217704519297,1.0,0.801980198019802,0.0,0.0,0.09227608852259646,5.287030422320353,0.18455217704519292,10.574060844640705,0.027528424851075164,0.18455217704519294,10.574060844640707,0.02580819890478469,0.024019041013472717,0.028224692500474064,0.03353195968441825,0.033705055165692395,0.1652052497158697,9.465563562124176,8.965539733490793,10.408779728130941,12.498339753658888,12.830948744077432,0.023508194726261443,7.916424402709695,0.028548489663842668,11.455118876136385,0.029125294032933666,11.264577348511422,0.029125294032933666,11.264577348511422,0.029067010810563492,11.130710839301436,0.38503378226800883,0.01526280251343809,0.0,0.18455217704519294,10.574060844640707,0.02372321705363946,0.021177580595305768,0.02594517881800282,0.03353195968441825,0.033705055165692395,0.1652052497158697,9.465563562124176,8.965539733490793,10.408779728130941,12.498339753658888,12.830948744077432,0.023508194726261443,7.916424402709695,0.028548489663842668,11.455118876136385,0.018750816319731994,11.264577348511422,0.018750816319731994,11.264577348511422,0.008221878558868913,11.130710839301436,0.39729584743440444,0.027524867679833698,0.0,5.0306980803327406e-17,2.882377680076312e-15,0.02372321705363946,0.021177580595305768,0.02594517881800282,0.03353195968441825,0.033705055165692395,0.15067220123225794,8.632881220554221,7.886878189052536,7.773866767915723,12.498339753658888,12.830948744077432,0.023508194726261443,7.916424402709695,0.028548489663842668,11.455118876136385,0.018750816319731994,7.376310105526034,0.018750816319731994,7.376310105526034,0.008221878558868913,3.252118306414075,0.39729584743440444,0.027524867679833698,0.4712498977835184,3.227720477063822,0.14152075598914485,0.35795293328210176,0.3612580877035518,0.15353203817210723,0.12972440930590695,0.6922058412046592,9.430040698900857,0.13113763525066488,0.3611249840727539,1.7941413083267979,0.15353203817210723,0.13274474009721385,0.1366032372024377,0.33936860216013315,107,1.6485247427375967e-07,1.6485247427347348e-07,3.342189839689398e-17
trial_0014_bite_014_transfer,trial_0014_bite_014,trial_0014,transfer,trial_0014,0.8,0.032268748585583935,0.18854153676453222,10.802634319518344,0.009270147952980482,0.032268748585583935,0.054164106688362745,0.18854153676453217,1.0,0.801980198019802,0.0,0.0,0.09427076838226611,5.401317159759172,0.18854153676453222,10.802634319518344,0.032268748585583935,0.1885415367645322,10.802634319518342,0.07206275871404264,0.06363059300081103,0.05816807090959239,0.11651762563323255,0.11806986032636554,0.1305305404760104,7.478849066836959,7.035861348831788,7.174549397658477,10.413237992415633,10.80263431951835,0.08672828392755563,6.100578578353165,0.050457485850538115,7.888920751818439,0.03256516470171302,10.168875406773665,0.03256516470171302,10.168875406773665,0.03170933822173416,10.443151870140333,0.43279971557919916,0.004725180673036622,0.0,0.1885415367645322,10.802634319518342,0.07117869993778607,0.060308779184596414,0.05816807090959239,0.11651762563323255,0.11806986032636554,0.1305305404760104,7.478849066836959,7.035861348831788,7.174549397658477,10.413237992415633,10.80263431951835,0.08672828392755563,6.100578578353165,0.050457485850538115,7.888920751818439,0.021247149119581785,10.168875406773665,0.021247149119581785,10.168875406773665,0.007163702071862918,10.443151870140333,0.44995575361565193,0.021881218709489392,0.0,3.6880726988814694e-17,2.1131100018333113e-15,0.07117869993778607,0.060308779184596414,0.05816807090959239,0.11651762563323255,0.11806986032636554,0.11341927485424395,6.498445764582444,5.951098622614839,6.652986480973682,8.924915657588095,9.60582023121226,0.08672828392755563,6.100578578353165,0.050457485850538115,7.888920751818439,0.021247149119581785,6.123664405862003,0.021247149119581785,6.123664405862003,0.007163702071862918,2.3256448191931893,0.44995575361565193,0.021881218709489392,0.5022071463898047,2.5954042812818985,0.26776885095607666,0.2857984487247945,0.2891917032559563,0.27663349074357924,0.2579837674780764,0.6544661882037788,9.176107230344108,0.24637564314994495,0.2727717498763575,1.5622090113870788,0.27663349074357924,0.12233588818196478,0.13955609193062565,0.3428003299576081,128,3.0576225445620356e-07,3.057622544448967e-07,1.4793561089670073e-16
trial_0014_bite_015_transfer,trial_0014_bite_015,trial_0014,transfer,trial_0014,0.8,0.014829041777600797,0.11864041008186095,6.797594777391974,0.004260078785351523,0.014829041777600797,0.034082950311635885,0.11864041008186095,1.0,0.801980198019802,0.0,0.0,0.059320205040930475,3.398797388695987,0.11864041008186095,6.797594777391974,0.014829041777600797,0.11864041008186095,6.797594777391974,0.020423719293072753,0.01911364649483858,0.01809031842197228,0.0281584866607747,0.028601818654678413,0.07148116490015995,4.095569063457844,3.552661227135739,3.2688008331830796,6.747919228731941,6.875258639763096,0.022936802624556663,2.2446246941312316,0.01670015530322993,4.832743078840714,0.01540908925443391,6.635882856313303,0.01540908925443391,6.635882856313303,0.015321765374764228,6.681893092141918,0.3853059215494467,0.01404327589142551,0.0,0.11864041008186095,6.797594777391974,0.01971032994290674,0.017643765199886294,0.01809031842197228,0.0281584866607747,0.028601818654678413,0.07148116490015995,4.095569063457844,3.552661227135739,3.2688008331830796,6.747919228731941,6.875258639763096,0.022936802624556663,2.2446246941312316,0.01670015530322993,4.832743078840714,0.009986870263764942,6.635882856313303,0.009986870263764942,6.635882856313303,0.004527107281248872,6.681893092141918,0.38715969908662623,0.015897053428605035,0.0,3.469446951953614e-17,1.987846675914698e-15,0.01971032994290674,0.017643765199886294,0.01809031842197228,0.0281584866607747,0.028601818654678413,0.058391640129404156,3.34559453826159,2.8594921693224937,2.157007958744956,6.0243633873735325,6.4584028489521,0.022936802624556663,2.2446246941312316,0.01670015530322993,4.832743078840714,0.009986870263764942,4.146626683434231,0.009986870263764942,4.146626683434231,0.004527107281248872,1.569036770699422,0.38715969908662623,0.015897053428605035,0.4400548767824151,2.784402042484668,0.14416150166034256,0.34464414370170116,0.3471516156220192,0.15683691694023857,0.13180324678472063,0.5384245284806095,6.2450857808838025,0.1361428181480665,0.34559814771364517,1.1213535369049379,0.15683691694023857,0.10323777457801644,0.08781616086754578,0.21792202069776542,129,2.9530352593250967e-07,2.9530352591851965e-07,6.348197686243462e-17
trial_0014_bite_016_transfer,trial_0014_bite_016,trial_0014,transfer,trial_0014,0.8,0.014816110070098745,0.10273477185151711,5.8862688363313405,0.004256363771690216,0.014816110070098745,0.029513587502576037,0.10273477185151714,1.0,0.801980198019802,0.0,0.0,0.051367385925758555,2.9431344181656702,0.10273477185151711,5.8862688363313405,0.014816110070098745,0.10273477185151711,5.8862688363313405,0.025230723085339333,0.02040623663976188,0.013877115655739958,0.04612341103024882,0.046631204038205726,0.06254036199815292,3.5832987917145225,3.2426712389120893,3.053846021241706,5.801204838084389,5.944402870404373,0.031808166631263686,2.3536810288848335,0.006086942969842326,4.377385677547356,0.01164748648016906,5.260925514978111,0.01164748648016906,5.260925514978111,0.013415976348744203,5.616883650913311,0.4052806151080633,0.0038989299366524732,0.0,0.10273477185151711,5.8862688363313405,0.024786207072886153,0.018960514061424037,0.011290989224058077,0.04612341103024882,0.046631204038205726,0.06254036199815292,3.5832987917145225,3.2426712389120893,3.053846021241706,5.801204838084389,5.944402870404373,0.031808166631263686,2.3536810288848335,0.006086942969842326,4.377385677547356,0.0053602452243242315,5.260925514978111,0.0053602452243242315,5.260925514978111,0.0022601143028819154,5.616883650913311,0.405137944615415,0.0037562594440042063,0.0,7.757919228897727e-18,4.444960296192258e-16,0.024786207072886153,0.018960514061424037,0.011290989224058077,0.04612341103024882,0.046631204038205726,0.05200173125743904,2.9794797284247885,2.6375672740204266,2.3991878596199276,4.804055767334483,5.009085292133918,0.031808166631263686,2.3536810288848335,0.006086942969842326,4.377385677547356,0.0053602452243242315,2.9357263570873333,0.0053602452243242315,2.9357263570873333,0.0022601143028819154,0.9609098248488755,0.405137944615415,0.0037562594440042063,0.470242643093035,2.8974072574596255,0.17746995896344683,0.37732238980578436,0.38052106058449664,0.1903677544227644,0.1653728029570422,0.565111182930809,5.588686148275333,0.17728527594515187,0.3843944330528837,1.105494237612569,0.1903677544227644,0.17992965092849164,0.07604302139511256,0.1881065923980064,136,5.3610473326787055e-08,5.361047330955757e-08,2.691063287825051e-17
trial_0014_bite_017_transfer,trial_0014_bite_017,trial_0014,transfer,trial_0014,0.8,0.0317376097876976,0.23096417898930624,13.23327267479137,0.009117562697716687,0.0317376097876976,0.06635125949774386,0.23096417898930624,1.0,0.801980198019802,0.0,0.0,0.11548208949465312,6.616636337395685,0.23096417898930624,13.23327267479137,0.0317376097876976,0.23096417898930624,13.23327267479137,0.03540340734428948,0.03305284941025589,0.036717873449757764,0.04528223257402558,0.04558390685536104,0.15495319087405568,8.878163859168454,7.340033740032956,8.011494115899497,13.11888805151136,13.261771371139707,0.03348979505927781,4.83896624380909,0.04194942347157807,12.203307205630635,0.03387966199264492,13.05236951834412,0.03387966199264492,13.05236951834412,0.031823096250739445,13.064770313823297,0.41159120394902715,0.008955510059026839,0.0,0.23096417898930624,13.23327267479137,0.03358558039669787,0.029924019752481462,0.03620311635024444,0.04528223257402558,0.04558390685536104,0.15495319087405568,8.878163859168454,7.340033740032956,8.011494115899497,13.11888805151136,13.261771371139707,0.03348979505927781,4.83896624380909,0.04194942347157807,12.203307205630635,0.023338142997684042,13.05236951834412,0.023338142997684042,13.05236951834412,0.008792340213669217,13.064770313823297,0.4341413546045537,0.01359464059649973,0.0,2.872787973076523e-17,1.6459862629322714e-15,0.03358558039669787,0.029924019752481462,0.03620311635024444,0.04528223257402558,0.04558390685536104,0.132425903284855,7.587445356429817,6.010203440667869,3.961631143200649,12.974996189281429,13.094239134087374,0.03348979505927781,4.83896624380909,0.04194942347157807,12.203307205630635,0.023338142997684042,8.255307779138171,0.023338142997684042,8.255307779138171,0.008792340213669217,3.227935116627462,0.4341413546045537,0.01359464059649973,0.49075885264159874,3.0851509789654634,0.19490852103937062,0.37687718076874677,0.3812690018714652,0.21152752564799743,0.17942597364543622,0.726252014820896,11.148288429669138,0.1742167806274976,0.35851595999242325,1.965248111743579,0.21152752564799743,0.0967660749909345,0.17095681859768416,0.42142609320594826,120,3.5842789896200386e-07,3.584278990736824e-07,3.631768548859025e-17
trial_0014_bite_018_transfer,trial_0014_bite_018,trial_0014,transfer,trial_0014,0.8,0.027561832117971048,0.15977472897486417,9.154417643106303,0.007917947636275754,0.027561832117971048,0.045899994318529154,0.1597747289748641,1.0,0.801980198019802,0.0,0.0,0.07988736448743208,4.5772088215531515,0.15977472897486417,9.154417643106303,0.027561832117971048,0.15977472897486417,9.154417643106303,0.04636631827755119,0.04140125502902157,0.04121252176881075,0.07200910393591607,0.07279006513047728,0.18533265219354647,10.618778776656212,9.710708324329325,11.61385735245787,13.663539294179248,13.775666100552353,0.05103424195181813,10.099942265669888,0.046360565669405836,12.299545068835371,0.029177380714539056,10.333713962112302,0.029177380714539056,10.333713962112302,0.02718161373543784,9.505582512574536,0.384784058259889,0.005083328996274394,0.0,0.15977472897486417,9.154417643106303,0.04537150843156667,0.03869541630417583,0.04121252176881075,0.07200910393591607,0.07279006513047728,0.18533265219354647,10.618778776656212,9.710708324329325,11.61385735245787,13.663539294179248,13.775666100552353,0.05103424195181813,10.099942265669888,0.046360565669405836,12.299545068835371,0.020307492674684534,10.333713962112302,0.020307492674684534,10.333713962112302,0.007352055700576982,9.505582512574536,0.39653289311167533,0.016832163848060744,0.0,2.797157557069881e-17,1.6026532265322788e-15,0.04537150843156667,0.03869541630417583,0.04121252176881075,0.07200910393591607,0.07279006513047728,0.1758421831035521,10.07501495220017,8.767863935679852,11.611383379317303,13.663539294179248,13.775666100552353,0.05103424195181813,10.099942265669888,0.046360565669405836,12.299545068835371,0.020307492674684534,7.257155256627128,0.020307492674684534,7.257155256627128,0.007352055700576982,2.772049065096941,0.39653289311167533,0.016832163848060744,0.46012902307373027,3.361004934540667,0.19509401485992017,0.3418194796827122,0.35501324315780247,0.21008056316053714,0.18137660031677552,0.6327562203915501,8.562664121514544,0.1837661982713112,0.3422954641730682,1.5601574191299639,0.21008056316053714,0.14877635449161103,0.11826329150273662,0.29369404867447524,155,1.8622359855777743e-07,1.862235985198354e-07,4.5705447333339126e-17
trial_0014_bite_019_transfer,trial_0014_bite_019,trial_0014,transfer,trial_0014,0.8,0.018967949129454802,0.14849259012380078,8.507998703059796,0.005449101762601601,0.018967949129454802,0.042658867811932906,0.14849259012380084,1.0,0.801980198019802,0.0,0.0,0.07424629506190039,4.253999351529898,0.14849259012380078,8.507998703059796,0.018967949129454802,0.14849259012380078,8.507998703059796,0.02850440970119698,0.02686147598058199,0.027809502273624893,0.040242717596788435,0.0405734700229581,0.1086186401302163,6.223389655911708,5.7148287661032455,5.15558165597793,8.92781875865588,9.025759221702788,0.03194492088475478,4.205720338588543,0.024704646652447943,7.806209555484463,0.020269105119605852,8.814936710121543,0.020269105119605852,8.814936710121543,0.02011992072416394,8.811673352297767,0.3568172734107592,0.024928505891807395,0.0,0.14849259012380078,8.507998703059796,0.02762278676968746,0.024904832090146975,0.027809502273624893,0.040242717596788435,0.0405734700229581,0.1086186401302163,6.223389655911708,5.7148287661032455,5.15558165597793,8.92781875865588,9.025759221702788,0.03194492088475478,4.205720338588543,0.024704646652447943,7.806209555484463,0.013147122982116883,8.814936710121543,0.013147122982116883,8.814936710121543,0.005784028218284614,8.811673352297767,0.3723882663282765,0.009357512974290105,0.0,5.063491126155457e-17,2.9011667113065197e-15,0.02762278676968746,0.024904832090146975,0.027809502273624893,0.040242717596788435,0.0405734700229581,0.09422719096440317,5.398820357633547,4.834826901409783,4.729963289501845,8.755333820772881,8.996358011340224,0.03194492088475478,4.205720338588543,0.024704646652447943,7.806209555484463,0.013147122982116883,5.622447442791732,0.013147122982116883,5.622447442791732,0.005784028218284614,2.214054740015798,0.3723882663282765,0.009357512974290105,0.397252759545556,2.4998478238514,0.19644105024736205,0.26389219118206614,0.27938242548819653,0.20887520949723892,0.18557114827542573,0.5604417690364467,7.161200480154917,0.20124652071871052,0.2640137911309216,1.3958546046976308,0.20887520949723892,0.2347407942484622,0.10991240685143217,0.27105142122297626,126,1.571284679747512e-07,1.571284680842885e-07,6.529163017762767e-17
trial_0014_bite_020_transfer,trial_0014_bite_020,trial_0014,transfer,trial_0014,0.8,0.025863026840200004,0.2882426366860008,16.515086557830596,0.0074299158111036726,0.025863026840200004,0.08280618262432919,0.28824263668600086,1.0,0.801980198019802,0.0,0.0,0.1441213183430004,8.257543278915298,0.2882426366860008,16.515086557830596,0.025863026840200004,0.2882426366860009,16.515086557830603,0.09012233980111542,0.07686187463746821,0.06616784034198113,0.14802191144098714,0.1493537152795101,0.3582818501092299,20.528037887397648,19.364755457497708,18.56824872416922,29.204543328770676,29.451649337339955,0.10997784863454246,21.713568791649845,0.06130964027663845,20.729263225005745,0.030426005496585053,16.444195723626468,0.030426005496585053,16.444195723626468,0.027516628454584018,16.09045796837438,0.31744781348126055,0.02827837616911577,0.0,0.2882426366860009,16.515086557830603,0.08960824760457277,0.07425190944150938,0.06616784034198113,0.14802191144098714,0.1493537152795101,0.3582818501092299,20.528037887397648,19.364755457497708,18.56824872416922,29.204543328770676,29.451649337339955,0.10997784863454246,21.713568791649845,0.06130964027663845,20.729263225005745,0.02193971250522281,16.444195723626468,0.02193971250522281,16.444195723626468,0.008789621397743357,16.09045796837438,0.3351898874157263,0.010536302234650019,0.0,2.529144135757105e-17,1.4490928475914423e-15,0.08960824760457277,0.07425190944150938,0.06616784034198113,0.14802191144098714,0.1493537152795101,0.34410129514971416,19.715551937064085,17.693100270300185,18.56824872416922,29.204543328770676,29.451649337339955,0.10997784863454246,21.713568791649845,0.06130964027663845,20.729263225005745,0.02193971250522281,10.637334407588279,0.02193971250522281,10.637334407588279,0.008789621397743357,3.7361015761324867,0.3351898874157263,0.010536302234650019,0.47281617038345974,4.345662847763782,0.12792806220398198,0.30207441037332167,0.321672837650886,0.13768327107481626,0.12310869948429284,0.9108730863831348,14.103975954088542,0.15154200288963712,0.29617230507362036,2.733778130408299,0.13768327107481626,0.30708321303614317,0.2133536218636912,0.5276933590001658,156,1.7233434008310524e-07,1.7233434002056077e-07,5.663641578591371e-17
trial_0014_bite_021_transfer,trial_0014_bite_021,trial_0014,transfer,trial_0014,0.8,0.017360829051923,0.1218701382467789,6.982644570216305,0.004987409210211109,0.017360829051923,0.03501078480318086,0.12187013824677893,1.0,0.801980198019802,0.0,0.0,0.06093506912338945,3.4913222851081525,0.1218701382467789,6.982644570216305,0.017360829051923,0.1218701382467789,6.982644570216305,0.030090459969413643,0.026737574562838796,0.024427041701052022,0.049846812351861565,0.05087460378740002,0.1196654334678966,6.856324291314025,6.449987711457547,7.425596878169896,8.497608637610439,8.608348131202467,0.03344127868097537,6.069747398970661,0.028203609158055643,8.341353629313051,0.02004874454961813,7.386776618133221,0.02004874454961813,7.386776618133221,0.01788605411822836,7.191372545737337,0.37887215366955745,0.007387208379917742,0.0,0.1218701382467789,6.982644570216305,0.029421944857423818,0.02497406085417291,0.024427041701052022,0.049846812351861565,0.05087460378740002,0.1196654334678966,6.856324291314025,6.449987711457547,7.425596878169896,8.497608637610439,8.608348131202467,0.03344127868097537,6.069747398970661,0.028203609158055643,8.341353629313051,0.014512254556548665,7.386776618133221,0.014512254556548665,7.386776618133221,0.005258031206591631,7.191372545737337,0.379872555872854,0.0083876105832143,0.0,1.0408340855860838e-17,5.963540027744091e-16,0.029421944857423818,0.02497406085417291,0.024427041701052022,0.049846812351861565,0.05087460378740002,0.11146245713450044,6.386328367964727,5.7746485394046925,7.276571574989691,8.497608637610439,8.608348131202467,0.03344127868097537,6.069747398970661,0.028203609158055643,8.341353629313051,0.014512254556548665,4.9628648396380415,0.014512254556548665,4.9628648396380415,0.005258031206591631,2.2567141223873404,0.379872555872854,0.0083876105832143,0.3979343426390845,2.1784612768361487,0.20662572364096163,0.2664434331637375,0.2796496327123591,0.21983903979515493,0.19509903673775958,0.5225690764600907,6.06698417327978,0.20411639804624693,0.2721708475691242,1.2009701726200415,0.21983903979515493,0.19905204386762318,0.09020679673956236,0.22218248067793747,204,5.313134087676018e-07,5.313134088134222e-07,1.5865429451098296e-17
trial_0015_bite_001_transfer,trial_0015_bite_001,trial_0015,transfer,trial_0015,0.5,0.09295074898110864,0.5762472132046994,33.0165332728046,0.04145420500905085,0.09295074898110865,0.256994917996162,0.5762472132046996,1.0,0.504950495049505,0.3933232978449998,22.535764950685518,0.5428709746158835,31.10421566564377,0.5762472132046994,33.0165332728046,0.09295074898110864,0.5762472132046995,33.0165332728046,0.06839862906349291,0.061603639271142596,0.08081261370453302,0.09423260227427792,0.09540461403507805,0.3271926594614616,18.74675847480293,16.286855836786387,17.47067654203063,30.346349836249672,33.01653327280461,0.05275565262614971,10.84700155788093,0.08947797018304858,23.083390613571517,0.08320941517013274,29.096908093307,0.08320941517013274,29.096908093307,0.08505091707990164,30.538378066567333,0.3921878770462662,0.00850805247954578,0.0,0.5762472132046995,33.0165332728046,0.053456590239732225,0.045105520405830615,0.03369883044138505,0.09039412608948867,0.09114171863245639,0.3271926594614616,18.74675847480293,16.286855836786387,17.47067654203063,30.346349836249672,33.01653327280461,0.052627462554298954,10.84700155788093,0.07494501613762099,23.083390613571517,0.021935200319630203,29.096908093307,0.021935200319630203,29.096908093307,0.013193003368971463,30.538378066567333,0.3926293993663362,0.008949574799615778,0.0,2.860979249076397e-17,1.6392203624658508e-15,0.053456590239732225,0.045105520405830615,0.03369883044138505,0.09039412608948867,0.09114171863245639,0.18058741784071777,10.346896875438635,8.750421991547055,7.4574099734653,17.611788926261273,18.482287222288818,0.052627462554298954,10.736725574567657,0.07494501613762099,13.678655168279235,0.021935200319630203,2.7092176166243367,0.021935200319630203,2.7092176166243367,0.013193003368971463,2.603758785091816,0.3926293993663362,0.008949574799615778,0.5350245831435728,4.059560167211702,0.5998579574879482,0.6196193094496821,0.6229691191123828,0.5798228152311874,0.6210828714590292,0.831618160278974,8.304661034927209,0.595413310878326,0.6154296630584256,1.5818768758756383,0.5798228152311874,0.5912715306188862,0.03022965606841976,0.1589661273174493,144,3.3104891915909723e-07,3.3104891912769687e-07,4.201204506339015e-17
trial_0015_bite_002_transfer,trial_0015_bite_002,trial_0015,transfer,trial_0015,0.5,0.03951936303410591,0.2889137461847422,16.553538299699618,0.017624858271727214,0.03951936303410591,0.12884984570387203,0.28891374618474214,1.0,0.504950495049505,0.1972009665958577,11.298783101842975,0.2721798620057221,15.594757361381026,0.2889137461847422,16.553538299699618,0.03951936303410591,0.2889137461847423,16.553538299699625,0.024832452191147075,0.022241056016068326,0.02661011412047877,0.036974829462359755,0.039519314259414115,0.1587494913699015,9.09567585534384,8.163325703488518,7.6307793031460704,15.02998143789433,16.55353829969962,0.02053034062418952,6.0367653864639355,0.026807704962345427,10.468456648508429,0.032819103603953806,13.762508377935124,0.032819103603953806,13.762508377935124,0.036628067100184,15.079196146240335,0.4296982341040761,0.03788682297816853,0.0,0.2889137461847423,16.553538299699625,0.01999674407127623,0.01723574873769271,0.020164053121989736,0.03140671345706626,0.03195902233942413,0.1587494913699015,9.09567585534384,8.163325703488518,7.6307793031460704,15.02998143789433,16.55353829969962,0.020500137564676408,6.0367653864639355,0.024003893659111878,10.468456648508429,0.013179656929680858,13.762508377935124,0.013179656929680858,13.762508377935124,0.006412312012782073,15.079196146240335,0.40782094663731167,0.016009535511404105,0.0,7.473417450352272e-17,4.281952784446056e-15,0.01999674407127623,0.01723574873769271,0.020164053121989736,0.03140671345706626,0.03195902233942413,0.09528641288707243,5.459509303370228,4.828028701165347,5.128722484288965,8.050305275950327,8.412613779546671,0.020500137564676408,5.993080039272305,0.024003893659111878,6.029540667933655,0.013179656929680858,2.4717712026132177,0.013179656929680858,2.4717712026132177,0.006412312012782073,1.5217614140395537,0.40782094663731167,0.016009535511404105,0.5772446028461422,3.7260575251994275,0.32757534029785557,0.5218432061765411,0.55064608431207,0.28716309225735454,0.3599187002196911,0.5977924366179083,5.190234779124477,0.32550208083881743,0.5197133056605141,0.5933813862434922,0.28716309225735454,0.3460921453282209,0.01515628045566336,0.0604198319353326,107,8.814375428083076e-08,8.814375432773603e-08,6.838189938588651e-17
trial_0015_bite_003_transfer,trial_0015_bite_003,trial_0015,transfer,trial_0015,0.5,0.0748497643879823,0.5351017687738054,30.659072960724316,0.03338152206228263,0.0748497643879823,0.23864485941865177,0.5351017687738056,1.0,0.504950495049505,0.36523906329424877,20.926656840071995,0.5041086743264269,28.88329945483918,0.5351017687738054,30.659072960724316,0.0748497643879823,0.5351017687738053,30.65907296072431,0.05330281208939074,0.050211798277846234,0.057935788328065244,0.06924620758639906,0.07484979332147416,0.29273506375357883,16.772483668573148,14.880079791539634,13.465938544138844,28.358922210888032,30.659072960724316,0.04544175358542405,10.754784815461104,0.06068953119438628,18.068672921666202,0.06524627534464555,26.675719690431897,0.06524627534464555,26.675719690431897,0.06951503220933195,28.520602587727925,0.4315762169630065,0.04430238519378116,0.0,0.5351017687738053,30.65907296072431,0.04373802714172766,0.039260636308601625,0.043167914200471516,0.06513731039289933,0.06697553635450443,0.29273506375357883,16.772483668573148,14.880079791539634,13.465938544138844,28.358922210888032,30.659072960724316,0.045396987697452894,10.754784815461104,0.0547272788023117,18.068672921666202,0.02144741789433675,26.675719690431897,0.02144741789433675,26.675719690431897,0.010980591268301062,28.520602587727925,0.4131480683514075,0.02587423658218213,0.0,1.3256738189514613e-16,7.595551483690875e-15,0.04373802714172766,0.039260636308601625,0.043167914200471516,0.06513731039289933,0.06697553635450443,0.16487012918956637,9.446362570338792,8.2332674180017,9.933610966298938,14.318057060858546,15.21935292029125,0.045396987697452894,10.686984660691932,0.0547272788023117,9.957350406708835,0.02144741789433675,2.9026698394056196,0.02144741789433675,2.9026698394056196,0.010980591268301062,1.9957291854278476,0.4131480683514075,0.02587423658218213,0.5807840587361656,3.6157336194155194,0.43130912923137044,0.6364584945663491,0.6905573048702677,0.38863158779333246,0.4653866167531819,0.9089627585941635,7.483019996206698,0.4284415230285976,0.6342254768234985,1.6838877222842066,0.38863158779333246,0.44629431136015946,0.0280712215861725,0.2991339418805727,153,1.0471393866581175e-07,1.0471393863115169e-07,1.1357419324704097e-16
trial_0015_bite_004_transfer,trial_0015_bite_004,trial_0015,transfer,trial_0015,0.5,0.061243011264802964,0.3722763770803708,21.32986521912602,0.02731317791595995,0.061243011264802964,0.1660279387168027,0.37227637708037076,1.0,0.504950495049505,0.254100963939978,14.558912803966662,0.3507141293198759,20.09443942563425,0.3722763770803708,21.32986521912602,0.061243011264802964,0.37227637708037076,21.329865219126017,0.03702781209742609,0.03230390513473398,0.03174720782402498,0.059552532574934126,0.06124271200904199,0.14476942885613867,8.294677275976179,6.32733100951348,3.416603823644171,17.60100457729747,21.329865219126017,0.03736574917047952,2.814059611628027,0.02273380685147331,8.033531440383445,0.0459650351574191,15.71029438727511,0.0459650351574191,15.71029438727511,0.053223591704126105,17.92780120748724,0.37133643086412454,0.02039711548417311,0.0,0.37227637708037076,21.329865219126017,0.030791256469605992,0.02512350073413713,0.02059542982869784,0.05893682132519962,0.05994354670674877,0.14476942885613867,8.294677275976179,6.32733100951348,3.416603823644171,17.60100457729747,21.329865219126017,0.037344536654324884,2.814059611628027,0.0164092571271037,8.033531440383445,0.017856717433959064,15.71029438727511,0.017856717433959064,15.71029438727511,0.012479600459907725,17.92780120748724,0.3521541634495218,0.00121484806957034,0.0,1.0500451862475693e-16,6.01631574700142e-15,0.030791256469605992,0.02512350073413713,0.02059542982869784,0.05893682132519962,0.05994354670674877,0.05437193997832356,3.115282684696573,2.8540580303580745,2.705171403940331,5.728242181175276,6.144330582196986,0.037344536654324884,2.762867741871326,0.0164092571271037,2.2741487820307866,0.017856717433959064,4.465541419538898,0.017856717433959064,4.465541419538898,0.012479600459907725,3.9369039857411607,0.3521541634495218,0.00121484806957034,0.4027100442025756,2.897286692674689,0.45951910844562616,0.5675339661590744,0.5766996734156934,0.4271562738715501,0.48103196772601425,0.5412843757058002,5.641926806367384,0.4568467585262168,0.5648236961993471,0.99618176028815,0.4271562738715501,0.4630835014280068,0.019529448604051383,0.08655540251996927,144,4.338920495811767e-07,4.338920495774082e-07,7.797445086826803e-17
trial_0015_bite_005_transfer,trial_0015_bite_005,trial_0015,transfer,trial_0015,0.5,0.06797519407852225,0.4461555947641441,25.56283258613451,0.03031559897848466,0.06797519407852225,0.19897661604692166,0.44615559476414407,1.0,0.504950495049505,0.30452796276221433,17.448167009991977,0.4203142627154051,24.08223332274561,0.4461555947641441,25.56283258613451,0.06797519407852225,0.4461555947641442,25.562832586134512,0.05095213315918551,0.04794238339872408,0.04656136208419515,0.07382169485770378,0.07494084047873255,0.21131392629710563,12.107396129162693,10.005675558403125,7.027365304168089,22.221535337485065,25.562832586134512,0.052486046677333836,5.639331885462163,0.04048042756450883,14.390172947985354,0.055268910211620566,20.419211014505354,0.055268910211620566,20.419211014505354,0.06106600006258556,22.496667521827487,0.3719487916630263,0.04046512427976323,0.0,0.4461555947641442,25.562832586134512,0.04319681617438369,0.03747235024845204,0.03225998091535618,0.07382169485770378,0.07494084047873255,0.21131392629710563,12.107396129162693,10.005675558403125,7.027365304168089,22.221535337485065,25.562832586134512,0.05240417004289822,5.639331885462163,0.0301103916400388,14.390172947985354,0.016268464557927305,20.419211014505354,0.016268464557927305,20.419211014505354,0.010517769949089734,22.496667521827487,0.3508690107564298,0.01938534337316672,0.0,4.1633363423443364e-17,2.385416011097637e-15,0.04319681617438369,0.03747235024845204,0.03225998091535618,0.07382169485770378,0.07494084047873255,0.09486841145350498,5.435559585396395,4.807034496789735,4.653603604761861,9.682241327058355,10.249690708906092,0.05240417004289822,5.5388496612923035,0.0301103916400388,6.727243016791531,0.016268464557927305,3.3681194575196867,0.016268464557927305,3.3681194575196867,0.010517769949089734,3.2755252897940093,0.3508690107564298,0.01938534337316672,0.470614044859702,3.087872499895789,0.3949308330749097,0.5725081697034273,0.5946908628839798,0.3546088721378555,0.4244406305107319,0.731991053554627,6.476267834669591,0.39188288081119627,0.5700204022644004,1.3582262085108,0.3546088721378555,0.4042203849797422,0.023405121237310502,0.18568086523507113,121,1.4207379649813864e-06,1.4207379649936504e-06,9.013843364557703e-17
trial_0015_bite_006_transfer,trial_0015_bite_006,trial_0015,transfer,trial_0015,0.5,0.09719374891565104,0.7145638111943279,40.941490574217994,0.04334649948830952,0.09719374891565104,0.31868139897741654,0.7145638111943278,1.0,0.504950495049505,0.48773267496880063,27.945023806338245,0.6731762752499527,38.57015944015931,0.7145638111943279,40.941490574217994,0.09719374891565104,0.7145638111943278,40.94149057421799,0.06354104346983935,0.057401560781979555,0.06155478705414401,0.09236243287951396,0.0971946883506503,0.37510675316643816,21.492033823292434,16.935237994619644,14.184001071971661,38.624842267970955,40.94149057421799,0.04261308564587914,8.99093508721503,0.08300803635952904,26.68204268316104,0.08756621946731506,36.22930702946807,0.08756621946731506,36.22930702946807,0.09203100198165183,38.81623741507126,0.3813945698212564,0.020935506953339678,0.0,0.7145638111943278,40.94149057421799,0.04493072155288566,0.03936792030413968,0.03578767325200478,0.07465806847054708,0.074877120890808,0.37510675316643816,21.492033823292434,16.935237994619644,14.184001071971661,38.624842267970955,40.94149057421799,0.042435141205568745,8.99093508721503,0.06566410719796459,26.68204268316104,0.02139845525716209,36.22930702946807,0.02139845525716209,36.22930702946807,0.011208684467446172,38.81623741507126,0.3871446382770181,0.02668557540910138,0.0,1.195827321860277e-16,6.851585856902616e-15,0.04493072155288566,0.03936792030413968,0.03578767325200478,0.07465806847054708,0.074877120890808,0.1634696265618305,9.366119680572547,7.390925960068267,4.941831522701115,17.649171877450076,18.828100561724824,0.042435141205568745,8.813683453921067,0.06566410719796459,14.234302227555274,0.02139845525716209,2.6455337501661087,0.02139845525716209,2.6455337501661087,0.011208684467446172,1.9057276296923549,0.3871446382770181,0.02668557540910138,0.5228537709769945,3.108900191382309,0.49120779966695816,0.637488538413668,0.6707296348475168,0.47724917376073234,0.5052839563264266,1.1167647811440993,9.314280011750752,0.4868492277165797,0.6335679608201509,2.1884787697023675,0.47724917376073234,0.47752186827468096,0.037485726207553326,0.3373806351901621,121,9.451316050348082e-07,9.451316050459668e-07,3.972772835336896e-17
trial_0015_bite_007_transfer,trial_0015_bite_007,trial_0015,transfer,trial_0015,0.5,0.07925780399301191,0.5042422171986477,28.890950897801485,0.03534742098701374,0.07925780399301191,0.22488210665434688,0.5042422171986478,1.0,0.504950495049505,0.34417556777110914,19.71980744480339,0.4750365079785023,27.21758702180084,0.5042422171986477,28.890950897801485,0.07925780399301191,0.5042422171986477,28.890950897801485,0.05054299572094544,0.04732108689589321,0.04595472548944666,0.07304381700215454,0.07925802473678457,0.24977175014354674,14.310867124821343,11.578902863259565,9.185703531693996,25.4176260517084,28.890950897801485,0.03979925463562643,6.361683747215279,0.05418319112038932,17.123401985046527,0.07046067187017968,24.292281340737716,0.07046067187017968,24.292281340737716,0.07362813789191704,25.83779863886995,0.3431820524266887,0.028917974714106454,0.0,0.5042422171986477,28.890950897801485,0.03387845528797784,0.029771418336316892,0.034258990310082504,0.04920904490616093,0.04994800378548689,0.24977175014354674,14.310867124821343,11.578902863259565,9.185703531693996,25.4176260517084,28.890950897801485,0.039618106860566465,6.361683747215279,0.03164664942940065,17.123401985046527,0.00904183695934617,24.292281340737716,0.00904183695934617,24.292281340737716,0.006177043053654554,25.83779863886995,0.3435029650110383,0.02923888729845603,0.0,9.570895620573752e-17,5.483719252191189e-15,0.03387845528797784,0.029771418336316892,0.034258990310082504,0.04920904490616093,0.04994800378548689,0.10903544520816999,6.247270827758077,5.291978126945971,4.661577365277995,11.882293281284088,12.284736188044098,0.039618106860566465,6.242956133189912,0.03164664942940065,8.482905010546027,0.00904183695934617,2.7962904603890113,0.00904183695934617,2.7962904603890113,0.006177043053654554,2.995507784025399,0.3435029650110383,0.02923888729845603,0.41404479124982696,2.30711188819269,0.41980697963181746,0.5233752487576354,0.5459467671423306,0.401765021972369,0.4332016190808493,0.7534131780904925,6.709207020777649,0.41617799945803696,0.5202527660333217,1.49158352478356,0.401765021972369,0.4091661916811104,0.026452315027044666,0.17133450241571183,126,3.1771307830364363e-07,3.1771307825225954e-07,1.1109047186679832e-16
trial_0015_bite_008_transfer,trial_0015_bite_008,trial_0015,transfer,trial_0015,0.5,0.10789610391587583,0.7071608324900402,40.51733113863709,0.04811953922303106,0.10789610391587583,0.31537981614727123,0.7071608324900401,1.0,0.504950495049505,0.48267969782440207,27.655509541988142,0.6662020770722175,38.17056731908725,0.7071608324900402,40.51733113863709,0.10789610391587583,0.7071608324900402,40.51733113863709,0.06562962963152179,0.061099353791597734,0.06485509391076243,0.10179778506677362,0.10789584495375651,0.35391378814091984,20.27776637196187,16.683672609563263,12.408667622245543,37.77027800975439,40.51733113863708,0.05135005459447461,9.453458427136631,0.07116661979493055,24.20239627589744,0.09142486766285658,34.12356847072061,0.09142486766285658,34.12356847072061,0.10100559864961481,37.57021690832276,0.30904287751121884,0.034972806879106755,0.0,0.7071608324900402,40.51733113863709,0.04581129517186063,0.04064263084277572,0.04514610289068905,0.06663892699642679,0.0673248528744893,0.35391378814091984,20.27776637196187,16.683672609563263,12.408667622245543,37.77027800975439,40.51733113863708,0.05112669613186645,9.453458427136631,0.04964557871604346,24.20239627589744,0.016670673044698027,34.12356847072061,0.016670673044698027,34.12356847072061,0.007737604804015387,37.57021690832276,0.3197878278583963,0.04571775722628424,0.0,1.0103182026100663e-16,5.788696897479999e-15,0.04581129517186063,0.04064263084277572,0.04514610289068905,0.06663892699642679,0.0673248528744893,0.16217943751672548,9.292197293514015,7.97580798952439,8.364128566019883,16.08632140704638,16.663444828032482,0.05112669613186645,9.305895654329973,0.04964557871604346,12.54720195493051,0.016670673044698027,4.232587922680388,0.016670673044698027,4.232587922680388,0.007737604804015387,3.288461467935715,0.3197878278583963,0.04571775722628424,0.6820889569964762,4.23873491457074,0.5558863417374353,0.8430366002668244,0.9145229824243936,0.5481787080881821,0.5634744370395495,1.104691615884187,9.915739279195627,0.5508321200649636,0.8388035034552049,2.0441016634465816,0.5481787080881821,0.5302960127957665,0.03709734591077845,0.3802640551864248,168,2.728617052383793e-07,2.728617052600619e-07,5.4555932179687286e-17
trial_0015_bite_009_transfer,trial_0015_bite_009,trial_0015,transfer,trial_0015,0.5,0.09262956736548143,0.62021237021923,35.53555121536719,0.04131096432852602,0.09262956736548143,0.2766025129011355,0.6202123702192301,1.0,0.504950495049505,0.42333215541683783,24.255145837561038,0.5842896697361325,33.477332088973135,0.62021237021923,35.53555121536719,0.09262956736548143,0.6202123702192299,35.535551215367185,0.05371415440715614,0.05002317067401162,0.05068916555488422,0.08598070618863167,0.09262985089776192,0.30378677535005905,17.405700099447255,14.891922843163714,11.733059395182673,31.86643423896824,35.5355512153672,0.041989835971066876,9.148178442778292,0.05715860228144938,20.866334042068736,0.07567957293850756,28.342606270908835,0.07567957293850756,28.342606270908835,0.08483248645182642,31.682124167964485,0.45146922876226653,0.013636828600119555,0.0,0.6202123702192299,35.535551215367185,0.038279974666703846,0.035301122634030666,0.039062468983640034,0.05354364453307621,0.054753448854315545,0.30378677535005905,17.405700099447255,14.891922843163714,11.733059395182673,31.86643423896824,35.5355512153672,0.04184358551843944,9.148178442778292,0.039618039040173345,20.866334042068736,0.023458253922275556,28.342606270908835,0.023458253922275556,28.342606270908835,0.013370587442934581,31.682124167964485,0.44416998054223517,0.0063375803800881925,0.0,8.777083671441749e-17,5.028898508068015e-15,0.038279974666703846,0.035301122634030666,0.039062468983640034,0.05354364453307621,0.054753448854315545,0.15204598048436113,8.711592973682373,7.843332490180561,8.609709944860189,12.849238392192804,13.279554817530991,0.04184358551843944,9.06724096909244,0.039618039040173345,10.504351742538377,0.023458253922275556,5.001701748194045,0.023458253922275556,5.001701748194045,0.013370587442934581,4.246123829408729,0.44416998054223517,0.0063375803800881925,0.817255527323287,5.409169350630732,0.4235114682048076,0.9034748224279681,0.9365530775114943,0.3967079335326937,0.4478209279404764,1.1701215549191217,9.57460162911844,0.420415012145321,0.9004814375246598,1.9272401067053337,0.3967079335326937,0.4269434922774473,0.03253608952716883,0.43114213463053275,157,2.99005466126567e-07,2.9900546607786985e-07,1.7559606759056404e-16
trial_0015_bite_010_transfer,trial_0015_bite_010,trial_0015,transfer,trial_0015,0.5,0.12175865574007748,0.7988192725811577,45.76897291261082,0.05430196455653582,0.12175865574007748,0.35625767682076864,0.7988192725811576,1.0,0.504950495049505,0.5452420826929952,31.240070151231652,0.7525516603132574,43.11803400151242,0.7988192725811577,45.76897291261082,0.12175865574007748,0.7988192725811576,45.76897291261081,0.09913230008308155,0.09244783498852957,0.11091355140722642,0.12225051541581464,0.1227261356756682,0.5634138068853677,32.28123325393037,30.157632410450486,35.54235290318263,43.04231642803091,45.76897291261082,0.08696559102662046,25.397980809044004,0.11611804269886797,38.292353061334325,0.11320013182204341,42.099851967723566,0.11320013182204341,42.099851967723566,0.1162939895728884,43.31591177833088,0.45274121571747816,0.05641419144375526,0.0,0.7988192725811576,45.76897291261081,0.07824038090378745,0.06716121680717729,0.0665202680841871,0.12225051541581464,0.1225521858905271,0.5634138068853677,32.28123325393037,30.157632410450486,35.54235290318263,43.04231642803091,45.76897291261082,0.08670130232983006,25.397980809044004,0.08774476583969111,38.292353061334325,0.02513529998720648,42.099851967723566,0.02513529998720648,42.099851967723566,0.012639589405987773,43.31591177833088,0.4646445901940495,0.06831756592032662,0.0,8.790599958726112e-17,5.0366427702288186e-15,0.07824038090378745,0.06716121680717729,0.0665202680841871,0.12225051541581464,0.1225521858905271,0.3929378467807019,22.513680231492422,19.159449812392886,19.843806174950437,36.03125147138363,36.7938892934651,0.08670130232983006,25.26544868357074,0.08774476583969111,25.070561131463823,0.02513529998720648,3.9170628834874255,0.02513529998720648,3.9170628834874255,0.012639589405987773,2.1077886940818478,0.4646445901940495,0.06831756592032662,0.5437687444781099,3.1056772847075336,0.4797750335823232,0.6008970128099611,0.6574183241535081,0.4363551872037636,0.5166418748257682,1.2001507396557762,10.058291312271427,0.4747742313089835,0.5963485855485857,2.4352709474372207,0.4363551872037636,0.4834768746865682,0.04190572508657671,0.34842687511042386,149,9.681300298008367e-07,9.681300297485479e-07,1.6931264817315614e-16
trial_0015_bite_011_transfer,trial_0015_bite_011,trial_0015,transfer,trial_0015,0.5,0.08281940342219046,0.5049678160341057,28.932524648692834,0.036935824249125095,0.08281940342219046,0.2252057094570044,0.5049678160341056,1.0,0.504950495049505,0.3446708325122393,19.74818402421179,0.4757200801294105,27.25675282104056,0.5049678160341057,28.932524648692834,0.08281940342219046,0.5049678160341057,28.932524648692834,0.04838513440300764,0.04275623362241772,0.0552888273023301,0.07037359853340125,0.08281990094803433,0.2677903453161934,15.343256580968793,13.940437345371814,12.62099850307077,25.796167993000772,28.93252464869284,0.03616202456218257,10.531686876429458,0.05893254148024836,16.114076867603462,0.06492883804902645,23.833462470276473,0.06492883804902645,23.833462470276473,0.07146670066043603,25.901093438161055,0.466411380054032,0.027918529663708336,0.0,0.5049678160341057,28.932524648692834,0.03863470154615085,0.033110549157205425,0.03395264669301547,0.06006159565394145,0.06054643752554158,0.2677903453161934,15.343256580968793,13.940437345371814,12.62099850307077,25.796167993000772,28.93252464869284,0.0361558409745175,10.531686876429458,0.05399756139047063,16.114076867603462,0.025826558499736408,23.833462470276473,0.025826558499736408,23.833462470276473,0.015849469982428116,25.901093438161055,0.44970792455037945,0.011215074160055793,0.0,9.309503074677274e-17,5.33395235543071e-15,0.03863470154615085,0.033110549157205425,0.03395264669301547,0.06006159565394145,0.06054643752554158,0.15409987218582044,8.829272299752935,7.753185528321551,9.542909403009078,12.923621573350953,13.615501339003174,0.0361558409745175,10.466609977054464,0.05399756139047063,7.438542664586912,0.025826558499736408,3.0388530065006107,0.025826558499736408,3.0388530065006107,0.015849469982428116,3.1591782792276204,0.44970792455037945,0.011215074160055793,0.5582982258478454,4.4088508984965635,0.6143994896494235,0.7467300215781137,0.8061343797798548,0.5532466520376347,0.6597166303020904,0.686887447863924,7.704302851374602,0.6106256768393107,0.7434690159534028,1.375849877738356,0.5532466520376347,0.6341688768363132,0.026490379051396677,0.22009990143731997,125,5.307306486906284e-07,5.307306487084497e-07,5.830617597907874e-17
trial_0015_bite_012_transfer,trial_0015_bite_012,trial_0015,transfer,trial_0015,0.5,0.06209594230362539,0.35802336273824226,20.51322765198262,0.02769356837574112,0.06209594230362539,0.159671374783621,0.3580233627382423,1.0,0.504950495049505,0.24437242647061475,14.001508666137264,0.33728664956844345,19.3251015063798,0.35802336273824226,20.51322765198262,0.06209594230362539,0.3580233627382422,20.513227651982618,0.04548383935122287,0.04313117881534752,0.04165058392229216,0.06025483849524673,0.06209579795262813,0.24406353199484343,13.983810316360662,12.660907396510602,11.18475366155966,20.070482073544994,20.513227651982614,0.0359323129068852,9.281448004828048,0.053089651173730934,18.012526093291488,0.059804704373663,19.630519846292934,0.059804704373663,19.630519846292934,0.060405337892790255,19.95655347898617,0.4504366001448958,0.009522143392354798,0.0,0.3580233627382422,20.513227651982618,0.03361040285780469,0.03087222053971008,0.03784322128410932,0.04588996295078555,0.04667636241407369,0.24406353199484343,13.983810316360662,12.660907396510602,11.18475366155966,20.070482073544994,20.513227651982614,0.03586856583951109,9.281448004828048,0.03959918156603853,18.012526093291488,0.016242848491763842,19.630519846292934,0.016242848491763842,19.630519846292934,0.008639053341832886,19.95655347898617,0.46034319279391767,0.0003844492566670854,0.0,1.1527756336890508e-16,6.604917853590161e-15,0.03361040285780469,0.03087222053971008,0.03784322128410932,0.04588996295078555,0.04667636241407369,0.15477686219280892,8.868060969925907,7.624463819178104,9.589736595429363,13.379823146489013,13.867977236838698,0.03586856583951109,9.219004521008724,0.03959918156603853,11.682482348320306,0.016242848491763842,2.328728491397537,0.016242848491763842,2.328728491397537,0.008639053341832886,0.5616934967463588,0.46034319279391767,0.0003844492566670854,0.5905877075572142,4.103691776498891,0.812534544287992,0.5986785672582439,0.632758076920303,0.7803760019431712,0.8357579700421449,0.5460064683735033,5.833064920872705,0.8104512412728089,0.5966551485425421,0.8614830420595025,0.7803760019431712,0.8211009805226395,0.01878179755136518,0.1610330980599015,157,2.2298560861790833e-07,2.22985608616701e-07,8.582261747172712e-17
trial_0015_bite_013_transfer,trial_0015_bite_013,trial_0015,transfer,trial_0015,0.5,0.023317807265496582,0.14221620919926584,8.148388565467526,0.010399283204720463,0.023317807265496582,0.0634256308462305,0.14221620919926584,1.0,0.504950495049505,0.09707109575105093,5.561764099245516,0.13397904636244443,7.67643389975565,0.14221620919926584,8.148388565467526,0.023317807265496582,0.14221620919926584,8.148388565467526,0.054224590621610606,0.04625111344076485,0.045484378435781035,0.08625585996709881,0.08684274382697142,0.11019480673283595,6.313697350051288,6.125384814764255,6.482500714794076,7.8338503617998425,8.250053307719933,0.06570245994350114,6.18451631435628,0.041134040182753726,7.285960675282552,0.014010114107548346,5.646495817023303,0.014010114107548346,5.646495817023303,0.015517678052330253,6.068717644604552,0.3652209542757496,0.03467276571025396,0.0,0.14221620919926584,8.148388565467526,0.05449639107416144,0.04684237252753552,0.0454526172192344,0.08625585996709881,0.08684274382697142,0.11019480673283595,6.313697350051288,6.125384814764255,6.482500714794076,7.8338503617998425,8.250053307719933,0.0656916899665669,6.18451631435628,0.042176849903959264,7.285960675282552,0.016115504889431687,5.646495817023303,0.016115504889431687,5.646495817023303,0.010929803652281885,6.068717644604552,0.34962574966279375,0.05026797032320979,0.0,2.0816681711721688e-17,1.192708005548819e-15,0.05449639107416144,0.04684237252753552,0.0454526172192344,0.08625585996709881,0.08684274382697142,0.11037490176950532,6.324016035563696,6.023432891238317,6.520800806022326,8.074674465854116,8.596240397974185,0.0656916899665669,6.186455919903487,0.042176849903959264,7.739583332514318,0.016115504889431687,5.09413222887976,0.016115504889431687,5.09413222887976,0.010929803652281885,3.6479981489238162,0.34962574966279375,0.05026797032320979,0.31487331785066547,3.427377254857003,0.375404789279308,0.3479889526967079,0.34953121111112156,0.3454364234562364,0.3910377278508762,0.29366045740646557,3.9451385169139384,0.374336329549139,0.34696880120950646,0.36518644830926905,0.3454364234562364,0.38386334195973465,0.00746059513766256,0.026197616215046952,145,6.564577188781068e-08,6.564577194643684e-08,3.1010568237272034e-17
trial_0015_bite_014_transfer,trial_0015_bite_014,trial_0015,transfer,trial_0015,0.5,0.09883608785125766,0.6060913104870147,34.726474090459114,0.04407895033649818,0.09883608785125766,0.27030479812744096,0.6060913104870148,1.0,0.504950495049505,0.41369368488601693,23.702902155183782,0.5709865017836071,32.715116711139736,0.6060913104870147,34.726474090459114,0.09883608785125766,0.6060913104870147,34.726474090459114,0.05895016567838992,0.051737636016954476,0.05438048661104007,0.09449222222501971,0.09883582708822496,0.33120448941185165,18.976619399084463,14.996786042914849,12.021491382280777,33.880088222096404,34.72647409045912,0.0371208877205434,7.672774047686745,0.07105175458896924,22.912599892817056,0.08926756742442996,32.61557332771808,0.08926756742442996,32.61557332771808,0.09405060624471859,33.64503382813752,0.3814987184833569,0.04000503263587862,0.0,0.6060913104870147,34.726474090459114,0.03585926599590994,0.030782866558625,0.029818456789765673,0.05717772928850905,0.05806228540185164,0.33120448941185165,18.976619399084463,14.996786042914849,12.021491382280777,33.880088222096404,34.72647409045912,0.03687271487130435,7.672774047686745,0.047053243434553416,22.912599892817056,0.013833365911465282,32.61557332771808,0.013833365911465282,32.61557332771808,0.007530192941044129,33.64503382813752,0.3817383586432887,0.0402446727958104,0.0,5.721958498152796e-17,3.2784407249317023e-15,0.03585926599590994,0.030782866558625,0.029818456789765673,0.05717772928850905,0.05806228540185164,0.13711942703130514,7.85636445814584,6.408136258935333,4.830665938089514,14.165681836128977,14.574727774166686,0.03687271487130435,7.532435982911292,0.047053243434553416,11.547982009245358,0.013833365911465282,2.7825599082622627,0.013833365911465282,2.7825599082622627,0.007530192941044129,0.7921860974734702,0.3817383586432887,0.0402446727958104,0.5125373135241573,2.973234243299428,0.4465800218975356,0.5919947501685375,0.638462870757485,0.4072214264739005,0.4796119957746441,0.9155463072028096,8.16437892934813,0.4420336429910136,0.5881517593184301,1.8234145645385875,0.4072214264739005,0.44911371836672787,0.03179526615266344,0.22979221371767325,115,2.841244323376964e-07,2.841244323820967e-07,1.438147847437464e-16
trial_0015_bite_015_transfer,trial_0015_bite_015,trial_0015,transfer,trial_0015,0.5,0.05622287446972396,0.37138973439993694,21.279064335600992,0.025074295688997158,0.05622287446972396,0.165632513528223,0.371389734399937,1.0,0.504950495049505,0.25349577711202104,14.524238152907818,0.34987884098349276,20.046580929282992,0.37138973439993694,21.279064335600992,0.05622287446972396,0.37138973439993694,21.279064335600992,0.030539642031974797,0.02849045135359871,0.028627274805031445,0.051010910228418915,0.056222962600441705,0.20236895232187008,11.594886872527336,10.732764382822294,9.465722234802863,19.278113875201267,21.279064335601,0.025798918992166416,8.145544597380605,0.027628203215908167,12.604689389211572,0.04309360672442361,17.484719670414183,0.04309360672442361,17.484719670414183,0.050361524721649925,19.16682485324464,0.4207259181974387,0.0023602090174623114,0.0,0.37138973439993694,21.279064335600992,0.023923671240921516,0.021998060713360863,0.026075843286610906,0.03399299399417509,0.03479118682223115,0.20236895232187008,11.594886872527336,10.732764382822294,9.465722234802863,19.278113875201267,21.279064335601,0.02581965670143787,8.145544597380605,0.025931049992240395,12.604689389211572,0.014407139772986013,17.484719670414183,0.014407139772986013,17.484719670414183,0.007991033557541041,19.16682485324464,0.40969052900792263,0.008675180172053765,0.0,1.6064700823479078e-16,9.204395563256893e-15,0.023923671240921516,0.021998060713360863,0.026075843286610906,0.03399299399417509,0.03479118682223115,0.12295333581009493,7.044707218973168,6.393447906694886,7.860358713995233,9.71165748948128,10.159018595195027,0.02581965670143787,8.09840447218588,0.025931049992240395,6.833038925151958,0.014407139772986013,2.6146124282237824,0.014407139772986013,2.6146124282237824,0.007991033557541041,2.1070495595096608,0.40969052900792263,0.008675180172053765,0.5717772159697129,5.066711668905286,0.42569130561492136,0.6447382830051568,0.6802540895962949,0.3706283642975524,0.4655431832103644,0.639902685278083,7.011913863883926,0.42295149686859745,0.6421410509230563,1.0392531536932534,0.3706283642975524,0.44690760320333067,0.01948293156584948,0.11578315625276117,109,1.1199596029875149e-07,1.1199596029151598e-07,9.601749287686757e-17
trial_0015_bite_016_transfer,trial_0015_bite_016,trial_0015,transfer,trial_0015,0.5,0.05228607532110802,0.3270104935885948,18.73632113911635,0.023318560735001787,0.05228607532110802,0.14584024539799723,0.32701049358859474,1.0,0.504950495049505,0.22320428250383137,12.78866335671526,0.3080700457999435,17.651113418738735,0.3270104935885948,18.73632113911635,0.05228607532110802,0.32701049358859474,18.736321139116345,0.04690124593629113,0.04203010104556092,0.03975635062404363,0.07901818450212304,0.08090985027936039,0.19955743876253398,11.433799011533575,10.224797418046062,9.008176520875965,18.053877025063162,18.736321139116345,0.05138382492840073,7.03227876466082,0.03294585431633302,14.325802963000054,0.04474583232468748,17.088228272455883,0.04474583232468748,17.088228272455883,0.049047617607596745,17.978116864768904,0.38992726356041635,0.025532187506375037,0.0,0.32701049358859474,18.736321139116345,0.040589176277264306,0.030626116489113616,0.020789845436049097,0.07901818450212304,0.08090985027936039,0.19955743876253398,11.433799011533575,10.224797418046062,9.008176520875965,18.053877025063162,18.736321139116345,0.0513165299896587,7.03227876466082,0.01982181041815904,14.325802963000054,0.005044308162998754,17.088228272455883,0.005044308162998754,17.088228272455883,0.0031338772943882744,17.978116864768904,0.3700254215137138,0.005630345459672503,0.0,2.775557561562892e-17,1.5902773407317588e-15,0.040589176277264306,0.030626116489113616,0.020789845436049097,0.07901818450212304,0.08090985027936039,0.11584165107454937,6.637237698398796,5.6593599560711105,5.31637431919123,10.836764891575612,11.096475695701624,0.0513165299896587,6.972102274129935,0.01982181041815904,8.683685466596089,0.005044308162998754,1.0824328387512827,0.005044308162998754,1.0824328387512827,0.0031338772943882744,0.6094489052356887,0.3700254215137138,0.005630345459672503,0.5016738280765151,4.163854057998942,0.40520383179165026,0.30374900295392065,0.38880698585087625,0.38317352415671313,0.42333217726077255,0.5699379865525186,5.727661397386031,0.40298350469966643,0.30137207120772513,0.8868388955679175,0.38317352415671313,0.4077978358433308,0.01715482027641142,0.05277012423248144,155,6.778437074305667e-08,6.778437076374183e-08,7.568041948771601e-17
trial_0015_bite_017_transfer,trial_0015_bite_017,trial_0015,transfer,trial_0015,0.5,0.067396222141537,0.38571637869605585,22.09992058835378,0.030057388887298073,0.067396222141537,0.1720219149720324,0.38571637869605585,1.0,0.504950495049505,0.26327457144278,15.084521796786762,0.36337568604198045,20.81989318787634,0.38571637869605585,22.09992058835378,0.067396222141537,0.38571637869605585,22.09992058835378,0.04553800207996438,0.0403509555807929,0.04123662237849125,0.06637280254027207,0.0673959917572712,0.2662598724625433,15.2555669457953,13.88127371204898,14.368474499186489,21.352059229616188,22.099920588353775,0.029400566232116426,10.893659146289588,0.05743504946666375,18.677246306600075,0.06604665636106646,21.166983993408458,0.06604665636106646,21.166983993408458,0.06609862884540972,21.38836341102231,0.3332725398565198,0.015670032799456446,0.0,0.38571637869605585,22.09992058835378,0.02844623614331496,0.024454568687147,0.02359320408273921,0.044328818137576206,0.0449877244991205,0.2662598724625433,15.2555669457953,13.88127371204898,14.368474499186489,21.352059229616188,22.099920588353775,0.029184402514641043,10.893659146289588,0.0374078540444711,18.677246306600075,0.011206527711669733,21.166983993408458,0.011206527711669733,21.166983993408458,0.005228243049140838,21.38836341102231,0.3403086811135731,0.022706174056509765,0.0,2.4037033579794554e-17,1.3772205761364646e-15,0.02844623614331496,0.024454568687147,0.02359320408273921,0.044328818137576206,0.0449877244991205,0.17469179783578814,10.009102731543269,8.572682888098546,9.459178937053656,15.45827803116113,15.549866878862378,0.029184402514641043,10.82595782921832,0.0374078540444711,12.063176178699551,0.011206527711669733,2.894244872168862,0.011206527711669733,2.894244872168862,0.005228243049140838,1.3068184858007408,0.3403086811135731,0.022706174056509765,0.36263059005931647,2.446034505141733,0.528010188207859,0.3947169680979197,0.432630757357432,0.5047017976089441,0.5446267165623779,0.5462985720733897,5.316391753281199,0.5257693877053501,0.3926196735530952,1.1579334829772232,0.5047017976089441,0.5287956217023526,0.02023452469300165,0.1273999871775444,159,2.8418028555066774e-07,2.841802855216804e-07,3.3096615097873064e-17
trial_0015_bite_018_transfer,trial_0015_bite_018,trial_0015,transfer,trial_0015,0.5,0.027403797031431986,0.26161046469594434,14.989175503533835,0.012221554238344898,0.027403797031431986,0.11667311941964938,0.26161046469594434,1.0,0.504950495049505,0.17856483878286383,10.231011631692057,0.24645798658075538,14.121002458369162,0.26161046469594434,14.989175503533835,0.027403797031431986,0.2616104646959444,14.989175503533838,0.03397363456620439,0.030858067596546877,0.027772956778868565,0.053369181820013434,0.05460243099790063,0.19775238892304703,11.330377273920206,10.47123739621198,12.849673638357938,14.431423408031524,14.989175503533838,0.037161153260609966,9.59658368329791,0.034727801815623516,13.726454093727348,0.021378125592720457,13.223619601969894,0.021378125592720457,13.223619601969894,0.022781793335323288,13.4929400144642,0.34200167324706726,0.0015651235684691067,0.0,0.2616104646959444,14.989175503533838,0.03322437689538008,0.029090059559439774,0.02777587375746996,0.05336880084219115,0.05460243099790063,0.19775238892304703,11.330377273920206,10.47123739621198,12.849673638357938,14.431423408031524,14.989175503533838,0.037154119716125256,9.59658368329791,0.03506768055811232,13.726454093727348,0.013920215039024998,13.223619601969894,0.013920215039024998,13.223619601969894,0.008252625402202354,13.4929400144642,0.32404450296527615,0.01952229385026022,0.0,3.555125210177729e-17,2.0369367018374362e-15,0.03322437689538008,0.029090059559439774,0.02777587375746996,0.05336880084219115,0.05460243099790063,0.1499725207216639,8.592792480289624,7.207192904261598,5.986482673425428,14.329938364032202,14.546627209484774,0.037154119716125256,9.556272736772263,0.03506768055811232,9.731918204711356,0.013920215039024998,1.9987947261508736,0.013920215039024998,1.9987947261508736,0.008252625402202354,1.476157390166948,0.32404450296527615,0.01952229385026022,0.35711650948601664,4.085447677035385,0.4137500436824635,0.3251276405866848,0.3313108671048706,0.3948094098773694,0.42216886446825064,0.5187718641398209,5.207612629912434,0.4131507244959096,0.32394565255794033,0.7552798635375778,0.3948094098773694,0.41863079668933234,0.013723988061856715,0.08348476550141205,150,8.304062077857748e-07,8.304062077910274e-07,7.600596214109971e-17
trial_0015_bite_019_transfer,trial_0015_bite_019,trial_0015,transfer,trial_0015,0.5,0.02741385905302388,0.31843088897187793,18.244746004687517,0.012226041701979651,0.02741385905302388,0.14201391056394153,0.31843088897187805,1.0,0.504950495049505,0.2173481875766451,12.453133832959516,0.2999873718826269,17.188010316096022,0.31843088897187793,18.244746004687517,0.02741385905302388,0.31843088897187793,18.244746004687517,0.020590134049917615,0.01951230838018249,0.020016165666703688,0.02859519668852439,0.029145446286843468,0.2048323128114258,11.73602703199816,10.948798525618669,12.987871649173808,15.2590771606436,18.244746004687517,0.022038975961176994,9.681963783468639,0.017222108244805932,13.479930509420422,0.019203555854499788,14.884590125097224,0.019203555854499788,14.884590125097224,0.02134977585160299,15.85717487124549,0.33202349449151997,0.03538400385240453,0.0,0.31843088897187793,18.244746004687517,0.0219026950869672,0.020588918921034424,0.022647229400257367,0.02859519668852439,0.029145446286843468,0.2048323128114258,11.73602703199816,10.948798525618669,12.987871649173808,15.2590771606436,18.244746004687517,0.022076813420112376,9.681963783468639,0.023485642521973663,13.479930509420422,0.019733804352590107,14.884590125097224,0.019733804352590107,14.884590125097224,0.013694606982750551,15.85717487124549,0.3129900573621195,0.05441744098180501,0.0,1.962615573354719e-17,1.1244958915987363e-15,0.0219026950869672,0.020588918921034424,0.022647229400257367,0.02859519668852439,0.029145446286843468,0.1524271239840587,8.73343088760389,7.790007002742449,7.2893850549188635,13.677201479703188,13.838816539825395,0.022076813420112376,9.633606653534626,0.023485642521973663,9.17637864683401,0.019733804352590107,4.634514364145545,0.019733804352590107,4.634514364145545,0.013694606982750551,4.055913112687434,0.3129900573621195,0.05441744098180501,0.48835315742436114,4.9076563777719295,0.36374034238649394,0.12373081322870123,0.12373081322870123,0.3629302656836084,0.36360290869150824,0.7111203684764668,6.319375380005674,0.36295540450049385,0.12137471070092405,1.0410281565958568,0.3629302656836084,0.3595662327834548,0.01670475760854068,0.04608613465985261,184,6.335372795446335e-07,6.335372795114617e-07,1.528921321096819e-17
trial_0017_bite_001_transfer,trial_0017_bite_001,trial_0017,transfer,trial_0017,0.8,0.048457583745818954,0.25236876173019396,14.459664928082802,0.013920867416853222,0.048457583745818954,0.07250035599442324,0.252368761730194,1.0,0.801980198019802,0.0,0.0,0.12618438086509698,7.229832464041401,0.25236876173019396,14.459664928082802,0.048457583745818954,0.252368761730194,14.459664928082804,0.05618055488886382,0.0486182406914774,0.04155893679448711,0.09361137373790768,0.09482475493783046,0.14994128195186382,8.5910026306229,7.999957490708413,7.787802216794614,12.722653295899585,14.459664928082807,0.06300515966882124,8.29291452628178,0.05468736617476125,6.463643406453885,0.031463176082689524,10.894337419498319,0.031463176082689524,10.894337419498319,0.03748577486123093,12.140055491300433,0.44970567791140637,0.0626538157014449,0.0,0.252368761730194,14.459664928082804,0.054739971144956885,0.04516008162687737,0.0376393536919962,0.09361137373790768,0.09482475493783046,0.14994128195186382,8.5910026306229,7.999957490708413,7.787802216794614,12.722653295899585,14.459664928082807,0.06300515966882124,8.29291452628178,0.05468736617476125,6.463643406453885,0.01488005929928357,10.894337419498319,0.01488005929928357,10.894337419498319,0.010208831209987735,12.140055491300433,0.4903636702788915,0.021995823333959774,0.0,3.8789596144488636e-17,2.222480148096129e-15,0.054739971144956885,0.04516008162687737,0.0376393536919962,0.09361137373790768,0.09482475493783046,0.13003953898191087,7.450716753490439,6.730027582925637,6.764431295946302,12.4917539441909,12.778660123970084,0.06300515966882124,8.29291452628178,0.05468736617476125,6.463643406453885,0.01488005929928357,5.541667241330012,0.01488005929928357,5.541667241330012,0.010208831209987735,2.2306604761462507,0.4903636702788915,0.021995823333959774,0.615389764059286,3.226116103961433,0.3260998484449895,0.27141625132057395,0.3260998484449895,0.3418947271828909,0.3089956764856007,0.9024610616077823,12.479514781615588,0.3251538127009969,0.25300726341529867,2.351443568474754,0.3418947271828909,0.35317072031906505,0.18680043793467663,0.45841135235977093,218,6.012515459387311e-07,6.012515459015262e-07,1.1285319794765403e-16
trial_0017_bite_002_transfer,trial_0017_bite_002,trial_0017,transfer,trial_0017,0.8,0.03165303365412135,0.15137929134473052,8.67339449973433,0.009093265713609498,0.03165303365412135,0.043488157715850115,0.1513792913447305,1.0,0.801980198019802,0.0,0.0,0.07568964567236526,4.336697249867165,0.15137929134473052,8.67339449973433,0.03165303365412135,0.15137929134473052,8.67339449973433,0.049554642539650515,0.04352283601428653,0.03562528064325834,0.08361813206535568,0.0846839506433292,0.14215767160530304,8.145034608390606,7.4347185196286825,8.48600092761518,10.91260088392068,11.16819528193687,0.057114341937997755,7.715944633563224,0.03897225907566912,9.409328483336934,0.03230973572177768,8.04050199961022,0.03230973572177768,8.04050199961022,0.03083745099236815,8.045269591541647,0.4814397759385208,0.025657949371274913,0.0,0.15137929134473052,8.67339449973433,0.04833948749362884,0.040470135466819476,0.03562528064325834,0.08361813206535568,0.0846839506433292,0.14215767160530304,8.145034608390606,7.4347185196286825,8.48600092761518,10.91260088392068,11.16819528193687,0.057114341937997755,7.715944633563224,0.03897225907566912,9.409328483336934,0.021720835198319185,8.04050199961022,0.021720835198319185,8.04050199961022,0.008257194650703419,8.045269591541647,0.5075665216908803,0.0004687963810846574,0.0,5.638560153782192e-17,3.2306569934235606e-15,0.04833948749362884,0.040470135466819476,0.03562528064325834,0.08361813206535568,0.0846839506433292,0.1330505089047414,7.62323262230946,6.566893158731385,8.344190475477252,10.91260088392068,11.16819528193687,0.057114341937997755,7.715944633563224,0.03897225907566912,9.409328483336934,0.021720835198319185,5.00772684653027,0.021720835198319185,5.00772684653027,0.008257194650703419,1.5338395021356217,0.5075665216908803,0.0004687963810846574,0.5727353446537409,3.364715745937403,0.3778526312750993,0.3632132112307875,0.43675501889254614,0.3903913309166582,0.3700504475030794,0.7385259749795522,7.792797950061573,0.3912195681874646,0.3667884372894141,1.644142305880212,0.3903913309166582,0.45791918357506467,0.11204915512524972,0.27910488873700495,166,4.176456753227893e-07,4.176456753462025e-07,4.095113687658358e-17
trial_0017_bite_003_transfer,trial_0017_bite_003,trial_0017,transfer,trial_0017,0.8,0.04283547277755552,0.2168238974561472,12.42309422181458,0.012305750538501142,0.04283547277755552,0.06228904736821172,0.21682389745614716,1.0,0.801980198019802,0.0,0.0,0.1084119487280736,6.21154711090729,0.2168238974561472,12.42309422181458,0.04283547277755552,0.21682389745614714,12.423094221814578,0.026115227711875404,0.024083648372029653,0.020672700739772235,0.0394685058194634,0.042835349685137525,0.14696993470198408,8.420756973736987,7.756375840435536,7.67909243447753,12.494699431683607,12.830653150979755,0.020620343583313522,5.707736022098538,0.024525075624245198,9.997470846845811,0.038631973006344,12.359959262793936,0.038631973006344,12.359959262793936,0.03992105385026287,12.321067750131043,0.41448246910830683,0.02905504118849872,0.0,0.21682389745614714,12.423094221814578,0.021875985727037733,0.01969806724123441,0.01954575599036883,0.03459329460548363,0.03635189296763887,0.14696993470198408,8.420756973736987,7.756375840435536,7.67909243447753,12.494699431683607,12.830653150979755,0.020620343583313522,5.707736022098538,0.024525075624245198,9.997470846845811,0.022670447563536835,12.359959262793936,0.022670447563536835,12.359959262793936,0.007227498976060747,12.321067750131043,0.44878423967942677,0.005246729382621218,0.0,4.1714599331759725e-17,2.3900704857890764e-15,0.021875985727037733,0.01969806724123441,0.01954575599036883,0.03459329460548363,0.03635189296763887,0.1257066816795258,7.202462316831336,6.490174685607202,5.738918824414601,11.815019597745167,12.413680512490096,0.020620343583313522,5.707736022098538,0.024525075624245198,9.997470846845811,0.022670447563536835,7.824681065810145,0.022670447563536835,7.824681065810145,0.007227498976060747,2.884245996403534,0.44878423967942677,0.005246729382621218,0.4911869153524729,5.855545819075643,0.20618025038571436,0.30255219318219323,0.3033803875534473,0.23212313369648652,0.18621360227253264,0.7350727938145285,11.654288603261945,0.20435209795226275,0.2906871555855861,1.9676679023274428,0.23212313369648652,0.221162448942689,0.16049040940317655,0.39356175814542926,182,1.4253013639867018e-07,1.4253013647155977e-07,4.746688223609648e-17
trial_0017_bite_004_transfer,trial_0017_bite_004,trial_0017,transfer,trial_0017,0.8,0.036991454402098556,0.19537777473182005,11.194321902791028,0.010626884224961315,0.036991454402098556,0.056128017288442626,0.19537777473182005,1.0,0.801980198019802,0.0,0.0,0.09768888736591003,5.597160951395514,0.19537777473182005,11.194321902791028,0.036991454402098556,0.19537777473182005,11.194321902791028,0.0776904092321892,0.06334345872579106,0.044645147158533204,0.14163663668801751,0.1434195547473232,0.17450572092777206,9.998441310049103,9.520964472015004,9.961949600717814,13.71055479736822,14.238282063224094,0.09534866451268363,9.716800788920118,0.04727739862369538,9.399718969189427,0.03041823582088509,11.264745475939812,0.03041823582088509,11.264745475939812,0.03268041749097565,11.161422775542762,0.494802313883656,0.051236718727404595,0.0,0.19537777473182005,11.194321902791028,0.07683507547073617,0.05992634397226463,0.044645147158533204,0.14163663668801751,0.1434195547473232,0.17450572092777206,9.998441310049103,9.520964472015004,9.961949600717814,13.71055479736822,14.238282063224094,0.09534866451268363,9.716800788920118,0.04727739862369538,9.399718969189427,0.017017348582511364,11.264745475939812,0.017017348582511364,11.264745475939812,0.006150562389607963,11.161422775542762,0.5239165577043708,0.022122474906689726,0.0,2.2267094942467023e-17,1.275810562220461e-15,0.07683507547073617,0.05992634397226463,0.044645147158533204,0.14163663668801751,0.1434195547473232,0.160301207677122,9.184582650749201,8.394277060745225,9.148102868654176,13.71055479736822,14.238282063224094,0.09534866451268363,9.716800788920118,0.04727739862369538,9.399718969189427,0.017017348582511364,7.1977014089633755,0.017017348582511364,7.1977014089633755,0.006150562389607963,2.7632812008930343,0.5239165577043708,0.022122474906689726,0.6319748671461074,3.2363530487712837,0.4014306595250567,0.296818745129313,0.4014306595250567,0.4136385190964807,0.387969551368453,0.8310055331733076,9.62768551141247,0.4114372767351107,0.29105331670436646,1.903720200947262,0.4136385190964807,0.46730100390524154,0.14461642394712804,0.3571927859646221,215,5.206384811334283e-07,5.206384810301024e-07,5.486655580867847e-17
trial_0017_bite_005_transfer,trial_0017_bite_005,trial_0017,transfer,trial_0017,0.8,0.031642689004663056,0.18370054520540569,10.525265934521936,0.009090293908528623,0.031642689004663056,0.05277338935474165,0.18370054520540569,1.0,0.801980198019802,0.0,0.0,0.09185027260270284,5.262632967260968,0.18370054520540569,10.525265934521936,0.031642689004663056,0.1837005452054057,10.525265934521938,0.04427843676134881,0.03985927493921842,0.03427626671759647,0.06762815535513578,0.06813764576505149,0.20488334204521688,11.738950791726175,10.742209015756265,11.846482664590011,16.364461394815066,16.81123008428194,0.04952725117152145,11.288169221731405,0.037619917675715736,13.533352058533508,0.0327592193711388,11.147712370997938,0.0327592193711388,11.147712370997938,0.032414367721261245,10.772030198338198,0.511497735025916,0.048413959659434846,0.0,0.1837005452054057,10.525265934521938,0.04277838788253955,0.03657987508479086,0.03427626671759647,0.06762815535513578,0.06813764576505149,0.20488334204521688,11.738950791726175,10.742209015756265,11.846482664590011,16.364461394815066,16.81123008428194,0.04952725117152145,11.288169221731405,0.037619917675715736,13.533352058533508,0.021097231614551577,11.147712370997938,0.021097231614551577,11.147712370997938,0.00845669799720098,10.772030198338198,0.5353355528101311,0.024576141875219726,0.0,3.8343373540423533e-17,2.1969134761598616e-15,0.04277838788253955,0.03657987508479086,0.03427626671759647,0.06762815535513578,0.06813764576505149,0.19387081586945254,11.107979520077533,9.652526946087807,11.834447125359787,16.364461394815066,16.81123008428194,0.04952725117152145,11.288169221731405,0.037619917675715736,13.533352058533508,0.021097231614551577,7.412055461186323,0.021097231614551577,7.412055461186323,0.00845669799720098,2.9134524147029492,0.5353355528101311,0.024576141875219726,0.7324379931725885,3.880990214985155,0.4372683012545007,0.39535733618160745,0.4372683012545007,0.44994843234868,0.4230390813532423,0.9322381228779654,9.157089485101379,0.45488573690491774,0.40633408686117206,1.9740237212047131,0.44994843234868,0.5400771626291736,0.1359729531154378,0.33741614602039777,189,3.7982782063603795e-07,3.7982782063304523e-07,4.274022141365335e-17
trial_0017_bite_006_transfer,trial_0017_bite_006,trial_0017,transfer,trial_0017,0.8,0.0300994588486761,0.28249229439778445,16.1856162139602,0.008646955616882213,0.0300994588486761,0.08115422752446948,0.2824922943977845,1.0,0.801980198019802,0.0,0.0,0.14124614719889222,8.0928081069801,0.28249229439778445,16.1856162139602,0.0300994588486761,0.28249229439778445,16.1856162139602,0.032661821517390804,0.030676081064732463,0.033951623578721134,0.04454681471520675,0.045584373681792086,0.2035581756564319,11.663024350496203,9.977614718546711,10.7095582090065,17.36279746885054,17.464776251180897,0.028264336921715788,6.97930192508677,0.04230296861710188,15.879189226883005,0.03382241120517937,16.580291664492837,0.03382241120517937,16.580291664492837,0.03101334886441688,16.141214627404263,0.5241553136125496,0.03082964921731146,0.0,0.28249229439778445,16.1856162139602,0.030802783031196653,0.027718128690251833,0.032903758709677336,0.04454681471520675,0.045584373681792086,0.2035581756564319,11.663024350496203,9.977614718546711,10.7095582090065,17.36279746885054,17.464776251180897,0.028264336921715788,6.97930192508677,0.04230296861710188,15.879189226883005,0.024010680277662233,16.580291664492837,0.024010680277662233,16.580291664492837,0.009354157251114015,16.141214627404263,0.5449402391119444,0.010044723717916648,0.0,5.2958809290937725e-17,3.0343162604089434e-15,0.030802783031196653,0.027718128690251833,0.032903758709677336,0.04454681471520675,0.045584373681792086,0.17730372610502274,10.158755197761321,8.315768922192769,8.45272947759227,17.36279746885054,17.464776251180897,0.028264336921715788,6.97930192508677,0.04230296861710188,15.879189226883005,0.024010680277662233,10.818015600570604,0.024010680277662233,10.818015600570604,0.009354157251114015,3.9264092503956896,0.5449402391119444,0.010044723717916648,0.788250082263334,4.368689986142162,0.46671336709944505,0.38111629724762075,0.466713367099445,0.4782223817347687,0.4505732813185034,1.1337646694349424,13.28229871761988,0.48719166181665413,0.39936495710030284,2.7941967479097842,0.4782223817347687,0.5995464222523732,0.2090976253629155,0.5180812133490581,184,4.692106019267033e-07,4.692106018035281e-07,2.438795000904194e-17
trial_0017_bite_007_transfer,trial_0017_bite_007,trial_0017,transfer,trial_0017,0.8,0.028776481532939522,0.16667730694992433,9.549906228837209,0.008266891437362277,0.02877648153293952,0.04788296303874716,0.16667730694992436,1.0,0.801980198019802,0.0,0.0,0.08333865347496217,4.774953114418604,0.16667730694992433,9.549906228837209,0.028776481532939522,0.16667730694992436,9.54990622883721,0.039753838157843224,0.03485864944832157,0.030763228847459335,0.06942841414858426,0.07175293883176083,0.15662984002796496,8.974228779411636,8.199919982424532,9.722384664307185,12.248061467377447,12.487975747401915,0.04570081374362486,7.208981059152082,0.02700474137611024,11.489183886386327,0.03064244545343205,10.63691594788647,0.03064244545343205,10.63691594788647,0.030099556505785992,9.967318565080724,0.48134898857967146,0.042412356908636206,0.0,0.16667730694992436,9.54990622883721,0.038340908448917466,0.03194028346161835,0.029278523599052208,0.06942841414858426,0.07175293883176083,0.15662984002796496,8.974228779411636,8.199919982424532,9.722384664307185,12.248061467377447,12.487975747401915,0.04570081374362486,7.208981059152082,0.02700474137611024,11.489183886386327,0.020205571584205856,10.63691594788647,0.020205571584205856,10.63691594788647,0.008636384834840838,9.967318565080724,0.5053309317566331,0.018430413731674533,0.0,7.269816092100959e-18,4.165297799136743e-16,0.038340908448917466,0.03194028346161835,0.029278523599052208,0.06942841414858426,0.07175293883176083,0.14421167556576095,8.262720366428,7.2279086977334295,8.602297096144387,12.248061467377447,12.487975747401915,0.04570081374362486,7.208981059152082,0.02700474137611024,11.489183886386327,0.020205571584205856,7.359269927090641,0.020205571584205856,7.359269927090641,0.008636384834840838,2.8522993648425623,0.5053309317566331,0.018430413731674533,0.6871393923378657,3.7313111288561127,0.40348748937552753,0.37541290095295204,0.40348748937552753,0.41506453364749024,0.390776740916945,0.8388101999404156,8.324789425166335,0.41413827518305135,0.37902650776066554,1.6786531156695934,0.41506453364749024,0.46689096871333424,0.12337264098302961,0.30716605259246094,208,6.094913650198964e-08,6.09491363966426e-08,2.6572371589467254e-17
trial_0017_bite_008_transfer,trial_0017_bite_008,trial_0017,transfer,trial_0017,0.8,0.01400890037248425,0.08600251354968094,4.927581053913395,0.004024469023552694,0.01400890037248425,0.024706753744083064,0.08600251354968097,1.0,0.801980198019802,0.0,0.0,0.04300125677484047,2.4637905269566973,0.08600251354968094,4.927581053913395,0.01400890037248425,0.08600251354968096,4.927581053913395,0.06364741786219082,0.05127283735708901,0.04506080682041835,0.11167353844168473,0.11368299194095807,0.11719376766920324,6.714708272682064,6.159291499951415,5.540804429344665,10.283594367881445,10.941201379644172,0.07672012831776875,7.622214404891698,0.05140224403434055,5.273888679712615,0.01224331629511115,4.9360232872675205,0.01224331629511115,4.9360232872675205,0.012525456401619062,5.066709693091784,0.47105782751945674,0.02497291421237624,0.0,0.08600251354968096,4.927581053913395,0.06350714427149938,0.0500811417240506,0.04506080682041835,0.11167353844168473,0.11368299194095807,0.11719376766920324,6.714708272682064,6.159291499951415,5.540804429344665,10.283594367881445,10.941201379644172,0.07672012831776875,7.622214404891698,0.05140224403434055,5.273888679712615,0.008007126422941905,4.9360232872675205,0.008007126422941905,4.9360232872675205,0.002821369550278537,5.066709693091784,0.48195092889595426,0.014079812835878724,0.0,3.606598160103104e-17,2.0664285297355582e-15,0.06350714427149938,0.0500811417240506,0.04506080682041835,0.11167353844168473,0.11368299194095807,0.11310079915350135,6.480198451052421,5.670686765063359,5.540804429344665,10.283594367881445,10.941201379644172,0.07672012831776875,7.622214404891698,0.05140224403434055,5.273888679712615,0.008007126422941905,3.07929325765101,0.008007126422941905,3.07929325765101,0.002821369550278537,1.3896015472447087,0.48195092889595426,0.014079812835878724,0.6773389388396434,3.5276060382749757,0.3851682586734122,0.357024987585641,0.3851682586734122,0.39779761732340085,0.3726385560410539,0.7324585943091546,5.288990670017854,0.3904474832674899,0.35984961786499553,0.9930225957683384,0.39779761732340085,0.40932331923030835,0.06365807081201645,0.15802989151342753,193,4.764993391147727e-07,4.7649933927837325e-07,9.536414521738203e-17
trial_0017_bite_009_transfer,trial_0017_bite_009,trial_0017,transfer,trial_0017,0.8,0.01639541663021954,0.0880167980153197,5.042991052533259,0.004710066072434941,0.01639541663021954,0.025285416252991254,0.08801679801531971,1.0,0.801980198019802,0.0,0.0,0.04400839900765985,2.5214955262666296,0.0880167980153197,5.042991052533259,0.01639541663021954,0.08801679801531968,5.042991052533258,0.0982278920458798,0.07879340311469879,0.06483892445406446,0.17211258912444327,0.1743879652343181,0.16716097883410908,9.577618586470134,8.861753780237295,8.906239309752513,14.465169154422505,14.77615104478965,0.1186284064711303,11.03748374617069,0.0785003462300358,8.020071132712209,0.018143055704182245,5.643432298587332,0.018143055704182245,5.643432298587332,0.015340006891620668,5.585051062412751,0.5277854510642646,0.0699548569242181,0.0,0.08801679801531968,5.042991052533258,0.09807995562560198,0.07719973655297413,0.06483892445406446,0.17211258912444327,0.1743879652343181,0.16716097883410908,9.577618586470134,8.861753780237295,8.906239309752513,14.465169154422505,14.77615104478965,0.1186284064711303,11.03748374617069,0.0785003462300358,8.020071132712209,0.01376578015714763,5.643432298587332,0.01376578015714763,5.643432298587332,0.002869090695764785,5.585051062412751,0.5418829253068473,0.055857382681635315,0.0,2.862293735361732e-17,1.6399735076296259e-15,0.09807995562560198,0.07719973655297413,0.06483892445406446,0.17211258912444327,0.1743879652343181,0.16378011570730433,9.38390939819282,8.352303497424009,8.906239309752513,14.465169154422505,14.77615104478965,0.1186284064711303,11.03748374617069,0.0785003462300358,8.020071132712209,0.01376578015714763,3.766011207077126,0.01376578015714763,3.766011207077126,0.002869090695764785,1.9441642459122865,0.5418829253068473,0.055857382681635315,0.8141867719170104,4.318359908153411,0.5273155487824175,0.480983098660541,0.5273155487824175,0.5429325844370645,0.5120602673986129,0.8750398999243915,5.817636098871874,0.5338420676662747,0.48641651901810457,1.1530175129441005,0.5429325844370645,0.5552793170981077,0.06514907044908268,0.1630227629231744,232,7.315248089910783e-08,7.315248094635255e-08,6.049270153141064e-17
trial_0017_bite_010_transfer,trial_0017_bite_010,trial_0017,transfer,trial_0017,0.8,0.03186663563812353,0.19203049983539525,11.002537178355798,0.009154629171491933,0.03186663563812353,0.055166414037952215,0.19203049983539527,1.0,0.801980198019802,0.0,0.0,0.09601524991769762,5.501268589177899,0.19203049983539525,11.002537178355798,0.03186663563812353,0.19203049983539522,11.002537178355796,0.023534697138939006,0.021580247173564996,0.021950564419483225,0.0340614631232933,0.034981308380754056,0.1224725073854645,7.017157779571921,6.265813777305365,5.828766205283541,10.946888480276057,11.378220698624057,0.022441922064284983,4.279108130642676,0.020689079351957726,8.640418166898924,0.028588148448998454,10.649185812925761,0.028588148448998454,10.649185812925761,0.03086408818019585,10.994999057337429,0.4809333880694315,0.030549501164461257,0.0,0.19203049983539522,11.002537178355796,0.02090355873580053,0.01840465131984466,0.020893987580948337,0.0340614631232933,0.034981308380754056,0.1224725073854645,7.017157779571921,6.265813777305365,5.828766205283541,10.946888480276057,11.378220698624057,0.022441922064284983,4.279108130642676,0.020689079351957726,8.640418166898924,0.015966756394412543,10.649185812925761,0.015966756394412543,10.649185812925761,0.0070441107702693614,10.994999057337429,0.5021697082443191,0.009313180989573677,0.0,3.859759734048395e-17,2.2114794269551013e-15,0.02090355873580053,0.01840465131984466,0.020893987580948337,0.0340614631232933,0.034981308380754056,0.10204137175602339,5.846539937345582,5.129611193188097,4.913795234553048,10.022003730503368,10.280439616076876,0.022441922064284983,4.279108130642676,0.020689079351957726,8.640418166898924,0.015966756394412543,6.40164579856205,0.015966756394412543,6.40164579856205,0.0070441107702693614,2.522250423324844,0.5021697082443191,0.009313180989573677,0.49089446737377457,2.665192011153671,0.33796931789912227,0.29493061477850735,0.33796931789912227,0.3491147916070017,0.32674938045858737,0.7510728258742341,9.294120280018948,0.35558473468049245,0.298483777257124,1.9704983873150768,0.3491147916070017,0.44659296423385997,0.14213865404040119,0.35130264163318786,182,3.901062907828568e-07,3.9010629086094655e-07,2.5145516151296694e-17
trial_0017_bite_011_transfer,trial_0017_bite_011,trial_0017,transfer,trial_0017,0.8,0.02413748406991108,0.14835508263931432,8.50012010454726,0.006934202854112201,0.02413748406991108,0.042619364739092905,0.14835508263931435,1.0,0.801980198019802,0.0,0.0,0.07417754131965716,4.25006005227363,0.14835508263931432,8.50012010454726,0.02413748406991108,0.14835508263931432,8.50012010454726,0.04899932602025324,0.04328474450288983,0.04078689700147462,0.07668094472564264,0.07794011723850204,0.18247329926679717,10.454949921815096,10.082921538415972,9.617738601429263,13.641672283954753,14.48018646657144,0.05916878231904039,11.194870529657331,0.03379002293761771,9.180655921520348,0.021383491546130166,9.347032457771887,0.021383491546130166,9.347032457771887,0.022955649512252298,9.076027393364853,0.45279715701885476,0.06600330222993384,0.0,0.14835508263931432,8.50012010454726,0.04832154868952547,0.04083954575571585,0.04078689700147462,0.07668094472564264,0.07794011723850204,0.18247329926679717,10.454949921815096,10.082921538415972,9.617738601429263,13.641672283954753,14.48018646657144,0.05916878231904039,11.194870529657331,0.03379002293761771,9.180655921520348,0.011832517289632445,9.347032457771887,0.011832517289632445,9.347032457771887,0.004263592856093753,9.076027393364853,0.4716713049622031,0.047129154286585484,0.0,2.9040431592074206e-17,1.663894165464234e-15,0.04832154868952547,0.04083954575571585,0.04078689700147462,0.07668094472564264,0.07794011723850204,0.17379939223787705,9.957971657169114,9.204244193435471,9.441240324387465,13.641672283954753,14.48018646657144,0.05916878231904039,11.194870529657331,0.03379002293761771,9.180655921520348,0.011832517289632445,6.210914810653046,0.011832517289632445,6.210914810653046,0.004263592856093753,2.646867495101036,0.4716713049622031,0.047129154286585484,0.664399731967452,3.696613788638529,0.3633298765471787,0.3434892319838174,0.3633298765471787,0.37305869207057574,0.35145689696119037,0.8033035183605854,7.424265043896711,0.3762101124928807,0.35234484198931637,1.5461705861137562,0.37305869207057574,0.43735055153165203,0.10981066364730652,0.2714481466891485,186,2.0582292259613463e-07,2.058229225877031e-07,3.40783025937038e-17
trial_0017_bite_012_transfer,trial_0017_bite_012,trial_0017,transfer,trial_0017,0.8,0.027752215177746824,0.1496646171311521,8.575150904056374,0.007972640774659532,0.027752215177746824,0.042995567071720406,0.14966461713115214,1.0,0.801980198019802,0.0,0.0,0.07483230856557604,4.287575452028187,0.1496646171311521,8.575150904056374,0.027752215177746824,0.14966461713115206,8.575150904056372,0.05201809025350484,0.04484936172834537,0.03851299035242978,0.08364542581402866,0.08437009506411837,0.1741471655211399,9.977897598527484,9.375389848426874,8.941382655789052,14.357031920512243,14.722870596723094,0.06255548873265991,10.72595717674195,0.036719477640133516,8.88640890716452,0.02343816797407235,8.655490364398137,0.02343816797407235,8.655490364398137,0.025740374179073787,8.776877680824917,0.4676920944942387,0.039000005990593334,0.0,0.14966461713115206,8.575150904056372,0.051219547386724566,0.04206236506539135,0.03851299035242978,0.08364542581402866,0.08437009506411837,0.1741471655211399,9.977897598527484,9.375389848426874,8.941382655789052,14.357031920512243,14.722870596723094,0.06255548873265991,10.72595717674195,0.036719477640133516,8.88640890716452,0.012363337672311403,8.655490364398137,0.012363337672311403,8.655490364398137,0.004484121414232606,8.776877680824917,0.4912809987871405,0.015411101697691554,0.0,5.658538285032461e-17,3.242103619455549e-15,0.051219547386724566,0.04206236506539135,0.03851299035242978,0.08364542581402866,0.08437009506411837,0.16561961662230062,9.48930503703256,8.491987469639856,8.941382655789052,14.357031920512243,14.722870596723094,0.06255548873265991,10.72595717674195,0.036719477640133516,8.88640890716452,0.012363337672311403,5.401072256533525,0.012363337672311403,5.401072256533525,0.004484121414232606,2.2254322740699535,0.4912809987871405,0.015411101697691554,0.7114422898284821,3.9127728752343462,0.3784616739408311,0.3560882141061072,0.3784616739408311,0.3903181080631037,0.36455020288557277,0.8083146255445316,7.865051152602799,0.38066328740946986,0.35179144390849343,1.386063950759957,0.3903181080631037,0.39092470456399314,0.1107800715850109,0.27486331823072374,175,2.1039019051744101e-07,2.1039019049301438e-07,1.1555837014184527e-16
trial_0017_bite_013_transfer,trial_0017_bite_013,trial_0017,transfer,trial_0017,0.8,0.025429711415889074,0.1454579850076301,8.334128637414409,0.00730543319960676,0.025429711415889074,0.04178708816013873,0.14545798500763013,1.0,0.801980198019802,0.0,0.0,0.07272899250381505,4.1670643187072045,0.1454579850076301,8.334128637414409,0.025429711415889074,0.1454579850076301,8.334128637414409,0.14416987829577235,0.11387208644555494,0.09724380335186082,0.25026811271431076,0.2558753234524225,0.1829390553885147,10.481635781871894,8.854732684664015,7.63756441958278,17.632171163984875,18.0995523009154,0.15444027736107235,12.65763403253192,0.17990462741897287,5.450186527651446,0.03151634418951634,6.507508239502522,0.03151634418951634,6.507508239502522,0.02137771400615312,7.693759921022005,0.48965247149131164,0.057802272540348865,0.0,0.1454579850076301,8.334128637414409,0.14404348662220212,0.1126040720002322,0.09724380335186082,0.25026811271431076,0.2558753234524225,0.1829390553885147,10.481635781871894,8.854732684664015,7.63756441958278,17.632171163984875,18.0995523009154,0.15444027736107235,12.65763403253192,0.17990462741897287,5.450186527651446,0.028602093038003377,6.507508239502522,0.028602093038003377,6.507508239502522,0.010941440588000326,7.693759921022005,0.5106590234427952,0.036795720588865266,0.0,4.937538115125178e-17,2.829000951816523e-15,0.14404348662220212,0.1126040720002322,0.09724380335186082,0.25026811271431076,0.2558753234524225,0.17692775145387307,10.137213437046542,8.06789439168891,5.954249087371406,17.632171163984875,18.0995523009154,0.15444027736107235,12.65763403253192,0.17990462741897287,5.450186527651446,0.028602093038003377,2.862234402545818,0.028602093038003377,2.862234402545818,0.010941440588000326,1.6670123590259185,0.5106590234427952,0.036795720588865266,0.6594920830479856,3.339266957404899,0.431281900265399,0.3920050589463566,0.431281900265399,0.44377931780035423,0.4200423528301105,0.805127637948916,7.446412994297641,0.4431021212588112,0.3986686018256582,1.6079539483352623,0.44377931780035423,0.49959218497880997,0.10766631699724266,0.26806847792296074,292,1.9177961531120845e-07,1.917796152386556e-07,3.726964164104338e-17
trial_0017_bite_014_transfer,trial_0017_bite_014,trial_0017,transfer,trial_0017,0.8,0.018604831350396544,0.112483428091279,6.444825694793572,0.00534478549116951,0.018604831350396544,0.032314175986683305,0.11248342809127904,1.0,0.801980198019802,0.0,0.0,0.0562417140456395,3.222412847396786,0.112483428091279,6.444825694793572,0.018604831350396544,0.11248342809127898,6.444825694793571,0.03408733437091773,0.027598110028486868,0.017210671382752386,0.06428540979615714,0.06515622640968914,0.18176911558366482,10.414603168769636,9.825958928043637,9.46700976577157,14.783926942073636,15.451948614434071,0.042730706629867915,11.94399392424273,0.010596091537546102,8.226442933662248,0.01626600655366055,7.04351493996845,0.01626600655366055,7.04351493996845,0.017307397614776985,6.282966226691481,0.4982062483403525,0.03319991927811633,0.0,0.11248342809127898,6.444825694793571,0.03358128185706827,0.02603129643780934,0.014102712041069786,0.06428540979615714,0.06515622640968914,0.18176911558366482,10.414603168769636,9.825958928043637,9.46700976577157,14.783926942073636,15.451948614434071,0.042730706629867915,11.94399392424273,0.010596091537546102,8.226442933662248,0.009994310631169982,7.04351493996845,0.009994310631169982,7.04351493996845,0.00544710000505567,6.282966226691481,0.5094905078388897,0.0219156597795791,0.0,3.662886822163679e-17,2.0986795574406494e-15,0.03358128185706827,0.02603129643780934,0.014102712041069786,0.06428540979615714,0.06515622640968914,0.1775833679208441,10.174777493583258,9.224709806361808,9.46700976577157,14.783926942073636,15.451948614434071,0.042730706629867915,11.94399392424273,0.010596091537546102,8.226442933662248,0.009994310631169982,5.085502657554663,0.009994310631169982,5.085502657554663,0.00544710000505567,1.868437574729287,0.5094905078388897,0.0219156597795791,0.6578206083152736,3.4511126365894174,0.41498603823701113,0.3543571629783925,0.41498603823701113,0.4242156812865856,0.4031460263721703,0.7230468206949597,6.040373903470671,0.42013753996734,0.35147514020183884,1.100010126003964,0.4242156812865856,0.440058120518888,0.08325898301588443,0.20682945651766355,231,4.971843585932665e-07,4.97184358770571e-07,6.45898324622133e-17
trial_0017_bite_015_transfer,trial_0017_bite_015,trial_0017,transfer,trial_0017,0.8,0.02466950578980743,0.15504829330360098,8.88361282700284,0.007087041754714675,0.02466950578980743,0.044542186535972986,0.15504829330360098,1.0,0.801980198019802,0.0,0.0,0.07752414665180049,4.44180641350142,0.15504829330360098,8.88361282700284,0.02466950578980743,0.15504829330360104,8.883612827002844,0.05192148952646926,0.04535100366896303,0.044844452411682036,0.08381980999258024,0.08532272133121872,0.10610041558532998,6.07910601762347,5.639984824880549,6.3485721633219585,8.389256504672442,8.88361282700284,0.06379599879122233,4.987548256028783,0.03126097268561168,6.990018400527862,0.020165048224923543,7.7544553281347595,0.020165048224923543,7.7544553281347595,0.02273479127621113,8.292687002977436,0.4871837592435446,0.0661555525558718,0.0,0.15504829330360104,8.883612827002844,0.051333761738600506,0.04318899900278707,0.044844452411682036,0.08381980999258024,0.08532272133121872,0.10610041558532998,6.07910601762347,5.639984824880549,6.3485721633219585,8.389256504672442,8.88361282700284,0.06379599879122233,4.987548256028783,0.03126097268561168,6.990018400527862,0.010712539485033042,7.7544553281347595,0.010712539485033042,7.7544553281347595,0.006431002161173834,8.292687002977436,0.5023417258668667,0.05099758593254977,0.0,4.336808689942018e-17,2.4848083448933726e-15,0.051333761738600506,0.04318899900278707,0.044844452411682036,0.08381980999258024,0.08532272133121872,0.0932516093681008,5.342923649594785,4.794838083370123,5.603795565901351,7.851250305106666,8.164800969283746,0.06379599879122233,4.987548256028783,0.03126097268561168,6.990018400527862,0.010712539485033042,4.437313346835092,0.010712539485033042,4.437313346835092,0.006431002161173834,1.7958590505607261,0.5023417258668667,0.05099758593254977,0.6934751182690658,3.4665851391801916,0.4628345154979627,0.390254434757507,0.4628345154979627,0.47651149105656915,0.45003705837572566,0.8802045332436237,7.914797696637278,0.47898228308760965,0.4079810358506121,1.8436960609928958,0.47651149105656915,0.5554298955668873,0.11476486786044407,0.2800806727039973,331,3.084692401212778e-07,3.0846924012818404e-07,4.2077794494044744e-17
trial_0019_bite_001_transfer,trial_0019_bite_001,trial_0019,transfer,trial_0019,0.8,0.03224905461979856,0.2338194169917538,13.39686576183698,0.009264490281561117,0.03224905461979856,0.06717151066594336,0.23381941699175382,1.0,0.801980198019802,0.0,0.0,0.1169097084958769,6.69843288091849,0.2338194169917538,13.39686576183698,0.03224905461979856,0.23381941699175376,13.396865761836978,0.035149061988600606,0.03306846801254817,0.03101143707516984,0.0520207236489061,0.05272764240846998,0.20090667552220398,11.511104583426572,11.01017721861964,12.072141029232334,14.264950250768592,14.541029835144807,0.0401748928660403,11.139376704056021,0.024423713582081147,11.269725027708033,0.02761076025226369,12.720028370165423,0.02761076025226369,12.720028370165423,0.029856856521023382,13.002703513535307,0.4582203298157413,0.0249449705793639,0.0,0.23381941699175376,13.396865761836978,0.03351578988277998,0.02981660478943521,0.0292155811231047,0.0520207236489061,0.05272764240846998,0.20090667552220398,11.511104583426572,11.01017721861964,12.072141029232334,14.264950250768592,14.541029835144807,0.0401748928660403,11.139376704056021,0.024423713582081147,11.269725027708033,0.014932305354933841,12.720028370165423,0.014932305354933841,12.720028370165423,0.005199300204540103,13.002703513535307,0.4627898988721555,0.029514539635778103,0.0,2.6769915502954033e-17,1.5338031762410985e-15,0.03351578988277998,0.02981660478943521,0.0292155811231047,0.0520207236489061,0.05272764240846998,0.18409527916197763,10.54788252426401,9.633709077147666,11.3092110801227,14.264950250768592,14.541029835144807,0.0401748928660403,11.139376704056021,0.024423713582081147,11.269725027708033,0.014932305354933841,7.720608028788766,0.014932305354933841,7.720608028788766,0.005199300204540103,2.708178070839179,0.4627898988721555,0.029514539635778103,0.5655348221474776,3.0614381309797376,0.25732134954458386,0.2865126368316831,0.28835430295639464,0.26127062979971244,0.25307456904835446,0.8456219777484323,10.889038257461555,0.2636943168809453,0.29523236025305266,2.1923814976753713,0.26127062979971244,0.3289520188243344,0.17307035233118395,0.4269619518077853,105,2.6237851347365183e-07,2.6237851344233676e-07,3.6608856316639815e-17
trial_0019_bite_002_transfer,trial_0019_bite_002,trial_0019,transfer,trial_0019,0.8,0.03310466174901368,0.2553374172266705,14.629756358859222,0.009510288616641034,0.03310466174901367,0.07335318967654691,0.2553374172266705,1.0,0.801980198019802,0.0,0.0,0.12766870861333526,7.314878179429611,0.2553374172266705,14.629756358859222,0.03310466174901368,0.25533741722667047,14.62975635885922,0.029635362205067888,0.02848261274432517,0.03145120734946935,0.03624497446942275,0.03667826033655764,0.2163660161094211,12.39685955312941,11.531977650195046,13.526588520117,15.504530926069961,15.76366151767674,0.0297315616278217,10.959327174947681,0.030824315448254293,14.79626751609299,0.028168717982875985,13.69200849465714,0.028168717982875985,13.69200849465714,0.030367755086419142,14.030893554138453,0.5403926824499041,0.025525006044042176,0.0,0.25533741722667047,14.62975635885922,0.02761466106128101,0.025149320943610807,0.030979979517775477,0.03624497446942275,0.03667826033655764,0.2163660161094211,12.39685955312941,11.531977650195046,13.526588520117,15.504530926069961,15.76366151767674,0.0297315616278217,10.959327174947681,0.030824315448254293,14.79626751609299,0.015397597511524527,13.69200849465714,0.015397597511524527,13.69200849465714,0.004985570894307447,14.030893554138453,0.5436792731578365,0.028811596751974533,0.0,6.95959838113969e-17,3.987556143453844e-15,0.02761466106128101,0.025149320943610807,0.030979979517775477,0.03624497446942275,0.03667826033655764,0.198100356830929,11.35031436644784,10.030577939694705,11.989870713349383,15.504530926069961,15.76366151767674,0.0297315616278217,10.959327174947681,0.030824315448254293,14.79626751609299,0.015397597511524527,8.242721124112899,0.015397597511524527,8.242721124112899,0.004985570894307447,2.788904449282647,0.5436792731578365,0.028811596751974533,0.5964853828089867,2.92405259269245,0.4870890458132116,0.49166061411767636,0.5647977154065374,0.49599338114394126,0.4822129276810159,0.7735757240051849,11.831375919728464,0.4616731532361954,0.4716553602516162,1.95568775768018,0.49599338114394126,0.33163281777970194,0.1889977073995746,0.47009150650660214,123,6.257474499442471e-07,6.257474499100852e-07,2.622441318197349e-17
trial_0019_bite_003_transfer,trial_0019_bite_003,trial_0019,transfer,trial_0019,0.8,0.045585796909659936,0.27565677666147026,15.793969896882578,0.013095862109008429,0.045585796909659936,0.07919052383193881,0.2756567766614703,1.0,0.801980198019802,0.0,0.0,0.13782838833073513,7.896984948441289,0.27565677666147026,15.793969896882578,0.045585796909659936,0.2756567766614703,15.79396989688258,0.05182537468448704,0.04670871170829328,0.04312601301217985,0.08122160224951737,0.08215307697887801,0.1860207630014214,10.658204621784781,9.641994644370596,11.07792969152153,15.097641661012249,15.79396989688258,0.057056599755635165,8.388456124441511,0.04596856932139315,11.75609876030877,0.040049548912705575,14.617733801626999,0.040049548912705575,14.617733801626999,0.042966039920414124,15.144041142576947,0.5133801988822122,0.027723241220666273,0.0,0.2756567766614703,15.79396989688258,0.04954393770002314,0.04208267098804844,0.038339739467298975,0.08122160224951737,0.08215307697887801,0.1860207630014214,10.658204621784781,9.641994644370596,11.07792969152153,15.097641661012249,15.79396989688258,0.057056599755635165,8.388456124441511,0.04596856932139315,11.75609876030877,0.02217383292210066,14.617733801626999,0.02217383292210066,14.617733801626999,0.008083752506779842,15.144041142576947,0.5257875239444242,0.040130566282878255,0.0,4.597017211338539e-17,2.6338968455869747e-15,0.04954393770002314,0.04208267098804844,0.038339739467298975,0.08122160224951737,0.08215307697887801,0.16082699599011727,9.214708102001135,8.0538726411739,10.388677034207651,13.28129077986225,13.718295101111401,0.057056599755635165,8.388456124441511,0.04596856932139315,11.75609876030877,0.02217383292210066,8.701139650507022,0.02217383292210066,8.701139650507022,0.008083752506779842,3.290942643025231,0.5257875239444242,0.040130566282878255,0.6389171960655342,3.2954725024273634,0.533396015924445,0.5290268485350356,0.6596609823619496,0.5484814964166493,0.5255651916978148,0.8469632732415199,12.860961149277422,0.5035373577788914,0.514722333294601,2.190925687244247,0.5484814964166493,0.34544866743908287,0.2040378070564105,0.515908360389361,114,3.1725702321022174e-07,3.1725702308383495e-07,1.995996470459545e-17
trial_0019_bite_004_transfer,trial_0019_bite_004,trial_0019,transfer,trial_0019,0.8,0.03842648511671416,0.24925524873909863,14.281273774233886,0.011039139041917594,0.03842648511671416,0.07160590773268076,0.24925524873909866,1.0,0.801980198019802,0.0,0.0,0.12462762436954931,7.140636887116943,0.24925524873909863,14.281273774233886,0.03842648511671416,0.24925524873909863,14.281273774233886,0.03641033792378172,0.032625405549669084,0.0326605278515768,0.05807078694253188,0.059066661963509695,0.19142436401620358,10.96780815410441,10.043665303076125,12.762576577058578,14.16802803107501,14.340107973671206,0.031223941761331572,8.84586940482519,0.050364828451560574,13.188294182767624,0.03427382190960496,13.75982417103083,0.03427382190960496,13.75982417103083,0.035367685580573016,14.077527522031946,0.5011328092202503,0.013473502399567683,0.0,0.24925524873909863,14.281273774233886,0.03422116513291339,0.028891310781331392,0.023667743338783707,0.05807078694253188,0.059066661963509695,0.19142436401620358,10.96780815410441,10.043665303076125,12.762576577058578,14.16802803107501,14.340107973671206,0.031223941761331572,8.84586940482519,0.050364828451560574,13.188294182767624,0.02076112576365787,13.75982417103083,0.02076112576365787,13.75982417103083,0.0067398807573103275,14.077527522031946,0.5067809651315925,0.01912165831090995,0.0,1.39857877853494e-17,8.013266132661391e-16,0.03422116513291339,0.028891310781331392,0.023667743338783707,0.05807078694253188,0.059066661963509695,0.17057650305823788,9.77331370933741,8.583947990723107,10.215971055995192,13.394243489788657,13.55677309211266,0.031223941761331572,8.84586940482519,0.050364828451560574,13.188294182767624,0.02076112576365787,8.377115500592438,0.02076112576365787,8.377115500592438,0.0067398807573103275,3.156012953046427,0.5067809651315925,0.01912165831090995,0.5587149582156969,2.7538131384594746,0.39026201811673317,0.4232195261923396,0.4592052515760077,0.39564654624937007,0.3872168889009706,0.7633641389807749,11.671486662063385,0.36301232247728316,0.4056521452005678,1.988121863273929,0.39564654624937007,0.22219597315922246,0.1844956605408805,0.45735671116469034,112,8.669879415710996e-07,8.669879415940996e-07,3.970544329221145e-17
trial_0019_bite_005_transfer,trial_0019_bite_005,trial_0019,transfer,trial_0019,0.8,0.014268311390786827,0.10635333018657814,6.093596956852223,0.0040989924750562505,0.014268311390786827,0.03055312490680908,0.10635333018657815,1.0,0.801980198019802,0.0,0.0,0.05317666509328907,3.0467984784261115,0.10635333018657814,6.093596956852223,0.014268311390786827,0.10635333018657812,6.093596956852223,0.04220736687117132,0.03534894972646912,0.0316379861065413,0.06889535804347538,0.06929442576258514,0.09851187336812302,5.644314575920663,4.9364633073766875,4.220818464441971,10.038815232608627,10.531680775534642,0.046405147916793135,6.573492248016855,0.048544226681435494,2.6231879802376814,0.013075858462619832,4.817708734941997,0.013075858462619832,4.817708734941997,0.011346935169707152,5.469440570808116,0.49876684034243074,4.861968385444504e-05,0.0,0.10635333018657812,6.093596956852223,0.04204500092753426,0.034394599545712105,0.0316379861065413,0.06889535804347538,0.06929442576258514,0.09851187336812302,5.644314575920663,4.9364633073766875,4.220818464441971,10.038815232608627,10.531680775534642,0.046405147916793135,6.573492248016855,0.048544226681435494,2.6231879802376814,0.01025598159935644,4.817708734941997,0.01025598159935644,4.817708734941997,0.0034123632717161785,5.469440570808116,0.49433140619073995,0.004484053835545232,0.0,2.1705716661966563e-17,1.2436459560374733e-15,0.04204500092753426,0.034394599545712105,0.0316379861065413,0.06889535804347538,0.06929442576258514,0.0925915210807205,5.305103376621876,4.355502463198655,3.1630509017105033,10.038815232608627,10.531680775534642,0.046405147916793135,6.573492248016855,0.048544226681435494,2.6231879802376814,0.01025598159935644,2.3123476199329107,0.01025598159935644,2.3123476199329107,0.0034123632717161785,1.0016073060495283,0.49433140619073995,0.004484053835545232,0.5812261671135076,3.1381426460162376,0.33824146379978504,0.407029110741166,0.4232338110917227,0.3443028490683467,0.333842040630028,0.5964750886267396,5.741781187546198,0.3266600554961763,0.40001431349864613,0.7326072799576036,0.3443028490683467,0.26120401958068545,0.07872141902953798,0.19511584937511015,127,1.7567312506126557e-07,1.756731251153609e-07,2.5821952492588904e-17
trial_0019_bite_006_transfer,trial_0019_bite_006,trial_0019,transfer,trial_0019,0.8,0.02241124152026204,0.20682773757460302,11.850356449264106,0.006438288864899556,0.02241124152026204,0.05941735617703362,0.20682773757460302,1.0,0.801980198019802,0.0,0.0,0.10341386878730151,5.925178224632053,0.20682773757460302,11.850356449264106,0.02241124152026204,0.20682773757460302,11.850356449264106,0.03884839292549655,0.035495568577870194,0.036032483469003805,0.05757016767060669,0.05811393760987096,0.18267882681368006,10.466725782825163,9.731958915320487,11.23906862461035,12.94238862811402,12.990447830857148,0.044125718470680676,9.93836633470687,0.03607543694254853,11.179569227561778,0.02135357233092026,11.209826309031058,0.02135357233092026,11.209826309031058,0.020498853418190785,11.545804548231514,0.46087011768153185,0.01011526589884204,0.0,0.20682773757460302,11.850356449264106,0.0381570834823393,0.033321963553184626,0.036032483469003805,0.05757016767060669,0.05811393760987096,0.18267882681368006,10.466725782825163,9.731958915320487,11.23906862461035,12.94238862811402,12.990447830857148,0.044125718470680676,9.93836633470687,0.03607543694254853,11.179569227561778,0.014140081771429863,11.209826309031058,0.014140081771429863,11.209826309031058,0.004126105582129969,11.545804548231514,0.4613743971334255,0.01061954535073567,0.0,5.605063087764203e-17,3.2114645883345414e-15,0.0381570834823393,0.033321963553184626,0.036032483469003805,0.05757016767060669,0.05811393760987096,0.16810134590982248,9.631497651101572,8.507407736310142,10.688618435746164,12.94238862811402,12.990447830857148,0.044125718470680676,9.93836633470687,0.03607543694254853,11.179569227561778,0.014140081771429863,6.7025850054951785,0.014140081771429863,6.7025850054951785,0.004126105582129969,2.5282994404722285,0.4613743971334255,0.01061954535073567,0.51572722482823,2.378581640808044,0.35353797541525905,0.38287699621888427,0.44469440534518356,0.36026501472511463,0.351663802321001,0.6430439597430925,9.39271900486052,0.332517445093353,0.3641919628978265,1.5362035682198203,0.36026501472511463,0.22501080981621763,0.153091355339038,0.37636534755521484,109,4.229045506974513e-07,4.229045507012662e-07,1.9501578712059783e-17
trial_0019_bite_007_transfer,trial_0019_bite_007,trial_0019,transfer,trial_0019,0.8,0.047377561834730346,0.3485563040061872,19.970805142233395,0.013610599329397084,0.047377561834730346,0.10013305906523204,0.3485563040061872,1.0,0.801980198019802,0.0,0.0,0.1742781520030936,9.985402571116698,0.3485563040061872,19.970805142233395,0.047377561834730346,0.34855630400618715,19.97080514223339,0.04799697624807949,0.04300339480533126,0.04660440844538031,0.06864614326009696,0.06906381818837436,0.32717519475071816,18.745757820586917,17.624015064384846,18.918291093182912,24.188476880402188,25.01336287066831,0.04689149214412477,18.649439405993384,0.05435533227191955,18.526677981081253,0.044537794312601145,19.221634281287493,0.044537794312601145,19.221634281287493,0.046177273005289274,19.759388421358775,0.46532933730286846,0.027375406975011174,0.0,0.34855630400618715,19.97080514223339,0.045146333213977284,0.03814884267008998,0.0435608569348469,0.06864614326009696,0.06906381818837436,0.32717519475071816,18.745757820586917,17.624015064384846,18.918291093182912,24.188476880402188,25.01336287066831,0.04689149214412477,18.649439405993384,0.05435533227191955,18.526677981081253,0.026581918856037147,19.221634281287493,0.026581918856037147,19.221634281287493,0.00991605520872522,19.759388421358775,0.4839108289992504,0.04595689867139313,0.0,5.2398718162781736e-17,3.0022254026228843e-15,0.045146333213977284,0.03814884267008998,0.0435608569348469,0.06864614326009696,0.06906381818837436,0.3037067646972646,17.401115826726045,15.571365146437637,18.394106468538965,24.188476880402188,25.01336287066831,0.04689149214412477,18.649439405993384,0.05435533227191955,18.526677981081253,0.026581918856037147,11.649301396928239,0.026581918856037147,11.649301396928239,0.00991605520872522,4.462558351226293,0.4839108289992504,0.04595689867139313,0.5053225749630329,2.5463063303210305,0.29543152256869326,0.33337558842719456,0.35633733505198456,0.29588610371110075,0.29740206312577117,0.9439596128342255,16.01789135413971,0.2581360261680928,0.2981636627810906,2.908509455699819,0.29588610371110075,0.10535294978374721,0.2579970556208202,0.6309610977952858,118,4.217952735807623e-07,4.2179527353275856e-07,6.355395651641913e-17
trial_0019_bite_008_transfer,trial_0019_bite_008,trial_0019,transfer,trial_0019,0.8,0.03079404696339796,0.19171637948913275,10.984539408255769,0.008846496499999384,0.03079404696339796,0.055076173721468544,0.19171637948913278,1.0,0.801980198019802,0.0,0.0,0.09585818974456638,5.492269704127884,0.19171637948913275,10.984539408255769,0.03079404696339796,0.19171637948913278,10.98453940825577,0.03571959022703182,0.03350224710542681,0.0316436112763621,0.0552882858318791,0.05657253954554183,0.09919615570148871,5.683521065617881,5.177290553979031,4.897138200839641,9.917076645604393,10.984539408255767,0.0350254134981968,4.1405052738401915,0.04473446142389678,5.401934842340948,0.0269342988132512,8.864854485029483,0.0269342988132512,8.864854485029483,0.028402321947485983,9.918969959717868,0.4654616172207466,0.022767662422666535,0.0,0.19171637948913278,10.98453940825577,0.034329924575966876,0.03062227116219086,0.0316436112763621,0.0552882858318791,0.05657253954554183,0.09919615570148871,5.683521065617881,5.177290553979031,4.897138200839641,9.917076645604393,10.984539408255767,0.0350254134981968,4.1405052738401915,0.04473446142389678,5.401934842340948,0.016039682397471406,8.864854485029483,0.016039682397471406,8.864854485029483,0.006320814219844903,9.918969959717868,0.4653446924911485,0.022650737693068468,0.0,4.913433909136033e-17,2.815190259099603e-15,0.034329924575966876,0.03062227116219086,0.0316436112763621,0.0552882858318791,0.05657253954554183,0.07834620358070124,4.488906806046919,4.118565243125206,4.387570400470154,6.704745561424998,7.047401036004634,0.0350254134981968,4.1405052738401915,0.04473446142389678,5.401934842340948,0.016039682397471406,4.487727601183774,0.016039682397471406,4.487727601183774,0.006320814219844903,1.8060094089527867,0.4653446924911485,0.022650737693068468,0.5460685721050482,2.555378012834279,0.41041607567052607,0.4557239018902689,0.5331579916359558,0.4161722000855231,0.4102801569020578,0.6510601080489914,8.914602434226872,0.3902891723011722,0.44450378636146526,1.4664750101120172,0.4161722000855231,0.2896277471379516,0.14190612866441518,0.35452882481775017,135,1.7600532125238815e-07,1.7600532116548037e-07,1.3495959641932193e-17
trial_0019_bite_009_transfer,trial_0019_bite_009,trial_0019,transfer,trial_0019,0.8,0.047180326452774465,0.30881315252773534,17.693690297968985,0.013553937659749608,0.04718032645277447,0.08871566885111144,0.30881315252773534,1.0,0.801980198019802,0.0,0.0,0.15440657626386767,8.846845148984492,0.30881315252773534,17.693690297968985,0.047180326452774465,0.3088131525277354,17.69369029796899,0.04640369969944708,0.04155937441807591,0.04318037921407667,0.06883215905975999,0.06975374613250102,0.22692284726943726,13.001721423630533,11.992518193703026,14.134381875800118,16.30863522200768,17.69369029796899,0.04556454254053891,11.649070988263471,0.053943416184792224,14.283100872277858,0.04066011425511206,15.19920119113035,0.04066011425511206,15.19920119113035,0.043437851545132945,16.32629522916421,0.5379555909215687,0.04060174144515766,0.0,0.3088131525277354,17.69369029796899,0.04378080008366918,0.03684904904995621,0.036926914374199746,0.06883215905975999,0.06975374613250102,0.22692284726943726,13.001721423630533,11.992518193703026,14.134381875800118,16.30863522200768,17.69369029796899,0.04556454254053891,11.649070988263471,0.053943416184792224,14.283100872277858,0.022706312152768304,15.19920119113035,0.022706312152768304,15.19920119113035,0.007653734010405344,16.32629522916421,0.5477553228062315,0.05040147332982042,0.0,6.141907220978526e-17,3.519053619229938e-15,0.04378080008366918,0.03684904904995621,0.036926914374199746,0.06883215905975999,0.06975374613250102,0.20307851892484272,11.635542044161104,10.182207383041574,13.410096211158868,15.870188931469144,16.16617381970473,0.04556454254053891,11.649070988263471,0.053943416184792224,14.283100872277858,0.022706312152768304,8.314585580475654,0.022706312152768304,8.314585580475654,0.007653734010405344,2.627245028730149,0.5477553228062315,0.05040147332982042,0.6343590389404091,3.308969693062666,0.4367804939564165,0.4945559485367697,0.5461699666223553,0.43883821804914414,0.4388676925694267,0.8893144377675525,14.192479181684003,0.401406722855202,0.4686737260375015,2.394809806325193,0.43883821804914414,0.21581624106827585,0.2285796489168172,0.5661854838910642,132,4.2362262545952646e-07,4.2362262538240935e-07,6.099804533037554e-17
trial_0019_bite_010_transfer,trial_0019_bite_010,trial_0019,transfer,trial_0019,0.8,0.028372350130458406,0.1914465986955242,10.969082107388308,0.008150792795250102,0.028372350130458402,0.054998671246744714,0.19144659869552416,1.0,0.801980198019802,0.0,0.0,0.0957232993477621,5.484541053694154,0.1914465986955242,10.969082107388308,0.028372350130458406,0.19144659869552416,10.969082107388306,0.019882727946792404,0.01809540163316346,0.01644966297947725,0.03199633743331123,0.03289978777979671,0.1085086527426232,6.217087842802954,5.838141044492574,5.64998045421365,9.808935944261522,10.969082107388306,0.021002664314276397,4.67629854934684,0.013885079347001917,6.831389491062817,0.021386451946301337,8.88671177826354,0.021386451946301337,8.88671177826354,0.024789659589903434,9.844412224073157,0.4914631848969418,0.0023138430977919233,0.0,0.19144659869552416,10.969082107388306,0.017845187088983246,0.015279960040309317,0.014043709213547523,0.03199633743331123,0.03289978777979671,0.1085086527426232,6.217087842802954,5.838141044492574,5.64998045421365,9.808935944261522,10.969082107388306,0.021002664314276397,4.67629854934684,0.013885079347001917,6.831389491062817,0.00936278819629094,8.88671177826354,0.00936278819629094,8.88671177826354,0.0029094576940271294,9.844412224073157,0.48895052597461064,0.00019881582453923352,0.0,1.4343901523239563e-17,8.218450190328997e-16,0.017845187088983246,0.015279960040309317,0.014043709213547523,0.03199633743331123,0.03289978777979671,0.08990686785102082,5.151284077103918,4.7650981879457674,4.973998472983187,7.356466001171375,7.496460449270069,0.021002664314276397,4.67629854934684,0.013885079347001917,6.831389491062817,0.00936278819629094,4.549645496477568,0.00936278819629094,4.549645496477568,0.0029094576940271294,1.5151612863922652,0.48895052597461064,0.00019881582453923352,0.5738375819599262,2.8417942279516075,0.43441892021394113,0.4796486491477968,0.5535409422159361,0.43825147790068214,0.43581064575670575,0.645112092653267,8.883054681015311,0.41274711943907866,0.4636439780761937,1.3366807225491095,0.43825147790068214,0.2998151877543878,0.1417063985364655,0.35122712752834456,136,3.8372754396595144e-07,3.837275438064634e-07,2.8884156176244554e-17
trial_0019_bite_011_transfer,trial_0019_bite_011,trial_0019,transfer,trial_0019,0.8,0.029949124813947244,0.1674247565144488,9.592731934283352,0.008603767739899354,0.029949124813947244,0.04809768992944625,0.16742475651444888,1.0,0.801980198019802,0.0,0.0,0.0837123782572244,4.796365967141676,0.1674247565144488,9.592731934283352,0.029949124813947244,0.16742475651444885,9.592731934283355,0.06235471011524398,0.05352011551734765,0.05434364055551582,0.09406300332112401,0.09526259782015785,0.1261560888160672,7.228211449038218,6.193928495913691,6.883087590085963,11.397992950477914,11.823096219483377,0.06434500368943628,7.990301122377531,0.0770093913384188,3.6770578557240734,0.03496488044505598,7.482809839224271,0.03496488044505598,7.482809839224271,0.028367826131365168,8.526901005449373,0.4656034643684625,0.007981519978300489,0.0,0.16742475651444885,9.592731934283355,0.061621063116533266,0.05108526707020939,0.05434364055551582,0.09406300332112401,0.09526259782015785,0.1261560888160672,7.228211449038218,6.193928495913691,6.883087590085963,11.397992950477914,11.823096219483377,0.06434500368943628,7.990301122377531,0.0770093913384188,3.6770578557240734,0.028019551258175995,7.482809839224271,0.028019551258175995,7.482809839224271,0.010099700508008983,8.526901005449373,0.4704503962689529,0.0031345880778100854,0.0,1.470843228645846e-17,8.427310932680252e-16,0.061621063116533266,0.05108526707020939,0.05434364055551582,0.09406300332112401,0.09526259782015785,0.11488644891177008,6.582508645889775,5.29701055437846,4.252268432773173,11.397992950477914,11.823096219483377,0.06434500368943628,7.990301122377531,0.0770093913384188,3.6770578557240734,0.028019551258175995,3.619797523485556,0.028019551258175995,3.619797523485556,0.010099700508008983,1.7289085532898678,0.4704503962689529,0.0031345880778100854,0.5400222956167117,2.737935051875694,0.40503952074818234,0.39193990121640804,0.5072948686976754,0.41053212816845586,0.40572969962732175,0.6327394331702169,7.858984120278929,0.38898244484651645,0.38778311241545793,1.3462414489126582,0.41053212816845586,0.3119264208139068,0.12392579932028629,0.30979895143215613,197,3.250492861375606e-07,3.2504928610475756e-07,1.5940746262204672e-17
trial_0019_bite_012_transfer,trial_0019_bite_012,trial_0019,transfer,trial_0019,0.8,0.041709940234717,0.28042084070675377,16.066930660007344,0.011982408182340826,0.041709940234717,0.08055914147262981,0.2804208407067538,1.0,0.801980198019802,0.0,0.0,0.14021042035337689,8.033465330003672,0.28042084070675377,16.066930660007344,0.041709940234717,0.2804208407067538,16.066930660007348,0.06087995263239268,0.054050272639268246,0.05007947387253611,0.09425962771910215,0.09511936649815228,0.18591322551251774,10.652043177531167,10.129450232045155,10.332491805754449,15.058902978430199,16.06693066000735,0.06969787174204273,8.965291522528691,0.0532322661525276,10.890915925990857,0.03532309993398702,14.251550108303677,0.03532309993398702,14.251550108303677,0.03777077671967782,15.059353255893212,0.45102483212827466,0.036776182803231805,0.0,0.2804208407067538,16.066930660007348,0.0593856244139875,0.04986682002226326,0.05007947387253611,0.09425962771910215,0.09511936649815228,0.18591322551251774,10.652043177531167,10.129450232045155,10.332491805754449,15.058902978430199,16.06693066000735,0.06969787174204273,8.965291522528691,0.0532322661525276,10.890915925990857,0.01957988323092921,14.251550108303677,0.01957988323092921,14.251550108303677,0.00575881071971239,15.059353255893212,0.4599173686367949,0.04566871931175204,0.0,2.0419876496288653e-17,1.1699727414157267e-15,0.0593856244139875,0.04986682002226326,0.05007947387253611,0.09425962771910215,0.09511936649815228,0.1606658393264529,9.205474505332756,8.48198177491961,9.64669315199614,12.366696048821687,12.771672583136601,0.06969787174204273,8.965291522528691,0.0532322661525276,10.890915925990857,0.01957988323092921,8.059270699977853,0.01957988323092921,8.059270699977853,0.00575881071971239,2.7273547611850155,0.4599173686367949,0.04566871931175204,0.5080809141561732,2.3099211399365225,0.36659799430562495,0.39412237157665925,0.4622568781661805,0.37061739997458415,0.36703640462165116,0.7678183204339734,12.754360127956442,0.3346783043020034,0.36737890666451,2.1924671358045087,0.37061739997458415,0.1673648827990634,0.2075640134355294,0.5097408928801292,115,3.4749541090116035e-07,3.474954109098435e-07,6.860837898297759e-17
trial_0019_bite_013_transfer,trial_0019_bite_013,trial_0019,transfer,trial_0019,0.8,0.025566061999757625,0.17030030525095416,9.757488740669285,0.007344603918687616,0.025566061999757625,0.048923775953907685,0.17030030525095421,1.0,0.801980198019802,0.0,0.0,0.08515015262547708,4.878744370334642,0.17030030525095416,9.757488740669285,0.025566061999757625,0.17030030525095416,9.757488740669285,0.049262702123361514,0.04102620147019567,0.03592087696065628,0.08262185993080919,0.08317347058720448,0.07080109426165782,4.056603886100905,3.42667629601868,2.6944630159355336,8.351276903988122,9.757488740669285,0.05591681915356035,2.47258508780678,0.04920919460563654,2.8584188271783306,0.020789030234801328,7.341427651296398,0.020789030234801328,7.341427651296398,0.022342938022993343,8.565278858482836,0.4500978987569148,0.011545914364088306,0.0,0.17030030525095416,9.757488740669285,0.04865056246341586,0.03876019573994766,0.03592087696065628,0.08262185993080919,0.08317347058720448,0.07080109426165782,4.056603886100905,3.42667629601868,2.6944630159355336,8.351276903988122,9.757488740669285,0.05591681915356035,2.47258508780678,0.04920919460563654,2.8584188271783306,0.011996554066447299,7.341427651296398,0.011996554066447299,7.341427651296398,0.004586309647980893,8.565278858482836,0.44746760345495196,0.008915619062125457,0.0,5.485894253183427e-17,3.1431858756248304e-15,0.04865056246341586,0.03876019573994766,0.03592087696065628,0.08262185993080919,0.08317347058720448,0.04716974218927323,2.702627148165536,2.4787921285850825,2.3823304151538416,4.5230270727402955,4.852665792859314,0.05591681915356035,2.47258508780678,0.04920919460563654,2.8584188271783306,0.011996554066447299,3.143335799252584,0.011996554066447299,3.143335799252584,0.004586309647980893,1.154444953414754,0.44746760345495196,0.008915619062125457,0.5408146370268082,2.5977834361844274,0.3576095606543039,0.4352684446893145,0.4897209766014219,0.36286698580352017,0.3575490090010115,0.6295249338116432,8.018725816427384,0.34122818449421,0.4257785704954531,1.3202772397276092,0.36286698580352017,0.26265685676853745,0.1260542237319547,0.3144148787546937,139,1.4836567960878084e-07,1.4836567961000022e-07,1.938148030736023e-17
trial_0019_bite_014_transfer,trial_0019_bite_014,trial_0019,transfer,trial_0019,0.8,0.01776957889700788,0.1435971867666153,8.227512751678892,0.005104834635918121,0.01776957889700788,0.04125251908755439,0.14359718676661534,1.0,0.801980198019802,0.0,0.0,0.07179859338330764,4.113756375839446,0.1435971867666153,8.227512751678892,0.01776957889700788,0.14359718676661531,8.227512751678894,0.03820988010859811,0.035385696671052326,0.039707606626405566,0.055719915043438886,0.056246464866021605,0.11369733900589217,6.514377666905772,6.123916949204758,7.025591075071505,8.501756325679281,8.746700353911717,0.04288172200148651,5.625285925498154,0.037501855444229716,7.052443754688817,0.020703324537830307,8.143881700591198,0.020703324537830307,8.143881700591198,0.018420737770023985,8.382138314356215,0.39917350699487525,0.01111925773691258,0.0,0.14359718676661531,8.227512751678894,0.037763945651570534,0.03402142589027523,0.039707606626405566,0.055719915043438886,0.056246464866021605,0.11369733900589217,6.514377666905772,6.123916949204758,7.025591075071505,8.501756325679281,8.746700353911717,0.04288172200148651,5.625285925498154,0.037501855444229716,7.052443754688817,0.016299819696180235,8.143881700591198,0.016299819696180235,8.143881700591198,0.008329550716589616,8.382138314356215,0.4024524187175878,0.007840346014200028,0.0,1.916088190891641e-17,1.0978376651294826e-15,0.037763945651570534,0.03402142589027523,0.039707606626405566,0.055719915043438886,0.056246464866021605,0.10177194919444052,5.8311031616612805,5.318888633954232,6.578940501052919,7.574687031803415,7.77160307569832,0.04288172200148651,5.625285925498154,0.037501855444229716,7.052443754688817,0.016299819696180235,5.074719834622402,0.016299819696180235,5.074719834622402,0.008329550716589616,2.4754979195258144,0.4024524187175878,0.007840346014200028,0.465155180014928,2.9357106485211175,0.2093091516143463,0.2730365904395504,0.3063277075556587,0.2201735613015356,0.206403629187022,0.5652771756392012,6.514901107818525,0.20176945558025405,0.27594825458640476,1.1848762061478466,0.2201735613015356,0.17059940510270497,0.10628888340574275,0.26228260584774393,177,4.478086370055345e-07,4.4780863702178623e-07,5.40530355937297e-17
trial_0019_bite_015_transfer,trial_0019_bite_015,trial_0019,transfer,trial_0019,0.8,0.03581240594569486,0.2236578758269132,12.814652339743164,0.010288167847237316,0.03581240594569486,0.0642523088326731,0.2236578758269132,1.0,0.801980198019802,0.0,0.0,0.1118289379134566,6.407326169871582,0.2236578758269132,12.814652339743164,0.03581240594569486,0.22365787582691316,12.81465233974316,0.07007606738374503,0.05851018175697869,0.05132628719099245,0.11662502507876978,0.11766551540001376,0.1109963960348742,6.359625033960917,5.679300550435089,5.226426822532571,11.741703486055568,12.81465233974316,0.08182632313371889,4.428140157928247,0.062321040192918814,5.479497634883468,0.02808584353414489,10.483375696155326,0.02808584353414489,10.483375696155326,0.03103332862733679,11.635349816957241,0.45843594960633266,0.0243575904471377,0.0,0.22365787582691316,12.81465233974316,0.06923327051953806,0.055163852172963934,0.05132628719099245,0.11662502507876978,0.11766551540001376,0.1109963960348742,6.359625033960917,5.679300550435089,5.226426822532571,11.741703486055568,12.81465233974316,0.08182632313371889,4.428140157928247,0.062321040192918814,5.479497634883468,0.014971003656927686,10.483375696155326,0.014971003656927686,10.483375696155326,0.004457758404978464,11.635349816957241,0.4621738676892387,0.028095508530043722,0.0,2.0888836804026045e-17,1.1968421878082355e-15,0.06923327051953806,0.055163852172963934,0.05132628719099245,0.11662502507876978,0.11766551540001376,0.08437119390817142,4.834113323418104,4.3731345273677995,4.59583546951819,7.673611055762393,8.655050463814648,0.08182632313371889,4.428140157928247,0.062321040192918814,5.479497634883468,0.014971003656927686,5.269997794700964,0.014971003656927686,5.269997794700964,0.004457758404978464,1.6043220355531378,0.4621738676892387,0.028095508530043722,0.5429019483292848,2.579784787290947,0.3482256757473239,0.4099474362028852,0.476378057844584,0.3518403572032807,0.3505645808128006,0.7108405240301995,10.174948765588645,0.32481445918340657,0.39871044318948134,1.767280191759032,0.3518403572032807,0.21320495656384345,0.1655488134492722,0.41215451225897426,129,3.1357717191218385e-07,3.135771718716454e-07,3.7521253701625324e-17
trial_0019_bite_016_transfer,trial_0019_bite_016,trial_0019,transfer,trial_0019,0.8,0.031090423655081054,0.21224647915815062,12.16082747227342,0.008931639429370518,0.031090423655081054,0.060974049212873735,0.21224647915815065,1.0,0.801980198019802,0.0,0.0,0.10612323957907531,6.08041373613671,0.21224647915815062,12.16082747227342,0.031090423655081054,0.2122464791581506,12.16082747227342,0.04263757116507968,0.036803349702496255,0.031356986576972216,0.06853868750552773,0.06907764636714023,0.13198632194493518,7.562259200899705,6.998465490787228,7.657691308946319,11.526579698104257,12.20175656477494,0.04597520369721435,6.07500749385694,0.04617534782853525,7.871368285307918,0.0259558175136457,10.516319403435856,0.0259558175136457,10.516319403435856,0.027364119241388683,11.39739142252354,0.43660313356070896,0.019749783679830213,0.0,0.2122464791581506,12.16082747227342,0.04153190916649129,0.03389814462242484,0.031356986576972216,0.06853868750552773,0.06907764636714023,0.13198632194493518,7.562259200899705,6.998465490787228,7.657691308946319,11.526579698104257,12.20175656477494,0.04597520369721435,6.07500749385694,0.04617534782853525,7.871368285307918,0.015037146288658126,10.516319403435856,0.015037146288658126,10.516319403435856,0.004765173656534843,11.39739142252354,0.43907974224578133,0.022226392364902592,0.0,7.681907133143444e-17,4.4014085734056105e-15,0.04153190916649129,0.03389814462242484,0.031356986576972216,0.06853868750552773,0.06907764636714023,0.11154521323553124,6.39106994328275,5.755123410958499,7.296795146891836,8.17524374971974,8.936218151181826,0.04597520369721435,6.07500749385694,0.04617534782853525,7.871368285307918,0.015037146288658126,5.656481913231618,0.015037146288658126,5.656481913231618,0.004765173656534843,1.9608471051066687,0.43907974224578133,0.022226392364902592,0.512596454556997,2.3784735433799895,0.3287051984594993,0.3930807258911093,0.4429960655611401,0.3332661555768081,0.3287447722636987,0.6469953199274132,9.715329958418392,0.3041506653327959,0.3725181629439574,1.578254064916546,0.3332661555768081,0.17218199971930234,0.1571021915968112,0.38556916663097734,150,2.091388750534735e-07,2.091388751184758e-07,4.7346929425015766e-17
trial_0019_bite_017_transfer,trial_0019_bite_017,trial_0019,transfer,trial_0019,0.8,0.027501197018776687,0.20539555518468638,11.768298442828923,0.007900528419066742,0.027501197018776687,0.05900591962519562,0.20539555518468647,1.0,0.801980198019802,0.0,0.0,0.10269777759234319,5.884149221414462,0.20539555518468638,11.768298442828923,0.027501197018776687,0.20539555518468638,11.768298442828923,0.05054521744022174,0.04216349194604947,0.03518987483811243,0.0850500938620833,0.0857522444343755,0.11570606624906168,6.629469260132335,5.83227832155304,6.4146351437666995,10.955662642866264,11.768298442828927,0.057967310261474815,4.319577423026513,0.04813509580223022,7.521502821227587,0.021913712948751905,10.207259529535325,0.021913712948751905,10.207259529535325,0.02395954329314616,10.99758567786373,0.45802027266054873,0.016370931149524925,0.0,0.20539555518468638,11.768298442828923,0.049868927892756716,0.039804065754723915,0.03518987483811243,0.0850500938620833,0.0857522444343755,0.11570606624906168,6.629469260132335,5.83227832155304,6.4146351437666995,10.955662642866264,11.768298442828927,0.057967310261474815,4.319577423026513,0.04813509580223022,7.521502821227587,0.01239357435599128,10.207259529535325,0.01239357435599128,10.207259529535325,0.005511038931572582,10.99758567786373,0.4553466066024494,0.013697265091425603,0.0,6.264249565342198e-17,3.589150619107683e-15,0.049868927892756716,0.039804065754723915,0.03518987483811243,0.0850500938620833,0.0857522444343755,0.09349519762922125,5.356880228895918,4.625731911406009,5.097906664328131,8.333457368146071,8.748966690970184,0.057967310261474815,4.319577423026513,0.04813509580223022,7.521502821227587,0.01239357435599128,5.552038252297298,0.01239357435599128,5.552038252297298,0.005511038931572582,1.9224659503788373,0.4553466066024494,0.013697265091425603,0.5604336199482347,2.7954999702977728,0.3367418130722693,0.4235071321384185,0.46506561471429975,0.3405212412728084,0.3375252900862514,0.6765910311057236,9.522679271262321,0.31394572734671605,0.40571999753312327,1.5272278522405793,0.3405212412728084,0.1960723488456048,0.1520312401513333,0.3748822211459323,134,1.4228494044623792e-07,1.4228494049668318e-07,3.0495429490871445e-17
trial_0019_bite_018_transfer,trial_0019_bite_018,trial_0019,transfer,trial_0019,0.8,0.0306725332954675,0.18948355892227603,10.85660821336487,0.00881158812178828,0.0306725332954675,0.05443473028425801,0.18948355892227603,1.0,0.801980198019802,0.0,0.0,0.09474177946113801,5.428304106682435,0.18948355892227603,10.85660821336487,0.0306725332954675,0.18948355892227597,10.856608213364867,0.02064701029112144,0.019101475611506713,0.02204925040740096,0.026721443358294798,0.030672282216308133,0.10672202225079921,6.114721456072058,5.427896778547471,5.168478331248405,9.985594586440932,10.863462298860968,0.016725978019953937,3.734750013154323,0.023903222278997147,7.20836236094099,0.0265862668454324,9.5125492273106,0.0265862668454324,9.5125492273106,0.027480127087845665,10.055389719882788,0.4026496966767295,0.01592944266584828,0.0,0.18948355892227597,10.856608213364867,0.018164466266732848,0.01618740635581154,0.01964819591068791,0.025014002595794994,0.02534603007710303,0.10672202225079921,6.114721456072058,5.427896778547471,5.168478331248405,9.985594586440932,10.863462298860968,0.016725978019953937,3.734750013154323,0.023903222278997147,7.20836236094099,0.015602121590257837,9.5125492273106,0.015602121590257837,9.5125492273106,0.005214449209245155,10.055389719882788,0.4025687874305196,0.015848533419638378,0.0,4.1852029547165124e-17,2.3979446571093794e-15,0.018164466266732848,0.01618740635581154,0.01964819591068791,0.025014002595794994,0.02534603007710303,0.0866697397644618,4.965810300000826,4.347567696714257,4.457854142949291,8.196541226430286,8.394426848105262,0.016725978019953937,3.734750013154323,0.023903222278997147,7.20836236094099,0.015602121590257837,5.409318447153577,0.015602121590257837,5.409318447153577,0.005214449209245155,2.067581630894249,0.4025687874305196,0.015848533419638378,0.505475137342183,2.5254528816448465,0.30898811059967346,0.4078530985456543,0.4779603691733108,0.3108731444640242,0.3135813016617605,0.6134344008237002,8.55666399823437,0.2895803784650617,0.3940504197295672,1.4076107650676521,0.3108731444640242,0.1988803951076915,0.14025339904861542,0.3472487815753326,132,2.7137804129014523e-07,2.713780413259425e-07,3.3648173115329506e-17
trial_0019_bite_019_transfer,trial_0019_bite_019,trial_0019,transfer,trial_0019,0.8,0.01740502090801146,0.10320929774749076,5.913457167440295,0.005000104621784645,0.01740502090801146,0.029649909035204716,0.10320929774749077,1.0,0.801980198019802,0.0,0.0,0.05160464887374538,2.9567285837201474,0.10320929774749076,5.913457167440295,0.01740502090801146,0.10320929774749077,5.913457167440295,0.02940842294042597,0.025069649202856627,0.022117279226173174,0.0502811183809499,0.0504918640993514,0.087724933109501,5.026268425241865,4.646563514853336,4.748872257416786,7.727148555559921,7.948238647775176,0.032935562088018726,5.21774316204259,0.031091218068149913,4.787352598494402,0.011816125990097494,4.678905459064638,0.011816125990097494,4.678905459064638,0.013207909417918393,4.8793502550833265,0.38551415455008936,0.005013809086889254,0.0,0.10320929774749077,5.913457167440295,0.029049675909139434,0.023691592617106867,0.022117279226173174,0.0502811183809499,0.0504918640993514,0.087724933109501,5.026268425241865,4.646563514853336,4.748872257416786,7.727148555559921,7.948238647775176,0.032935562088018726,5.21774316204259,0.031091218068149913,4.787352598494402,0.0062255192576714715,4.678905459064638,0.0062255192576714715,4.678905459064638,0.002024311787185535,4.8793502550833265,0.3787034817312113,0.011824481905767292,0.0,2.1684043449710083e-17,1.2424041724466859e-15,0.029049675909139434,0.023691592617106867,0.022117279226173174,0.0502811183809499,0.0504918640993514,0.08219418130290505,4.709379689189562,4.102749922130091,4.711925351372808,7.727148555559921,7.948238647775176,0.032935562088018726,5.21774316204259,0.031091218068149913,4.787352598494402,0.0062255192576714715,2.655976570494352,0.0062255192576714715,2.655976570494352,0.002024311787185535,0.5913025093588116,0.3787034817312113,0.011824481905767292,0.4408463896820312,2.281983278182791,0.23400890298278096,0.29868287212329586,0.31969750402296987,0.23666407960311397,0.23374544513805262,0.47942675719071154,5.170995719563107,0.2235551342952797,0.29302027755190013,0.7925841854216135,0.23666407960311397,0.17168881247647794,0.0763942456853937,0.18827470724576742,142,7.804805637418918e-08,7.804805638236128e-08,2.6951963166302702e-17
trial_0019_bite_020_transfer,trial_0019_bite_020,trial_0019,transfer,trial_0019,0.8,0.0308742043854708,0.18426310207145744,10.557498068682808,0.008869524079149966,0.0308742043854708,0.052935000374965555,0.18426310207145746,1.0,0.801980198019802,0.0,0.0,0.09213155103572872,5.278749034341404,0.18426310207145744,10.557498068682808,0.0308742043854708,0.1842631020714574,10.557498068682806,0.018038149650163163,0.016834198763672304,0.017785942121403567,0.028703148198314078,0.030874243270127038,0.07991992390069569,4.579074338516579,3.9085860481868804,2.927770340561493,9.51518441628814,10.557498068682806,0.014428198752895862,2.59273270727697,0.01816465360936696,3.6883906589549644,0.025610071635626282,8.287511588785732,0.025610071635626282,8.287511588785732,0.02866682523813766,9.54120632266512,0.37741666857621925,0.01353735530819089,0.0,0.1842631020714574,10.557498068682806,0.015028855261304184,0.013901281073343543,0.016072868182895793,0.0201954153800586,0.02152838884875429,0.07991992390069569,4.579074338516579,3.9085860481868804,2.927770340561493,9.51518441628814,10.557498068682806,0.014428198752895862,2.59273270727697,0.01816465360936696,3.6883906589549644,0.013314953224599229,8.287511588785732,0.013314953224599229,8.287511588785732,0.006206924837228404,9.54120632266512,0.37861044774773234,0.014731134479703978,0.0,2.1364629534821597e-17,1.2241031032058248e-15,0.015028855261304184,0.013901281073343543,0.016072868182895793,0.0201954153800586,0.02152838884875429,0.054515923538915795,3.123532335037774,2.8808666542572943,2.805063808090252,5.307756401224033,6.042538531013008,0.014428198752895862,2.59273270727697,0.01816465360936696,3.6883906589549644,0.013314953224599229,3.8420083569127095,0.013314953224599229,3.8420083569127095,0.006206924837228404,1.6347669917074203,0.37861044774773234,0.014731134479703978,0.4649779933659822,2.3717350695214416,0.24340657585942227,0.3383117124133391,0.3704738360898556,0.24761912931649863,0.2434192765330758,0.6126588391834435,8.57620232025443,0.2271564914730127,0.32747150799028085,1.499831972906367,0.24761912931649863,0.16287898788280913,0.13638928784702775,0.33691823878266824,184,1.2882432337817908e-07,1.2882432336588514e-07,1.9920816433178525e-17
trial_0019_bite_021_transfer,trial_0019_bite_021,trial_0019,transfer,trial_0019,0.8,0.04629869062338872,0.33932991968015824,19.442172260186283,0.013300661814317358,0.04629869062338871,0.09748250856289371,0.3393299196801583,1.0,0.801980198019802,0.0,0.0,0.16966495984007912,9.721086130093141,0.33932991968015824,19.442172260186283,0.04629869062338872,0.3393299196801583,19.442172260186283,0.05259766244186664,0.047063880108298366,0.04510426631891362,0.08102205223212502,0.08152876309449054,0.28746038069827695,16.47026659123518,15.774097574484136,17.04777763080064,20.2838544018759,20.699566490639242,0.05499421933431731,15.88531209563693,0.055930820719004154,16.581384215625874,0.04105219661875055,17.94011648254197,0.04105219661875055,17.94011648254197,0.04396862668741211,18.6738980300945,0.4477591500805615,0.025716889947008603,0.0,0.3393299196801583,19.442172260186283,0.0502712267451793,0.04239155736069442,0.04204053232911829,0.08102205223212502,0.08152876309449054,0.28746038069827695,16.47026659123518,15.774097574484136,17.04777763080064,20.2838544018759,20.699566490639242,0.05499421933431731,15.88531209563693,0.055930820719004154,16.581384215625874,0.023114452650009984,17.94011648254197,0.023114452650009984,17.94011648254197,0.008535233986184916,18.6738980300945,0.46029391088815713,0.03825165075460424,0.0,5.597004042492165e-17,3.206847095524615e-15,0.0502712267451793,0.04239155736069442,0.04204053232911829,0.08102205223212502,0.08152876309449054,0.2632236540687606,15.08160444615156,13.780161966223764,16.45196749645688,20.2838544018759,20.699566490639242,0.05499421933431731,15.88531209563693,0.055930820719004154,16.581384215625874,0.023114452650009984,10.541301055997302,0.023114452650009984,10.541301055997302,0.008535233986184916,3.799816754785967,0.46029391088815713,0.03825165075460424,0.5491245447045583,2.5287047994435428,0.3641689425903565,0.43417398534093643,0.5017764923265589,0.36928897635569236,0.36495059246028133,0.9047229461754495,15.394889624210533,0.3253921707808814,0.39964196637529315,2.6986927269406755,0.36928897635569236,0.12242818600300354,0.2511677747164106,0.6160241556272121,177,2.3092419074908826e-07,2.3092419076892683e-07,4.710919879429178e-17
trial_0019_bite_022_transfer,trial_0019_bite_022,trial_0019,transfer,trial_0019,0.8,0.029884689033378847,0.2051029717168993,11.751534644969423,0.008585256665081857,0.029884689033378847,0.05892186641105287,0.2051029717168993,1.0,0.801980198019802,0.0,0.0,0.10255148585844966,5.875767322484712,0.2051029717168993,11.751534644969423,0.029884689033378847,0.2051029717168993,11.751534644969423,0.03008007843815624,0.026322240415565107,0.026800270017924416,0.04852981565536077,0.04910519201949663,0.09855213180342946,5.646621214353523,5.0371110769248375,4.689402802958695,10.353893337912579,11.751534644969423,0.032975939790104665,3.6823325481260296,0.02702923409005404,5.757449562775617,0.02343133513570231,9.112468057086113,0.02343133513570231,9.112468057086113,0.027046830286170158,10.31150064063305,0.4087456954983225,0.012860043126263654,0.0,0.2051029717168993,11.751534644969423,0.028566015261997053,0.02343670913895646,0.02221763783593072,0.04852981565536077,0.04910519201949663,0.09855213180342946,5.646621214353523,5.0371110769248375,4.689402802958695,10.353893337912579,11.751534644969423,0.032975939790104665,3.6823325481260296,0.02702923409005404,5.757449562775617,0.01104405422986939,9.112468057086113,0.01104405422986939,9.112468057086113,0.0045518731123355295,10.31150064063305,0.41094579878928483,0.015060146417225972,0.0,2.0630917320595367e-17,1.1820644899534632e-15,0.028566015261997053,0.02343670913895646,0.02221763783593072,0.04852981565536077,0.04910519201949663,0.07537775798631798,4.318827401774555,3.90399033038305,4.182821169025239,6.881937325959281,7.036219273499293,0.032975939790104665,3.6823325481260296,0.02702923409005404,5.757449562775617,0.01104405422986939,4.4042208851055085,0.01104405422986939,4.4042208851055085,0.0045518731123355295,1.5185633673645715,0.41094579878928483,0.015060146417225972,0.5226906011375445,2.480687762474259,0.3214672269970966,0.39538195426672007,0.48530174637457724,0.325376893629004,0.32520928010869726,0.6396672062907938,9.180321662824026,0.2985535750733704,0.377856975420786,1.497936472429498,0.325376893629004,0.18307122835289433,0.15181467044175323,0.3741558635446664,139,4.142615401229509e-07,4.142615400827346e-07,1.599940035633846e-17
trial_0019_bite_023_transfer,trial_0019_bite_023,trial_0019,transfer,trial_0019,0.8,0.04389316925683916,0.295175051837262,16.912284687830407,0.012609604988459153,0.04389316925683916,0.0847977229517525,0.295175051837262,1.0,0.801980198019802,0.0,0.0,0.147587525918631,8.456142343915204,0.295175051837262,16.912284687830407,0.04389316925683916,0.29517505183726195,16.912284687830407,0.04113919308749461,0.03741454290954205,0.04141744688458388,0.05855513780752944,0.059017060049319905,0.22744587765671362,13.03168885737856,12.359635162365135,14.355139987170034,16.468619380177724,16.918148521518138,0.0386345176451378,11.106145057207172,0.04786807489247869,15.054662776666824,0.04114500773878589,15.764141729376389,0.04114500773878589,15.764141729376389,0.04286065004789866,16.385948784955538,0.44015933434054716,0.02574142553536013,0.0,0.29517505183726195,16.912284687830407,0.03824713596503885,0.03288690509299375,0.037401250388351966,0.05855513780752944,0.059017060049319905,0.22744587765671362,13.03168885737856,12.359635162365135,14.355139987170034,16.468619380177724,16.918148521518138,0.0386345176451378,11.106145057207172,0.04786807489247869,15.054662776666824,0.024263018364971817,15.764141729376389,0.024263018364971817,15.764141729376389,0.009300208794683396,16.385948784955538,0.4555295923571506,0.041111683551963596,0.0,9.298182559498291e-17,5.3274661780140155e-15,0.03824713596503885,0.03288690509299375,0.037401250388351966,0.05855513780752944,0.059017060049319905,0.20362476323797724,11.666839537886734,10.612447894465529,12.73374079116951,15.179379518798235,15.214297175468493,0.0386345176451378,11.106145057207172,0.04786807489247869,15.054662776666824,0.024263018364971817,9.29409622337321,0.024263018364971817,9.29409622337321,0.009300208794683396,3.3426399343671327,0.4555295923571506,0.041111683551963596,0.5177768151045185,2.2955100788621166,0.38787755225538084,0.4190033096114312,0.4792624590940286,0.39736029117190214,0.38268537298671484,0.7967141782228837,13.540331753987106,0.35442452747534897,0.38708892856735877,2.313117809940595,0.39736029117190214,0.17298959239781883,0.2184848985352193,0.5346266205131411,139,3.9187470909594687e-07,3.918747092150445e-07,7.389780786718119e-17
trial_0019_bite_024_transfer,trial_0019_bite_024,trial_0019,transfer,trial_0019,0.8,0.03342875208740663,0.2078999086567351,11.91178732718625,0.009603393106859051,0.03342875208740663,0.05972536888276068,0.20789990865673516,1.0,0.801980198019802,0.0,0.0,0.10394995432836755,5.955893663593125,0.2078999086567351,11.91178732718625,0.03342875208740663,0.20789990865673516,11.911787327186254,0.04627685532072431,0.04029163719293652,0.03552999185717023,0.07536483074734592,0.07672279319048675,0.1151176238401983,6.595753993617951,6.240084492149396,6.379070138895411,10.166474190499978,11.91178732718625,0.05187977063314464,5.831732466791888,0.04380238083858731,5.60323314707219,0.02797334937167494,9.064400269904645,0.02797334937167494,9.064400269904645,0.02906266032487752,10.289467146584355,0.4370953978606971,0.017356915597503575,0.0,0.20789990865673516,11.911787327186254,0.04512758182041005,0.03723901633371903,0.03552999185717023,0.07536483074734592,0.07672279319048675,0.1151176238401983,6.595753993617951,6.240084492149396,6.379070138895411,10.166474190499978,11.91178732718625,0.05187977063314464,5.831732466791888,0.04380238083858731,5.60323314707219,0.01665154838689544,9.064400269904645,0.01665154838689544,9.064400269904645,0.005345147050521217,10.289467146584355,0.44160763070968057,0.02186914844648702,0.0,3.0668934767186835e-17,1.7572005243218417e-15,0.04512758182041005,0.03723901633371903,0.03552999185717023,0.07536483074734592,0.07672279319048675,0.09578463194717456,5.488055152787054,5.066152999062914,6.109110549951439,7.028144097002,7.151004410574645,0.05187977063314464,5.831732466791888,0.04380238083858731,5.60323314707219,0.01665154838689544,4.217441322595401,0.01665154838689544,4.217441322595401,0.005345147050521217,1.1792572536345178,0.44160763070968057,0.02186914844648702,0.5845226197665221,2.7422753667438866,0.47423130541358366,0.5285694577154126,0.6366631931586315,0.4870107019952331,0.46940362847233075,0.6821855487499006,9.743983927878427,0.4522977415048383,0.5117474676877166,1.536829301501138,0.4870107019952331,0.33782821023106174,0.15388499948690554,0.3843465370031753,150,3.2654825236372493e-07,3.26548252319518e-07,1.661886114743457e-17
trial_0019_bite_025_transfer,trial_0019_bite_025,trial_0019,transfer,trial_0019,0.8,0.03639800521655428,0.27581897049996384,15.803262919291287,0.010456398476560495,0.03639800521655428,0.07923711878667992,0.2758189704999639,1.0,0.801980198019802,0.0,0.0,0.13790948524998192,7.901631459645643,0.27581897049996384,15.803262919291287,0.03639800521655428,0.27581897049996384,15.803262919291287,0.03544914227276534,0.033090835555301665,0.03425161376815462,0.04928163732364114,0.04952694378684533,0.16933066814842423,9.701932627035026,9.069112958825528,8.733805701075742,14.937424203274505,15.803262919291289,0.03230033399675634,7.487633572359497,0.04439877587719534,10.787974003641496,0.03443219002575339,13.479066863547743,0.03443219002575339,13.479066863547743,0.034902762738786924,14.858769673990656,0.4763005955596639,0.010269937207914193,0.0,0.27581897049996384,15.803262919291287,0.033440273283380895,0.029928078457411255,0.028780270698709243,0.04928163732364114,0.04952694378684533,0.16933066814842423,9.701932627035026,9.069112958825528,8.733805701075742,14.937424203274505,15.803262919291289,0.03230033399675634,7.487633572359497,0.04439877587719534,10.787974003641496,0.022803215142980084,13.479066863547743,0.022803215142980084,13.479066863547743,0.011069748231017522,14.858769673990656,0.4818561369276668,0.0047143958399112895,0.0,3.869493098977432e-17,2.2170562342640457e-15,0.033440273283380895,0.029928078457411255,0.028780270698709243,0.04928163732364114,0.04952694378684533,0.1426597019307397,8.173798827225706,7.504278860961972,8.354665470623338,11.133518962050587,11.821691055170005,0.03230033399675634,7.487633572359497,0.04439877587719534,10.787974003641496,0.022803215142980084,7.092661066748576,0.022803215142980084,7.092661066748576,0.011069748231017522,2.953540488530649,0.4818561369276668,0.0047143958399112895,0.5999263251918218,2.78120338265986,0.4304128955040565,0.4822848239779539,0.5799501427784132,0.4368448658634468,0.4311602065863966,0.7884479202290254,12.451954103217638,0.39938560800053996,0.455221166780518,2.045271226355571,0.4368448658634468,0.23689016073051405,0.20415778001911639,0.5025869578062926,283,3.6203515001482785e-07,3.620351499864375e-07,5.627190731027155e-17
trial_0019_bite_026_transfer,trial_0019_bite_026,trial_0019,transfer,trial_0019,0.8,0.02734437777874761,0.2132467026166079,12.218136055013002,0.007855477475951058,0.02734437777874761,0.06126139284571865,0.2132467026166079,1.0,0.801980198019802,0.0,0.0,0.10662335130830396,6.109068027506501,0.2132467026166079,12.218136055013002,0.02734437777874761,0.2132467026166079,12.218136055013002,0.04448790696247704,0.0383695319853621,0.03603407666814533,0.07033509086182654,0.07109870186883496,0.11271394962103871,6.458033605535703,5.410431102791031,6.614798039589885,10.749117214435055,12.218136055013003,0.04801922373224303,3.8053415649786673,0.049514684406483794,7.75020483472106,0.024408946591457217,10.099917580760236,0.024408946591457217,10.099917580760236,0.023612603819394316,10.942919292594908,0.45423800241042656,0.013035282474098409,0.0,0.2132467026166079,12.218136055013002,0.04371538045362411,0.03604062753869438,0.03603407666814533,0.07033509086182654,0.07109870186883496,0.11271394962103871,6.458033605535703,5.410431102791031,6.614798039589885,10.749117214435055,12.218136055013003,0.04801922373224303,3.8053415649786673,0.049514684406483794,7.75020483472106,0.016373109487973683,10.099917580760236,0.016373109487973683,10.099917580760236,0.0055851703317027854,10.942919292594908,0.45843622116874133,0.017233501232413184,0.0,3.5659539662557586e-17,2.0431411220439135e-15,0.04371538045362411,0.03604062753869438,0.03603407666814533,0.07033509086182654,0.07109870186883496,0.0898660483911711,5.148945294332526,4.199275840344801,3.920674809954629,8.412001363367244,8.699428209865347,0.04801922373224303,3.8053415649786673,0.049514684406483794,7.75020483472106,0.016373109487973683,5.3786369174062925,0.016373109487973683,5.3786369174062925,0.0055851703317027854,1.7038069883111422,0.45843622116874133,0.017233501232413184,0.5610936295037111,2.7715446371238945,0.3491060019338682,0.4421385527202061,0.5004929917646509,0.3547310254446416,0.34983969893440586,0.668326611495197,9.723782890651783,0.3250268796931543,0.4199524855521695,1.5186291114846213,0.3547310254446416,0.1974149157689699,0.15784255335267347,0.3867393664634644,148,6.217298359553473e-08,6.217298368953795e-08,8.153481424344803e-17
trial_0020_bite_001_transfer,trial_0020_bite_001,trial_0020,transfer,trial_0020,0.8,0.020351212427941398,0.24772287778021954,14.1934753856417,0.005846484865354684,0.020351212427941398,0.07116568906507473,0.24772287778021956,1.0,0.801980198019802,0.0,0.0,0.12386143889010977,7.09673769282085,0.24772287778021954,14.1934753856417,0.020351212427941398,0.24772287778021954,14.1934753856417,0.03944871694264627,0.03582334047897725,0.035140294364575095,0.0592642201815471,0.06059675166590486,0.201037266003578,11.518586866853886,11.127056820651214,11.565988264079468,13.694610639230884,14.193475385641701,0.04614502369628163,10.150768179112141,0.0318187590474198,13.07747019248536,0.020891860853480347,13.447910041312214,0.020891860853480347,13.447910041312214,0.02004641586659953,13.757783475361839,0.336683241280069,0.008421443872141665,0.0,0.24772287778021954,14.1934753856417,0.03881088909553048,0.033824936639909535,0.035140294364575095,0.0592642201815471,0.06059675166590486,0.201037266003578,11.518586866853886,11.127056820651214,11.565988264079468,13.694610639230884,14.193475385641701,0.04614502369628163,10.150768179112141,0.0318187590474198,13.07747019248536,0.014014168151864622,13.447910041312214,0.014014168151864622,13.447910041312214,0.005176715160456568,13.757783475361839,0.35015261146604937,0.005047926313838713,0.0,6.768200990943178e-17,3.877893516773056e-15,0.03881088909553048,0.033824936639909535,0.035140294364575095,0.0592642201815471,0.06059675166590486,0.18205407269546378,10.430930008617954,9.680340633732087,11.171451439980581,13.244410760684804,13.483132134289033,0.04614502369628163,10.150768179112141,0.0318187590474198,13.07747019248536,0.014014168151864622,8.125633089011295,0.014014168151864622,8.125633089011295,0.005176715160456568,2.974093396103793,0.35015261146604937,0.005047926313838713,0.4608625312424248,2.9808239085459562,0.21295516241989762,0.21260245720901472,0.21295516241989762,0.22037019093882343,0.20126275588934608,0.7932518838760557,11.162325761717247,0.22654754774916233,0.21938712208756797,2.2412563406010086,0.22037019093882343,0.31639811161213877,0.1833614635814493,0.44968275566699667,125,3.3957224072172505e-07,3.3957224077412135e-07,4.906747424138591e-17
trial_0020_bite_002_transfer,trial_0020_bite_002,trial_0020,transfer,trial_0020,0.8,0.029285314833069207,0.15837529335676695,9.074235888489051,0.008413068781770136,0.029285314833069207,0.04549796524089,0.15837529335676687,1.0,0.801980198019802,0.0,0.0,0.07918764667838347,4.5371179442445255,0.15837529335676695,9.074235888489051,0.029285314833069207,0.15837529335676695,9.074235888489051,0.025736247298503254,0.02473037755157295,0.02711218396293802,0.03401846614142961,0.03593698543862378,0.15013378704655955,8.602032360083731,8.193077317103498,7.656570106695075,12.526308920861043,13.040263315042168,0.024334644405758474,9.253368981943312,0.026766179623718103,7.148934530850211,0.028484527455575174,7.909775397538499,0.028484527455575174,7.909775397538499,0.028796247926269884,8.593123860521043,0.3653926854480501,0.005114357196634833,0.0,0.15837529335676695,9.074235888489051,0.023648885159039523,0.021776159833063313,0.023172408415571315,0.03401846614142961,0.03593698543862378,0.15013378704655955,8.602032360083731,8.193077317103498,7.656570106695075,12.526308920861043,13.040263315042168,0.024334644405758474,9.253368981943312,0.026766179623718103,7.148934530850211,0.017764577061353135,7.909775397538499,0.017764577061353135,7.909775397538499,0.00678817099858147,8.593123860521043,0.38221516052373966,0.011708117879054736,0.0,2.945200827377961e-17,1.6874757722719529e-15,0.023648885159039523,0.021776159833063313,0.023172408415571315,0.03401846614142961,0.03593698543862378,0.14044432877891738,8.046867295579693,7.255585743802403,7.213663716440542,12.526308920861043,13.040263315042168,0.024334644405758474,9.253368981943312,0.026766179623718103,7.148934530850211,0.017764577061353135,4.255662060588543,0.017764577061353135,4.255662060588543,0.00678817099858147,1.5223189153275307,0.38221516052373966,0.011708117879054736,0.5085268139173661,3.5466414874259087,0.17614628246284894,0.236769626856081,0.3180364208890412,0.1741267881310768,0.1788334309631952,0.5957936824694733,7.172396121496232,0.17376976128396038,0.224369222045882,1.180408817540967,0.1741267881310768,0.17484022550115616,0.11722745551983464,0.28687597990025926,164,3.509782444319683e-07,3.509782444591394e-07,4.945323455120498e-17
trial_0020_bite_003_transfer,trial_0020_bite_003,trial_0020,transfer,trial_0020,0.8,0.030762914783171873,0.19294887270544123,11.055156067828749,0.00883755286476577,0.030762914783171873,0.05543024367977268,0.19294887270544117,1.0,0.801980198019802,0.0,0.0,0.09647443635272061,5.5275780339143745,0.19294887270544123,11.055156067828749,0.030762914783171873,0.19294887270544125,11.05515606782875,0.035361579307265655,0.033521031913004845,0.0347899637729515,0.04541606276073742,0.046158117120514236,0.12495052298233146,7.159137614839989,5.9806592097509546,7.180164136343632,10.974907806382442,11.055156067828749,0.03420694412123958,4.129080498954485,0.04145508652264146,9.572277143889995,0.0321582284979826,10.513144266674999,0.0321582284979826,10.513144266674999,0.03127979622197952,10.83555788773986,0.3478802242377652,0.01613714869968219,0.0,0.19294887270544125,11.05515606782875,0.033593185160903836,0.030350538007742404,0.0347899637729515,0.04541606276073742,0.046158117120514236,0.12495052298233146,7.159137614839989,5.9806592097509546,7.180164136343632,10.974907806382442,11.055156067828749,0.03420694412123958,4.129080498954485,0.04145508652264146,9.572277143889995,0.02115850102252219,10.513144266674999,0.02115850102252219,10.513144266674999,0.007989193984521843,10.83555788773986,0.36882711758389863,0.0048097446464512306,0.0,4.654751537338637e-17,2.666976177715355e-15,0.033593185160903836,0.030350538007742404,0.0347899637729515,0.04541606276073742,0.046158117120514236,0.1055317810560044,6.046525659007706,4.838457794506208,4.061738949623833,10.240982994753976,10.342072222118299,0.03420694412123958,4.129080498954485,0.04145508652264146,9.572277143889995,0.02115850102252219,6.313551512230499,0.02115850102252219,6.313551512230499,0.007989193984521843,2.3253057035767832,0.36882711758389863,0.0048097446464512306,0.3284002207238256,2.2771252546696217,0.17270052847996262,0.19728071294615723,0.23556508553512584,0.17899234430481073,0.1680936481379777,0.6316089983957567,8.785505151292648,0.19322116366041597,0.21026860518923499,1.8610042443660024,0.17899234430481073,0.2983882235562915,0.14281835931798895,0.3501365864514955,119,4.990207400683734e-07,4.99020740070841e-07,9.094044914518349e-18
trial_0020_bite_004_transfer,trial_0020_bite_004,trial_0020,transfer,trial_0020,0.8,0.04495730443201642,0.305097768864302,17.4808144947824,0.012915309143353806,0.04495730443201642,0.08764831552097639,0.305097768864302,1.0,0.801980198019802,0.0,0.0,0.152548884432151,8.7404072473912,0.305097768864302,17.4808144947824,0.04495730443201642,0.30509776886430195,17.480814494782397,0.04706383478320071,0.04359583912169725,0.04864290062783108,0.061033674113320155,0.06165465793948179,0.19025839029050676,10.901002780598837,9.596092068583424,9.886163888567747,16.906645308567587,17.4808144947824,0.045004753020261405,6.743458379983259,0.05337343158105773,13.496351862146046,0.046401625256275884,16.374390423832335,0.046401625256275884,16.374390423832335,0.04530010291986487,16.830205489070067,0.3503534956932975,0.04391226220724731,0.0,0.30509776886430195,17.480814494782397,0.04425022539015367,0.03897585179091132,0.04859219769738428,0.061033674113320155,0.06165465793948179,0.19025839029050676,10.901002780598837,9.596092068583424,9.886163888567747,16.906645308567587,17.4808144947824,0.045004753020261405,6.743458379983259,0.05337343158105773,13.496351862146046,0.03028923706012921,16.374390423832335,0.03028923706012921,16.374390423832335,0.011223543607696864,16.830205489070067,0.3862679381694321,0.007997819731112688,0.0,8.693263341499696e-17,4.980872996637279e-15,0.04425022539015367,0.03897585179091132,0.04859219769738428,0.061033674113320155,0.06165465793948179,0.15904203399583924,9.112437313137749,7.793074988959849,7.387405669201119,15.066960333419994,15.49891146386045,0.045004753020261405,6.743458379983259,0.05337343158105773,13.496351862146046,0.03028923706012921,9.796023890386127,0.03028923706012921,9.796023890386127,0.011223543607696864,3.415206418425837,0.3862679381694321,0.007997819731112688,0.4437360646898917,2.7272116455913893,0.1412396607690741,0.20575073302551233,0.21761263375592688,0.14269816273181465,0.13842925000984949,0.941552809239287,13.811088879107738,0.17406213555630626,0.2285284222619112,2.869313078267881,0.14269816273181465,0.35081516319562656,0.22582957102377182,0.5535403202364321,150,1.7796973548637687e-07,1.7796973547350623e-07,3.8930095365971235e-17
trial_0020_bite_005_transfer,trial_0020_bite_005,trial_0020,transfer,trial_0020,0.8,0.016003781417005897,0.08880890300250266,5.088375325230107,0.004597557328550478,0.016003781417005897,0.025512971728407496,0.08880890300250267,1.0,0.801980198019802,0.0,0.0,0.04440445150125133,2.5441876626150535,0.08880890300250266,5.088375325230107,0.016003781417005897,0.08880890300250267,5.088375325230108,0.06271099752468781,0.052205211924606885,0.04586912986402403,0.10344376872516996,0.10427776103183505,0.047414272469409324,2.716637701180486,2.505467196132281,2.7863772557192017,4.207547323155668,5.088375325230106,0.07076884719697218,2.4862286209950684,0.0671324454864766,2.280346303081752,0.017688443240180225,3.589088024210262,0.017688443240180225,3.589088024210262,0.015223309633880598,4.2145605374463635,0.3749223060084608,0.032488479147836424,0.0,0.08880890300250267,5.088375325230108,0.06249982706038517,0.05080434143205849,0.04586912986402403,0.10344376872516996,0.10427776103183505,0.047414272469409324,2.716637701180486,2.505467196132281,2.7863772557192017,4.207547323155668,5.088375325230106,0.07076884719697218,2.4862286209950684,0.0671324454864766,2.280346303081752,0.01362766423962052,3.589088024210262,0.01362766423962052,3.589088024210262,0.004470930719908032,4.2145605374463635,0.37864266943425434,0.02876811572204291,0.0,5.80808631841484e-17,3.327788330928467e-15,0.06249982706038517,0.05080434143205849,0.04586912986402403,0.10344376872516996,0.10427776103183505,0.03975140261273394,2.2775875994349684,2.033080313348535,2.426774899754166,3.1742043844510355,3.298159892382781,0.07076884719697218,2.4862286209950684,0.0671324454864766,2.280346303081752,0.01362766423962052,1.528279175322603,0.01362766423962052,1.528279175322603,0.004470930719908032,0.4213489251932294,0.37864266943425434,0.02876811572204291,0.5003340426937154,3.3707143384077565,0.22789590978347038,0.2538868265682337,0.3047678870672407,0.22961719492887087,0.22504121604273608,0.5344111327309494,4.382717148961839,0.23265627307020817,0.2545769235366719,0.710155283773328,0.22961719492887087,0.25309430915095904,0.06573527972680292,0.16194402613996287,147,6.803033078607357e-07,6.803033079501703e-07,6.203170158537128e-17
trial_0020_bite_006_transfer,trial_0020_bite_006,trial_0020,transfer,trial_0020,0.8,0.03378972057690387,0.21503626640375822,12.320670507186163,0.009707091931594332,0.03378972057690387,0.06177549772444303,0.2150362664037583,1.0,0.801980198019802,0.0,0.0,0.10751813320187911,6.1603352535930815,0.21503626640375822,12.320670507186163,0.03378972057690387,0.21503626640375817,12.32067050718616,0.04253984421823438,0.039536763513644615,0.04056205419114991,0.058146669200545065,0.058615408833568625,0.13716114453318157,7.858754694935188,7.1327757864061665,7.13915084710651,11.807566440062997,12.46187916406,0.04514651278664664,5.37920258071195,0.04257644914279759,9.408307879773318,0.03396492274419448,11.404443982186384,0.03396492274419448,11.404443982186384,0.033452906899987506,11.79647177718788,0.3106099689611244,0.02418950446397411,0.0,0.21503626640375817,12.32067050718616,0.04085286412446158,0.0360585990584877,0.04056205419114991,0.058146669200545065,0.058615408833568625,0.13716114453318157,7.858754694935188,7.1327757864061665,7.13915084710651,11.807566440062997,12.46187916406,0.04514651278664664,5.37920258071195,0.04257644914279759,9.408307879773318,0.0218404057441687,11.404443982186384,0.0218404057441687,11.404443982186384,0.007705670943908841,11.79647177718788,0.3376864930853792,0.002887019660280654,0.0,1.1579218291750572e-16,6.634403381779905e-15,0.04085286412446158,0.0360585990584877,0.04056205419114991,0.058146669200545065,0.058615408833568625,0.11590705996687374,6.640985351871609,5.858423851960039,5.980243779065315,10.319986727919478,10.6534470891007,0.04514651278664664,5.37920258071195,0.04257644914279759,9.408307879773318,0.0218404057441687,6.718478297624646,0.0218404057441687,6.718478297624646,0.007705670943908841,2.236263322584271,0.3376864930853792,0.002887019660280654,0.35395627093032445,2.5518598539757513,0.12388589064366344,0.1891177587630746,0.21498154156382007,0.1251253867272951,0.12509939360311342,0.6690053314959971,9.637215910058543,0.14153870349940023,0.20102470058234134,1.973879879929424,0.1251253867272951,0.24647476081166816,0.15916718124522797,0.39021501256336844,112,6.537681721343291e-07,6.537681721320038e-07,2.800754887293925e-17
trial_0020_bite_007_transfer,trial_0020_bite_007,trial_0020,transfer,trial_0020,0.8,0.02430912586401458,0.13774231423479946,7.89205326601877,0.006983512012229517,0.02430912586401458,0.03957053459807772,0.13774231423479946,1.0,0.801980198019802,0.0,0.0,0.06887115711739973,3.946026633009385,0.13774231423479946,7.89205326601877,0.02430912586401458,0.13774231423479946,7.89205326601877,0.026636593720390882,0.025456682767427068,0.024342492639129618,0.03726300054932268,0.038685793377517236,0.08788899107391694,5.035668254198406,4.66511064421997,4.868695607266406,7.424099487396805,7.89205326601877,0.028425391432126326,4.564333229758672,0.023102846947986207,4.077791119288303,0.024402690329165703,6.826410732319339,0.024402690329165703,6.826410732319339,0.024309012232411196,7.4184784909649375,0.32904715445813754,0.014316175923970775,0.0,0.13774231423479946,7.89205326601877,0.02521357735621312,0.022969720924387795,0.023671273218930314,0.03726300054932268,0.038685793377517236,0.08788899107391694,5.035668254198406,4.66511064421997,4.868695607266406,7.424099487396805,7.89205326601877,0.028425391432126326,4.564333229758672,0.023102846947986207,4.077791119288303,0.015512160155756308,6.826410732319339,0.015512160155756308,6.826410732319339,0.005936636193965403,7.4184784909649375,0.3426929780664115,0.0006703523156967872,0.0,2.5744722464373908e-17,1.4750639419442649e-15,0.02521357735621312,0.022969720924387795,0.023671273218930314,0.03726300054932268,0.038685793377517236,0.07499355396956982,4.296814133142912,3.8606964536333694,3.88874351385388,6.831459739067898,7.304647873593689,0.028425391432126326,4.564333229758672,0.023102846947986207,4.077791119288303,0.015512160155756308,3.665592286220335,0.015512160155756308,3.665592286220335,0.005936636193965403,1.3706380993533622,0.3426929780664115,0.0006703523156967872,0.3771398593597198,2.836911967707911,0.15852691170515668,0.19582126979560907,0.2826112006813526,0.16220500331613563,0.15846012798581738,0.5154739417310705,6.2872919264621085,0.17008162028083465,0.19885633899694727,1.240962326249555,0.16220500331613563,0.2307207034230657,0.10195516286331337,0.25039098114569164,112,2.3384464229688464e-07,2.3384464227866824e-07,3.722113495276575e-17
trial_0020_bite_008_transfer,trial_0020_bite_008,trial_0020,transfer,trial_0020,0.8,0.019282568368511853,0.1307616278371123,7.492089397326914,0.0055394854007268166,0.019282568368511853,0.037565126934118016,0.13076162783711223,1.0,0.801980198019802,0.0,0.0,0.06538081391855614,3.746044698663457,0.1307616278371123,7.492089397326914,0.019282568368511853,0.1307616278371123,7.492089397326914,0.027801731859171595,0.024899066543652947,0.019622798161167857,0.04532489220141207,0.04621419285361683,0.10854777376843028,6.219329312471922,6.011297116418075,6.646863085808051,7.313477768037368,7.505129965328076,0.03265081260794193,5.788600965686632,0.01843493703639312,6.714384154565601,0.01865104851264915,6.881834635285419,0.01865104851264915,6.881834635285419,0.019411503904139486,7.2785584692732614,0.3418005451502808,0.0011136219502660971,0.0,0.1307616278371123,7.492089397326914,0.026951947271420303,0.022911421586396637,0.019370567450645495,0.04532489220141207,0.04621419285361683,0.10854777376843028,6.219329312471922,6.011297116418075,6.646863085808051,7.313477768037368,7.505129965328076,0.03265081260794193,5.788600965686632,0.01843493703639312,6.714384154565601,0.011139123940955871,6.881834635285419,0.011139123940955871,6.881834635285419,0.004633792548025398,7.2785584692732614,0.3492474238581941,0.00856050065817937,0.0,3.273069708340169e-17,1.8753308034000697e-15,0.026951947271420303,0.022911421586396637,0.019370567450645495,0.04532489220141207,0.04621419285361683,0.0988447519057715,5.663387111218407,5.247601372488805,6.383245949604374,6.924770456084553,7.081566681272418,0.03265081260794193,5.788600965686632,0.01843493703639312,6.714384154565601,0.011139123940955871,3.9480926728669936,0.011139123940955871,3.9480926728669936,0.004633792548025398,1.5319178078967672,0.3492474238581941,0.00856050065817937,0.44051964779501984,2.901910150901539,0.1694022747842872,0.21740057123261491,0.2400918224067615,0.1712762308659779,0.16686877443921114,0.5228140003562501,5.959131616189993,0.17010788084795805,0.21257903083054636,1.0322017265341217,0.1712762308659779,0.18046679366092172,0.0967881572808684,0.23737024742467175,141,6.216434491975295e-07,6.216434492474849e-07,1.42474689497392e-17
trial_0020_bite_009_transfer,trial_0020_bite_009,trial_0020,transfer,trial_0020,0.8,0.02759112906711033,0.1485725083108523,8.512577677884185,0.007926364047354474,0.02759112906711033,0.042681826663781036,0.14857250831085228,1.0,0.801980198019802,0.0,0.0,0.07428625415542615,4.256288838942092,0.1485725083108523,8.512577677884185,0.02759112906711033,0.1485725083108523,8.512577677884185,0.06376149542174532,0.05605725316323539,0.05267424673788586,0.10241164414531444,0.10347873391993814,0.1572567309125088,9.010146981311221,8.700288284814189,8.590673730967746,12.739299424985903,13.032659794872949,0.07603946643682115,9.352011671984629,0.04828430125857967,8.520698733733349,0.028511364333884574,8.45099073963942,0.028511364333884574,8.45099073963942,0.02738891988828255,8.584599094110903,0.30538578554023715,0.014943079452384989,0.0,0.1485725083108523,8.512577677884185,0.06304691783043405,0.053455145450955414,0.05267424673788586,0.10241164414531444,0.10347873391993814,0.1572567309125088,9.010146981311221,8.700288284814189,8.590673730967746,12.739299424985903,13.032659794872949,0.07603946643682115,9.352011671984629,0.04828430125857967,8.520698733733349,0.019418690455693974,8.45099073963942,0.019418690455693974,8.45099073963942,0.008012381936495448,8.584599094110903,0.32176767628388575,0.0014388112912636086,0.0,1.554006304468971e-17,8.903800258279404e-16,0.06304691783043405,0.053455145450955414,0.05267424673788586,0.10241164414531444,0.10347873391993814,0.1481281570424531,8.487118225583625,7.819180415123009,8.531528801524354,12.739299424985903,13.032659794872949,0.07603946643682115,9.352011671984629,0.04828430125857967,8.520698733733349,0.019418690455693974,5.234934284761979,0.019418690455693974,5.234934284761979,0.008012381936495448,2.046015327674774,0.32176767628388575,0.0014388112912636086,0.41052529271263793,2.9655420796379324,0.13051504903483574,0.1825011166305518,0.21794084867209276,0.13313530982503893,0.12861112437650254,0.519951291080172,6.782229938754212,0.1270100763918295,0.1732072495213898,1.1689972836923397,0.13313530982503893,0.12364611051894638,0.10997153218103173,0.2688457570650398,130,1.9151048392924412e-07,1.9151048389573203e-07,6.562439146059826e-17
trial_0020_bite_010_transfer,trial_0020_bite_010,trial_0020,transfer,trial_0020,0.8,0.023443865809077945,0.1589325837248244,9.106166274542035,0.006734940590074954,0.023443865809077945,0.04565806330453079,0.15893258372482438,1.0,0.801980198019802,0.0,0.0,0.0794662918624122,4.553083137271018,0.1589325837248244,9.106166274542035,0.023443865809077945,0.15893258372482444,9.106166274542037,0.025662410041537388,0.023603136392783105,0.025529389258288755,0.036642872932200456,0.0370223047996939,0.14378573508864823,8.238315774765653,7.643115758725955,9.24954908578269,10.229993997405172,10.403596304509,0.02132576605059567,6.90006853503271,0.03532862659499487,9.924525807047663,0.026063067468011042,9.827738998065398,0.026063067468011042,9.827738998065398,0.02446526942737607,9.69321756416249,0.32080965407892753,0.02068704402213689,0.0,0.15893258372482444,9.106166274542037,0.024177024011624176,0.021197322323383477,0.021871138586642115,0.036642872932200456,0.0370223047996939,0.14378573508864823,8.238315774765653,7.643115758725955,9.24954908578269,10.229993997405172,10.403596304509,0.02132576605059567,6.90006853503271,0.03532862659499487,9.924525807047663,0.017978614936147982,9.827738998065398,0.017978614936147982,9.827738998065398,0.006822795396044212,9.69321756416249,0.33727451110075285,0.0042221870003115725,0.0,3.564635147479837e-17,2.0423854945458844e-15,0.024177024011624176,0.021197322323383477,0.021871138586642115,0.036642872932200456,0.0370223047996939,0.13118010436112296,7.51606633597803,6.713712357895129,8.225333628526805,10.229993997405172,10.403596304509,0.02132576605059567,6.90006853503271,0.03532862659499487,9.924525807047663,0.017978614936147982,6.469840553952867,0.017978614936147982,6.469840553952867,0.006822795396044212,2.856340082760406,0.33727451110075285,0.0042221870003115725,0.33452834354686084,2.282418173960568,0.15005699816873008,0.19311437212059399,0.22074840563521153,0.1556029130283213,0.14705428224108374,0.5352038351940461,7.107468766953243,0.16278316473976417,0.19907698989586348,1.4563774288616484,0.1556029130283213,0.23142725759437993,0.11763993623736307,0.28861599611843053,146,4.150597179773748e-07,4.150597180172712e-07,3.513618481957604e-17
trial_0020_bite_011_transfer,trial_0020_bite_011,trial_0020,transfer,trial_0020,0.8,0.0271429386948126,0.15545193116101805,8.906739572684542,0.007797608169162238,0.0271429386948126,0.04465814339273661,0.15545193116101805,1.0,0.801980198019802,0.0,0.0,0.07772596558050902,4.453369786342271,0.15545193116101805,8.906739572684542,0.0271429386948126,0.15545193116101805,8.906739572684542,0.04072916484134326,0.03485206127776866,0.030936766368143114,0.06773763500865279,0.06900792871819311,0.10137027089345281,5.808088690292699,5.4522493523542295,5.7347802815525,8.664664537712836,8.944498733889688,0.04475352627974012,4.786758983848747,0.03918697437202318,6.065030907066165,0.02816641503892881,7.857806629091686,0.02816641503892881,7.857806629091686,0.02796530048231419,8.54370761729978,0.33384986377077835,0.020754773999970166,0.0,0.15545193116101805,8.906739572684542,0.039559715863551705,0.032213045204132394,0.030936766368143114,0.06773763500865279,0.06900792871819311,0.10137027089345281,5.808088690292699,5.4522493523542295,5.7347802815525,8.664664537712836,8.944498733889688,0.04475352627974012,4.786758983848747,0.03918697437202318,6.065030907066165,0.018486825376781695,7.857806629091686,0.018486825376781695,7.857806629091686,0.008344417233769198,8.54370761729978,0.35071582044080307,0.0038888173299454487,0.0,3.672741860593515e-17,2.104326078530338e-15,0.039559715863551705,0.032213045204132394,0.030936766368143114,0.06773763500865279,0.06900792871819311,0.08666646682149187,4.965622774182063,4.537813474096936,5.352627619061542,6.580050639659722,6.7110897921552874,0.04475352627974012,4.786758983848747,0.03918697437202318,6.065030907066165,0.018486825376781695,4.253416950452191,0.018486825376781695,4.253416950452191,0.008344417233769198,1.631094251909244,0.35071582044080307,0.0038888173299454487,0.46326481253841656,3.432774303227827,0.14942768273147497,0.2351942742207286,0.2987401987032122,0.1461264320407044,0.15530448551387088,0.5623104358027151,6.969993279175132,0.14792515338410941,0.2279851125305551,1.1849214578810385,0.1461264320407044,0.1579385713934728,0.11506360854364052,0.28231034949602096,161,3.001278495443829e-07,3.001278496553001e-07,4.2217095299839015e-17
trial_0020_bite_012_transfer,trial_0020_bite_012,trial_0020,transfer,trial_0020,0.8,0.028872919566403383,0.18118729141541143,10.381267099510007,0.008294596101400719,0.028872919566403383,0.05205138321884074,0.18118729141541143,1.0,0.801980198019802,0.0,0.0,0.09059364570770571,5.190633549755003,0.18118729141541143,10.381267099510007,0.028872919566403383,0.18118729141541143,10.381267099510007,0.03231948934907412,0.03049929112071509,0.03044321828782818,0.04321433156336839,0.04420281565487712,0.12725744944909068,7.291314765032319,6.6616765656391665,7.683227446976587,10.381267099510007,10.597432429732297,0.034261674067663735,5.381577083309907,0.03062919926699397,8.899399700835465,0.027864291041712667,9.87498464461644,0.027864291041712667,9.87498464461644,0.028398986400058283,10.320633680687035,0.3160355454144519,0.029698009879420284,0.0,0.18118729141541143,10.381267099510007,0.03072085660242986,0.02755624362211644,0.03044321828782818,0.04321433156336839,0.04420281565487712,0.12725744944909068,7.291314765032319,6.6616765656391665,7.683227446976587,10.381267099510007,10.597432429732297,0.034261674067663735,5.381577083309907,0.03062919926699397,8.899399700835465,0.017079894221847004,9.87498464461644,0.017079894221847004,9.87498464461644,0.006369533647339617,10.320633680687035,0.33688195761508366,0.008851597678788514,0.0,3.910108658916653e-17,2.2403272359348258e-15,0.03072085660242986,0.02755624362211644,0.03044321828782818,0.04321433156336839,0.04420281565487712,0.11023530333659479,6.316017634531283,5.585925754119325,5.712377519392939,9.124811274722274,9.182457569623447,0.034261674067663735,5.381577083309907,0.03062919926699397,8.899399700835465,0.017079894221847004,5.80406811276422,0.017079894221847004,5.80406811276422,0.006369533647339617,2.2749922735254953,0.33688195761508366,0.008851597678788514,0.4149530330324778,2.875972779777931,0.1275765803440073,0.18881346495771634,0.21928892812083978,0.1284934231136805,0.12712661513207651,0.6013445593498911,8.017817742197156,0.1347347708200945,0.18861028327190826,1.5379467573735548,0.1284934231136805,0.19105894135379653,0.13411259676782053,0.32879635397651835,119,3.10012104012736e-07,3.1001210411203214e-07,4.680575361959188e-17
trial_0020_bite_013_transfer,trial_0020_bite_013,trial_0020,transfer,trial_0020,0.8,0.025542861550939645,0.18507846109713788,10.604214699642196,0.007337938906793901,0.025542861550939645,0.05316923625748851,0.1850784610971379,1.0,0.801980198019802,0.0,0.0,0.09253923054856894,5.302107349821098,0.18507846109713788,10.604214699642196,0.025542861550939645,0.18507846109713788,10.604214699642196,0.03847441301554481,0.03372611427302121,0.030545742071019674,0.060259114627555684,0.06141387471889955,0.10430463311209719,5.976215260983666,5.393066982282337,6.110407110503108,9.523961677037498,10.604214699642197,0.045027045812414034,4.156549652247637,0.030278221419466653,7.153539898925087,0.02129925219327143,8.583353410057224,0.02129925219327143,8.583353410057224,0.02368582649211809,9.559384730250715,0.3711790905703254,0.012836351419471703,0.0,0.18507846109713788,10.604214699642196,0.03755875915399411,0.031134566392148736,0.030545742071019674,0.060259114627555684,0.06141387471889955,0.10430463311209719,5.976215260983666,5.393066982282337,6.110407110503108,9.523961677037498,10.604214699642197,0.045027045812414034,4.156549652247637,0.030278221419466653,7.153539898925087,0.01090040232075876,8.583353410057224,0.01090040232075876,8.583353410057224,0.0039103007523924125,9.559384730250715,0.38639562062590693,0.002380178636109842,0.0,2.5257955065251654e-17,1.4471742243699995e-15,0.03755875915399411,0.031134566392148736,0.030545742071019674,0.060259114627555684,0.06141387471889955,0.08589618231937851,4.9214887231866316,4.317437891604189,4.342201963833007,7.354428637473204,7.5435718408785135,0.045027045812414034,4.156549652247637,0.030278221419466653,7.153539898925087,0.01090040232075876,4.288685080376429,0.01090040232075876,4.288685080376429,0.0039103007523924125,1.336827760777485,0.38639562062590693,0.002380178636109842,0.3745819055367956,1.8815910176898762,0.22756145102541608,0.1970267150125896,0.22756145102541608,0.23746292093957147,0.21816305183351697,0.6658745164928271,8.58408004973453,0.24806960056280009,0.21406048952471057,1.8820665520984035,0.23746292093957147,0.3507168050264901,0.1369927722194355,0.3350447416047022,142,5.992690330973603e-07,5.9926903324273e-07,5.583794068626637e-18
trial_0020_bite_014_transfer,trial_0020_bite_014,trial_0020,transfer,trial_0020,0.8,0.02056484155804809,0.1942526728854505,11.129858315471678,0.005907856121754764,0.02056484155804809,0.05580479866252179,0.1942526728854505,1.0,0.801980198019802,0.0,0.0,0.09712633644272525,5.564929157735839,0.1942526728854505,11.129858315471678,0.02056484155804809,0.1942526728854505,11.129858315471678,0.01704432859519464,0.01603915142529112,0.01783913172821315,0.02230516787858461,0.02297107182673759,0.12260116687868537,7.024529425527768,6.261269390065645,6.155904296336276,11.009561473805322,11.129858315471676,0.013782801460463767,4.355946018014063,0.020810776833210306,8.60119973152859,0.021023475823141548,10.613730324704408,0.021023475823141548,10.613730324704408,0.021111787119346484,10.975929893041203,0.304434210836166,0.005409048647921355,0.0,0.1942526728854505,11.129858315471678,0.015352491371862724,0.013943874638508134,0.015340140905986623,0.02230516787858461,0.02297107182673759,0.12260116687868537,7.024529425527768,6.261269390065645,6.155904296336276,11.009561473805322,11.129858315471676,0.013782801460463767,4.355946018014063,0.020810776833210306,8.60119973152859,0.013355741604068671,10.613730324704408,0.013355741604068671,10.613730324704408,0.005726902630099846,10.975929893041203,0.31735158161057797,0.0075083221264906075,0.0,3.9870346380536944e-17,2.2844025753294647e-15,0.015352491371862724,0.013943874638508134,0.015340140905986623,0.02230516787858461,0.02297107182673759,0.10226067689206138,5.859105196066102,5.112101797888956,4.201153093491819,9.48796282577227,10.157922970487979,0.013782801460463767,4.355946018014063,0.020810776833210306,8.60119973152859,0.013355741604068671,6.358989903358578,0.013355741604068671,6.358989903358578,0.005726902630099846,2.4533201431675793,0.31735158161057797,0.0075083221264906075,0.33369307419139793,2.0879400349734123,0.11333683401893256,0.12873570811359078,0.12873570811359078,0.1219390625407916,0.10416322280734817,0.6185062424031258,8.786766211211171,0.13370661335152076,0.13835917742088327,1.8006027380498866,0.1219390625407916,0.23671495047551044,0.14378340712311236,0.35144468056954453,148,2.205378714544825e-07,2.2053787145939416e-07,2.536039223911083e-17
trial_0020_bite_015_transfer,trial_0020_bite_015,trial_0020,transfer,trial_0020,0.8,0.024601594713441366,0.13483626738646481,7.725549046541901,0.007067532298874148,0.024601594713441366,0.038735687093195234,0.1348362673864648,1.0,0.801980198019802,0.0,0.0,0.06741813369323241,3.8627745232709505,0.13483626738646481,7.725549046541901,0.024601594713441366,0.13483626738646481,7.725549046541901,0.0917540784617804,0.07297216068643492,0.05879516329932652,0.16978961276401028,0.17420647367116449,0.07410161491777563,4.245709789892205,3.928314081795581,3.4112409151792193,6.6596305817861685,7.75360777236232,0.0753061032821314,3.663928012885365,0.15405333848472116,3.64621239816203,0.0410520743013542,5.973241153965867,0.0410520743013542,5.973241153965867,0.02354663170934082,6.773038501225401,0.3063715308868165,0.08570344753295822,0.0,0.13483626738646481,7.725549046541901,0.09149264044902286,0.07135194095948331,0.058767605457588495,0.16978961276401028,0.17420647367116449,0.07410161491777563,4.245709789892205,3.928314081795581,3.4112409151792193,6.6596305817861685,7.75360777236232,0.0753061032821314,3.663928012885365,0.15405333848472116,3.64621239816203,0.03814262422093437,5.973241153965867,0.03814262422093437,5.973241153965867,0.011851193140396142,6.773038501225401,0.3233461328271328,0.06872884559264192,0.0,3.202069561244321e-17,1.834650715666069e-15,0.09149264044902286,0.07135194095948331,0.058767605457588495,0.16978961276401028,0.17420647367116449,0.062258397415384026,3.5671434111496976,3.2766223582891647,3.2645933562007445,5.812734470928136,6.446608978956275,0.0753061032821314,3.663928012885365,0.15405333848472116,3.64621239816203,0.03814262422093437,3.1908822307437665,0.03814262422093437,3.1908822307437665,0.011851193140396142,1.6182168234909828,0.3233461328271328,0.06872884559264192,0.427911301838972,2.730225552974093,0.03917222645831704,0.16819099269265728,0.17625243326590434,0.03492116231814317,0.04441311041593923,0.5345010527909212,6.56733651310285,0.028413196323518207,0.16043895182361875,1.1539725684114637,0.03492116231814317,0.06262782886256767,0.09980412014321072,0.24411933961944457,322,2.1549490022593335e-07,2.1549490019302096e-07,3.4057488144522324e-17
trial_0020_bite_016_transfer,trial_0020_bite_016,trial_0020,transfer,trial_0020,0.8,0.016604187249479235,0.10045583717229503,5.755695497425915,0.004770041578570226,0.016604187249479235,0.028858896429089387,0.100455837172295,1.0,0.801980198019802,0.0,0.0,0.050227918586147516,2.8778477487129575,0.10045583717229503,5.755695497425915,0.016604187249479235,0.10045583717229503,5.755695497425915,0.029953139995615323,0.02550153058684591,0.019692344733851504,0.055330143219799184,0.056033788807848185,0.07131267353994131,4.085915219632897,3.708336222461529,3.9603119386241934,6.531124673718248,6.8779677976656215,0.035804377209898486,4.499709335126042,0.019893180055847573,2.6957677013487116,0.016596431425489735,3.9398979038915933,0.016596431425489735,3.9398979038915933,0.01653040661704573,4.5781284297772595,0.3069320843044446,0.0027942766319395407,0.0,0.10045583717229503,5.755695497425915,0.029409198959630973,0.023958694018772698,0.019692344733851504,0.055330143219799184,0.056033788807848185,0.07131267353994131,4.085915219632897,3.708336222461529,3.9603119386241934,6.531124673718248,6.8779677976656215,0.035804377209898486,4.499709335126042,0.019893180055847573,2.6957677013487116,0.010961016267954829,3.9398979038915933,0.010961016267954829,3.9398979038915933,0.004884925173144407,4.5781284297772595,0.3135738982213396,0.00384753728495546,0.0,4.1777673608052095e-17,2.3936843756164714e-15,0.029409198959630973,0.023958694018772698,0.019692344733851504,0.055330143219799184,0.056033788807848185,0.06553712838214282,3.7550008577038243,3.2195750965940504,2.8090606774213045,6.531124673718248,6.8779677976656215,0.035804377209898486,4.499709335126042,0.019893180055847573,2.6957677013487116,0.010961016267954829,1.744608832498632,0.010961016267954829,1.744608832498632,0.004884925173144407,0.7995334398119764,0.3135738982213396,0.00384753728495546,0.3327471463195575,2.0820051219798135,0.05753795059815258,0.14589267955221194,0.1466098718941599,0.06232198762042746,0.053014404374754506,0.40478790618282773,4.768608893792119,0.06105675718387068,0.1389690001448331,0.8327044372059053,0.06232198762042746,0.09098188478500173,0.07435615773823807,0.18163498625775149,162,1.7225106563337812e-07,1.7225106565727054e-07,4.4197673974993597e-17
trial_0020_bite_017_transfer,trial_0020_bite_017,trial_0020,transfer,trial_0020,0.8,0.015519675362681997,0.08115217427976983,4.649677084540922,0.004458483613416664,0.015519675362681997,0.023313351005362828,0.08115217427976984,1.0,0.801980198019802,0.0,0.0,0.04057608713988491,2.324838542270461,0.08115217427976983,4.649677084540922,0.015519675362681997,0.08115217427976985,4.649677084540924,0.030582784306864844,0.026553815846444354,0.021321268546013444,0.05279271063161523,0.05343812490809878,0.05138368632410522,2.944068362195316,2.7908417799730705,2.8900430716502514,4.379663118014191,4.649677084540924,0.03714906025248262,2.5410867507149595,0.019069799103311608,2.889885336114898,0.01445793714557565,3.9094837867241283,0.01445793714557565,3.9094837867241283,0.01502561884587492,4.364819097044135,0.29138082478892974,0.00037211032494760543,0.0,0.08115217427976985,4.649677084540924,0.03011980220343201,0.0249819396010455,0.021321268546013444,0.05279271063161523,0.05343812490809878,0.05138368632410522,2.944068362195316,2.7908417799730705,2.8900430716502514,4.379663118014191,4.649677084540924,0.03714906025248262,2.5410867507149595,0.019069799103311608,2.889885336114898,0.008594421077465128,3.9094837867241283,0.008594421077465128,3.9094837867241283,0.0032002131982600125,4.364819097044135,0.30027481324356536,0.00852187812968802,0.0,2.94902990916057e-17,1.6896696745274922e-15,0.03011980220343201,0.0249819396010455,0.021321268546013444,0.05279271063161523,0.05343812490809878,0.043850864219182,2.512469447760363,2.323648706856687,2.62185952619646,3.608247116844859,3.9024768809199446,0.03714906025248262,2.5410867507149595,0.019069799103311608,2.889885336114898,0.008594421077465128,1.9893372636738718,0.008594421077465128,1.9893372636738718,0.0032002131982600125,0.8264196622221603,0.30027481324356536,0.00852187812968802,0.3163570424036721,2.196019376863628,0.059462822119137185,0.146960598012837,0.147725475885255,0.05878787340002709,0.06300136616363701,0.36291129686128876,4.063018347894774,0.0566877674019574,0.14323750966548232,0.6528911136600148,0.05878787340002709,0.05670860419920956,0.06006782710401875,0.1468443384564056,119,4.277588687791411e-07,4.277588688283888e-07,6.771255806675156e-17
trial_0020_bite_018_transfer,trial_0020_bite_018,trial_0020,transfer,trial_0020,0.8,0.021634808136485387,0.1345871519767302,7.711275784952436,0.006215235518899691,0.021634808136485387,0.03866412135833316,0.1345871519767302,1.0,0.801980198019802,0.0,0.0,0.0672935759883651,3.855637892476218,0.1345871519767302,7.711275784952436,0.021634808136485387,0.13458715197673024,7.711275784952438,0.0626498256537138,0.05182127919734246,0.036177671884211164,0.11102842167712651,0.11268478932057313,0.08250205267097807,4.727019419213064,4.434043234375697,4.5983753025355485,7.216461069531129,7.723460844930168,0.07888727309891598,3.6443729435861134,0.023960071592375606,5.179961328949822,0.023453351943705767,6.63069606001582,0.023453351943705767,6.63069606001582,0.02256850267971189,7.1564520736051564,0.33600054695812537,0.03193971981808996,0.0,0.13458715197673024,7.711275784952438,0.06215577761752072,0.04966266974216643,0.036177671884211164,0.11102842167712651,0.11268478932057313,0.08250205267097807,4.727019419213064,4.434043234375697,4.5983753025355485,7.216461069531129,7.723460844930168,0.07888727309891598,3.6443729435861134,0.023960071592375606,5.179961328949822,0.015921829551930368,6.63069606001582,0.015921829551930368,6.63069606001582,0.006672406214577385,7.1564520736051564,0.3484329735970654,0.019507293179149954,0.0,4.194741635431643e-17,2.403409918580378e-15,0.06215577761752072,0.04966266974216643,0.036177671884211164,0.11102842167712651,0.11268478932057313,0.06978803402634026,3.9985598102246787,3.6830231666055826,3.9923313813746977,5.814969296882117,5.949349736040911,0.07888727309891598,3.6443729435861134,0.023960071592375606,5.179961328949822,0.015921829551930368,3.660011056745481,0.015921829551930368,3.660011056745481,0.006672406214577385,1.3950465697825682,0.3484329735970654,0.019507293179149954,0.4215346931315099,2.5966833082044958,0.09231328605408594,0.17219160655480803,0.18111982797284465,0.09668891294290817,0.08652047361442043,0.549117275475245,6.269017809822869,0.1070010434464277,0.175338952708545,1.2227464509207995,0.09668891294290817,0.17918977894149002,0.09961973024296958,0.2440894906003052,200,1.769488700452564e-07,1.7694887001059594e-07,4.7001930813736053e-17
trial_0020_bite_019_transfer,trial_0020_bite_019,trial_0020,transfer,trial_0020,0.8,0.015173421843972424,0.09971923965319751,5.71349156838182,0.004359012097216874,0.015173421843972424,0.028647287107899818,0.09971923965319751,1.0,0.801980198019802,0.0,0.0,0.049859619826598756,2.85674578419091,0.09971923965319751,5.71349156838182,0.015173421843972424,0.09971923965319751,5.71349156838182,0.0411886546641526,0.035140750727477355,0.030840962715433906,0.06785562535560004,0.06889176061375483,0.06107752791805097,3.4994845727967783,3.3272873325916867,3.4281764266339354,5.2146736940916085,5.745210771314359,0.044609661415526414,3.0772426697681734,0.04693358581183514,3.392839133744679,0.019383952048896785,4.569532252459417,0.019383952048896785,4.569532252459417,0.01627658507161244,5.222231054273263,0.28030000875615796,0.020335027986241927,0.0,0.09971923965319751,5.71349156838182,0.040812274507895596,0.03368933089720998,0.030840962715433906,0.06785562535560004,0.06889176061375483,0.06107752791805097,3.4994845727967783,3.3272873325916867,3.4281764266339354,5.2146736940916085,5.745210771314359,0.044609661415526414,3.0772426697681734,0.04693358581183514,3.392839133744679,0.015076430298850505,4.569532252459417,0.015076430298850505,4.569532252459417,0.005795298562533533,5.222231054273263,0.2911510773478972,0.009483959394502695,0.0,2.863935994797648e-17,1.6409144529750612e-15,0.040812274507895596,0.03368933089720998,0.030840962715433906,0.06785562535560004,0.06889176061375483,0.05192905400066051,2.97531562834479,2.741305680834877,3.1629447602789993,3.9606258028245946,4.388614257413681,0.044609661415526414,3.0772426697681734,0.04693358581183514,3.392839133744679,0.015076430298850505,2.134861624239314,0.015076430298850505,2.134861624239314,0.005795298562533533,0.7478875344431232,0.2911510773478972,0.009483959394502695,0.463130534792933,3.573861652555813,0.09758060943254493,0.16883241264726573,0.20168476668431884,0.09625502671678565,0.10063315783890998,0.5021709124373935,5.300868311418054,0.09594262378608574,0.16163668692131206,0.7388250186703582,0.09625502671678565,0.10037342738594685,0.07381094322400722,0.18036127282927092,99,1.830206193437546e-07,1.8302061939480923e-07,1.6521064482879472e-17
