record_id,parent_bite_id,take,phase,run_id,strategy,source_frames,SUCCESS_EXACT,success_percent,first_psi0_rad,first_raw_prediction_correction_abs_rad,first_target_position_equal,first_target_rotation_equal,first_target_psi_equal,first_status_equal,support_frames,support_runs,joint_step_support_values,total_wrapped_joint_travel_rad,max_wrapped_joint_step_rad,velocity_support_values,rms_joint_velocity_rad_s,max_joint_velocity_rad_s,acceleration_support_values,rms_joint_acceleration_rad_s2,max_joint_acceleration_rad_s2,jerk_support_values,rms_joint_jerk_rad_s3,max_joint_jerk_rad_s3,branch_changes,joint_limit_margin_support_frames,joint_limit_margin_rad_count,joint_limit_margin_rad_mean,joint_limit_margin_rad_median,joint_limit_margin_rad_p05,joint_limit_margin_rad_p95,joint_limit_margin_rad_min,joint_limit_margin_rad_max
trial_0012_bite_001_transfer,trial_0012_bite_001,trial_0012,transfer,0,B0,144,144,100.0,-2.894375877838511,0.0,True,True,True,True,144,1,1001,4.4277175468865,0.01674333153620111,1001,0.5339214190155092,1.6743331536201096,994,29.038754066576143,153.07101295842313,987,5039.6350993837095,18419.411784118052,0,144,144,0.48416872681349044,0.49445144474137803,0.22767506742083876,0.7082436074365925,0.21589708384199469,0.7266212204522133
trial_0012_bite_001_transfer,trial_0012_bite_001,trial_0012,transfer,0,B1,144,144,100.0,-2.894375877838511,0.16003046774406515,True,True,True,True,144,1,1001,4.627980712723756,0.01754120777553636,1001,0.5533405980611806,1.7541207775536363,994,28.499008396915436,151.93730514091425,987,4978.244078189538,18356.372314206346,0,144,144,0.49981830674816774,0.5058928376692834,0.24354595779597718,0.7299858155129729,0.23201108825498018,0.7489006098708888
trial_0012_bite_001_transfer,trial_0012_bite_001,trial_0012,transfer,0,B2,144,144,100.0,-2.894375877838511,0.004163975852544244,True,True,True,True,144,1,1001,4.335165119693155,0.023468730232360624,1001,0.5327424880734015,2.34687302323606,994,31.136367510071167,257.0858414459205,987,5290.298305012048,29510.640672711397,0,144,144,0.4415464005731526,0.4723207503563214,0.1877508737779549,0.6507476620138986,0.17570505120244562,0.6699096036173602
trial_0012_bite_001_transfer,trial_0012_bite_001,trial_0012,transfer,0,B3,144,144,100.0,-2.894375877838511,0.006047781353157422,True,True,True,True,144,1,1001,4.600110954469239,0.026491451542193015,1001,0.5724836145801335,2.649145154219299,994,46.80904243015878,318.46948308075827,987,8204.272494200102,36498.110382122824,0,144,144,0.434155200917084,0.45974010986285585,0.18711713069628177,0.6422902504267983,0.17434302824884007,0.6606157112874778
trial_0012_bite_001_transfer,trial_0012_bite_001,trial_0012,transfer,0,StrongLocal,144,144,100.0,-2.894375877838511,0.06329862038965439,True,True,True,True,144,1,1001,4.6828026591384955,0.024293191372978914,1001,0.5797475577663717,2.429319137297889,994,51.95081986519854,267.4857384120872,987,9216.843613777375,42164.72205410448,0,144,144,0.4302745666099334,0.45730972509052104,0.18656762009943956,0.633940121883081,0.17415915291755546,0.6521424612152609
trial_0012_bite_001_transfer,trial_0012_bite_001,trial_0012,transfer,0,H_star,144,144,100.0,-2.894375877838511,0.05683479384340595,True,True,True,True,144,1,1001,5.087977000980162,0.03148512152201821,1001,0.6482415475331263,3.1485121522018185,994,71.79777357756198,366.5394228028644,987,12929.18945410631,58239.72216375835,0,144,144,0.4247817319485631,0.46560906302966054,0.18069052852529016,0.6218760173869935,0.1689841186895773,0.6456997663929362
trial_0012_bite_001_transfer,trial_0012_bite_001,trial_0012,transfer,0,HumanGT,144,144,100.0,-2.894375877838511,0.0,True,True,True,True,144,1,1001,4.478384649884788,0.021359715198064677,1001,0.54488742150103,2.135971519806466,994,38.80348942185681,248.81406893900458,987,6777.591469039086,32288.32954334129,0,144,144,0.45987239001933056,0.4789623954707799,0.20551701813649875,0.6741045166227242,0.1947813676097283,0.6932539402425677
trial_0012_bite_001_withdrawal,trial_0012_bite_001,trial_0012,withdrawal,0,B0,102,102,100.0,-2.8138901376555507,0.0,True,True,True,True,102,1,707,5.704500618009451,0.025214909536032337,707,0.9990395019720731,2.5214909536032315,700,25.459222862788696,148.61788000164884,693,3731.356980050901,22007.092677904733,0,102,102,0.5620249348224665,0.5330967784218736,0.3498475412711694,0.8519610171328563,0.3259060518722805,0.8871316571335051
trial_0012_bite_001_withdrawal,trial_0012_bite_001,trial_0012,withdrawal,0,B1,102,102,100.0,-2.8138901376555507,0.07840629547068945,True,True,True,True,102,1,707,5.6193842739972215,0.025232196482261493,707,0.9850627934721781,2.523219648226147,700,25.840534800520413,149.90229532367815,693,3790.6924499180864,22279.159472947398,0,102,102,0.6067934031286337,0.5843427114704083,0.35751571731940607,0.8903950994111699,0.3259060518722805,0.9275940917806382
trial_0012_bite_001_withdrawal,trial_0012_bite_001,trial_0012,withdrawal,0,B2,102,102,100.0,-2.8138901376555507,0.004163975852544244,True,True,True,True,102,1,707,5.492951742887401,0.025245133349815596,707,0.9642556588975495,2.5245133349815574,700,25.853366010424107,144.61679465921557,693,3794.847804559056,21229.060059705982,0,102,102,0.6392854250083181,0.6315924974340246,0.35654133568418883,0.9071041577410737,0.3259060518722805,0.946258669551618
trial_0012_bite_001_withdrawal,trial_0012_bite_001,trial_0012,withdrawal,0,B3,102,102,100.0,-2.8138901376555507,0.006047781353157422,True,True,True,True,102,1,707,5.675147655532886,0.02526041638092824,707,0.9892709031250714,2.526041638092822,700,37.009967700021726,152.33231058776803,693,6197.635192439236,24059.607371371272,0,102,102,0.6509512703348534,0.6399556136367668,0.3566407278936223,0.9345747808417019,0.3259060518722805,0.967552055390426
trial_0012_bite_001_withdrawal,trial_0012_bite_001,trial_0012,withdrawal,0,StrongLocal,102,102,100.0,-2.8138901376555507,0.14382175053780166,True,True,True,True,102,1,707,5.88817838705037,0.02520982399400218,707,1.0212166883145506,2.5209823994002156,700,50.050756100800825,201.23671919691316,693,8672.381015031331,38024.256822382005,0,102,102,0.6769583962585032,0.6712819176662945,0.36001400612725776,0.9624345910005949,0.3259060518722805,0.9948274578472107
trial_0012_bite_001_withdrawal,trial_0012_bite_001,trial_0012,withdrawal,0,H_star,102,102,100.0,-2.8138901376555507,0.12684220108000233,True,True,True,True,102,1,707,6.030453426301122,0.03133848093719216,707,1.0430632474698915,3.1338480937192132,700,67.84987632185721,337.6688017643571,693,11948.160651306705,57043.73176521297,0,102,102,0.6790878389864423,0.6780407575846237,0.35753960331562207,0.9607609218459957,0.3259060518722805,0.99892139824704
trial_0012_bite_001_withdrawal,trial_0012_bite_001,trial_0012,withdrawal,0,HumanGT,102,102,100.0,-2.8138901376555507,0.0,True,True,True,True,102,1,707,6.08850117770282,0.025245494579980488,707,1.0410376179587453,2.5245494579980465,700,31.14716945372899,151.94384218682328,693,4771.475009978823,22408.604024106207,0,102,102,0.6600705989826791,0.6529418810264378,0.3593628448527899,0.9524994349845125,0.3259060518722805,0.9863954233869379
trial_0012_bite_002_transfer,trial_0012_bite_002,trial_0012,transfer,0,B0,188,188,100.0,-3.1042825709570723,0.0,True,True,True,True,188,1,1309,7.064236507784458,0.03316420041446877,1309,0.6839134025031336,3.316420041446874,1302,42.10993039338681,354.09092587575344,1295,7082.590059090512,50961.91329151031,0,188,188,0.54347284320724,0.5894312100048743,0.15770884303505966,0.8265031424532641,0.15074582313179175,0.8426483526030826
trial_0012_bite_002_transfer,trial_0012_bite_002,trial_0012,transfer,0,B1,188,188,100.0,-3.1042825709570723,0.1600304677440656,True,True,True,True,188,1,1309,7.346686143296926,0.03233048420488416,1309,0.6965608263026132,3.233048420488413,1302,38.34182910601349,284.8050366100536,1295,6418.718824181732,41266.41640568652,0,188,188,0.5546672061610706,0.6001175571640633,0.16059978114647255,0.8468933699099411,0.15337494802010365,0.866489353859599
trial_0012_bite_002_transfer,trial_0012_bite_002,trial_0012,transfer,0,B2,188,188,100.0,-3.1042825709570723,0.004163975852544244,True,True,True,True,188,1,1309,18.194199674571912,2.2739370553168894,1309,9.85316978976081,227.39370553168874,1302,1517.1980099404493,25553.650480724224,1295,266990.3683908503,5107434.572414948,3,188,188,0.49610832066869226,0.5524616644282184,0.03338644260971293,0.7629862884853645,0.0011552091871527281,0.7831552844907552
trial_0012_bite_002_transfer,trial_0012_bite_002,trial_0012,transfer,0,B3,188,188,100.0,-3.1042825709570723,0.006047781353157422,True,True,True,True,188,1,1309,17.05364216000976,1.9603006593498302,1309,8.619063012793527,196.03006593498284,1302,1293.278687058451,21376.07801429232,1295,225679.02426474853,4268562.587731198,3,188,188,0.4902882597217685,0.537316742654626,0.03326250980221594,0.7600062202727367,0.0012046332676467486,0.7786096105084894
trial_0012_bite_002_transfer,trial_0012_bite_002,trial_0012,transfer,0,StrongLocal,188,187,99.46808510638297,-3.1042825709570723,0.01210959791787003,True,True,True,True,187,2,1295,17.067830132351094,1.8430338124737917,1295,8.375197461125586,184.303381247379,1281,1003.8352769462705,20820.585188042118,1267,137927.3678324622,2417833.898025574,3,187,187,0.48329599817362695,0.5321412125701199,0.033593823655684044,0.7448981463828666,0.0010663462958309111,0.7631752897120165
trial_0012_bite_002_transfer,trial_0012_bite_002,trial_0012,transfer,0,H_star,188,187,99.46808510638297,-3.1042825709570723,0.0060613803161468915,True,True,True,True,187,2,1295,13.241383787366,0.8875448849247389,1295,4.051257687656253,88.75448849247381,1281,532.6899059419848,9078.12150112696,1267,91356.19265427532,1747054.866394488,2,187,187,0.48206107113120467,0.5328653365597287,0.03328680343991799,0.7381692001864502,0.0012467220398724166,0.759951605732752
trial_0012_bite_002_transfer,trial_0012_bite_002,trial_0012,transfer,0,HumanGT,188,188,100.0,-3.1042825709570723,0.0,True,True,True,True,188,1,1309,8.555302377113893,0.13082550791673508,1309,1.1517245150570417,13.082550791673496,1302,136.69281761478612,2396.5625972938965,1295,23485.5378843476,343410.15964745474,0,188,188,0.5102741077906982,0.5593358210964522,0.14567563789591587,0.7665452504478386,0.13661783981581355,0.7885980536576211
trial_0012_bite_002_withdrawal,trial_0012_bite_002,trial_0012,withdrawal,0,B0,113,113,100.0,-2.9648357083929904,0.0,True,True,True,True,113,1,784,7.664490026656777,0.04563988008755437,784,1.3469218662705114,4.563988008755433,777,37.44709425334048,221.1807223297054,770,5834.150540488717,31796.333354927072,0,113,113,0.5154401316005237,0.42884393504280416,0.33369440678159973,0.8830531671374267,0.31567478174591734,0.963097103140937
trial_0012_bite_002_withdrawal,trial_0012_bite_002,trial_0012,withdrawal,0,B1,113,113,100.0,-2.9648357083929904,0.07840629547068945,True,True,True,True,113,1,784,7.666839553663875,0.04566786962086855,784,1.3651868130829619,4.566786962086851,777,38.33221859105364,226.88222344904713,770,5984.862565889286,34052.659525902665,0,113,113,0.52215265194714,0.4275628744229589,0.33826453802534023,0.8950338085572899,0.32553580552414285,0.9779299320447525
trial_0012_bite_002_withdrawal,trial_0012_bite_002,trial_0012,withdrawal,0,B2,113,113,100.0,-2.9648357083929904,0.004163975852544244,True,True,True,True,113,1,784,7.411608216775129,0.04568865471990602,784,1.3506975736921165,4.5688654719905974,777,39.29166553198467,203.73441493864738,770,6158.501099585679,35512.86804536682,0,113,113,0.5199306949746229,0.4241901056909425,0.33758049186312106,0.8972337505771758,0.32553580552414285,0.9772222299362476
trial_0012_bite_002_withdrawal,trial_0012_bite_002,trial_0012,withdrawal,0,B3,113,113,100.0,-2.9648357083929904,0.006047781353157422,True,True,True,True,113,1,784,7.717201291871399,0.0455801347542133,784,1.377287300220594,4.558013475421325,777,48.830053489590945,276.2426463094454,770,8009.057991257315,42598.02113126054,0,113,113,0.5204715008065405,0.42327072159926704,0.33766690632263197,0.8987815923484344,0.32553580552414285,0.977064658048461
trial_0012_bite_002_withdrawal,trial_0012_bite_002,trial_0012,withdrawal,0,StrongLocal,113,113,100.0,-2.9648357083929904,0.16976829558619277,True,True,True,True,113,1,784,8.199113969823088,0.047702609871208335,784,1.4401239747898626,4.770260987120829,777,70.94396962214547,460.37195522833497,770,12212.489216456981,86200.1165309054,0,113,113,0.5222112138464855,0.42445311654162365,0.3389064198148411,0.9038416766928795,0.32553580552414285,0.9775496523710538
trial_0012_bite_002_withdrawal,trial_0012_bite_002,trial_0012,withdrawal,0,H_star,113,113,100.0,-2.9648357083929904,0.15407106999278763,True,True,True,True,113,1,784,8.504499585826883,0.04823999566435555,784,1.4730605378909105,4.823999566435551,777,81.72668198822707,558.966453719324,770,13913.723432771216,85201.86834817499,0,113,113,0.5204403028750642,0.4206358344192598,0.3386246321820833,0.9033515230362246,0.32553580552414285,0.9776751010250946
trial_0012_bite_002_withdrawal,trial_0012_bite_002,trial_0012,withdrawal,0,HumanGT,113,113,100.0,-2.9648357083929904,0.0,True,True,True,True,113,1,784,7.735900332101464,0.045526775483840425,784,1.35823766232008,4.552677548384039,777,39.145702437680114,223.7185286740924,770,6156.382974323601,31571.790271975347,0,113,113,0.5219760993143332,0.42820744464407623,0.33710460873640324,0.8900159689802614,0.32553580552414285,0.9686902698780804
trial_0012_bite_003_transfer,trial_0012_bite_003,trial_0012,transfer,0,B0,146,146,100.0,-3.0195359416469416,0.0,True,True,True,True,146,1,1015,5.998722163313667,0.01874460271427747,1015,0.7398008507254451,1.8744602714277556,1008,26.09364570362035,136.1040582003079,1001,4400.361051980602,25716.977507581545,0,146,146,0.6006395709547749,0.5568080670510943,0.39003745646642857,0.9185563585836449,0.3806677727266079,0.9503739266462956
trial_0012_bite_003_transfer,trial_0012_bite_003,trial_0012,transfer,0,B1,146,146,100.0,-3.0195359416469416,0.16003046774406515,True,True,True,True,146,1,1015,6.275625600927398,0.019498159006801075,1015,0.7705852374278984,1.9498159006801166,1008,26.62585480666976,138.97186224377273,1001,4498.107027559301,26421.988064925834,0,146,146,0.6169233567692112,0.5735451643070681,0.3959914047208489,0.9444001615041839,0.3901997791826908,0.9785946738445528
trial_0012_bite_003_transfer,trial_0012_bite_003,trial_0012,transfer,0,B2,146,146,100.0,-3.0195359416469416,0.004163975852544244,True,True,True,True,146,1,1015,5.505497300398997,0.017010605436251325,1015,0.671396639228093,1.7010605436251405,1008,24.387082250445644,125.17481358865523,1001,4087.9446250422134,22891.59324499662,0,146,146,0.5488436372263964,0.5083683586849841,0.34469875524574367,0.8349918434235866,0.33458697171988483,0.8632172173356087
trial_0012_bite_003_transfer,trial_0012_bite_003,trial_0012,transfer,0,B3,146,146,100.0,-3.0195359416469416,0.006047781353157422,True,True,True,True,146,1,1015,5.637955176686681,0.019765363821360182,1015,0.6892618162391521,1.9765363821360276,1008,36.41733554449539,195.29320860443863,1001,6495.77581741989,38822.532559405496,0,146,146,0.5368626341727314,0.4921773476021323,0.34485597998437845,0.8184691320151605,0.3346892957047407,0.8492588382130497
trial_0012_bite_003_transfer,trial_0012_bite_003,trial_0012,transfer,0,StrongLocal,146,146,100.0,-3.0195359416469416,0.008327527658778422,True,True,True,True,146,1,1015,5.722235376624674,0.02167157609172543,1015,0.6933337378084343,2.1671576091725533,1008,47.43226351889564,244.58128841706244,1001,8612.37529962069,48913.88779337046,0,146,146,0.5307070905256298,0.49049620808106864,0.3430016554283386,0.799421540346547,0.3334224576743994,0.8261784717814482
trial_0012_bite_003_transfer,trial_0012_bite_003,trial_0012,transfer,0,H_star,146,146,100.0,-3.0195359416469416,0.0028787350366998865,True,True,True,True,146,1,1015,6.067227688440166,0.02261905727582514,1015,0.7324055449555011,2.2619057275825116,1008,63.49006552800996,314.37734421392025,1001,11580.244691637272,62557.06730891379,0,146,146,0.5264029371868811,0.48382923869796424,0.3417665194006678,0.787199720401489,0.33438198103321426,0.8135175248734914
trial_0012_bite_003_transfer,trial_0012_bite_003,trial_0012,transfer,0,HumanGT,146,146,100.0,-3.0195359416469416,0.0,True,True,True,True,146,1,1015,5.991191485472065,0.018547377984495125,1015,0.7326108093635334,1.854737798449521,1008,31.43542277040699,131.45890351098342,1001,5452.557501842975,25390.9830415439,0,146,146,0.592436287383094,0.5514969367647743,0.38375150048926865,0.9056582682728058,0.375505537451966,0.934443955924845
trial_0012_bite_003_withdrawal,trial_0012_bite_003,trial_0012,withdrawal,0,B0,99,99,100.0,-2.9975119864825923,0.0,True,True,True,True,99,1,686,7.300353988953486,0.05061932917708134,686,1.4180109369149043,5.061932917708158,679,39.562031250575004,203.68409087479353,672,5711.793680781421,28981.22317804922,0,99,99,0.655646597758592,0.7025493135778791,0.41952627709329826,0.8972469843782287,0.39951466889200304,0.9458639154504933
trial_0012_bite_003_withdrawal,trial_0012_bite_003,trial_0012,withdrawal,0,B1,99,99,100.0,-2.9975119864825923,0.07840629547068945,True,True,True,True,99,1,686,7.359437079706092,0.05271572461558982,686,1.4302057123347705,5.271572461559007,679,40.99933633740527,216.83172648040608,672,5949.312913328394,30893.54330719188,0,99,99,0.6571362224968997,0.7002473379830847,0.42049291710251946,0.8976550148440582,0.39951466889200304,0.957634420338497
trial_0012_bite_003_withdrawal,trial_0012_bite_003,trial_0012,withdrawal,0,B2,99,99,100.0,-2.9975119864825923,0.004163975852544688,True,True,True,True,99,1,686,7.156698602751333,0.05339004148151183,686,1.4110996454445481,5.339004148151208,679,42.78709781824889,219.65210907575596,672,6218.732800653953,33200.979953659364,0,99,99,0.6549149743555652,0.6984397765802277,0.4193454242598296,0.8998479523898797,0.39951466889200304,0.9607473523178367
trial_0012_bite_003_withdrawal,trial_0012_bite_003,trial_0012,withdrawal,0,B3,99,99,100.0,-2.9975119864825923,0.006047781353157422,True,True,True,True,99,1,686,7.38393249383755,0.05551012967703084,686,1.4344495605633907,5.55101296770311,679,51.88404879062087,268.1563695065043,672,8266.695876644751,44097.42157917484,0,99,99,0.654682111575889,0.6975949449856169,0.4189656353588747,0.9010007949157413,0.39951466889200304,0.962510459928378
trial_0012_bite_003_withdrawal,trial_0012_bite_003,trial_0012,withdrawal,0,StrongLocal,99,99,100.0,-2.9975119864825923,0.12677551227453954,True,True,True,True,99,1,686,7.6215669157326875,0.06091493334859788,686,1.489512239035641,6.091493334859816,679,69.2839098871423,394.0207015892565,672,11880.169745761383,67423.35735060474,0,99,99,0.6547313401076388,0.6980156623402127,0.4200835820528967,0.9007999424450683,0.39951466889200304,0.9614321518444875
trial_0012_bite_003_withdrawal,trial_0012_bite_003,trial_0012,withdrawal,0,H_star,99,99,100.0,-2.9975119864825923,0.1091744932613179,True,True,True,True,99,1,686,7.7092225124684095,0.05928545631647353,686,1.4884403111557805,5.92854563164738,679,85.99657296027411,448.4466364811716,672,15237.029134519034,82478.92307901576,0,99,99,0.6538292541461614,0.696324374084694,0.4191117204261647,0.900066200405442,0.39951466889200304,0.9614770431673456
trial_0012_bite_003_withdrawal,trial_0012_bite_003,trial_0012,withdrawal,0,HumanGT,99,99,100.0,-2.9975119864825923,0.0,True,True,True,True,99,1,686,7.288456587945914,0.045897992403087784,686,1.4026104466950569,4.5897992403088,679,42.098143416966195,195.89920322166296,672,6335.680605484693,29229.425303088614,0,99,99,0.6509984933298592,0.6817756166951598,0.41880774287544015,0.8974479943838364,0.39951466889200304,0.9446538057818725
trial_0012_bite_004_transfer,trial_0012_bite_004,trial_0012,transfer,0,B0,147,147,100.0,-3.073053220666292,0.0,True,True,True,True,147,1,1022,5.800613291008416,0.020907952952227582,1022,0.7325715814657189,2.0907952952227564,1015,28.346540105732274,151.6633329515657,1008,4950.140085963776,25601.530117162532,0,147,147,0.5014400039672832,0.44788944774152384,0.2865850689836801,0.8161236155388824,0.2773591366232431,0.8562887759054236
trial_0012_bite_004_transfer,trial_0012_bite_004,trial_0012,transfer,0,B1,147,147,100.0,-3.073053220666292,0.1600304677440656,True,True,True,True,147,1,1022,6.050094017876802,0.020866518556474038,1022,0.7608954772571699,2.086651855647402,1015,28.59420588533293,152.0236195417188,1008,4992.951896129765,25830.41975995963,0,147,147,0.5134138940153368,0.4613228691360891,0.29441629486807397,0.8329171006558119,0.284946212841807,0.8808479174482668
trial_0012_bite_004_transfer,trial_0012_bite_004,trial_0012,transfer,0,B2,147,147,100.0,-3.073053220666292,0.004163975852544244,True,True,True,True,147,1,1022,5.524717128004554,0.020965496319005798,1022,0.672563477977233,2.096549631900578,1015,27.567509070274166,142.5564264946819,1008,4817.601013691403,25657.371118596053,0,147,147,0.4540486331237106,0.4060916882969574,0.24915113213187395,0.7384667322079379,0.24140966015499998,0.7727490499701342
trial_0012_bite_004_transfer,trial_0012_bite_004,trial_0012,transfer,0,B3,147,147,100.0,-3.073053220666292,0.006047781353157422,True,True,True,True,147,1,1022,5.798554113287098,0.02095025965290542,1022,0.7030208083572274,2.09502596529054,1015,44.41961677154904,211.1826516807099,1008,8018.89987650377,37507.44127633289,0,147,147,0.4435128344555974,0.3944059854530604,0.2492913840794376,0.7281026392408464,0.2414782352174738,0.7637370375679735
trial_0012_bite_004_transfer,trial_0012_bite_004,trial_0012,transfer,0,StrongLocal,147,147,100.0,-3.073053220666292,0.00197629223710738,True,True,True,True,147,1,1022,5.927257836911529,0.020908498113064056,1022,0.7107116408274116,2.090849811306404,1015,55.87737062799191,256.13325214625735,1008,10202.145547519849,51161.36605350605,0,147,147,0.4339616573640492,0.39410410263676376,0.24626502279887727,0.7025476237015111,0.23873657778029767,0.7351683009312504
trial_0012_bite_004_transfer,trial_0012_bite_004,trial_0012,transfer,0,H_star,147,147,100.0,-3.073053220666292,0.003392724331131358,True,True,True,True,147,1,1022,6.2897413941896385,0.027702320772263977,1022,0.7618519426507643,2.770232077226395,1015,74.43928523849104,434.0350383045958,1008,13569.270556666977,81899.78803824328,0,147,147,0.4300206729437557,0.3967032756711435,0.24828344500867133,0.690078702597287,0.23899898413552734,0.7239073141947454
trial_0012_bite_004_transfer,trial_0012_bite_004,trial_0012,transfer,0,HumanGT,147,147,100.0,-3.073053220666292,0.0,True,True,True,True,147,1,1022,5.7843688708676195,0.02086619107243859,1022,0.7074612753678583,2.086619107243857,1015,33.866661872157835,158.90138799903724,1008,5908.21551374897,25950.1866352249,0,147,147,0.46602163101712646,0.41189292388814724,0.27353060107004223,0.7600760984881062,0.2643165169584085,0.8022098670614981
trial_0012_bite_004_withdrawal,trial_0012_bite_004,trial_0012,withdrawal,0,B0,140,96,68.57142857142857,-2.985009251194544,0.0,True,True,True,True,96,1,665,7.518943779819449,0.0579115613770238,665,1.6553525924380479,5.791156137702375,658,37.56748948619717,166.65615630122716,651,5472.546164964926,24954.58394536103,0,96,96,0.48760342977067644,0.465360576637289,0.08283699983272919,0.8449618169598739,0.006332815587818175,0.8847394072738917
trial_0012_bite_004_withdrawal,trial_0012_bite_004,trial_0012,withdrawal,0,B1,140,101,72.14285714285714,-2.985009251194544,0.078406295470689,True,True,True,True,101,1,700,7.836432040488698,0.06088174779940659,700,1.645358560999075,6.088174779940654,693,39.656176844419285,172.37834883781363,686,5893.336534045559,28496.661044229582,0,101,101,0.47709255076204315,0.4599627684873129,0.06317586990280688,0.8479996533374976,0.0027636336512939508,0.8931645465025886
trial_0012_bite_004_withdrawal,trial_0012_bite_004,trial_0012,withdrawal,0,B2,140,140,100.0,-2.985009251194544,0.004163975852544244,True,True,True,True,140,1,973,8.67996138863048,0.05932149230154948,973,1.3710135848150664,5.932149230154943,966,38.15321693771994,172.26090605469724,959,5888.123111955955,29484.65462081177,0,140,140,0.3976016054816053,0.3894443349791681,0.08010365343350764,0.83722127080599,0.07306932370422548,0.8938371797517388
trial_0012_bite_004_withdrawal,trial_0012_bite_004,trial_0012,withdrawal,0,B3,140,140,100.0,-2.985009251194544,0.006047781353156978,True,True,True,True,140,1,973,9.040372031272382,0.05881513066053756,973,1.3973445679269971,5.881513066053751,966,42.26192552987529,192.78889085343002,959,6736.938281679346,28819.086603909236,0,140,140,0.3930709356260589,0.3913687949099187,0.06240633530214503,0.8382029776178972,0.05612388120135581,0.8931498343909463
trial_0012_bite_004_withdrawal,trial_0012_bite_004,trial_0012,withdrawal,0,StrongLocal,140,140,100.0,-2.985009251194544,0.14834723820167728,True,True,True,True,140,1,973,8.996726909078493,0.061071216449287036,973,1.4047754124450205,6.107121644928698,966,50.82303536977389,230.77612428826518,959,8492.161643743946,38704.8643528728,0,140,140,0.41069428156108795,0.4044299060735854,0.10221723951566579,0.8380752728487092,0.09576376161091193,0.8929662952555595
trial_0012_bite_004_withdrawal,trial_0012_bite_004,trial_0012,withdrawal,0,H_star,140,140,100.0,-2.985009251194544,0.13136264996750935,True,True,True,True,140,1,973,9.22617658835114,0.06353272046710234,973,1.4235153053950602,6.353272046710229,966,63.31578911782872,264.4650510405362,959,10851.011054224477,50716.025005043775,0,140,140,0.40403711252087343,0.39530625067325076,0.10035950497550891,0.8378016403831744,0.09487020512820799,0.8926631183983198
trial_0012_bite_004_withdrawal,trial_0012_bite_004,trial_0012,withdrawal,0,HumanGT,140,108,77.14285714285715,-2.985009251194544,0.0,True,True,True,True,108,1,749,7.469500863023391,0.0570693531369022,749,1.5074008130191976,5.706935313690215,742,40.55207904583011,175.30156898451358,735,6304.233275510518,28166.12308413983,0,108,108,0.45174806574849835,0.4347396322312336,0.03873181459404256,0.8407191545272489,0.001107492407420807,0.8780433437920374
trial_0012_bite_005_transfer,trial_0012_bite_005,trial_0012,transfer,0,B0,122,122,100.0,-2.97590291745607,0.0,True,True,True,True,122,1,847,5.441447469920455,0.020991850499826548,847,0.7957560456609186,2.099185049982653,840,33.82394172853166,165.35699990065626,833,5902.399631099972,32385.95967753924,0,122,122,0.5314478279639613,0.5356153525611065,0.25264771269805564,0.7885894603244803,0.24578116706155928,0.8026705842957016
trial_0012_bite_005_transfer,trial_0012_bite_005,trial_0012,transfer,0,B1,122,122,100.0,-2.97590291745607,0.16003046774406604,True,True,True,True,122,1,847,5.763128833796347,0.020945076349823122,847,0.8294850557686106,2.0945076349823104,840,33.815191086306,164.2247947676087,833,5909.893578256678,32164.65430198703,0,122,122,0.5467944180424684,0.5491493571638721,0.263576312263714,0.8107076724606399,0.2562517355481715,0.8306732941110093
trial_0012_bite_005_transfer,trial_0012_bite_005,trial_0012,transfer,0,B2,122,122,100.0,-2.97590291745607,0.004163975852544244,True,True,True,True,122,1,847,5.196324704306172,0.021369401063454863,847,0.7474898775593847,2.136940106345487,840,34.91395108780592,166.57613933085597,833,6057.6667579316,32622.31370415672,0,122,122,0.48081798217267574,0.49379378637810123,0.21743122631990958,0.700123331922133,0.21166701336700378,0.7152310283347483
trial_0012_bite_005_transfer,trial_0012_bite_005,trial_0012,transfer,0,B3,122,122,100.0,-2.97590291745607,0.006047781353157866,True,True,True,True,122,1,847,5.481743405769285,0.04254521990232218,847,0.8003044419050753,4.2545219902322176,840,52.06073882712635,420.52147183376786,833,8721.893410825327,52284.126625507495,0,122,122,0.470286748370653,0.47502074597805044,0.21977620273556173,0.692693312993929,0.21469391845749808,0.7121326240422405
trial_0012_bite_005_transfer,trial_0012_bite_005,trial_0012,transfer,0,StrongLocal,122,122,100.0,-2.97590291745607,0.03659086387134369,True,True,True,True,122,1,847,5.615938399286081,0.0405985116734624,847,0.8193823444168542,4.05985116734624,840,68.37416694539239,409.47470081178494,833,12101.385478021084,62768.090348516664,0,122,122,0.4569810565058705,0.46286448689221893,0.21749383396399677,0.6616113154047004,0.21237166710845923,0.6824631174553353
trial_0012_bite_005_transfer,trial_0012_bite_005,trial_0012,transfer,0,H_star,122,122,100.0,-2.97590291745607,0.03119493144431562,True,True,True,True,122,1,847,5.965520748974036,0.03522615022954323,847,0.8615868665373362,3.522615022954323,840,85.19165466488342,505.87112792237843,833,15396.518140700731,97950.50262173462,0,122,122,0.4547615100797101,0.46636300750496495,0.22370474287149017,0.6531378718005999,0.2174048117317673,0.6731853737003959
trial_0012_bite_005_transfer,trial_0012_bite_005,trial_0012,transfer,0,HumanGT,122,122,100.0,-2.97590291745607,0.0,True,True,True,True,122,1,847,5.5783049460445415,0.021758105563937757,847,0.7947052391682529,2.1758105563937766,840,39.86921116054501,169.02645007110775,833,7132.2290639219955,33186.58059441306,0,122,122,0.5246526685520803,0.5310227726155651,0.25431449118181637,0.7706510438247468,0.2474616823583009,0.7886054939040892
trial_0012_bite_005_withdrawal,trial_0012_bite_005,trial_0012,withdrawal,0,B0,137,66,48.175182481751825,-2.9896240573611945,0.0,True,True,True,True,66,1,455,7.842218882016467,0.06778248282739074,455,2.3744971286779526,6.778248282739068,448,46.06656069025663,270.64998697728663,441,6683.9679192117865,37572.03513574126,0,66,66,0.5050875620997092,0.48873190417429924,0.09836765492892718,0.8235806062710801,0.004067289936072527,0.8549159355339033
trial_0012_bite_005_withdrawal,trial_0012_bite_005,trial_0012,withdrawal,0,B1,137,80,58.3941605839416,-2.9896240573611945,0.07840629547068945,True,True,True,True,80,2,546,8.787645213787743,0.06939912998834961,546,2.2665228456633626,6.939912998834994,532,46.24095641615162,276.4227655957136,518,6555.161231357141,38457.933710521866,0,80,80,0.4231706995293777,0.4330100823107723,0.010122686372945111,0.8175127487717379,0.0020310874104696452,0.8559142405946529
trial_0012_bite_005_withdrawal,trial_0012_bite_005,trial_0012,withdrawal,0,B2,137,137,100.0,-2.9896240573611945,0.004163975852544244,True,True,True,True,137,1,952,10.318436374350487,0.07135415905335753,952,1.722728587379122,7.135415905335786,945,42.21137107783512,282.1909743000979,938,6345.098657116083,40571.266036412715,0,137,137,0.36465626121754285,0.30355113342828766,0.15722946790551298,0.7925547768541509,0.14068466167011628,0.864228137504929
trial_0012_bite_005_withdrawal,trial_0012_bite_005,trial_0012,withdrawal,0,B3,137,137,100.0,-2.9896240573611945,0.006047781353157422,True,True,True,True,137,1,952,10.733283423008949,0.07548707462523474,952,1.7641607366280154,7.5487074625235095,945,44.14047680548959,285.05355939117686,938,6708.775054346166,41004.60713888976,0,137,137,0.35993001661481944,0.30010433750092247,0.14359543344865386,0.7942087774773575,0.12666147899950708,0.8658833672318309
trial_0012_bite_005_withdrawal,trial_0012_bite_005,trial_0012,withdrawal,0,StrongLocal,137,137,100.0,-2.9896240573611945,0.17943907340141596,True,True,True,True,137,1,952,11.045556105070137,0.07862587703718482,952,1.8048273712307907,7.862587703718519,945,53.83276095448811,284.9408657588266,938,8779.210928596058,40390.03746321415,0,137,137,0.3937989512397232,0.3377167878586742,0.16039894202239005,0.7950811420522791,0.14129420972415563,0.8659674163692266
trial_0012_bite_005_withdrawal,trial_0012_bite_005,trial_0012,withdrawal,0,H_star,137,137,100.0,-2.9896240573611945,0.16442916417868947,True,True,True,True,137,1,952,11.233197999608512,0.08188358483326752,952,1.8022987600299936,8.18835848332679,945,61.024856134569085,289.46680867497355,938,10008.484781397738,46077.86512861078,0,137,137,0.3558046504613694,0.2808773493528345,0.15192362375615787,0.7946134329545452,0.13567767369055783,0.8662153240649255
trial_0012_bite_005_withdrawal,trial_0012_bite_005,trial_0012,withdrawal,0,HumanGT,137,125,91.24087591240875,-2.9896240573611945,0.0,True,True,True,True,125,2,861,9.610767543765576,0.06832552282827908,861,1.8013694454847142,6.832552282827902,847,42.25406291241017,266.8080764074338,833,6351.780249950577,37489.90847111279,0,125,125,0.2948744363325136,0.10251893043331961,0.04092401541319006,0.789906894502768,0.005776491844889264,0.8553847453067074
trial_0012_bite_006_transfer,trial_0012_bite_006,trial_0012,transfer,0,B0,157,142,90.44585987261146,-3.1176690529898656,0.0,True,True,True,True,142,2,980,11.21601745336026,0.9047405910746068,980,4.789988808601379,90.4740591074606,966,556.9012040425632,9838.905672604738,952,76668.7302279976,1119455.8899393447,2,142,142,0.38970234167508155,0.37683055764053863,0.06368566909124926,0.6543399054180566,0.012142539252518958,0.6747012153485388
trial_0012_bite_006_transfer,trial_0012_bite_006,trial_0012,transfer,0,B1,157,144,91.71974522292994,-3.1176690529898656,0.16003046774406515,True,True,True,True,144,2,994,7.874145597733497,0.31100809446569677,994,1.6167427065498876,31.10080944656965,980,197.91919613711184,3372.8474058247652,966,34076.43509645577,632926.1219544893,0,144,144,0.4024313217043858,0.38230685199734593,0.17948486080492182,0.6676935698944583,0.05196911236276058,0.6887207151777863
trial_0012_bite_006_transfer,trial_0012_bite_006,trial_0012,transfer,0,B2,157,132,84.07643312101911,-3.1176690529898656,0.004163975852544244,True,True,True,True,132,2,910,11.711404474720574,0.9884798174624194,910,5.529860456452669,98.84798174624186,896,418.4271501634414,7747.518848071268,882,35712.60557752962,632382.2970329296,0,132,132,0.36545743404969416,0.35707659432008676,0.11099573371037091,0.5865192374124824,0.04937550864911344,0.6067963897477906
trial_0012_bite_006_transfer,trial_0012_bite_006,trial_0012,transfer,0,B3,157,132,84.07643312101911,-3.1176690529898656,0.006047781353157422,True,True,True,True,132,2,910,11.869363433180611,1.310336487535786,910,6.648744210501701,131.03364875357846,896,872.5981076384,13501.24674065611,882,148780.6157372616,2557690.1431760183,2,132,132,0.3623802061468565,0.338169534605655,0.16723095721160477,0.5818868507137508,0.035953921395159405,0.6032409371642107
trial_0012_bite_006_transfer,trial_0012_bite_006,trial_0012,transfer,0,StrongLocal,157,132,84.07643312101911,-3.1176690529898656,0.019169089379742488,True,True,True,True,132,2,910,14.829500370991063,1.7540758480309384,910,9.624936200386673,175.4075848030937,896,1127.5392886823847,19205.98351622087,882,151142.33929325527,2016222.4042446422,3,132,132,0.34806945452308047,0.32816770046705535,0.07784794751436314,0.5605450225366666,0.010238690233988379,0.5791835532780496
trial_0012_bite_006_transfer,trial_0012_bite_006,trial_0012,transfer,0,H_star,157,132,84.07643312101911,-3.1176690529898656,0.013451549368144633,True,True,True,True,132,2,910,15.444519542528317,1.8525045422277417,910,10.71806190700938,185.250454222774,896,1278.9475871472937,20185.820102926067,882,178228.15975901432,2531282.9649446015,3,132,132,0.3488768292990197,0.33133023851076937,0.1566579180494037,0.5452035144345102,0.035952394810050414,0.5618244953468816
trial_0012_bite_006_transfer,trial_0012_bite_006,trial_0012,transfer,0,HumanGT,157,136,86.62420382165605,-3.1176690529898656,0.0,True,True,True,True,136,3,931,12.724883559905546,1.462223909789656,931,7.611894853090567,146.22239097896872,917,1114.9781793102725,16393.09823235459,903,183308.02936473722,3085442.121406886,2,136,136,0.35079768844653536,0.33354793383811066,0.05872434428130702,0.5643636910043324,0.011161271262137618,0.5875179416332923
trial_0012_bite_006_withdrawal,trial_0012_bite_006,trial_0012,withdrawal,0,B0,131,65,49.61832061068702,-2.946746265791702,0.0,True,True,True,True,65,2,441,8.430031960912627,0.07932147431520598,441,2.787708660352148,7.93214743152059,427,49.31770766010242,229.1905882649688,413,6393.822291430977,22330.75815866663,0,65,65,0.43321275367287154,0.4320614063923731,0.013301496560493932,0.7151515445837143,0.0035390298905007,0.7204620448269816
trial_0012_bite_006_withdrawal,trial_0012_bite_006,trial_0012,withdrawal,0,B1,131,76,58.01526717557252,-2.946746265791702,0.07840629547068945,True,True,True,True,76,2,518,17.732116895881454,3.117324513617823,518,21.4742264384381,311.732451361782,504,2165.274026451186,31133.99518345549,490,219755.27156561872,3113404.837389807,1,76,76,0.3834392443291965,0.3979678538032454,0.008530787590073752,0.7185685398598103,0.00027122436257087656,0.7250295855678281
trial_0012_bite_006_withdrawal,trial_0012_bite_006,trial_0012,withdrawal,0,B2,131,131,100.0,-2.946746265791702,0.004163975852544244,True,True,True,True,131,1,910,10.632932953909743,0.07954006964775306,910,1.9141928177386365,7.954006964775299,903,41.49659841485219,237.2569856322876,896,5412.668414552016,24573.509744536026,0,131,131,0.33518353192836065,0.267857731341377,0.10561205927006112,0.712729056884355,0.07770983612167015,0.731388241749344
trial_0012_bite_006_withdrawal,trial_0012_bite_006,trial_0012,withdrawal,0,B3,131,131,100.0,-2.946746265791702,0.006047781353157422,True,True,True,True,131,1,910,28.1229451465739,3.120493181107355,910,23.424284239444475,312.0493181107352,903,3313.4888896473803,31216.526023504037,896,576048.5458813269,6242433.109157966,2,131,131,0.32841389435593327,0.259923827642238,0.09287465652383009,0.7137415200020301,0.069503245506227,0.7329462887608562
trial_0012_bite_006_withdrawal,trial_0012_bite_006,trial_0012,withdrawal,0,StrongLocal,131,131,100.0,-2.946746265791702,0.16526913850186986,True,True,True,True,131,1,910,11.411151969136789,0.08219224842852668,910,2.018307175776528,8.219224842852661,903,53.896530389416554,253.97596843189825,896,7859.952420127369,43922.016681786685,0,131,131,0.35018100179004036,0.2901191620094199,0.08462377158198775,0.7141177366237312,0.06216797419922315,0.7327622657117612
trial_0012_bite_006_withdrawal,trial_0012_bite_006,trial_0012,withdrawal,0,H_star,131,131,100.0,-2.946746265791702,0.14942191379371428,True,True,True,True,131,1,910,11.409966450389325,0.08449558321760087,910,1.990034134807616,8.44955832176008,903,60.14973490988079,277.0477917621268,896,9133.398156284293,48003.14689156582,0,131,131,0.3211666827046905,0.25124922834984353,0.09682718999744289,0.7138840479495321,0.0764331678613619,0.7331126225861251
trial_0012_bite_006_withdrawal,trial_0012_bite_006,trial_0012,withdrawal,0,HumanGT,131,123,93.89312977099237,-2.946746265791702,0.0,True,True,True,True,123,2,847,10.454042900398942,0.08030031630457302,847,2.0477931640275195,8.030031630457295,833,44.09283207002652,227.59380178914284,819,5924.48219827727,25165.297226918887,0,123,123,0.25905715333830887,0.11516944493425818,0.021459607470306886,0.7102213540286665,0.002568859356295583,0.725267939554902
trial_0012_bite_007_transfer,trial_0012_bite_007,trial_0012,transfer,0,B0,133,92,69.17293233082707,-3.0645180848726485,0.0,True,True,True,True,92,1,637,5.605457615800214,0.31796833865070084,637,2.096914872644744,31.796833865070056,630,130.3117076765127,2162.3284741994116,623,10351.912758576633,161148.18803362676,0,92,92,0.41546399579297544,0.40360411482373904,0.31289683939432267,0.5608078118409909,0.22316046271301282,0.5731716929321076
trial_0012_bite_007_transfer,trial_0012_bite_007,trial_0012,transfer,0,B1,133,92,69.17293233082707,-3.0645180848726485,0.16003046774406515,True,True,True,True,92,1,637,5.145510544030018,0.127860362097068,637,1.2115203592260606,12.786036209706788,630,54.59903211175218,752.9172131479977,623,5426.714255170831,48507.64899273661,0,92,92,0.4295738034604209,0.4208313647514934,0.31445786830028516,0.5794059381332196,0.2378245312813272,0.5952259915456373
trial_0012_bite_007_transfer,trial_0012_bite_007,trial_0012,transfer,0,B2,133,91,68.42105263157895,-3.0645180848726485,0.004163975852544244,True,True,True,True,91,1,630,5.574336699708125,0.38766672317045425,630,2.4707631823193177,38.76667231704539,623,161.6568286439355,2731.315083570216,616,13411.789721054967,211726.81608377874,0,91,91,0.3720198532014225,0.3531054650925265,0.2886766597609146,0.491792831899017,0.20315509986448,0.505419302547482
trial_0012_bite_007_transfer,trial_0012_bite_007,trial_0012,transfer,0,B3,133,91,68.42105263157895,-3.0645180848726485,0.006047781353157422,True,True,True,True,91,1,630,5.553886888195595,0.3673801835329251,630,2.349424234474357,36.73801835329248,623,161.65156019656195,2686.4701277034665,616,15247.50583057818,219354.2272269039,0,91,91,0.36163826611477906,0.33911941008988067,0.2758863134119771,0.4856594943132154,0.2068913105427086,0.5017363579010601
trial_0012_bite_007_transfer,trial_0012_bite_007,trial_0012,transfer,0,StrongLocal,133,91,68.42105263157895,-3.0645180848726485,0.025543196890288833,True,True,True,True,91,1,630,6.012280046264346,0.5010132534923055,630,3.056715815650573,50.10132534923051,623,232.13956605918713,3942.5719466755963,616,22214.670444781623,342711.49417486804,0,91,91,0.35083517137040354,0.32586796583239286,0.2700052161704517,0.4705589965285716,0.19003457868688933,0.4851882835457566
trial_0012_bite_007_transfer,trial_0012_bite_007,trial_0012,transfer,0,H_star,133,91,68.42105263157895,-3.0645180848726485,0.020345872165701717,True,True,True,True,91,1,630,8.920283864918245,1.620303513985552,630,9.275800603569026,162.03035139855504,623,984.0130953527776,17272.76345540156,616,102187.93221977825,1778323.7167817887,1,91,91,0.34650891786813226,0.322531601768028,0.2744683597239488,0.45857195791298344,0.10918173145213572,0.47137645693117936
trial_0012_bite_007_transfer,trial_0012_bite_007,trial_0012,transfer,0,HumanGT,133,92,69.17293233082707,-3.0645180848726485,0.0,True,True,True,True,92,1,637,5.784304511686892,0.3868647302770889,637,2.453635683872638,38.68647302770886,630,166.47445922608281,2784.1712086423445,623,14050.628873832648,217749.6607884018,0,92,92,0.41207242174869946,0.4080105471400648,0.2988729324906202,0.554638656790804,0.21862792244395468,0.5668421916269328
trial_0012_bite_007_withdrawal,trial_0012_bite_007,trial_0012,withdrawal,0,B0,140,76,54.285714285714285,-2.986989009516538,0.0,True,True,True,True,76,1,525,13.104410352753527,0.7561045522589138,525,5.711822591483463,75.61045522589141,518,347.8208088147969,4345.275421263621,511,34712.84715534019,296825.28834736766,0,76,76,0.34572953302096376,0.30655484704575353,0.031376901244529076,0.699842079369472,0.000873382880274054,0.7030772920959016
trial_0012_bite_007_withdrawal,trial_0012_bite_007,trial_0012,withdrawal,0,B1,140,81,57.85714285714286,-2.986989009516538,0.07840629547068989,True,True,True,True,81,1,560,13.17483353646878,0.7318724456293975,560,5.4095939245257805,73.18724456293978,553,324.58751530270064,4150.609334847605,546,32520.25779283354,286838.6208092748,0,81,81,0.3399528239039971,0.2852855553990574,0.03054016579899388,0.7095410467877894,0.006235667044263149,0.7131967650810278
trial_0012_bite_007_withdrawal,trial_0012_bite_007,trial_0012,withdrawal,0,B2,140,133,95.0,-2.986989009516538,0.004163975852544244,True,True,True,True,133,1,924,14.302097600561673,0.7672473569868705,924,4.3366200198758245,76.72473569868708,917,265.5794112062361,4445.386999047147,910,26342.1261524183,293630.4598764618,0,133,133,0.30427044365866085,0.22424795576309942,0.09887222389569761,0.7346862412532391,0.06279920345271606,0.7402949460059416
trial_0012_bite_007_withdrawal,trial_0012_bite_007,trial_0012,withdrawal,0,B3,140,133,95.0,-2.986989009516538,0.006047781353157422,True,True,True,True,133,1,924,14.859803148628409,0.8051109355088175,924,4.508305182614218,80.5110935508818,917,275.732304898797,4799.09542078235,910,26020.37546963986,278926.7836453651,0,133,133,0.29422336863592685,0.21198826531677284,0.0760726604944387,0.7422146728734276,0.06141760566870147,0.7470176727557991
trial_0012_bite_007_withdrawal,trial_0012_bite_007,trial_0012,withdrawal,0,StrongLocal,140,133,95.0,-2.986989009516538,0.2059748561355823,True,True,True,True,133,1,924,31.915799454444993,3.1295733378879333,924,23.624891269141887,312.95733378879305,917,3310.536561046414,31486.593798204605,910,555540.7440217806,6274455.512466806,2,133,133,0.3251388901434283,0.25264017960154384,0.12441378584162824,0.7444567001936857,0.0631099932389878,0.7492576102706625
trial_0012_bite_007_withdrawal,trial_0012_bite_007,trial_0012,withdrawal,0,H_star,140,133,95.0,-2.986989009516538,0.19234767502668948,True,True,True,True,133,1,924,15.200696672767277,0.832920790753902,924,4.591697422031482,83.29207907539025,917,287.00836057151474,5177.2350897951355,910,24666.30709813015,266751.54956644366,0,133,133,0.3139684404418801,0.2489107835837423,0.08935723980511123,0.7437344430814145,0.06101152924431563,0.748234401354293
trial_0012_bite_007_withdrawal,trial_0012_bite_007,trial_0012,withdrawal,0,HumanGT,140,84,60.0,-2.986989009516538,0.0,True,True,True,True,84,1,581,14.126116571373867,0.7460611203108902,581,5.455076946348959,74.60611203108905,574,334.49985836630145,4273.351580480758,567,35373.70938408945,333957.0443768613,0,84,84,0.3538352915242541,0.2993606101684111,0.04094122355646073,0.7405668385632516,0.0015961047741610557,0.7426172027833289
trial_0012_bite_008_transfer,trial_0012_bite_008,trial_0012,transfer,0,B0,168,98,58.333333333333336,-3.1048291737021554,0.0,True,True,True,True,98,1,679,8.59486779256297,1.1283534871837715,679,6.354562653967035,112.83534871837705,672,697.8314820436561,12670.10326797452,665,74529.32567190757,1347140.2018808546,1,98,98,0.5726119392018735,0.6088762070950624,0.3594076594012719,0.6318480359917,0.1710870641847393,0.6395665815581686
trial_0012_bite_008_transfer,trial_0012_bite_008,trial_0012,transfer,0,B1,168,98,58.333333333333336,-3.1048291737021554,0.1600304677440656,True,True,True,True,98,1,679,6.137483947086619,0.19086392965726473,679,1.5540950715221842,19.086392965726457,672,73.92231209591662,1160.6290989215065,665,6899.633021170868,74774.80437032717,0,98,98,0.5871960982914174,0.6258512747726142,0.36824616470593313,0.6467548066246072,0.26429361052989364,0.6510327087972576
trial_0012_bite_008_transfer,trial_0012_bite_008,trial_0012,transfer,0,B2,168,97,57.738095238095234,-3.1048291737021554,0.004163975852544688,True,True,True,True,97,1,672,9.850280939640594,1.7260871789347034,672,9.602980474183813,172.60871789347019,665,1044.8618120887775,18963.56380262607,658,109951.93194932002,1984050.488727942,1,97,97,0.5225047030360577,0.5316205679822263,0.33572721320818516,0.6101316271627347,0.1557123751578935,0.6160875426669123
trial_0012_bite_008_transfer,trial_0012_bite_008,trial_0012,transfer,0,B3,168,97,57.738095238095234,-3.1048291737021554,0.006047781353157422,True,True,True,True,97,1,672,9.559531678505849,1.5704953993792155,672,8.76983378660835,157.0495399379214,665,951.9929024210982,17239.5634939536,658,100405.29658985339,1804990.4549706557,1,97,97,0.5112218106835341,0.5210682388922365,0.340088507727166,0.5972558385936987,0.1542572752030269,0.6132030171114067
trial_0012_bite_008_transfer,trial_0012_bite_008,trial_0012,transfer,0,StrongLocal,168,97,57.738095238095234,-3.1048291737021554,0.003997049048835244,True,True,True,True,97,1,672,10.261144827574526,1.8728907414946143,672,10.394938607202569,187.28907414946127,665,1134.701031471567,20587.99517540549,658,120326.98039704008,2166242.200962183,1,97,97,0.4974321312577921,0.49747502301472224,0.33215410933311523,0.599121487521041,0.15811421355610022,0.6132030171114067
trial_0012_bite_008_transfer,trial_0012_bite_008,trial_0012,transfer,0,H_star,168,96,57.14285714285714,-3.1048291737021554,0.0014310346116381822,True,True,True,True,96,1,665,6.06054212931609,0.22414026452540425,665,1.7393113237972861,22.414026452540405,658,115.38276932645674,1498.666212367528,651,17358.504134261955,179143.28446957417,0,96,96,0.49767789367670184,0.49143415200842233,0.3373534122664219,0.6000488367285268,0.2528229671309825,0.6132030171114067
trial_0012_bite_008_transfer,trial_0012_bite_008,trial_0012,transfer,0,HumanGT,168,97,57.738095238095234,-3.1048291737021554,0.0,True,True,True,True,97,1,672,6.047998743481097,0.2665949934680931,672,1.8713676112065083,26.659499346809287,665,105.85271035836048,1742.523842627596,658,9908.586951181798,130018.65758374159,0,97,97,0.5447919470577557,0.5595080199887008,0.3584802058502657,0.6163223801885092,0.26174327643389983,0.6279901617637891
trial_0012_bite_008_withdrawal,trial_0012_bite_008,trial_0012,withdrawal,0,B0,98,86,87.75510204081633,-2.9839015647709424,0.0,True,True,True,True,86,1,595,12.769440428253718,0.9579126733836678,595,7.0161817186930815,95.7912673383667,588,734.3743073210437,8553.927526479909,581,114084.97946199149,1205532.013066721,1,86,86,0.5148935570618253,0.49641039267316545,0.23322994038435452,0.8657962761368495,0.03342605469580384,0.9004267322034512
trial_0012_bite_008_withdrawal,trial_0012_bite_008,trial_0012,withdrawal,0,B1,98,86,87.75510204081633,-2.9839015647709424,0.07840629547068945,True,True,True,True,86,1,595,11.423721995691114,1.043611887040088,595,6.458389238473646,104.3611887040087,588,463.7465731625896,7892.955288615026,581,38710.80047613273,651788.5116532876,0,86,86,0.5445804353837691,0.5342232782906585,0.27033414811141254,0.8605197052170181,0.1054326947048203,0.9006500145473217
trial_0012_bite_008_withdrawal,trial_0012_bite_008,trial_0012,withdrawal,0,B2,98,86,87.75510204081633,-2.9839015647709424,0.004163975852544244,True,True,True,True,86,1,595,12.827713936070896,1.0437395990265905,595,7.361078216864074,104.37395990265895,588,763.0341126165949,9462.133741075204,581,115178.88809595881,1267535.7996387088,1,86,86,0.5776982840772302,0.5348185521082045,0.3061413152828947,0.8732200639494004,0.033443906885523234,0.9237308128197448
trial_0012_bite_008_withdrawal,trial_0012_bite_008,trial_0012,withdrawal,0,B3,98,86,87.75510204081633,-2.9839015647709424,0.006047781353157422,True,True,True,True,86,1,595,21.623649723243375,3.1390125550507126,595,21.44753435519307,313.901255505071,588,2970.041854154919,31329.89705770886,581,513318.1482368881,6264477.752092364,2,86,86,0.5787050120663144,0.5373244191675488,0.30574789448563755,0.8747636760226015,0.03343708346005059,0.926032994960341
trial_0012_bite_008_withdrawal,trial_0012_bite_008,trial_0012,withdrawal,0,StrongLocal,98,86,87.75510204081633,-2.9839015647709424,0.21041281489052333,True,True,True,True,86,1,595,10.843766238938635,0.7920831041262729,595,5.090886796291672,79.20831041262723,588,377.03202281775293,6311.60550233579,581,34161.87024744778,552895.9912189353,0,86,86,0.5804260535262185,0.5288816897451882,0.3097245516314983,0.8766108595103037,0.14985658671258317,0.9230956036678264
trial_0012_bite_008_withdrawal,trial_0012_bite_008,trial_0012,withdrawal,0,H_star,98,86,87.75510204081633,-2.9839015647709424,0.19776972033756124,True,True,True,True,86,1,595,11.86654834163084,1.083406112055652,595,6.683390565369935,108.3406112055651,588,492.8621317493514,8358.129819945383,581,42536.85702583727,696985.2669402661,0,86,86,0.5758420407723537,0.535249649922696,0.27071988944185743,0.8703565369746717,0.10452961261449367,0.9210511318771557
trial_0012_bite_008_withdrawal,trial_0012_bite_008,trial_0012,withdrawal,0,HumanGT,98,86,87.75510204081633,-2.9839015647709424,0.0,True,True,True,True,86,1,595,12.512423046844466,0.9050183454597587,595,6.830811621183155,90.50183454597578,588,721.9775384474182,7968.474692237824,581,114575.51869678093,1204350.049944561,1,86,86,0.544079286464536,0.5339078121476128,0.2871743928700553,0.8650608169088595,0.03340973363373223,0.9009327979899879
trial_0012_bite_009_transfer,trial_0012_bite_009,trial_0012,transfer,0,B0,77,77,100.0,-3.106762587711467,0.0,True,True,True,True,77,1,532,1.398354564587757,0.009872939353571475,532,0.32667126513624867,0.9872939353571466,525,23.111034254318774,83.79595452129504,518,4012.515852437662,12888.848273730124,0,77,77,0.565991193631623,0.5713104345766231,0.5028902000914968,0.6317315592181718,0.5010257893546732,0.634319409186259
trial_0012_bite_009_transfer,trial_0012_bite_009,trial_0012,transfer,0,B1,77,77,100.0,-3.106762587711467,0.1600304677440656,True,True,True,True,77,1,532,1.5010610383617835,0.010417481076889779,532,0.34979608262351036,1.041748107688977,525,23.256649315755396,84.27871011307691,518,4038.4929178699554,12975.50302341751,0,77,77,0.5808116658377741,0.5864271128615788,0.5034287512506153,0.659518439535361,0.5023609781275646,0.6616423572584484
trial_0012_bite_009_transfer,trial_0012_bite_009,trial_0012,transfer,0,B2,77,77,100.0,-3.106762587711467,0.004163975852544244,True,True,True,True,77,1,532,1.2466861392376578,0.00989219600611868,532,0.29135059722194095,0.9892196006118684,525,23.030484963850338,81.40783261204584,518,3998.6336590620895,12138.352242687191,0,77,77,0.5383115426685084,0.5422207862188135,0.5019406366294538,0.5790331094441843,0.4985859637850918,0.5816379753055327
trial_0012_bite_009_transfer,trial_0012_bite_009,trial_0012,transfer,0,B3,77,77,100.0,-3.106762587711467,0.006047781353157422,True,True,True,True,77,1,532,1.3908068849958577,0.010011351737035268,532,0.326132759879076,1.001135173703526,525,31.679353489084953,110.00322953369039,518,5586.795686478625,17852.173056140015,0,77,77,0.5304073989655613,0.5333129930193004,0.49425329388984396,0.581153577583911,0.4926389211853692,0.5830394660463705
trial_0012_bite_009_transfer,trial_0012_bite_009,trial_0012,transfer,0,StrongLocal,77,77,100.0,-3.106762587711467,0.020817602019581827,True,True,True,True,77,1,532,1.487634946849358,0.012535397575188956,532,0.35468958514239923,1.2535397575188945,525,42.687337379766106,179.66264342300408,518,7685.655775262262,32300.496223404134,0,77,77,0.5251868216490292,0.5283915248880182,0.4956012669514481,0.5667036784264249,0.491965320358426,0.5690689356044567
trial_0012_bite_009_transfer,trial_0012_bite_009,trial_0012,transfer,0,H_star,77,77,100.0,-3.106762587711467,0.015265043364366182,True,True,True,True,77,1,532,1.85785665840805,0.02321543731380471,532,0.46601615403373037,2.3215437313804688,525,67.95351167240959,289.87632048645077,518,12300.347509715119,53435.24824834066,0,77,77,0.5194482741771058,0.5161786622085769,0.4884531002570426,0.5645369647814622,0.4818924897186707,0.568589621891425
trial_0012_bite_009_transfer,trial_0012_bite_009,trial_0012,transfer,0,HumanGT,77,77,100.0,-3.106762587711467,0.0,True,True,True,True,77,1,532,1.3811273213701867,0.00980912750301588,532,0.32831696978569136,0.9809127503015884,525,26.337956066317563,115.01146891125006,518,4633.515578095562,17285.446511653598,0,77,77,0.5610069403745833,0.5602993528908153,0.5032945529379753,0.6196075527968107,0.5006549546721191,0.6233913736263359
trial_0012_bite_009_transfer,trial_0012_bite_009,trial_0012,transfer,1,B0,153,100,65.359477124183,-3.083067075560204,0.0,True,True,True,True,100,1,693,4.664460495432047,0.1309376188861746,693,1.1173360687887615,13.09376188861774,686,67.30854566659806,983.141129687111,679,8254.66562363067,85994.38114040592,0,100,100,0.49698125439866614,0.5231952361610602,0.3484788646528306,0.5423319514282252,0.25198796337107154,0.566259691781964
trial_0012_bite_009_transfer,trial_0012_bite_009,trial_0012,transfer,1,B1,153,100,65.359477124183,-3.083067075560204,0.11304847049728206,True,True,True,True,100,1,693,4.565458116883922,0.0737575228476528,693,0.9358160927602925,7.375752284765437,686,50.290681872941875,561.5402983089547,679,7159.150536914373,49207.37199066834,0,100,100,0.5064018087931806,0.529304511739971,0.35363286690166984,0.5513695642488341,0.25722859399071574,0.566259691781964
trial_0012_bite_009_transfer,trial_0012_bite_009,trial_0012,transfer,1,B2,153,100,65.359477124183,-3.083067075560204,0.05641639794333653,True,True,True,True,100,1,693,5.438872605433501,0.44550499380277464,693,2.607071352442299,44.55049938027842,686,200.67208282580202,3614.3141910436616,679,19304.278519993826,327241.1113032688,0,100,100,0.47829395867816965,0.49958585117702603,0.3311323891403979,0.5467284205560078,0.2249014266007734,0.566259691781964
trial_0012_bite_009_transfer,trial_0012_bite_009,trial_0012,transfer,1,B3,153,100,65.359477124183,-3.083067075560204,0.048354759070568853,True,True,True,True,100,1,693,5.38110623832072,0.36037490713252285,693,2.1923010572651025,36.03749071325305,686,159.57602008317846,2782.8069545191356,679,15992.326120408963,245872.05767701686,0,100,100,0.47368718617929395,0.4899835193369674,0.3322174881241488,0.5437156803922875,0.2301067533702179,0.5702692887914305
trial_0012_bite_009_transfer,trial_0012_bite_009,trial_0012,transfer,1,StrongLocal,153,100,65.359477124183,-3.083067075560204,0.08970446213040217,True,True,True,True,100,1,693,5.986517690177301,0.5174719620891464,693,2.996201097026893,51.74719620891574,686,236.26450269442142,4205.724825752158,679,23903.765531584802,389221.2830336159,0,100,100,0.4682388329413334,0.4817375613519309,0.3266916241105382,0.544315593195542,0.21814421688143693,0.5692798368732459
trial_0012_bite_009_transfer,trial_0012_bite_009,trial_0012,transfer,1,H_star,153,100,65.359477124183,-3.083067075560204,0.08406028306033386,True,True,True,True,100,1,693,6.131989385038295,0.4187264326654181,693,2.532581842578511,41.8726432665427,686,197.63573101179713,3253.4495055690963,679,22511.35337076245,293203.63222862734,0,100,100,0.4654075792913121,0.4802306974973596,0.32857637860177064,0.5415893635796318,0.22423948264573124,0.5724778789559148
trial_0012_bite_009_transfer,trial_0012_bite_009,trial_0012,transfer,1,HumanGT,153,100,65.359477124183,-3.083067075560204,0.0,True,True,True,True,100,1,693,4.73361265928422,0.19469374757509783,693,1.370741944894314,19.4693747575102,686,91.06941399723223,1475.7643214973973,679,10015.942761881577,127996.2911121152,0,100,100,0.4886518507941108,0.5071033747657199,0.3419844755525075,0.5485565915866757,0.24557490249412517,0.566259691781964
trial_0012_bite_009_withdrawal,trial_0012_bite_009,trial_0012,withdrawal,0,B0,138,118,85.5072463768116,-3.0274372597006836,0.0,True,True,True,True,118,1,819,13.272129338725911,0.9627556932719816,819,5.690521616421155,96.27556932719834,812,594.7816415275651,8891.080736052783,805,82207.98726380119,1080745.5681259562,1,118,118,0.5733320417372118,0.6282750137896013,0.25498189635968943,0.8105877502650881,0.012278861614245073,0.8688175516487506
trial_0012_bite_009_withdrawal,trial_0012_bite_009,trial_0012,withdrawal,0,B1,138,118,85.5072463768116,-3.0274372597006836,0.078406295470689,True,True,True,True,118,1,819,12.311968673256603,0.9061418882811978,819,4.905089411088669,90.61418882811995,812,330.87083067387243,6498.6204166621565,805,29144.45910326824,552771.6593407022,0,118,118,0.6037090358559782,0.6888157494965548,0.22340455157091732,0.8312071482332565,0.0832477369581408,0.8745220237043796
trial_0012_bite_009_withdrawal,trial_0012_bite_009,trial_0012,withdrawal,0,B2,138,118,85.5072463768116,-3.0274372597006836,0.0041639758525438,True,True,True,True,118,1,819,12.65156491734426,0.9771198607332909,819,5.252216250233969,97.71198607332927,812,358.13366087582114,7051.926521055766,805,31642.48680241239,603475.3922987088,0,118,118,0.6538464235721919,0.7544740935081348,0.2200927075464404,0.9022896677840657,0.08067248717091147,0.921598539436359
trial_0012_bite_009_withdrawal,trial_0012_bite_009,trial_0012,withdrawal,0,B3,138,118,85.5072463768116,-3.0274372597006836,0.006047781353156978,True,True,True,True,118,1,819,12.94060959453926,0.9687599435606291,819,5.2344507047525966,96.87599435606309,812,357.4744377865028,6957.058790720435,805,32878.13107192456,598482.4133842663,0,118,118,0.6609370113869678,0.7559450451111325,0.2208869908963366,0.9472803658237882,0.08091535165420716,0.9623548404540454
trial_0012_bite_009_withdrawal,trial_0012_bite_009,trial_0012,withdrawal,0,StrongLocal,138,118,85.5072463768116,-3.0274372597006836,0.21599283740621367,True,True,True,True,118,1,819,13.391028507723231,0.882045696964595,819,4.900158965170971,88.20456969645967,812,345.1897506453007,6189.081410784873,805,37877.45516800647,526471.3812373804,0,118,118,0.6984079106048725,0.7608493509881906,0.22516785480575421,1.0069774109747858,0.0837403829720671,1.0147114651064078
trial_0012_bite_009_withdrawal,trial_0012_bite_009,trial_0012,withdrawal,0,H_star,138,118,85.5072463768116,-3.0274372597006836,0.203015366634419,True,True,True,True,118,1,819,13.105285838550785,0.9610489829039954,819,5.220045485031483,96.10489829039973,812,350.98306133906715,6753.758290686294,805,31825.05130105895,561232.4176012024,0,118,118,0.6947320541079881,0.7583593455983807,0.2207376893588962,0.9920640307693044,0.08100777841935702,0.9983273399425929
trial_0012_bite_009_withdrawal,trial_0012_bite_009,trial_0012,withdrawal,0,HumanGT,138,118,85.5072463768116,-3.0274372597006836,0.0,True,True,True,True,118,1,819,13.187977351481532,0.9739964061219863,819,5.753647237549566,97.39964061219882,812,603.5393892502211,9004.659046150276,805,83660.49869133606,1079930.778771358,1,118,118,0.647810287490749,0.6978162586432476,0.25463555035589247,0.9717070764582627,0.012267677765228413,0.98111559427225
trial_0012_bite_010_transfer,trial_0012_bite_010,trial_0012,transfer,0,B0,152,99,65.13157894736842,-3.032912286010602,0.0,True,True,True,True,99,1,686,5.83639912527527,0.19747970289981917,686,1.5608552564225946,19.7479702899819,679,77.88019957983504,1325.815566012387,672,6995.672924213685,104352.224323976,0,99,99,0.5440837979828632,0.5418657698712748,0.4248187932308724,0.6600773228983271,0.2940542822458596,0.670629396410243
trial_0012_bite_010_transfer,trial_0012_bite_010,trial_0012,transfer,0,B1,152,99,65.13157894736842,-3.032912286010602,0.16003046774406515,True,True,True,True,99,1,686,5.650577190717766,0.097622306958276,686,1.2098081905139362,9.762230695827592,679,43.60100573811612,642.6914794614979,672,4936.80469382005,49895.483719765245,0,99,99,0.5616789961465886,0.5586120494414457,0.43545713367636213,0.6875383248247651,0.3052172510020066,0.6984027040717642
trial_0012_bite_010_transfer,trial_0012_bite_010,trial_0012,transfer,0,B2,152,99,65.13157894736842,-3.032912286010602,0.004163975852544244,True,True,True,True,99,1,686,8.883251848061738,1.4132620151744038,686,7.861841973567767,141.32620151744024,679,849.3157559030482,15535.363715204256,672,88825.06209129958,1620251.734901654,1,99,99,0.5023935928969823,0.49812829867552866,0.39869025653781714,0.59242117510656,0.17639410862107852,0.6016956685187216
trial_0012_bite_010_transfer,trial_0012_bite_010,trial_0012,transfer,0,B3,152,99,65.13157894736842,-3.032912286010602,0.006047781353157866,True,True,True,True,99,1,686,6.684384777541753,0.5584056141847942,686,3.2834584206569364,55.84056141847937,679,243.65971651839078,4394.612105858108,672,21984.591846017007,387513.68746485276,0,99,99,0.49503297816160374,0.485348133439623,0.40345817713502197,0.5903280055869168,0.2601435880159144,0.5973782810163304
trial_0012_bite_010_transfer,trial_0012_bite_010,trial_0012,transfer,0,StrongLocal,152,99,65.13157894736842,-3.032912286010602,0.019510061283629643,True,True,True,True,99,1,686,8.961904127079995,1.4091609456902943,686,7.837340911707578,140.9160945690293,679,842.4977744939412,15393.593703190603,672,87817.25402984158,1596283.4832034816,1,99,99,0.4848013406841911,0.48046376304793403,0.3978651065700599,0.5705127416072427,0.17638209873828892,0.5762423265073315
trial_0012_bite_010_transfer,trial_0012_bite_010,trial_0012,transfer,0,H_star,152,99,65.13157894736842,-3.032912286010602,0.013727066368137475,True,True,True,True,99,1,686,9.325578897013603,1.5107566451634258,686,8.369863099984862,151.07566451634244,679,898.8865055922165,16437.122435702542,672,93813.47069285711,1703989.4805547374,1,99,99,0.4812531314973609,0.48153213917101234,0.3941762818389196,0.5652279870251634,0.17733255641314027,0.5715183843629188
trial_0012_bite_010_transfer,trial_0012_bite_010,trial_0012,transfer,0,HumanGT,152,99,65.13157894736842,-3.032912286010602,0.0,True,True,True,True,99,1,686,5.979076245846269,0.25136934959252866,686,1.7950788790542673,25.136934959252844,679,100.96813784614854,1741.543400409663,672,9234.825441245803,143066.28788422063,0,99,99,0.5226738229597944,0.5115332783125839,0.41828605088012305,0.6382579040719562,0.28749336777887535,0.6461969693264455
trial_0012_bite_010_withdrawal,trial_0012_bite_010,trial_0012,withdrawal,0,B0,99,94,94.94949494949495,-2.9673078374794812,0.0,True,True,True,True,94,1,651,10.237837920584303,0.15320696441884696,651,2.360277630640241,15.320696441884703,644,77.3512355666112,1048.8989005824094,637,9302.61406896505,91613.33219654346,0,94,94,0.3125862428044629,0.23653474907946137,0.10343214629794514,0.6062651747967988,0.09771367542617249,0.6270204492989464
trial_0012_bite_010_withdrawal,trial_0012_bite_010,trial_0012,withdrawal,0,B1,99,94,94.94949494949495,-2.9673078374794812,0.07840629547068989,True,True,True,True,94,1,651,10.16255907795008,0.14847330471418418,651,2.3487368720022332,14.847330471418426,644,75.55930351360104,999.9912969446714,637,9173.650993956406,86960.78516079331,0,94,94,0.34855207661228205,0.28898993787327143,0.15378452870287646,0.6122267535513811,0.14759244970059537,0.6357975263772584
trial_0012_bite_010_withdrawal,trial_0012_bite_010,trial_0012,withdrawal,0,B2,99,94,94.94949494949495,-2.9673078374794812,0.004163975852544244,True,True,True,True,94,1,651,35.72866574671773,3.1313232125422106,651,34.10181073891265,313.13232125422076,644,4554.66595019327,31490.221511224838,637,773628.7626687599,6293600.479099562,4,94,94,0.47951155380841254,0.4998522246569739,0.2871038676489559,0.677498052325991,0.164701311906013,0.7082101095166919
trial_0012_bite_010_withdrawal,trial_0012_bite_010,trial_0012,withdrawal,0,B3,99,94,94.94949494949495,-2.9673078374794812,0.006047781353157866,True,True,True,True,94,1,651,49.257534733600636,3.137734034664491,651,42.06076070853829,313.77340346645053,644,6401.740191803805,62730.739093758755,637,1115439.13484877,9415338.61649333,8,94,94,0.4786277821142336,0.49823247991296826,0.2732271766837189,0.6972516778682551,0.16409732326707172,0.7295495487979462
trial_0012_bite_010_withdrawal,trial_0012_bite_010,trial_0012,withdrawal,0,StrongLocal,99,94,94.94949494949495,-2.9673078374794812,0.2126458656024326,True,True,True,True,94,1,651,47.91362348426994,3.138916123306218,651,41.15655351019082,313.8916123306215,644,5936.426264866882,61488.08209189291,637,1037665.9705981617,9236322.361698605,5,94,94,0.4883339034222821,0.4968079270465744,0.29170452040528944,0.725839531237854,0.1655812406469792,0.7520262982310597
trial_0012_bite_010_withdrawal,trial_0012_bite_010,trial_0012,withdrawal,0,H_star,99,94,94.94949494949495,-2.9673078374794812,0.1997679290510126,True,True,True,True,94,1,651,54.98820415985817,3.140756721842512,651,45.14813241921258,314.07567218425095,644,6180.352212488959,31530.431793876505,637,1038461.4777643955,6291959.051051004,8,94,94,0.48628610250423293,0.49626029806218575,0.2904484201472937,0.7067167184540439,0.1647808246197764,0.7413442884684429
trial_0012_bite_010_withdrawal,trial_0012_bite_010,trial_0012,withdrawal,0,HumanGT,99,94,94.94949494949495,-2.9673078374794812,0.0,True,True,True,True,94,1,651,10.696816008869794,0.15058311133683366,651,2.3267995523989025,15.058311133683373,644,76.83184325480163,1009.2815642628318,637,9422.560450930523,82044.16642091027,0,94,94,0.3610343709723225,0.36497114024790234,0.08242758182967788,0.6382215631939162,0.07722601418214303,0.6700445960712074
trial_0012_bite_011_transfer,trial_0012_bite_011,trial_0012,transfer,0,B0,205,130,63.41463414634146,-3.061618379101701,0.0,True,True,True,True,130,1,903,5.559684268656497,0.06802024490815704,903,0.8645717134615993,6.802024490815699,896,31.195926314046634,281.25429967899635,889,5243.182282051251,42444.624806657994,0,130,130,0.5283204798357114,0.5199275226244415,0.3559523089410389,0.6478832116337095,0.27670572070964106,0.6563155728936052
trial_0012_bite_011_transfer,trial_0012_bite_011,trial_0012,transfer,0,B1,205,131,63.90243902439025,-3.061618379101701,0.1600304677440647,True,True,True,True,131,1,910,6.247143474968735,0.3451450580347415,910,1.795465435227015,34.514505803474115,903,150.74738188504458,3152.0127790819724,896,15214.00609006826,305224.56545396807,0,131,131,0.5396693758987572,0.5307728776625267,0.3538235670187171,0.6695262517891462,0.25472225802341253,0.6741818152180732
trial_0012_bite_011_transfer,trial_0012_bite_011,trial_0012,transfer,0,B2,205,130,63.41463414634146,-3.061618379101701,0.004163975852544244,True,True,True,True,130,1,903,9.838352564992155,1.662761949454483,903,7.973432143649833,166.27619494544814,896,860.1782927673341,18148.89971122063,889,86636.68836778749,1820939.2978716244,1,130,130,0.4898752958606646,0.4981767819869257,0.32821961946904205,0.5858122140131768,0.15192546305618926,0.5918258393645519
trial_0012_bite_011_transfer,trial_0012_bite_011,trial_0012,transfer,0,B3,205,130,63.41463414634146,-3.061618379101701,0.006047781353157422,True,True,True,True,130,1,903,6.602678902531531,0.28120280874188697,903,1.8026109542202122,28.120280874188673,896,99.91663613666755,1660.463533648712,889,13923.948915287609,207044.74251765836,0,130,130,0.48613155598045893,0.48824309362889706,0.3322932425330351,0.5891799720012698,0.2385393368815354,0.5962625684465199
trial_0012_bite_011_transfer,trial_0012_bite_011,trial_0012,transfer,0,StrongLocal,205,130,63.41463414634146,-3.061618379101701,0.01700387303544071,True,True,True,True,130,1,903,6.989027123124208,0.36886824539966184,903,2.1692151304015304,36.88682453996615,896,139.30398734667435,2473.471683571126,889,18817.363609824115,297852.10405899305,0,130,130,0.47983467514557876,0.4846941105622127,0.32928442539279873,0.5784398957655088,0.22996514769623388,0.5835344238359268
trial_0012_bite_011_transfer,trial_0012_bite_011,trial_0012,transfer,0,H_star,205,130,63.41463414634146,-3.061618379101701,0.011111739897964323,True,True,True,True,130,1,903,6.7788488512097596,0.2260662841923513,903,1.6176061361231402,22.60662841923511,896,116.59473822390325,1406.0652332950438,889,19244.645096548466,223038.18984326307,0,130,130,0.4776062172343616,0.48035458065466574,0.33331197914731747,0.5773894157461298,0.24460486651458346,0.583484532026247
trial_0012_bite_011_transfer,trial_0012_bite_011,trial_0012,transfer,0,HumanGT,205,130,63.41463414634146,-3.061618379101701,0.0,True,True,True,True,130,1,903,6.204871762602534,0.2097983596790569,903,1.4641917265556166,20.97983596790567,896,62.179335770529335,1013.2125201583001,889,7813.21487582389,105846.08009601607,0,130,130,0.5028133400505517,0.5038751059073895,0.3380932518494108,0.6011512538009252,0.24973434829158414,0.608256275752332
trial_0012_bite_011_withdrawal,trial_0012_bite_011,trial_0012,withdrawal,0,B0,175,175,100.0,-2.961093353561583,0.0,True,True,True,True,175,1,1218,7.464773331783291,0.04856090216297737,1218,1.0269618729458998,4.856090216297733,1211,27.180289427958634,143.0093870846258,1204,4069.3366564655676,21419.831832026266,0,175,175,0.43747753845806553,0.3775637257781792,0.3035421113906893,0.7904803606666716,0.2835302620094957,0.858846626000755
trial_0012_bite_011_withdrawal,trial_0012_bite_011,trial_0012,withdrawal,0,B1,175,175,100.0,-2.961093353561583,0.07840629547068945,True,True,True,True,175,1,1218,7.517775737554258,0.048576757476725525,1218,1.0242899756889439,4.857675747672548,1211,27.457068412706175,142.97255027557827,1204,4111.578268776511,21491.1148574748,0,175,175,0.48412330310770746,0.424695696191681,0.3332371865079563,0.8079328208595404,0.2835302620094957,0.8711689708010573
trial_0012_bite_011_withdrawal,trial_0012_bite_011,trial_0012,withdrawal,0,B2,175,175,100.0,-2.961093353561583,0.004163975852544688,True,True,True,True,175,1,1218,7.550360715006493,0.04870991785107748,1218,1.0157443111200086,4.870991785107743,1211,28.29815783670385,142.4080558223437,1204,4244.61211161935,20656.71155221162,0,175,175,0.5840631487444436,0.5384394633403549,0.33287889395474135,0.9093124482534587,0.2835302620094957,0.9661187563953888
trial_0012_bite_011_withdrawal,trial_0012_bite_011,trial_0012,withdrawal,0,B3,175,175,100.0,-2.961093353561583,0.006047781353157422,True,True,True,True,175,1,1218,7.999217390182196,0.048742715170926765,1218,1.0540279161470671,4.874271517092672,1211,35.53201991750187,178.98407233756242,1204,5599.87656777042,24838.437351994984,0,175,175,0.5850176045097452,0.5273388938435932,0.3329941944633674,0.9385538207778251,0.2835302620094957,1.0035892263842525
trial_0012_bite_011_withdrawal,trial_0012_bite_011,trial_0012,withdrawal,0,StrongLocal,175,175,100.0,-2.961093353561583,0.1788879578168152,True,True,True,True,175,1,1218,8.355795017225386,0.04871193831057852,1218,1.0756939423818255,4.871193831057847,1211,46.809028849474174,317.21702807924004,1204,7762.238814810501,51912.528537624916,0,175,175,0.6191864481514158,0.582712898438519,0.335366466759158,0.9510127645468686,0.2835302620094957,1.0202588005809456
trial_0012_bite_011_withdrawal,trial_0012_bite_011,trial_0012,withdrawal,0,H_star,175,175,100.0,-2.961093353561583,0.16404923101373425,True,True,True,True,175,1,1218,8.563702117524855,0.04880876816183033,1218,1.085157305169462,4.8808768161830285,1211,63.3921165373688,407.73422745421544,1204,10833.220220198798,71252.07688122935,0,175,175,0.589650165853064,0.5034717822216068,0.3342039605883923,0.9557561345568686,0.2835302620094957,1.0020660009942208
trial_0012_bite_011_withdrawal,trial_0012_bite_011,trial_0012,withdrawal,0,HumanGT,175,175,100.0,-2.961093353561583,0.0,True,True,True,True,175,1,1218,7.566324035118381,0.048744291092779335,1218,0.9893797632208512,4.874429109277929,1211,31.717280853318936,168.96314444514874,1204,4992.558810289728,26886.54758197328,0,175,175,0.5950482994065275,0.5424160441117865,0.33144717393619294,0.9126987517463796,0.2835302620094957,0.9459422208370452
trial_0012_bite_012_transfer,trial_0012_bite_012,trial_0012,transfer,0,B0,180,145,80.55555555555556,-3.123794731402387,0.0,True,True,True,True,145,1,1008,6.056087033031782,0.17093335247153396,1008,1.0855742585746802,17.09333524715338,1001,76.46693307045638,1571.906617330347,994,8339.663377326435,155572.3414557573,0,145,145,0.5677246264867359,0.574222502563865,0.3064738284074096,0.7162776342197121,0.17174367109025646,0.7184911626312436
trial_0012_bite_012_transfer,trial_0012_bite_012,trial_0012,transfer,0,B1,180,145,80.55555555555556,-3.123794731402387,0.16003046774406604,True,True,True,True,145,1,1008,6.238059736863579,0.0816588705107466,1008,0.8752125608929451,8.165887051074654,1001,42.14335794714067,626.758067728751,994,5493.266908831486,61402.74937627794,0,145,145,0.5840522394306505,0.5844785695486463,0.3119601626934447,0.7457338737699469,0.17360695506872403,0.7481386187246997
trial_0012_bite_012_transfer,trial_0012_bite_012,trial_0012,transfer,0,B2,180,144,80.0,-3.123794731402387,0.004163975852544244,True,True,True,True,144,1,1001,5.712647986655378,0.10073293521265203,1001,0.9093688381665548,10.073293521265194,994,33.447402025790886,352.51461549415217,987,4597.987740231583,25276.610816237808,0,144,144,0.5436547030382638,0.5579258433938717,0.3009408320620815,0.6653436917291368,0.1932275008838289,0.6679515289741031
trial_0012_bite_012_transfer,trial_0012_bite_012,trial_0012,transfer,0,B3,180,144,80.0,-3.123794731402387,0.006047781353157422,True,True,True,True,144,1,1001,5.829620306063357,0.07685453655913443,1001,0.8661561700930813,7.685453655913436,994,42.241550573395386,421.3218322663475,987,7003.236282311806,40836.89177361496,0,144,144,0.5414187788573668,0.552013836722566,0.3025555394998823,0.6694304439647895,0.19591035247290733,0.6741927444226212
trial_0012_bite_012_transfer,trial_0012_bite_012,trial_0012,transfer,0,StrongLocal,180,144,80.0,-3.123794731402387,0.008102657087265097,True,True,True,True,144,1,1001,6.124632498697664,0.08718332265939122,1001,0.9321619026826676,8.718332265939114,994,58.18787022998975,484.3435314499969,987,9892.139950929573,53255.383128146714,0,144,144,0.5379932072171472,0.5525728835311535,0.3000082467177926,0.6607369526939001,0.19338175506820754,0.6647499298961494
trial_0012_bite_012_transfer,trial_0012_bite_012,trial_0012,transfer,0,H_star,180,144,80.0,-3.123794731402387,0.0021190612260326702,True,True,True,True,144,1,1001,6.323848462080265,0.06904562330496677,1001,0.8949327290861325,6.904562330496671,994,73.33257347743323,478.6166100430869,987,13013.622510148645,64516.78313333341,0,144,144,0.5364173999387732,0.5478861190985899,0.3033712514071718,0.6602196951817704,0.19775085492044298,0.6640777805739428
trial_0012_bite_012_transfer,trial_0012_bite_012,trial_0012,transfer,0,HumanGT,180,145,80.55555555555556,-3.123794731402387,0.0,True,True,True,True,145,1,1008,8.22501618947246,1.0218367595087534,1008,4.645686691151729,102.18367595087526,1001,482.9040702174565,10776.764755205768,994,49605.67459545438,1101702.7795037413,1,145,145,0.5553279793337315,0.5706014930580257,0.29995014922764407,0.6897092293549005,0.10369627938402637,0.6967448986773856
trial_0012_bite_012_withdrawal,trial_0012_bite_012,trial_0012,withdrawal,0,B0,97,97,100.0,-2.994367752655214,0.0,True,True,True,True,97,1,672,9.14921085123078,0.07575647148826638,672,1.9745902226253778,7.575647148826631,665,42.23214334784701,183.63807082669015,658,6375.956662738999,24047.642696213938,0,97,97,0.37184419417898884,0.33361822493917836,0.08558670682253178,0.7720161221691771,0.07975574440416677,0.8282599375171298
trial_0012_bite_012_withdrawal,trial_0012_bite_012,trial_0012,withdrawal,0,B1,97,97,100.0,-2.994367752655214,0.07840629547068989,True,True,True,True,97,1,672,9.235535197511103,0.07925617868455426,672,2.0119554506474113,7.925617868455419,665,42.84450513527529,186.39529054420092,658,6431.775172313503,24085.31318194745,0,97,97,0.37253772253049944,0.3345029150526173,0.08305937490894229,0.7811176998167033,0.07715756924625294,0.8388276425141399
trial_0012_bite_012_withdrawal,trial_0012_bite_012,trial_0012,withdrawal,0,B2,97,97,100.0,-2.994367752655214,0.004163975852544244,True,True,True,True,97,1,672,9.330794062369444,0.08080918281722127,672,2.0444621228286524,8.08091828172212,665,44.559732474469584,195.45837963436307,658,6648.0735499518805,25006.31558845339,0,97,97,0.37010757767215524,0.3322551313460078,0.07716710923418502,0.7911801833436903,0.07128003476448663,0.8487158509780728
trial_0012_bite_012_withdrawal,trial_0012_bite_012,trial_0012,withdrawal,0,B3,97,97,100.0,-2.994367752655214,0.006047781353157866,True,True,True,True,97,1,672,9.744829959750746,0.09014086273676458,672,2.124920999278529,9.01408627367645,665,50.25643404283065,195.00497690808382,658,7651.2980730419185,29305.467163338515,0,97,97,0.3711308705681031,0.33361207237932344,0.07778753491413815,0.7950965601829169,0.07196083074860526,0.8471110997623952
trial_0012_bite_012_withdrawal,trial_0012_bite_012,trial_0012,withdrawal,0,StrongLocal,97,97,100.0,-2.994367752655214,0.20988369908142435,True,True,True,True,97,1,672,10.016555769671038,0.09936102549494663,672,2.2099982577100143,9.936102549494654,665,64.61340041622503,315.52771622987336,658,10610.44819377204,52688.96881589411,0,97,97,0.37099721055687906,0.33646969897491275,0.07525271308366036,0.7970371492307758,0.06952735834303558,0.8458339472211995
trial_0012_bite_012_withdrawal,trial_0012_bite_012,trial_0012,withdrawal,0,H_star,97,97,100.0,-2.994367752655214,0.19664544058425237,True,True,True,True,97,1,672,10.028770406766482,0.09891959425581476,672,2.1861328580771158,9.891959425581467,665,75.09829043310232,485.4630870865242,658,12462.660855316391,84134.73747801046,0,97,97,0.3705100300611827,0.3345984379313194,0.076411845280085,0.7964309090034032,0.07077065540312022,0.8464139895268938
trial_0012_bite_012_withdrawal,trial_0012_bite_012,trial_0012,withdrawal,0,HumanGT,97,97,100.0,-2.994367752655214,0.0,True,True,True,True,97,1,672,10.229269976604833,0.08108161048414077,672,2.125401158286585,8.10816104841407,665,48.117469184076484,205.1503554034047,658,7317.649586830059,28339.41347246544,0,97,97,0.3729439555367336,0.33192874739936284,0.08695180516410898,0.7914292800902147,0.081166759362024,0.8485376344289164
trial_0012_bite_013_transfer,trial_0012_bite_013,trial_0012,transfer,0,B0,204,153,75.0,-2.9625427498874917,0.0,True,True,True,True,153,1,1064,6.076992226642624,0.24763809974724404,1064,1.3105752610294072,24.76380997472438,1057,81.56203689170377,1760.1350405787796,1050,7566.145686450249,140621.4816191649,0,153,153,0.40268392908069595,0.40168464649116764,0.32761977533843983,0.5076351226855559,0.21213691780281252,0.5300995904391463
trial_0012_bite_013_transfer,trial_0012_bite_013,trial_0012,transfer,0,B1,204,154,75.49019607843137,-2.9625427498874917,0.16003046774406604,True,True,True,True,154,1,1071,6.767254443695427,0.39253760724652986,1071,1.946911169876875,39.25376072465295,1064,118.68304248247227,2507.484958386454,1057,8543.929143831903,156048.02823360628,0,154,154,0.42153111692790696,0.4154758869244197,0.3346280079557991,0.5326698893274534,0.20089212109227184,0.5546974640987419
trial_0012_bite_013_transfer,trial_0012_bite_013,trial_0012,transfer,0,B2,204,152,74.50980392156863,-2.9625427498874917,0.0041639758525438,True,True,True,True,152,1,1057,5.778409540189193,0.16087760041307453,1057,1.083528671270934,16.087760041307437,1050,46.630993492693285,859.9513778382643,1043,5715.450493805825,84134.26949929722,0,152,152,0.3551370468970831,0.3555649022107681,0.28366056254331273,0.43535342655216125,0.19022121163118388,0.4544470823778963
trial_0012_bite_013_transfer,trial_0012_bite_013,trial_0012,transfer,0,B3,204,152,74.50980392156863,-2.9625427498874917,0.006047781353156978,True,True,True,True,152,1,1057,5.8180455572431695,0.14296372978355598,1057,1.0147684855256753,14.296372978355585,1050,48.57495613847594,729.1004140234634,1043,7001.18822232574,68087.33552041792,0,152,152,0.35345390402324406,0.3528714333540419,0.2857723424119056,0.4386776691165443,0.1972457387053108,0.4589465155296526
trial_0012_bite_013_transfer,trial_0012_bite_013,trial_0012,transfer,0,StrongLocal,204,152,74.50980392156863,-2.9625427498874917,0.0003565475812319363,True,True,True,True,152,1,1057,6.069791555325068,0.14268962027569154,1057,1.052067438987605,14.268962027569142,1050,54.754379878249836,608.7693689064912,1043,8708.087791598757,48829.82102827393,0,152,152,0.3488235482154502,0.3471846686195741,0.2807466881287263,0.43086814940126966,0.1921446465715686,0.45035204053300926
trial_0012_bite_013_transfer,trial_0012_bite_013,trial_0012,transfer,0,H_star,204,152,74.50980392156863,-2.9625427498874917,0.006082220097185065,True,True,True,True,152,1,1057,6.389480485964091,0.13922514989036516,1057,1.0544784061593537,13.922514989036504,1050,68.90569464801769,654.4116413401433,1043,11642.994045762636,67180.6133412819,0,152,152,0.34471584131835975,0.3425998807226046,0.27339440417203836,0.42688115966840634,0.19404309650230456,0.4467884568808156
trial_0012_bite_013_transfer,trial_0012_bite_013,trial_0012,transfer,0,HumanGT,204,153,75.0,-2.9625427498874917,0.0,True,True,True,True,153,1,1064,6.624677708340661,0.4326294925733465,1064,2.061779970203326,43.26294925733461,1057,147.0595319631126,3273.9072220033477,1050,13201.476959328062,272628.6518938362,0,153,153,0.37833339398724547,0.388295001982226,0.3048029853037207,0.4720960069479254,0.1817784148962165,0.4971376764665638
trial_0012_bite_013_withdrawal,trial_0012_bite_013,trial_0012,withdrawal,0,B0,120,120,100.0,-2.798887067610996,0.0,True,True,True,True,120,1,833,7.785612802744767,0.045551403355817754,833,1.2308642688694706,4.555140335581771,826,31.761467195385443,211.52408657073443,819,5002.460123805613,37320.44764464361,0,120,120,0.44104224807209197,0.4013720024582592,0.05984523183436243,0.8691797737133174,0.027974469641785404,0.9151754633604985
trial_0012_bite_013_withdrawal,trial_0012_bite_013,trial_0012,withdrawal,0,B1,120,120,100.0,-2.798887067610996,0.078406295470689,True,True,True,True,120,1,833,7.706867594897786,0.04557998997261059,833,1.2282704846286876,4.557998997261055,826,32.1121122483093,215.18874044809445,819,5052.362613851667,37840.59853194702,0,120,120,0.4699675160793484,0.4362852766333063,0.13454717143871647,0.8774343238395136,0.10078198229667024,0.9305613204368015
trial_0012_bite_013_withdrawal,trial_0012_bite_013,trial_0012,withdrawal,0,B2,120,120,100.0,-2.798887067610996,0.004163975852544244,True,True,True,True,120,1,833,7.380469694296622,0.045659561159040685,833,1.20220866162223,4.565956115904064,826,33.095521718879596,200.68702333850933,819,5207.617495295195,34683.27134961703,0,120,120,0.5186764649356778,0.45647834447437985,0.26640335826273326,0.8894195726417468,0.23611897569842188,0.9395278092511825
trial_0012_bite_013_withdrawal,trial_0012_bite_013,trial_0012,withdrawal,0,B3,120,120,100.0,-2.798887067610996,0.006047781353156978,True,True,True,True,120,1,833,7.545867266394509,0.04565555722929826,833,1.2221099574892746,4.565555722929822,826,39.42017587160799,268.8696569600086,819,6464.551130411718,41878.757108344,0,120,120,0.5171932824468499,0.4563881254174933,0.2651775587780594,0.8909018914401708,0.23611897569842188,0.9442378720816009
trial_0012_bite_013_withdrawal,trial_0012_bite_013,trial_0012,withdrawal,0,StrongLocal,120,120,100.0,-2.798887067610996,0.19236408836944463,True,True,True,True,120,1,833,7.7856058676752316,0.04559457851714743,833,1.2635578030027876,4.559457851714739,826,61.0171796566319,632.4736100357194,819,10472.864561754132,92372.56492216862,0,120,120,0.5272496461588114,0.45565849445392725,0.26711460752878197,0.8908349064653616,0.23611897569842188,0.9498200281955711
trial_0012_bite_013_withdrawal,trial_0012_bite_013,trial_0012,withdrawal,0,H_star,120,120,100.0,-2.798887067610996,0.17902666412129653,True,True,True,True,120,1,833,7.954244092676538,0.045523105689111006,833,1.2801740860080604,4.552310568911096,826,66.84630740015969,587.6319394207512,819,11404.29813741872,81049.779263968,0,120,120,0.5234083365974456,0.4558615510998836,0.2656355904080973,0.8908115357892171,0.23611897569842188,0.9535585383543079
trial_0012_bite_013_withdrawal,trial_0012_bite_013,trial_0012,withdrawal,0,HumanGT,120,120,100.0,-2.798887067610996,0.0,True,True,True,True,120,1,833,7.221918954440496,0.04553208685677301,833,1.184245396293233,4.553208685677297,826,37.07524440149536,209.7547816195898,819,6048.486124561417,37312.11174469731,0,120,120,0.5086341210446189,0.44992538569060736,0.2651353088116689,0.8775363632069377,0.23611897569842188,0.9237780160327054
trial_0012_bite_014_transfer,trial_0012_bite_014,trial_0012,transfer,0,B0,176,85,48.29545454545455,-2.9032561434941657,0.0,True,True,True,True,85,1,588,4.925670964060629,0.39210662063625357,588,2.6490251513157266,39.21066206362532,581,151.96031731196555,2404.6039842891,574,11043.814747026116,155754.43724778207,0,85,85,0.291759825162441,0.30844870672930225,0.16603889661924515,0.38742111693633136,0.16444394456990863,0.3908127754753963
trial_0012_bite_014_transfer,trial_0012_bite_014,trial_0012,transfer,0,B1,176,85,48.29545454545455,-2.9032561434941657,0.1600304677440656,True,True,True,True,85,1,588,4.5837076531113965,0.26665614043521346,588,1.9525329721197404,26.665614043521323,581,97.74697463630667,1451.847424189829,574,7338.019710432393,78517.60505291502,0,85,85,0.30525853242162787,0.32800508693936203,0.1666594593667921,0.40767787490130125,0.16517529214265947,0.4111578991273621
trial_0012_bite_014_transfer,trial_0012_bite_014,trial_0012,transfer,0,B2,176,85,48.29545454545455,-2.9032561434941657,0.004163975852544244,True,True,True,True,85,1,588,9.069451795269375,2.09275249275794,588,12.430042987608116,209.27524927579384,581,1363.3282692621437,23069.103947071053,574,144708.5286255845,2434268.186965502,1,85,85,0.2687347690749801,0.2827912070586578,0.16449596680713047,0.35217315751658024,0.1635487553500825,0.3554255473546646
trial_0012_bite_014_transfer,trial_0012_bite_014,trial_0012,transfer,0,B3,176,85,48.29545454545455,-2.9032561434941657,0.006047781353157422,True,True,True,True,85,1,588,9.004956193572658,2.052178774628841,588,12.19926611225124,205.21787746288393,581,1341.4680985320476,22684.35569837291,574,143077.17906173423,2404600.421884866,1,85,85,0.2646455920966474,0.27997623409227557,0.16072346654929767,0.3509367052140849,0.1600621676281433,0.35410079413823947
trial_0012_bite_014_transfer,trial_0012_bite_014,trial_0012,transfer,0,StrongLocal,176,84,47.72727272727273,-2.9032561434941657,0.05351146442947474,True,True,True,True,84,1,581,4.254756148807402,0.22917610896849383,581,1.7444111947923018,22.917610896849364,574,97.15364825292448,1461.8849687217955,567,11135.455308032944,141435.37536044844,0,84,84,0.25880806132545453,0.2727861005533374,0.15989098366650292,0.34089834365142824,0.15945168251678443,0.34433219015490235
trial_0012_bite_014_transfer,trial_0012_bite_014,trial_0012,transfer,0,H_star,176,84,47.72727272727273,-2.9032561434941657,0.04767257894556476,True,True,True,True,84,1,581,4.5376098319079246,0.2635971306779865,581,1.9443255063999743,26.359713067798626,574,120.01704057491048,1768.1314962671872,567,14258.757764740327,173348.57385808154,0,84,84,0.256123327021265,0.2682260988251711,0.16461504839974117,0.33431697384913744,0.16058455772996694,0.3380889959923812
trial_0012_bite_014_transfer,trial_0012_bite_014,trial_0012,transfer,0,HumanGT,176,84,47.72727272727273,-2.9032561434941657,0.0,True,True,True,True,84,1,581,4.6719195427792,0.3719771147922395,581,2.5613776207604033,37.19771147922392,574,154.71642171353383,2543.102465185852,567,14598.341199698107,233599.83018889368,0,84,84,0.23765459265541247,0.24676361365458588,0.16289852962010581,0.29965164233578384,0.16150283622140926,0.30250455644951524
trial_0012_bite_014_withdrawal,trial_0012_bite_014,trial_0012,withdrawal,0,B0,120,120,100.0,-2.57304154792386,0.0,True,True,True,True,120,1,833,5.973658774651009,0.027628040166307603,833,0.9202862241610765,2.7628040166307577,826,30.258745579025227,109.7074573372787,819,4982.911466739129,19819.376955633797,0,120,120,0.45155469919655095,0.42075333756193034,0.22111367342368426,0.7190858527368916,0.19892511736338037,0.751185372168429
trial_0012_bite_014_withdrawal,trial_0012_bite_014,trial_0012,withdrawal,0,B1,120,120,100.0,-2.57304154792386,0.07840629547068945,True,True,True,True,120,1,833,5.92581172143006,0.027628961841895006,833,0.9188770491592815,2.762896184189498,826,30.720765472305843,119.77751384745319,819,5058.70799515022,21373.902601327416,0,120,120,0.49989995379783825,0.4858819651642454,0.22280379420232554,0.7666950754439599,0.19892511736338037,0.7944901637370956
trial_0012_bite_014_withdrawal,trial_0012_bite_014,trial_0012,withdrawal,0,B2,120,120,100.0,-2.57304154792386,0.004163975852544244,True,True,True,True,120,1,833,5.664329249409711,0.027644714620744363,833,0.8928271835040138,2.7644714620744337,826,30.90312510723227,128.01110763314492,819,5095.649413691497,23000.8858017498,0,120,120,0.5249351948494464,0.5578591418824868,0.2205067256787958,0.7696042352553228,0.19892511736338037,0.7982108220376896
trial_0012_bite_014_withdrawal,trial_0012_bite_014,trial_0012,withdrawal,0,B3,120,120,100.0,-2.57304154792386,0.006047781353157422,True,True,True,True,120,1,833,5.838593681277913,0.027677237652403267,833,0.9092547139014765,2.767723765240324,826,40.41778000279242,125.13271529548744,819,7041.349858649066,23968.973285822747,0,120,120,0.526478375514238,0.5530315480545638,0.21894454999969248,0.7742612435873525,0.19892511736338037,0.8034361547779403
trial_0012_bite_014_withdrawal,trial_0012_bite_014,trial_0012,withdrawal,0,StrongLocal,120,120,100.0,-2.57304154792386,0.20990903354201196,True,True,True,True,120,1,833,6.38922659125715,0.027917565400227717,833,0.9785072533364512,2.791756540022769,826,75.39643663376172,323.79655377873627,819,13708.368266387772,51364.3971462506,0,120,120,0.569291467889969,0.6297817896327391,0.22023227248211735,0.814714444861716,0.19892511736338037,0.8408798252025651
trial_0012_bite_014_withdrawal,trial_0012_bite_014,trial_0012,withdrawal,0,H_star,120,120,100.0,-2.57304154792386,0.1974707509882352,True,True,True,True,120,1,833,6.636520829966581,0.027677011962982334,833,1.0088284861375383,2.7677011962982307,826,86.37358617620983,386.88665425575516,819,15848.011294686203,62994.02559838302,0,120,120,0.560359048067406,0.6128436157798611,0.21929438189047973,0.8149871903759226,0.19892511736338037,0.8400863243614634
trial_0012_bite_014_withdrawal,trial_0012_bite_014,trial_0012,withdrawal,0,HumanGT,120,120,100.0,-2.57304154792386,0.0,True,True,True,True,120,1,833,5.851651499661629,0.02765925993686391,833,0.9174396962660711,2.7659259936863885,826,36.99969322145068,143.45097468569227,819,6259.455921895879,26330.909888338698,0,120,120,0.5788040903775075,0.6635125708200613,0.218708587556575,0.8337071610974134,0.19892511736338037,0.8642910502566883
trial_0012_bite_015_transfer,trial_0012_bite_015,trial_0012,transfer,0,B0,151,132,87.41721854304636,-3.0217592616390863,0.0,True,True,True,True,132,1,917,6.78998476996207,0.19182827236798006,917,1.3406026474588952,19.182827236797987,910,81.4551096769735,1369.1514465903817,903,11489.681087247736,163074.514809727,0,132,132,0.5658609837295213,0.5812299691345174,0.2763982240482989,0.7687458548682673,0.17131115896839333,0.7837555005005838
trial_0012_bite_015_transfer,trial_0012_bite_015,trial_0012,transfer,0,B1,151,132,87.41721854304636,-3.0217592616390863,0.16003046774406515,True,True,True,True,132,1,917,6.361275728915921,0.07081140894894711,917,0.9471150617894284,7.0811408948947046,910,52.11047293270183,658.3648617703385,903,8686.88070986409,129754.3563908775,0,132,132,0.5851157079372095,0.594170694900574,0.29064264642110527,0.7973768250354315,0.1886172849721719,0.8163471409727612
trial_0012_bite_015_transfer,trial_0012_bite_015,trial_0012,transfer,0,B2,151,131,86.75496688741721,-3.0217592616390863,0.004163975852544244,True,True,True,True,131,1,910,6.718782112734333,0.1708417012091077,910,1.4358915973118478,17.084170120910752,903,63.031431845122796,848.4811392261608,896,9691.204591136691,108589.10888984927,0,131,131,0.5320722047081079,0.5456800411711717,0.2618084269483072,0.7045136025637454,0.15893890758153084,0.7141531061568269
trial_0012_bite_015_transfer,trial_0012_bite_015,trial_0012,transfer,0,B3,151,132,87.41721854304636,-3.0217592616390863,0.006047781353157866,True,True,True,True,132,1,917,10.787627136349588,1.6707096298640398,917,7.928686896004101,167.07096298640383,910,848.2492340045302,18021.261842577664,903,85574.12061699317,1794629.9149574384,1,132,132,0.5278043775683454,0.544993466555216,0.2565816558644069,0.7035919484871267,0.06683768511275723,0.7154844509650937
trial_0012_bite_015_transfer,trial_0012_bite_015,trial_0012,transfer,0,StrongLocal,151,132,87.41721854304636,-3.0217592616390863,0.013832268731114539,True,True,True,True,132,1,917,11.0314689228629,1.536308942295863,917,7.34502022507218,153.63089422958615,910,797.3891289910316,16691.41738881919,903,84026.34694311707,1683886.5019281965,1,132,132,0.5289788516518033,0.5446574166341462,0.2592215246611906,0.6973083160144931,0.06590713612791355,0.7110089383476677
trial_0012_bite_015_transfer,trial_0012_bite_015,trial_0012,transfer,0,H_star,151,132,87.41721854304636,-3.0217592616390863,0.007902325086780237,True,True,True,True,132,1,917,11.412935634173113,1.5030430454781938,917,7.219847181703257,150.30430454781924,910,789.0523770344566,16321.848309214383,903,85132.12733285443,1646305.5783590833,1,132,132,0.5279802245864442,0.5452042661756534,0.2588217874520767,0.7042727872411126,0.06575641358304729,0.7186783755403678
trial_0012_bite_015_transfer,trial_0012_bite_015,trial_0012,transfer,0,HumanGT,151,131,86.75496688741721,-3.0217592616390863,0.0,True,True,True,True,131,1,910,12.440781292772174,2.4904030910942248,910,11.904987643735774,249.04030910942225,903,1379.9598438596777,29185.06316374048,896,151842.67418557993,3202501.246970085,1,131,131,0.4784074789684038,0.49916664304632774,0.22774005721384283,0.6126925219877087,0.0599258140181993,0.6375860041673798
trial_0012_bite_015_withdrawal,trial_0012_bite_015,trial_0012,withdrawal,0,B0,115,115,100.0,-2.6983510868098697,0.0,True,True,True,True,115,1,798,7.018120875178177,0.03026004104981883,798,1.1160237568437492,3.0260041049818804,791,27.428715270574234,111.68777688182344,784,4553.003744266571,17568.333095576658,0,115,115,0.5777247505296788,0.5710944118663228,0.25214779592606573,0.8900670853641186,0.23159199028342492,0.9338595151452123
trial_0012_bite_015_withdrawal,trial_0012_bite_015,trial_0012,withdrawal,0,B1,115,115,100.0,-2.6983510868098697,0.07840629547068945,True,True,True,True,115,1,798,7.046081162817728,0.03211878744490271,798,1.1199111384787155,3.211878744490268,791,28.125574090642722,113.63188171883179,784,4668.256851030639,18086.319025200253,0,115,115,0.6082698066901661,0.6290134653238484,0.25369690640235004,0.9091168300076423,0.23159199028342492,0.9501839061633013
trial_0012_bite_015_withdrawal,trial_0012_bite_015,trial_0012,withdrawal,0,B2,115,115,100.0,-2.6983510868098697,0.004163975852544244,True,True,True,True,115,1,798,6.619973712662625,0.031730810524416064,798,1.0691242461914212,3.1730810524416038,791,27.523952606356566,107.99189857129115,784,4565.70587103804,16713.986899857544,0,115,115,0.6015934188866575,0.6218603916641348,0.2521225180893164,0.8938293209237397,0.23159199028342492,0.9334998048428562
trial_0012_bite_015_withdrawal,trial_0012_bite_015,trial_0012,withdrawal,0,B3,115,115,100.0,-2.6983510868098697,0.006047781353157422,True,True,True,True,115,1,798,6.654305813933677,0.032831264057128884,798,1.074897963000505,3.2831264057128853,791,37.8441792391569,158.0439391876223,784,6573.99079293431,28313.082285558106,0,115,115,0.606682984013177,0.6416438034764127,0.25067915497841636,0.8937783322187972,0.23159199028342492,0.934687026770292
trial_0012_bite_015_withdrawal,trial_0012_bite_015,trial_0012,withdrawal,0,StrongLocal,115,115,100.0,-2.6983510868098697,0.18925927569391376,True,True,True,True,115,1,798,6.727824492902249,0.03570004875001764,798,1.0932511777144722,3.5700048750017612,791,58.744319059706086,286.5157958587078,784,10654.931309223759,52744.02036801837,0,115,115,0.6253403409895086,0.6966500927055836,0.25305062257900335,0.9011800112908345,0.23159199028342492,0.950513301050742
trial_0012_bite_015_withdrawal,trial_0012_bite_015,trial_0012,withdrawal,0,H_star,115,115,100.0,-2.6983510868098697,0.17517163815979542,True,True,True,True,115,1,798,7.028440093825688,0.03463020050864296,798,1.1296933829812374,3.463020050864293,791,74.2920271718951,347.3098490346555,784,13546.607259957362,69443.5539905241,0,115,115,0.6170778571533615,0.676238583756386,0.25186634291619325,0.900075560954652,0.23159199028342492,0.9482223415242474
trial_0012_bite_015_withdrawal,trial_0012_bite_015,trial_0012,withdrawal,0,HumanGT,115,115,100.0,-2.6983510868098697,0.0,True,True,True,True,115,1,798,6.253582305465194,0.030436192162841103,798,1.0239612373803735,3.0436192162841076,791,32.34555789651056,112.00653205413839,784,5409.407494859508,17631.873277539296,0,115,115,0.6131060155599929,0.6795950557063675,0.2514406230840912,0.8863886391409062,0.23159199028342492,0.9306524398515652
trial_0013_bite_001_transfer,trial_0013_bite_001,trial_0013,transfer,0,B0,124,93,75.0,-2.680369339441312,0.0,True,True,True,True,93,1,644,10.099361365341743,2.384050087028924,644,13.4313918614202,238.40500870289216,637,1410.1109356333113,25080.075592323068,630,141838.22522355756,2508388.157148753,1,93,93,0.4423948920218706,0.4432740887700586,0.3810605890441758,0.504706101540261,0.2727207189209535,0.5072751174255177
trial_0013_bite_001_transfer,trial_0013_bite_001,trial_0013,transfer,0,B1,124,94,75.80645161290323,-2.680369339441312,0.15395785437635912,True,True,True,True,94,1,651,10.02268839775358,2.2905960123115383,651,12.876464496068502,229.05960123115364,644,1419.0807566370936,25307.17832262316,637,152552.92225357212,2702986.9980941676,1,94,94,0.4575060319604911,0.45808361840627454,0.38938352615930927,0.527242929312154,0.2769506483596995,0.5325594120875048
trial_0013_bite_001_transfer,trial_0013_bite_001,trial_0013,transfer,0,B2,124,91,73.38709677419355,-2.680369339441312,0.0030708307575588734,True,True,True,True,91,1,630,10.215595247221572,2.4246051517420186,630,13.856006445895277,242.46051517420165,623,1478.984693501619,25959.23597685856,616,149455.39200685304,2609312.9553491473,1,91,91,0.40920447841548646,0.412965324297655,0.36466562199396746,0.4545141096216152,0.2616874907860991,0.4562987579657318
trial_0013_bite_001_transfer,trial_0013_bite_001,trial_0013,transfer,0,B3,124,91,73.38709677419355,-2.680369339441312,0.005239029409299878,True,True,True,True,91,1,630,10.236534351073105,2.3936469226697104,630,13.680904644040966,239.36469226697082,623,1457.162200386659,25564.126774873483,616,147064.6779787217,2564104.509462075,1,91,91,0.40525290534999836,0.40716291284566863,0.36080168184598127,0.45539111630618734,0.26161281271090076,0.4563900877425582
trial_0013_bite_001_transfer,trial_0013_bite_001,trial_0013,transfer,0,StrongLocal,124,92,74.19354838709677,-2.680369339441312,0.02237264721084653,True,True,True,True,92,1,637,10.190129515827284,2.261786678505834,637,12.890594753145868,226.1786678505832,630,1814.6547899466257,24001.832409589944,623,291501.6090445956,4512025.777879843,1,92,92,0.41189147702648354,0.4154962984166728,0.36282192378711126,0.46423897556124494,0.2613989573513278,0.46538292401664205
trial_0013_bite_001_transfer,trial_0013_bite_001,trial_0013,transfer,0,H_star,124,91,73.38709677419355,-2.680369339441312,0.015784205846674393,True,True,True,True,91,1,630,10.300632178492952,2.4273525439491572,630,13.870422825958086,242.7352543949155,623,1479.185669472911,25956.8210709297,616,149499.19361723735,2608155.460517792,1,91,91,0.4066316249139108,0.40914445982985415,0.36388332461159356,0.44926594505809836,0.2616881457990816,0.45150562350229184
trial_0013_bite_001_transfer,trial_0013_bite_001,trial_0013,transfer,0,HumanGT,124,90,72.58064516129032,-2.680369339441312,0.0,True,True,True,True,90,1,623,9.837874983345294,2.270133580667235,623,13.076683395105901,227.0133580667233,616,1411.2821647428893,24557.300970349323,609,146720.08595750137,2539924.982803427,1,90,90,0.39948554715159174,0.4037921932015681,0.3597985220536838,0.43485496736019813,0.257403926236484,0.43720909499325966
trial_0013_bite_001_withdrawal,trial_0013_bite_001,trial_0013,withdrawal,0,B0,85,85,100.0,-2.453244061303388,0.0,True,True,True,True,85,1,588,5.428612554319868,0.040134427981565864,588,1.1750907758572429,4.013442798156583,581,49.45883249556533,455.0452403198683,574,7669.482524817289,88473.25087164283,0,85,85,0.389520507899691,0.4145277662103819,0.18850317854197735,0.6306623030462891,0.1770645077548565,0.6591181875717815
trial_0013_bite_001_withdrawal,trial_0013_bite_001,trial_0013,withdrawal,0,B1,85,85,100.0,-2.453244061303388,0.07918119717500982,True,True,True,True,85,1,588,5.448855658242117,0.03953383197385296,588,1.1704542437574061,3.9533831973852926,581,50.057433829392636,460.28729404367664,574,7760.191231170431,89252.2766364434,0,85,85,0.42946204554735085,0.42985934816546667,0.26056664475419444,0.655031265874388,0.24485773732084404,0.6826953822210289
trial_0013_bite_001_withdrawal,trial_0013_bite_001,trial_0013,withdrawal,0,B2,85,85,100.0,-2.453244061303388,0.0030708307575588734,True,True,True,True,85,1,588,5.428641740519819,0.03534857935240776,588,1.1619004036806682,3.534857935240773,581,49.0636982932927,385.79845863552833,574,7511.614348490109,74020.16557238846,0,85,85,0.44511112291867105,0.4356011228785812,0.27611141088932883,0.6537033099299239,0.2602973422623638,0.6816694378243646
trial_0013_bite_001_withdrawal,trial_0013_bite_001,trial_0013,withdrawal,0,B3,85,85,100.0,-2.453244061303388,0.005239029409299878,True,True,True,True,85,1,588,5.6696028147655335,0.05062687831713664,588,1.215771190180023,5.062687831713659,581,73.01382001289831,785.7726682828122,574,12369.808865225605,134617.88697629338,0,85,85,0.44999440552471465,0.44177227490541426,0.2750237314807027,0.6572299230465276,0.24809372040440714,0.6856298995118362
trial_0013_bite_001_withdrawal,trial_0013_bite_001,trial_0013,withdrawal,0,StrongLocal,85,85,100.0,-2.453244061303388,0.004431170514331395,True,True,True,True,85,1,588,5.541103390241126,0.03539020589140307,588,1.1788746006810777,3.539020589140304,581,53.024663845061426,330.0312808291278,574,8253.789578519609,60805.84962226572,0,85,85,0.4609460528935097,0.44446926359763594,0.2944285476273654,0.6648845665203661,0.27136266645227636,0.6930150464777824
trial_0013_bite_001_withdrawal,trial_0013_bite_001,trial_0013,withdrawal,0,H_star,85,85,100.0,-2.453244061303388,0.006879319254574412,True,True,True,True,85,1,588,5.630082259758915,0.03791726689442543,588,1.195285760088487,3.791726689442539,581,72.70734319144876,695.5824098790351,574,12381.57116004975,113759.39522779612,0,85,85,0.46176223427715724,0.4407364336646653,0.31092523309211445,0.6535556788926835,0.28282871594198244,0.6857346733186667
trial_0013_bite_001_withdrawal,trial_0013_bite_001,trial_0013,withdrawal,0,HumanGT,85,85,100.0,-2.453244061303388,0.0,True,True,True,True,85,1,588,6.097142304330665,0.041825193815196116,588,1.2555720085083673,4.182519381519608,581,57.24679979276924,469.687858803071,574,8870.681970611315,88298.69523246247,0,85,85,0.6390894353541898,0.6262986002295765,0.44123280735424436,0.7998282718729998,0.41197748646967103,0.8096962802453955
trial_0013_bite_002_transfer,trial_0013_bite_002,trial_0013,transfer,0,B0,131,97,74.04580152671755,-2.8049076105926884,0.0,True,True,True,True,97,2,665,10.189590379479503,1.386965143629082,665,7.8864871589583005,138.69651436290806,651,1101.4930205706005,14708.980386209983,637,194030.41182234493,2822818.374878244,2,97,97,0.4242370970495926,0.4336629176103155,0.2774326247596921,0.5410169716618527,0.24968655951503393,0.543353332723628
trial_0013_bite_002_transfer,trial_0013_bite_002,trial_0013,transfer,0,B1,131,100,76.33587786259542,-2.8049076105926884,0.15395785437635912,True,True,True,True,100,2,686,14.050264145958437,1.9266484656471852,686,12.105414034080281,192.66484656471835,672,1392.0510735018393,20535.917549775986,658,183409.3474661759,2094698.9462119392,3,100,100,0.432468067826449,0.44423364341192684,0.2622075004217487,0.5616333348001883,0.23545814441593738,0.5645647645032963
trial_0013_bite_002_transfer,trial_0013_bite_002,trial_0013,transfer,0,B2,131,92,70.22900763358778,-2.8049076105926884,0.0030708307575593174,True,True,True,True,92,2,630,13.214537854250585,2.1363560952747283,630,13.404538543103879,213.63560952747264,616,1528.1566136989084,22455.275774332767,602,184185.56343916862,2243891.1465544,1,92,92,0.402047751646559,0.4084446683363392,0.2985029666971647,0.4989536725064316,0.24938077273583126,0.5016219258812098
trial_0013_bite_002_transfer,trial_0013_bite_002,trial_0013,transfer,0,B3,131,92,70.22900763358778,-2.8049076105926884,0.005239029409299434,True,True,True,True,92,2,630,13.226781883947083,2.084034545744955,630,13.188274886027033,208.4034545744953,616,1513.478113529035,21976.68138136896,602,185169.15307917047,2213923.3591666087,1,92,92,0.39908297906791207,0.40611247808066087,0.29905032833488565,0.5016344941386367,0.24937767229916297,0.5050321012985266
trial_0013_bite_002_transfer,trial_0013_bite_002,trial_0013,transfer,0,StrongLocal,131,94,71.7557251908397,-2.8049076105926884,0.011067914422150604,True,True,True,True,94,2,644,14.951759150908941,2.551616834896483,644,15.664958122310424,255.16168348964808,630,1820.542553830245,28050.751693923437,616,230359.13595724577,2956736.6232477734,1,94,94,0.40311563223033653,0.40740008668098726,0.3009191265451439,0.5074850862652266,0.2493976534881135,0.5104845159271707
trial_0013_bite_002_transfer,trial_0013_bite_002,trial_0013,transfer,0,H_star,131,94,71.7557251908397,-2.8049076105926884,0.005204192756235404,True,True,True,True,94,2,644,9.642211720982475,1.1008743613922163,644,6.64766979455145,110.08743613922152,630,909.8954573827597,12245.143068425448,616,158933.41916376192,2272490.5116229616,0,94,94,0.3975078248938546,0.40180497658815484,0.29678835113440977,0.4956745290894982,0.24941437618078321,0.49858503804599885
trial_0013_bite_002_transfer,trial_0013_bite_002,trial_0013,transfer,0,HumanGT,131,90,68.70229007633588,-2.8049076105926884,0.0,True,True,True,True,90,2,616,8.215066563452224,0.901669555704996,616,5.532572680502539,90.16695557049951,602,690.9484913193968,9661.255158446838,588,105133.3384743505,1694673.1100668537,0,90,90,0.3921985249083829,0.3997187004516536,0.29654236378698684,0.4738685239432376,0.24563988908987167,0.476462711695504
trial_0013_bite_002_withdrawal,trial_0013_bite_002,trial_0013,withdrawal,0,B0,116,116,100.0,-2.570762205606196,0.0,True,True,True,True,116,1,805,6.716073899584991,0.044450996236434115,805,1.2579441856653057,4.445099623643408,798,37.15649707668188,198.51997622524618,791,5795.819811749424,31128.98397646489,0,116,116,0.5197709429741064,0.5227899478589075,0.16882077705929532,0.8560298375032485,0.1584698614251554,0.9203799356967775
trial_0013_bite_002_withdrawal,trial_0013_bite_002,trial_0013,withdrawal,0,B1,116,116,100.0,-2.570762205606196,0.07918119717500982,True,True,True,True,116,1,805,6.828540144774477,0.047089042230770595,805,1.2709772531276118,4.708904223077055,798,37.90073754270089,211.59702547376165,791,5935.138958335657,32507.94708025972,0,116,116,0.5382928343781903,0.52686558273271,0.21435547892244777,0.8801494044673249,0.2035853254116926,0.9528278097000884
trial_0013_bite_002_withdrawal,trial_0013_bite_002,trial_0013,withdrawal,0,B2,116,116,100.0,-2.570762205606196,0.0030708307575588734,True,True,True,True,116,1,805,6.547492029074798,0.044408368012997634,805,1.2160076686567423,4.44083680129976,798,37.402481539320085,199.9786878057682,791,5891.115928848514,30221.430790123028,0,116,116,0.5493806868586408,0.521175343919209,0.30280496177824445,0.8507449815612298,0.29163585887190546,0.9192638986591546
trial_0013_bite_002_withdrawal,trial_0013_bite_002,trial_0013,withdrawal,0,B3,116,116,100.0,-2.570762205606196,0.005239029409299878,True,True,True,True,116,1,805,6.910526732645011,0.044459161004533065,805,1.2526617532639095,4.445916100453303,798,50.899960545950165,239.5685573724917,791,8183.062581153237,46952.80156858167,0,116,116,0.5461425018450795,0.5210873052111529,0.2890965669692822,0.8428827869598724,0.2776827724033186,0.9220314571726149
trial_0013_bite_002_withdrawal,trial_0013_bite_002,trial_0013,withdrawal,0,StrongLocal,116,116,100.0,-2.570762205606196,0.001262840639406182,True,True,True,True,116,1,805,6.788860518093078,0.045201309528223106,805,1.238766869431933,4.520130952822306,798,44.37638933998108,200.91684915747052,791,7135.220103742852,31668.373803848437,0,116,116,0.5494842609841005,0.5219121103804618,0.29603165444897783,0.8529270727096958,0.28486415375853014,0.9261466731506083
trial_0013_bite_002_withdrawal,trial_0013_bite_002,trial_0013,withdrawal,0,H_star,116,116,100.0,-2.570762205606196,0.011141871093343969,True,True,True,True,116,1,805,6.836987501436859,0.04448990648475171,805,1.241418961273545,4.448990648475167,798,49.58967853200802,235.9741451971416,791,8105.998564808156,30306.379278594177,0,116,116,0.539546111515392,0.520824106445972,0.2563032853965732,0.8462007214703975,0.2467476091443217,0.9194469666044482
trial_0013_bite_002_withdrawal,trial_0013_bite_002,trial_0013,withdrawal,0,HumanGT,116,116,100.0,-2.570762205606196,0.0,True,True,True,True,116,1,805,6.837831268423335,0.047521822445516726,805,1.2616710632115917,4.752182244551668,798,41.00379219538172,217.5392258856808,791,6507.265447344502,31572.204072866407,0,116,116,0.5581082175161056,0.5213524285633566,0.338880246031227,0.8678784859748953,0.3271708106007303,0.9470045584423463
trial_0013_bite_003_transfer,trial_0013_bite_003,trial_0013,transfer,0,B0,164,133,81.09756097560977,-2.850330741351466,0.0,True,True,True,True,133,1,924,5.105788711732224,0.2582754659009281,924,1.5050502065585554,25.827546590092787,917,74.24992738281885,1329.325985368548,910,6121.348922030111,77870.50512319496,0,133,133,0.51070690111077,0.5211818568255038,0.3896360519339107,0.5957266550462625,0.3738232428752106,0.5979090614811635
trial_0013_bite_003_transfer,trial_0013_bite_003,trial_0013,transfer,0,B1,164,134,81.70731707317073,-2.850330741351466,0.15395785437635912,True,True,True,True,134,1,931,5.794919803500611,0.39988451027107974,931,2.1716003558683923,39.98845102710794,924,118.17005270685013,2308.4654123988907,917,8729.407536415461,156313.42200063754,0,134,134,0.5300312676715581,0.5425396204057779,0.3923325560222115,0.626489835378775,0.3775654346729902,0.6283722320814855
trial_0013_bite_003_transfer,trial_0013_bite_003,trial_0013,transfer,0,B2,164,133,81.09756097560977,-2.850330741351466,0.0030708307575588734,True,True,True,True,133,1,924,5.653018285359282,0.46594226984152387,924,2.4174377797395294,46.59422698415234,917,149.38457881118552,3026.4704836746446,910,11848.549946996414,228150.73342046601,0,133,133,0.48254322902000585,0.4953448998830148,0.3773672943642253,0.5555795198685765,0.36226749692027393,0.5569224560503228
trial_0013_bite_003_transfer,trial_0013_bite_003,trial_0013,transfer,0,B3,164,133,81.09756097560977,-2.850330741351466,0.00523902940929899,True,True,True,True,133,1,924,5.8747472031522285,0.3940673612174965,924,2.1337898298405467,39.40673612174962,917,123.75749559233233,2264.184067893161,910,10906.591144958136,137800.9485784196,0,133,133,0.4823108996666931,0.4927042413969289,0.3689615518253141,0.5608443803004257,0.352913282984217,0.5642220280268218
trial_0013_bite_003_transfer,trial_0013_bite_003,trial_0013,transfer,0,StrongLocal,164,133,81.09756097560977,-2.850330741351466,0.019902365210037853,True,True,True,True,133,1,924,5.5208975152541075,0.3418637237159037,924,1.8838084411461617,34.18637237159034,917,104.78336991445053,1925.5125511671442,910,8992.241857401325,119927.17583717682,0,133,133,0.48865833695727545,0.4982190561872757,0.37292548370472456,0.5689092228440995,0.3569978673037495,0.5720629176752756
trial_0013_bite_003_transfer,trial_0013_bite_003,trial_0013,transfer,0,H_star,164,133,81.09756097560977,-2.850330741351466,0.00957116513652867,True,True,True,True,133,1,924,5.5899092683382,0.36254708318970374,924,1.9559445026452087,36.254708318970344,917,117.62782127628212,2222.22867052693,910,10846.26358358713,159253.20951388107,0,133,133,0.48340812423998025,0.4971941838220806,0.37335209301242595,0.5631315579245635,0.3554707625973481,0.5664747498873739
trial_0013_bite_003_transfer,trial_0013_bite_003,trial_0013,transfer,0,HumanGT,164,133,81.09756097560977,-2.850330741351466,0.0,True,True,True,True,133,1,924,9.511682830018543,1.9954482541647256,924,9.453448383296813,199.54482541647238,917,1023.1530621525726,21735.339303222612,910,106732.8993635573,2261936.249028284,1,133,133,0.4740818406010642,0.48680393090706686,0.3760573122107454,0.5408187733919837,0.3035806952354845,0.5420243538292819
trial_0013_bite_003_withdrawal,trial_0013_bite_003,trial_0013,withdrawal,0,B0,94,94,100.0,-2.6677920615689894,0.0,True,True,True,True,94,1,651,4.799052930722877,0.04010510590494932,651,1.0267762082125773,4.0105105904949285,644,28.059413173474212,122.16373524303914,637,4411.795167771472,20707.51332361892,0,94,94,0.5922201670736834,0.5698198645751433,0.45685201011084653,0.7947379884069437,0.4476530782431496,0.8036727726644566
trial_0013_bite_003_withdrawal,trial_0013_bite_003,trial_0013,withdrawal,0,B1,94,94,100.0,-2.6677920615689894,0.07918119717500982,True,True,True,True,94,1,651,4.796757728491343,0.040113398909026536,651,1.0236684704198933,4.01133989090265,644,28.45502566541973,123.1570342620889,637,4475.89591785526,20738.296743704806,0,94,94,0.6339366405187776,0.6315866390032259,0.46226044010220335,0.8287215006080421,0.4476530782431496,0.8316570613343961
trial_0013_bite_003_withdrawal,trial_0013_bite_003,trial_0013,withdrawal,0,B2,94,94,100.0,-2.6677920615689894,0.0030708307575588734,True,True,True,True,94,1,651,4.564271757729246,0.04013656195122728,651,0.9815302995113512,4.013656195122724,644,28.47372188770618,119.00419362583106,637,4499.1825625167585,20508.54499635463,0,94,94,0.6400294026944348,0.652769993742794,0.46046999985704073,0.8049389883395639,0.4476530782431496,0.8085635597310894
trial_0013_bite_003_withdrawal,trial_0013_bite_003,trial_0013,withdrawal,0,B3,94,94,100.0,-2.6677920615689894,0.005239029409299434,True,True,True,True,94,1,651,4.796039938095683,0.04006141390110062,651,1.009481962051003,4.006141390110058,644,48.6806647913194,247.21818844073485,637,8665.723436764223,42154.09821136952,0,94,94,0.6358920192691956,0.642339373816101,0.4576280136186173,0.8080306996323183,0.447437525420761,0.8174842812683458
trial_0013_bite_003_withdrawal,trial_0013_bite_003,trial_0013,withdrawal,0,StrongLocal,94,94,100.0,-2.6677920615689894,0.012900671741802316,True,True,True,True,94,1,651,4.733257101514123,0.04008437735678605,651,1.0013081068358223,4.008437735678601,644,41.13827983524907,195.34885657703379,637,7158.806261076817,33241.52093905538,0,94,94,0.6474609724921836,0.6555920093481888,0.4586733729590856,0.8187243337271988,0.4476530782431496,0.827385316597546
trial_0013_bite_003_withdrawal,trial_0013_bite_003,trial_0013,withdrawal,0,H_star,94,94,100.0,-2.6677920615689894,0.000465467324280322,True,True,True,True,94,1,651,4.73998943694987,0.04016627147791141,651,0.9963043900252925,4.016627147791137,644,45.466150786531195,224.99931331122764,637,7868.362821585858,38752.16271863767,0,94,94,0.6358365775811102,0.6487236921763704,0.4570640776441315,0.7959175784754348,0.4468452262027416,0.803869033935726
trial_0013_bite_003_withdrawal,trial_0013_bite_003,trial_0013,withdrawal,0,HumanGT,94,94,100.0,-2.6677920615689894,0.0,True,True,True,True,94,1,651,5.120470726173302,0.04024762370183411,651,1.0462636477968361,4.024762370183407,644,34.32166578187679,119.3363648543675,637,5657.47798922976,21195.9498310858,0,94,94,0.7453626822465091,0.7540549547430802,0.4595180621784861,0.9790346125360913,0.4476530782431496,0.9842845712776498
trial_0013_bite_004_transfer,trial_0013_bite_004,trial_0013,transfer,0,B0,20,20,100.0,-2.653161146896676,0.0,True,True,True,True,20,1,133,0.6038487823404628,0.02950012910422295,133,0.7112901341606757,2.9500129104222923,126,72.58626344346675,420.0130260805405,119,12594.110585487153,63872.63971182816,0,20,20,0.3797390298157446,0.3795955534258455,0.3738483787621813,0.3869637107800818,0.3738279848258472,0.3878770001270102
trial_0013_bite_004_transfer,trial_0013_bite_004,trial_0013,transfer,0,B1,20,20,100.0,-2.653161146896676,0.056892999644121645,True,True,True,True,20,1,133,0.6094271129769777,0.02804250165271327,133,0.7231351284590704,2.8042501652713243,126,72.1276319343759,418.47585255121373,119,12519.548792983618,63598.39747006273,0,20,20,0.3815291510725869,0.3810980346791679,0.37610261942881057,0.3879467878879441,0.375945551174623,0.3892727553456885
trial_0013_bite_004_transfer,trial_0013_bite_004,trial_0013,transfer,0,B2,20,20,100.0,-2.653161146896676,0.0934979531891722,True,True,True,True,20,1,133,0.6027223475215282,0.02992557897577175,133,0.7076552845558335,2.9925578975771723,126,73.51466787990884,428.08056660046316,119,12746.733399537587,64957.92386574257,0,20,20,0.3793703479167251,0.3793205628685816,0.3734359621641148,0.3870170268146111,0.37334722462247316,0.3878770001270102
trial_0013_bite_004_transfer,trial_0013_bite_004,trial_0013,transfer,0,B3,20,20,100.0,-2.653161146896676,0.08318356841393415,True,True,True,True,20,1,133,0.597802002245629,0.028673322873920878,133,0.708509668238451,2.867332287392085,126,72.31157011913402,418.8511427879585,119,12651.447166391732,61244.106195552915,0,20,20,0.37922497330908056,0.37918202207174234,0.37317124678097086,0.3873532330888027,0.37295068772157913,0.3878770001270102
trial_0013_bite_004_transfer,trial_0013_bite_004,trial_0013,transfer,0,StrongLocal,20,20,100.0,-2.653161146896676,0.07867233436120102,True,True,True,True,20,1,133,0.5801873108684898,0.027821093177658796,133,0.6915536291664757,2.782109317765877,126,66.12335849028203,388.2596543060927,119,11472.72270984763,58454.19540213721,0,20,20,0.3794834847782652,0.3794765269367686,0.37363320487774243,0.3870866564620322,0.373441021384499,0.3878770001270102
trial_0013_bite_004_transfer,trial_0013_bite_004,trial_0013,transfer,0,H_star,20,20,100.0,-2.653161146896676,0.05865665595996594,True,True,True,True,20,1,133,0.6027924883033229,0.026645485132559266,133,0.724894204111894,2.6645485132559243,126,70.5461031748635,421.5649349137866,119,12466.233377116863,59963.56247324537,0,20,20,0.3808653644578986,0.3805310621150113,0.375409064478021,0.3879121687175279,0.3754071649873698,0.38858037193736483
trial_0013_bite_004_transfer,trial_0013_bite_004,trial_0013,transfer,0,HumanGT,20,20,100.0,-2.653161146896676,0.0,True,True,True,True,20,1,133,0.6269876774309022,0.02763236341268005,133,0.7330722265065358,2.7632363412680023,126,72.4831834387352,433.9519172955068,119,12379.840574762613,59646.526877541306,0,20,20,0.37919376965039037,0.3786174454864124,0.37340293687925363,0.3859945640236874,0.37291204896927344,0.3878770001270102
trial_0013_bite_004_withdrawal,trial_0013_bite_004,trial_0013,withdrawal,0,B0,35,35,100.0,-2.6106457401409906,0.0,True,True,True,True,35,1,238,1.6031421926242633,0.027093879345448713,238,0.9472712051570347,2.709387934544869,231,21.69189563891369,60.724021649147744,224,3558.1531253273847,11132.65829567035,0,35,35,0.6471814948794605,0.6380665559227872,0.5500704379143302,0.7377767518308991,0.5436661541306789,0.7391839417741597
trial_0013_bite_004_withdrawal,trial_0013_bite_004,trial_0013,withdrawal,0,B1,35,35,100.0,-2.6106457401409906,0.07918119717500982,True,True,True,True,35,1,238,1.6158463764027753,0.027096960574387374,238,0.951041561874567,2.709696057438735,231,21.821062087421694,60.89986198996914,224,3578.6627996149837,11218.393576776016,0,35,35,0.6593819703603679,0.6469070828340966,0.5508509522225016,0.7645876980516652,0.5436661541306789,0.7649664946395944
trial_0013_bite_004_withdrawal,trial_0013_bite_004,trial_0013,withdrawal,0,B2,35,35,100.0,-2.6106457401409906,0.0030708307575584293,True,True,True,True,35,1,238,1.5746166699941848,0.027110820196357466,238,0.9428033942371502,2.7110820196357444,231,21.51731379275308,60.738030533031775,224,3531.8907986157324,10904.778798237045,0,35,35,0.6506465224391129,0.638873083672765,0.5498206798350053,0.7467845762522691,0.5436661541306789,0.7474129591195373
trial_0013_bite_004_withdrawal,trial_0013_bite_004,trial_0013,withdrawal,0,B3,35,35,100.0,-2.6106457401409906,0.005239029409299434,True,True,True,True,35,1,238,1.6466962115916048,0.027093644313421095,238,0.9531962603107996,2.7093644313421072,231,35.09219095539994,124.52013975669618,224,6051.854909021368,18516.185476065995,0,35,35,0.6522061166955199,0.6396982592850566,0.5479405621938507,0.7561319926476876,0.5436661541306789,0.7600345312575918
trial_0013_bite_004_withdrawal,trial_0013_bite_004,trial_0013,withdrawal,0,StrongLocal,35,35,100.0,-2.6106457401409906,0.006188256131419934,True,True,True,True,35,1,238,1.625330652326902,0.0271145471350982,238,0.9510469013498077,2.7114547135098177,231,31.55186817135864,131.02685957033762,224,5481.726320142403,17506.782397560048,0,35,35,0.6560483492703761,0.6427415653390192,0.5484678602873561,0.7627989103719883,0.5436661541306789,0.7659165667648491
trial_0013_bite_004_withdrawal,trial_0013_bite_004,trial_0013,withdrawal,0,H_star,35,35,100.0,-2.6106457401409906,0.02031325745834245,True,True,True,True,35,1,238,1.6817909409735214,0.02718017709531484,238,0.966548421836005,2.7180177095314817,231,44.76268386182079,223.02839146183436,224,7913.026142135431,33290.3124352221,0,35,35,0.6485024457870922,0.6328029700813991,0.5465368712463265,0.7513411068229638,0.5426883274456689,0.7545909365554451
trial_0013_bite_004_withdrawal,trial_0013_bite_004,trial_0013,withdrawal,0,HumanGT,35,35,100.0,-2.6106457401409906,0.0,True,True,True,True,35,1,238,1.7145994927674004,0.02719662718396076,238,0.974830309648465,2.7196627183960738,231,27.81413736158114,87.04309424849988,224,4756.418658434558,14896.82268880085,0,35,35,0.676587858569753,0.6534072699581008,0.5508317891691394,0.8283871660455333,0.5436661541306789,0.8377988950655126
trial_0013_bite_004_withdrawal,trial_0013_bite_004,trial_0013,withdrawal,1,B0,36,36,100.0,-2.9051905738129693,0.0,True,True,True,True,36,1,245,1.7081918367918834,0.021080448243568917,245,0.9089428472712258,2.10804482435689,238,31.89125255508005,101.09246164025957,231,4622.003996233775,14295.355012219748,0,36,36,0.6541953693215105,0.6411525805867843,0.5569637293832939,0.7627583721243492,0.5530546085520525,0.7938374824750785
trial_0013_bite_004_withdrawal,trial_0013_bite_004,trial_0013,withdrawal,1,B1,36,36,100.0,-2.9051905738129693,0.1433949674469388,True,True,True,True,36,1,245,1.647473293264729,0.02137201637556485,245,0.8824720725798155,2.1372016375564833,238,32.10859379806394,101.09516827971436,231,4648.108394085352,14351.526822947897,0,36,36,0.6709584444123837,0.6593462210084965,0.5848972375884599,0.764560375939394,0.580410020680747,0.7938374824750785
trial_0013_bite_004_withdrawal,trial_0013_bite_004,trial_0013,withdrawal,1,B2,36,36,100.0,-2.9051905738129693,0.07975622474546684,True,True,True,True,36,1,245,1.6103610673710496,0.021473149921827694,245,0.858670987840302,2.1473149921827677,238,32.251781931514806,101.1313108592569,231,4673.420876985408,14715.425437506552,0,36,36,0.6818009587940745,0.6753545193525844,0.592598676912666,0.7687786460431434,0.5882158079054425,0.7938374824750785
trial_0013_bite_004_withdrawal,trial_0013_bite_004,trial_0013,withdrawal,1,B3,36,36,100.0,-2.9051905738129693,0.133999518933269,True,True,True,True,36,1,245,1.7604202525765142,0.022114913776942302,245,0.9172134614396876,2.2114913776942284,238,38.55646922669438,114.72638101746682,231,6166.278210238555,16944.10643274353,0,36,36,0.6529436472524076,0.6449203679468409,0.5477170380874787,0.7666160197335343,0.5445590233275936,0.7938374824750785
trial_0013_bite_004_withdrawal,trial_0013_bite_004,trial_0013,withdrawal,1,StrongLocal,36,36,100.0,-2.9051905738129693,0.14383577630586908,True,True,True,True,36,1,245,1.7049927396831546,0.021648899397236132,245,0.9031584297325729,2.1648899397236114,238,36.54186797427398,100.94140284925932,231,5691.937195486108,17795.56663487454,0,36,36,0.6591581077542057,0.6490770443828888,0.5615859057896387,0.7667400061381856,0.5589490176941136,0.7938374824750785
trial_0013_bite_004_withdrawal,trial_0013_bite_004,trial_0013,withdrawal,1,H_star,36,36,100.0,-2.9051905738129693,0.15811368357735267,True,True,True,True,36,1,245,1.7008387097272017,0.024508806725520586,245,0.8931142102827409,2.4508806725520564,238,50.82572578899312,239.38048637500887,231,8043.140495484479,47429.763101413206,0,36,36,0.6859111917045667,0.6847186820734619,0.5905696489872301,0.7763568118437623,0.5894553794106228,0.7938374824750785
trial_0013_bite_004_withdrawal,trial_0013_bite_004,trial_0013,withdrawal,1,HumanGT,36,36,100.0,-2.9051905738129693,0.0,True,True,True,True,36,1,245,1.7484779492612068,0.02192878592482916,245,0.903726617827303,2.192878592482914,238,39.539261026288806,125.76381876812334,231,6289.771993105802,17818.0555246727,0,36,36,0.6655165128860047,0.6542038371586835,0.5544262481210172,0.7741839697837747,0.5507175967205296,0.7938374824750785
trial_0013_bite_005_transfer,trial_0013_bite_005,trial_0013,transfer,0,B0,9,9,100.0,-2.6465964469313628,0.0,True,True,True,True,9,1,56,0.12890607723315228,0.00661501311828694,56,0.2901372638164987,0.6615013118286933,49,31.47528440245032,78.46720306577737,42,4676.3361688074665,9526.706452796849,0,9,9,0.3064948925464699,0.3085936047941513,0.29615110015015034,0.31319479790964416,0.29542232732391094,0.31449819443382143
trial_0013_bite_005_transfer,trial_0013_bite_005,trial_0013,transfer,0,B1,9,9,100.0,-2.6465964469313628,0.15395785437635867,True,True,True,True,9,1,56,0.13417682765043537,0.006245204658219984,56,0.29930887759461466,0.6245204658219984,49,31.48804950539464,78.46968721931803,42,4678.690087835128,9537.726755126649,0,9,9,0.3082033208388919,0.30902037016600725,0.2993774999891828,0.3146604254264981,0.2988170285980163,0.31579263692556325
trial_0013_bite_005_transfer,trial_0013_bite_005,trial_0013,transfer,0,B2,9,9,100.0,-2.6465964469313628,0.0030708307575588734,True,True,True,True,9,1,56,0.13043624643472396,0.006478273134283397,56,0.2894918812856117,0.6478273134283391,49,32.32685441035778,79.2191701257039,42,4771.055227669877,10283.43592815162,0,9,9,0.30560035793511386,0.30778501586481943,0.29502838648852975,0.31231289563718945,0.2942856671641243,0.3136378341060706
trial_0013_bite_005_transfer,trial_0013_bite_005,trial_0013,transfer,0,B3,9,9,100.0,-2.6465964469313628,0.005239029409299434,True,True,True,True,9,1,56,0.16790191544878152,0.012847053869222693,56,0.37924964881553264,1.2847053869222693,49,48.885400840395505,204.66427779954444,42,7113.023343362697,26413.712062304032,0,9,9,0.3020597990787086,0.3027406500569205,0.29037699075621576,0.3098572678679243,0.28917378255967563,0.3102838285646008
trial_0013_bite_005_transfer,trial_0013_bite_005,trial_0013,transfer,0,StrongLocal,9,9,100.0,-2.6465964469313628,0.01413734735556016,True,True,True,True,9,1,56,0.16102338309696984,0.009661481529677829,56,0.3541067132030459,0.9661481529677829,49,47.61230926999896,173.06332850152373,42,7773.725139691017,25323.653849318012,0,9,9,0.30406584937165676,0.30454430694985435,0.2939010157378845,0.31009386326729865,0.2924973547889562,0.3102838285646008
trial_0013_bite_005_transfer,trial_0013_bite_005,trial_0013,transfer,0,H_star,9,9,100.0,-2.6465964469313628,0.0018599610084959473,True,True,True,True,9,1,56,0.19343369939868071,0.012457028218421762,56,0.4261859728643594,1.2457028218421762,49,67.79590579813595,228.4073267676323,42,12164.841221408713,39062.19982243631,0,9,9,0.3048582701545137,0.30448454270483816,0.29526475577834005,0.3102354280382863,0.29381615026362207,0.3102838285646008
trial_0013_bite_005_transfer,trial_0013_bite_005,trial_0013,transfer,0,HumanGT,9,9,100.0,-2.6465964469313628,0.0,True,True,True,True,9,1,56,0.12300853355248997,0.00730332351578955,56,0.2918570297711124,0.730332351578955,49,32.243043482026295,104.4284539372331,42,4846.821072259864,13600.311547818936,0,9,9,0.30418774980162694,0.308612521009771,0.2917205755847664,0.31143892440154086,0.29072430635342306,0.3122089882928343
trial_0013_bite_005_transfer,trial_0013_bite_005,trial_0013,transfer,1,B0,79,79,100.0,-2.70172718433458,0.0,True,True,True,True,79,1,546,2.573477660798299,0.012495355735330005,546,0.5563578509241188,1.2495355735329994,539,19.156543362608335,87.41883824371561,532,3281.201451491318,15131.446661915641,0,79,79,0.6931402664275055,0.696209431532087,0.5961700375783991,0.7712856902375322,0.5773585528943033,0.7730991961109339
trial_0013_bite_005_transfer,trial_0013_bite_005,trial_0013,transfer,1,B1,79,79,100.0,-2.70172718433458,0.1061392970433852,True,True,True,True,79,1,546,2.6625861588524353,0.013439766621988092,546,0.5835291899120184,1.343976662198808,539,19.355067001743272,87.65676235809023,532,3317.042416757794,15179.068724759007,0,79,79,0.7066739015535058,0.7115834798242062,0.5984810024690098,0.7907537916321756,0.5773585528943033,0.7951455912692902
trial_0013_bite_005_transfer,trial_0013_bite_005,trial_0013,transfer,1,B2,79,79,100.0,-2.70172718433458,0.022724476932244553,True,True,True,True,79,1,546,2.5432435789135024,0.013380263187459995,546,0.5497528783666974,1.3380263187459984,539,19.04761693013769,85.73835596249232,532,3266.717665858733,14694.76813118927,0,79,79,0.6877687919611323,0.6891104253328866,0.5948536688847943,0.7622456239927754,0.5773585528943033,0.7659159783499667
trial_0013_bite_005_transfer,trial_0013_bite_005,trial_0013,transfer,1,B3,79,79,100.0,-2.70172718433458,0.03409211868436923,True,True,True,True,79,1,546,2.63516344577444,0.01910631195197343,546,0.5743970970330747,1.9106311951973414,539,33.53990655476926,141.1546634838154,532,6100.2441482440545,25440.58825718036,0,79,79,0.6902266839664928,0.6925583667126272,0.5976749906198903,0.7662218716772247,0.5773585528943033,0.7704381634150803
trial_0013_bite_005_transfer,trial_0013_bite_005,trial_0013,transfer,1,StrongLocal,79,79,100.0,-2.70172718433458,0.03566050823537026,True,True,True,True,79,1,546,2.6189411593079734,0.017287649558258785,546,0.568098550296896,1.728764955825877,539,28.923139995709235,111.40457687376127,532,5200.634074494847,20853.263260581505,0,79,79,0.6911000157483758,0.6933688181349169,0.597873033059396,0.7674163889070639,0.5773585528943033,0.771223023005132
trial_0013_bite_005_transfer,trial_0013_bite_005,trial_0013,transfer,1,H_star,79,79,100.0,-2.70172718433458,0.04631914387322267,True,True,True,True,79,1,546,2.6919125164333666,0.02211505529776492,546,0.5980348351293171,2.21150552977649,539,33.230390869712146,132.02648614252223,532,5973.991479600567,25537.855181325947,0,79,79,0.6995478973626836,0.7039270260155428,0.5932458548567765,0.7830634056242751,0.5773585528943033,0.7887348940498815
trial_0013_bite_005_transfer,trial_0013_bite_005,trial_0013,transfer,1,HumanGT,79,79,100.0,-2.70172718433458,0.0,True,True,True,True,79,1,546,2.6498423861151945,0.015476576369884976,546,0.5851911316733852,1.5476576369884962,539,25.75109273458534,134.70026572872192,532,4499.776299675777,23617.63618170103,0,79,79,0.6998748161026204,0.7030786850397188,0.5994287541157519,0.7825294228078592,0.5773585528943033,0.7853601487794974
trial_0013_bite_005_withdrawal,trial_0013_bite_005,trial_0013,withdrawal,0,B0,24,24,100.0,-2.665836581937227,0.0,True,True,True,True,24,1,161,1.4254919789220133,0.035907354454165485,161,1.1792581851267623,3.5907354454165454,154,43.646325202681915,258.3426869547631,147,7833.299458886551,42933.30607124231,0,24,24,0.8055489888602861,0.7852324482407549,0.689349789259972,0.9711065719608709,0.6830699927291155,0.9864568561261335
trial_0013_bite_005_withdrawal,trial_0013_bite_005,trial_0013,withdrawal,0,B1,24,24,100.0,-2.665836581937227,0.07918119717500982,True,True,True,True,24,1,161,1.4332186076381732,0.03593662110859519,161,1.1862366502175188,3.593662110859516,154,44.167029185432625,262.4504865455676,147,7932.692441422446,43629.07673361168,0,24,24,0.8097818163362609,0.7895281480219114,0.6897269912917964,0.9813247217640364,0.6830699927291155,0.9857111526895337
trial_0013_bite_005_withdrawal,trial_0013_bite_005,trial_0013,withdrawal,0,B2,24,24,100.0,-2.665836581937227,0.0030708307575588734,True,True,True,True,24,1,161,1.4256231063201201,0.035915234220242453,161,1.1788796632787668,3.5915234220242422,154,43.521973519767144,258.2561696904592,147,7810.02419499325,42845.51448258352,0,24,24,0.8053577604936457,0.7852752321474967,0.6893353096127672,0.9702782112960561,0.6830699927291155,0.9865031912924471
trial_0013_bite_005_withdrawal,trial_0013_bite_005,trial_0013,withdrawal,0,B3,24,24,100.0,-2.665836581937227,0.005239029409299434,True,True,True,True,24,1,161,1.4952446230300755,0.0360537428546186,161,1.2256701743422633,3.6053742854618567,154,69.15487141346722,323.9118579318765,147,12666.443690681454,58573.78985100242,0,24,24,0.8112199292063856,0.7917102515945769,0.6902606363138487,0.9826836534269128,0.6830699927291155,0.9880826900709945
trial_0013_bite_005_withdrawal,trial_0013_bite_005,trial_0013,withdrawal,0,StrongLocal,24,24,100.0,-2.665836581937227,0.05995783128242094,True,True,True,True,24,1,161,1.4975329938794064,0.03601426177229072,161,1.2286194520380946,3.601426177229069,154,69.64790903179751,325.2788930725013,147,12840.792137876988,59096.58538091562,0,24,24,0.8118281103765498,0.7922327491442691,0.6896710583494552,0.9828809169159263,0.6830699927291155,0.9902804858424048
trial_0013_bite_005_withdrawal,trial_0013_bite_005,trial_0013,withdrawal,0,H_star,24,24,100.0,-2.665836581937227,0.09396572159461147,True,True,True,True,24,1,161,1.4676709800831569,0.03600861848727632,161,1.2110735742121879,3.600861848727629,154,52.08130153454652,270.62003922582716,147,9231.019400561743,44576.985323361376,0,24,24,0.8087629871575697,0.7879600750179074,0.6874614111497518,0.9823274309382292,0.6830699927291155,0.9900525013114594
trial_0013_bite_005_withdrawal,trial_0013_bite_005,trial_0013,withdrawal,0,HumanGT,24,24,100.0,-2.665836581937227,0.0,True,True,True,True,24,1,161,1.4527504455053841,0.035734076799060155,161,1.1989588561226394,3.5734076799060124,154,46.5532556080055,254.68553031716996,147,8320.208675193815,42306.84158325334,0,24,24,0.8022639833231678,0.7852956697338449,0.6890981169535155,0.956879735408366,0.6830699927291155,0.9679921076725382
trial_0013_bite_005_withdrawal,trial_0013_bite_005,trial_0013,withdrawal,1,B0,57,57,100.0,-2.6060947365555145,0.0,True,True,True,True,57,1,392,4.152068988400934,0.03627117641999877,392,1.355944059841373,3.6271176419998734,385,41.81031657227043,250.0464944575849,378,6659.303626688697,44469.891834310605,0,57,57,0.5067118736682101,0.4857791280615942,0.43938223332054543,0.6398856608878233,0.43344531510987094,0.6904516516454113
trial_0013_bite_005_withdrawal,trial_0013_bite_005,trial_0013,withdrawal,1,B1,57,57,100.0,-2.6060947365555145,0.12035196421031236,True,True,True,True,57,1,392,4.069573932458065,0.03582502939697774,392,1.3422418592847614,3.5825029396977706,385,42.40199910903585,251.20843811208675,378,6734.597880340915,44665.2145581331,0,57,57,0.5065755716959325,0.4857414543143608,0.4392824835565867,0.6398345671621382,0.433319137547973,0.6904516516454113
trial_0013_bite_005_withdrawal,trial_0013_bite_005,trial_0013,withdrawal,1,B2,57,57,100.0,-2.6060947365555145,0.012720683715927272,True,True,True,True,57,1,392,3.970227955860784,0.03591166010034908,392,1.3308573302080686,3.5911660100349048,385,43.54530635115467,251.6598999370952,378,6884.089579784448,44759.27147622361,0,57,57,0.5063222715618197,0.48563650847502515,0.43904007903603165,0.6397579187815582,0.4330315773853841,0.6904516516454113
trial_0013_bite_005_withdrawal,trial_0013_bite_005,trial_0013,withdrawal,1,B3,57,57,100.0,-2.6060947365555145,0.07986269469117291,True,True,True,True,57,1,392,4.076865565357812,0.03619532215462584,392,1.3454236049537398,3.619532215462581,385,48.89174137624018,254.2681551869204,378,7926.1261060574125,45227.30382594797,0,57,57,0.506501380694741,0.48570224809624474,0.43926036379898187,0.6397826613028047,0.43328395569531164,0.6904516516454113
trial_0013_bite_005_withdrawal,trial_0013_bite_005,trial_0013,withdrawal,1,StrongLocal,57,57,100.0,-2.6060947365555145,0.13816873799021367,True,True,True,True,57,1,392,4.05550468587616,0.035552824361936075,392,1.339722997472698,3.5552824361936044,385,47.98270622680488,257.8101061474753,378,7835.845438651189,45423.29719723603,0,57,57,0.5064619927482723,0.4856891356195514,0.43922585320927965,0.6398131741428787,0.433238506472438,0.6904516516454113
trial_0013_bite_005_withdrawal,trial_0013_bite_005,trial_0013,withdrawal,1,H_star,57,57,100.0,-2.6060947365555145,0.20984421440318402,True,True,True,True,57,1,392,4.133211167087051,0.03669445679445982,392,1.3402802427552853,3.6694456794459787,385,54.04712089357461,250.8351656788839,378,8833.849847347466,44950.448043113654,0,57,57,0.5063941252063132,0.485508361205214,0.4391704840758933,0.6396916089483776,0.4332281222771148,0.6904516516454113
trial_0013_bite_005_withdrawal,trial_0013_bite_005,trial_0013,withdrawal,1,HumanGT,57,57,100.0,-2.6060947365555145,0.0,True,True,True,True,57,1,392,3.972504636579794,0.03626371426689445,392,1.328561529249048,3.6263714266894422,385,44.91355253800549,251.17407228094595,378,7195.118053145261,44726.0739049361,0,57,57,0.5064338225873043,0.48563370175938836,0.43911436901569667,0.6398226863280134,0.4331338715759827,0.6904516516454113
trial_0013_bite_006_transfer,trial_0013_bite_006,trial_0013,transfer,0,B0,158,158,100.0,-2.8035270046381817,0.0,True,True,True,True,158,1,1099,3.9743269921059428,0.013981419536856166,1099,0.4355499224512361,1.3981419536856152,1092,22.083231809808407,104.49853777076949,1085,3699.7228114631375,18151.13346843939,0,158,158,0.5506126701439445,0.5378993060411944,0.41155662444009955,0.7111887306532618,0.39452877428810096,0.7274392171444952
trial_0013_bite_006_transfer,trial_0013_bite_006,trial_0013,transfer,0,B1,158,158,100.0,-2.8035270046381817,0.15395785437635912,True,True,True,True,158,1,1099,4.186275852627645,0.01397679789518147,1099,0.4565870088662186,1.3976797895181456,1092,22.22545646161902,104.49997337527587,1085,3729.6588064150574,18048.85510019045,0,158,158,0.5734127768925109,0.5638680360999603,0.41888759456595537,0.7408724542158475,0.4022103383684299,0.758813452424651
trial_0013_bite_006_transfer,trial_0013_bite_006,trial_0013,transfer,0,B2,158,158,100.0,-2.8035270046381817,0.0030708307575588734,True,True,True,True,158,1,1099,3.687420967705866,0.013991955661194488,1099,0.40849258952495254,1.3991955661194475,1092,22.17711467319354,104.49830889190696,1085,3720.4019412958914,17880.268556043473,0,158,158,0.505062921509636,0.48764033167313914,0.39440254667478486,0.6446551225695434,0.38364741454764206,0.6567003041684831
trial_0013_bite_006_transfer,trial_0013_bite_006,trial_0013,transfer,0,B3,158,158,100.0,-2.8035270046381817,0.005239029409299434,True,True,True,True,158,1,1099,3.937859402526677,0.014753057992968222,1099,0.4355868369053902,1.4753057992968208,1092,31.489333448365727,186.9851022560609,1085,5433.2473239457395,25458.03300949823,0,158,158,0.5021676080515965,0.48716476017429455,0.37967189624170744,0.6450205479316024,0.36962888633857016,0.6584779968717882
trial_0013_bite_006_transfer,trial_0013_bite_006,trial_0013,transfer,0,StrongLocal,158,158,100.0,-2.8035270046381817,0.015041742549644077,True,True,True,True,158,1,1099,3.8845775121355843,0.013984425032047554,1099,0.42722996249867146,1.398442503204754,1092,27.784167981125627,137.85015197229188,1085,4745.326476952113,19411.855512526392,0,158,158,0.511326665760472,0.4971543365310517,0.3873110966616412,0.656963083700553,0.3760041504575766,0.6693399252480043
trial_0013_bite_006_transfer,trial_0013_bite_006,trial_0013,transfer,0,H_star,158,158,100.0,-2.8035270046381817,0.0028527931361894687,True,True,True,True,158,1,1099,4.02961202853831,0.0178116522716667,1099,0.4502420391043887,1.7811652271666685,1092,36.93542790686428,169.319830907961,1085,6413.962916057869,31396.13169052638,0,158,158,0.5066238005845721,0.4949260084033996,0.3811724767964522,0.6489465890738133,0.3682999337661006,0.6614494815237175
trial_0013_bite_006_transfer,trial_0013_bite_006,trial_0013,transfer,0,HumanGT,158,158,100.0,-2.8035270046381817,0.0,True,True,True,True,158,1,1099,3.748527460388713,0.01400852266679653,1099,0.4166246861546231,1.4008522666796517,1092,27.82376004474349,119.28433644061198,1085,4800.260779714224,20354.91942633344,0,158,158,0.48347425729855126,0.467314774389494,0.37133347651570825,0.6218636915675225,0.3687123990534389,0.6327477996043429
trial_0013_bite_006_withdrawal,trial_0013_bite_006,trial_0013,withdrawal,0,B0,142,142,100.0,-2.593649098104729,0.0,True,True,True,True,142,1,987,5.195392907384441,0.021133294526617608,987,0.6996766523233459,2.113329452661759,980,22.919181824297546,97.78656202067174,973,3630.5493086277115,16891.465657590874,0,142,142,0.5483371375844411,0.5566565382309157,0.3100068433090335,0.8198984728222263,0.29847217770044043,0.8444154666882939
trial_0013_bite_006_withdrawal,trial_0013_bite_006,trial_0013,withdrawal,0,B1,142,142,100.0,-2.593649098104729,0.07918119717500982,True,True,True,True,142,1,987,5.146553871563982,0.021370119631932916,987,0.6922345849364621,2.13701196319329,980,23.33483206846437,101.19727113424553,973,3698.5595150931217,17311.051839455202,0,142,142,0.5855804976230963,0.5744451688002519,0.376311893114865,0.8475708966578763,0.36149417671886575,0.8712237967737835
trial_0013_bite_006_withdrawal,trial_0013_bite_006,trial_0013,withdrawal,0,B2,142,142,100.0,-2.593649098104729,0.0030708307575593174,True,True,True,True,142,1,987,4.976408826611072,0.021522541631027625,987,0.6710458338082282,2.1522541631027607,980,23.401940878124922,100.62018679994881,973,3708.2474178171205,17241.86968788106,0,142,142,0.5962699900005374,0.5854601779600865,0.3928079865743094,0.8369044331197137,0.37887729414720184,0.8603396156087744
trial_0013_bite_006_withdrawal,trial_0013_bite_006,trial_0013,withdrawal,0,B3,142,142,100.0,-2.593649098104729,0.005239029409299434,True,True,True,True,142,1,987,5.152362880715302,0.021352633565043803,987,0.6861677392884202,2.1352633565043786,980,32.63187592703012,127.03890710507237,973,5480.654028337734,21376.324621104224,0,142,142,0.6031229945873092,0.5946327298956411,0.39134145951857974,0.8420036046116066,0.37648962752569215,0.8624321051150812
trial_0013_bite_006_withdrawal,trial_0013_bite_006,trial_0013,withdrawal,0,StrongLocal,142,142,100.0,-2.593649098104729,0.004247634987653903,True,True,True,True,142,1,987,5.104198303250282,0.02140313175762465,987,0.6792840711657456,2.140313175762463,980,31.060291533296557,118.66635822872931,973,5234.36966558426,21800.632935938535,0,142,142,0.6125283379392154,0.5964200181139718,0.4108218457944389,0.8488501793577086,0.3957574820314349,0.8678124103132623
trial_0013_bite_006_withdrawal,trial_0013_bite_006,trial_0013,withdrawal,0,H_star,142,142,100.0,-2.593649098104729,0.014926771091475999,True,True,True,True,142,1,987,5.217139161997062,0.021929032425936242,987,0.6860290193484798,2.1929032425936223,980,39.11621372684861,163.80400874390094,973,6704.185100741665,27197.478922860555,0,142,142,0.6232484745616971,0.6026181908473158,0.41253766506843403,0.839937913364013,0.40299390928202605,0.8641066818460938
trial_0013_bite_006_withdrawal,trial_0013_bite_006,trial_0013,withdrawal,0,HumanGT,142,142,100.0,-2.593649098104729,0.0,True,True,True,True,142,1,987,5.072407274930715,0.02309330742655691,987,0.6707526443964709,2.3093307426556886,980,30.318828615596768,117.1660019250529,973,5073.0903497929385,22200.094993543415,0,142,142,0.6749152238160833,0.6506299450811093,0.490488816975089,0.8890648875715391,0.47529016792974765,0.9105018302867132
trial_0013_bite_007_transfer,trial_0013_bite_007,trial_0013,transfer,0,B0,39,39,100.0,-2.672662420588023,0.0,True,True,True,True,39,1,266,0.9440276857499366,0.012027689636517458,266,0.4257865197297336,1.2027689636517447,259,23.928694162216132,71.176146053049,252,4077.7876868206995,13009.677763117867,0,39,39,0.5617958007369347,0.5615775460086254,0.5331719218822044,0.5936269649372979,0.528646456490435,0.5990311334458287
trial_0013_bite_007_transfer,trial_0013_bite_007,trial_0013,transfer,0,B1,39,39,100.0,-2.672662420588023,0.08597643942010746,True,True,True,True,39,1,266,0.9663828746772143,0.01201033335168189,266,0.4388330705839562,1.2010333351681879,259,23.974671442460487,71.29976190677999,252,4087.6518395047874,13020.72983938848,0,39,39,0.5693085666538769,0.5646392828407951,0.5461464845660797,0.5994546919738052,0.5421781898214091,0.6053354006895555
trial_0013_bite_007_transfer,trial_0013_bite_007,trial_0013,transfer,0,B2,39,39,100.0,-2.672662420588023,0.06169405514911386,True,True,True,True,39,1,266,0.9411270875570292,0.012036706412959397,266,0.4254011294360726,1.2036706412959386,259,24.209987260630754,69.97618040242224,252,4138.622495467382,12764.140555193448,0,39,39,0.5610324572233903,0.5613009023075985,0.5315273532691542,0.5929760955965432,0.5272216075824634,0.5984467180934363
trial_0013_bite_007_transfer,trial_0013_bite_007,trial_0013,transfer,0,B3,39,39,100.0,-2.672662420588023,0.04518708662955406,True,True,True,True,39,1,266,0.978405979074813,0.012040155024459764,266,0.4437854340501931,1.2040155024459753,259,31.762686101835737,110.2560225603864,252,5581.370641993391,19837.397945779936,0,39,39,0.5603185132115627,0.5620572729140387,0.5296173311371638,0.594212755030713,0.5258182920160213,0.5980697645991
trial_0013_bite_007_transfer,trial_0013_bite_007,trial_0013,transfer,0,StrongLocal,39,39,100.0,-2.672662420588023,0.04199226481614282,True,True,True,True,39,1,266,0.9923430454077939,0.012015653219257237,266,0.44628895663148804,1.2015653219257225,259,33.424192884232816,123.26330569977428,252,5946.96068064919,21828.01563907038,0,39,39,0.5609870288263556,0.562060939111797,0.5318197199589226,0.5941436587016942,0.5284379564262434,0.5984830255151143
trial_0013_bite_007_transfer,trial_0013_bite_007,trial_0013,transfer,0,H_star,39,39,100.0,-2.672662420588023,0.054024698946534944,True,True,True,True,39,1,266,1.0601090119865346,0.01575045028012312,266,0.48083219959616774,1.5750450280123105,259,41.57044884570105,191.2527882386913,252,7547.469162521759,32448.15930132852,0,39,39,0.5691019683815559,0.564915443773097,0.5459746611082552,0.5996701494844651,0.5439036086633848,0.6055626191429258
trial_0013_bite_007_transfer,trial_0013_bite_007,trial_0013,transfer,0,HumanGT,39,39,100.0,-2.672662420588023,0.0,True,True,True,True,39,1,266,0.987982523518006,0.011980417426009193,266,0.44525789726926274,1.1980417426009182,259,29.317153781078805,107.74798234137192,252,5038.58643940846,18569.730436618433,0,39,39,0.566729698772772,0.5657953462454768,0.5389609318682098,0.5990353490633646,0.5355605725928045,0.603528950923045
trial_0013_bite_007_withdrawal,trial_0013_bite_007,trial_0013,withdrawal,0,B0,136,136,100.0,-2.7000877460209995,0.0,True,True,True,True,136,1,945,7.923969839655182,0.05052501298802348,945,1.2690138334998113,5.052501298802343,938,28.250114441538926,147.84704546808115,931,4188.625685862202,22790.15024172443,0,136,136,0.4744901223390117,0.4211420998885935,0.22237758529709528,0.9125218383179207,0.20448938692403118,0.9620694116980371
trial_0013_bite_007_withdrawal,trial_0013_bite_007,trial_0013,withdrawal,0,B1,136,136,100.0,-2.7000877460209995,0.07918119717500982,True,True,True,True,136,1,945,7.867040621222758,0.05161301149190933,945,1.2636382257060048,5.161301149190929,938,28.486592588495846,148.03620395247714,931,4222.5274494980595,22994.058225438366,0,136,136,0.4853062052917874,0.45187493272917445,0.229114450272343,0.9218414786222567,0.2183849796815096,0.9887365720027859
trial_0013_bite_007_withdrawal,trial_0013_bite_007,trial_0013,withdrawal,0,B2,136,136,100.0,-2.7000877460209995,0.0030708307575588734,True,True,True,True,136,1,945,7.391576580095979,0.050754998038274664,945,1.1867451752726652,5.075499803827462,938,28.417099115645275,136.88894504030353,931,4261.958557093418,22032.161200192964,0,136,136,0.5257664714064677,0.5521025479659363,0.29508017408894505,0.9150104763352064,0.28926046596207744,0.9805077860301443
trial_0013_bite_007_withdrawal,trial_0013_bite_007,trial_0013,withdrawal,0,B3,136,136,100.0,-2.7000877460209995,0.005239029409299434,True,True,True,True,136,1,945,7.694556469738847,0.052314455557458395,945,1.215276938192633,5.231445555745835,938,36.69169523938897,174.87790676060627,931,5814.465659744545,28373.52096291916,0,136,136,0.5225268660370587,0.5587381797828972,0.28075939764574676,0.9179704716966391,0.2609720693741613,0.9985837701933953
trial_0013_bite_007_withdrawal,trial_0013_bite_007,trial_0013,withdrawal,0,StrongLocal,136,136,100.0,-2.7000877460209995,0.015583262841659895,True,True,True,True,136,1,945,7.630884346018188,0.052406363318042715,945,1.2113551553381523,5.240636331804267,938,36.48198765783382,175.5745680341733,931,5830.564814046194,29377.257731772057,0,136,136,0.5225663031223148,0.5542412050480103,0.2836724316330328,0.9169373334883674,0.268246847391195,0.998269865221344
trial_0013_bite_007_withdrawal,trial_0013_bite_007,trial_0013,withdrawal,0,H_star,136,136,100.0,-2.7000877460209995,0.033321632277194535,True,True,True,True,136,1,945,7.801798622989347,0.052648720550770634,945,1.2241476389423356,5.264872055077059,938,43.27354418844692,193.17814687235443,931,7061.452312776236,32437.357399052395,0,136,136,0.5184390590955739,0.554204842684848,0.2733067579644879,0.9109003273438961,0.25427911205021125,0.9966044632953137
trial_0013_bite_007_withdrawal,trial_0013_bite_007,trial_0013,withdrawal,0,HumanGT,136,136,100.0,-2.7000877460209995,0.0,True,True,True,True,136,1,945,7.646170490838712,0.051621748476969216,945,1.2235990001766908,5.162174847696946,938,30.947610117953158,138.80158247463743,931,4786.397511601976,22170.06237584189,0,136,136,0.5099635415418792,0.5388634910537191,0.2607483097076193,0.9129122775519739,0.2526355433714249,0.9929319400223826
trial_0013_bite_008_transfer,trial_0013_bite_008,trial_0013,transfer,0,B0,198,198,100.0,-2.747388997416543,0.0,True,True,True,True,198,1,1379,4.572125386084821,0.012463044809020607,1379,0.41155172022276376,1.2463044809020596,1372,20.73878597361574,124.36943943457712,1365,3657.6709073222646,20755.413951927203,0,198,198,0.5551931000071252,0.5471942176420023,0.413002663233559,0.7406986221214651,0.40347218516208105,0.7631441435891224
trial_0013_bite_008_transfer,trial_0013_bite_008,trial_0013,transfer,0,B1,198,198,100.0,-2.747388997416543,0.15395785437635912,True,True,True,True,198,1,1379,4.717623056099238,0.013012868267764377,1379,0.42686479737552396,1.3012868267764366,1372,21.077449678374556,127.5245158502789,1365,3720.2371177520517,21249.102850848743,0,198,198,0.5822851387212755,0.5610770733566952,0.43939150706647306,0.7792997175350364,0.427253353871218,0.805417056790011
trial_0013_bite_008_transfer,trial_0013_bite_008,trial_0013,transfer,0,B2,198,198,100.0,-2.747388997416543,0.0030708307575588734,True,True,True,True,198,1,1379,4.412827299893051,0.012131812984140566,1379,0.3929935207049769,1.2131812984140555,1372,20.46238434655101,115.94795721335569,1365,3609.3365094106694,19415.813536402147,0,198,198,0.534439433611262,0.5391669265263994,0.4017215676628505,0.6960448328545051,0.39730735560020514,0.717442643447006
trial_0013_bite_008_transfer,trial_0013_bite_008,trial_0013,transfer,0,B3,198,198,100.0,-2.747388997416543,0.005239029409299434,True,True,True,True,198,1,1379,4.6550949424428065,0.014808171806151016,1379,0.4200019977703889,1.4808171806151003,1372,29.687283692277934,180.50407632575815,1365,5204.574402289544,24900.6256870014,0,198,198,0.5356070730494333,0.5409604565935108,0.397565102404543,0.7052442612925928,0.3902980046187867,0.7275529003318943
trial_0013_bite_008_transfer,trial_0013_bite_008,trial_0013,transfer,0,StrongLocal,198,198,100.0,-2.747388997416543,0.01264145237289993,True,True,True,True,198,1,1379,4.618203080102598,0.013607945586594283,1379,0.4145949646263997,1.3607945586594272,1372,27.53151595453178,135.26393700441508,1365,4867.435764964492,23119.830793577457,0,198,198,0.5466024183033417,0.5484712516025808,0.41098655206761636,0.7197921184799912,0.4046768694031413,0.7419572620165091
trial_0013_bite_008_transfer,trial_0013_bite_008,trial_0013,transfer,0,H_star,198,198,100.0,-2.747388997416543,0.004323773470469305,True,True,True,True,198,1,1379,4.792730041488715,0.017679657290569306,1379,0.4335422039160827,1.767965729056929,1372,35.49217762469006,179.85965740433286,1365,6324.733169470653,32789.444173118594,0,198,198,0.5567235368571405,0.543334157808672,0.4366398908838177,0.7273198480528165,0.4277206060246872,0.7472497490211225
trial_0013_bite_008_transfer,trial_0013_bite_008,trial_0013,transfer,0,HumanGT,198,198,100.0,-2.747388997416543,0.0,True,True,True,True,198,1,1379,4.628938491255143,0.012393662206052536,1379,0.420234174333963,1.2393662206052525,1372,27.15639394166751,125.26644214140046,1365,4871.926512933989,23432.036517143144,0,198,198,0.5352766359728596,0.5346686792915123,0.3850708826143917,0.7077974189885133,0.3768700236977873,0.7330549443355177
trial_0013_bite_008_withdrawal,trial_0013_bite_008,trial_0013,withdrawal,0,B0,21,21,100.0,-2.6998159872286553,0.0,True,True,True,True,21,1,140,0.4410560850914065,0.014266344061396374,140,0.3982260611194977,1.426634406139636,133,34.059237699567674,93.50000878908915,126,5356.876371629209,14020.138805028757,0,21,21,0.6268718270316128,0.6224777716384038,0.6059373968345829,0.6619066458901957,0.6025595256765399,0.6697364136952171
trial_0013_bite_008_withdrawal,trial_0013_bite_008,trial_0013,withdrawal,0,B1,21,21,100.0,-2.6998159872286553,0.07918119717500938,True,True,True,True,21,1,140,0.4415806288185018,0.014290410413502208,140,0.4021843538253118,1.4290410413502195,133,34.1677067131846,93.49856458483963,126,5377.802437392677,14091.453499942598,0,21,21,0.6317831697421684,0.6272963049835534,0.6064151365710408,0.6715054664230244,0.6025595256765399,0.679947268444347
trial_0013_bite_008_withdrawal,trial_0013_bite_008,trial_0013,withdrawal,0,B2,21,21,100.0,-2.6998159872286553,0.0030708307575584293,True,True,True,True,21,1,140,0.43954700777825373,0.014271847556765138,140,0.39692826112486984,1.4271847556765125,133,33.736768724193276,93.3623155802632,126,5289.534778065442,14137.153878196728,0,21,21,0.6269528441435419,0.6222086427747895,0.605973942012688,0.6622974544696918,0.6025595256765399,0.6702446873237458
trial_0013_bite_008_withdrawal,trial_0013_bite_008,trial_0013,withdrawal,0,B3,21,21,100.0,-2.6998159872286553,0.00523902940929899,True,True,True,True,21,1,140,0.5687697231786015,0.021663119583759105,140,0.5240744203529325,2.1663119583759105,133,58.589328353279704,280.08851767004296,126,8584.79370019071,27075.58971004031,0,21,21,0.6249169258070796,0.6206560050244478,0.6025595256765399,0.6586183669201597,0.6009171021218833,0.6668458127230181
trial_0013_bite_008_withdrawal,trial_0013_bite_008,trial_0013,withdrawal,0,StrongLocal,21,21,100.0,-2.6998159872286553,0.008937765185766722,True,True,True,True,21,1,140,0.5620309057289257,0.02100309531971689,140,0.5153368670125181,2.100309531971689,133,59.43919856864904,315.29710825009437,126,8904.50839100914,32210.581265395,0,21,21,0.6265248771149112,0.6221883978183769,0.6025595256765399,0.6626747548732519,0.6011244900042954,0.6710460367215463
trial_0013_bite_008_withdrawal,trial_0013_bite_008,trial_0013,withdrawal,0,H_star,21,21,100.0,-2.6998159872286553,0.02135226847468008,True,True,True,True,21,1,140,0.5798437505433087,0.02196721850432759,140,0.529225919974043,2.196721850432759,133,63.42987247739025,328.0208706819909,126,9850.957028268913,40736.58457339353,0,21,21,0.6220991123560288,0.6165544592243792,0.6025595256765399,0.6557248392239687,0.6008214971952572,0.6638171673069433
trial_0013_bite_008_withdrawal,trial_0013_bite_008,trial_0013,withdrawal,0,HumanGT,21,21,100.0,-2.6998159872286553,0.0,True,True,True,True,21,1,140,0.4666273708725357,0.014334540643250902,140,0.41088540484959696,1.4334540643250888,133,37.25702880658793,97.55526660194747,126,6004.006695121297,15637.931179813162,0,21,21,0.6277770051598816,0.6220386188358402,0.6059892602596584,0.6659797016522333,0.6025595256765399,0.6752174952713101
trial_0013_bite_008_withdrawal,trial_0013_bite_008,trial_0013,withdrawal,1,B0,64,64,100.0,-2.7188467463249664,0.0,True,True,True,True,64,1,441,5.5980863089736275,0.053290473448114106,441,1.7354775937069908,5.329047344811406,434,37.08301319417079,212.62408838834946,427,5374.769456925487,27336.799754673993,0,64,64,0.5723682761632685,0.5924525957399052,0.2731562065387808,0.9295709774975202,0.2679661289831161,0.9593143876872388
trial_0013_bite_008_withdrawal,trial_0013_bite_008,trial_0013,withdrawal,1,B1,64,64,100.0,-2.7188467463249664,0.1079200071055344,True,True,True,True,64,1,441,5.466572549143195,0.053664447364214496,441,1.71157551275513,5.366444736421445,434,37.296475081097206,212.43273308602585,427,5411.3082384199515,27021.055312083354,0,64,64,0.5906151565557352,0.622131025663452,0.30285845274825496,0.9385088559502187,0.2968856122241572,0.9757052960504016
trial_0013_bite_008_withdrawal,trial_0013_bite_008,trial_0013,withdrawal,1,B2,64,64,100.0,-2.7188467463249664,0.009113625291230498,True,True,True,True,64,1,441,5.237199580720549,0.05289218752571223,441,1.6453801231687724,5.289218752571219,434,37.861131678132175,187.5713621703316,427,5496.027063699168,25023.0519469578,0,64,64,0.6463776096882199,0.6303154064836822,0.41219629879554875,0.9502040880108549,0.4025692485636556,0.9934798726200338
trial_0013_bite_008_withdrawal,trial_0013_bite_008,trial_0013,withdrawal,1,B3,64,64,100.0,-2.7188467463249664,0.011358540261861005,True,True,True,True,64,1,441,5.59876815052838,0.05245295486309853,441,1.7117499649526053,5.245295486309849,434,66.99581573047384,540.5908465498856,427,9939.280471286778,83266.76625546544,0,64,64,0.6484866746321086,0.6292364111679407,0.40667406967463293,0.9503631933696671,0.3981290288089516,0.9964289078485513
trial_0013_bite_008_withdrawal,trial_0013_bite_008,trial_0013,withdrawal,1,StrongLocal,64,64,100.0,-2.7188467463249664,0.023411761266635356,True,True,True,True,64,1,441,5.42118182704316,0.05260022891402816,441,1.6758717060828898,5.260022891402811,434,45.455831990561,308.6213730449845,427,6797.298855046321,39809.35800318091,0,64,64,0.6466528041944235,0.629531153500662,0.40569552073393483,0.9503742298812657,0.3967051336365941,0.9966187901650909
trial_0013_bite_008_withdrawal,trial_0013_bite_008,trial_0013,withdrawal,1,H_star,64,64,100.0,-2.7188467463249664,0.02693859591748371,True,True,True,True,64,1,441,5.454083131973046,0.04905733232840159,441,1.6724462135080975,4.905733232840155,434,55.694933326889945,463.6802906211386,427,8409.198887507926,62786.52194790981,0,64,64,0.6422123039075971,0.6297843216471968,0.4098618874381247,0.9420184981876583,0.3987618088703133,0.9849722792717532
trial_0013_bite_008_withdrawal,trial_0013_bite_008,trial_0013,withdrawal,1,HumanGT,64,64,100.0,-2.7188467463249664,0.0,True,True,True,True,64,1,441,5.413557525663135,0.051018124946440764,441,1.6759000488706903,5.101812494644072,434,40.35970642490238,198.76871212964036,427,6037.870545525081,25532.848369359785,0,64,64,0.657016494666407,0.629126308101192,0.42028952220026927,0.9504909287261932,0.4076000749943951,0.9964246308605964
trial_0013_bite_009_transfer,trial_0013_bite_009,trial_0013,transfer,0,B0,158,158,100.0,-2.711271867018143,0.0,True,True,True,True,158,1,1099,4.678441290746719,0.01832646353586931,1099,0.5334558899310481,1.8326463535869293,1092,24.40940794916936,146.2819985431982,1085,3890.001443757613,23947.54462461262,0,158,158,0.6773074935218175,0.6825957401318471,0.556771758740051,0.8009533602640411,0.5488927979195397,0.8147674175732806
trial_0013_bite_009_transfer,trial_0013_bite_009,trial_0013,transfer,0,B1,158,158,100.0,-2.711271867018143,0.15395785437635912,True,True,True,True,158,1,1099,4.880640348480758,0.018225781531266527,1099,0.5577819665590816,1.8225781531266512,1092,24.908563200320458,152.19898755756108,1085,3982.7574388154335,25030.955568242352,0,158,158,0.7064739897318588,0.7202025794189928,0.5656809684627835,0.8369424447336219,0.5593324322683595,0.8484476494480075
trial_0013_bite_009_transfer,trial_0013_bite_009,trial_0013,transfer,0,B2,158,158,100.0,-2.711271867018143,0.0030708307575588734,True,True,True,True,158,1,1099,4.451819787253339,0.018360133705302314,1099,0.5108907978523586,1.8360133705302297,1092,23.81713138905479,141.9726084619286,1085,3779.9208280305957,23127.686566054294,0,158,158,0.6416069583346926,0.6415137318458412,0.5437273786891199,0.7503190688689194,0.5378291694952602,0.7635003497149366
trial_0013_bite_009_transfer,trial_0013_bite_009,trial_0013,transfer,0,B3,158,158,100.0,-2.711271867018143,0.005239029409299434,True,True,True,True,158,1,1099,4.672210704688995,0.0185825691392294,1099,0.5360146475242811,1.8582569139229383,1092,30.89710517371685,139.16346670453248,1085,5004.141825464436,22915.69324992698,0,158,158,0.6349968538812476,0.6397161582113147,0.5299205747649294,0.7484183661565273,0.5199507622824093,0.7603027530807838
trial_0013_bite_009_transfer,trial_0013_bite_009,trial_0013,transfer,0,StrongLocal,158,158,100.0,-2.711271867018143,0.00910048404475372,True,True,True,True,158,1,1099,4.633407973935334,0.018462019129317664,1099,0.5307944220184656,1.8462019129317648,1092,29.524662945908247,141.58135242011457,1085,4875.458535477902,23171.00421982492,0,158,158,0.6475806529415571,0.6517026424482366,0.5386041070310721,0.762624880187038,0.5304475901205432,0.7744941908459184
trial_0013_bite_009_transfer,trial_0013_bite_009,trial_0013,transfer,0,H_star,158,158,100.0,-2.711271867018143,0.012600675690994212,True,True,True,True,158,1,1099,4.77769290058937,0.019549034161790328,1099,0.5595074540670806,1.954903416179031,1092,39.148264214315056,186.41770967863422,1085,6744.763388869718,36246.67488316725,0,158,158,0.6422935699718851,0.652067405002318,0.5324968865260443,0.7593151714319685,0.5271711606068108,0.7699732136863773
trial_0013_bite_009_transfer,trial_0013_bite_009,trial_0013,transfer,0,HumanGT,158,158,100.0,-2.711271867018143,0.0,True,True,True,True,158,1,1099,4.784840941277739,0.01809755953878911,1099,0.5539164590616334,1.8097559538789094,1092,29.395312235918563,147.28630075874855,1085,4888.709033502133,24052.766221113343,0,158,158,0.6783624556065069,0.6932244618931644,0.5443787114471955,0.8035206333346958,0.5360011259822015,0.8128922548295296
trial_0013_bite_009_withdrawal,trial_0013_bite_009,trial_0013,withdrawal,0,B0,108,108,100.0,-2.673481903617332,0.0,True,True,True,True,108,1,749,5.929603286672436,0.039021679526024755,749,1.1024500835040176,3.902167952602472,742,30.047545314664283,158.28645657274234,735,3964.502516635763,19103.97999975183,0,108,108,0.5469909842497669,0.5155880648521691,0.2799271301157895,0.9052335352539589,0.26564002905272943,0.9509203688703267
trial_0013_bite_009_withdrawal,trial_0013_bite_009,trial_0013,withdrawal,0,B1,108,108,100.0,-2.673481903617332,0.07918119717500982,True,True,True,True,108,1,749,5.82785186038393,0.03746550993818243,749,1.0821177288542587,3.7465509938182397,742,30.31171459443589,155.784109075707,735,4007.0465339069224,18930.599781163466,0,108,108,0.5646440751322304,0.5321459666993333,0.31637052550050393,0.9121466090648779,0.3048799145774055,0.9558766253593678
trial_0013_bite_009_withdrawal,trial_0013_bite_009,trial_0013,withdrawal,0,B2,108,108,100.0,-2.673481903617332,0.0030708307575588734,True,True,True,True,108,1,749,5.46856458217667,0.03485287697684747,749,1.0114308847151037,3.485287697684744,742,31.024379063830807,147.8776776072974,735,4088.2652686897145,18486.18788501172,0,108,108,0.595524151457806,0.5317113374469868,0.380770260065428,0.9068402055469874,0.3682857840389451,0.9506365090142341
trial_0013_bite_009_withdrawal,trial_0013_bite_009,trial_0013,withdrawal,0,B3,108,108,100.0,-2.673481903617332,0.005239029409299878,True,True,True,True,108,1,749,5.705971055441624,0.03508649994824786,749,1.051855887691643,3.508649994824783,742,37.85285075135134,163.8419782017039,735,5659.7129401009415,22887.61541071687,0,108,108,0.5929630834992365,0.531520341568237,0.3635195177738972,0.9185642822614082,0.3497714633423952,0.9660104430380345
trial_0013_bite_009_withdrawal,trial_0013_bite_009,trial_0013,withdrawal,0,StrongLocal,108,108,100.0,-2.673481903617332,0.0461899945604447,True,True,True,True,108,1,749,5.677475415381762,0.035463104104182186,749,1.0488603392863005,3.5463104104182155,742,37.21997889046953,168.16661149835687,735,5434.337899391785,23529.473089260064,0,108,108,0.5949330384630291,0.5324230232962615,0.3707237458081618,0.9186275566983165,0.35826766955876277,0.9656617173499411
trial_0013_bite_009_withdrawal,trial_0013_bite_009,trial_0013,withdrawal,0,H_star,108,108,100.0,-2.673481903617332,0.07248228510052579,True,True,True,True,108,1,749,6.006105166439232,0.035760756990812936,749,1.076201124946517,3.5760756990813105,742,44.604468880199256,213.8928304382222,735,6674.532729829452,31050.591070655908,0,108,108,0.5937529042114875,0.5324748865962872,0.35265289750196627,0.9125627336254154,0.3387962009605259,0.9641147377614931
trial_0013_bite_009_withdrawal,trial_0013_bite_009,trial_0013,withdrawal,0,HumanGT,108,108,100.0,-2.673481903617332,0.0,True,True,True,True,108,1,749,5.239855992382211,0.033931325502206455,749,0.9802081993074935,3.3931325502206424,742,33.04494144254911,147.6524770813012,735,4637.027641716595,19124.967649167553,0,108,108,0.6124896802701286,0.5334661454999359,0.41717991873635346,0.902196422401788,0.39487959202618317,0.9509013257673846
trial_0013_bite_010_transfer,trial_0013_bite_010,trial_0013,transfer,0,B0,135,135,100.0,-2.7704973523219727,0.0,True,True,True,True,135,1,938,4.879260615217779,0.01677128494578639,938,0.6365264536318278,1.6771284945786469,931,21.331585347002044,95.89241995274539,924,3749.197353568675,18162.47546106719,0,135,135,0.7166761166222424,0.7283165350802332,0.4914706678996624,0.8671460900857673,0.4709301864567934,0.8709702141301054
trial_0013_bite_010_transfer,trial_0013_bite_010,trial_0013,transfer,0,B1,135,135,100.0,-2.7704973523219727,0.15395785437635912,True,True,True,True,135,1,938,5.124093756461704,0.01660662855628825,938,0.6659536133613723,1.6606628556288328,931,21.787167727192735,99.95785362629111,924,3831.1655220136063,19001.76322801439,0,135,135,0.7425104134175307,0.7541546569139665,0.4950608387180956,0.9148117866870119,0.4709301864567934,0.9210879424872365
trial_0013_bite_010_transfer,trial_0013_bite_010,trial_0013,transfer,0,B2,135,135,100.0,-2.7704973523219727,0.0030708307575593174,True,True,True,True,135,1,938,4.636942639507019,0.016866993334182734,938,0.6110929236119247,1.6866993334182812,931,20.833025955926367,92.78958009989663,924,3654.9506436202264,17525.645110506357,0,135,135,0.6830793911671801,0.6953998764989584,0.486511028121983,0.8149690768344646,0.4709301864567934,0.8189945398112495
trial_0013_bite_010_transfer,trial_0013_bite_010,trial_0013,transfer,0,B3,135,135,100.0,-2.7704973523219727,0.005239029409299434,True,True,True,True,135,1,938,4.829293231775833,0.02630875863936644,938,0.6414427308738738,2.630875863936644,931,33.475848560149316,274.7026995382363,924,5724.7865202811445,28195.346748289176,0,135,135,0.6703500563159998,0.6875890940210541,0.46697061750096336,0.8086938881075166,0.4605449747307355,0.8119341115333554
trial_0013_bite_010_transfer,trial_0013_bite_010,trial_0013,transfer,0,StrongLocal,135,135,100.0,-2.7704973523219727,0.012806947423979143,True,True,True,True,135,1,938,4.869572953139745,0.024010216387339463,938,0.6427967273897374,2.4010216387339463,931,32.74955852380592,267.2152118995452,924,5627.796757790367,29255.427853383866,0,135,135,0.6802952818329724,0.6979676656514231,0.4712201055301633,0.8213088024058971,0.46200429277558164,0.8264582296077023
trial_0013_bite_010_transfer,trial_0013_bite_010,trial_0013,transfer,0,H_star,135,135,100.0,-2.7704973523219727,0.005146957102639682,True,True,True,True,135,1,938,4.920397798906327,0.030213035179534883,938,0.6608983055195115,3.021303517953488,931,41.9450570828669,355.4261021242521,924,7244.920155698156,43068.019436999224,0,135,135,0.6617436935377972,0.6793627223637468,0.4680265498487843,0.8012977629653897,0.4580646834679585,0.811637073737103
trial_0013_bite_010_transfer,trial_0013_bite_010,trial_0013,transfer,0,HumanGT,135,135,100.0,-2.7704973523219727,0.0,True,True,True,True,135,1,938,4.928682177865463,0.0165715552060266,938,0.650598026368473,1.6571555206026585,931,27.403686734841983,97.0702556444623,924,4862.885100534481,18394.39192632319,0,135,135,0.7032049220311832,0.7162471138960715,0.4778599192511084,0.8663096582761148,0.4709301864567934,0.8745741289719373
trial_0013_bite_010_withdrawal,trial_0013_bite_010,trial_0013,withdrawal,0,B0,140,140,100.0,-2.7186479650759883,0.0,True,True,True,True,140,1,973,6.389373138831667,0.03993277317943966,973,1.006750704112804,3.9932773179439627,966,33.60844042529801,238.13458341829863,959,5210.319938666952,33312.7745837988,0,140,140,0.46664416809146,0.31711045511461233,0.2871962624283747,0.850417623212916,0.2767827284719462,0.9099020569395844
trial_0013_bite_010_withdrawal,trial_0013_bite_010,trial_0013,withdrawal,0,B1,140,140,100.0,-2.7186479650759883,0.07918119717500982,True,True,True,True,140,1,973,6.214575300940212,0.040110157389069645,973,0.991375906374822,4.011015738906961,966,33.849868376810655,232.76666064382346,959,5248.033397418739,32204.429864673664,0,140,140,0.4931749665054221,0.3626806107026528,0.3247816354815656,0.8560452861709005,0.3143422125945199,0.9149385084018253
trial_0013_bite_010_withdrawal,trial_0013_bite_010,trial_0013,withdrawal,0,B2,140,140,100.0,-2.7186479650759883,0.0030708307575588734,True,True,True,True,140,1,973,5.730770304291563,0.0384431262521987,973,0.9098068910382128,3.8443126252198665,966,34.01178747662014,216.37888285457277,959,5257.3951844113935,30398.03448982333,0,140,140,0.5542106597771523,0.4674184210242026,0.3903760148159749,0.8525628946658802,0.37859924783508836,0.9150717258768011
trial_0013_bite_010_withdrawal,trial_0013_bite_010,trial_0013,withdrawal,0,B3,140,140,100.0,-2.7186479650759883,0.005239029409299878,True,True,True,True,140,1,973,6.234497186912547,0.04030410935518347,973,0.9534606090067343,4.0304109355183435,966,42.67955699565347,214.8379601648239,959,6981.8441583086915,30040.820258751974,0,140,140,0.5558395895276984,0.47985293886087754,0.3817749142588791,0.8549653635893216,0.3693422872425671,0.9165993958418328
trial_0013_bite_010_withdrawal,trial_0013_bite_010,trial_0013,withdrawal,0,StrongLocal,140,140,100.0,-2.7186479650759883,0.046107051035147784,True,True,True,True,140,1,973,6.165198511953038,0.04066524078938727,973,0.9464951795202212,4.066524078938723,966,42.1351072408485,222.6135196811714,959,6903.950424408779,30250.920403394855,0,140,140,0.5598992583222488,0.48429563320323177,0.38857082686225203,0.8549704290342534,0.37835253716694095,0.9165831388609913
trial_0013_bite_010_withdrawal,trial_0013_bite_010,trial_0013,withdrawal,0,H_star,140,140,100.0,-2.7186479650759883,0.07533133525498226,True,True,True,True,140,1,973,6.405477866342599,0.04024644348954687,973,0.9541996217768179,4.024644348954683,966,47.39712904920723,212.64579412170156,959,7771.168226798578,34438.23317602392,0,140,140,0.5747200475849448,0.5318423633745658,0.3905697329585492,0.8545647214108384,0.3748597153839077,0.9170049848021513
trial_0013_bite_010_withdrawal,trial_0013_bite_010,trial_0013,withdrawal,0,HumanGT,140,140,100.0,-2.7186479650759883,0.0,True,True,True,True,140,1,973,5.885347836082191,0.03681776960444205,973,0.904606978552986,3.681776960444202,966,35.62143567797133,220.4848496660268,959,5595.55105965867,29677.211645326515,0,140,140,0.5513018560092884,0.47956683735820893,0.3821537591257033,0.8509855608637645,0.36958068684304735,0.914481955928184
trial_0013_bite_011_transfer,trial_0013_bite_011,trial_0013,transfer,0,B0,131,131,100.0,-2.575383520219882,0.0,True,True,True,True,131,1,910,3.626478850836601,0.04264022495004127,910,0.5189349298804479,4.264022495004124,903,37.1304517342555,442.036604521853,896,6316.377653696265,83653.61673224681,0,131,131,0.46725143747888015,0.46632411949600083,0.33022114897251686,0.6073360704321489,0.3195863663584082,0.6257866270624888
trial_0013_bite_011_transfer,trial_0013_bite_011,trial_0013,transfer,0,B1,131,131,100.0,-2.575383520219882,0.15395785437635912,True,True,True,True,131,1,910,3.7913201779575303,0.04262769010644751,910,0.5414548425202357,4.262769010644748,903,37.586444571531445,451.9223908280803,896,6396.403616209407,85537.32836820815,0,131,131,0.49375092352396643,0.5060286162935945,0.33512527861397234,0.6405377748452973,0.32283794947232214,0.6594027316772273
trial_0013_bite_011_transfer,trial_0013_bite_011,trial_0013,transfer,0,B2,131,131,100.0,-2.575383520219882,0.0030708307575588734,True,True,True,True,131,1,910,3.4774953326606477,0.04264620226675708,910,0.4920567887455644,4.264620226675705,903,35.881866322815156,422.80442816107137,896,6100.274882996461,80087.24269016711,0,131,131,0.4292577602971422,0.4232962255175172,0.32345416437467567,0.5549897153016206,0.3182720494535236,0.5722310724236577
trial_0013_bite_011_transfer,trial_0013_bite_011,trial_0013,transfer,0,B3,131,131,100.0,-2.575383520219882,0.005239029409299434,True,True,True,True,131,1,910,3.6702045998773474,0.042620127676818775,910,0.5248819677228875,4.262012767681874,903,45.13472157348715,457.32132759716137,896,7885.202273498308,80010.45616168345,0,131,131,0.4259559928994727,0.4238922991853453,0.3156499145078193,0.554980862969307,0.3103703951316219,0.5741054827951224
trial_0013_bite_011_transfer,trial_0013_bite_011,trial_0013,transfer,0,StrongLocal,131,131,100.0,-2.575383520219882,0.015909324806402392,True,True,True,True,131,1,910,3.7142860763419114,0.04846885913437049,910,0.5630165494266219,4.846885913437045,903,57.220274840004556,772.9053553405571,896,10218.979301571198,125548.74571968321,0,131,131,0.4349602278646185,0.43347321646057324,0.3193887109847877,0.5666992475241759,0.31432091960545727,0.5864435855071275
trial_0013_bite_011_transfer,trial_0013_bite_011,trial_0013,transfer,0,H_star,131,131,100.0,-2.575383520219882,0.005650701253386625,True,True,True,True,131,1,910,3.8934172056217733,0.06543573852244933,910,0.6437036260885307,6.5435738522449265,903,79.16217302027309,1087.8223605818762,896,14272.238253486707,176401.55139544106,0,131,131,0.42686977162435946,0.4282787391204952,0.31693074405995336,0.5522421329106902,0.31269444645802724,0.569611117473035
trial_0013_bite_011_transfer,trial_0013_bite_011,trial_0013,transfer,0,HumanGT,131,131,100.0,-2.575383520219882,0.0,True,True,True,True,131,1,910,3.7638404531904044,0.04263467213996198,910,0.5354539179289219,4.263467213996194,903,41.14209194062331,443.53581071426754,896,7077.216509061186,82966.82765717489,0,131,131,0.4723521298511559,0.4821241250857202,0.3307922928597601,0.611330540396948,0.32082611598345223,0.6296314510512824
trial_0013_bite_011_withdrawal,trial_0013_bite_011,trial_0013,withdrawal,0,B0,118,118,100.0,-2.603304990801717,0.0,True,True,True,True,118,1,819,6.799669517591777,0.04334952217277621,819,1.2525155925934244,4.334952217277642,812,32.32658474749869,185.03814573071122,805,4649.835861043695,26376.535084826115,0,118,118,0.41156552501731397,0.21722556835854334,0.16005152131265526,0.862762043363444,0.15177088734611832,0.9348493164813085
trial_0013_bite_011_withdrawal,trial_0013_bite_011,trial_0013,withdrawal,0,B1,118,118,100.0,-2.603304990801717,0.07918119717500982,True,True,True,True,118,1,819,6.725645011529414,0.04412988726679856,819,1.2412051230115482,4.412988726679877,812,32.40618808849339,179.67478567021158,805,4654.602863871779,25295.789504789325,0,118,118,0.4314351012144892,0.24769395065550714,0.18394923301563537,0.8741287006739652,0.17665535260958176,0.949862437979637
trial_0013_bite_011_withdrawal,trial_0013_bite_011,trial_0013,withdrawal,0,B2,118,118,100.0,-2.603304990801717,0.0030708307575588734,True,True,True,True,118,1,819,6.378448161618772,0.04245786742209212,819,1.1570389186133454,4.245786742209232,812,32.3149015669509,152.63049633091416,805,4610.24999529232,22345.431095497523,0,118,118,0.4912595660935717,0.3601713190570557,0.2763776008376019,0.8640729300958236,0.26760568265859774,0.9415467954014289
trial_0013_bite_011_withdrawal,trial_0013_bite_011,trial_0013,withdrawal,0,B3,118,118,100.0,-2.603304990801717,0.005239029409299434,True,True,True,True,118,1,819,6.874540971795167,0.04269464820658264,819,1.210890198352519,4.269464820658261,812,41.76999214348789,170.91356618161382,805,6383.684507012236,26015.332681601023,0,118,118,0.48933111977308164,0.36367751960222927,0.263946790847785,0.8589414962767673,0.2496095440249242,0.9360488776203786
trial_0013_bite_011_withdrawal,trial_0013_bite_011,trial_0013,withdrawal,0,StrongLocal,118,118,100.0,-2.603304990801717,0.010197877400731414,True,True,True,True,118,1,819,6.8085733800688555,0.04300332362441406,819,1.2084470238791982,4.300332362441426,812,41.48504931035775,192.33700708089572,805,6307.647450950708,27968.329934782967,0,118,118,0.4925029041233026,0.36551069681982007,0.2711039712661904,0.8596303696592654,0.256039125925386,0.939980360008132
trial_0013_bite_011_withdrawal,trial_0013_bite_011,trial_0013,withdrawal,0,H_star,118,118,100.0,-2.603304990801717,0.026656904491216604,True,True,True,True,118,1,819,6.938935867579728,0.043416283712146786,819,1.2119086835551904,4.341628371214699,812,47.73245716232368,199.4313787603504,805,7550.980444377329,33665.123723884,0,118,118,0.5010919783183578,0.3815262148262355,0.30033794493296845,0.8578339335935792,0.2860095569388985,0.9287423939595154
trial_0013_bite_011_withdrawal,trial_0013_bite_011,trial_0013,withdrawal,0,HumanGT,118,118,100.0,-2.603304990801717,0.0,True,True,True,True,118,1,819,6.304045922865209,0.040895370442935786,819,1.1440478311878297,4.089537044293597,812,34.490044294634714,156.33560172901161,805,5159.020996423127,23546.432882362467,0,118,118,0.5072297883426691,0.3823186295686303,0.30957539100312703,0.8654757920891212,0.2979498072049971,0.9408946949905719
trial_0013_bite_012_transfer,trial_0013_bite_012,trial_0013,transfer,0,B0,140,140,100.0,-2.8432515536222556,0.0,True,True,True,True,140,1,973,3.8481035984063987,0.017765711010992113,973,0.5081872938002377,1.7765711010992098,966,26.14735276941114,115.75400938061509,959,4518.256586055725,20117.396982386406,0,140,140,0.6927142367685228,0.7200010411341093,0.3931420965506821,0.8698410195169592,0.37245543703269113,0.8887187324249464
trial_0013_bite_012_transfer,trial_0013_bite_012,trial_0013,transfer,0,B1,140,140,100.0,-2.8432515536222556,0.15395785437635956,True,True,True,True,140,1,973,4.077025943654281,0.017771817726502267,973,0.5362225927565275,1.777181772650225,966,26.559112252581514,118.73837394099397,959,4592.366902329665,20726.89376703701,0,140,140,0.7162276510737793,0.750939686842877,0.39630538539608046,0.898826306108,0.37245543703269113,0.91634463102372
trial_0013_bite_012_transfer,trial_0013_bite_012,trial_0013,transfer,0,B2,140,140,100.0,-2.8432515536222556,0.0030708307575584293,True,True,True,True,140,1,973,3.514038986804465,0.01776105813003781,973,0.46367061718056435,1.7761058130037795,966,25.383085957109703,104.92006041122171,959,4377.341533749744,16564.578800296276,0,140,140,0.6499040762609823,0.6761213021352304,0.38724550471325603,0.8118909025084471,0.37245543703269113,0.8301547580429509
trial_0013_bite_012_transfer,trial_0013_bite_012,trial_0013,transfer,0,B3,140,140,100.0,-2.8432515536222556,0.00523902940929899,True,True,True,True,140,1,973,3.704270104027801,0.02943283661743701,973,0.5027552324963324,2.9432836617436986,966,39.6630765514033,328.57672186904216,959,7058.205193417424,58731.60963093966,0,140,140,0.6428185162297532,0.6734044598480571,0.37508491027889174,0.8071019966937918,0.36404829645351144,0.8256145708895646
trial_0013_bite_012_transfer,trial_0013_bite_012,trial_0013,transfer,0,StrongLocal,140,140,100.0,-2.8432515536222556,0.012407184380827996,True,True,True,True,140,1,973,3.7168044026975586,0.03282195843182922,973,0.5012159439264813,3.2821958431829192,966,37.79909692108683,354.40119561065785,959,6607.040038822521,64818.13878010039,0,140,140,0.6502982123877383,0.6812202672502154,0.378873486554748,0.8143867372903124,0.36804030277542,0.8333199380211207
trial_0013_bite_012_transfer,trial_0013_bite_012,trial_0013,transfer,0,H_star,140,140,100.0,-2.8432515536222556,0.0052424293543213984,True,True,True,True,140,1,973,3.813103336418693,0.04437776165870044,973,0.5354019030019143,4.437776165870041,966,52.69436872109162,563.4809295720879,959,9393.416490996296,97894.93890785625,0,140,140,0.6346003953062064,0.6669558913349815,0.38258981721072666,0.7911992706884569,0.36787420770620094,0.8061413745882291
trial_0013_bite_012_transfer,trial_0013_bite_012,trial_0013,transfer,0,HumanGT,140,140,100.0,-2.8432515536222556,0.0,True,True,True,True,140,1,973,3.4908847920462622,0.0177431346806447,973,0.46051135611785526,1.7743134680644685,966,29.74552445907712,112.87467075203209,959,5215.511633622613,22285.9512024684,0,140,140,0.633243619410674,0.6671182555091093,0.3815043182057608,0.784524084834487,0.3724281116178698,0.8034175575979816
trial_0013_bite_012_withdrawal,trial_0013_bite_012,trial_0013,withdrawal,0,B0,27,27,100.0,-2.6380653027206167,0.0,True,True,True,True,27,1,182,1.7925213912261375,0.02586054912984359,182,1.1875442975279424,2.586054912984357,175,30.471268827474955,129.04450720183613,168,5048.425945963092,18908.149457352807,0,27,27,0.868327654783088,0.8666662786797392,0.7716831792797916,0.9595331506069132,0.7630127632654826,0.965634716009486
trial_0013_bite_012_withdrawal,trial_0013_bite_012,trial_0013,withdrawal,0,B1,27,27,100.0,-2.6380653027206167,0.07918119717500982,True,True,True,True,27,1,182,1.7944371688275127,0.0259392728535639,182,1.1864629844024324,2.5939272853563877,175,30.86169426903163,130.94542773048417,168,5113.500113359957,19194.206742327802,0,27,27,0.871670667550685,0.872572209423411,0.7723849099853686,0.9624256750662498,0.7630127632654826,0.9768063021553246
trial_0013_bite_012_withdrawal,trial_0013_bite_012,trial_0013,withdrawal,0,B2,27,27,100.0,-2.6380653027206167,0.0030708307575593174,True,True,True,True,27,1,182,1.7913937977321979,0.02508289728749613,182,1.1786098464237609,2.508289728749611,175,29.656057115652263,123.34264632197534,168,4927.986945824371,17884.456212951383,0,27,27,0.8629864318272217,0.8608955372879756,0.7707945136207209,0.9476435633050564,0.7630127632654826,0.9595929555868645
trial_0013_bite_012_withdrawal,trial_0013_bite_012,trial_0013,withdrawal,0,B3,27,27,100.0,-2.6380653027206167,0.005239029409299434,True,True,True,True,27,1,182,1.8335865925443038,0.027638572346710077,182,1.1902199321458407,2.7638572346710077,175,43.22826589408168,223.77195169380747,168,6636.760481781917,26801.677390859262,0,27,27,0.8512349395416167,0.8512458330235653,0.7632663869898307,0.9392648345470844,0.7577763441896535,0.9479883389842283
trial_0013_bite_012_withdrawal,trial_0013_bite_012,trial_0013,withdrawal,0,StrongLocal,27,27,100.0,-2.6380653027206167,0.017506189926375537,True,True,True,True,27,1,182,1.8091685827562478,0.02539955526706006,182,1.1792300169731718,2.5399555267060037,175,39.116924744020665,180.26385512753595,168,6062.85409912396,21201.396123446964,0,27,27,0.8548613829296069,0.8573563934146096,0.7640610650046767,0.9445337119040613,0.7600981298368961,0.9499500803032284
trial_0013_bite_012_withdrawal,trial_0013_bite_012,trial_0013,withdrawal,0,H_star,27,27,100.0,-2.6380653027206167,0.041845840922857924,True,True,True,True,27,1,182,1.8627139418119747,0.03649932042778303,182,1.2205178449682306,3.6499320427783033,175,52.33834986204882,324.76465750910677,168,7621.676032102986,38042.02099037069,0,27,27,0.8453172724340794,0.8491414199752172,0.7610769569391256,0.9321693487097628,0.7536253990819768,0.9423634232997715
trial_0013_bite_012_withdrawal,trial_0013_bite_012,trial_0013,withdrawal,0,HumanGT,27,27,100.0,-2.6380653027206167,0.0,True,True,True,True,27,1,182,1.785966989917139,0.0234111252266489,182,1.1649477735546319,2.3411125226648877,175,30.623459705045434,126.02097724629479,168,5052.882360659218,19741.54724332685,0,27,27,0.8581602221091729,0.8609972107744519,0.7701748201858518,0.9405031391256653,0.7630127632654826,0.9480352193317798
trial_0013_bite_012_withdrawal,trial_0013_bite_012,trial_0013,withdrawal,1,B0,67,67,100.0,-2.6632099281426833,0.0,True,True,True,True,67,1,462,2.6299535963258673,0.02799434437429671,462,0.8471296679372406,2.7994344374296682,455,26.062885099667653,122.80288787343419,448,4121.05792162658,19069.22117225911,0,67,67,0.7234393570355913,0.738680300901049,0.6369947550666931,0.8207926050523562,0.6352408911290641,0.8343566201927206
trial_0013_bite_012_withdrawal,trial_0013_bite_012,trial_0013,withdrawal,1,B1,67,67,100.0,-2.6632099281426833,0.11543795181834327,True,True,True,True,67,1,462,2.5399774974672207,0.027230607931249207,462,0.827942597212871,2.7230607931249184,455,26.38423379442708,125.02951113710891,448,4179.326694503537,19604.022609449534,0,67,67,0.7528582288722406,0.770142094426568,0.6944600092693031,0.8319004441338683,0.692079664319329,0.8451098902253764
trial_0013_bite_012_withdrawal,trial_0013_bite_012,trial_0013,withdrawal,1,B2,67,67,100.0,-2.6632099281426833,0.0172166149385653,True,True,True,True,67,1,462,2.3717457879242407,0.027465397856981433,462,0.7978251941706803,2.746539785698141,455,26.873131237963225,125.95753808706233,448,4264.13528214628,19959.16803646607,0,67,67,0.7950175363371211,0.7866790964289645,0.7446859005456964,0.8610333419334968,0.7429779270571808,0.8676549470913684
trial_0013_bite_012_withdrawal,trial_0013_bite_012,trial_0013,withdrawal,1,B3,67,67,100.0,-2.6632099281426833,0.00554495304946645,True,True,True,True,67,1,462,2.518974686855973,0.028076943221825523,462,0.8067146909996599,2.807694322182565,455,35.199995457934534,148.09530056405924,448,5938.171193441283,28825.583215180173,0,67,67,0.7866378728337371,0.7865501794099272,0.7184536261252239,0.8768019074981708,0.7155798825168493,0.8878247647916728
trial_0013_bite_012_withdrawal,trial_0013_bite_012,trial_0013,withdrawal,1,StrongLocal,67,67,100.0,-2.6632099281426833,0.024465705779281866,True,True,True,True,67,1,462,2.440991439289912,0.027781505816928398,462,0.7954876836491578,2.7781505816928527,455,31.06458662969999,129.82155887430037,448,5082.772798414739,19238.685418201563,0,67,67,0.7965863501197956,0.7865501794099272,0.7399663840767841,0.8767125667601173,0.7386392232578756,0.8850770553542646
trial_0013_bite_012_withdrawal,trial_0013_bite_012,trial_0013,withdrawal,1,H_star,67,67,100.0,-2.6632099281426833,0.017981039449296077,True,True,True,True,67,1,462,2.485451919935586,0.02852807083027598,462,0.7979991523742631,2.8528070830276113,455,39.13535605555735,143.9963210609727,448,6620.467852397501,26961.80557946508,0,67,67,0.8354390757424559,0.8260552935494234,0.7775411921266812,0.9201391740716011,0.7662845656350132,0.9270875269113394
trial_0013_bite_012_withdrawal,trial_0013_bite_012,trial_0013,withdrawal,1,HumanGT,67,67,100.0,-2.6632099281426833,0.0,True,True,True,True,67,1,462,2.3770169310173683,0.0290814882209105,462,0.7763428026226317,2.9081488220910474,455,30.470408223983117,139.90351884067806,448,4890.1416048619885,22538.069273315417,0,67,67,0.8576633745710579,0.8586537938806442,0.7865667239486844,0.9158819620968085,0.785341367728388,0.9270851658392734
trial_0014_bite_001_transfer,trial_0014_bite_001,trial_0014,transfer,0,B0,156,139,89.1025641025641,-3.0561683453654713,0.0,True,True,True,True,139,1,966,9.96385771061475,1.843527172064497,966,8.518599115173707,184.35271720644954,959,1204.0109148927163,19457.61071751892,952,205328.21835284057,3713502.074085569,1,139,139,0.44765214547242194,0.3992446144737938,0.31547028518169634,0.6787843038231509,0.20899711746041483,0.7010021912242479
trial_0014_bite_001_transfer,trial_0014_bite_001,trial_0014,transfer,0,B1,156,144,92.3076923076923,-3.0561683453654713,0.14588901211879346,True,True,True,True,144,2,994,8.871997143041835,1.463174083264651,994,6.652127081684792,146.31740832646497,987,720.7246086929388,15935.53763737817,980,77463.2832920857,1698276.4571159438,1,144,144,0.4586739129181743,0.4093873818199679,0.31156355152416093,0.7003643529036137,0.21216124531287495,0.7250457851767571
trial_0014_bite_001_transfer,trial_0014_bite_001,trial_0014,transfer,0,B2,156,135,86.53846153846155,-3.0561683453654713,0.007971347858301225,True,True,True,True,135,1,938,10.342809913736811,2.210914488198619,938,10.331631819159233,221.0914488198617,931,1142.8110103939528,24603.72358140784,924,120731.2799558883,2592945.6419677497,1,135,135,0.43235446275935774,0.3854945661716016,0.3080326593484885,0.6444842296747211,0.20820008386241717,0.6693421179453367
trial_0014_bite_001_transfer,trial_0014_bite_001,trial_0014,transfer,0,B3,156,135,86.53846153846155,-3.0561683453654713,0.008638470242128271,True,True,True,True,135,1,938,10.040622277933101,2.044573529692117,938,9.558358408863544,204.4573529692115,931,1054.3726976980115,22702.19551108437,924,111192.25356172842,2387919.6481315703,1,135,135,0.43224159534597445,0.38820548265906574,0.30705636203239944,0.6474866516161355,0.20552819202022832,0.6722054470664995
trial_0014_bite_001_transfer,trial_0014_bite_001,trial_0014,transfer,0,StrongLocal,156,136,87.17948717948718,-3.0561683453654713,0.028950026011337116,True,True,True,True,136,1,945,9.419129196143443,1.6985638543729824,945,7.932538459183378,169.8563854372981,938,1137.5495161706363,18577.103278768744,931,184183.96932494,3462006.257891657,1,136,136,0.43528147962938085,0.39123654294514987,0.3120542559388073,0.6496042271245357,0.20263767081919504,0.6741572902258035
trial_0014_bite_001_transfer,trial_0014_bite_001,trial_0014,transfer,0,H_star,156,135,86.53846153846155,-3.0561683453654713,0.015188038937091086,True,True,True,True,135,1,938,9.896570236502075,1.8940041902919413,938,8.85692788009055,189.40041902919396,931,969.2588579536616,20857.077275660864,924,101540.82473939465,2175484.3180936743,1,135,135,0.43375499176701077,0.3903460827488807,0.3071530892275651,0.6495375475431948,0.20392559851896763,0.6738263419636219
trial_0014_bite_001_transfer,trial_0014_bite_001,trial_0014,transfer,0,HumanGT,156,134,85.8974358974359,-3.0561683453654713,0.0,True,True,True,True,134,1,931,10.032003651574366,2.021102025054026,931,9.471468579309292,202.1102025054024,924,1025.2006963852566,21978.962563346064,917,106734.5625923662,2279418.5210519023,1,134,134,0.4193231589648208,0.37610231953899675,0.30388140232425026,0.6208036516002444,0.19575678236352978,0.6417588600349831
trial_0014_bite_001_withdrawal,trial_0014_bite_001,trial_0014,withdrawal,0,B0,98,98,100.0,-2.8529784962180584,0.0,True,True,True,True,98,1,679,3.4605529585985537,0.01999842388262074,679,0.6608942118148216,1.9998423882620835,672,16.484662945823686,90.60408219895494,665,2585.7037795079927,14578.367410002134,0,98,98,0.7691750715986267,0.7971924975588509,0.5746571850196353,0.9162923782806217,0.5585681237577838,0.9314355685892144
trial_0014_bite_001_withdrawal,trial_0014_bite_001,trial_0014,withdrawal,0,B1,98,98,100.0,-2.8529784962180584,0.07049917269506256,True,True,True,True,98,1,679,3.3250483494947787,0.02001854703433636,679,0.6433754230899125,2.0018547034336454,672,16.717872430980268,89.89738493518456,665,2618.933848867037,14676.959878133066,0,98,98,0.8124104136098953,0.8877011525430203,0.5767515486099601,0.9680221470977894,0.5585681237577838,0.9811624927998128
trial_0014_bite_001_withdrawal,trial_0014_bite_001,trial_0014,withdrawal,0,B2,98,98,100.0,-2.8529784962180584,0.00797134785830167,True,True,True,True,98,1,679,3.3403269578580055,0.019992860262858514,679,0.6409349164256859,1.9992860262858607,672,16.430129840508044,88.85685985423369,665,2576.1614091038546,14315.691246284468,0,98,98,0.7782778999288125,0.8257360421312625,0.5746006576797899,0.9223624457912065,0.5585681237577838,0.938287089368746
trial_0014_bite_001_withdrawal,trial_0014_bite_001,trial_0014,withdrawal,0,B3,98,98,100.0,-2.8529784962180584,0.008638470242128715,True,True,True,True,98,1,679,3.474649825240217,0.01996721843816207,679,0.6507827456063112,1.9967218438162164,672,27.061278345972603,167.98567712127593,665,4451.484113373584,29438.111775404708,0,98,98,0.7755609344607096,0.817453915650947,0.5726852951721384,0.9297131030834843,0.5585681237577838,0.9430485112342577
trial_0014_bite_001_withdrawal,trial_0014_bite_001,trial_0014,withdrawal,0,StrongLocal,98,98,100.0,-2.8529784962180584,0.003018933160036763,True,True,True,True,98,1,679,3.3742025130500464,0.01989016856973258,679,0.6456217937671745,1.9890168569732674,672,27.66243083369628,118.60746169817449,665,4798.8054379854575,19590.98855411778,0,98,98,0.7947860427189909,0.8553697260900592,0.5746039046462976,0.9486066411119665,0.5585681237577838,0.9642079570675905
trial_0014_bite_001_withdrawal,trial_0014_bite_001,trial_0014,withdrawal,0,H_star,98,98,100.0,-2.8529784962180584,0.0008425391976385477,True,True,True,True,98,1,679,3.459711466132355,0.01987844064275812,679,0.6578900353974683,1.9878440642758215,672,35.86341537645369,145.9780534819721,665,6286.168639766513,26296.400696027777,0,98,98,0.7870391041051146,0.8524641716739843,0.5738868864876063,0.9373214230958027,0.5585681237577838,0.9522716853136606
trial_0014_bite_001_withdrawal,trial_0014_bite_001,trial_0014,withdrawal,0,HumanGT,98,98,100.0,-2.8529784962180584,0.0,True,True,True,True,98,1,679,3.025079736856851,0.02003432552588169,679,0.5935744534732491,2.0034325525881784,672,19.815455391933412,87.65415506205339,665,3218.255224643533,13310.126170717547,0,98,98,0.8575699031641474,0.9289668876279897,0.5746449599698206,1.069587986419484,0.5585681237577838,1.074710124975569
trial_0014_bite_002_transfer,trial_0014_bite_002,trial_0014,transfer,0,B0,174,174,100.0,-2.9287132203527557,0.0,True,True,True,True,174,1,1211,4.260019874655914,0.013207129674586813,1211,0.4188083120897508,1.3207129674586802,1204,15.3181855666217,106.9016026490475,1197,2502.4583008661007,20328.093812341966,0,174,174,0.7056717656228356,0.7081568220194736,0.5180979909210456,0.8506309987075954,0.5075756287351583,0.8709641775572017
trial_0014_bite_002_transfer,trial_0014_bite_002,trial_0014,transfer,0,B1,174,174,100.0,-2.9287132203527557,0.14588901211879346,True,True,True,True,174,1,1211,4.534025150232632,0.013763915345564204,1211,0.44998894845165,1.376391534556419,1204,15.531236008942397,110.21053510648285,1197,2539.028360355344,20883.99448619155,0,174,174,0.7259638670002907,0.7294324816130837,0.5226295506986732,0.8804412766530599,0.5082265341088068,0.8980425381766861
trial_0014_bite_002_transfer,trial_0014_bite_002,trial_0014,transfer,0,B2,174,174,100.0,-2.9287132203527557,0.007971347858300781,True,True,True,True,174,1,1211,3.935468722566056,0.012249017847939747,1211,0.38278531692383216,1.2249017847939736,1204,15.059543535605306,93.05948084717281,1197,2454.0415320470493,17966.31100646668,0,174,174,0.6693410776942623,0.6713304713107946,0.5104702011472245,0.8019563562612615,0.5060253063747568,0.8247348741876754
trial_0014_bite_002_transfer,trial_0014_bite_002,trial_0014,transfer,0,B3,174,174,100.0,-2.9287132203527557,0.008638470242128271,True,True,True,True,174,1,1211,4.1086347708119275,0.016757970764987196,1211,0.4067927438632661,1.6757970764987196,1204,22.845653927193172,165.6781938700691,1197,3823.2332444813505,21604.616974411907,0,174,174,0.6641738716957923,0.6686683658192932,0.49323509811745336,0.802965446644695,0.4916750780444479,0.8252126302849563
trial_0014_bite_002_transfer,trial_0014_bite_002,trial_0014,transfer,0,StrongLocal,174,174,100.0,-2.9287132203527557,0.012506901038579876,True,True,True,True,174,1,1211,4.145906951842087,0.014627746571612699,1211,0.4136181674383433,1.4627746571612699,1204,28.050734119676108,184.69434749918767,1197,4821.749658299965,30757.254493124634,0,174,174,0.6620504839154753,0.6663022415187827,0.4955006287466017,0.7992818341324119,0.4933341712650694,0.8204232740298372
trial_0014_bite_002_transfer,trial_0014_bite_002,trial_0014,transfer,0,H_star,174,174,100.0,-2.9287132203527557,0.00492440786067716,True,True,True,True,174,1,1211,4.330185738062902,0.017536347139231356,1211,0.4381379956995985,1.753634713923134,1204,36.48672707583152,210.20508805297897,1197,6348.4546398437,34827.79398948334,0,174,174,0.6636014875323621,0.6675804093973898,0.4971423283922978,0.8011183409167507,0.49088590358845696,0.821769371843416
trial_0014_bite_002_transfer,trial_0014_bite_002,trial_0014,transfer,0,HumanGT,174,174,100.0,-2.9287132203527557,0.0,True,True,True,True,174,1,1211,4.0647914778047,0.012355606449898415,1211,0.4005020494620306,1.2355606449898404,1204,17.404939312361172,109.16816481439699,1197,2931.7435937999467,20839.98081515931,0,174,174,0.67931956309754,0.6823859302351087,0.5131241258112017,0.8147862650425785,0.5080555674929819,0.834481815573688
trial_0014_bite_002_withdrawal,trial_0014_bite_002,trial_0014,withdrawal,0,B0,109,109,100.0,-2.8541286227500433,0.0,True,True,True,True,109,1,756,6.649532586847759,0.04456125894137486,756,1.2044725707146295,4.456125894137482,749,20.758140526282652,93.9208987134332,742,2407.6691148314344,11789.188749230727,0,109,109,0.6974723054363012,0.6946482426212368,0.3602060062736497,0.9576367453132483,0.2573567396526215,0.9965323538472779
trial_0014_bite_002_withdrawal,trial_0014_bite_002,trial_0014,withdrawal,0,B1,109,109,100.0,-2.8541286227500433,0.07049917269506212,True,True,True,True,109,1,756,6.744330029740746,0.04637360721262773,756,1.2313623962610674,4.637360721262769,749,21.58696330554949,97.56346987580305,742,2474.6948385464057,12153.754008749258,0,109,109,0.7104105760907093,0.6993251104469245,0.455337297862428,0.9674280468151525,0.3491793427936507,1.0099642432636426
trial_0014_bite_002_withdrawal,trial_0014_bite_002,trial_0014,withdrawal,0,B2,109,109,100.0,-2.8541286227500433,0.007971347858300781,True,True,True,True,109,1,756,6.499313449771131,0.04654583270355683,756,1.1682732901287898,4.654583270355679,749,21.935313571192477,96.48632743974854,742,2510.2142496465713,12800.69775754852,0,109,109,0.7131997941351862,0.6953084584909952,0.5328195379500499,0.9558482133431291,0.4818550853710253,0.9952652609381434
trial_0014_bite_002_withdrawal,trial_0014_bite_002,trial_0014,withdrawal,0,B3,109,109,100.0,-2.8541286227500433,0.008638470242128271,True,True,True,True,109,1,756,6.483997872210718,0.047715332603206484,756,1.1913243169783492,4.771533260320644,749,28.908851220443783,175.3054855610258,742,3871.177747688663,28034.15202206414,0,109,109,0.712686969699856,0.6948108502657648,0.5321088094307048,0.9561370317504111,0.48923171577107105,0.9975140112777909
trial_0014_bite_002_withdrawal,trial_0014_bite_002,trial_0014,withdrawal,0,StrongLocal,109,109,100.0,-2.8541286227500433,0.03964804413239875,True,True,True,True,109,1,756,6.611477766869566,0.050250875551065555,756,1.2223949714363733,5.025087555106551,749,34.807147888175884,251.19003376982346,742,5274.398060670034,41221.37323414506,0,109,109,0.7154696217147689,0.6969812272145566,0.530749666506866,0.9605237056759472,0.5297928040815223,1.0093474064927879
trial_0014_bite_002_withdrawal,trial_0014_bite_002,trial_0014,withdrawal,0,H_star,109,109,100.0,-2.8541286227500433,0.009218955985468291,True,True,True,True,109,1,756,6.659896685948398,0.04808604141388528,756,1.2130267466932145,4.808604141388524,749,44.33893478258085,401.94432143110214,742,7297.394086970867,58172.98704018902,0,109,109,0.7139360094617929,0.6943927055935237,0.5316010889826355,0.9578561451246209,0.5265377985861344,1.003281271683444
trial_0014_bite_002_withdrawal,trial_0014_bite_002,trial_0014,withdrawal,0,HumanGT,109,109,100.0,-2.8541286227500433,0.0,True,True,True,True,109,1,756,6.254788456588827,0.04967483546572016,756,1.1628832996492324,4.967483546572011,749,22.652398779335538,105.9654354840854,742,2625.0505242085637,15443.773366145653,0,109,109,0.7061455020734844,0.6907528636728024,0.5317659909053838,0.936420731436695,0.5096728184747379,0.9801870053855661
trial_0014_bite_003_transfer,trial_0014_bite_003,trial_0014,transfer,0,B0,132,132,100.0,3.13951318946339,0.0,True,True,True,True,132,1,917,3.5923664827755672,0.013935433228716043,917,0.4903060534760691,1.393543322871604,910,13.222197738609308,159.38839009244506,903,2060.3851419345115,28430.03930397111,0,132,132,0.638680376213874,0.6367464837779712,0.5585148514637825,0.7209050783515266,0.5521511080912749,0.7290673399068643
trial_0014_bite_003_transfer,trial_0014_bite_003,trial_0014,transfer,0,B1,132,132,100.0,3.13951318946339,0.14588901211879302,True,True,True,True,132,1,917,3.989409365023142,0.014923559432308942,917,0.5352964716772121,1.492355943230894,910,13.336471832316949,159.63962268988192,903,2078.5914119715176,28495.70319797441,0,132,132,0.6537634810218748,0.6521380246193361,0.5729421701594675,0.7408071156430894,0.5668046564653793,0.7492632872550131
trial_0014_bite_003_transfer,trial_0014_bite_003,trial_0014,transfer,0,B2,132,132,100.0,3.13951318946339,0.007971347858301225,True,True,True,True,132,1,917,3.214175797453273,0.01222880339971155,917,0.43325755955360395,1.2228803399711539,910,12.855978068827726,146.62031409907047,903,2000.9833920888605,26242.473631729416,0,132,132,0.6047493384341743,0.606881708844738,0.5320053087217842,0.6748618043203544,0.5259050862946015,0.6804091243370944
trial_0014_bite_003_transfer,trial_0014_bite_003,trial_0014,transfer,0,B3,132,132,100.0,3.13951318946339,0.008638470242128715,True,True,True,True,132,1,917,3.4621526522355035,0.02867711667449946,917,0.4680410000668912,2.867711667449946,910,22.751148234445484,250.6058833399072,903,3408.765987373714,30647.29221196782,0,132,132,0.6002571350311877,0.5995363973521001,0.5340222195192815,0.6766202227231467,0.5276276436438145,0.6830847616513913
trial_0014_bite_003_transfer,trial_0014_bite_003,trial_0014,transfer,0,StrongLocal,132,132,100.0,3.13951318946339,0.005768465803166922,True,True,True,True,132,1,917,3.4647351968717457,0.02388233549551444,917,0.4656400041768337,2.388233549551444,910,24.86519027970911,217.003907963651,903,4059.669126936994,34737.6780103221,0,132,132,0.6007253319003433,0.6001704434149674,0.5377014028530753,0.6752757721947439,0.5316119820366412,0.6829526639952637
trial_0014_bite_003_transfer,trial_0014_bite_003,trial_0014,transfer,0,H_star,132,132,100.0,3.13951318946339,0.002492750726510007,True,True,True,True,132,1,917,3.583694961916203,0.0275173418058543,917,0.4901225569760224,2.75173418058543,910,33.893465357773024,334.7994770758914,903,5685.21432990698,52994.06072922574,0,132,132,0.6012121850114762,0.5997757361511903,0.5364102102881548,0.6751347158042781,0.5307851431994557,0.6825424057204497
trial_0014_bite_003_transfer,trial_0014_bite_003,trial_0014,transfer,0,HumanGT,132,132,100.0,3.13951318946339,0.0,True,True,True,True,132,1,917,3.0783877249823997,0.012415161705610522,917,0.4217638391761925,1.2415161705610525,910,14.786680047628977,162.53649642514938,903,2401.7301989840453,29137.217440029908,0,132,132,0.5893584057961002,0.6002729264303884,0.5205080655549315,0.6397987287731202,0.5155954899889776,0.6439837867016649
trial_0014_bite_003_withdrawal,trial_0014_bite_003,trial_0014,withdrawal,0,B0,102,102,100.0,-2.8758195879438957,0.0,True,True,True,True,102,1,707,8.234746707101332,0.05749368526655819,707,1.5921144081933094,5.749368526655814,700,26.269462436589432,189.80989322390195,693,3479.9113456417253,35203.00408535074,0,102,102,0.4978026088651378,0.4914779177401227,0.057065805947562345,0.9436702387810431,0.03436198495684728,1.0115103852977012
trial_0014_bite_003_withdrawal,trial_0014_bite_003,trial_0014,withdrawal,0,B1,102,102,100.0,-2.8758195879438957,0.07049917269506212,True,True,True,True,102,1,707,8.11948514417395,0.06010918225550288,707,1.599759930412717,6.010918225550283,700,26.766910996493095,187.34930613337266,693,3526.2719479250777,35500.11465842388,0,102,102,0.519535767933266,0.4902488141811383,0.1194871069897575,0.9493801284341968,0.09614029695264659,1.0215973660928608
trial_0014_bite_003_withdrawal,trial_0014_bite_003,trial_0014,withdrawal,0,B2,102,102,100.0,-2.8758195879438957,0.007971347858300781,True,True,True,True,102,1,707,7.872398326774175,0.05925023024887288,707,1.5599883260425849,5.925023024887283,700,27.2953059624057,182.98197441862976,693,3593.4252436045576,35552.8354835392,0,102,102,0.5551922295094767,0.48826777154418766,0.274592570695945,0.9431364150352698,0.2479693975700421,1.011250190524684
trial_0014_bite_003_withdrawal,trial_0014_bite_003,trial_0014,withdrawal,0,B3,102,102,100.0,-2.8758195879438957,0.008638470242128271,True,True,True,True,102,1,707,8.117729632128935,0.06240994308010883,707,1.591314161558027,6.240994308010878,700,36.53882069098688,255.0451174305464,693,5202.609436345035,46625.1851104316,0,102,102,0.5526817677600789,0.4880183126493627,0.2607772303459861,0.9426106465097182,0.24271504398291377,1.0112225703634645
trial_0014_bite_003_withdrawal,trial_0014_bite_003,trial_0014,withdrawal,0,StrongLocal,102,102,100.0,-2.8758195879438957,0.008816484243579392,True,True,True,True,102,1,707,8.13562274380715,0.0635266668604011,707,1.6058674087935803,6.352666686040104,700,39.1664247043527,207.7420857736528,693,5855.716120166757,39481.051229417004,0,102,102,0.559646903318044,0.4874707556732014,0.2944178565347426,0.9424241817011171,0.2771822873768821,1.0152767907437434
trial_0014_bite_003_withdrawal,trial_0014_bite_003,trial_0014,withdrawal,0,H_star,102,102,100.0,-2.8758195879438957,0.0022140283829035212,True,True,True,True,102,1,707,8.167920404330554,0.06051576221877131,707,1.597028112976211,6.051576221877125,700,45.434667927634756,197.0144111969093,693,6834.933724206744,37347.32527875185,0,102,102,0.5588367622974234,0.48824899825717516,0.30055979272690825,0.9422398946422781,0.28706414423506654,1.011179671373021
trial_0014_bite_003_withdrawal,trial_0014_bite_003,trial_0014,withdrawal,0,HumanGT,102,102,100.0,-2.8758195879438957,0.0,True,True,True,True,102,1,707,7.917574383359607,0.062144927677866946,707,1.5710905947311622,6.214492767786689,700,28.52495727045744,190.2480024598742,693,3776.963912192517,36810.90148764892,0,102,102,0.553990412010277,0.4863646668730288,0.282161363356704,0.9423760454149397,0.2548207891160015,1.0114478253135464
trial_0014_bite_004_transfer,trial_0014_bite_004,trial_0014,transfer,0,B0,112,112,100.0,-3.06370214133576,0.0,True,True,True,True,112,1,777,3.792282732588558,0.015452936608903123,777,0.6111812172788759,1.545293660890311,770,16.735591339851815,94.94364012903915,763,2846.898305139295,17460.924533934503,0,112,112,0.7533993259165668,0.7406497322897163,0.6152673925597255,0.9011527487793255,0.6092862557215479,0.9171594320423411
trial_0014_bite_004_transfer,trial_0014_bite_004,trial_0014,transfer,0,B1,112,112,100.0,-3.06370214133576,0.14588901211879302,True,True,True,True,112,1,777,4.180887041757035,0.01625415804125918,777,0.6680479283892838,1.6254158041259166,770,16.97030480185408,95.09979918061333,763,2888.7928659608456,17512.284572391356,0,112,112,0.7711939287272439,0.757886784234459,0.6320052267776891,0.9260281260572182,0.6256463707451774,0.9386509724173866
trial_0014_bite_004_transfer,trial_0014_bite_004,trial_0014,transfer,0,B2,112,112,100.0,-3.06370214133576,0.007971347858301225,True,True,True,True,112,1,777,3.4925973066728115,0.01476347983799009,777,0.5584409593881133,1.4763479837990077,770,16.199110879055716,81.54569587759161,763,2750.171495666632,15023.518996236622,0,112,112,0.7301479264534514,0.7191755595036531,0.5983239402367493,0.8635979842040351,0.5924194277629002,0.877154901710097
trial_0014_bite_004_transfer,trial_0014_bite_004,trial_0014,transfer,0,B3,112,112,100.0,-3.06370214133576,0.008638470242128715,True,True,True,True,112,1,777,3.6927741467084254,0.015886447712243342,777,0.5912281751430458,1.5886447712243328,770,30.669181669322455,153.25410272410525,763,5442.667233776917,27141.42951541147,0,112,112,0.7252932914133015,0.7117675352745868,0.5985945205401613,0.8601052545628546,0.5919669808126251,0.8733881043977041
trial_0014_bite_004_transfer,trial_0014_bite_004,trial_0014,transfer,0,StrongLocal,112,112,100.0,-3.06370214133576,0.014410228161595207,True,True,True,True,112,1,777,3.698100604338567,0.02036609861063665,777,0.5953422441904272,2.0366098610636634,770,34.120681861882524,227.88801657271446,763,6157.0531239195725,43000.59129448941,0,112,112,0.7258402807510286,0.7117414852464993,0.6032808158892958,0.8583019234728069,0.5966202673337326,0.8718459522570954
trial_0014_bite_004_transfer,trial_0014_bite_004,trial_0014,transfer,0,H_star,112,112,100.0,-3.06370214133576,0.0044094303977399996,True,True,True,True,112,1,777,3.829107038840522,0.027480579198609686,777,0.6233080871960094,2.7480579198609663,770,49.36939870857317,375.9009006346929,763,9056.002067175803,71650.70429937285,0,112,112,0.7262937591361293,0.7140153679839182,0.6003054376358022,0.8599352101804191,0.594536205543621,0.8757024974867014
trial_0014_bite_004_transfer,trial_0014_bite_004,trial_0014,transfer,0,HumanGT,112,112,100.0,-3.06370214133576,0.0,True,True,True,True,112,1,777,3.204272158570423,0.012844129438780882,777,0.5028875504468853,1.2844129438780871,770,17.364846832693,92.2604792994995,763,2998.858768596167,16797.62334254127,0,112,112,0.6958858261881813,0.6928903977369643,0.573534608769751,0.8025253378730798,0.5682768415698165,0.818094403623439
trial_0014_bite_004_withdrawal,trial_0014_bite_004,trial_0014,withdrawal,0,B0,95,95,100.0,-2.833414201239561,0.0,True,True,True,True,95,1,658,7.561602618539672,0.04255865355194999,658,1.4333848881142979,4.255865355194995,651,30.890003324130475,174.04191492639538,644,3875.2979527672596,30053.74369438747,0,95,95,0.563516636230184,0.5016163422967712,0.223345527851525,0.89884884854901,0.21224475446578683,0.9508200407808935
trial_0014_bite_004_withdrawal,trial_0014_bite_004,trial_0014,withdrawal,0,B1,95,95,100.0,-2.833414201239561,0.07049917269506256,True,True,True,True,95,1,658,7.592821623730728,0.04395043876562532,658,1.4472788936283993,4.395043876562529,651,32.06641955154695,183.91869638031227,644,4015.9363545388546,31834.337808356275,0,95,95,0.5803304165212417,0.5004507966729483,0.30494624923199065,0.9026911538148382,0.296050671224787,0.963702709083782
trial_0014_bite_004_withdrawal,trial_0014_bite_004,trial_0014,withdrawal,0,B2,95,95,100.0,-2.833414201239561,0.007971347858301225,True,True,True,True,95,1,658,7.633081073588556,0.042043945496399004,658,1.4571894577265119,4.204394549639897,651,33.532050445802824,190.25510836833394,644,4148.993773009123,32996.54044381569,0,95,95,0.6003863158346651,0.5279610529238012,0.43567691217221294,0.9011595352710934,0.4323299277232624,0.9618441786640552
trial_0014_bite_004_withdrawal,trial_0014_bite_004,trial_0014,withdrawal,0,B3,95,95,100.0,-2.833414201239561,0.008638470242128715,True,True,True,True,95,1,658,7.691998394133028,0.04072761081088139,658,1.4631178292962712,4.072761081088135,651,40.67333368770927,226.223582421082,644,5645.576280350926,42179.109030769265,0,95,95,0.5993613121480262,0.535642549569614,0.43548731867659607,0.9003179871399912,0.43201081512950124,0.9593613348712022
trial_0014_bite_004_withdrawal,trial_0014_bite_004,trial_0014,withdrawal,0,StrongLocal,95,95,100.0,-2.833414201239561,0.031147959882503073,True,True,True,True,95,1,658,7.833322376204754,0.043568229625265076,658,1.4944428916242392,4.356822962526504,651,50.87888670261746,260.91340838748533,644,7822.937880750374,50912.53966258783,0,95,95,0.6046734199575335,0.5436859410838752,0.4356898333761374,0.9018196412972742,0.4313618646622701,0.9637178778094184
trial_0014_bite_004_withdrawal,trial_0014_bite_004,trial_0014,withdrawal,0,H_star,95,95,100.0,-2.833414201239561,0.01368781407834918,True,True,True,True,95,1,658,7.888369701112478,0.04419800097113313,658,1.4961643622080762,4.41980009711331,651,56.125001580354805,296.60449216227533,644,8550.274031472523,51253.668908938926,0,95,95,0.6026238075609794,0.5389800436592789,0.436392091748017,0.9012106486043386,0.4321100989474105,0.9571453370182867
trial_0014_bite_004_withdrawal,trial_0014_bite_004,trial_0014,withdrawal,0,HumanGT,95,95,100.0,-2.833414201239561,0.0,True,True,True,True,95,1,658,7.3478354754165265,0.03719945605714159,658,1.3962150427113849,3.719945605714156,651,33.06904129002368,178.95254622701862,644,4224.532478508722,32215.041061924403,0,95,95,0.5827969854708271,0.49895813811127043,0.34729385129389334,0.8870924280069904,0.3354889923157591,0.9407352699531968
trial_0014_bite_005_transfer,trial_0014_bite_005,trial_0014,transfer,0,B0,124,124,100.0,3.0611600621963735,0.0,True,True,True,True,124,1,861,4.280814281149771,0.03723083905667712,861,0.6499065759252126,3.723083905667709,854,25.283093931792322,296.0671853937131,847,4004.417215577413,53766.66551522228,0,124,124,0.88068204344636,0.9134121015301305,0.7240866085611212,1.0117130278591884,0.7219267716225577,1.026250199846504
trial_0014_bite_005_transfer,trial_0014_bite_005,trial_0014,transfer,0,B1,124,124,100.0,3.0611600621963735,0.14588901211879346,True,True,True,True,124,1,861,4.719910513477864,0.0385931399913968,861,0.7053127766979448,3.859313999139677,854,25.438165527474744,303.0074557292645,847,4029.383197999525,54930.75632068692,0,124,124,0.8947435987351531,0.91895000548966,0.7325345416107554,1.0330220894226463,0.7294947108103411,1.0479798090344312
trial_0014_bite_005_transfer,trial_0014_bite_005,trial_0014,transfer,0,B2,124,124,100.0,3.0611600621963735,0.007971347858300781,True,True,True,True,124,1,861,3.822644561778631,0.03599919395035566,861,0.578279673631934,3.599919395035563,854,25.028843952136818,273.738231746718,847,3952.7342379782813,49573.353932141006,0,124,124,0.8490131024699257,0.9044643623965116,0.6999626286592804,0.9633444882066575,0.6986479619839248,0.9765091915380388
trial_0014_bite_005_transfer,trial_0014_bite_005,trial_0014,transfer,0,B3,124,124,100.0,3.0611600621963735,0.008638470242128271,True,True,True,True,124,1,861,3.9785497549540625,0.04953957386253194,861,0.613317178749592,4.953957386253189,854,34.08768420279323,389.62772311906235,847,5638.30808980929,72279.0166016222,0,124,124,0.8397894770666922,0.8904081347495344,0.7001418268684149,0.9507872784859452,0.6989936916266242,0.9657422745948256
trial_0014_bite_005_transfer,trial_0014_bite_005,trial_0014,transfer,0,StrongLocal,124,124,100.0,3.0611600621963735,0.0031258860822300782,True,True,True,True,124,1,861,4.011589069333005,0.0641644961664034,861,0.6478874659018622,6.416449616640335,854,49.4823982784038,629.9310836367968,847,8457.834918810917,109165.38194733216,0,124,124,0.8405631806536966,0.8966251181820124,0.7021835000697009,0.9488056461301494,0.7009724871237193,0.9628586264492549
trial_0014_bite_005_transfer,trial_0014_bite_005,trial_0014,transfer,0,H_star,124,124,100.0,3.0611600621963735,7.121938721299514e-05,True,True,True,True,124,1,861,4.177047150602209,0.0678555241940324,861,0.6884852090085406,6.785552419403234,854,61.625653519516135,752.4923287691975,847,10620.593064126155,124775.65595495436,0,124,124,0.8422812123562315,0.8951537001609686,0.7028716665800776,0.9526812763570701,0.7008634630424817,0.967252158709329
trial_0014_bite_005_transfer,trial_0014_bite_005,trial_0014,transfer,0,HumanGT,124,124,100.0,3.0611600621963735,0.0,True,True,True,True,124,1,861,3.394775000383608,0.032007389599225,861,0.5122094080840192,3.2007389599224974,854,25.162675015768926,255.3688174315245,847,4015.456756210227,47640.787636173074,0,124,124,0.7997282033363837,0.852995006873161,0.6493038299112532,0.9198660438267877,0.6470240896104791,0.9301053586929118
trial_0014_bite_005_withdrawal,trial_0014_bite_005,trial_0014,withdrawal,0,B0,62,62,100.0,-2.7917973652594714,0.0,True,True,True,True,62,1,427,5.8883892510646,0.050476384637409666,427,1.7565881531228695,5.047638463740962,420,41.07622841207668,249.5544605432793,413,6191.331379720376,36968.69454483521,0,62,62,0.6473852266032849,0.6654239649273417,0.2828631085310937,0.9022317759110239,0.22489607819750734,0.9377103932424626
trial_0014_bite_005_withdrawal,trial_0014_bite_005,trial_0014,withdrawal,0,B1,62,62,100.0,-2.7917973652594714,0.07049917269506256,True,True,True,True,62,1,427,5.944754610627635,0.05058001257503353,427,1.7742789013159244,5.058001257503348,420,42.817360639652264,264.7437485893085,413,6455.295590617521,39485.58535746551,0,62,62,0.6644945868779536,0.6642030807601476,0.3724398609890325,0.9060146160460774,0.3148568789729609,0.9388309333421665
trial_0014_bite_005_withdrawal,trial_0014_bite_005,trial_0014,withdrawal,0,B2,62,62,100.0,-2.7917973652594714,0.007971347858301225,True,True,True,True,62,1,427,5.997160413419992,0.04995655773920493,427,1.750110724786916,4.995655773920489,420,42.840859275401044,257.55830899433846,413,6320.678050544858,37926.96100501914,0,62,62,0.674641068664395,0.6645610071310615,0.4848965810995088,0.8983857294397946,0.4284565743477051,0.9354081770906388
trial_0014_bite_005_withdrawal,trial_0014_bite_005,trial_0014,withdrawal,0,B3,62,62,100.0,-2.7917973652594714,0.008638470242128715,True,True,True,True,62,1,427,6.02169157509639,0.05159559562082627,427,1.7753283511448195,5.159559562082623,420,55.08506892831918,325.67856490893496,413,8407.239426275422,48356.091517373185,0,62,62,0.6731629877896917,0.6641408013663113,0.49554409592494897,0.894412098062505,0.4275881485828892,0.9343678823159642
trial_0014_bite_005_withdrawal,trial_0014_bite_005,trial_0014,withdrawal,0,StrongLocal,62,62,100.0,-2.7917973652594714,0.0032094228792787227,True,True,True,True,62,1,427,6.110425004359934,0.05316857626642513,427,1.793549964044063,5.316857626642508,420,62.60128583800969,367.57763454207935,413,10460.376233861654,54104.659391870446,0,62,62,0.6784502657421622,0.6639906349904123,0.5308444203227684,0.9024212912851436,0.46129141476566815,0.9380653854414054
trial_0014_bite_005_withdrawal,trial_0014_bite_005,trial_0014,withdrawal,0,H_star,62,62,100.0,-2.7917973652594714,0.006898263308622976,True,True,True,True,62,1,427,6.140943316063226,0.051881410589732724,427,1.7881463378929014,5.188141058973268,420,66.73202599104427,368.39839175231083,413,10708.284374226767,51307.09240158712,0,62,62,0.6751840063731932,0.6639256229058943,0.509811963740219,0.8965857223505403,0.43738814565010564,0.9373428171605207
trial_0014_bite_005_withdrawal,trial_0014_bite_005,trial_0014,withdrawal,0,HumanGT,62,62,100.0,-2.7917973652594714,0.0,True,True,True,True,62,1,427,6.019083541521223,0.05405337760912765,427,1.8018101281407655,5.405337760912761,420,45.932169662300076,269.19049132627174,413,6870.624065442046,42469.648834534084,0,62,62,0.6742823293577108,0.6615213666191511,0.5124581405196286,0.897582110526207,0.4496435137935251,0.9379751159916219
trial_0014_bite_006_transfer,trial_0014_bite_006,trial_0014,transfer,0,B0,91,91,100.0,-3.0563114107090152,0.0,True,True,True,True,91,1,630,3.0685574675822083,0.01626727162513708,630,0.6199960824843121,1.6267271625137065,623,13.103178047905104,65.96103627282788,616,1846.1447980001012,8953.505768511044,0,91,91,0.8141128399912241,0.7956395118430404,0.7420066934467453,0.9311400941276075,0.7402488213023828,0.9435264450816281
trial_0014_bite_006_transfer,trial_0014_bite_006,trial_0014,transfer,0,B1,91,91,100.0,-3.0563114107090152,0.14588901211879302,True,True,True,True,91,1,630,3.503570033431143,0.017634757687341903,630,0.6954583353893828,1.7634757687341887,623,13.24407217184299,66.37096652226215,616,1868.5338434360601,9070.550610818163,0,91,91,0.8359526220791447,0.8179049494323334,0.7621352308830781,0.959068188738228,0.7499975431708858,0.9696076113963348
trial_0014_bite_006_transfer,trial_0014_bite_006,trial_0014,transfer,0,B2,91,91,100.0,-3.0563114107090152,0.007971347858301225,True,True,True,True,91,1,630,2.7361478962521115,0.014524767149975304,630,0.5459071739938718,1.452476714997529,623,12.717755247682184,58.93757195902339,616,1775.9307609032116,7920.103882712128,0,91,91,0.7795965842055038,0.7615111574600801,0.7069390891568736,0.8827836291031355,0.7055324420930225,0.89481212500619
trial_0014_bite_006_transfer,trial_0014_bite_006,trial_0014,transfer,0,B3,91,91,100.0,-3.0563114107090152,0.008638470242128715,True,True,True,True,91,1,630,2.925948477363689,0.0284759493259632,630,0.5935329115167524,2.84759493259632,623,25.180043432097914,286.63737938769975,616,3303.933011348925,28974.061973890744,0,91,91,0.7713480404425245,0.752267895093305,0.7070507284207248,0.8760102920368146,0.7052641294708684,0.8893923700157185
trial_0014_bite_006_transfer,trial_0014_bite_006,trial_0014,transfer,0,StrongLocal,91,91,100.0,-3.0563114107090152,0.011142262177839424,True,True,True,True,91,1,630,2.9684788495847805,0.02362672904601859,630,0.5917434102296304,2.362672904601859,623,24.998253025142454,239.70339616012026,616,3592.7633116549036,24612.108333472497,0,91,91,0.7742890400815993,0.7544457184117452,0.7139040291491257,0.8753326659358714,0.7123057295236279,0.8885278414082025
trial_0014_bite_006_transfer,trial_0014_bite_006,trial_0014,transfer,0,H_star,91,91,100.0,-3.0563114107090152,0.004717756420537178,True,True,True,True,91,1,630,2.980739067057208,0.026516569305314208,630,0.6047563159678415,2.651656930531421,623,33.3863100397528,279.0347300232576,616,4997.995732276479,30154.922543508674,0,91,91,0.7754142322990065,0.7576070660626744,0.7111827836247535,0.8794585678652813,0.7096326533940722,0.8893379874595642
trial_0014_bite_006_transfer,trial_0014_bite_006,trial_0014,transfer,0,HumanGT,91,91,100.0,-3.0563114107090152,0.0,True,True,True,True,91,1,630,2.5042715274482386,0.013443139570424202,630,0.496126777516962,1.344313957042419,623,14.311908607131722,61.41595254746767,616,2124.588642688098,9037.330583583342,0,91,91,0.7445230326406701,0.7414846314630485,0.663518218691499,0.8348761799292088,0.6615027311298816,0.8470584827923857
trial_0014_bite_006_withdrawal,trial_0014_bite_006,trial_0014,withdrawal,0,B0,81,81,100.0,-2.773796954966447,0.0,True,True,True,True,81,1,560,5.663802530835088,0.05528327395681476,560,1.3197854695226594,5.528327395681471,553,32.340738479831785,148.0798534560265,546,5081.431808479214,28553.163381385282,0,81,81,0.7325100900300857,0.7607895368589834,0.44636490940071694,0.8805157248550741,0.41197314252192596,0.8975841462367082
trial_0014_bite_006_withdrawal,trial_0014_bite_006,trial_0014,withdrawal,0,B1,81,81,100.0,-2.773796954966447,0.07049917269506256,True,True,True,True,81,1,560,5.866602902419122,0.05933047011935422,560,1.3849028927619704,5.933047011935416,553,34.347973206292565,155.498265113598,546,5391.49831715487,30588.914795822842,0,81,81,0.7397597914592301,0.7638403599510091,0.4449025763252874,0.9023312171152007,0.4101848314194112,0.9279704190041129
trial_0014_bite_006_withdrawal,trial_0014_bite_006,trial_0014,withdrawal,0,B2,81,81,100.0,-2.773796954966447,0.007971347858301225,True,True,True,True,81,1,560,5.848195817379819,0.05929731904364744,560,1.3873396757780643,5.929731904364739,553,34.173724863000594,155.47082590796157,546,5353.222610814839,30283.49737435657,0,81,81,0.7301176485671007,0.7571169891993312,0.44456324822490023,0.8784371632081784,0.4096962900198977,0.895954063978484
trial_0014_bite_006_withdrawal,trial_0014_bite_006,trial_0014,withdrawal,0,B3,81,81,100.0,-2.773796954966447,0.008638470242128715,True,True,True,True,81,1,560,5.871240369857769,0.05774009545928127,560,1.3881740125865907,5.774009545928122,553,41.37643256539783,192.40943016977283,546,6687.554613888434,34244.16782832687,0,81,81,0.7290194444319135,0.754189193223195,0.4445295223430157,0.8804655789686691,0.40983576737869987,0.8997562449603844
trial_0014_bite_006_withdrawal,trial_0014_bite_006,trial_0014,withdrawal,0,StrongLocal,81,81,100.0,-2.773796954966447,0.012891127959162585,True,True,True,True,81,1,560,5.924441455329797,0.05976533012213547,560,1.4067484930175744,5.976533012213541,553,45.189199747807926,199.63279603620617,546,7528.1496318612,35187.70670547055,0,81,81,0.7346387296883051,0.7603288082753594,0.4442306180051445,0.8937726309013367,0.40951716064410304,0.9119290527591848
trial_0014_bite_006_withdrawal,trial_0014_bite_006,trial_0014,withdrawal,0,H_star,81,81,100.0,-2.773796954966447,0.012049283673645661,True,True,True,True,81,1,560,5.9737009706752415,0.05863793606549361,560,1.4231958005401324,5.863793606549356,553,50.83580672433183,223.50522682775338,546,8525.986595057158,38107.802381643814,0,81,81,0.7299369577090619,0.7548297383695814,0.4440558322852186,0.8804345771023487,0.40919746873218754,0.9016021465408679
trial_0014_bite_006_withdrawal,trial_0014_bite_006,trial_0014,withdrawal,0,HumanGT,81,81,100.0,-2.773796954966447,0.0,True,True,True,True,81,1,560,5.897206295178245,0.07065864511443554,560,1.4680949219663173,7.065864511443547,553,40.389928968212274,185.97602603813678,546,6378.1267530068835,34733.42206977738,0,81,81,0.7332750587178677,0.7548621744143045,0.44243836955181814,0.9077719133820636,0.40768560337001913,0.9338927647630042
trial_0014_bite_007_transfer,trial_0014_bite_007,trial_0014,transfer,0,B0,111,111,100.0,-3.1248870551111594,0.0,True,True,True,True,111,1,770,3.486719294176404,0.015257144205512498,770,0.5740586175307538,1.5257144205512485,763,20.52487229070775,85.00424601206352,756,3394.111802423737,14241.949779441466,0,111,111,0.8711043114283786,0.8512902934075921,0.7715262381243577,1.000644279588152,0.769707910795244,1.0170060536902046
trial_0014_bite_007_transfer,trial_0014_bite_007,trial_0014,transfer,0,B1,111,111,100.0,-3.1248870551111594,0.14588901211879302,True,True,True,True,111,1,770,3.947232090077896,0.016201460450267824,770,0.63882858678399,1.620146045026781,763,20.942968721873314,86.66709326788241,756,3467.3371013573997,14590.305259088738,0,111,111,0.8921315182379608,0.8727381113732824,0.792137043434785,1.0304140279117446,0.7906381737657195,1.0464000926371622
trial_0014_bite_007_transfer,trial_0014_bite_007,trial_0014,transfer,0,B2,111,111,100.0,-3.1248870551111594,0.007971347858301225,True,True,True,True,111,1,770,3.0502447958725143,0.01429103044503055,770,0.5044308158848726,1.4291030445030537,763,19.922874442111663,70.36797339480914,756,3290.68864134396,12020.41612630952,0,111,111,0.8362956716264894,0.8189007744330936,0.7387962971426845,0.9498458480612847,0.7363589108618509,0.9672671716055801
trial_0014_bite_007_transfer,trial_0014_bite_007,trial_0014,transfer,0,B3,111,111,100.0,-3.1248870551111594,0.008638470242128715,True,True,True,True,111,1,770,3.3954452836594293,0.019112728886561573,770,0.5626255640580816,1.9112728886561572,763,40.384489169698284,201.20434701179857,756,6996.038409397917,28790.767603027158,0,111,111,0.8262173930138764,0.8044844098099968,0.7404246238014696,0.9398513062217758,0.7379112021209053,0.9580166409687587
trial_0014_bite_007_transfer,trial_0014_bite_007,trial_0014,transfer,0,StrongLocal,111,111,100.0,-3.1248870551111594,0.003214771263691407,True,True,True,True,111,1,770,3.2478998822884155,0.016572829803329192,770,0.5375573597031551,1.6572829803329192,763,28.326417767207726,184.1002444019324,756,4677.905577972102,22014.278335122486,0,111,111,0.8271133649114175,0.8059745895651931,0.744255045807193,0.9379828152579547,0.742338486493769,0.9559757555404769
trial_0014_bite_007_transfer,trial_0014_bite_007,trial_0014,transfer,0,H_star,111,111,100.0,-3.1248870551111594,0.0024352060879495596,True,True,True,True,111,1,770,3.461733728437697,0.019957724345809776,770,0.5707474428745853,1.9957724345809775,763,42.56227368494781,248.6237889630782,756,7263.108463583704,31251.3989572695,0,111,111,0.8289447263768072,0.8070456387847713,0.7421839462934123,0.9426068308006481,0.7406308928796772,0.9597703867453085
trial_0014_bite_007_transfer,trial_0014_bite_007,trial_0014,transfer,0,HumanGT,111,111,100.0,-3.1248870551111594,0.0,True,True,True,True,111,1,770,2.8698959706281593,0.013038276474301114,770,0.4656014826262499,1.3038276474301103,763,21.289574923625512,79.79254305411578,756,3553.9325805205017,14173.911667396656,0,111,111,0.8048656211896137,0.7960802222743928,0.7110766450612958,0.902436639340351,0.70896294428427,0.91926548861169
trial_0014_bite_007_withdrawal,trial_0014_bite_007,trial_0014,withdrawal,0,B0,86,86,100.0,-2.8668232648823624,0.0,True,True,True,True,86,1,595,5.6439288734217135,0.05962643198744466,595,1.3451475890220501,5.962643198744461,588,34.84930989331641,306.58904398271625,581,5318.499595925185,55397.04697994126,0,86,86,0.6495350717509042,0.6256424352776864,0.40309026408864845,0.9259588696185465,0.40023909293079285,0.956982783400969
trial_0014_bite_007_withdrawal,trial_0014_bite_007,trial_0014,withdrawal,0,B1,86,86,100.0,-2.8668232648823624,0.07049917269506256,True,True,True,True,86,1,595,5.580395432827245,0.062358785527107934,595,1.364326565141839,6.235878552710788,588,35.807800818967586,313.0330411661702,581,5455.345695624893,56641.16554714555,0,86,86,0.6739909537017457,0.624155999846085,0.4826786337936846,0.9323217963861786,0.4776954003134186,0.9705562195097825
trial_0014_bite_007_withdrawal,trial_0014_bite_007,trial_0014,withdrawal,0,B2,86,86,100.0,-2.8668232648823624,0.00797134785830167,True,True,True,True,86,1,595,5.687833197882865,0.06184834949148143,595,1.3744034294232519,6.184834949148137,588,36.77867311229499,321.41731387937017,581,5576.631140830805,58497.473779598084,0,86,86,0.6975647509647007,0.6248544347184566,0.544311795712427,0.9264471789519512,0.54159566754783,0.9601041517708495
trial_0014_bite_007_withdrawal,trial_0014_bite_007,trial_0014,withdrawal,0,B3,86,86,100.0,-2.8668232648823624,0.008638470242128715,True,True,True,True,86,1,595,5.87267633559052,0.06352063689884524,595,1.4265741855784275,6.352063689884519,588,54.78756103949734,368.3069631883777,581,9014.842898647463,71906.86000249372,0,86,86,0.694478641190776,0.6250128896939195,0.54344033331719,0.92107597803516,0.5402954619965059,0.9543677900673604
trial_0014_bite_007_withdrawal,trial_0014_bite_007,trial_0014,withdrawal,0,StrongLocal,86,86,100.0,-2.8668232648823624,0.01582729927023374,True,True,True,True,86,1,595,5.849113432321943,0.06510830800406442,595,1.4328629261874124,6.510830800406436,588,61.690710238460724,425.88187801314274,581,10469.015198498106,77844.40520373727,0,86,86,0.6982111219592407,0.625966873700418,0.5434186417814346,0.9263116666112045,0.5403651680446484,0.9614858729678728
trial_0014_bite_007_withdrawal,trial_0014_bite_007,trial_0014,withdrawal,0,H_star,86,86,100.0,-2.8668232648823624,0.01518808739688815,True,True,True,True,86,1,595,5.918251000386628,0.06455633247952708,595,1.4366922262663437,6.4556332479527025,588,70.03619040328084,480.09774008858676,581,12025.901437433784,83180.75379708903,0,86,86,0.6990807031307464,0.6325986414038047,0.5437307860556979,0.9229227870510616,0.5405691565664905,0.9581731371209274
trial_0014_bite_007_withdrawal,trial_0014_bite_007,trial_0014,withdrawal,0,HumanGT,86,86,100.0,-2.8668232648823624,0.0,True,True,True,True,86,1,595,5.551817108244984,0.06468210012188802,595,1.3698922065062151,6.468210012188797,588,37.04416045549393,316.70594604830734,581,5653.008321882454,57840.99217306545,0,86,86,0.6960410126972332,0.6237339239065156,0.5457716558445529,0.929938666806642,0.5428132062769477,0.9676932215129321
trial_0014_bite_008_transfer,trial_0014_bite_008,trial_0014,transfer,0,B0,94,94,100.0,-2.9862125982765124,0.0,True,True,True,True,94,1,651,3.0703870777139493,0.014424787915410684,651,0.5840897078921565,1.4424787915410682,644,11.095558247394326,47.81160696405026,637,1709.0423152829856,9047.271266957188,0,94,94,0.7424978819180409,0.7194413329672291,0.6616796199133496,0.8593180236978856,0.6567056409006438,0.8736292976066675
trial_0014_bite_008_transfer,trial_0014_bite_008,trial_0014,transfer,0,B1,94,94,100.0,-2.9862125982765124,0.14588901211879302,True,True,True,True,94,1,651,3.4125635599563364,0.015705256491057584,651,0.6515358500131239,1.5705256491057582,644,11.261231166973085,48.107701383477696,637,1740.1514278416578,9120.877730960632,0,94,94,0.7659738432114055,0.7438836447351544,0.6667349636321874,0.8859262839672802,0.6567056409006438,0.901668044090008
trial_0014_bite_008_transfer,trial_0014_bite_008,trial_0014,transfer,0,B2,94,94,100.0,-2.9862125982765124,0.007971347858301225,True,True,True,True,94,1,651,2.775309841446003,0.013256427001430815,651,0.5117351567461657,1.3256427001430804,644,10.804387023620178,45.243806185064955,637,1654.0921209801086,8610.8841623092,0,94,94,0.7025197866196699,0.6784663092522926,0.6516823126458337,0.8066351393723721,0.6476908521899742,0.8229433648135487
trial_0014_bite_008_transfer,trial_0014_bite_008,trial_0014,transfer,0,B3,94,94,100.0,-2.9862125982765124,0.008638470242128715,True,True,True,True,94,1,651,2.945761284441682,0.025513896746958364,651,0.5514961196545954,2.5513896746958364,644,20.45300348836621,217.11616690968327,637,2895.473232820948,22446.13819123798,0,94,94,0.6928103560073169,0.6685638435383435,0.6285275014522613,0.7974816246014669,0.6234644984542994,0.8116193144644033
trial_0014_bite_008_transfer,trial_0014_bite_008,trial_0014,transfer,0,StrongLocal,94,94,100.0,-2.9862125982765124,0.011121192397334223,True,True,True,True,94,1,651,2.9685784600448604,0.021886468775312196,651,0.551991958500938,2.1886468775312196,644,19.518147334397245,186.76288303239417,637,2854.206332085766,18985.621719957326,0,94,94,0.6982720542051051,0.6748857884674577,0.6333884793190147,0.7998663821792512,0.629332016271954,0.8143011187997176
trial_0014_bite_008_transfer,trial_0014_bite_008,trial_0014,transfer,0,H_star,94,94,100.0,-2.9862125982765124,0.007130030823892408,True,True,True,True,94,1,651,2.982901701300497,0.024097262230472705,651,0.5572722830738881,2.4097262230472705,644,25.20113042370545,217.93746704038773,637,3857.1609967985332,23985.83492282525,0,94,94,0.6981656237161106,0.6750635891413704,0.6355572513320178,0.8006222143753181,0.632766863275533,0.8149627573899001
trial_0014_bite_008_transfer,trial_0014_bite_008,trial_0014,transfer,0,HumanGT,94,94,100.0,-2.9862125982765124,0.0,True,True,True,True,94,1,651,2.5576971002931517,0.012034513578874417,651,0.46889853448711283,1.2034513578874406,644,12.091018253869699,45.31824729883598,637,1912.7246634557316,8635.75775778097,0,94,94,0.6692262064673677,0.6552977744049123,0.6147058210707903,0.7616708984320446,0.6141960020782475,0.7752434747107024
trial_0014_bite_008_withdrawal,trial_0014_bite_008,trial_0014,withdrawal,0,B0,74,74,100.0,-2.702503753204136,0.0,True,True,True,True,74,1,511,6.2973424091756325,0.07073289804730987,511,1.888355627862652,7.0732898047309805,504,30.00591470221267,157.5147055694345,497,3570.466163779908,17152.994703603184,0,74,74,0.527351814344027,0.6674635869688177,0.018354349558340168,0.8672462946460721,0.01345254633208448,0.9092721223908402
trial_0014_bite_008_withdrawal,trial_0014_bite_008,trial_0014,withdrawal,0,B1,74,74,100.0,-2.702503753204136,0.07049917269506256,True,True,True,True,74,1,511,6.254096454246092,0.07237384516009371,511,1.9035994302163233,7.237384516009365,504,30.630317867225283,163.53193782974142,497,3634.8795645165696,18033.520056701156,0,74,74,0.5502631070863044,0.6702357106558328,0.07588041185737437,0.8865390707013227,0.06989115705017657,0.9248588557803785
trial_0014_bite_008_withdrawal,trial_0014_bite_008,trial_0014,withdrawal,0,B2,74,74,100.0,-2.702503753204136,0.007971347858301225,True,True,True,True,74,1,511,6.17127495964817,0.0640879746455969,511,1.817748805290577,6.408797464559685,504,30.473264586754087,162.5007552140542,497,3693.521860571259,17658.996217715918,0,74,74,0.5728828244001124,0.6670202864613559,0.19016172879694623,0.8727573380577129,0.18578904598980817,0.917703423125825
trial_0014_bite_008_withdrawal,trial_0014_bite_008,trial_0014,withdrawal,0,B3,74,74,100.0,-2.702503753204136,0.008638470242128715,True,True,True,True,74,1,511,6.689778507976948,0.06841808547391359,511,1.9099231988859502,6.841808547391353,504,39.31063779988645,168.21298842110343,497,5373.856145485251,25733.221432611594,0,74,74,0.5735678757257933,0.6647160295500458,0.18316361561675865,0.8742689532445332,0.17901575535963055,0.9175153020322289
trial_0014_bite_008_withdrawal,trial_0014_bite_008,trial_0014,withdrawal,0,StrongLocal,74,74,100.0,-2.702503753204136,0.021021624169325737,True,True,True,True,74,1,511,6.650744035972988,0.06737022413804272,511,1.9065752778431069,6.737022413804266,504,46.68927908639517,233.62588124007118,497,7081.934250304787,36190.1705138028,0,74,74,0.5809728605538799,0.6668386278407405,0.20083839297800327,0.8805277033586566,0.19658723209206563,0.917285242293691
trial_0014_bite_008_withdrawal,trial_0014_bite_008,trial_0014,withdrawal,0,H_star,74,74,100.0,-2.702503753204136,0.021335165807963907,True,True,True,True,74,1,511,6.647879280860613,0.0708609828682567,511,1.9286646233641191,7.086098286825664,504,55.86753815498293,308.6331109822617,497,8843.376072246723,49436.81315883614,0,74,74,0.5737212752543155,0.6665285880259808,0.18211922454682533,0.8776293438457323,0.1764279061634797,0.9173586332886914
trial_0014_bite_008_withdrawal,trial_0014_bite_008,trial_0014,withdrawal,0,HumanGT,74,74,100.0,-2.702503753204136,0.0,True,True,True,True,74,1,511,6.144755087008724,0.06852171117410943,511,1.82318283844238,6.852171117410937,504,31.43795378432603,161.95343304104406,497,3798.076661598355,18802.514598689948,0,74,74,0.571178675442994,0.6653223186863868,0.21377753744182265,0.856945792072318,0.20669061567791847,0.9031397015303391
trial_0014_bite_009_transfer,trial_0014_bite_009,trial_0014,transfer,0,B0,114,114,100.0,-3.0702241245876842,0.0,True,True,True,True,114,1,791,3.7433764093578574,0.02118226761395459,791,0.6192040954221938,2.1182267613954573,784,13.336582145127968,67.35275492249824,777,1924.154909728835,10455.561355976666,0,114,114,0.6640599326018782,0.6774128008637108,0.573187616391065,0.758177487007558,0.5713196132170681,0.769347767553433
trial_0014_bite_009_transfer,trial_0014_bite_009,trial_0014,transfer,0,B1,114,114,100.0,-3.0702241245876842,0.14588901211879257,True,True,True,True,114,1,791,4.182715190185997,0.022427064791833654,791,0.6681169821283588,2.2427064791833633,784,13.41452129859773,67.88714979226272,777,1934.4794437169808,10483.212134536818,0,114,114,0.6825082198687416,0.6948484702791609,0.5956356081438052,0.7832099410137463,0.5942465800185008,0.7912430606328469
trial_0014_bite_009_transfer,trial_0014_bite_009,trial_0014,transfer,0,B2,114,114,100.0,-3.0702241245876842,0.007971347858301225,True,True,True,True,114,1,791,3.2390659473928927,0.02107586416062635,791,0.5535717380058661,2.107586416062639,784,13.149585642261853,61.09640428570973,777,1897.8132486787604,9755.006479401169,0,114,114,0.6220220030164141,0.6324662634937355,0.5284358466217679,0.7051710118000538,0.5263449124201456,0.7127281105315086
trial_0014_bite_009_transfer,trial_0014_bite_009,trial_0014,transfer,0,B3,114,114,100.0,-3.0702241245876842,0.00863847024212916,True,True,True,True,114,1,791,3.4336914973172137,0.023829334283580472,791,0.5786521724868233,2.3829334283580472,784,23.26336083459499,158.09084456776202,777,3746.6206106911877,16634.2114812021,0,114,114,0.6153218561700149,0.6187967821435575,0.530519173607275,0.6963762595660238,0.5285751155764551,0.707936307048185
trial_0014_bite_009_transfer,trial_0014_bite_009,trial_0014,transfer,0,StrongLocal,114,114,100.0,-3.0702241245876842,0.0003600694396048709,True,True,True,True,114,1,791,3.4695914408216852,0.02675518307006097,791,0.585290089866073,2.675518307006097,784,28.00472907772509,227.7557263640961,777,4631.2058489948695,22759.620470216734,0,114,114,0.6155598874967793,0.6186451847677689,0.5345128028017745,0.6946094836889797,0.532718838599429,0.7057435017540035
trial_0014_bite_009_transfer,trial_0014_bite_009,trial_0014,transfer,0,H_star,114,114,100.0,-3.0702241245876842,0.0007734599027933164,True,True,True,True,114,1,791,3.5267195494552235,0.029775324281469562,791,0.6015532094897025,2.977532428146956,784,34.180894510449335,278.13231079611535,777,5536.477088804227,30413.113384762637,0,114,114,0.6167503277403673,0.6213736531896754,0.5326841536047097,0.6950919682855748,0.5309780508359445,0.7070612524456013
trial_0014_bite_009_transfer,trial_0014_bite_009,trial_0014,transfer,0,HumanGT,114,114,100.0,-3.0702241245876842,0.0,True,True,True,True,114,1,791,3.0976651491933924,0.02107189106822549,791,0.5411993443675331,2.107189106822553,784,14.939290636931835,59.52648668432914,777,2232.9650772440496,9881.061787372799,0,114,114,0.6086422577227671,0.6294819863978117,0.5004647817471367,0.7069635538887717,0.49748287356478826,0.7096187265694418
trial_0014_bite_009_withdrawal,trial_0014_bite_009,trial_0014,withdrawal,0,B0,52,52,100.0,-2.7737584825915667,0.0,True,True,True,True,52,1,357,4.620038027019969,0.041109495862784236,357,1.6092835994827128,4.11094958627842,350,28.131861242560486,132.99683375791474,343,3862.8499516042907,21707.416744788155,0,52,52,0.6727188183225945,0.6706716751210295,0.46130300344069475,0.869613647731151,0.44967432792668616,0.8934849643007126
trial_0014_bite_009_withdrawal,trial_0014_bite_009,trial_0014,withdrawal,0,B1,52,52,100.0,-2.7737584825915667,0.07049917269506256,True,True,True,True,52,1,357,4.692362020424938,0.04269181902180552,357,1.6378231648348296,4.269181902180549,350,29.119831975249895,133.2047219913869,343,4001.461615729187,21667.644172024487,0,52,52,0.677813368591665,0.6738297977836674,0.4590977976712264,0.8905268488219906,0.4473080379106036,0.9229231173416457
trial_0014_bite_009_withdrawal,trial_0014_bite_009,trial_0014,withdrawal,0,B2,52,52,100.0,-2.7737584825915667,0.007971347858301225,True,True,True,True,52,1,357,4.702949758302019,0.039178756750131605,357,1.6097406587957672,3.917875675013157,350,29.066471329028676,134.96038006862955,343,4001.112976710073,22509.586787082808,0,52,52,0.6716307909303485,0.6691901499999979,0.45802938402079146,0.8733116231616737,0.4460896014572078,0.8998480061864775
trial_0014_bite_009_withdrawal,trial_0014_bite_009,trial_0014,withdrawal,0,B3,52,52,100.0,-2.7737584825915667,0.00863847024212916,True,True,True,True,52,1,357,4.762578657200621,0.04200015798180079,357,1.6289184203231215,4.200015798180075,350,52.76508624801106,194.0986075106195,343,9040.677103260577,35899.449288021926,0,52,52,0.6696014605908598,0.6661913618453463,0.45780024368636385,0.872110199523557,0.446114130176102,0.8982058050475992
trial_0014_bite_009_withdrawal,trial_0014_bite_009,trial_0014,withdrawal,0,StrongLocal,52,52,100.0,-2.7737584825915667,0.007575255551599547,True,True,True,True,52,1,357,4.7950685146619225,0.04205318088158183,357,1.6560368276890203,4.2053180881581795,350,61.66454379830914,241.22458101046584,343,10933.517512741042,44756.23211909184,0,52,52,0.6724728247986245,0.6704874205995648,0.4571390755517084,0.8792751884997008,0.44540224155568575,0.9073049809887372
trial_0014_bite_009_withdrawal,trial_0014_bite_009,trial_0014,withdrawal,0,H_star,52,52,100.0,-2.7737584825915667,0.0064926992755607316,True,True,True,True,52,1,357,4.804305543466857,0.04083457762660547,357,1.6612922049134786,4.083457762660544,350,70.48945318216084,326.96036212873145,343,12347.537286663712,50633.213653722065,0,52,52,0.6708048712620969,0.668515698882939,0.457497020176726,0.877026806218954,0.44568607364011426,0.9067553363764844
trial_0014_bite_009_withdrawal,trial_0014_bite_009,trial_0014,withdrawal,0,HumanGT,52,52,100.0,-2.7737584825915667,0.0,True,True,True,True,52,1,357,4.660405271635918,0.04053597456272229,357,1.6227091429720941,4.053597456272225,350,31.491732989957672,135.92132705414275,343,4610.869129970885,22278.222239150215,0,52,52,0.6725059216851973,0.6677463756961515,0.4578344014613789,0.8867301630321353,0.446064377240146,0.9228114825452618
trial_0014_bite_010_transfer,trial_0014_bite_010,trial_0014,transfer,0,B0,124,124,100.0,3.135918283247225,0.0,True,True,True,True,124,1,861,4.614117177283198,0.024802685507236077,861,0.7254064122674155,2.4802685507236055,854,18.386016430635124,90.61805681185794,847,2603.2581538203654,14655.720801491076,0,124,124,0.8501580975968309,0.8592326474533459,0.6744592592516963,1.0265684848757528,0.6663011444304878,1.0407903375752294
trial_0014_bite_010_transfer,trial_0014_bite_010,trial_0014,transfer,0,B1,124,124,100.0,3.135918283247225,0.14588901211879302,True,True,True,True,124,1,861,5.033960025629888,0.02578549711753375,861,0.7760991855476584,2.578549711753373,854,18.46008662038878,91.55139291505732,847,2612.020718485828,14836.785076759954,0,124,124,0.8642885972009227,0.8682380737489419,0.6877902607139106,1.051017539957736,0.6798075113858761,1.0638276598267415
trial_0014_bite_010_transfer,trial_0014_bite_010,trial_0014,transfer,0,B2,124,124,100.0,3.135918283247225,0.007971347858300781,True,True,True,True,124,1,861,4.110659283256611,0.023282205821997692,861,0.6411093126887528,2.328220582199767,854,17.97193988799291,84.32716913516568,847,2551.132704158376,13071.887596897855,0,124,124,0.8083543891743356,0.843091442427927,0.6404972183317302,0.9585873798515376,0.6320115803845869,0.979031158023119
trial_0014_bite_010_transfer,trial_0014_bite_010,trial_0014,transfer,0,B3,124,124,100.0,3.135918283247225,0.008638470242128715,True,True,True,True,124,1,861,4.414712138136142,0.023242258069125832,861,0.6750411221857796,2.324225806912581,854,28.145531005612284,144.9069876479345,847,4739.10670201307,21965.443690096396,0,124,124,0.7958779130709108,0.8156301149707501,0.6432165445174176,0.946209000264811,0.6344940017463365,0.9648876630548329
trial_0014_bite_010_transfer,trial_0014_bite_010,trial_0014,transfer,0,StrongLocal,124,124,100.0,3.135918283247225,0.010607523803133567,True,True,True,True,124,1,861,4.355387316161073,0.02346866360959421,861,0.6615356670020237,2.3468663609594187,854,30.351780984602684,176.4689268531858,847,5176.221320042558,27582.835750966362,0,124,124,0.7923901290254056,0.8163752171683715,0.6456771229508156,0.932035115203589,0.6374152566040374,0.9527984911717855
trial_0014_bite_010_transfer,trial_0014_bite_010,trial_0014,transfer,0,H_star,124,124,100.0,3.135918283247225,0.004277759143956672,True,True,True,True,124,1,861,4.431544876707039,0.02478147325052138,861,0.6718534137691203,2.4781473250521358,854,34.62816568905988,144.52048191852708,847,5891.744766033905,26447.68402612112,0,124,124,0.7961695586640875,0.825494597795573,0.6453559851421903,0.9411607017184721,0.6386271289722947,0.9605607465728099
trial_0014_bite_010_transfer,trial_0014_bite_010,trial_0014,transfer,0,HumanGT,124,124,100.0,3.135918283247225,0.0,True,True,True,True,124,1,861,3.71501879461766,0.019609362781247697,861,0.5630361223860469,1.960936278124768,854,18.74645829224183,87.82978762914139,847,2736.128616464593,13751.390427701755,0,124,124,0.763782974286634,0.8269131797801217,0.6038825583532851,0.8748167122762036,0.5953733342331624,0.8894432160895152
trial_0014_bite_010_withdrawal,trial_0014_bite_010,trial_0014,withdrawal,0,B0,77,77,100.0,-2.854306278951664,0.0,True,True,True,True,77,1,532,6.244526047801484,0.05855694807998102,532,1.7403791590241018,5.855694807998097,525,27.234208689828044,126.11096216780014,518,2461.9894834205556,11467.648645832804,0,77,77,0.49355540880119086,0.4971464462081219,0.1824403365582718,0.8773448281178337,0.18003390805645836,0.9144547480312646
trial_0014_bite_010_withdrawal,trial_0014_bite_010,trial_0014,withdrawal,0,B1,77,77,100.0,-2.854306278951664,0.07049917269506256,True,True,True,True,77,1,532,6.1366014597823195,0.06018659162110929,532,1.7358617795921654,6.018659162110923,525,27.77932255091338,125.3804521468815,518,2503.314446589115,11989.727283023482,0,77,77,0.5280814480834538,0.5190864838342502,0.26046721329969724,0.8817027681107913,0.25921695570002523,0.9252788602750224
trial_0014_bite_010_withdrawal,trial_0014_bite_010,trial_0014,withdrawal,0,B2,77,77,100.0,-2.854306278951664,0.007971347858300781,True,True,True,True,77,1,532,6.140588256774422,0.060190334879347766,532,1.7175393504626526,6.019033487934771,525,28.891910805862004,125.77562004049791,518,2599.752640696959,12726.860693819704,0,77,77,0.5992297363201526,0.5528313686606379,0.409573923328017,0.8867339348626122,0.4079008476644699,0.9351745603901689
trial_0014_bite_010_withdrawal,trial_0014_bite_010,trial_0014,withdrawal,0,B3,77,77,100.0,-2.854306278951664,0.008638470242128715,True,True,True,True,77,1,532,6.5559071279787,0.06192762469045565,532,1.784878404584633,6.19276246904556,525,36.272475512816904,160.96162186788933,518,3832.193461952213,14475.409605148443,0,77,77,0.5960013256631513,0.5599411757983495,0.3953049373044724,0.8914772572991094,0.3929666172675912,0.939391802915857
trial_0014_bite_010_withdrawal,trial_0014_bite_010,trial_0014,withdrawal,0,StrongLocal,77,77,100.0,-2.854306278951664,0.004401700231282835,True,True,True,True,77,1,532,6.489975247260801,0.06200726318132776,532,1.7851621089493679,6.20072631813277,525,36.581405244065465,148.96533558727194,518,4230.6722284836615,17644.122046415407,0,77,77,0.6111992475419648,0.5712177630145674,0.43706821458500117,0.8946732686166473,0.4348343134299455,0.9431173383129181
trial_0014_bite_010_withdrawal,trial_0014_bite_010,trial_0014,withdrawal,0,H_star,77,77,100.0,-2.854306278951664,0.005038335472016708,True,True,True,True,77,1,532,6.390713108518385,0.0614125666441776,532,1.7740759216378574,6.141256664417772,525,42.245567176598286,207.25748578369598,518,5678.171456536082,36271.82186283746,0,77,77,0.6062457263606814,0.5676741766799775,0.42821885783890645,0.8926845329404408,0.42600166684558083,0.941525246693935
trial_0014_bite_010_withdrawal,trial_0014_bite_010,trial_0014,withdrawal,0,HumanGT,77,77,100.0,-2.854306278951664,0.0,True,True,True,True,77,1,532,5.626956381968053,0.05774695980090794,532,1.6337870342740155,5.774695980090804,525,28.556369372760322,125.12614051484385,518,2860.0288556799087,12177.887776549147,0,77,77,0.5887846102387637,0.54002492252939,0.39964932492031197,0.8775091098824035,0.3991676619665725,0.9170597046103968
trial_0014_bite_011_transfer,trial_0014_bite_011,trial_0014,transfer,0,B0,131,131,100.0,-3.087272372347122,0.0,True,True,True,True,131,1,910,3.766333334755045,0.019688129990727,910,0.5487220261667644,1.9688129990726981,903,18.81057280948927,115.50875044759913,896,3039.534752858215,22376.563227170576,0,131,131,0.8975492732528948,0.909196041486414,0.7628140148518905,1.0289066669138567,0.7608081279228216,1.0422398829316162
trial_0014_bite_011_transfer,trial_0014_bite_011,trial_0014,transfer,0,B1,131,131,100.0,-3.087272372347122,0.14588901211879302,True,True,True,True,131,1,910,4.243621243368013,0.02139095799555424,910,0.6062514322414093,2.139095799555422,903,19.01070330413925,119.93816064333343,896,3074.05461954115,22685.81947897313,0,131,131,0.9192242784152517,0.9265529094702663,0.7843005792792952,1.057131923606027,0.7819806057402472,1.0672421368124603
trial_0014_bite_011_transfer,trial_0014_bite_011,trial_0014,transfer,0,B2,131,131,100.0,-3.087272372347122,0.00797134785830167,True,True,True,True,131,1,910,3.345245628536606,0.017050812277224825,910,0.48419137116519045,1.705081227722481,903,18.22971929362441,117.60921463296081,896,2954.132004312351,22665.65981962326,0,131,131,0.8641764647956796,0.8965831653190719,0.7249608983369207,0.9839730140259806,0.7229488081023954,0.9940428340053487
trial_0014_bite_011_transfer,trial_0014_bite_011,trial_0014,transfer,0,B3,131,131,100.0,-3.087272372347122,0.008638470242128715,True,True,True,True,131,1,910,3.442387470469237,0.02072693630708411,910,0.5011552730549954,2.072693630708409,903,24.821978812565952,180.6581963444073,896,4223.922368363369,33879.70638829554,0,131,131,0.8565881673388459,0.8871897309210379,0.7252821987102251,0.963837311008255,0.7230261283139914,0.9726698689881985
trial_0014_bite_011_transfer,trial_0014_bite_011,trial_0014,transfer,0,StrongLocal,131,131,100.0,-3.087272372347122,0.004611026190374901,True,True,True,True,131,1,910,3.483679256442249,0.025251623420734504,910,0.5102176613724865,2.525162342073448,903,30.141534810827853,271.48146373036263,896,5327.843804121299,48673.715642422496,0,131,131,0.8611222521710028,0.8942847325780396,0.7300043189582448,0.9686277076427174,0.727599500569279,0.9774213261536322
trial_0014_bite_011_transfer,trial_0014_bite_011,trial_0014,transfer,0,H_star,131,131,100.0,-3.087272372347122,0.0029458304109630795,True,True,True,True,131,1,910,3.6062516937299582,0.031424692935714926,910,0.5330613997957389,3.14246929357149,903,40.10509707451519,349.2884939386569,896,7219.851960743644,63102.7489110399,0,131,131,0.8595241143161647,0.8918654220018434,0.7298306503860563,0.9719831540116055,0.7276281376117311,0.9827155029543864
trial_0014_bite_011_transfer,trial_0014_bite_011,trial_0014,transfer,0,HumanGT,131,131,100.0,-3.087272372347122,0.0,True,True,True,True,131,1,910,3.0995709894338033,0.014341181009783988,910,0.44309552975878064,1.4341181009783974,903,19.063306187095936,113.34314393849336,896,3127.7653093928398,22288.75670229219,0,131,131,0.8266032216587316,0.8751070354702479,0.6768098106269673,0.924965718378186,0.6758301633634396,0.9356617968504553
trial_0014_bite_011_withdrawal,trial_0014_bite_011,trial_0014,withdrawal,0,B0,81,81,100.0,-2.7749759079555245,0.0,True,True,True,True,81,1,560,5.506823159117145,0.04306669939052732,560,1.2975833154263365,4.306669939052728,553,23.833336175759236,107.40196448368856,546,3293.7631113984794,17646.726767697142,0,81,81,0.6184935772783139,0.603170816697697,0.29433756317151527,0.8703380077100586,0.2671143499392148,0.9179701761082351
trial_0014_bite_011_withdrawal,trial_0014_bite_011,trial_0014,withdrawal,0,B1,81,81,100.0,-2.7749759079555245,0.07049917269506256,True,True,True,True,81,1,560,5.379275999304065,0.045297706241436586,560,1.2918711893879034,4.529770624143654,553,24.799337390568855,107.18952643367511,546,3407.911115184707,18120.331058452743,0,81,81,0.6387212328750328,0.6019394261776143,0.37093264228842227,0.887500882545714,0.34271489754916207,0.9206472525191964
trial_0014_bite_011_withdrawal,trial_0014_bite_011,trial_0014,withdrawal,0,B2,81,81,100.0,-2.7749759079555245,0.007971347858301225,True,True,True,True,81,1,560,5.240086798720688,0.042480302702850636,560,1.2343716654750332,4.24803027028506,553,25.51249408860346,107.61301765454846,546,3503.3771627180695,18810.11846512676,0,81,81,0.6556879097562739,0.6016213335688954,0.4984214808444172,0.8717813680295166,0.46711298126429934,0.9195228936074584
trial_0014_bite_011_withdrawal,trial_0014_bite_011,trial_0014,withdrawal,0,B3,81,81,100.0,-2.7749759079555245,0.008638470242128271,True,True,True,True,81,1,560,5.337703465549103,0.0415077626719782,560,1.2546083220772275,4.150776267197816,553,32.72769086052054,144.174735225375,546,4930.4115917677245,22072.65029214905,0,81,81,0.6544125766276315,0.6009879667957132,0.5080372424328257,0.8671826798937858,0.47232820236631134,0.9179937889535168
trial_0014_bite_011_withdrawal,trial_0014_bite_011,trial_0014,withdrawal,0,StrongLocal,81,81,100.0,-2.7749759079555245,0.0008471054967711389,True,True,True,True,81,1,560,5.429730473338113,0.04300421414556687,560,1.2730703212126762,4.300421414556683,553,37.047677204218154,170.1001179118397,546,5803.181790626121,26416.92623325291,0,81,81,0.658590266640794,0.6008803521856083,0.5279946320961861,0.8767938179538168,0.5016244162252654,0.9192867684199579
trial_0014_bite_011_withdrawal,trial_0014_bite_011,trial_0014,withdrawal,0,H_star,81,81,100.0,-2.7749759079555245,0.007469975294862152,True,True,True,True,81,1,560,5.3964569832215705,0.041585233043488934,560,1.265348764417792,4.15852330434889,553,43.19402390150947,197.81160761485958,546,6990.435037027207,32304.754408077268,0,81,81,0.6568371714550582,0.6008658451418083,0.5269677953127241,0.8689259191620167,0.4986026364493279,0.9191683807746962
trial_0014_bite_011_withdrawal,trial_0014_bite_011,trial_0014,withdrawal,0,HumanGT,81,81,100.0,-2.7749759079555245,0.0,True,True,True,True,81,1,560,5.248348654659173,0.043221501064404144,560,1.2507387408766422,4.322150106440411,553,27.408429668712998,112.13433114580765,546,3806.31638061406,18574.194935029493,0,81,81,0.6596313268527177,0.600254467095469,0.535064631307518,0.8768547403613312,0.527901283761532,0.919215632902668
trial_0014_bite_012_transfer,trial_0014_bite_012,trial_0014,transfer,0,B0,103,103,100.0,3.001398116734949,0.0,True,True,True,True,103,1,714,3.905850604912808,0.020593338058988664,714,0.6938946103716889,2.0593338058988646,707,13.84168181514262,66.67665498240704,700,2129.3913836352704,10686.507376680836,0,103,103,0.9187361308095136,0.9190840597248444,0.7723992923783924,1.078498219524292,0.7675988841354968,1.0885489686966032
trial_0014_bite_012_transfer,trial_0014_bite_012,trial_0014,transfer,0,B1,103,103,100.0,3.001398116734949,0.14588901211879302,True,True,True,True,103,1,714,20.83886564868598,3.14146119538727,714,25.539673011746387,314.14611953872674,707,3625.4630303225144,31411.645251401085,700,631099.0560003114,6278742.237358666,2,103,103,0.931092718965295,0.9268861848635277,0.7815133836554008,1.100812032716107,0.7698229776176921,1.1109687834436688
trial_0014_bite_012_transfer,trial_0014_bite_012,trial_0014,transfer,0,B2,103,103,100.0,3.001398116734949,0.007971347858300781,True,True,True,True,103,1,714,3.38994573534058,0.016423878202708853,714,0.5985677177447662,1.6423878202708837,707,13.474138887691815,55.006202857374916,700,2061.971842184801,8943.74596965888,0,103,103,0.8934394574160175,0.9005419893992443,0.7506178182388292,1.041018876368211,0.7460338118910377,1.046267990964198
trial_0014_bite_012_transfer,trial_0014_bite_012,trial_0014,transfer,0,B3,103,103,100.0,3.001398116734949,0.008638470242128715,True,True,True,True,103,1,714,3.634076969290798,0.02518693974773578,714,0.6476837089071922,2.518693974773578,707,26.707340125154683,268.3177837406303,700,3890.740052953827,26760.704470236713,0,103,103,0.8830848307486888,0.8890306842814804,0.7514965596883314,1.0233974274603876,0.7470157542781504,1.0313543255577562
trial_0014_bite_012_transfer,trial_0014_bite_012,trial_0014,transfer,0,StrongLocal,103,103,100.0,3.001398116734949,0.00019754462746224277,True,True,True,True,103,1,714,3.607418349394038,0.019581939913838387,714,0.6352059095900189,1.9581939913838369,707,23.659633636657617,178.57311855407954,700,3707.4026332353137,19469.907459780166,0,103,103,0.8835512438729006,0.8899627277305215,0.7547337548064414,1.0193926520075554,0.7506627199657885,1.0285452286273387
trial_0014_bite_012_transfer,trial_0014_bite_012,trial_0014,transfer,0,H_star,103,103,100.0,3.001398116734949,0.0003083829991199494,True,True,True,True,103,1,714,3.6719602268091474,0.024714017740327332,714,0.6498628358816223,2.471401774032731,707,32.18240486190082,210.49758551393793,700,5257.516139078764,32828.09640016241,0,103,103,0.8861437165563634,0.8897511796699464,0.7550662088800171,1.028206658975897,0.7514539878238882,1.0351568265776039
trial_0014_bite_012_transfer,trial_0014_bite_012,trial_0014,transfer,0,HumanGT,103,103,100.0,3.001398116734949,0.0,True,True,True,True,103,1,714,2.767130946227203,0.013690412897145343,714,0.4973735275491354,1.3690412897145408,707,14.751543668185251,68.91363558634279,700,2329.2569272569835,10915.439727473367,0,103,103,0.8311380813430461,0.8685435260004066,0.683466007424417,0.9527220635180409,0.6778229433007317,0.9585074185896474
trial_0014_bite_012_withdrawal,trial_0014_bite_012,trial_0014,withdrawal,0,B0,104,104,100.0,-2.845956492163879,0.0,True,True,True,True,104,1,721,6.786672463295417,0.05326195975065673,721,1.431145847209004,5.326195975065668,714,25.564376229104088,173.6047117843317,707,3411.302920523449,20877.57906105068,0,104,104,0.5301615450891201,0.5062418607666488,0.2652183237896428,0.9039294173191189,0.23324565905513417,0.9596181250985722
trial_0014_bite_012_withdrawal,trial_0014_bite_012,trial_0014,withdrawal,0,B1,104,104,100.0,-2.845956492163879,0.07049917269506256,True,True,True,True,104,1,721,6.78392145339863,0.05540161591514626,721,1.4443994431794838,5.540161591514621,714,26.117681271997817,177.87495958593934,707,3474.0340107265183,21264.881263176583,0,104,104,0.5584713529893732,0.5092866110346135,0.32601995127086936,0.9127214960441902,0.3019724193588349,0.9739188186335022
trial_0014_bite_012_withdrawal,trial_0014_bite_012,trial_0014,withdrawal,0,B2,104,104,100.0,-2.845956492163879,0.007971347858301225,True,True,True,True,104,1,721,6.720250664190766,0.05126396214073203,721,1.4009049568787204,5.126396214073199,714,26.255003240253718,158.97452219744562,707,3501.3435372256995,19258.78890372877,0,104,104,0.6060537336195938,0.5244425406256994,0.4554090842680313,0.9023150353836016,0.42734321682097853,0.9614859580668895
trial_0014_bite_012_withdrawal,trial_0014_bite_012,trial_0014,withdrawal,0,B3,104,104,100.0,-2.845956492163879,0.008638470242128715,True,True,True,True,104,1,721,7.061390819556086,0.05069502920515667,721,1.4385345358638801,5.069502920515663,714,31.154684315500077,139.0053727201621,707,4344.982887567501,20567.52910683262,0,104,104,0.6005308034952181,0.5235499662307643,0.4452979588656913,0.8968630179399197,0.4166888710927452,0.9573789950743672
trial_0014_bite_012_withdrawal,trial_0014_bite_012,trial_0014,withdrawal,0,StrongLocal,104,104,100.0,-2.845956492163879,0.0028982521525855454,True,True,True,True,104,1,721,7.042006667931743,0.05310840419439877,721,1.4366653995827563,5.310840419439873,714,35.84276143775586,157.7590167544815,707,5527.719863484531,26779.609956970522,0,104,104,0.6076345526980067,0.5233843083585441,0.4572751547172788,0.9015204607029859,0.44321186072500574,0.9621502310517709
trial_0014_bite_012_withdrawal,trial_0014_bite_012,trial_0014,withdrawal,0,H_star,104,104,100.0,-2.845956492163879,0.00975570957971117,True,True,True,True,104,1,721,7.085523420520516,0.05270629907413938,721,1.4385079253723616,5.270629907413934,714,46.93957715280733,263.1635539394801,707,7885.860110345157,46048.76790458811,0,104,104,0.6080162981738725,0.5239128329023903,0.4617262705170009,0.8989382081784923,0.4465553228300232,0.9590197541310017
trial_0014_bite_012_withdrawal,trial_0014_bite_012,trial_0014,withdrawal,0,HumanGT,104,104,100.0,-2.845956492163879,0.0,True,True,True,True,104,1,721,6.439990159958246,0.04916627517125604,721,1.3554231299084145,4.916627517125599,714,26.049356312429286,169.64151981116754,707,3544.8675736777195,20725.28619512769,0,104,104,0.5789422206242735,0.5155219160248345,0.3829782475802843,0.8896803280465377,0.36343982329384783,0.9455277590381796
trial_0014_bite_013_transfer,trial_0014_bite_013,trial_0014,transfer,0,B0,108,108,100.0,3.0123789994223813,0.0,True,True,True,True,108,1,749,3.775103516023637,0.021749797789686554,749,0.6967490966552679,2.1749797789686536,742,17.188607248788117,98.32756164021444,735,2099.114789522286,13046.097384954475,0,108,108,0.9383445065153013,0.9356019180762358,0.8358763609414387,1.0846699847246961,0.8343628761027286,1.0929380256907408
trial_0014_bite_013_transfer,trial_0014_bite_013,trial_0014,transfer,0,B1,108,108,100.0,3.0123789994223813,0.14588901211879302,True,True,True,True,108,1,749,4.22161256038984,0.022796147488707067,749,0.7622671672764373,2.2796147488707046,742,17.205950709523556,98.5006561626232,735,2100.56845468981,13103.36339567546,0,108,108,0.9526952050921464,0.9403065946246191,0.8514580712169757,1.1065247020136595,0.8499751825256325,1.1160904325020313
trial_0014_bite_013_transfer,trial_0014_bite_013,trial_0014,transfer,0,B2,108,108,100.0,3.0123789994223813,0.007971347858301225,True,True,True,True,108,1,749,3.347358029449547,0.019701487270150864,749,0.5993510505104455,1.9701487270150846,742,16.77318709338097,92.46377058123016,735,2050.247254786309,12383.522171300701,0,108,108,0.8958513418482907,0.9041065409137992,0.7949199370004155,1.0191901551525642,0.793892644136803,1.0274366110723343
trial_0014_bite_013_transfer,trial_0014_bite_013,trial_0014,transfer,0,B3,108,108,100.0,3.0123789994223813,0.008638470242128715,True,True,True,True,108,1,749,3.598703228826315,0.029640563643357876,749,0.650836786476663,2.9640563643357876,742,28.39320401917336,188.08528415430902,735,4285.004595014135,21633.630187522183,0,108,108,0.8848592067890356,0.9001613793450507,0.7963188775169551,0.9999043044504141,0.7947575736046382,1.0027463673921648
trial_0014_bite_013_transfer,trial_0014_bite_013,trial_0014,transfer,0,StrongLocal,108,108,100.0,3.0123789994223813,0.002731944904172501,True,True,True,True,108,1,749,3.545121609394819,0.028894195500567488,749,0.634873568773061,2.8894195500567488,742,27.786825065673046,189.50825341958577,735,4262.234042257871,23516.592751767545,0,108,108,0.8837048136347752,0.8961092073886023,0.7993104905461497,0.9902759745285346,0.7984967017244387,0.9959572315410732
trial_0014_bite_013_transfer,trial_0014_bite_013,trial_0014,transfer,0,H_star,108,108,100.0,3.0123789994223813,0.00015545774941472246,True,True,True,True,108,1,749,3.605046608013826,0.038267878550208856,749,0.6516496617823916,3.8267878550208856,742,35.08517226955482,297.2965758966506,735,5358.809686258296,34360.867042737125,0,108,108,0.8866582474115295,0.8965798698874328,0.7981977943284063,1.0029376140747401,0.7976158327992007,1.008110810453453
trial_0014_bite_013_transfer,trial_0014_bite_013,trial_0014,transfer,0,HumanGT,108,108,100.0,3.0123789994223813,0.0,True,True,True,True,108,1,749,3.0164289620564064,0.016847540331867528,749,0.5292688634985682,1.6847540331867512,742,17.665990129451668,101.75110515451706,735,2243.7754757327707,12046.28370594563,0,108,108,0.8336117909877855,0.8362847519212999,0.7204949216792798,0.934000046730044,0.7193447729579798,0.9381459266567429
trial_0014_bite_013_withdrawal,trial_0014_bite_013,trial_0014,withdrawal,0,B0,115,115,100.0,-2.8214183647003845,0.0,True,True,True,True,115,1,798,5.730962921556171,0.033610600788736456,798,0.9596521042825648,3.3610600788736424,791,25.126949121382165,153.66739117319977,784,3389.4220694728156,17873.91284550116,0,115,115,0.5540727492571486,0.46333117243596655,0.3441866657035475,0.8841886834606676,0.34080986903536425,0.932505837449674
trial_0014_bite_013_withdrawal,trial_0014_bite_013,trial_0014,withdrawal,0,B1,115,115,100.0,-2.8214183647003845,0.07049917269506256,True,True,True,True,115,1,798,5.831179859510302,0.034713404441936824,798,0.9742355821842233,3.4713404441936793,791,25.904487825039627,155.29486709969981,784,3482.4631329759914,18658.679711264394,0,115,115,0.5540835817124969,0.4620922139036483,0.3424676540676178,0.8946252884503302,0.33900914114473,0.9452411672801624
trial_0014_bite_013_withdrawal,trial_0014_bite_013,trial_0014,withdrawal,0,B2,115,115,100.0,-2.8214183647003845,0.007971347858301225,True,True,True,True,115,1,798,5.834007697068461,0.03276699671231231,798,0.9699863884293347,3.276699671231228,791,26.443653203020208,142.8116281118006,784,3591.8811873816703,18748.076808482172,0,115,115,0.5512375379629559,0.46154265264372496,0.3406319420219911,0.8832306398967967,0.33695201224280735,0.9321190690924919
trial_0014_bite_013_withdrawal,trial_0014_bite_013,trial_0014,withdrawal,0,B3,115,115,100.0,-2.8214183647003845,0.008638470242128715,True,True,True,True,115,1,798,5.958477970157924,0.03324507616744299,798,0.984359530962078,3.3245076167442957,791,36.440647298166496,202.75844291654596,784,5688.3341627978625,31702.89395350238,0,115,115,0.550182083200579,0.46172511948112804,0.340755554061882,0.8810325132064176,0.3373528379151476,0.9290711111660008
trial_0014_bite_013_withdrawal,trial_0014_bite_013,trial_0014,withdrawal,0,StrongLocal,115,115,100.0,-2.8214183647003845,0.024955171540393284,True,True,True,True,115,1,798,5.995447010224986,0.033316314977553496,798,0.9860589948184924,3.3316314977553465,791,40.14715095763128,163.45628776329877,784,6450.3583413462575,30659.26566330825,0,115,115,0.5503777777726905,0.461978169830211,0.340718824350614,0.8813285438340197,0.33713099857228945,0.9292235979649868
trial_0014_bite_013_withdrawal,trial_0014_bite_013,trial_0014,withdrawal,0,H_star,115,115,100.0,-2.8214183647003845,0.02148522705045286,True,True,True,True,115,1,798,6.101092228486014,0.039723068096533254,798,0.9996172625592009,3.972306809653322,791,51.86789120676385,308.8168971384947,784,8720.302862574006,56005.95543449701,0,115,115,0.550335728961124,0.4618830178253073,0.34122383241131393,0.8817572038627943,0.3377342887349388,0.9286446919927664
trial_0014_bite_013_withdrawal,trial_0014_bite_013,trial_0014,withdrawal,0,HumanGT,115,115,100.0,-2.8214183647003845,0.0,True,True,True,True,115,1,798,5.752892092205684,0.03354936669494535,798,0.94966339143671,3.3549366694945317,791,26.08179017453138,152.53903958126952,784,3574.1114235289806,18905.54506520331,0,115,115,0.5512087218281225,0.4626406669625065,0.3415831993905769,0.8785752132076041,0.33795189893830413,0.9224476982845538
trial_0014_bite_014_transfer,trial_0014_bite_014,trial_0014,transfer,0,B0,129,129,100.0,-3.0688626000408346,0.0,True,True,True,True,129,1,896,3.820093573408886,0.019060051531530675,896,0.6003345517117836,1.9060051531530657,889,13.356665769155319,80.23051678808066,882,1750.6645974025619,8628.221893000094,0,129,129,0.8024012375545575,0.7956608985856168,0.6860337118187492,0.9698777860442162,0.6847283321391755,0.9865037583402243
trial_0014_bite_014_transfer,trial_0014_bite_014,trial_0014,transfer,0,B1,129,129,100.0,-3.0688626000408346,0.14588901211879346,True,True,True,True,129,1,896,4.225683887194452,0.01967553215734874,896,0.6440154689830286,1.9675532157348723,889,13.39678626591661,78.9799909019314,882,1758.2788737700105,8723.715497553505,0,129,129,0.821092694498944,0.8069758170194454,0.7101803864195281,0.9882896873595751,0.7083523263873337,1.007563850010536
trial_0014_bite_014_transfer,trial_0014_bite_014,trial_0014,transfer,0,B2,129,129,100.0,-3.0688626000408346,0.007971347858301225,True,True,True,True,129,1,896,3.4409990004151614,0.017906294342171947,896,0.5314560000664901,1.7906294342171931,889,13.054672025283296,76.81766371098004,882,1720.606150884241,8455.144218773945,0,129,129,0.766883849408261,0.7782048804900421,0.6547236459827974,0.9186871070444155,0.653848682036414,0.9347514718550798
trial_0014_bite_014_transfer,trial_0014_bite_014,trial_0014,transfer,0,B3,129,129,100.0,-3.0688626000408346,0.00863847024212916,True,True,True,True,129,1,896,3.7807874338143157,0.032059659609881885,896,0.5913348016732995,3.2059659609881885,889,25.389535319052076,320.0200370242756,882,3144.7479614131953,30815.598730109086,0,129,129,0.762562389601594,0.756199216092843,0.658371109337266,0.9159520366082436,0.6573245816193758,0.933723867667374
trial_0014_bite_014_transfer,trial_0014_bite_014,trial_0014,transfer,0,StrongLocal,129,129,100.0,-3.0688626000408346,0.005947840829485962,True,True,True,True,129,1,896,3.821302958188369,0.02730848905232519,896,0.5851140225983066,2.730848905232519,889,25.41974586439258,262.45474689102986,882,3595.6475143032967,24260.317172381863,0,129,129,0.7656276535351275,0.7581383285605698,0.6687455833907278,0.9117013515422122,0.6674889222078519,0.9291784249174253
trial_0014_bite_014_transfer,trial_0014_bite_014,trial_0014,transfer,0,H_star,129,129,100.0,-3.0688626000408346,0.003857791260900356,True,True,True,True,129,1,896,3.803739369747941,0.028404249837625795,896,0.587901219964958,2.8404249837625795,889,30.487937207736195,278.3608642579449,882,4547.524323701968,28833.905092533936,0,129,129,0.7647246651747946,0.7600413835043136,0.6648895724492843,0.9115571891384231,0.6631060605265002,0.9276878174471179
trial_0014_bite_014_transfer,trial_0014_bite_014,trial_0014,transfer,0,HumanGT,129,129,100.0,-3.0688626000408346,0.0,True,True,True,True,129,1,896,3.1388546082730437,0.015300885601771341,896,0.4614084220784837,1.5300885601771328,889,15.294547647609267,105.04080909824832,882,2191.498389962995,13994.122355144696,0,129,129,0.6975159904086894,0.714623333821292,0.5972299247244613,0.8133602760231303,0.5950329462009512,0.8249648321094698
trial_0014_bite_014_withdrawal,trial_0014_bite_014,trial_0014,withdrawal,0,B0,106,106,100.0,-2.761370305432704,0.0,True,True,True,True,106,1,735,7.615323552825703,0.06939770941316681,735,1.5674148224490145,6.939770941316675,728,31.330519671750995,284.93785494558335,721,4010.3537346956177,38524.56427276952,0,106,106,0.3439535595755274,0.1927309579889025,0.06573699541670486,0.8466362315455275,0.057582537685780366,0.8904610182534425
trial_0014_bite_014_withdrawal,trial_0014_bite_014,trial_0014,withdrawal,0,B1,106,106,100.0,-2.761370305432704,0.07049917269506256,True,True,True,True,106,1,735,7.452935199880978,0.07094904301624094,735,1.557735090304961,7.094904301624088,728,31.789740808042026,291.0114076091114,721,4070.335760409395,38816.70227652013,0,106,106,0.371948197313064,0.23611216153364323,0.1081154076788482,0.8481047990430038,0.09958080985782303,0.9003415352155706
trial_0014_bite_014_withdrawal,trial_0014_bite_014,trial_0014,withdrawal,0,B2,106,106,100.0,-2.761370305432704,0.007971347858301225,True,True,True,True,106,1,735,7.360769715243386,0.07446473534859788,735,1.5505040158992518,7.4464735348597815,728,33.816913620466345,315.88738120224616,721,4295.33196098507,40232.808025216014,0,106,106,0.46999690815410156,0.4221260439910628,0.2513819777072155,0.8474673179327271,0.23806218508386223,0.9055427346317151
trial_0014_bite_014_withdrawal,trial_0014_bite_014,trial_0014,withdrawal,0,B3,106,106,100.0,-2.761370305432704,0.008638470242128715,True,True,True,True,106,1,735,7.733729551488805,0.07894213285559637,735,1.6204659053165595,7.89421328555963,728,41.95970057614807,358.5203001305176,721,5981.448735032002,44082.52429990601,0,106,106,0.46382178078534725,0.4171163403842053,0.2402593212435613,0.8478900788465983,0.22325731682561312,0.9080372746758081
trial_0014_bite_014_withdrawal,trial_0014_bite_014,trial_0014,withdrawal,0,StrongLocal,106,106,100.0,-2.761370305432704,0.01320799734438749,True,True,True,True,106,1,735,7.6066417028682904,0.07994385323013199,735,1.6025409888302562,7.9943853230131925,728,40.53304558091805,322.692325621014,721,5612.088517519864,40139.257562439656,0,106,106,0.46997920253543746,0.42062983880673066,0.2594673406788557,0.8461069419109052,0.2437303546590961,0.9034748938392534
trial_0014_bite_014_withdrawal,trial_0014_bite_014,trial_0014,withdrawal,0,H_star,106,106,100.0,-2.761370305432704,0.01178395896882023,True,True,True,True,106,1,735,7.71727133950999,0.07940286106886951,735,1.6161485372003703,7.940286106886944,728,44.870584439419346,364.42959882939374,721,6491.121562546188,45987.03574297668,0,106,106,0.4616448063212301,0.41342496767033454,0.25198158350036404,0.8471853903093828,0.23665539960027715,0.9079593619615065
trial_0014_bite_014_withdrawal,trial_0014_bite_014,trial_0014,withdrawal,0,HumanGT,106,106,100.0,-2.761370305432704,0.0,True,True,True,True,106,1,735,7.643883251860457,0.07581570411157745,735,1.5806798029220226,7.581570411157738,728,34.47192992555936,322.83754609406526,721,4409.8534137097795,40771.914781135514,0,106,106,0.466627227869963,0.4406326688283877,0.2287000964849062,0.8477712148522777,0.2149700232152183,0.9078497025757017
trial_0014_bite_015_transfer,trial_0014_bite_015,trial_0014,transfer,0,B0,130,130,100.0,-3.1201731285953413,0.0,True,True,True,True,130,1,903,3.2168166674310683,0.012123296217350088,903,0.46654218057841434,1.2123296217350077,896,10.30729177752102,50.79531816640771,889,1535.7507799592302,6686.863992337893,0,130,130,0.7453431376885201,0.7436597524489255,0.6039019160999769,0.8467537235158545,0.6003752191421485,0.8562297875478531
trial_0014_bite_015_transfer,trial_0014_bite_015,trial_0014,transfer,0,B1,130,130,100.0,-3.1201731285953413,0.14588901211879302,True,True,True,True,130,1,903,3.639021319237794,0.013170227250804967,903,0.5152331970091578,1.3170227250804956,896,10.36859884907163,51.15839249307354,889,1546.2123302955156,6714.053462440827,0,130,130,0.7642990642931435,0.7639493350272302,0.6066875417824948,0.8709340216226119,0.6048873634733811,0.881105355984767
trial_0014_bite_015_transfer,trial_0014_bite_015,trial_0014,transfer,0,B2,130,130,100.0,-3.1201731285953413,0.007971347858301225,True,True,True,True,130,1,903,2.800379266706523,0.011033304098641672,903,0.4016558233712796,1.1033304098641663,896,10.104719270209452,47.64019209161577,889,1503.2459468864613,6404.35765146078,0,130,130,0.7079312431141424,0.7044055026528855,0.5968009069629805,0.7932222475075978,0.5915889910457148,0.8034249285937445
trial_0014_bite_015_transfer,trial_0014_bite_015,trial_0014,transfer,0,B3,130,130,100.0,-3.1201731285953413,0.008638470242128715,True,True,True,True,130,1,903,3.002219079723523,0.023314121869752128,903,0.4305089631633944,2.331412186975213,896,18.255009344483504,210.24744705528514,889,2674.176285004,20074.526721807215,0,130,130,0.7002941760857113,0.7010021887906318,0.576952150317261,0.7908549946783384,0.5717889182671247,0.8012725314290057
trial_0014_bite_015_transfer,trial_0014_bite_015,trial_0014,transfer,0,StrongLocal,130,130,100.0,-3.1201731285953413,0.004317113966258113,True,True,True,True,130,1,903,2.987766791587195,0.019621185993241586,903,0.42146596971766787,1.9621185993241586,896,18.425558543900983,187.0635439487023,889,2871.0751039382726,19446.23721392569,0,130,130,0.6989634397553464,0.7005640766635208,0.5801827706542821,0.7865033522060757,0.5762809049449129,0.7981976166373839
trial_0014_bite_015_transfer,trial_0014_bite_015,trial_0014,transfer,0,H_star,130,130,100.0,-3.1201731285953413,0.0024270936548802524,True,True,True,True,130,1,903,3.0507460305139853,0.025013989103068734,903,0.43879611457480294,2.5013989103068734,896,26.205925021592577,267.982866406693,889,4187.346814940194,28221.267445583737,0,130,130,0.7004118393811929,0.7001521241810327,0.5828079670989217,0.7866774225046007,0.5753570430448636,0.7976001677103168
trial_0014_bite_015_transfer,trial_0014_bite_015,trial_0014,transfer,0,HumanGT,130,130,100.0,-3.1201731285953413,0.0,True,True,True,True,130,1,903,2.4273911687628034,0.011893504258868592,903,0.35144152199526635,1.1893504258868615,896,11.364568387093454,52.2410934282246,889,1774.3066066705055,8331.580657503479,0,130,130,0.6595124652106215,0.6543352550466274,0.5929470474400749,0.7217793536411629,0.5889796152731117,0.7303308823796986
trial_0014_bite_015_withdrawal,trial_0014_bite_015,trial_0014,withdrawal,0,B0,106,106,100.0,-2.7954030801499345,0.0,True,True,True,True,106,1,735,6.148542773859665,0.052908718898285294,735,1.2724976616812347,5.290871889828525,728,24.10695671667749,198.5090471206604,721,2914.2049913675933,18988.200491994292,0,106,106,0.42182218445275305,0.4806893594707553,0.018360891783904876,0.8637891352273214,0.003313265152586453,0.9010765315212828
trial_0014_bite_015_withdrawal,trial_0014_bite_015,trial_0014,withdrawal,0,B1,106,106,100.0,-2.7954030801499345,0.07049917269506256,True,True,True,True,106,1,735,6.037707605050402,0.05422726948592871,735,1.2677899421620407,5.422726948592866,728,24.505771551782225,201.88234113485996,721,2952.299907864208,18882.36424424012,0,106,106,0.4443820399919012,0.5188983673807346,0.05711836446453056,0.8756431988209772,0.03999418724753312,0.9149807496380853
trial_0014_bite_015_withdrawal,trial_0014_bite_015,trial_0014,withdrawal,0,B2,106,106,100.0,-2.7954030801499345,0.00797134785830167,True,True,True,True,106,1,735,5.952094388528197,0.05241551924471288,735,1.2397395632543242,5.241551924471284,728,24.999460227896513,201.87790256389135,721,3001.8463541935553,18651.53740310838,0,106,106,0.4934229497067273,0.5281653287603008,0.14505208515110324,0.8762580434410718,0.12406949501959552,0.9148233808485
trial_0014_bite_015_withdrawal,trial_0014_bite_015,trial_0014,withdrawal,0,B3,106,106,100.0,-2.7954030801499345,0.00863847024212916,True,True,True,True,106,1,735,6.30729875574544,0.06089768055422251,735,1.2986882625980105,6.089768055422246,728,32.759289271651745,246.91676221981274,721,4404.978428690561,27877.93706994081,0,106,106,0.485836338416181,0.5280236745562648,0.12381314581926306,0.8826654612967547,0.10565474222014881,0.9292153447540272
trial_0014_bite_015_withdrawal,trial_0014_bite_015,trial_0014,withdrawal,0,StrongLocal,106,106,100.0,-2.7954030801499345,0.047063432000062466,True,True,True,True,106,1,735,6.094229113426552,0.05443445419150538,735,1.2617851090777525,5.4434454191505335,728,32.98382320759149,206.51274186633336,721,4623.638051109037,28756.295889745088,0,106,106,0.4827830055964916,0.5271063772791151,0.12545561837282881,0.8763186937440386,0.10909871553798745,0.914491498995921
trial_0014_bite_015_withdrawal,trial_0014_bite_015,trial_0014,withdrawal,0,H_star,106,106,100.0,-2.7954030801499345,0.038875856319293245,True,True,True,True,106,1,735,6.38086864228339,0.052439742241397795,735,1.2994559034120008,5.243974224139775,728,37.5601243699158,211.9243599399475,721,5395.229976218904,27263.720313749523,0,106,106,0.47500583111188505,0.5271321968756901,0.10857759086789809,0.8811187255634386,0.09159705780223959,0.9163733972449188
trial_0014_bite_015_withdrawal,trial_0014_bite_015,trial_0014,withdrawal,0,HumanGT,106,106,100.0,-2.7954030801499345,0.0,True,True,True,True,106,1,735,6.379456261081629,0.05094523439761378,735,1.3217022953272124,5.094523439761374,728,26.4812839384101,219.4616703635162,721,3203.1568453170953,19390.450682747523,0,106,106,0.5251838674345726,0.5368860772100295,0.2028984211238083,0.8800999594504636,0.17863256172805553,0.9317688895300726
trial_0014_bite_016_transfer,trial_0014_bite_016,trial_0014,transfer,0,B0,137,137,100.0,-3.0912119276202414,0.0,True,True,True,True,137,1,952,3.626894284859613,0.018716258997474977,952,0.49284807074910864,1.8716258997475013,945,12.549077339034096,78.83932245833932,938,1999.2862617818569,10858.571627013984,0,137,137,0.8142725302576497,0.7972933567302718,0.6773714803885651,0.9480039635118463,0.6507775631294124,0.9641191885234459
trial_0014_bite_016_transfer,trial_0014_bite_016,trial_0014,transfer,0,B1,137,137,100.0,-3.0912119276202414,0.14588901211879257,True,True,True,True,137,1,952,4.000399914799241,0.019786859102429052,952,0.5379697326491985,1.9786859102429089,945,12.711186246702038,79.03732075176681,938,2029.0670645723415,10953.371877398871,0,137,137,0.8338616350583701,0.8186325463117274,0.6823056750072304,0.9716031879865277,0.6507775631294124,0.990782244790275
trial_0014_bite_016_transfer,trial_0014_bite_016,trial_0014,transfer,0,B2,137,137,100.0,-3.0912119276202414,0.00797134785830167,True,True,True,True,137,1,952,3.235182904204287,0.01465257815132448,952,0.427857750974075,1.4652578151324507,945,12.024081931267002,74.91437030068924,938,1897.158675701688,9934.502391297783,0,137,137,0.7732496670262322,0.7550281254072901,0.6680529821789458,0.8947548243739665,0.6507775631294124,0.9062367363093582
trial_0014_bite_016_transfer,trial_0014_bite_016,trial_0014,transfer,0,B3,137,137,100.0,-3.0912119276202414,0.00863847024212916,True,True,True,True,137,1,952,3.405066526643058,0.02813638246044281,952,0.4660956761181809,2.813638246044281,945,20.380584589311145,257.4100696600956,938,2940.2331480315897,25529.482254514904,0,137,137,0.764628858377867,0.7487560525388801,0.6450154425011355,0.8930959973413867,0.6327063443151981,0.9030193543222516
trial_0014_bite_016_transfer,trial_0014_bite_016,trial_0014,transfer,0,StrongLocal,137,137,100.0,-3.0912119276202414,0.007185951248035671,True,True,True,True,137,1,952,3.3860348360796246,0.02389272298563938,952,0.45534224044567745,2.389272298563938,945,21.012718962264984,227.3052019764643,938,3264.008633795809,22518.78197408397,0,137,137,0.7625707860619831,0.7475012563774133,0.6470845023287501,0.8844939494920225,0.6363799982815588,0.8973769521092203
trial_0014_bite_016_transfer,trial_0014_bite_016,trial_0014,transfer,0,H_star,137,137,100.0,-3.0912119276202414,0.003658579213621671,True,True,True,True,137,1,952,3.5227592607360356,0.029089076447420092,952,0.47677459340813594,2.9089076447420092,945,29.493827640405563,299.20051643576693,938,4671.953645787094,29700.55390116833,0,137,137,0.7646753540572743,0.7497577146261722,0.6502757012801553,0.885513872010316,0.6327726010753087,0.8962306768424071
trial_0014_bite_016_transfer,trial_0014_bite_016,trial_0014,transfer,0,HumanGT,137,137,100.0,-3.0912119276202414,0.0,True,True,True,True,137,1,952,2.865443014676332,0.012535460086920303,952,0.3738708152643597,1.2535460086920327,945,13.782794345373004,73.41697723719496,938,2260.333954086566,9977.396741310144,0,137,137,0.7056520598133552,0.686834702617424,0.6487383747740246,0.8008380045280364,0.6472664954462015,0.8140740554007113
trial_0014_bite_016_withdrawal,trial_0014_bite_016,trial_0014,withdrawal,0,B0,94,94,100.0,-2.78208438049713,0.0,True,True,True,True,94,1,651,6.067514985442644,0.05389101970941823,651,1.3979736093718953,5.389101970941819,644,23.77176640781531,136.9019783996392,637,2693.0292006324494,14832.056948138821,0,94,94,0.4531449894615111,0.4068970635375151,0.11321334916518597,0.8662968929718662,0.1089253791170588,0.8980896563703951
trial_0014_bite_016_withdrawal,trial_0014_bite_016,trial_0014,withdrawal,0,B1,94,94,100.0,-2.78208438049713,0.07049917269506256,True,True,True,True,94,1,651,6.091128877233919,0.05505692705859566,651,1.4019615812048092,5.505692705859561,644,24.16135713431604,140.48440061938257,637,2729.2975187846273,14928.399580239386,0,94,94,0.47655600812616433,0.44511864568823745,0.1618962789799911,0.8699159555178828,0.15517137058379493,0.9116839796824445
trial_0014_bite_016_withdrawal,trial_0014_bite_016,trial_0014,withdrawal,0,B2,94,94,100.0,-2.78208438049713,0.00797134785830167,True,True,True,True,94,1,651,6.223133302627165,0.05588670172967624,651,1.399540097939221,5.588670172967619,644,24.844667798713353,145.11430568122626,637,2759.9041797474492,13701.915580970775,0,94,94,0.5304593162057134,0.46675705890303876,0.2716933260344644,0.8675640772649349,0.26324963181117234,0.9081358379495237
trial_0014_bite_016_withdrawal,trial_0014_bite_016,trial_0014,withdrawal,0,B3,94,94,100.0,-2.78208438049713,0.008638470242128715,True,True,True,True,94,1,651,6.314462214168293,0.05750108980375668,651,1.4280645043085136,5.750108980375662,644,31.13892335154214,141.58980046861296,637,4150.8796591129085,20387.93242467736,0,94,94,0.5245054788019611,0.46633068976647696,0.25509616838206794,0.8687938191161515,0.24897377527585363,0.9123418948154609
trial_0014_bite_016_withdrawal,trial_0014_bite_016,trial_0014,withdrawal,0,StrongLocal,94,94,100.0,-2.78208438049713,0.02514025493706118,True,True,True,True,94,1,651,6.4275366531583025,0.05814228395861765,651,1.4416376982376338,5.814228395861759,644,35.4811253155866,167.57676766358168,637,5133.564650661639,27861.79453013466,0,94,94,0.5292895405525053,0.46663481805633467,0.2771427086462523,0.8678814336729909,0.2689160354923956,0.9117013048101157
trial_0014_bite_016_withdrawal,trial_0014_bite_016,trial_0014,withdrawal,0,H_star,94,94,100.0,-2.78208438049713,0.019745499222822094,True,True,True,True,94,1,651,6.395148709564726,0.05757453774139431,651,1.428452455833029,5.757453774139425,644,44.49013997363349,214.37306655202235,637,6954.151889734436,42389.4179387098,0,94,94,0.5282689903676597,0.4667882081495005,0.26738373292171536,0.866250955007824,0.25874067762022257,0.9123851268210275
trial_0014_bite_016_withdrawal,trial_0014_bite_016,trial_0014,withdrawal,0,HumanGT,94,94,100.0,-2.78208438049713,0.0,True,True,True,True,94,1,651,6.206919079010839,0.055616463142908586,651,1.4010634390216705,5.561646314290853,644,25.382803435228556,143.07778321273693,637,2931.353161211527,15675.725395515976,0,94,94,0.5006693191997612,0.4644964684244366,0.2095939441895728,0.8634812970430844,0.20218195013367612,0.903167577845891
trial_0014_bite_017_transfer,trial_0014_bite_017,trial_0014,transfer,0,B0,121,121,100.0,-3.1398900708935815,0.0,True,True,True,True,121,1,840,3.991289786895953,0.019276401389962672,840,0.6159887386152255,1.9276401389962654,833,16.497383968762847,97.14025781360219,826,2777.977256523166,14763.004213802906,0,121,121,0.7770554564890855,0.8005716041461173,0.5912626691854017,0.9362702623857933,0.5835471853867693,0.9396948976795503
trial_0014_bite_017_transfer,trial_0014_bite_017,trial_0014,transfer,0,B1,121,121,100.0,-3.1398900708935815,0.14588901211879257,True,True,True,True,121,1,840,4.445981315890638,0.020459587718948402,840,0.668903105018095,2.0459587718948384,833,16.686843423764877,97.82343676312537,826,2811.6822046976995,15014.136257636106,0,121,121,0.7926651124152788,0.8077125251760073,0.6051029879795511,0.9621081421810551,0.5972239329996452,0.9660589857027992
trial_0014_bite_017_transfer,trial_0014_bite_017,trial_0014,transfer,0,B2,121,121,100.0,-3.1398900708935815,0.00797134785830167,True,True,True,True,121,1,840,3.515912602659714,0.016471455989440997,840,0.548835676452649,1.6471455989440982,833,16.130640320607377,82.79295710823804,826,2711.522353516022,13163.061589945366,0,121,121,0.7458588652589626,0.795693857017026,0.5664145653577908,0.8841781530847079,0.5593760475393905,0.8863827203696288
trial_0014_bite_017_transfer,trial_0014_bite_017,trial_0014,transfer,0,B3,121,121,100.0,-3.1398900708935815,0.00863847024212916,True,True,True,True,121,1,840,3.771277006246559,0.02762076317246498,840,0.5950095655245615,2.762076317246498,833,29.207816661568113,246.96363981948633,826,4793.155620289327,20994.366162457365,0,121,121,0.7365959048642211,0.7721915385516815,0.5686984869160598,0.87349591196262,0.5616577844501514,0.875457231081173
trial_0014_bite_017_transfer,trial_0014_bite_017,trial_0014,transfer,0,StrongLocal,121,121,100.0,-3.1398900708935815,0.007255387309399897,True,True,True,True,121,1,840,3.73823527523096,0.024000200692710916,840,0.5838601928289805,2.4000200692710916,833,26.270209128019566,222.3326157796901,826,4245.460776593672,19910.817795334435,0,121,121,0.7348302985269475,0.7747191629671333,0.5726540613347657,0.8633683158977172,0.5659617954637355,0.8646688893227674
trial_0014_bite_017_transfer,trial_0014_bite_017,trial_0014,transfer,0,H_star,121,121,100.0,-3.1398900708935815,0.0036789637377361295,True,True,True,True,121,1,840,3.9020450924113264,0.02901122411347456,840,0.6147595247008565,2.901122411347456,833,40.18223184500634,297.29613163143483,826,6832.993465568559,37279.72074160892,0,121,121,0.7380796115105591,0.7776482113635603,0.5732364873382831,0.8704294951563627,0.5666491204239437,0.8745598105376315
trial_0014_bite_017_transfer,trial_0014_bite_017,trial_0014,transfer,0,HumanGT,121,121,100.0,-3.1398900708935815,0.0,True,True,True,True,121,1,840,3.2777006097893437,0.014881252795731827,840,0.5074883263335231,1.4881252795731814,833,17.55301256979769,93.99809334766528,826,3006.767282019305,15675.832637072685,0,121,121,0.7226396137304737,0.7707151152514093,0.5443942907929831,0.8444059260120589,0.5374455012808994,0.8475270108654407
trial_0014_bite_017_withdrawal,trial_0014_bite_017,trial_0014,withdrawal,0,B0,99,99,100.0,-2.8671402217038082,0.0,True,True,True,True,99,1,686,6.848487844556466,0.054656280379967725,686,1.4928574792787825,5.465628037996798,679,22.2323399227954,122.54223978025428,672,2566.665295289585,19755.59047422059,0,99,99,0.5053023901561713,0.5797318553836894,0.19200106095816985,0.8838324947664514,0.177735455713532,0.9287315735810893
trial_0014_bite_017_withdrawal,trial_0014_bite_017,trial_0014,withdrawal,0,B1,99,99,100.0,-2.8671402217038082,0.070499172695063,True,True,True,True,99,1,686,6.769862506606962,0.05603894276467613,686,1.4921960715495854,5.603894276467639,679,22.600009477046704,127.86741845345311,672,2593.6764985464274,19791.94802988448,0,99,99,0.5315722003530712,0.5782850485272673,0.24530918531785692,0.8841617190305343,0.2308863872883986,0.9425053519832254
trial_0014_bite_017_withdrawal,trial_0014_bite_017,trial_0014,withdrawal,0,B2,99,99,100.0,-2.8671402217038082,0.007971347858301225,True,True,True,True,99,1,686,6.694963907047353,0.05606312650853784,686,1.4585935973765638,5.606312650853779,679,23.09794539443999,137.1437051025912,672,2650.5836816778706,17448.846691375584,0,99,99,0.5957573266127337,0.5760953868500223,0.399369502368519,0.8836705709019281,0.3839137920048392,0.9498348788235762
trial_0014_bite_017_withdrawal,trial_0014_bite_017,trial_0014,withdrawal,0,B3,99,99,100.0,-2.8671402217038082,0.00863847024212916,True,True,True,True,99,1,686,7.138204081825966,0.058859590944878803,686,1.5100127921606443,5.885959094487875,679,31.605170280802778,187.95702690714413,672,4396.223141809338,32264.692081793255,0,99,99,0.5930271008338681,0.5755603175780717,0.4003065108066184,0.885823337360234,0.37847861322721865,0.949221049925963
trial_0014_bite_017_withdrawal,trial_0014_bite_017,trial_0014,withdrawal,0,StrongLocal,99,99,100.0,-2.8671402217038082,0.01211722583808772,True,True,True,True,99,1,686,7.1095830362496475,0.05905976376318467,686,1.5143626549851974,5.905976376318462,679,30.787521682008737,129.35608544719176,672,4176.249944752981,20727.87206111391,0,99,99,0.6010608085600844,0.5772626405673678,0.42461562184164797,0.889788275361357,0.40498046348532224,0.9490636961741452
trial_0014_bite_017_withdrawal,trial_0014_bite_017,trial_0014,withdrawal,0,H_star,99,99,100.0,-2.8671402217038082,0.0016951486663940862,True,True,True,True,99,1,686,7.145319977558468,0.05820958873451332,686,1.508489423946733,5.8209588734513265,679,38.70248120710535,234.94450595889376,672,5797.095849067481,40264.62023242235,0,99,99,0.5961238495463804,0.5774950320674441,0.4034079661397172,0.8877250916235121,0.3886985440373172,0.9493102612756759
trial_0014_bite_017_withdrawal,trial_0014_bite_017,trial_0014,withdrawal,0,HumanGT,99,99,100.0,-2.8671402217038082,0.0,True,True,True,True,99,1,686,6.7266953789952355,0.055465046136395024,686,1.455968379143671,5.546504613639497,679,23.38107726564482,135.1008679657759,672,2781.6645709205704,22816.88943853676,0,99,99,0.5761662049712125,0.5749157002884826,0.34090051215476747,0.883345019502977,0.32266773207307065,0.9478337598308197
trial_0014_bite_018_transfer,trial_0014_bite_018,trial_0014,transfer,0,B0,156,156,100.0,3.1303541962998853,0.0,True,True,True,True,156,1,1085,3.9894954704129537,0.031849073997640254,1085,0.5090014413518542,3.1849073997640227,1078,23.58872766130867,319.73530968610385,1071,3967.282888337399,63336.52155031106,0,156,156,0.8467369486750357,0.8097137628436375,0.7561718578470287,0.9713523440785381,0.7532451479425877,0.978267119498514
trial_0014_bite_018_transfer,trial_0014_bite_018,trial_0014,transfer,0,B1,156,156,100.0,3.1303541962998853,0.14588901211879302,True,True,True,True,156,1,1085,4.423557560931302,0.03252934641808025,1085,0.5498054297195485,3.252934641808022,1078,23.68472092646731,320.4121008520938,1071,3984.5422989321733,63503.39926528385,0,156,156,0.8621431710487434,0.8243218719585537,0.7732269742887281,0.9863683787102259,0.7704822553863675,0.9973770547070915
trial_0014_bite_018_transfer,trial_0014_bite_018,trial_0014,transfer,0,B2,156,156,100.0,3.1303541962998853,0.007971347858301225,True,True,True,True,156,1,1085,3.5893315442675164,0.024301096163980462,1085,0.4457940792157854,2.430109616398044,1078,23.3929610960992,256.6538037439954,1071,3938.788010675534,51228.439184947434,0,156,156,0.8083246323629932,0.7694900679700329,0.7159933652597754,0.926791027429565,0.7129439746226547,0.9341516373172789
trial_0014_bite_018_transfer,trial_0014_bite_018,trial_0014,transfer,0,B3,156,156,100.0,3.1303541962998853,0.008638470242128715,True,True,True,True,156,1,1085,3.82126897373561,0.03566709488278619,1085,0.48505302817836693,3.5667094882786157,1078,34.65566106731404,505.0070446688251,1071,5969.277647785164,87818.41399043877,0,156,156,0.8032295386057806,0.7696239644205858,0.7193982440007314,0.907499758396175,0.716160268457946,0.9193043367640008
trial_0014_bite_018_transfer,trial_0014_bite_018,trial_0014,transfer,0,StrongLocal,156,156,100.0,3.1303541962998853,0.01306142773615715,True,True,True,True,156,1,1085,3.972437307357625,0.035337847589898885,1085,0.512338293486263,3.5337847589898854,1078,44.2336208057613,585.7768607755876,1071,7880.71266688137,100224.61622840303,0,156,156,0.8032749981664403,0.7697842646621837,0.7214976690660713,0.9033177017444685,0.7184479845840794,0.9178558165808501
trial_0014_bite_018_transfer,trial_0014_bite_018,trial_0014,transfer,0,H_star,156,156,100.0,3.1303541962998853,0.008097317520919578,True,True,True,True,156,1,1085,4.2114446411733715,0.04587404039938736,1085,0.5699230672688066,4.587404039938732,1078,62.44181484385704,869.4221474467397,1071,11261.49682965905,139969.97817274134,0,156,156,0.8054035440400233,0.7682820646752342,0.7238365021466551,0.9103784831667534,0.7217260550887019,0.9172205259625865
trial_0014_bite_018_transfer,trial_0014_bite_018,trial_0014,transfer,0,HumanGT,156,156,100.0,3.1303541962998853,0.0,True,True,True,True,156,1,1085,3.319570783074259,0.02854791062639972,1085,0.4148971774871741,2.8547910626399693,1078,23.50221134709708,313.66587702939813,1071,3958.243013291002,61782.15960687022,0,156,156,0.7763206832628222,0.7291624912212122,0.6735884711615618,0.9106606893496876,0.6709222966087269,0.9192629135107022
trial_0014_bite_018_withdrawal,trial_0014_bite_018,trial_0014,withdrawal,0,B0,86,86,100.0,-2.865083142521525,0.0,True,True,True,True,86,1,595,5.394743101075587,0.04472837682909603,595,1.2130080592057626,4.472837682909599,588,21.713107864069194,128.39037379222844,581,2765.633349147609,19019.53695059871,0,86,86,0.7162591540713974,0.7652888475107993,0.37923803797276445,0.9376681070785441,0.3324479709475048,0.9606181543859087
trial_0014_bite_018_withdrawal,trial_0014_bite_018,trial_0014,withdrawal,0,B1,86,86,100.0,-2.865083142521525,0.070499172695063,True,True,True,True,86,1,595,5.325694438663473,0.04577674030018475,595,1.2129007804417846,4.57767403001847,588,22.462589602990896,136.28769427464138,581,2853.5074067480164,20435.59996957173,0,86,86,0.743633905266757,0.7711311564451442,0.4540258023201029,0.9536541933525996,0.4050792812000088,0.9751729230773973
trial_0014_bite_018_withdrawal,trial_0014_bite_018,trial_0014,withdrawal,0,B2,86,86,100.0,-2.865083142521525,0.007971347858301225,True,True,True,True,86,1,595,5.331789612363728,0.044707310831553215,595,1.1877235540472995,4.470731083155318,588,23.25531984870721,142.794973302087,581,2928.2410816643146,22293.70998715557,0,86,86,0.7814642940054914,0.7717247025153926,0.6105108719076902,0.9463579839661296,0.5625994023918324,0.9731689781325952
trial_0014_bite_018_withdrawal,trial_0014_bite_018,trial_0014,withdrawal,0,B3,86,86,100.0,-2.865083142521525,0.008638470242128715,True,True,True,True,86,1,595,5.439955776065361,0.047386453262431516,595,1.2246750812757679,4.738645326243147,588,31.163078298211744,149.7332621730152,581,4432.1876152945,25387.062739049707,0,86,86,0.7830501270912652,0.770801769285798,0.6222444384030184,0.9504346055431243,0.5749909977578316,0.9785501154974998
trial_0014_bite_018_withdrawal,trial_0014_bite_018,trial_0014,withdrawal,0,StrongLocal,86,86,100.0,-2.865083142521525,0.012735248123636023,True,True,True,True,86,1,595,5.445017251963963,0.049308225227857605,595,1.242552593044005,4.930822522785756,588,32.890731515937425,155.46313873717716,581,5001.373766360262,29395.57425453546,0,86,86,0.7915211299013508,0.7714331658285474,0.6561155672493328,0.9538696975381965,0.6088899897496596,0.9865083501730902
trial_0014_bite_018_withdrawal,trial_0014_bite_018,trial_0014,withdrawal,0,H_star,86,86,100.0,-2.865083142521525,0.008146299305547,True,True,True,True,86,1,595,5.478787139234765,0.04868682482450382,595,1.2319960312856362,4.868682482450378,588,42.404152087454236,284.9982439523119,581,7118.512670220437,47379.701414759315,0,86,86,0.7887897428255894,0.770943878869226,0.6529356148084358,0.9518343072014321,0.608547458150662,0.9780996194197282
trial_0014_bite_018_withdrawal,trial_0014_bite_018,trial_0014,withdrawal,0,HumanGT,86,86,100.0,-2.865083142521525,0.0,True,True,True,True,86,1,595,5.372228923668903,0.04840532103270867,595,1.2257534140429616,4.840532103270863,588,24.59763605309296,149.2248958808415,581,3202.472603875105,22806.42344511857,0,86,86,0.7732869357975937,0.7718952232156717,0.5597816271639542,0.9525139719065162,0.49122042342120587,0.9804826164599554
trial_0014_bite_019_transfer,trial_0014_bite_019,trial_0014,transfer,0,B0,127,127,100.0,-3.13116201840914,0.0,True,True,True,True,127,1,882,3.883853251573842,0.020905311337688026,882,0.5911126830582595,2.0905311337688066,875,23.11306559744398,230.39803510993514,868,3715.140999145022,34940.23529889823,0,127,127,0.9821153030080633,0.9672419627990845,0.9187420313654184,1.0748011423996156,0.9128980394999939,1.082448814540803
trial_0014_bite_019_transfer,trial_0014_bite_019,trial_0014,transfer,0,B1,127,127,100.0,-3.13116201840914,0.14588901211879302,True,True,True,True,127,1,882,4.162383643319387,0.022075595245500956,882,0.6373326308667868,2.2075595245500996,875,23.39426662511698,236.25550462754452,868,3764.0250816816842,35753.261645532824,0,127,127,0.9977441138295069,0.9821777172449915,0.9239428662036302,1.0941996265278457,0.9153476105957259,1.1007265301666402
trial_0014_bite_019_transfer,trial_0014_bite_019,trial_0014,transfer,0,B2,127,127,100.0,-3.13116201840914,0.007971347858300781,True,True,True,True,127,1,882,3.5802101023136004,0.018996085166812282,882,0.541262452156448,1.8996085166812264,875,22.573376972281462,219.92722234550362,868,3607.3913233903827,32610.270463355635,0,127,127,0.9522823975693613,0.9331195928404885,0.8997256083514952,1.0409477767423476,0.8961667592005149,1.0460092959712783
trial_0014_bite_019_transfer,trial_0014_bite_019,trial_0014,transfer,0,B3,127,127,100.0,-3.13116201840914,0.008638470242128715,True,True,True,True,127,1,882,3.8080936551181566,0.032075682995169164,882,0.5893259890182103,3.2075682995169164,875,31.753215686889746,292.1194592268206,868,4784.641159893171,33293.00039084408,0,127,127,0.944107926808525,0.9274441861341316,0.8783473775757955,1.0398453411936015,0.874238402409403,1.0443771465693326
trial_0014_bite_019_transfer,trial_0014_bite_019,trial_0014,transfer,0,StrongLocal,127,127,100.0,-3.13116201840914,0.019294944257434388,True,True,True,True,127,1,882,3.8497064298314436,0.029821541195785173,882,0.5964130630849397,2.9821541195785173,875,36.40379132770919,362.3632625324762,868,5809.256967480502,48885.24412189175,0,127,127,0.9413230049207385,0.9251433781011615,0.8737878209292392,1.0349801454944692,0.8724120567472573,1.041864918860412
trial_0014_bite_019_transfer,trial_0014_bite_019,trial_0014,transfer,0,H_star,127,127,100.0,-3.13116201840914,0.010333681266579298,True,True,True,True,127,1,882,3.936803359638854,0.033184634107410904,882,0.6274081604643608,3.3184634107410904,875,47.91081776820123,457.15413571943674,868,7844.356964900236,60125.03854384452,0,127,127,0.9446036460759676,0.9267993871394253,0.8826560686539568,1.0344179871246677,0.8775436251147335,1.0392683075140834
trial_0014_bite_019_transfer,trial_0014_bite_019,trial_0014,transfer,0,HumanGT,127,127,100.0,-3.13116201840914,0.0,True,True,True,True,127,1,882,3.668045738515797,0.021598879668558446,882,0.5666886386265254,2.159887966855843,875,23.689943518436046,220.29295776583044,868,3751.537330342872,33553.033437686696,0,127,127,0.9528970576390646,0.9291303210006037,0.8936639331527186,1.0591398020713045,0.8906157531798335,1.062241049116233
trial_0014_bite_019_withdrawal,trial_0014_bite_019,trial_0014,withdrawal,0,B0,104,104,100.0,-2.988603231971274,0.0,True,True,True,True,104,1,721,6.173034410250334,0.062583958702497,721,1.3107542698175718,6.258395870249695,714,24.03497824563855,141.67563807329282,707,3384.420445989014,17593.777816275535,0,104,104,0.5839203007774594,0.4779732567892161,0.27941499915973245,0.9432808043598251,0.27535053386048336,0.9860112956099747
trial_0014_bite_019_withdrawal,trial_0014_bite_019,trial_0014,withdrawal,0,B1,104,104,100.0,-2.988603231971274,0.07049917269506256,True,True,True,True,104,1,721,6.1924944337930485,0.0670596100147618,721,1.3433047760595314,6.705961001476173,714,24.961185572807928,152.32780507107938,707,3500.0949578875475,18935.251385731655,0,104,104,0.6018244714883619,0.4926090382381294,0.3681417092996022,0.9484542570882624,0.36322791501690777,0.9852634398090405
trial_0014_bite_019_withdrawal,trial_0014_bite_019,trial_0014,withdrawal,0,B2,104,104,100.0,-2.988603231971274,0.00797134785830167,True,True,True,True,104,1,721,6.123101048101404,0.06416227223498172,721,1.2984132538657356,6.416227223498167,714,25.133036289823295,153.33874429067833,707,3540.437086651404,18658.52873591484,0,104,104,0.6307798379752602,0.5661256393994811,0.39009069135678887,0.9430107295191293,0.3833882524028831,0.9861187197790353
trial_0014_bite_019_withdrawal,trial_0014_bite_019,trial_0014,withdrawal,0,B3,104,104,100.0,-2.988603231971274,0.008638470242128715,True,True,True,True,104,1,721,6.471098065452741,0.06565577694342295,721,1.3358570389698305,6.565577694342289,714,32.2514163794861,163.26014499433936,707,4920.641879204025,26686.277524103025,0,104,104,0.630967761287442,0.5721906320027517,0.38948375722231343,0.9425358199518894,0.38275187269740263,0.9805312137245448
trial_0014_bite_019_withdrawal,trial_0014_bite_019,trial_0014,withdrawal,0,StrongLocal,104,104,100.0,-2.988603231971274,0.009188219518849294,True,True,True,True,104,1,721,6.542571634277865,0.06682921030367339,721,1.3467821536318396,6.682921030367333,714,37.270577507133765,234.20415411321116,707,5856.114591884529,41180.64792611521,0,104,104,0.6370696083321042,0.6134088643652733,0.3892898937479302,0.9430196468446645,0.38261848432960077,0.983945630339206
trial_0014_bite_019_withdrawal,trial_0014_bite_019,trial_0014,withdrawal,0,H_star,104,104,100.0,-2.988603231971274,0.011520956917796532,True,True,True,True,104,1,721,6.616092414889517,0.06547327394052438,721,1.3479511908362758,6.547327394052432,714,42.2030751659758,260.03371586953426,707,6654.615517482834,44647.03020085371,0,104,104,0.6312184381888406,0.5728490252064693,0.38957388909611784,0.9429800940689423,0.3829238904118726,0.9808728324339455
trial_0014_bite_019_withdrawal,trial_0014_bite_019,trial_0014,withdrawal,0,HumanGT,104,104,100.0,-2.988603231971274,0.0,True,True,True,True,104,1,721,5.988998249304881,0.053131153631207795,721,1.197316918439281,5.313115363120775,714,23.976563701787306,143.2754719309945,707,3455.648317166688,16030.769067981913,0,104,104,0.621052473476644,0.5401472009968817,0.3926827065869928,0.9291764963157758,0.3859043847208006,0.9666480591530955
trial_0014_bite_020_transfer,trial_0014_bite_020,trial_0014,transfer,0,B0,157,157,100.0,3.130320960859768,0.0,True,True,True,True,157,1,1092,3.6604225604740654,0.018500042048413157,1092,0.4572366819360451,1.8500042048413141,1085,13.807958284004231,113.44788694943821,1078,2106.5726571317196,19535.485864302867,0,157,157,0.8876267277498042,0.8905243970219898,0.8106675344531649,0.9908232416655568,0.807671807016368,1.0092853404344169
trial_0014_bite_020_transfer,trial_0014_bite_020,trial_0014,transfer,0,B1,157,157,100.0,3.130320960859768,0.14588901211879302,True,True,True,True,157,1,1092,4.0247492745202145,0.019389268208635402,1092,0.495384555104829,1.9389268208635384,1085,13.926222793726847,113.55488554478659,1078,2124.6510755204026,19539.802138319075,0,157,157,0.9115998103141469,0.9274861969787285,0.8354814705735394,1.0223615046463697,0.8253911837881573,1.0389623601219045
trial_0014_bite_020_transfer,trial_0014_bite_020,trial_0014,transfer,0,B2,157,157,100.0,3.130320960859768,0.007971347858301225,True,True,True,True,157,1,1092,3.3645148398664686,0.016075914264510827,1092,0.41624033779731806,1.6075914264510813,1085,13.524636148344296,90.62825003023137,1078,2070.02321239712,15720.653539547548,0,157,157,0.8356313301668453,0.8556723215442901,0.7519251862632081,0.9252208194929071,0.7500168126762883,0.9402710085770103
trial_0014_bite_020_transfer,trial_0014_bite_020,trial_0014,transfer,0,B3,157,157,100.0,3.130320960859768,0.008638470242128715,True,True,True,True,157,1,1092,3.5304665669178616,0.023755709253767687,1092,0.4368833008444739,2.3755709253767687,1085,20.287471101270008,89.47825375566597,1078,3345.1493837315957,16216.026318396316,0,157,157,0.8310238546898843,0.8504190469967989,0.7474036454636488,0.922273664118788,0.744353246349174,0.9355660200583784
trial_0014_bite_020_transfer,trial_0014_bite_020,trial_0014,transfer,0,StrongLocal,157,157,100.0,3.130320960859768,0.009107691866515832,True,True,True,True,157,1,1092,3.616169034823632,0.027217839759435588,1092,0.45457800335071624,2.7217839759435587,1085,31.928536024396355,258.47348331362144,1078,5631.999301149084,47373.90613034929,0,157,157,0.8418012540223333,0.8570864706281591,0.767168064113895,0.9265055979800264,0.7643035474907014,0.9428316518191906
trial_0014_bite_020_transfer,trial_0014_bite_020,trial_0014,transfer,0,H_star,157,157,100.0,3.130320960859768,0.00696481136546323,True,True,True,True,157,1,1092,3.8462463929634056,0.03712155335454481,1092,0.49464126197750946,3.712155335454481,1085,39.4999958823836,340.67956276312646,1078,6824.125943847578,60282.67243662143,0,157,157,0.8430649199513269,0.8563569113036229,0.7570547283537654,0.9426937693622566,0.7522908644344672,0.9591057452289982
trial_0014_bite_020_transfer,trial_0014_bite_020,trial_0014,transfer,0,HumanGT,157,157,100.0,3.130320960859768,0.0,True,True,True,True,157,1,1092,3.5914348781693723,0.01980658679085012,1092,0.4450317425523372,1.9806586790850103,1085,15.861392361631964,109.15435058300729,1078,2478.5158716458955,19101.010894972955,0,157,157,0.9045683980755291,0.8911015023461708,0.8399859634041383,0.9979654435259648,0.8277347245052042,1.0143303251232458
trial_0014_bite_020_withdrawal,trial_0014_bite_020,trial_0014,withdrawal,0,B0,104,104,100.0,-3.066327586648585,0.0,True,True,True,True,104,1,721,6.293804973587744,0.08283588834674305,721,1.4423174505700078,8.283588834674298,714,31.250930973675764,261.4034790397785,707,3634.6962507335757,41355.911953166,0,104,104,0.600039166523872,0.6061342849574956,0.19027869199345765,0.99921655105744,0.17750639208940378,1.0286959714168238
trial_0014_bite_020_withdrawal,trial_0014_bite_020,trial_0014,withdrawal,0,B1,104,104,100.0,-3.066327586648585,0.070499172695063,True,True,True,True,104,1,721,6.216815152408934,0.08624452140924443,721,1.4640273182523589,8.624452140924436,714,32.37764314367617,275.60097335069094,707,3763.576573428786,43642.471940580894,0,104,104,0.6314708968795281,0.6216613729770115,0.2589147010062735,1.0061508583707313,0.24743227759238096,1.0343154993347756
trial_0014_bite_020_withdrawal,trial_0014_bite_020,trial_0014,withdrawal,0,B2,104,104,100.0,-3.066327586648585,0.007971347858301225,True,True,True,True,104,1,721,6.440520416881082,0.09056031730938052,721,1.497347431017178,9.056031730938043,714,35.83020649387398,291.4461926995577,707,4112.288770187043,48569.674027647874,0,104,104,0.7126827487079981,0.6675881788523492,0.44712596957389306,1.0036598181410494,0.4303448733317845,1.0337573887535836
trial_0014_bite_020_withdrawal,trial_0014_bite_020,trial_0014,withdrawal,0,B3,104,104,100.0,-3.066327586648585,0.008638470242128715,True,True,True,True,104,1,721,6.755588167114169,0.0985741071823476,721,1.5676736067218275,9.857410718234751,714,42.32716460011734,321.02330729901263,707,5404.6641441764,51755.56637091892,0,104,104,0.7112393597130322,0.6662140017796296,0.4349520204901586,1.0069547674316668,0.41925298806339395,1.0410250452552443
trial_0014_bite_020_withdrawal,trial_0014_bite_020,trial_0014,withdrawal,0,StrongLocal,104,104,100.0,-3.066327586648585,0.04148887230873566,True,True,True,True,104,1,721,15.987717938499648,3.1279431834880267,721,19.520382430732667,312.7943183488024,714,2765.837193092809,31306.57282227487,707,439431.0727812754,6260256.660694788,1,104,104,0.7272517241557872,0.6824964227522015,0.48399406374136,1.0091062809408249,0.4714258785039229,1.0441464773029638
trial_0014_bite_020_withdrawal,trial_0014_bite_020,trial_0014,withdrawal,0,H_star,104,104,100.0,-3.066327586648585,0.02999555168415391,True,True,True,True,104,1,721,7.039787369115695,0.09854504524862584,721,1.5826711334724997,9.854504524862575,714,52.748325742383415,362.444224965123,707,7254.70768537285,52695.805900789455,0,104,104,0.7191582282789585,0.670643424496457,0.45111512168637247,1.0074532674411765,0.4447118246362214,1.0386686723644996
trial_0014_bite_020_withdrawal,trial_0014_bite_020,trial_0014,withdrawal,0,HumanGT,104,104,100.0,-3.066327586648585,0.0,True,True,True,True,104,1,721,6.375839841517849,0.08880964351001186,721,1.4547174216683123,8.880964351001179,714,34.46286298618238,285.47062553524177,707,4021.003635775961,46690.26419709595,0,104,104,0.693738472998442,0.6534026966314561,0.4065500496183855,0.9956282229542537,0.3950200421706187,1.0288934303991972
trial_0014_bite_021_transfer,trial_0014_bite_021,trial_0014,transfer,0,B0,205,205,100.0,-3.082253264058734,0.0,True,True,True,True,205,1,1428,3.6241815199124927,0.009461380986541368,1428,0.3087436444083322,0.9461380986541359,1421,12.045423843618035,97.42937457287475,1414,1985.9101626404993,12595.203410392825,0,205,205,0.8511000483396493,0.838913788256737,0.696349718251925,0.9878707671821045,0.6632748650368703,1.009097832677135
trial_0014_bite_021_transfer,trial_0014_bite_021,trial_0014,transfer,0,B1,205,205,100.0,-3.082253264058734,0.14588901211879302,True,True,True,True,205,1,1428,3.991588211282112,0.010319418063030827,1428,0.3389058884975335,1.0319418063030819,1421,12.162043278915498,100.64476020501516,1414,2005.9193710171696,13053.839604606452,0,205,205,0.8757733555499089,0.8651733219692836,0.7010215383260944,1.0196991978753591,0.6632748650368703,1.0379580059791094
trial_0014_bite_021_transfer,trial_0014_bite_021,trial_0014,transfer,0,B2,205,205,100.0,-3.082253264058734,0.00797134785830167,True,True,True,True,205,1,1428,3.2773900986908244,0.008449377661272628,1428,0.2797934478968929,0.844937766127262,1421,11.805608837126123,86.65031200126168,1414,1949.1296407464483,11059.050072538017,0,205,205,0.8152840239958674,0.8008694067168154,0.6893880355938214,0.9422661538975621,0.6625768098573819,0.9640917433652714
trial_0014_bite_021_transfer,trial_0014_bite_021,trial_0014,transfer,0,B3,205,205,100.0,-3.082253264058734,0.008638470242128715,True,True,True,True,205,1,1428,3.6291352397875714,0.017940375835325595,1428,0.3138098859097864,1.7940375835325595,1421,23.798786516785935,188.00218979654116,1414,4125.00089035045,23998.464093688493,0,205,205,0.8115389610356601,0.8004123769828073,0.6740980051784655,0.935424449305337,0.6514355186357417,0.9573911298389834
trial_0014_bite_021_transfer,trial_0014_bite_021,trial_0014,transfer,0,StrongLocal,205,205,100.0,-3.082253264058734,0.010287985739581007,True,True,True,True,205,1,1428,3.596063677210993,0.014512387585034148,1428,0.30854302301567127,1.4512387585034148,1421,21.427677818580037,166.59977521554126,1414,3721.550634289659,26988.5942001156,0,205,205,0.8146113839285363,0.8053433638348828,0.6748091257351311,0.9377565792892886,0.6536456952309739,0.9576002275900084
trial_0014_bite_021_transfer,trial_0014_bite_021,trial_0014,transfer,0,H_star,205,205,100.0,-3.082253264058734,0.004229937546490703,True,True,True,True,205,1,1428,3.7597070608050136,0.017328295875666866,1428,0.3265479187210779,1.7328295875666866,1421,28.6061781606013,222.92988096580314,1414,5055.2788687995835,40945.46839477337,0,205,205,0.8109764577506761,0.8001145193328565,0.6733681348533748,0.9338383537666686,0.651830523576941,0.9547962133428332
trial_0014_bite_021_transfer,trial_0014_bite_021,trial_0014,transfer,0,HumanGT,205,205,100.0,-3.082253264058734,0.0,True,True,True,True,205,1,1428,3.1505425385398973,0.008560268173972041,1428,0.2695999444400514,0.8560268173972033,1421,13.528783420141417,86.47536585181011,1414,2272.4429547223567,12897.591120683186,0,205,205,0.7964882382523001,0.7816759829311575,0.6798406902253271,0.9106683296003593,0.66234001393524,0.9314769776164047
trial_0014_bite_021_withdrawal,trial_0014_bite_021,trial_0014,withdrawal,0,B0,99,99,100.0,-2.8683716158755423,0.0,True,True,True,True,99,1,686,4.917399657350386,0.032001319759173974,686,0.9555513215143495,3.2001319759174125,679,22.623851854745478,122.6270142053043,672,2782.3266375884555,17791.7868183021,0,99,99,0.7703468099321674,0.7622114381250991,0.6536492473977473,0.9093442774536779,0.6429689724093399,0.9382143082996866
trial_0014_bite_021_withdrawal,trial_0014_bite_021,trial_0014,withdrawal,0,B1,99,99,100.0,-2.8683716158755423,0.07049917269506256,True,True,True,True,99,1,686,4.800386391234113,0.03292864938008133,686,0.9475721909417959,3.2928649380081487,679,23.595717218221015,130.42527218686155,672,2882.6590334293605,18713.93850007424,0,99,99,0.7843373928500081,0.762978024583425,0.6527767541698324,0.9112797727974675,0.6420980278517257,0.9452008553649551
trial_0014_bite_021_withdrawal,trial_0014_bite_021,trial_0014,withdrawal,0,B2,99,99,100.0,-2.8683716158755423,0.00797134785830167,True,True,True,True,99,1,686,4.657834419660435,0.033128404835608194,686,0.9128769182970992,3.312840483560835,679,24.657012782953228,141.2699569286925,672,3036.3670277143556,19704.38667488691,0,99,99,0.7834988356442477,0.7619480280493023,0.6517678535191987,0.9093282662513367,0.6410387023308179,0.9453471052783917
trial_0014_bite_021_withdrawal,trial_0014_bite_021,trial_0014,withdrawal,0,B3,99,99,100.0,-2.8683716158755423,0.008638470242128715,True,True,True,True,99,1,686,4.822671530573718,0.034083786458988456,686,0.9384495013582497,3.4083786458988614,679,34.32344586442885,230.08402078889168,672,4964.1832182955895,40515.28764278166,0,99,99,0.7828867864166094,0.7619332287079899,0.6512549097743547,0.9091393807340111,0.6405778100193635,0.9452567266708196
trial_0014_bite_021_withdrawal,trial_0014_bite_021,trial_0014,withdrawal,0,StrongLocal,99,99,100.0,-2.8683716158755423,0.024812322074165838,True,True,True,True,99,1,686,4.80434633911675,0.035162619469852885,686,0.9466234385269007,3.516261946985305,679,43.095074427319034,333.98377366542434,672,6773.188209874902,58223.434485900434,0,99,99,0.7832324580784374,0.761485069092338,0.65108137584573,0.9108518316237939,0.6403643988739076,0.9449892415973422
trial_0014_bite_021_withdrawal,trial_0014_bite_021,trial_0014,withdrawal,0,H_star,99,99,100.0,-2.8683716158755423,0.01979857859897649,True,True,True,True,99,1,686,4.971360056293095,0.03436629317611751,686,0.968315386943852,3.436629317611767,679,54.22671369757141,421.50567142490587,672,8807.440109908053,72058.0416887774,0,99,99,0.7828792902943175,0.7618141578750994,0.651546943142151,0.9091666333492641,0.6407848335705402,0.9451723394659184
trial_0014_bite_021_withdrawal,trial_0014_bite_021,trial_0014,withdrawal,0,HumanGT,99,99,100.0,-2.8683716158755423,0.0,True,True,True,True,99,1,686,4.600123057281563,0.03359286832382136,686,0.9033352308311516,3.359286832382151,679,28.899883617710106,173.6859473558076,672,3666.79675336046,24384.853134590823,0,99,99,0.7813495709996153,0.7581248198680375,0.648691029713907,0.9091900942821747,0.6377334115922948,0.9450306896148848
trial_0015_bite_001_transfer,trial_0015_bite_001,trial_0015,transfer,0,B0,145,145,100.0,-2.552784852563882,0.0,True,True,True,True,145,1,1008,3.604961759229469,0.015053098877117142,1008,0.45635273175312313,1.5053098877117128,1001,20.416119017404675,129.13440174313152,994,3176.832766653971,23924.986339739295,0,145,145,0.8057800527998785,0.7983311889897111,0.7092593732792707,0.8990671354586444,0.6918080000372928,0.910428876019588
trial_0015_bite_001_transfer,trial_0015_bite_001,trial_0015,transfer,0,B1,145,145,100.0,-2.552784852563882,0.1425729064440091,True,True,True,True,145,1,1008,3.749994246942192,0.015039181615979835,1008,0.4753233390183598,1.5039181615979822,1001,21.114082851880813,136.77296407792002,994,3291.224612396529,25337.034566438564,0,145,145,0.8353333988622375,0.8311469998821686,0.7138555875913802,0.9321250274640622,0.6918080000372928,0.9449307750929674
trial_0015_bite_001_transfer,trial_0015_bite_001,trial_0015,transfer,0,B2,145,145,100.0,-2.552784852563882,0.015748937707918298,True,True,True,True,145,1,1008,3.43533110718261,0.015049314214427234,1008,0.4341428008759294,1.504931421442722,1001,19.753861211060574,124.24190184420402,994,3068.221236829981,23008.550692313907,0,145,145,0.7655756339391405,0.7634338055475673,0.6920680565580823,0.8418624534501667,0.6901054946881726,0.8571991895924738
trial_0015_bite_001_transfer,trial_0015_bite_001,trial_0015,transfer,0,B3,145,145,100.0,-2.552784852563882,0.0172418912152148,True,True,True,True,145,1,1008,3.5609232095287977,0.020557626121368466,1008,0.45390223473740227,2.0557626121368466,1001,23.475954979280594,149.11480669764777,994,3604.727956646298,22855.095635812915,0,145,145,0.7656759599473144,0.7650755013189481,0.6757083062422452,0.8482976571500103,0.6718288412689031,0.8636577849440841
trial_0015_bite_001_transfer,trial_0015_bite_001,trial_0015,transfer,0,StrongLocal,145,145,100.0,-2.552784852563882,0.04582071592768733,True,True,True,True,145,1,1008,3.5441253077237325,0.018963282662961097,1008,0.44972586030551975,1.8963282662961096,1001,22.075712899728558,130.85103662827,994,3357.6031181557264,22926.438541085245,0,145,145,0.7649565790409119,0.7650291990456921,0.6775691962005513,0.8458899771321559,0.672541490612405,0.8595496335781441
trial_0015_bite_001_transfer,trial_0015_bite_001,trial_0015,transfer,0,H_star,145,145,100.0,-2.552784852563882,0.08318825584659706,True,True,True,True,145,1,1008,3.7463548719124917,0.03038702372854374,1008,0.4908270996399379,3.038702372854371,1001,34.90249265142503,231.9374210938191,994,5739.399056985545,45474.3618083949,0,145,145,0.7778044252077103,0.7738425490345806,0.6883336500464345,0.8649076897453738,0.6774179106864233,0.8766827016917444
trial_0015_bite_001_transfer,trial_0015_bite_001,trial_0015,transfer,0,HumanGT,145,145,100.0,-2.552784852563882,0.0,True,True,True,True,145,1,1008,3.5391981729443067,0.02016510633283008,1008,0.45372570899463327,2.016510633283008,1001,22.478415322005663,125.84130311804363,994,3458.171070641826,23342.342451484492,0,145,145,0.7489890940304376,0.7539817530848465,0.6619383507896943,0.823889263560368,0.6577737428062291,0.8393311792215794
trial_0015_bite_001_withdrawal,trial_0015_bite_001,trial_0015,withdrawal,0,B0,149,149,100.0,-2.369565732341667,0.0,True,True,True,True,149,1,1036,4.141377602227099,0.02158545239490397,1036,0.5167285819886283,2.158545239490395,1029,27.445374141305816,324.79806751779614,1022,4325.454518426319,48225.499508009736,0,149,149,0.6197450912068404,0.6471548563778693,0.3706073573040073,0.8285768520214517,0.34126370930883865,0.8470111456969729
trial_0015_bite_001_withdrawal,trial_0015_bite_001,trial_0015,withdrawal,0,B1,149,149,100.0,-2.369565732341667,0.0878346675812236,True,True,True,True,149,1,1036,4.016388337321128,0.022003644761243522,1036,0.5047842875963398,2.20036447612435,1029,27.874946133445718,328.0923153392932,1022,4394.259254290509,48739.84369039623,0,149,149,0.6622950165473185,0.6924392550302183,0.4462761158357267,0.8453414865314525,0.41698538201948576,0.8630073037413322
trial_0015_bite_001_withdrawal,trial_0015_bite_001,trial_0015,withdrawal,0,B2,149,149,100.0,-2.369565732341667,0.015748937707918298,True,True,True,True,149,1,1036,3.997200161669294,0.02112988479377467,1036,0.49533459779159894,2.112988479377465,1029,27.231304987784892,324.4919327779447,1022,4289.476290941172,48115.18808733532,0,149,149,0.6283687197461525,0.6325076401283682,0.438972622195576,0.8073650825156239,0.4133561056909263,0.8262113678784182
trial_0015_bite_001_withdrawal,trial_0015_bite_001,trial_0015,withdrawal,0,B3,149,149,100.0,-2.369565732341667,0.0172418912152148,True,True,True,True,149,1,1036,4.044296436542989,0.021172586540673135,1036,0.5006109620671576,2.1172586540673115,1029,29.670867349201437,318.01945321896153,1022,4758.191000309058,46784.31438540025,0,149,149,0.6306113180623818,0.6346946366018915,0.4440109158049269,0.8047685320248249,0.41484156198473476,0.8262693032370869
trial_0015_bite_001_withdrawal,trial_0015_bite_001,trial_0015,withdrawal,0,StrongLocal,149,149,100.0,-2.369565732341667,0.020320147865870997,True,True,True,True,149,1,1036,4.0037702816431935,0.021355767828943575,1036,0.4996374859936971,2.1355767828943555,1029,29.934656326043235,314.5210416054409,1022,4785.326778000889,47089.183974461725,0,149,149,0.6485297085874129,0.6606678588439217,0.46500235775808096,0.8119384364019876,0.43668446753470613,0.8357074887054887
trial_0015_bite_001_withdrawal,trial_0015_bite_001,trial_0015,withdrawal,0,H_star,149,149,100.0,-2.369565732341667,0.01989273931726121,True,True,True,True,149,1,1036,4.3443101598142775,0.021660826976154016,1036,0.5485867079039047,2.1660826976154057,1029,42.91959697975131,331.68618134905,1022,7069.441379874636,50705.6302518619,0,149,149,0.6425903410298367,0.6460920304842988,0.464603828901437,0.8205042293314918,0.43518413243961884,0.8458456442291862
trial_0015_bite_001_withdrawal,trial_0015_bite_001,trial_0015,withdrawal,0,HumanGT,149,149,100.0,-2.369565732341667,0.0,True,True,True,True,149,1,1036,3.951460498972259,0.0236743510199118,1036,0.507885421998669,2.367435101991178,1029,29.605936281615,332.570976343992,1022,4684.145920284161,49327.42603128143,0,149,149,0.7915255323610187,0.7725924628324672,0.6697631253750136,0.9072710760488354,0.631955686353969,0.9217730827819368
trial_0015_bite_002_transfer,trial_0015_bite_002,trial_0015,transfer,0,B0,108,108,100.0,-2.635812408689981,0.0,True,True,True,True,108,1,749,3.2538564639084644,0.01460618432861871,749,0.5304586612929597,1.4606184328618737,742,25.450361577813254,79.76509054809164,735,4272.44599198452,15171.219652881522,0,108,108,0.7973129658293872,0.8321658112109294,0.561134748905303,0.9433872367872708,0.551380582033187,0.9574973090852055
trial_0015_bite_002_transfer,trial_0015_bite_002,trial_0015,transfer,0,B1,108,108,100.0,-2.635812408689981,0.14257290644400955,True,True,True,True,108,1,749,3.4963662811093186,0.015408625041278157,749,0.5681657710670326,1.5408625041278186,742,26.055967784700613,82.10845339364766,735,4374.629089763994,15492.524083085713,0,108,108,0.8273349325730693,0.8676040215485132,0.5653491474328235,0.9862958694921445,0.5517173005083285,0.9969974313386345
trial_0015_bite_002_transfer,trial_0015_bite_002,trial_0015,transfer,0,B2,108,108,100.0,-2.635812408689981,0.015748937707918742,True,True,True,True,108,1,749,2.7035462211944337,0.011661793079950298,749,0.43701831793589785,1.166179307995029,742,23.80646422820135,78.18505375517745,735,3998.4358195921436,15037.422451096078,0,108,108,0.6783311986252314,0.6986957097417617,0.5514134960757341,0.7757869367114493,0.5489418620381095,0.7814741551890592
trial_0015_bite_002_transfer,trial_0015_bite_002,trial_0015,transfer,0,B3,108,108,100.0,-2.635812408689981,0.0172418912152148,True,True,True,True,108,1,749,2.8887439323205077,0.017256466872209275,749,0.46162166036356617,1.7256466872209275,742,31.62840328818686,135.60866957149642,735,5371.943074424512,18276.49756341305,0,108,108,0.6568092045445734,0.6738447216012835,0.5309651774968218,0.7676250937537716,0.5288230132727332,0.7758278327763852
trial_0015_bite_002_transfer,trial_0015_bite_002,trial_0015,transfer,0,StrongLocal,108,108,100.0,-2.635812408689981,0.014010495817220914,True,True,True,True,108,1,749,2.868496438494055,0.015022937856162821,749,0.4569592803280703,1.5022937856162821,742,30.24699744556692,117.25318650213757,735,5136.433630242998,18409.83577216276,0,108,108,0.6563441517163374,0.6721819846759738,0.5326936627752829,0.7677625644504542,0.5294938004760912,0.7753581688426596
trial_0015_bite_002_transfer,trial_0015_bite_002,trial_0015,transfer,0,H_star,108,108,100.0,-2.635812408689981,0.012408900957170399,True,True,True,True,108,1,749,2.948247183237311,0.027172278138273272,749,0.5013805963249592,2.717227813827325,742,45.74265464034866,272.37087608032954,735,8077.068974643809,53905.933430015226,0,108,108,0.6617563301094571,0.6827729395203175,0.5459784314173902,0.764321190516374,0.5398679175235728,0.7694658093031137
trial_0015_bite_002_transfer,trial_0015_bite_002,trial_0015,transfer,0,HumanGT,108,108,100.0,-2.635812408689981,0.0,True,True,True,True,108,1,749,2.8132151640726626,0.012312539651120778,749,0.45200382226397867,1.2312539651120766,742,25.11767737194197,89.40007185651204,735,4263.847861663773,17655.23851985251,0,108,108,0.6937869938215614,0.7111049777842613,0.5534415960220755,0.7865641551850847,0.5499230561834905,0.7956157446174998
trial_0015_bite_002_withdrawal,trial_0015_bite_002,trial_0015,withdrawal,0,B0,129,129,100.0,-2.3291896069988463,0.0,True,True,True,True,129,1,896,4.323061749119949,0.023078229610773434,896,0.5942279673017618,2.3078229610773415,889,12.795425731588061,81.81258787312002,882,1692.4242962682056,9930.97709479688,0,129,129,0.5937730168831025,0.642329338957135,0.31660723150867087,0.827275679606417,0.2880895136168844,0.8487884437588091
trial_0015_bite_002_withdrawal,trial_0015_bite_002,trial_0015,withdrawal,0,B1,129,129,100.0,-2.3291896069988463,0.0878346675812236,True,True,True,True,129,1,896,4.147224670406754,0.021559659774946116,896,0.5695576270511961,2.15596597749461,889,13.051515272484519,85.4772741846553,882,1731.9328478276714,10160.314722372588,0,129,129,0.635787247812836,0.6896424544073112,0.39023343099598223,0.8483770588042566,0.3616082390592763,0.8697173523125867
trial_0015_bite_002_withdrawal,trial_0015_bite_002,trial_0015,withdrawal,0,B2,129,129,100.0,-2.3291896069988463,0.015748937707918298,True,True,True,True,129,1,896,3.8851943250543037,0.021532487189668714,896,0.5424752181664994,2.1532487189668696,889,13.184632771182946,93.39347042822227,882,1739.5907907745154,11034.72304735528,0,129,129,0.6225537898336373,0.6410012904410904,0.418137403477387,0.8057596705114706,0.39072113419446186,0.8281079897720316
trial_0015_bite_002_withdrawal,trial_0015_bite_002,trial_0015,withdrawal,0,B3,129,129,100.0,-2.3291896069988463,0.0172418912152148,True,True,True,True,129,1,896,3.849074992856435,0.021216749447703798,896,0.540803551979365,2.121674944770378,889,15.174471517437821,91.4963328866179,882,2143.2880896925853,11333.733313164419,0,129,129,0.6315318722273839,0.6512089420679301,0.44009211967967155,0.8014988700366952,0.407615746996159,0.8242262589886202
trial_0015_bite_002_withdrawal,trial_0015_bite_002,trial_0015,withdrawal,0,StrongLocal,129,129,100.0,-2.3291896069988463,0.009834200899528245,True,True,True,True,129,1,896,3.814519566605086,0.021275406367145866,896,0.5376096154625163,2.127540636714585,889,14.979808391177105,98.41568500601012,882,2064.191200052214,12097.201621283888,0,129,129,0.6506140651480805,0.6771419359907478,0.46113006373491905,0.8140410111322001,0.42827776840466325,0.8344054543657711
trial_0015_bite_002_withdrawal,trial_0015_bite_002,trial_0015,withdrawal,0,H_star,129,129,100.0,-2.3291896069988463,0.01115603164105261,True,True,True,True,129,1,896,4.024322596938055,0.021372583403512557,896,0.5704978231615069,2.137258340351254,889,30.826645095934413,223.88574837034682,882,5016.082989203994,44209.49323481105,0,129,129,0.6479886599924626,0.6804200366503772,0.469113144229425,0.8146327364588146,0.4385355328009355,0.8351444346537154
trial_0015_bite_002_withdrawal,trial_0015_bite_002,trial_0015,withdrawal,0,HumanGT,129,129,100.0,-2.3291896069988463,0.0,True,True,True,True,129,1,896,3.590175003057295,0.019356308571468306,896,0.5281390923263698,1.9356308571468288,889,15.442947094537702,103.8298287674964,882,2151.8388280211084,13646.641606708663,0,129,129,0.813313592743193,0.8038866829771543,0.7118251873781082,0.8995470980163404,0.7001438563766067,0.9010612231917481
trial_0015_bite_003_transfer,trial_0015_bite_003,trial_0015,transfer,0,B0,154,154,100.0,-2.656572933196895,0.0,True,True,True,True,154,1,1071,3.927569846730618,0.02163854166040302,1071,0.49135499031220814,2.1638541660403003,1064,23.40824904406726,214.0447213250681,1057,3505.5937252952763,34367.123015708676,0,154,154,0.7487667552221112,0.8035350390190739,0.5740998866519295,0.8748117788429648,0.5672895990411053,0.8846072076142653
trial_0015_bite_003_transfer,trial_0015_bite_003,trial_0015,transfer,0,B1,154,154,100.0,-2.656572933196895,0.14257290644401,True,True,True,True,154,1,1071,4.099986992588901,0.022359659882329908,1071,0.511262473595896,2.235965988232989,1064,23.749006101677086,216.67443970704932,1057,3552.8697151808597,34770.4209525336,0,154,154,0.7783788413160141,0.8405503188687495,0.5786146710635524,0.9207827733016344,0.5672895990411053,0.9320549136639631
trial_0015_bite_003_transfer,trial_0015_bite_003,trial_0015,transfer,0,B2,154,154,100.0,-2.656572933196895,0.015748937707918298,True,True,True,True,154,1,1071,3.5870451113655064,0.020515024952107552,1071,0.44236612060982605,2.0515024952107535,1064,23.02384660753881,237.25709579959855,1057,3456.853674391292,38564.74430303514,0,154,154,0.6675903597229017,0.6944634208724132,0.5716742460114131,0.7510524649081355,0.5672895990411053,0.7569788799457875
trial_0015_bite_003_transfer,trial_0015_bite_003,trial_0015,transfer,0,B3,154,154,100.0,-2.656572933196895,0.0172418912152148,True,True,True,True,154,1,1071,3.703643103136618,0.01951754769847458,1071,0.4523721992797917,1.9517547698474562,1064,27.408900754762914,207.57976694458299,1057,4407.099062286465,33897.64481138737,0,154,154,0.6629222186860825,0.6824631222168418,0.5645865921662819,0.7653115920509879,0.5528706769424021,0.7694983774936386
trial_0015_bite_003_transfer,trial_0015_bite_003,trial_0015,transfer,0,StrongLocal,154,154,100.0,-2.656572933196895,0.013809575913304784,True,True,True,True,154,1,1071,3.699293900452175,0.022791173911939744,1071,0.45212317236723065,2.279117391193972,1064,26.37261960243516,211.32281443240382,1057,4162.220201748696,38569.60020417233,0,154,154,0.6685501460686738,0.6855253823250602,0.5684621949528497,0.7715973540023457,0.5606690133109273,0.7780948277095776
trial_0015_bite_003_transfer,trial_0015_bite_003,trial_0015,transfer,0,H_star,154,154,100.0,-2.656572933196895,0.01501161331716716,True,True,True,True,154,1,1071,4.045359502944368,0.026803839551797992,1071,0.5042137022775904,2.680383955179797,1064,40.3295741124131,289.6990982491628,1057,6779.002072579233,54794.24108277828,0,154,154,0.6891261655861568,0.7221565947184696,0.571225403437115,0.789089714008279,0.5665188605382614,0.793608079564299
trial_0015_bite_003_transfer,trial_0015_bite_003,trial_0015,transfer,0,HumanGT,154,154,100.0,-2.656572933196895,0.0,True,True,True,True,154,1,1071,3.585215776251245,0.018501067326774923,1071,0.4412536993793951,1.8501067326774907,1064,22.913320470625713,206.98383499339243,1057,3457.2952387552778,33331.2599612138,0,154,154,0.6511134500192967,0.6700442010627192,0.5641772623619722,0.7450301425706904,0.5526288981053522,0.75064876688662
trial_0015_bite_003_withdrawal,trial_0015_bite_003,trial_0015,withdrawal,0,B0,153,153,100.0,-2.4075897919087357,0.0,True,True,True,True,153,1,1064,4.630569941735844,0.023935702906710432,1064,0.5816718866297573,2.393570290671041,1057,12.735732384233154,113.6228695513262,1050,1533.869206698586,9834.50444972387,0,153,153,0.6321888857242647,0.7097603431264883,0.35304520557173047,0.8584089819558021,0.34994289449972715,0.874770804660467
trial_0015_bite_003_withdrawal,trial_0015_bite_003,trial_0015,withdrawal,0,B1,153,153,100.0,-2.4075897919087357,0.0878346675812236,True,True,True,True,153,1,1064,4.500574182095986,0.02280760623275757,1064,0.5616960357729986,2.280760623275755,1057,12.99340765844031,118.59654889847063,1050,1568.4936363285628,10279.469840106947,0,153,153,0.6725745648672212,0.7456178542000922,0.420935352560892,0.8827607842628018,0.4164279872691079,0.8982912095311741
trial_0015_bite_003_withdrawal,trial_0015_bite_003,trial_0015,withdrawal,0,B2,153,153,100.0,-2.4075897919087357,0.015748937707917854,True,True,True,True,153,1,1064,4.337981734200284,0.02303569425415075,1064,0.5358695060684149,2.303569425415073,1057,13.10864234162024,128.7045062777501,1050,1569.944057789153,11076.633940165313,0,153,153,0.6516072738679867,0.6875540438322307,0.4462964567766319,0.8318494056725909,0.4402507059159877,0.8493859833835593
trial_0015_bite_003_withdrawal,trial_0015_bite_003,trial_0015,withdrawal,0,B3,153,153,100.0,-2.4075897919087357,0.017241891215214356,True,True,True,True,153,1,1064,4.399573536724556,0.022498512495729983,1064,0.5430815287245906,2.2498512495729965,1057,15.696695025129516,129.08043296775398,1050,2088.0315471689737,11542.321834736107,0,153,153,0.6559171640631808,0.6921194179136236,0.4488804889838171,0.8260921681105501,0.4359426874595105,0.8438289840419531
trial_0015_bite_003_withdrawal,trial_0015_bite_003,trial_0015,withdrawal,0,StrongLocal,153,153,100.0,-2.4075897919087357,0.020772289044373782,True,True,True,True,153,1,1064,4.369093595270348,0.022802329878256256,1064,0.541898862474283,2.2802329878256233,1057,15.059860028391588,134.15032771575386,1050,1950.7567661354583,12413.078254542825,0,153,153,0.6706383424775314,0.7145887421128867,0.46244781204844615,0.8354934462403554,0.44988521772267465,0.8525126799043523
trial_0015_bite_003_withdrawal,trial_0015_bite_003,trial_0015,withdrawal,0,H_star,153,153,100.0,-2.4075897919087357,0.020315420975792975,True,True,True,True,153,1,1064,4.641551156201272,0.02428432047027007,1064,0.5759532063459951,2.428432047027005,1057,30.30053948202546,248.926077587925,1050,4899.73233424874,48977.898747379775,0,153,153,0.6668851947694666,0.7102175546223037,0.4749700450166664,0.8501313415621677,0.45873334245566877,0.861590952464887
trial_0015_bite_003_withdrawal,trial_0015_bite_003,trial_0015,withdrawal,0,HumanGT,153,153,100.0,-2.4075897919087357,0.0,True,True,True,True,153,1,1064,4.177060677883125,0.023077227767108077,1064,0.530089981867224,2.3077227767108055,1057,14.643017057190866,140.20444561571452,1050,1869.7323395065632,12382.048540620935,0,153,153,0.7698524082157101,0.776624714642006,0.6371303798858161,0.872543698396181,0.6176742887014361,0.8842255064226485
trial_0015_bite_004_transfer,trial_0015_bite_004,trial_0015,transfer,0,B0,145,145,100.0,-2.7073657499040262,0.0,True,True,True,True,145,1,1008,3.115419108909283,0.014864066631505858,1008,0.3979830233432638,1.4864066631505846,1001,18.671491022550626,111.74452401836211,994,2944.291595018724,16711.28139266704,0,145,145,0.7307684864871637,0.7627269922877649,0.5564996077631859,0.8878842557055343,0.5418351285422622,0.895082056858461
trial_0015_bite_004_transfer,trial_0015_bite_004,trial_0015,transfer,0,B1,145,145,100.0,-2.7073657499040262,0.14257290644400955,True,True,True,True,145,1,1008,3.2745606082928194,0.01484141629121627,1008,0.4180947230314719,1.4841416291216256,1001,18.910746533004986,111.88936225548821,994,2979.8556251527325,17179.333709809587,0,145,145,0.757105946684224,0.7956596603385866,0.5605200511235924,0.931751779641291,0.5418351285422622,0.9393674000526464
trial_0015_bite_004_transfer,trial_0015_bite_004,trial_0015,transfer,0,B2,145,145,100.0,-2.7073657499040262,0.015748937707918298,True,True,True,True,145,1,1008,2.84224016633564,0.014871601660627398,1008,0.36774382312315695,1.4871601660627385,1001,18.294278515533634,103.11845973357751,994,2886.4368200131735,16178.012419666824,0,145,145,0.682133464644929,0.714263108707506,0.5456982537498659,0.8084019616497338,0.5418351285422622,0.8117710064674539
trial_0015_bite_004_transfer,trial_0015_bite_004,trial_0015,transfer,0,B3,145,145,100.0,-2.7073657499040262,0.0172418912152148,True,True,True,True,145,1,1008,3.118777116353685,0.01488184410687321,1008,0.39681077666646813,1.4881844106873197,1001,28.960747884616257,132.56182377472393,994,4869.965291372968,20359.44767330772,0,145,145,0.6755247844356708,0.7068276706821366,0.5373954615085723,0.8107529476481025,0.5344303569262756,0.8159742839521016
trial_0015_bite_004_transfer,trial_0015_bite_004,trial_0015,transfer,0,StrongLocal,145,145,100.0,-2.7073657499040262,0.03443241253232454,True,True,True,True,145,1,1008,2.9775695404685134,0.014879491165614489,1008,0.3858985391771917,1.4879491165614476,1001,24.539818757971805,153.8416088061835,994,3977.2972333331727,24342.85019420664,0,145,145,0.6742400257458435,0.702519606633413,0.5386824610474703,0.8082914038664107,0.533368708194742,0.8135144635988989
trial_0015_bite_004_transfer,trial_0015_bite_004,trial_0015,transfer,0,H_star,145,145,100.0,-2.7073657499040262,0.06826237609920627,True,True,True,True,145,1,1008,3.292338657497036,0.03606786283511542,1008,0.4491278821501695,3.6067862835115387,1001,42.72801524602615,372.8526631713784,994,7371.118334280011,74069.23167002089,0,145,145,0.6822227096159563,0.7136509268345765,0.5422212247438093,0.8020241751391306,0.5385015434935316,0.8089449332195269
trial_0015_bite_004_transfer,trial_0015_bite_004,trial_0015,transfer,0,HumanGT,145,145,100.0,-2.7073657499040262,0.0,True,True,True,True,145,1,1008,2.7691772966155384,0.014866555226753064,1008,0.3583122734457031,1.486655522675305,1001,19.13085217368185,106.24317174108037,994,3066.2055243445616,16575.25957105351,0,145,145,0.6465294325242145,0.653791241733138,0.5395470659955384,0.7506130468577027,0.5374039723968502,0.7541408752421666
trial_0015_bite_004_withdrawal,trial_0015_bite_004,trial_0015,withdrawal,0,B0,136,136,100.0,-2.4540201399498796,0.0,True,True,True,True,136,1,945,4.6075595915371785,0.026654654967986247,945,0.6526048528597214,2.6654654967986224,938,17.32386330005995,90.10272549408765,931,2585.1316719195565,16302.641148074192,0,136,136,0.7043711012139228,0.7494422019137104,0.3908007728133809,0.9063949369062463,0.3722362833940549,0.9222340089636454
trial_0015_bite_004_withdrawal,trial_0015_bite_004,trial_0015,withdrawal,0,B1,136,136,100.0,-2.4540201399498796,0.08783466758122316,True,True,True,True,136,1,945,4.464814943256472,0.026508820554475676,945,0.6309825339986102,2.6508820554475654,938,17.54390653471959,91.61051129959114,931,2624.632022329731,16580.671128754133,0,136,136,0.7468267994260758,0.7720409040001273,0.46906834365100236,0.9384698728821028,0.4466743882171018,0.9524591916748033
trial_0015_bite_004_withdrawal,trial_0015_bite_004,trial_0015,withdrawal,0,B2,136,136,100.0,-2.4540201399498796,0.015748937707917854,True,True,True,True,136,1,945,4.302847119791782,0.02575304385784705,945,0.6028298630252055,2.575304385784703,938,17.299908556403377,88.43652711007162,931,2569.6813593973498,15995.747686888575,0,136,136,0.7088975440361898,0.7393972467982248,0.476596471030057,0.8822629509463034,0.4617097771151464,0.8970289857639848
trial_0015_bite_004_withdrawal,trial_0015_bite_004,trial_0015,withdrawal,0,B3,136,136,100.0,-2.4540201399498796,0.017241891215214356,True,True,True,True,136,1,945,4.322466995782552,0.026561341759720136,945,0.6060718309460761,2.6561341759720114,938,20.24801239928117,104.14681229342204,931,3177.0328473292734,18774.107650719914,0,136,136,0.7116491223142638,0.7339350278869015,0.5053743042713137,0.8751336171144213,0.4755621988982792,0.8921869681073211
trial_0015_bite_004_withdrawal,trial_0015_bite_004,trial_0015,withdrawal,0,StrongLocal,136,136,100.0,-2.4540201399498796,0.028752374616157095,True,True,True,True,136,1,945,4.265976773461367,0.02716044041111676,945,0.6020382974485818,2.7160440411116737,938,18.976605517204234,88.55770358019194,931,2880.244505393481,16016.940923402746,0,136,136,0.7294975927032552,0.7445661866562565,0.5255295045275115,0.8899618773314557,0.4971094786618089,0.9012698454290167
trial_0015_bite_004_withdrawal,trial_0015_bite_004,trial_0015,withdrawal,0,H_star,136,136,100.0,-2.4540201399498796,0.03781172854927339,True,True,True,True,136,1,945,4.603249194562848,0.025954984498269162,945,0.6356469752339267,2.595498449826914,938,38.168267841063944,246.78662992044306,931,6506.0654882439985,46489.04559471499,0,136,136,0.7206157307529285,0.7427402072163534,0.5095794647074214,0.901063070095536,0.49860016928829154,0.9149210128780574
trial_0015_bite_004_withdrawal,trial_0015_bite_004,trial_0015,withdrawal,0,HumanGT,136,136,100.0,-2.4540201399498796,0.0,True,True,True,True,136,1,945,4.072028520066119,0.027811998593656462,945,0.5906126015348768,2.7811998593656435,938,18.421086206105,89.84320012967545,931,2782.998836493678,16255.165878175294,0,136,136,0.8277535934531073,0.8170059926576396,0.6956837157042455,0.966914762296194,0.6629567367180211,0.9712710324573006
trial_0015_bite_005_transfer,trial_0015_bite_005,trial_0015,transfer,0,B0,122,122,100.0,-2.6932634494534553,0.0,True,True,True,True,122,1,847,3.2808602654901886,0.014487120333318337,847,0.49895315800833273,1.4487120333318344,840,26.69254737450261,124.34272433978299,833,4151.200082086905,23832.196910479048,0,122,122,0.758679150825065,0.8346622230395648,0.5426987332547414,0.9100197649873285,0.5336243649039172,0.9186398543832865
trial_0015_bite_005_transfer,trial_0015_bite_005,trial_0015,transfer,0,B1,122,122,100.0,-2.6932634494534553,0.14257290644401,True,True,True,True,122,1,847,3.4543046395427375,0.015054472697502153,847,0.5249401131605906,1.5054472697502224,840,27.129615048957838,130.25899797502993,833,4220.406391602511,24581.449136912892,0,122,122,0.78780916390557,0.873911997994552,0.554132674128641,0.9481045204738077,0.5441169166558228,0.9643351589865903
trial_0015_bite_005_transfer,trial_0015_bite_005,trial_0015,transfer,0,B2,122,122,100.0,-2.6932634494534553,0.015748937707917854,True,True,True,True,122,1,847,2.9569297123272014,0.01450604290905222,847,0.4480716424760999,1.4506042909052226,840,25.85252012021191,122.91329085553727,833,4016.2983715331966,22957.723364912028,0,122,122,0.6906333102017038,0.7430178601773062,0.5335167845215967,0.8056959282356186,0.5242172493382948,0.8177601968411681
trial_0015_bite_005_transfer,trial_0015_bite_005,trial_0015,transfer,0,B3,122,122,100.0,-2.6932634494534553,0.017241891215214356,True,True,True,True,122,1,847,3.1277759475567595,0.014507372429986454,847,0.4662814128710034,1.450737242998646,840,32.59372248401552,184.6571898149604,833,5383.408065247009,32181.186361678243,0,122,122,0.680991688684596,0.7169184966807557,0.520666594748298,0.8072421013335536,0.5161557560309444,0.8194964467482713
trial_0015_bite_005_transfer,trial_0015_bite_005,trial_0015,transfer,0,StrongLocal,122,122,100.0,-2.6932634494534553,0.010063701872518482,True,True,True,True,122,1,847,3.145989867902311,0.01581390420806561,847,0.47099265230707205,1.5813904208065597,840,33.77146440147756,236.2578543562495,833,5598.702612577316,37567.88640696608,0,122,122,0.682622190846712,0.7159744055962771,0.5236844168676553,0.8099294906944007,0.5213899800099837,0.8202465925985045
trial_0015_bite_005_transfer,trial_0015_bite_005,trial_0015,transfer,0,H_star,122,122,100.0,-2.6932634494534553,0.04136021390171063,True,True,True,True,122,1,847,3.355965027408267,0.025652771816206954,847,0.5214642433008286,2.565277181620693,840,46.170492131882256,318.586825022153,833,7696.102013822289,57039.835947053274,0,122,122,0.691837553311727,0.7377197422491409,0.5421768588484605,0.8026426608211372,0.5296585796173741,0.8144197397198134
trial_0015_bite_005_transfer,trial_0015_bite_005,trial_0015,transfer,0,HumanGT,122,122,100.0,-2.6932634494534553,0.0,True,True,True,True,122,1,847,2.9098501944085156,0.014494923252994951,847,0.4429707292985089,1.4494923252994958,840,26.06171823515053,116.85727564886975,833,4077.2466657912264,21913.933396347336,0,122,122,0.6577091767667106,0.6970511076964183,0.5244719525976093,0.7542268730458106,0.5211861060188812,0.7597588109304496
trial_0015_bite_005_withdrawal,trial_0015_bite_005,trial_0015,withdrawal,0,B0,163,163,100.0,-2.4458156290617126,0.0,True,True,True,True,163,1,1134,4.439833648589623,0.019165368762942947,1134,0.5461359561104066,1.916536876294293,1127,14.935225257442392,79.83189821111564,1120,2225.1667692860583,12993.035927782352,0,163,163,0.5175421969342209,0.40402636666259184,0.30138300830443693,0.8624767702713927,0.299732569590355,0.8870306974232758
trial_0015_bite_005_withdrawal,trial_0015_bite_005,trial_0015,withdrawal,0,B1,163,163,100.0,-2.4458156290617126,0.08783466758122316,True,True,True,True,163,1,1134,4.260990921121134,0.018377696069342697,1134,0.5257830858608799,1.8377696069342682,1127,15.0765458504574,79.99412392762024,1120,2247.700225077025,13024.677107750034,0,163,163,0.5534832133738727,0.444662152225078,0.356311170247972,0.8767452220801323,0.35546704413713837,0.9009425645240503
trial_0015_bite_005_withdrawal,trial_0015_bite_005,trial_0015,withdrawal,0,B2,163,163,100.0,-2.4458156290617126,0.015748937707917854,True,True,True,True,163,1,1134,4.098067696275509,0.017864446993340447,1134,0.49154938433867096,1.786444699334043,1127,15.157775342306325,79.42157689013291,1120,2248.8350603644635,13078.369330632026,0,163,163,0.5702233051727682,0.48980696587638306,0.39276479305058853,0.8476340219500194,0.3904341013224313,0.8732019247153824
trial_0015_bite_005_withdrawal,trial_0015_bite_005,trial_0015,withdrawal,0,B3,163,163,100.0,-2.4458156290617126,0.0172418912152148,True,True,True,True,163,1,1134,4.235845190673893,0.01749995985081121,1134,0.49693883789801657,1.7499959850811193,1127,17.997655549165216,120.37271451603048,1120,2704.648683447704,18972.15560897883,0,163,163,0.5729090535396812,0.5108696261076409,0.3901950129958971,0.842242111705768,0.38725196601501466,0.8682365505402183
trial_0015_bite_005_withdrawal,trial_0015_bite_005,trial_0015,withdrawal,0,StrongLocal,163,163,100.0,-2.4458156290617126,0.04051698481973309,True,True,True,True,163,1,1134,4.147564686504635,0.017542275579398137,1134,0.4910722784869095,1.754227557939812,1127,16.710801130772424,96.84069051042022,1120,2489.215783088062,12845.709743125179,0,163,163,0.5843981794962805,0.5238253850115333,0.4051364787666453,0.8490227382784997,0.402668341665545,0.872476491422943
trial_0015_bite_005_withdrawal,trial_0015_bite_005,trial_0015,withdrawal,0,H_star,163,163,100.0,-2.4458156290617126,0.04545631587271126,True,True,True,True,163,1,1134,4.763592083487248,0.02836705183590693,1134,0.5543675155192661,2.8367051835906905,1127,35.66112880378049,300.0997979335657,1120,5927.285801085057,59340.063012235216,0,163,163,0.572658988851836,0.504702347121869,0.3557770854493622,0.8523068023162156,0.3460294065920868,0.879152540074017
trial_0015_bite_005_withdrawal,trial_0015_bite_005,trial_0015,withdrawal,0,HumanGT,163,163,100.0,-2.4458156290617126,0.0,True,True,True,True,163,1,1134,4.01696016833811,0.015585847980343459,1134,0.4736266120172658,1.5585847980343446,1127,16.880763090419958,79.87443932948132,1120,2563.788478039739,12311.973479722981,0,163,163,0.7796555883030559,0.7774044127397026,0.6612567899685418,0.9235977829708639,0.6578522150463604,0.9312625431947223
trial_0015_bite_006_transfer,trial_0015_bite_006,trial_0015,transfer,0,B0,122,122,100.0,-2.7506757324946243,0.0,True,True,True,True,122,1,847,3.855080616124396,0.019107345269032017,847,0.6049042177553732,1.9107345269032212,840,29.554880405840677,241.35739839782522,833,4635.071244956894,38638.69969028067,0,122,122,0.8701624030452951,0.8456424479658748,0.7547015199587495,1.012689795192864,0.7533344323298845,1.0216212625868977
trial_0015_bite_006_transfer,trial_0015_bite_006,trial_0015,transfer,0,B1,122,122,100.0,-2.7506757324946243,0.14257290644400955,True,True,True,True,122,1,847,4.04723464436516,0.019081079128502765,847,0.6296058164008416,1.908107912850296,840,29.96162689881459,249.35753429147184,833,4698.09352415633,39917.31682798151,0,122,122,0.8954144544105348,0.8714620099720329,0.759061521173222,1.0480509118896029,0.7555366671202026,1.062790665147788
trial_0015_bite_006_transfer,trial_0015_bite_006,trial_0015,transfer,0,B2,122,122,100.0,-2.7506757324946243,0.015748937707918298,True,True,True,True,122,1,847,3.621455033458323,0.019114349608029713,847,0.5718341952018832,1.9114349608029908,840,29.526352191858724,249.0210508260411,833,4637.970506984,39752.752526328266,0,122,122,0.8375033786641007,0.8182960496320654,0.7538525687637149,0.9497778524587801,0.7528175787617575,0.9567633345217006
trial_0015_bite_006_transfer,trial_0015_bite_006,trial_0015,transfer,0,B3,122,122,100.0,-2.7506757324946243,0.0172418912152148,True,True,True,True,122,1,847,3.832211119431931,0.019123550545040224,847,0.5931079577877174,1.912355054504042,840,34.61352161253138,196.38717817687743,833,5675.773457885118,31263.980527059284,0,122,122,0.8350251084264181,0.8170529605297596,0.7517483908654465,0.9554607573331585,0.7496130229036018,0.9655502848955946
trial_0015_bite_006_transfer,trial_0015_bite_006,trial_0015,transfer,0,StrongLocal,122,122,100.0,-2.7506757324946243,0.016269248684567472,True,True,True,True,122,1,847,3.9091809091970284,0.019107731848206022,847,0.6020901569743069,1.9107731848206218,840,37.19967431105612,256.2953595905077,833,6043.5274676316885,37001.90869074527,0,122,122,0.8361407520009986,0.8203554248877452,0.7523505688546764,0.9564553862438174,0.7508047828232904,0.9657974215052931
trial_0015_bite_006_transfer,trial_0015_bite_006,trial_0015,transfer,0,H_star,122,122,100.0,-2.7506757324946243,0.0456734494088451,True,True,True,True,122,1,847,3.984945946368187,0.03285669278199688,847,0.6351661577171636,3.2856692781996846,840,44.30476259719353,280.46598271852025,833,7252.001869793939,53556.60999817398,0,122,122,0.8506256533657617,0.8373494937312307,0.7555192344701864,0.9659530108513107,0.7527002409784846,0.9734056032073575
trial_0015_bite_006_transfer,trial_0015_bite_006,trial_0015,transfer,0,HumanGT,122,122,100.0,-2.7506757324946243,0.0,True,True,True,True,122,1,847,3.351660243453521,0.019107938002173697,847,0.5417614327882889,1.9107938002173892,840,29.27789597860631,222.19292721568937,833,4646.9046003118865,35424.062915100716,0,122,122,0.7733398975443161,0.7691257952766857,0.7020950319523084,0.8341897488484191,0.6973688877103932,0.8472200958941225
trial_0015_bite_006_withdrawal,trial_0015_bite_006,trial_0015,withdrawal,0,B0,146,146,100.0,-2.4706207340819706,0.0,True,True,True,True,146,1,1015,5.17931545214633,0.024324907312177846,1015,0.6517247880867838,2.4324907312177824,1008,16.323796385213917,84.77327596269276,1001,2206.03213136959,14492.628159632937,0,146,146,0.6652978755070509,0.7403174366790637,0.3404312462850334,0.9176406780624273,0.33668651079288203,0.9442140145662945
trial_0015_bite_006_withdrawal,trial_0015_bite_006,trial_0015,withdrawal,0,B1,146,146,100.0,-2.4706207340819706,0.0878346675812236,True,True,True,True,146,1,1015,5.05474817880258,0.022750743988150912,1015,0.632389265152076,2.275074398815089,1008,16.586831189714996,85.08677620924206,1001,2249.102472556342,14899.750719731448,0,146,146,0.7064607501470501,0.7568924157268127,0.417278933371527,0.9460797971230126,0.4135153048600113,0.9715616162019822
trial_0015_bite_006_withdrawal,trial_0015_bite_006,trial_0015,withdrawal,0,B2,146,146,100.0,-2.4706207340819706,0.015748937707918298,True,True,True,True,146,1,1015,4.8188408490890104,0.02266531208839284,1015,0.602814411138484,2.266531208839282,1008,16.332809909261616,84.33734854605731,1001,2201.673377919583,14434.011062551388,0,146,146,0.6723438629525589,0.7300802174047587,0.420840156731088,0.8765153747525918,0.41649094616495574,0.9003677039621039
trial_0015_bite_006_withdrawal,trial_0015_bite_006,trial_0015,withdrawal,0,B3,146,146,100.0,-2.4706207340819706,0.0172418912152148,True,True,True,True,146,1,1015,4.844198459318537,0.022269135232265036,1015,0.6058928027530436,2.226913523226502,1008,19.107193828891702,84.46542632175799,1001,2806.8311793760045,14444.601155933613,0,146,146,0.6741789743236631,0.7253030908226328,0.43343031802732446,0.8675315057122612,0.41921884005133414,0.8928028409137649
trial_0015_bite_006_withdrawal,trial_0015_bite_006,trial_0015,withdrawal,0,StrongLocal,146,146,100.0,-2.4706207340819706,0.03477237401887212,True,True,True,True,146,1,1015,4.790459815620942,0.02187852612651442,1015,0.6007827480176372,2.18785261265144,1008,17.6811946398071,91.01678170580385,1001,2466.889436301348,16190.171513366058,0,146,146,0.6870272583375351,0.7310638483722895,0.4492156118292825,0.8790562236322581,0.4346612191583574,0.901240854250605
trial_0015_bite_006_withdrawal,trial_0015_bite_006,trial_0015,withdrawal,0,H_star,146,146,100.0,-2.4706207340819706,0.04162592459273817,True,True,True,True,146,1,1015,5.0427987985449345,0.023920961670099054,1015,0.6345282238389759,2.3920961670099032,1008,31.956005943350213,278.2573028058641,1001,5325.154330737994,50230.43766892143,0,146,146,0.6753935276070631,0.7322624090072285,0.42123123959807707,0.8893063686945133,0.41588209708166524,0.9166332031448094
trial_0015_bite_006_withdrawal,trial_0015_bite_006,trial_0015,withdrawal,0,HumanGT,146,146,100.0,-2.4706207340819706,0.0,True,True,True,True,146,1,1015,4.458025513513719,0.01873399490763905,1015,0.569025943188525,1.8733994907639036,1008,17.605077237023636,94.41063959854984,1001,2430.9288438441477,16420.477507320855,0,146,146,0.7904414329282576,0.7729837482670652,0.7001234828019107,0.9009857251630933,0.6959781213923995,0.9157707475653813
trial_0015_bite_007_transfer,trial_0015_bite_007,trial_0015,transfer,0,B0,127,127,100.0,-2.7463680246529796,0.0,True,True,True,True,127,1,882,3.16021687419119,0.016492769668387197,882,0.4572602799141178,1.6492769668387182,875,23.689804583844914,97.00278911815937,868,3800.635647923337,16811.405970186956,0,127,127,0.7207983888684234,0.7470334892689843,0.6350123830627545,0.7819952867180636,0.6320029536152945,0.7905384551904286
trial_0015_bite_007_transfer,trial_0015_bite_007,trial_0015,transfer,0,B1,127,127,100.0,-2.7463680246529796,0.14257290644401,True,True,True,True,127,1,882,3.3315419661432353,0.016468029543817764,882,0.4762256222910987,1.6468029543817748,875,23.814917645864014,97.72167654445134,868,3818.8066777960903,16958.290765966907,0,127,127,0.7513919938860288,0.7849237953282446,0.6461252225449051,0.8236857693841741,0.6438011619346813,0.8329004852163553
trial_0015_bite_007_transfer,trial_0015_bite_007,trial_0015,transfer,0,B2,127,127,100.0,-2.7463680246529796,0.015748937707917854,True,True,True,True,127,1,882,3.0015138517832307,0.01649695804355833,882,0.43524769964238713,1.6496958043558314,875,23.665222919285696,100.87231175919734,868,3802.0771797130305,17710.891275686066,0,127,127,0.675415225143602,0.6847788464171276,0.6095267427855756,0.724358087060028,0.6050025816231808,0.7282345445785725
trial_0015_bite_007_transfer,trial_0015_bite_007,trial_0015,transfer,0,B3,127,127,100.0,-2.7463680246529796,0.017241891215214356,True,True,True,True,127,1,882,3.121419511651804,0.01650646163579239,882,0.44830447839630827,1.6506461635792375,875,27.833688684419403,91.666149246712,868,4589.8611812124145,16502.28496201906,0,127,127,0.6744684972237451,0.6849868911758927,0.5972789436503587,0.7332884878480525,0.5907641469476528,0.7373342024621632
trial_0015_bite_007_transfer,trial_0015_bite_007,trial_0015,transfer,0,StrongLocal,127,127,100.0,-2.7463680246529796,0.01361148825933256,True,True,True,True,127,1,882,3.140378545911051,0.016478734281125007,882,0.44858649860450106,1.6478734281124992,875,28.987246323519045,121.72205746725515,868,4908.835630545655,21718.78012273501,0,127,127,0.6776057906278141,0.6875362152944986,0.6014138111071772,0.7372426185125808,0.5960170293899687,0.7415668997497138
trial_0015_bite_007_transfer,trial_0015_bite_007,trial_0015,transfer,0,H_star,127,127,100.0,-2.7463680246529796,0.04197107197657379,True,True,True,True,127,1,882,3.63034580126181,0.026592885675551292,882,0.5268120322788986,2.659288567555127,875,49.49859282241262,234.82306918376892,868,8560.673399581736,43468.24833088291,0,127,127,0.6900827023911864,0.7048306930576389,0.6197639165001131,0.7470107334715944,0.6075821259327177,0.754647013249437
trial_0015_bite_007_transfer,trial_0015_bite_007,trial_0015,transfer,0,HumanGT,127,127,100.0,-2.7463680246529796,0.0,True,True,True,True,127,1,882,3.027987330877271,0.016496674596504057,882,0.43429745318622515,1.6496674596504042,875,24.778062227765595,95.48159544790363,868,4016.688575046185,16877.833692976415,0,127,127,0.6520205167678492,0.6579812856793699,0.5864679778662785,0.6984695643228992,0.5817827095157793,0.7021978445323964
trial_0015_bite_007_withdrawal,trial_0015_bite_007,trial_0015,withdrawal,0,B0,144,144,100.0,-2.539706209118495,0.0,True,True,True,True,144,1,1001,4.015951746241901,0.02071193065054011,1001,0.4994400387850102,2.071193065054021,994,24.363931141967857,154.68781262937287,987,4073.474500150765,28576.660286671748,0,144,144,0.6910271803000197,0.6893437418819879,0.5240921760367991,0.8095419974915158,0.5198808884266821,0.814565031025718
trial_0015_bite_007_withdrawal,trial_0015_bite_007,trial_0015,withdrawal,0,B1,144,144,100.0,-2.539706209118495,0.0878346675812236,True,True,True,True,144,1,1001,3.9477392868947563,0.020720626636958173,1001,0.4930806379338124,2.072062663695827,994,24.576033911614402,155.279519001761,987,4102.318123138899,28675.46658340639,0,144,144,0.7338069791675491,0.7327168679164529,0.6098839932762725,0.8256751055360941,0.607903594662778,0.8320170802642011
trial_0015_bite_007_withdrawal,trial_0015_bite_007,trial_0015,withdrawal,0,B2,144,144,100.0,-2.539706209118495,0.015748937707917854,True,True,True,True,144,1,1001,3.8156406754689627,0.02072182116360821,1001,0.4740894437737605,2.072182116360831,994,24.664237455401462,160.25365363612227,987,4115.06591565605,29245.98226138557,0,144,144,0.7157755540635675,0.6957397540142916,0.618773780885663,0.7951760193484522,0.6163029574484291,0.8009400398328186
trial_0015_bite_007_withdrawal,trial_0015_bite_007,trial_0015,withdrawal,0,B3,144,144,100.0,-2.539706209118495,0.0172418912152148,True,True,True,True,144,1,1001,3.9301012982837173,0.020709729502124574,1001,0.48789273187476384,2.070972950212467,994,29.00831806906468,206.19595837850332,987,4843.889444798711,38792.9755423486,0,144,144,0.7101406060644361,0.6994557673003348,0.6120570398432109,0.792245758880251,0.6064613330238728,0.7968057540060336
trial_0015_bite_007_withdrawal,trial_0015_bite_007,trial_0015,withdrawal,0,StrongLocal,144,144,100.0,-2.539706209118495,0.05462175336198172,True,True,True,True,144,1,1001,3.9116592496315565,0.021099597555828353,1001,0.48789369442924757,2.1099597555828353,994,29.046540057149148,176.52382503511532,987,4806.11277626333,26463.4781857027,0,144,144,0.7240944591558168,0.715511811104812,0.6352418692836206,0.7967589893097948,0.6316123562308862,0.8022924212638554
trial_0015_bite_007_withdrawal,trial_0015_bite_007,trial_0015,withdrawal,0,H_star,144,144,100.0,-2.539706209118495,0.06486526169095042,True,True,True,True,144,1,1001,4.454414107735552,0.029714891762795403,1001,0.5644229003620176,2.9714891762795377,994,53.305596081624806,311.36837389269925,987,9567.608032800925,62004.88807364064,0,144,144,0.7147916001106989,0.7133613289085461,0.6032133384444632,0.7970587734569438,0.6012124461205293,0.8095646601199027
trial_0015_bite_007_withdrawal,trial_0015_bite_007,trial_0015,withdrawal,0,HumanGT,144,144,100.0,-2.539706209118495,0.0,True,True,True,True,144,1,1001,3.991520434102562,0.02077776228075212,1001,0.5103334784796842,2.077776228075222,994,25.484781115728175,149.39213937896784,987,4249.8843320248325,27323.573176819806,0,144,144,0.7860504905035939,0.7985367410950581,0.6645822238928067,0.843019594633707,0.6599893034903435,0.8464829750344265
trial_0015_bite_008_transfer,trial_0015_bite_008,trial_0015,transfer,0,B0,169,169,100.0,-2.6704356770647903,0.0,True,True,True,True,169,1,1176,3.1900920743128047,0.012146634761814212,1176,0.33977626772242603,1.214663476181427,1169,16.487652989451405,82.56980356990505,1162,2859.6421601495413,13564.60207688578,0,169,169,0.9056053737785472,0.9350638291995041,0.7385009655386867,1.0186951877614578,0.7225016192705791,1.0376816383404934
trial_0015_bite_008_transfer,trial_0015_bite_008,trial_0015,transfer,0,B1,169,169,100.0,-2.6704356770647903,0.14257290644400955,True,True,True,True,169,1,1176,3.394082887110251,0.012629913651870162,1176,0.36163890224706513,1.2629913651870222,1169,17.117144620311308,83.97464097140691,1162,2972.2999506341594,13804.389444707931,0,169,169,0.9228162558704288,0.9456059985347223,0.7384840000111113,1.050666095310654,0.7225016192705791,1.06716562425453
trial_0015_bite_008_transfer,trial_0015_bite_008,trial_0015,transfer,0,B2,169,169,100.0,-2.6704356770647903,0.015748937707918298,True,True,True,True,169,1,1176,2.945912555874525,0.011841371540690204,1176,0.3160707913955446,1.1841371540690193,1169,15.941806022907269,75.83874948188894,1162,2759.5310784203884,12225.46801522736,0,169,169,0.8882082841487954,0.914541892574321,0.7385053162665326,0.9941789962737093,0.7225016192705791,1.0055703367680628
trial_0015_bite_008_transfer,trial_0015_bite_008,trial_0015,transfer,0,B3,169,169,100.0,-2.6704356770647903,0.0172418912152148,True,True,True,True,169,1,1176,2.9749859749651177,0.012071443028646822,1176,0.3197167875983994,1.207144302864681,1169,17.990917402791702,68.87624872263564,1162,3170.918341860147,12689.429667509807,0,169,169,0.8877479554098486,0.919983866994194,0.7371580233087875,0.9886566676809772,0.7225016192705791,0.9993244064915867
trial_0015_bite_008_transfer,trial_0015_bite_008,trial_0015,transfer,0,StrongLocal,169,169,100.0,-2.6704356770647903,0.009255745856187936,True,True,True,True,169,1,1176,2.9747476878707975,0.011916238673779667,1176,0.3189321657046178,1.1916238673779656,1169,17.167527198161228,73.65744792636507,1162,2994.6495001210305,11266.439961963719,0,169,169,0.8891006036564607,0.9229281121770674,0.738039420410952,0.986473775587051,0.7225016192705791,0.996415403462807
trial_0015_bite_008_transfer,trial_0015_bite_008,trial_0015,transfer,0,H_star,169,169,100.0,-2.6704356770647903,0.018241746545398563,True,True,True,True,169,1,1176,3.2156029474230694,0.02645612998547686,1176,0.3693551452455115,2.645612998547684,1169,30.19778228920336,268.6043447921178,1162,5282.293526746829,48582.71754177222,0,169,169,0.8915592847441624,0.9192406335234651,0.7378613995470228,1.0039424500381462,0.7225016192705791,1.0161126567376222
trial_0015_bite_008_transfer,trial_0015_bite_008,trial_0015,transfer,0,HumanGT,169,169,100.0,-2.6704356770647903,0.0,True,True,True,True,169,1,1176,2.9111837546661237,0.011686059306639685,1176,0.3133347410401326,1.1686059306639673,1169,16.049605862963396,77.18480390291646,1162,2776.0356105196797,13113.110863561558,0,169,169,0.8811734492695257,0.9016300532604875,0.7384860317887957,0.9874852915198878,0.7225016192705791,0.9957507442821107
trial_0015_bite_008_withdrawal,trial_0015_bite_008,trial_0015,withdrawal,0,B0,227,227,100.0,-2.5859124459151257,0.0,True,True,True,True,227,1,1582,3.810164590574365,0.025552399326361556,1582,0.3512079427477153,2.5552399326361557,1575,15.109895997939248,174.84575814281203,1568,2102.4598773777298,11675.255735784878,0,227,227,0.790515929315273,0.8498805386635917,0.5729142886194245,0.990128463394558,0.5686199409119546,0.9980608933752322
trial_0015_bite_008_withdrawal,trial_0015_bite_008,trial_0015,withdrawal,0,B1,227,227,100.0,-2.5859124459151257,0.0878346675812236,True,True,True,True,227,1,1582,3.720028632972329,0.025988639003776903,1582,0.3480195735219983,2.5988639003776903,1575,15.317255084307535,174.7808691670105,1568,2148.3314810928305,11669.174447947127,0,227,227,0.8354846231000657,0.8977744660339662,0.6488962937981718,1.0124630837190127,0.6424533761400051,1.0188897473640104
trial_0015_bite_008_withdrawal,trial_0015_bite_008,trial_0015,withdrawal,0,B2,227,227,100.0,-2.5859124459151257,0.015748937707918298,True,True,True,True,227,1,1582,3.6534258653792575,0.023700531006173975,1582,0.33301368769966694,2.3700531006173975,1575,15.193035239389562,155.55890165463993,1568,2128.93963083458,11735.474942738318,0,227,227,0.804204481515092,0.8300241000462716,0.6260731557243141,0.9803682917436134,0.6229153225020623,0.9871724731520093
trial_0015_bite_008_withdrawal,trial_0015_bite_008,trial_0015,withdrawal,0,B3,227,227,100.0,-2.5859124459151257,0.0172418912152148,True,True,True,True,227,1,1582,3.7919877884439837,0.030129131350307148,1582,0.3424857632234545,3.012913135030715,1575,18.86235248832307,274.03623878138103,1568,2692.3968773797287,28494.25330386213,0,227,227,0.8053133945592692,0.8379640464205051,0.6244528096548656,0.9785983495054026,0.6220221202007581,0.9848522269187274
trial_0015_bite_008_withdrawal,trial_0015_bite_008,trial_0015,withdrawal,0,StrongLocal,227,227,100.0,-2.5859124459151257,0.10293169586206297,True,True,True,True,227,1,1582,3.6852590761639035,0.022800250315107462,1582,0.3334498893346059,2.280025031510746,1575,16.054889092910773,157.79238335252182,1568,2308.464999090024,11876.117852460227,0,227,227,0.8251902696759199,0.858091034246435,0.659296640378692,0.9838625870770266,0.656142389585602,0.9907381254793171
trial_0015_bite_008_withdrawal,trial_0015_bite_008,trial_0015,withdrawal,0,H_star,227,227,100.0,-2.5859124459151257,0.12132183177207434,True,True,True,True,227,1,1582,4.212597193030224,0.02486110651326978,1582,0.37759853255790016,2.486110651326978,1575,28.41204335901286,221.8681661103413,1568,4755.3649662646285,41932.90329181665,0,227,227,0.8360411557171585,0.8675173247045578,0.6622057598796337,1.0148739405583482,0.658574945200689,1.0233573177521365
trial_0015_bite_008_withdrawal,trial_0015_bite_008,trial_0015,withdrawal,0,HumanGT,227,227,100.0,-2.5859124459151257,0.0,True,True,True,True,227,1,1582,3.7181033490260216,0.024741941890162877,1582,0.3409617185104255,2.4741941890162877,1575,15.782993241196753,174.6749763759503,1568,2245.763060026734,11263.804997621031,0,227,227,0.8274416407566603,0.8941142650546983,0.6473519033741298,0.9768393771393896,0.6449660159412529,0.9798141215345346
trial_0015_bite_009_transfer,trial_0015_bite_009,trial_0015,transfer,0,B0,158,158,100.0,-2.7363165555712534,0.0,True,True,True,True,158,1,1099,5.70604345085381,0.03238729891694003,1099,0.681336692141774,3.2387298916940006,1092,47.4605349266262,606.0205833461275,1085,7908.579194084983,93662.91606252821,0,158,158,0.7888906617909385,0.7687258095998076,0.6328360031674649,0.9796167922418818,0.6053249394635758,1.0039726147590855
trial_0015_bite_009_transfer,trial_0015_bite_009,trial_0015,transfer,0,B1,158,158,100.0,-2.7363165555712534,0.14257290644400955,True,True,True,True,158,1,1099,5.986423029401757,0.03391616552087262,1099,0.718044141050908,3.391616552087259,1092,49.82498787309484,625.8843563143973,1085,8301.725634808985,96689.11526250832,0,158,158,0.8032202957306203,0.7982250265761328,0.6373459489266194,0.994118616865568,0.6053249394635758,1.0265668915533699
trial_0015_bite_009_transfer,trial_0015_bite_009,trial_0015,transfer,0,B2,158,158,100.0,-2.7363165555712534,0.015748937707918742,True,True,True,True,158,1,1099,4.667838387572188,0.026156404211877593,1099,0.5568133498824128,2.615640421187757,1092,39.991266745019615,499.5667287660217,1085,6644.937066771405,77097.9557233872,0,158,158,0.725730390005134,0.7047416229497352,0.6294898085860218,0.8924148792645266,0.6053249394635758,0.9218560040163011
trial_0015_bite_009_transfer,trial_0015_bite_009,trial_0015,transfer,0,B3,158,158,100.0,-2.7363165555712534,0.0172418912152148,True,True,True,True,158,1,1099,4.797998482231173,0.027060069700398426,1099,0.5635196069766709,2.7060069700398404,1092,43.848655851070575,428.07233167763536,1085,7396.43192486194,66656.95746968663,0,158,158,0.7211836667703846,0.6953690619684906,0.6210194550184717,0.8829099866734429,0.6007800811507495,0.9063140459672256
trial_0015_bite_009_transfer,trial_0015_bite_009,trial_0015,transfer,0,StrongLocal,158,158,100.0,-2.7363165555712534,0.026474540437238403,True,True,True,True,158,1,1099,4.750936779843338,0.026080734018820717,1099,0.5595648906551198,2.6080734018820695,1092,41.371643791902684,467.592356306106,1085,6892.088448774764,71816.7362816305,0,158,158,0.7238959375885654,0.6961631882118948,0.6233180895554593,0.882952506466137,0.60171182591478,0.9059451358116153
trial_0015_bite_009_transfer,trial_0015_bite_009,trial_0015,transfer,0,H_star,158,158,100.0,-2.7363165555712534,0.00016070907375276278,True,True,True,True,158,1,1099,5.077900083617265,0.028288930444967608,1099,0.6081011244597743,2.828893044496758,1092,53.27636486944175,459.18645917018233,1085,9019.250068332574,70582.99934397663,0,158,158,0.7243767161557837,0.7039820878056227,0.6212373628776185,0.8919865537560949,0.5989329814908189,0.9255601306539987
trial_0015_bite_009_transfer,trial_0015_bite_009,trial_0015,transfer,0,HumanGT,158,158,100.0,-2.7363165555712534,0.0,True,True,True,True,158,1,1099,4.41176887106956,0.027254744850272683,1099,0.5350947808678079,2.725474485027266,1092,38.14383034307517,497.54975410922384,1085,6330.77498523055,77237.4515502904,0,158,158,0.6953977039839718,0.6869247000798742,0.5986466840808551,0.8304499563330514,0.597623231591049,0.8418984676485621
trial_0015_bite_009_withdrawal,trial_0015_bite_009,trial_0015,withdrawal,0,B0,183,183,100.0,-2.3831697890841697,0.0,True,True,True,True,183,1,1274,6.426718290161489,0.02251492977356273,1274,0.6365936664295444,2.251492977356271,1267,13.871502589452344,75.29457604928106,1260,1585.7652185550044,9350.968820688548,0,183,183,0.6539887731098848,0.6750306240152837,0.2770348399925615,0.9196032723181725,0.214744833079211,0.9505889234285245
trial_0015_bite_009_withdrawal,trial_0015_bite_009,trial_0015,withdrawal,0,B1,183,183,100.0,-2.3831697890841697,0.0878346675812236,True,True,True,True,183,1,1274,6.328200873225461,0.021957502880729955,1274,0.6221967323091225,2.1957502880729933,1267,14.07411590549242,75.920962954417,1260,1622.0664941367681,9732.790010904562,0,183,183,0.6912248904985147,0.6958342468948073,0.3570672018402872,0.9328357615361609,0.2906950094467442,0.9676157471142339
trial_0015_bite_009_withdrawal,trial_0015_bite_009,trial_0015,withdrawal,0,B2,183,183,100.0,-2.3831697890841697,0.015748937707918298,True,True,True,True,183,1,1274,6.065974794541565,0.02048793658015358,1274,0.596737269545219,2.0487936580153563,1267,13.942347171385226,75.77786854492209,1260,1578.2923566595637,8947.209213189897,0,183,183,0.6551486794258756,0.6684161893290455,0.35954945331643007,0.8763631781644803,0.30272080178608207,0.9073838311039111
trial_0015_bite_009_withdrawal,trial_0015_bite_009,trial_0015,withdrawal,0,B3,183,183,100.0,-2.3831697890841697,0.0172418912152148,True,True,True,True,183,1,1274,5.98518567220175,0.020771356077903924,1274,0.590077429914952,2.0771356077903906,1267,15.559434764564001,74.35511899000637,1260,2008.1074820348929,10812.795720386266,0,183,183,0.6569334555474944,0.6663252145953837,0.39269108053213386,0.8604207312117188,0.3286070420003513,0.890037172212554
trial_0015_bite_009_withdrawal,trial_0015_bite_009,trial_0015,withdrawal,0,StrongLocal,183,183,100.0,-2.3831697890841697,0.00892021229875617,True,True,True,True,183,1,1274,5.9754445287278095,0.02124207349291085,1274,0.5878070659202154,2.1242073492910833,1267,15.893605251816531,84.88940208265501,1260,2067.0504532741847,15228.716483792054,0,183,183,0.6750844454869057,0.6733231231872185,0.4212142809563088,0.8790841583735839,0.3554836188700119,0.9094682368160389
trial_0015_bite_009_withdrawal,trial_0015_bite_009,trial_0015,withdrawal,0,H_star,183,183,100.0,-2.3831697890841697,0.017229232083927126,True,True,True,True,183,1,1274,6.228319755239206,0.03176207781862006,1274,0.6180242141960762,3.1762077818620034,1267,29.25583141791817,273.2929678142311,1260,4595.369025448133,53544.955495330076,0,183,183,0.6795616828463561,0.675993790855304,0.4527334889440627,0.8889977110156957,0.39255862057038926,0.9247891147132774
trial_0015_bite_009_withdrawal,trial_0015_bite_009,trial_0015,withdrawal,0,HumanGT,183,183,100.0,-2.3831697890841697,0.0,True,True,True,True,183,1,1274,5.906237510343466,0.022775374584057984,1274,0.5922160798417646,2.277537458405796,1267,15.1373156432564,73.18849516457816,1260,1874.5364233578164,10341.6967624506,0,183,183,0.8074348412290872,0.8507575754451648,0.626399958519806,0.9350908538264553,0.622663310469739,0.9488919798678839
trial_0015_bite_010_transfer,trial_0015_bite_010,trial_0015,transfer,0,B0,150,150,100.0,-2.7499772555074222,0.0,True,True,True,True,150,1,1043,4.758574621839578,0.023131192814918933,1043,0.5999616725194633,2.313119281491893,1036,24.538052317546608,211.44222947082585,1029,3930.3951647359227,35401.46973180115,0,150,150,0.7865175980183194,0.8114106656487547,0.6256710709323411,0.9211063595214236,0.6136665051054688,0.925306228063258
trial_0015_bite_010_transfer,trial_0015_bite_010,trial_0015,transfer,0,B1,150,150,100.0,-2.7499772555074222,0.14257290644400955,True,True,True,True,150,1,1043,4.807483066192233,0.02366162888053136,1043,0.6104419337304068,2.366162888053134,1036,24.640343355839143,216.7943687859704,1029,3948.8365310241797,36339.30410485043,0,150,150,0.8071918913661896,0.8240636054456392,0.6514827868237376,0.9436570413518739,0.6402444231294719,0.949218954918182
trial_0015_bite_010_transfer,trial_0015_bite_010,trial_0015,transfer,0,B2,150,150,100.0,-2.7499772555074222,0.015748937707918298,True,True,True,True,150,1,1043,4.4736229855012395,0.022487196161312895,1043,0.5696252924089061,2.2487196161312877,1036,24.72276780597217,208.3146750423733,1029,3975.2423464273147,35026.52456155876,0,150,150,0.7265065694575785,0.7597549221013953,0.5841429803746788,0.82771327944372,0.5731021982609619,0.8305364704049083
trial_0015_bite_010_transfer,trial_0015_bite_010,trial_0015,transfer,0,B3,150,150,100.0,-2.7499772555074222,0.0172418912152148,True,True,True,True,150,1,1043,4.5919182457168715,0.025429026423291923,1043,0.5763058611913856,2.54290264232919,1036,28.68591236942504,237.26748940680898,1029,4691.286807542064,41607.10705567527,0,150,150,0.7259812209960826,0.7581633235544922,0.592203986846717,0.8230507808879303,0.5806902676432149,0.8291097095066995
trial_0015_bite_010_transfer,trial_0015_bite_010,trial_0015,transfer,0,StrongLocal,150,150,100.0,-2.7499772555074222,0.0030333557482538076,True,True,True,True,150,1,1043,4.552597092470598,0.021211768924239927,1043,0.5738778485098706,2.1211768924239927,1036,28.699484869731943,186.27869661989007,1029,4785.789391950565,30353.14412326598,0,150,150,0.726829869179633,0.7568980682782418,0.5961324540250026,0.8205276916881401,0.5852696836675193,0.8269270740477985
trial_0015_bite_010_transfer,trial_0015_bite_010,trial_0015,transfer,0,H_star,150,150,100.0,-2.7499772555074222,0.027618252243003294,True,True,True,True,150,1,1043,4.938696981742231,0.028505477733010487,1043,0.6296482847512,2.8505477733010487,1036,42.35118997949664,264.40113961797084,1029,7155.75047149574,51288.65204818309,0,150,150,0.7387449708236019,0.7723014262253516,0.596588381791159,0.8432886425700543,0.5873165041728257,0.8596919378059606
trial_0015_bite_010_transfer,trial_0015_bite_010,trial_0015,transfer,0,HumanGT,150,150,100.0,-2.7499772555074222,0.0,True,True,True,True,150,1,1043,4.6663654068658715,0.02191082409912326,1043,0.5904504952507654,2.1910824099123256,1036,29.482857478455927,196.25526730000473,1029,4947.659785826502,32869.269870785894,0,150,150,0.734084814939375,0.7624671218278349,0.5794877933704505,0.8536644051380116,0.5680612412798904,0.8574463983551244
trial_0015_bite_010_withdrawal,trial_0015_bite_010,trial_0015,withdrawal,0,B0,131,131,100.0,-2.521782406924452,0.0,True,True,True,True,131,1,910,4.991184539218448,0.025902609343900096,910,0.6921602535685331,2.5902609343900362,903,24.5444539963209,214.47340979606508,896,3837.4585682182546,30025.717201654614,0,131,131,0.6905857089015243,0.6870820822234132,0.47935356716460653,0.8648776096900868,0.44120797194085704,0.8772832273271955
trial_0015_bite_010_withdrawal,trial_0015_bite_010,trial_0015,withdrawal,0,B1,131,131,100.0,-2.521782406924452,0.0878346675812236,True,True,True,True,131,1,910,4.935671550225229,0.026090493888516697,910,0.6843893174110831,2.6090493888516963,903,25.146229355117264,222.53736051455377,896,3930.931156827184,32061.965701231013,0,131,131,0.7320524549258665,0.7195530262318961,0.5658762273686047,0.8968470332806864,0.529440982385391,0.9036300190104827
trial_0015_bite_010_withdrawal,trial_0015_bite_010,trial_0015,withdrawal,0,B2,131,131,100.0,-2.521782406924452,0.015748937707918298,True,True,True,True,131,1,910,4.778990119676177,0.022365728669109686,910,0.6611677702232653,2.236572866910991,903,24.432783280282845,192.82119064733618,896,3815.947630279213,29902.2808380606,0,131,131,0.6825333397799462,0.6771153237121883,0.5467961187814168,0.8172063367534088,0.516845364007744,0.835312891849072
trial_0015_bite_010_withdrawal,trial_0015_bite_010,trial_0015,withdrawal,0,B3,131,131,100.0,-2.521782406924452,0.0172418912152148,True,True,True,True,131,1,910,4.889788816140192,0.02334657611598079,910,0.6743030028894601,2.334657611598103,903,33.85929601789501,247.4144141989898,896,5494.457028414998,30887.424382441746,0,131,131,0.6832196057778992,0.6718705649645091,0.5712151722385492,0.8089108914900853,0.5359263822213265,0.8259286450322829
trial_0015_bite_010_withdrawal,trial_0015_bite_010,trial_0015,withdrawal,0,StrongLocal,131,131,100.0,-2.521782406924452,0.030566319930194652,True,True,True,True,131,1,910,4.827876519348081,0.025223086986765786,910,0.6692746292656367,2.5223086986766043,903,30.561078907956286,256.01372196132786,896,4797.82557169951,34064.24481504713,0,131,131,0.7005955610983361,0.6827009652922698,0.5931089314801228,0.8273115387093806,0.5569275384436949,0.8403726004115946
trial_0015_bite_010_withdrawal,trial_0015_bite_010,trial_0015,withdrawal,0,H_star,131,131,100.0,-2.521782406924452,0.045671913360390004,True,True,True,True,131,1,910,5.0979910723542154,0.027715826346461196,910,0.7105364919764768,2.771582634646117,903,46.48679360784807,296.01267764664595,896,7791.698790418082,58035.32911808469,0,131,131,0.689265959272908,0.6711553687013048,0.5862249197514151,0.8331880823173328,0.5630369209570167,0.8498930179957034
trial_0015_bite_010_withdrawal,trial_0015_bite_010,trial_0015,withdrawal,0,HumanGT,131,131,100.0,-2.521782406924452,0.0,True,True,True,True,131,1,910,4.746530848270822,0.02377392098812603,910,0.6823251110391667,2.3773920988126274,903,27.635629594821467,237.45262067079454,896,4342.183407620455,37333.534984414284,0,131,131,0.8161718348021354,0.8783383962494091,0.644368980433931,0.8972323809453417,0.6253186237997443,0.9013769384953436
trial_0015_bite_011_transfer,trial_0015_bite_011,trial_0015,transfer,0,B0,126,126,100.0,-2.764062843309211,0.0,True,True,True,True,126,1,875,4.392114366002042,0.036600949804592275,875,0.656476222086778,3.6600949804592244,868,37.63809237575409,296.3418315064187,861,6304.0728046722525,57232.87185830913,0,126,126,0.8843888885774381,0.8809178530705465,0.7061879932644581,1.0420779457309082,0.6913060822831034,1.0540144124488857
trial_0015_bite_011_transfer,trial_0015_bite_011,trial_0015,transfer,0,B1,126,126,100.0,-2.764062843309211,0.14257290644400955,True,True,True,True,126,1,875,4.541507668611283,0.03790130737344711,875,0.6833258212537074,3.7901307373447075,868,38.49708915286594,300.63288234364285,861,6458.916514651992,58024.02212553024,0,126,126,0.9095807764522149,0.9046660408528978,0.7108715453352825,1.0762342278875792,0.6928166061530225,1.0902551725719882
trial_0015_bite_011_transfer,trial_0015_bite_011,trial_0015,transfer,0,B2,126,126,100.0,-2.764062843309211,0.015748937707917854,True,True,True,True,126,1,875,4.011527055002344,0.02888464125184864,875,0.5867252577189782,2.8884641251848615,868,35.43158367985507,247.86968725301023,861,5918.906449477237,47401.89672448679,0,126,126,0.8080034633355591,0.7974266403597993,0.6955103487924048,0.9231956927463478,0.6880929856844917,0.93312743259738
trial_0015_bite_011_transfer,trial_0015_bite_011,trial_0015,transfer,0,B3,126,126,100.0,-2.764062843309211,0.0172418912152148,True,True,True,True,126,1,875,4.1767482080137235,0.028946933328054314,875,0.6057384759024421,2.8946933328054287,868,40.91442042567,365.8498079781018,861,6921.2081264672215,66035.4464874851,0,126,126,0.7990015987053608,0.7896272650380743,0.681752063337447,0.9231883408198966,0.67651534061909,0.9368839412607173
trial_0015_bite_011_transfer,trial_0015_bite_011,trial_0015,transfer,0,StrongLocal,126,126,100.0,-2.764062843309211,0.010426012398416784,True,True,True,True,126,1,875,4.131150650341791,0.028908359504659305,875,0.5967073695766644,2.890835950465928,868,37.33759799520246,252.2932139313001,861,6230.053862152344,50424.58211230536,0,126,126,0.7959962645133495,0.7865638303623382,0.6819954721445257,0.917124083449023,0.6788552124308849,0.9334247045230448
trial_0015_bite_011_transfer,trial_0015_bite_011,trial_0015,transfer,0,H_star,126,126,100.0,-2.764062843309211,0.04875920199528316,True,True,True,True,126,1,875,4.358308904489623,0.029139492235916054,875,0.6404411772242568,2.9139492235916027,868,48.58425463983462,303.6610033405424,861,8208.705410187686,57863.3070203521,0,126,126,0.8064938073382449,0.7960296735189952,0.6906885025143612,0.9309213966270632,0.6821816381171559,0.943800223113255
trial_0015_bite_011_transfer,trial_0015_bite_011,trial_0015,transfer,0,HumanGT,126,126,100.0,-2.764062843309211,0.0,True,True,True,True,126,1,875,4.045609627247934,0.031231482105676944,875,0.5857378751084805,3.1231482105676918,868,35.261174923664576,276.24180742225457,861,5882.938938596562,54572.4179124257,0,126,126,0.7764675757546727,0.7628720994345549,0.6786260980698253,0.8945199471384552,0.6727699582297728,0.9077723419530739
trial_0015_bite_011_withdrawal,trial_0015_bite_011,trial_0015,withdrawal,0,B0,124,124,100.0,-2.513135206748882,0.0,True,True,True,True,124,1,861,4.274499663043451,0.02141497808030834,861,0.6226006088017884,2.1414978080308322,854,14.721462746794314,91.07441176965808,847,1917.9091635882617,9692.585175073018,0,124,124,0.7493014787038953,0.7856678354233373,0.46120327574826553,0.9888095628141987,0.42521959052897884,1.000814152205363
trial_0015_bite_011_withdrawal,trial_0015_bite_011,trial_0015,withdrawal,0,B1,124,124,100.0,-2.513135206748882,0.0878346675812236,True,True,True,True,124,1,861,4.1859394000459895,0.021709535587480566,861,0.6098129862995598,2.170953558748055,854,15.054256260502523,94.9822058788861,847,1960.548510964301,9908.885027547412,0,124,124,0.7933193301004795,0.802927452745676,0.5475140227982116,1.021174864453599,0.5142561990207657,1.0333192113501868
trial_0015_bite_011_withdrawal,trial_0015_bite_011,trial_0015,withdrawal,0,B2,124,124,100.0,-2.513135206748882,0.015748937707918298,True,True,True,True,124,1,861,3.9431447938663906,0.020525235368578088,861,0.5735065447641955,2.052523536857807,854,14.622382569006742,97.0306386240603,847,1893.023556710328,9794.097695034117,0,124,124,0.7493439416117181,0.7733045879652511,0.548668319513258,0.9287758220847135,0.5170873198983994,0.9394389002923207
trial_0015_bite_011_withdrawal,trial_0015_bite_011,trial_0015,withdrawal,0,B3,124,124,100.0,-2.513135206748882,0.0172418912152148,True,True,True,True,124,1,861,3.923342584181628,0.021452947691137148,861,0.571510813326338,2.145294769113713,854,17.370249197250743,125.43800871642307,847,2314.9876768333256,15192.16676983426,0,124,124,0.7556128070604724,0.7728757951344014,0.5650502212628364,0.9171811272423107,0.5351739370174897,0.9245711633686327
trial_0015_bite_011_withdrawal,trial_0015_bite_011,trial_0015,withdrawal,0,StrongLocal,124,124,100.0,-2.513135206748882,0.03142521182098257,True,True,True,True,124,1,861,3.8980902039906544,0.022220726261370952,861,0.5710421628251187,2.222072626137093,854,17.673433758970457,147.18766226621048,847,2300.2430714083616,17099.810580708752,0,124,124,0.7786006989723636,0.7850502700823778,0.5982905567570098,0.9367448713626564,0.5666923892264428,0.9427373552162308
trial_0015_bite_011_withdrawal,trial_0015_bite_011,trial_0015,withdrawal,0,H_star,124,124,100.0,-2.513135206748882,0.04076014090012903,True,True,True,True,124,1,861,4.145722978118678,0.021951162627600995,861,0.6117680891091246,2.1951162627600977,854,35.44561833564844,275.59261869706427,847,5719.731955565638,51882.46892013146,0,124,124,0.769929568895625,0.7757652138732203,0.6101482408812983,0.930026524280515,0.5890857479721401,0.9427651672868986
trial_0015_bite_011_withdrawal,trial_0015_bite_011,trial_0015,withdrawal,0,HumanGT,124,124,100.0,-2.513135206748882,0.0,True,True,True,True,124,1,861,3.8538799499573195,0.025861171271057692,861,0.5883796186898341,2.586117127105767,854,16.43813044394074,112.83279560309704,847,2166.212184371217,11027.63537861665,0,124,124,0.8907443878385065,0.9220362183192474,0.7648513124378069,0.9651062644032539,0.7504137153445232,0.9688454601101428
trial_0015_bite_012_transfer,trial_0015_bite_012,trial_0015,transfer,0,B0,44,44,100.0,-2.466603535422481,0.0,True,True,True,True,44,1,301,0.9803676217653796,0.014268246063289249,301,0.39686383227707417,1.4268246063289236,294,26.256964003406367,150.22830213030832,287,4376.257464773583,24444.698368425157,0,44,44,0.7647687401550448,0.7669857971295184,0.7264587722808966,0.7996088665477008,0.7245750133421804,0.8039276180721453
trial_0015_bite_012_transfer,trial_0015_bite_012,trial_0015,transfer,0,B1,44,44,100.0,-2.466603535422481,0.06659833172145868,True,True,True,True,44,1,301,0.9861478578455656,0.014260117427471465,301,0.3978716345480272,1.4260117427471453,294,26.332976283383058,150.26720748271467,287,4390.261042855236,24458.314422027106,0,44,44,0.77149378101558,0.7735929587227486,0.7384268657934454,0.8038618535375092,0.7371592623119891,0.8077923887331462
trial_0015_bite_012_transfer,trial_0015_bite_012,trial_0015,transfer,0,B2,44,44,100.0,-2.466603535422481,0.034636257620447086,True,True,True,True,44,1,301,1.0013260576683798,0.014265398745408222,301,0.4077833208437919,1.4265398745408209,294,26.60573788645575,148.16182643778458,287,4439.785773284786,24082.348881722493,0,44,44,0.7818724359906557,0.783498180915617,0.7527964154749708,0.811992649496022,0.7516818115594912,0.8169471432603681
trial_0015_bite_012_transfer,trial_0015_bite_012,trial_0015,transfer,0,B3,44,44,100.0,-2.466603535422481,0.06332278378642764,True,True,True,True,44,1,301,1.0094546653608187,0.014232238174314737,301,0.41571880751703383,1.4232238174314724,294,28.37152739078061,152.29944397259192,287,4740.592746346643,24859.952422809623,0,44,44,0.7825869173982156,0.784220244656578,0.751252760530764,0.814873018250492,0.750274433663705,0.8201805617594586
trial_0015_bite_012_transfer,trial_0015_bite_012,trial_0015,transfer,0,StrongLocal,44,44,100.0,-2.466603535422481,0.0030970387286823886,True,True,True,True,44,1,301,1.0088722509707984,0.014215251149109598,301,0.41543371363346526,1.4215251149109585,294,28.24794808225905,153.71435813278796,287,4695.587589612732,25211.17703118574,0,44,44,0.7832666854411869,0.7849689679933265,0.7542527438064521,0.8139094321052533,0.7530233789689476,0.8189798490799849
trial_0015_bite_012_transfer,trial_0015_bite_012,trial_0015,transfer,0,H_star,44,44,100.0,-2.466603535422481,0.034562594363539034,True,True,True,True,44,1,301,1.0387712980802297,0.014293347404358059,301,0.42569109265214233,1.4293347404358046,294,32.94039789715812,146.1997143892011,287,5660.346187825006,23840.88536124789,0,44,44,0.781152573977226,0.7813258484077985,0.7538119956341423,0.8117006614659781,0.7523970074282529,0.8140044985027797
trial_0015_bite_012_transfer,trial_0015_bite_012,trial_0015,transfer,0,HumanGT,44,44,100.0,-2.466603535422481,0.0,True,True,True,True,44,1,301,1.0343665300830978,0.014301779923119541,301,0.431045965018352,1.4301779923119529,294,31.083228303824665,151.29556854625443,287,5079.933991210972,23912.004813551426,0,44,44,0.7848350207102299,0.7870282278035337,0.7641414769829722,0.8073422490348545,0.7620650744894855,0.8103720625805977
trial_0015_bite_012_withdrawal,trial_0015_bite_012,trial_0015,withdrawal,0,B0,129,129,100.0,-2.4816285049318956,0.0,True,True,True,True,129,1,896,3.443552850313481,0.025060681426428037,896,0.4802023910621178,2.5060681426428015,889,21.206419142908604,243.42838003724015,882,3031.0478788105584,35361.94576684713,0,129,129,0.753494486487404,0.7928977183249879,0.5201513263593295,0.9227310186908128,0.5075829959755982,0.9419016666576621
trial_0015_bite_012_withdrawal,trial_0015_bite_012,trial_0015,withdrawal,0,B1,129,129,100.0,-2.4816285049318956,0.08783466758122316,True,True,True,True,129,1,896,3.3863772891310973,0.02622977965498841,896,0.4727281530185801,2.6229779654988388,889,21.737427523049625,250.0408824937224,882,3108.605686145143,36334.72604574637,0,129,129,0.7953266928907948,0.8099989901465632,0.6051712940549135,0.9549953459716656,0.5971694468654078,0.9658808430341903
trial_0015_bite_012_withdrawal,trial_0015_bite_012,trial_0015,withdrawal,0,B2,129,129,100.0,-2.4816285049318956,0.015748937707917854,True,True,True,True,129,1,896,3.214899232379105,0.02367303276151178,896,0.44836843080097466,2.367303276151176,889,20.91881678959584,223.23030616465414,882,2992.9904839318533,32464.917739055094,0,129,129,0.7568091154851748,0.7826115485394105,0.5894399256453413,0.8952675890501645,0.5816035367102783,0.9152758133002941
trial_0015_bite_012_withdrawal,trial_0015_bite_012,trial_0015,withdrawal,0,B3,129,129,100.0,-2.4816285049318956,0.017241891215214356,True,True,True,True,129,1,896,3.2593247060391892,0.023352128749291712,896,0.45539877775852206,2.335212874929169,889,24.62207988654772,220.09347465956134,882,3609.8190205716314,33297.69010356658,0,129,129,0.7590499923084219,0.7821029036118574,0.593835009248736,0.8854811670963973,0.5841195060678999,0.9081814505173975
trial_0015_bite_012_withdrawal,trial_0015_bite_012,trial_0015,withdrawal,0,StrongLocal,129,129,100.0,-2.4816285049318956,0.02932575535681803,True,True,True,True,129,1,896,3.221306970033199,0.023758576919688412,896,0.4494155528852239,2.375857691968839,889,23.13896664481196,223.9904237501862,882,3337.4285017916377,32473.253691854236,0,129,129,0.7789095807051851,0.793229880965777,0.6289491882978918,0.8999072174854458,0.6231743063478365,0.9227166778431579
trial_0015_bite_012_withdrawal,trial_0015_bite_012,trial_0015,withdrawal,0,H_star,129,129,100.0,-2.4816285049318956,0.03343375867610998,True,True,True,True,129,1,896,3.5156381319757948,0.02367663641271278,896,0.49597476353055514,2.367663641271276,889,36.4854376425745,265.63520340968626,882,5984.228876801947,44804.994663469115,0,129,129,0.7750321837649615,0.78910294017345,0.6179075831081884,0.9113778210852518,0.6118153892765763,0.9245943069262603
trial_0015_bite_012_withdrawal,trial_0015_bite_012,trial_0015,withdrawal,0,HumanGT,129,129,100.0,-2.4816285049318956,0.0,True,True,True,True,129,1,896,3.1238422730907067,0.025819715657533493,896,0.43855361487200134,2.581971565753347,889,22.385899343665272,242.95778061640362,882,3255.875218728534,35520.360814657346,0,129,129,0.8364891529075489,0.8344187420120432,0.7715709898275023,0.9145951240914603,0.7619566249669489,0.930290850616049
trial_0015_bite_013_transfer,trial_0015_bite_013,trial_0015,transfer,0,B0,146,146,100.0,-2.8463832602199717,0.0,True,True,True,True,146,1,1015,4.2257856178157756,0.017678991224675086,1015,0.5156782019046459,1.767899122467507,1008,21.27791887511489,124.02092764437907,1001,3277.5517100108623,17443.589517901924,0,146,146,0.7136888072214042,0.7412344054449502,0.4967098760687374,0.8963059336483126,0.48733432499275264,0.9210808840535913
trial_0015_bite_013_transfer,trial_0015_bite_013,trial_0015,transfer,0,B1,146,146,100.0,-2.8463832602199717,0.14257290644401,True,True,True,True,146,1,1015,4.343662589172283,0.01816273654214018,1015,0.5313207333938726,1.8162736542140163,1008,21.377793089669186,124.70491748528303,1001,3294.6121610282353,17556.03596884337,0,146,146,0.735695859342903,0.7656065120165554,0.5025120686709719,0.9267634490843899,0.4953508672703293,0.951773250193126
trial_0015_bite_013_transfer,trial_0015_bite_013,trial_0015,transfer,0,B2,146,146,100.0,-2.8463832602199717,0.015748937707917854,True,True,True,True,146,1,1015,3.966602619682977,0.015990305720123832,1015,0.487883057064112,1.5990305720123819,1008,20.91755802101181,121.07405228111803,1001,3215.853684010744,17261.71945884849,0,146,146,0.6641198131733884,0.6896945399860287,0.4746451889709181,0.8427899632314682,0.46153826954808674,0.8560640717323504
trial_0015_bite_013_transfer,trial_0015_bite_013,trial_0015,transfer,0,B3,146,146,100.0,-2.8463832602199717,0.017241891215214356,True,True,True,True,146,1,1015,4.190659181649431,0.019168090600073517,1015,0.5158937884894909,1.9168090600073517,1008,32.19724878114938,156.5170955875314,1001,5396.87665780127,20221.446358976435,0,146,146,0.6583623589780692,0.6893057443585113,0.46542349287325163,0.8442773376867438,0.44997423567545924,0.8569700853163087
trial_0015_bite_013_transfer,trial_0015_bite_013,trial_0015,transfer,0,StrongLocal,146,146,100.0,-2.8463832602199717,0.03016468554217111,True,True,True,True,146,1,1015,4.075438203719293,0.015835208231431475,1015,0.5034832222233993,1.5835208231431475,1008,28.15098119441084,138.47341928141967,1001,4631.466675598318,23006.765779674803,0,146,146,0.6583588206406251,0.6910137509503484,0.46529270121965705,0.8426655266143841,0.453569740182852,0.8550827704988344
trial_0015_bite_013_transfer,trial_0015_bite_013,trial_0015,transfer,0,H_star,146,146,100.0,-2.8463832602199717,0.0597900545053327,True,True,True,True,146,1,1015,4.315538601905436,0.028557997517150376,1015,0.5415899043123468,2.8557997517150353,1008,40.59820677509482,296.65743391915356,1001,6818.399902455142,56792.68291012647,0,146,146,0.6614163993084679,0.6899482984097483,0.47152385838713345,0.8383642983574735,0.4605625784911054,0.8515600575053637
trial_0015_bite_013_transfer,trial_0015_bite_013,trial_0015,transfer,0,HumanGT,146,146,100.0,-2.8463832602199717,0.0,True,True,True,True,146,1,1015,3.9293017337873155,0.015630590315699692,1015,0.4774102760414183,1.5630590315699677,1008,22.265259373284643,122.77446777163337,1001,3504.384616758186,17519.848252719934,0,146,146,0.6205297600635646,0.6493849312439184,0.46179714282803724,0.7775699634498029,0.44905620687010783,0.7868152818803551
trial_0015_bite_013_withdrawal,trial_0015_bite_013,trial_0015,withdrawal,0,B0,183,183,100.0,-2.6036395936213537,0.0,True,True,True,True,183,1,1274,5.95206205265656,0.028200283697558337,1274,0.6113872929788949,2.820028369755831,1267,28.10705911635062,257.1848319944699,1260,4495.0950872889725,46919.95805260151,0,183,183,0.7246340659762972,0.7008488177407095,0.5893127950454334,0.921512345663766,0.5853341917273429,0.9341909690578927
trial_0015_bite_013_withdrawal,trial_0015_bite_013,trial_0015,withdrawal,0,B1,183,183,100.0,-2.6036395936213537,0.0878346675812236,True,True,True,True,183,1,1274,5.99421613121196,0.02821500129177856,1274,0.6150734273674219,2.8215001291778536,1267,28.287391926033788,258.25248936218475,1260,4523.840939103001,47109.42591051058,0,183,183,0.765936627518531,0.7269346588923709,0.6559572544568397,0.9468364791591649,0.607175042456749,0.9575384058275871
trial_0015_bite_013_withdrawal,trial_0015_bite_013,trial_0015,withdrawal,0,B2,183,183,100.0,-2.6036395936213537,0.015748937707918298,True,True,True,True,183,1,1274,5.710370021361496,0.028244194845860715,1274,0.5905698118479079,2.824419484586069,1267,28.400851597675967,249.95889258799102,1260,4544.999478152253,45615.56884636297,0,183,183,0.7275953585232147,0.6965459920135304,0.6333390292545922,0.8784808744067749,0.607175042456749,0.8980592697509779
trial_0015_bite_013_withdrawal,trial_0015_bite_013,trial_0015,withdrawal,0,B3,183,183,100.0,-2.6036395936213537,0.0172418912152148,True,True,True,True,183,1,1274,5.77980160403406,0.037603533594676726,1274,0.5999487902686408,3.7603533594676692,1267,37.634139541873196,473.2766870080499,1260,6433.923345244398,82722.83773035639,0,183,183,0.7152306304888967,0.687931348326634,0.6221655366437829,0.8652175247633882,0.607175042456749,0.8836222626211532
trial_0015_bite_013_withdrawal,trial_0015_bite_013,trial_0015,withdrawal,0,StrongLocal,183,183,100.0,-2.6036395936213537,0.0451035482743265,True,True,True,True,183,1,1274,5.695180335683533,0.029313566744447513,1274,0.5900020410433853,2.9313566744447486,1267,33.5150902195458,328.4451326546416,1260,5647.6162482546515,62457.10797994478,0,183,183,0.7319252602469588,0.6995530805481707,0.6472309734992769,0.8762249742554019,0.607175042456749,0.8912099915766314
trial_0015_bite_013_withdrawal,trial_0015_bite_013,trial_0015,withdrawal,0,H_star,183,183,100.0,-2.6036395936213537,0.06136958153443173,True,True,True,True,183,1,1274,6.424374238126912,0.06295010884257614,1274,0.673357126645722,6.295010884257608,1267,58.08857521848107,722.1366643540905,1260,10116.161741104834,134526.76861312473,0,183,183,0.726304065789926,0.687651159233118,0.6202502408941987,0.8961649958746994,0.607175042456749,0.9147580687717607
trial_0015_bite_013_withdrawal,trial_0015_bite_013,trial_0015,withdrawal,0,HumanGT,183,183,100.0,-2.6036395936213537,0.0,True,True,True,True,183,1,1274,5.565291833801908,0.028155712370714348,1274,0.5778915541807049,2.815571237071432,1267,29.128992979813532,250.49886992674038,1260,4675.098876970146,45875.10752282353,0,183,183,0.738586540542932,0.7115814461723176,0.6438378315502297,0.8569320243346011,0.607175042456749,0.8730332159548615
trial_0015_bite_014_transfer,trial_0015_bite_014,trial_0015,transfer,0,B0,116,116,100.0,-2.720480500733788,0.0,True,True,True,True,116,1,805,3.7239722003525273,0.017569321283054773,805,0.5831442078736407,1.7569321283054757,798,22.335857007164694,150.6952418053051,791,3399.065737558762,29733.572826441665,0,116,116,0.8920262521641674,0.8644587913233406,0.7854262432039663,1.041193260852991,0.7802183985851237,1.0522757655170007
trial_0015_bite_014_transfer,trial_0015_bite_014,trial_0015,transfer,0,B1,116,116,100.0,-2.720480500733788,0.14257290644400955,True,True,True,True,116,1,805,3.961072191469997,0.01828669246461878,805,0.6167458747606608,1.8286692464618766,798,22.820320762858504,153.2499292069642,791,3465.1661318663673,30202.220614130623,0,116,116,0.9108748043289422,0.8813192304774933,0.8193702546185487,1.061025044816587,0.8018220129097879,1.0812580288084066
trial_0015_bite_014_transfer,trial_0015_bite_014,trial_0015,transfer,0,B2,116,116,100.0,-2.720480500733788,0.015748937707918298,True,True,True,True,116,1,805,3.154535033510659,0.01757504285388523,805,0.5097922403730631,1.7575042853885214,798,21.147260815115803,138.4524433717752,791,3227.692652058992,26342.837668019965,0,116,116,0.8254026067194323,0.8349354745108746,0.7041609115651528,0.9021710587782228,0.7012594196770925,0.914181503620366
trial_0015_bite_014_transfer,trial_0015_bite_014,trial_0015,transfer,0,B3,116,116,100.0,-2.720480500733788,0.0172418912152148,True,True,True,True,116,1,805,3.2601214925758084,0.018179308656149473,805,0.5229123958686047,1.8179308656149473,798,25.577558037387774,171.29229835862958,791,3861.501302292514,23813.89787717898,0,116,116,0.822109728537452,0.8351171632005505,0.713922699763895,0.8964655841688651,0.7091456060882209,0.9066575667268184
trial_0015_bite_014_transfer,trial_0015_bite_014,trial_0015,transfer,0,StrongLocal,116,116,100.0,-2.720480500733788,0.0012104478595249546,True,True,True,True,116,1,805,3.243491238615073,0.017520970640695133,805,0.5204931350165045,1.7520970640695117,798,24.194775681490807,143.58397779494325,791,3645.1199961986767,22985.42474818761,0,116,116,0.8236902046130739,0.8357507484791169,0.7203718846017457,0.8959592936938471,0.715122572592751,0.9082167010575488
trial_0015_bite_014_transfer,trial_0015_bite_014,trial_0015,transfer,0,H_star,116,116,100.0,-2.720480500733788,0.03282502891734129,True,True,True,True,116,1,805,3.491176798649165,0.027340093352789197,805,0.5693267522146823,2.7340093352789174,798,38.16872963812739,233.28990608037344,791,6334.370747379471,42590.63772082415,0,116,116,0.8272949509687206,0.8363694602352083,0.7006090797934301,0.9146682003768594,0.693750465293232,0.9238861301566781
trial_0015_bite_014_transfer,trial_0015_bite_014,trial_0015,transfer,0,HumanGT,116,116,100.0,-2.720480500733788,0.0,True,True,True,True,116,1,805,3.1189456587248845,0.017552657968308738,805,0.5069574761097206,1.7552657968308722,798,21.599555501925355,141.56108933269326,791,3312.453198689456,27666.165049730338,0,116,116,0.8085781022763002,0.8331783315894329,0.6837156305567973,0.880913213433652,0.6821967807185212,0.8872203412740376
trial_0015_bite_014_withdrawal,trial_0015_bite_014,trial_0015,withdrawal,0,B0,138,138,100.0,-2.5091410958964606,0.0,True,True,True,True,138,1,959,4.974966269569122,0.0203045034605811,959,0.66833601879235,2.030450346058108,952,20.88851687060102,152.92574356781304,945,3275.5661614182777,23246.754466390954,0,138,138,0.7485317504526219,0.7226121800152474,0.5960039771943692,0.971528176626102,0.5859282307405342,1.0018844601170063
trial_0015_bite_014_withdrawal,trial_0015_bite_014,trial_0015,withdrawal,0,B1,138,138,100.0,-2.5091410958964606,0.0878346675812236,True,True,True,True,138,1,959,5.025817619792544,0.020297940654777413,959,0.673234120068602,2.0297940654777396,952,21.649588086064277,162.2728050369379,945,3412.419764022416,24512.206316455056,0,138,138,0.7738017027839315,0.7362050315880595,0.6730182289132185,0.9887395172439845,0.6604455832280514,1.0303279843975188
trial_0015_bite_014_withdrawal,trial_0015_bite_014,trial_0015,withdrawal,0,B2,138,138,100.0,-2.5091410958964606,0.015748937707918298,True,True,True,True,138,1,959,4.721721004117094,0.02031365765771831,959,0.6336538038552739,2.031365765771829,952,20.905202251278663,155.60740590626813,945,3278.484995963012,23115.674216961077,0,138,138,0.7554047510807379,0.7269359479651609,0.6579072742091989,0.9311233929277885,0.647861370115975,0.9528237181204009
trial_0015_bite_014_withdrawal,trial_0015_bite_014,trial_0015,withdrawal,0,B3,138,138,100.0,-2.5091410958964606,0.0172418912152148,True,True,True,True,138,1,959,4.735269737971823,0.02032535765777954,959,0.6312490976948834,2.0325357657779524,952,23.425336138503315,163.6620751414594,945,3806.5499891114523,24361.34159146468,0,138,138,0.7496211331621367,0.7247096034304323,0.647743479473643,0.9113150132231504,0.6370835195826619,0.9319853175985084
trial_0015_bite_014_withdrawal,trial_0015_bite_014,trial_0015,withdrawal,0,StrongLocal,138,138,100.0,-2.5091410958964606,0.04648545641224722,True,True,True,True,138,1,959,4.705010243655177,0.020317356652583385,959,0.6302423401265885,2.0317356652583367,952,22.279339077371258,162.3464186500542,945,3553.1404780223174,24280.612442645943,0,138,138,0.7615406975314298,0.7343595453693366,0.673298388646598,0.9258975618050564,0.6606135564077564,0.9469737616581835
trial_0015_bite_014_withdrawal,trial_0015_bite_014,trial_0015,withdrawal,0,H_star,138,138,100.0,-2.5091410958964606,0.05997791071456682,True,True,True,True,138,1,959,5.071155678015831,0.02639109102672199,959,0.6799857751127981,2.639109102672197,952,38.543673946588974,294.65753215583715,945,6481.2181122885595,54475.612908919305,0,138,138,0.7583592206098085,0.7243535856794348,0.6681984658438164,0.946434468133747,0.6606822580019265,0.9737486299365585
trial_0015_bite_014_withdrawal,trial_0015_bite_014,trial_0015,withdrawal,0,HumanGT,138,138,100.0,-2.5091410958964606,0.0,True,True,True,True,138,1,959,4.912432002601443,0.020351530498865067,959,0.6605880718296908,2.035153049886505,952,22.913813242302897,173.30321117764638,945,3622.3976852980213,26249.994613817427,0,138,138,0.7738920375495882,0.7565638378473998,0.6725479355202665,0.9625543830902678,0.6599693665169517,1.003699842311021
trial_0015_bite_015_transfer,trial_0015_bite_015,trial_0015,transfer,0,B0,110,110,100.0,-2.800920644027646,0.0,True,True,True,True,110,1,763,4.549906748064993,0.022145291271451484,763,0.772975188016166,2.2145291271451466,756,21.272618127132155,142.4907891135258,749,3227.9617831207656,22800.886807233222,0,110,110,0.8979255886447517,0.9115872612207148,0.7516275600339726,0.9991727339936618,0.7380452019361332,1.0061595590485997
trial_0015_bite_015_transfer,trial_0015_bite_015,trial_0015,transfer,0,B1,110,110,100.0,-2.800920644027646,0.14257290644400955,True,True,True,True,110,1,763,4.754195758651824,0.022932715473887647,763,0.8050110341703994,2.2932715473887626,756,21.571731196272808,143.11655946725628,749,3269.45384155923,22891.80833740021,0,110,110,0.9229470196614369,0.934587478125283,0.7637052419809961,1.0378286533787138,0.7380452019361332,1.0469891678874337
trial_0015_bite_015_transfer,trial_0015_bite_015,trial_0015,transfer,0,B2,110,110,100.0,-2.800920644027646,0.015748937707918298,True,True,True,True,110,1,763,3.894582294691017,0.018930497265538197,763,0.6510679962714687,1.893049726553818,756,20.06083284007572,152.6807011824887,749,3065.502808364895,24163.5443610236,0,110,110,0.7697780431871967,0.7855540724733654,0.6972865491785307,0.8134176692904899,0.6758573698246799,0.8190970348630406
trial_0015_bite_015_transfer,trial_0015_bite_015,trial_0015,transfer,0,B3,110,110,100.0,-2.800920644027646,0.0172418912152148,True,True,True,True,110,1,763,4.054821839040233,0.024701146921799477,763,0.6659841783712157,2.4701146921799477,756,25.700962787674683,174.07702729477003,749,3906.262473483021,22875.756660116323,0,110,110,0.7522048458895381,0.7579255961135161,0.6856276673743692,0.8156017022916521,0.6764452575351694,0.8225421905097763
trial_0015_bite_015_transfer,trial_0015_bite_015,trial_0015,transfer,0,StrongLocal,110,110,100.0,-2.800920644027646,0.00783199106656074,True,True,True,True,110,1,763,4.070622759951749,0.020555152146990444,763,0.6667501110084306,2.0555152146990445,756,27.68885466521779,189.24499312007944,749,4367.154193239508,34722.57670641989,0,110,110,0.7527835954067215,0.7569546518632877,0.6852985447106578,0.8168086911198792,0.674222158146982,0.8242484324983881
trial_0015_bite_015_transfer,trial_0015_bite_015,trial_0015,transfer,0,H_star,110,110,100.0,-2.800920644027646,0.024640526445832922,True,True,True,True,110,1,763,4.154278524933001,0.03193842919794543,763,0.6927531443113606,3.19384291979454,756,38.01634887587333,253.91608175163887,749,6265.339670630154,47571.60805336466,0,110,110,0.7525992395184466,0.7596077170684912,0.6882891117407932,0.7961569432867447,0.6652314580411858,0.8059847488045335
trial_0015_bite_015_transfer,trial_0015_bite_015,trial_0015,transfer,0,HumanGT,110,110,100.0,-2.800920644027646,0.0,True,True,True,True,110,1,763,3.937941768933549,0.018915737417461997,763,0.6619008668025886,1.891573741746198,756,20.80079919903103,136.42666212536668,749,3198.289579764867,22257.137577692167,0,110,110,0.7946821769330135,0.8121614495895768,0.7159226416536619,0.8444392798266646,0.6947443269162861,0.8505828180339883
trial_0015_bite_015_withdrawal,trial_0015_bite_015,trial_0015,withdrawal,0,B0,169,169,100.0,-2.5886156291398144,0.0,True,True,True,True,169,1,1176,5.644867750221939,0.021658775977140724,1176,0.6195444689041917,2.1658775977140703,1169,17.61873194256256,168.9360976130413,1162,2770.8463112714453,24080.111395204207,0,169,169,0.7269921443286149,0.7125723298153126,0.5610248233589058,0.9293252060108689,0.5494227376937486,0.9333646360243222
trial_0015_bite_015_withdrawal,trial_0015_bite_015,trial_0015,withdrawal,0,B1,169,169,100.0,-2.5886156291398144,0.0878346675812236,True,True,True,True,169,1,1176,5.724099795912629,0.021660997323008857,1176,0.6222429950627915,2.166099732300884,1169,17.96184449268155,178.3511047586203,1162,2828.8511995978206,25647.945697471572,0,169,169,0.7709307107324842,0.7437121402581113,0.6366329214463612,0.9661656503980515,0.6225976717482302,0.9685431635955757
trial_0015_bite_015_withdrawal,trial_0015_bite_015,trial_0015,withdrawal,0,B2,169,169,100.0,-2.5886156291398144,0.015748937707918298,True,True,True,True,169,1,1176,5.190709308750773,0.02167604210374563,1176,0.5777119702880218,2.167604210374561,1169,17.88492416280972,178.5587397116825,1162,2825.246584633831,25672.839202745592,0,169,169,0.7579487438050186,0.7286493142731301,0.6724930488063556,0.8819892003273395,0.6623264336646919,0.8956746524123087
trial_0015_bite_015_withdrawal,trial_0015_bite_015,trial_0015,withdrawal,0,B3,169,169,100.0,-2.5886156291398144,0.0172418912152148,True,True,True,True,169,1,1176,5.268163627687795,0.02168633363468153,1176,0.5829628398716112,2.1686333634681514,1169,23.131880815600685,190.17964330691106,1162,3853.6102886940857,30595.54255435773,0,169,169,0.7538723060209294,0.7313578201770818,0.6691372858465797,0.8783634045589205,0.6584021562182318,0.8881978662382961
trial_0015_bite_015_withdrawal,trial_0015_bite_015,trial_0015,withdrawal,0,StrongLocal,169,169,100.0,-2.5886156291398144,0.040516644181733064,True,True,True,True,169,1,1176,5.255240464254953,0.021683806526433536,1176,0.5829498586852473,2.168380652643352,1169,21.52705799589064,185.94257537174886,1162,3543.130509860217,26987.529043580525,0,169,169,0.7744187045157401,0.744629463527918,0.6835111078244076,0.8971143079300001,0.6718025760044721,0.899657869235508
trial_0015_bite_015_withdrawal,trial_0015_bite_015,trial_0015,withdrawal,0,H_star,169,169,100.0,-2.5886156291398144,0.0533173589666176,True,True,True,True,169,1,1176,5.505708351143498,0.03316316901188765,1176,0.6204882159091016,3.316316901188762,1169,33.67452494809673,338.0176887003066,1162,5503.769258338982,64696.849591031205,0,169,169,0.7798114848239315,0.7588093086057097,0.6827014560140704,0.9138870545271199,0.6718025760044721,0.916514859092743
trial_0015_bite_015_withdrawal,trial_0015_bite_015,trial_0015,withdrawal,0,HumanGT,169,169,100.0,-2.5886156291398144,0.0,True,True,True,True,169,1,1176,5.114531398347903,0.0216983616826969,1176,0.5735912168988142,2.169836168269688,1169,18.236483914258894,186.69134973753964,1162,2887.086145870966,27034.8724372859,0,169,169,0.756450526279962,0.7272534131174124,0.6798025682792602,0.8592050162371818,0.6718025760044721,0.863412383702328
trial_0015_bite_016_transfer,trial_0015_bite_016,trial_0015,transfer,0,B0,156,156,100.0,-2.7715154424868516,0.0,True,True,True,True,156,1,1085,3.2377489465487423,0.014621322973594529,1085,0.39473259669699157,1.4621322973594515,1078,11.962635196450927,66.49564435641234,1071,1780.221329883751,9877.001075252665,0,156,156,0.664014848630502,0.6955236375918867,0.5692497207289774,0.7298109734895173,0.5650392346391719,0.7376250031914402
trial_0015_bite_016_transfer,trial_0015_bite_016,trial_0015,transfer,0,B1,156,156,100.0,-2.7715154424868516,0.14257290644401,True,True,True,True,156,1,1085,3.343546980267447,0.014596963373134209,1085,0.4108085580116737,1.4596963373134195,1078,12.055617961186096,66.6518130887227,1071,1794.770536927383,9881.972467667283,0,156,156,0.6931484685494282,0.736699143303536,0.5744435591458004,0.7688746748013362,0.572043318693696,0.7774675600439547
trial_0015_bite_016_transfer,trial_0015_bite_016,trial_0015,transfer,0,B2,156,156,100.0,-2.7715154424868516,0.015748937707917854,True,True,True,True,156,1,1085,3.013317283039601,0.014638219915212858,1085,0.36413058702264595,1.4638219915212844,1078,11.763714714384882,65.10567600428,1071,1749.9860001682891,9667.187074745761,0,156,156,0.5953121096144112,0.6142935710578789,0.547677666579306,0.6266052716329309,0.5457523832719127,0.6323900922463921
trial_0015_bite_016_transfer,trial_0015_bite_016,trial_0015,transfer,0,B3,156,156,100.0,-2.7715154424868516,0.017241891215214356,True,True,True,True,156,1,1085,3.0626808930043934,0.01461621902933796,1085,0.3693047805290424,1.4616219029337947,1078,14.751292529129081,78.68650545385769,1071,2316.989561281518,14131.06898935166,0,156,156,0.5899552165541749,0.6071074996982616,0.5397098429699964,0.6282472860637305,0.5380358632086051,0.6319909065004987
trial_0015_bite_016_transfer,trial_0015_bite_016,trial_0015,transfer,0,StrongLocal,156,156,100.0,-2.7715154424868516,0.02966526997324115,True,True,True,True,156,1,1085,3.020613748822023,0.014620631851479438,1085,0.3661869353248957,1.4620631851479424,1078,13.61804059405588,68.15211977950766,1071,2104.08866210935,12616.935166027224,0,156,156,0.5934831697762218,0.610205548306779,0.5436647839405683,0.6318018647913006,0.5415382400962072,0.6343988950431663
trial_0015_bite_016_transfer,trial_0015_bite_016,trial_0015,transfer,0,H_star,156,156,100.0,-2.7715154424868516,0.004304330158580338,True,True,True,True,156,1,1085,3.291381121053303,0.029226068914617098,1085,0.4179336039295212,2.922606891461707,1078,31.504890595702797,300.96054523312154,1071,5358.430376917581,58146.90301073205,0,156,156,0.5987175963734654,0.6141251314833868,0.5495063325002978,0.6268691188265898,0.5436230166020151,0.6338226404885658
trial_0015_bite_016_transfer,trial_0015_bite_016,trial_0015,transfer,0,HumanGT,156,156,100.0,-2.7715154424868516,0.0,True,True,True,True,156,1,1085,3.2565858234525167,0.014617596755794438,1085,0.39245173078324325,1.4617596755794424,1078,14.437953820518638,103.66234454780863,1071,2264.287339966138,18788.901914782917,0,156,156,0.6150606350245926,0.6414761965745487,0.5222608619054916,0.686276778907825,0.5188613900425245,0.6907224892664772
trial_0015_bite_016_withdrawal,trial_0015_bite_016,trial_0015,withdrawal,0,B0,156,156,100.0,-2.7015840381493548,0.0,True,True,True,True,156,1,1085,5.279067618213432,0.020164793682189597,1085,0.6252159685258692,2.016479368218958,1078,19.545872566731404,125.70331095262932,1071,3027.80286751838,16356.281990223166,0,156,156,0.8053967602008775,0.8379543234435278,0.5426641301577269,0.9666132867637207,0.49557164361595785,0.975216505578727
trial_0015_bite_016_withdrawal,trial_0015_bite_016,trial_0015,withdrawal,0,B1,156,156,100.0,-2.7015840381493548,0.0878346675812236,True,True,True,True,156,1,1085,5.3119209146361825,0.020419803999848437,1085,0.629180187904274,2.041980399984842,1078,19.890868951824334,127.88538992829923,1071,3085.680390635268,16725.00303148445,0,156,156,0.8477578088352999,0.8570528350283264,0.6281992437597179,0.9970625223951375,0.5833718456383021,1.005579548291613
trial_0015_bite_016_withdrawal,trial_0015_bite_016,trial_0015,withdrawal,0,B2,156,156,100.0,-2.7015840381493548,0.015748937707918298,True,True,True,True,156,1,1085,4.847289609418117,0.01747004833462462,1085,0.5802387100906921,1.7470048334624606,1078,19.745513194190252,118.58029172981044,1071,3074.274952994446,15655.036006631164,0,156,156,0.8443562003249369,0.8450878337107648,0.7120909994930844,0.9328356997421274,0.674427345552898,0.9390567684722937
trial_0015_bite_016_withdrawal,trial_0015_bite_016,trial_0015,withdrawal,0,B3,156,156,100.0,-2.7015840381493548,0.0172418912152148,True,True,True,True,156,1,1085,4.964762324534378,0.017641124934928865,1085,0.5879136693716768,1.7641124934929044,1078,24.132530534709506,129.30730948250235,1071,3928.360207398427,23354.79561267866,0,156,156,0.8398051602590613,0.8442360460148413,0.7053707806962664,0.9210214241582806,0.6685860538405208,0.9278411515115472
trial_0015_bite_016_withdrawal,trial_0015_bite_016,trial_0015,withdrawal,0,StrongLocal,156,156,100.0,-2.7015840381493548,0.06895741246052545,True,True,True,True,156,1,1085,4.931490964112836,0.018000182110829318,1085,0.5889005562945644,1.8000182110829501,1078,23.046732289116765,118.14940595662438,1071,3699.5155143153625,19837.09111634636,0,156,156,0.8571526482556129,0.8547861178865261,0.739501187256751,0.9334146234041114,0.7019255318415478,0.9407031118055063
trial_0015_bite_016_withdrawal,trial_0015_bite_016,trial_0015,withdrawal,0,H_star,156,156,100.0,-2.7015840381493548,0.08293983902325852,True,True,True,True,156,1,1085,5.2586937871102135,0.024247549021026774,1085,0.6244408377640124,2.4247549021026753,1078,37.72989188201989,264.7094528089684,1071,6445.36827711746,52662.46627756907,0,156,156,0.8542226463884055,0.8482457974521784,0.7563810670359641,0.9432763295586049,0.7205906371555297,0.9479054235072395
trial_0015_bite_016_withdrawal,trial_0015_bite_016,trial_0015,withdrawal,0,HumanGT,156,156,100.0,-2.7015840381493548,0.0,True,True,True,True,156,1,1085,4.8536021198382056,0.017830687480222096,1085,0.5871886004576748,1.783068748022208,1078,21.285705539217847,122.88076789995084,1071,3349.13925671158,17403.540449827793,0,156,156,0.8684892117163937,0.8517860982430687,0.7902245759075974,0.9573677609037345,0.7801087124195005,0.974435386547003
trial_0015_bite_017_transfer,trial_0015_bite_017,trial_0015,transfer,0,B0,160,123,76.875,-2.695725717669326,0.0,True,True,True,True,123,1,854,9.629540475684948,2.0931566735542155,854,10.31460453551658,209.31566735542137,847,1114.9610730233735,22741.6577130539,840,116659.6970218781,2373242.7479397585,1,123,123,0.5230212647456137,0.5132978420089489,0.4491681960053715,0.6201104002766209,0.35807120774653756,0.6214530462714281
trial_0015_bite_017_transfer,trial_0015_bite_017,trial_0015,transfer,0,B1,160,123,76.875,-2.695725717669326,0.1425729064440091,True,True,True,True,123,1,854,5.03895189664781,0.26159433588949743,854,1.616326350820085,26.15943358894972,847,74.11739713890769,1344.4787729181937,840,4661.1280265777905,70906.03518223064,0,123,123,0.5437313251193332,0.5397947058884331,0.47666150410910896,0.6214496983543538,0.41656223307028006,0.6242654254916067
trial_0015_bite_017_transfer,trial_0015_bite_017,trial_0015,transfer,0,B2,160,122,76.25,-2.695725717669326,0.015748937707918298,True,True,True,True,122,1,847,4.952914562179718,0.2564998822649871,847,1.6060348439758314,25.64998822649869,840,78.05109065999177,1536.0528811323502,833,6744.758396125057,131171.44165658514,0,122,122,0.49979552051607495,0.4775496231685755,0.4331099156014761,0.616560744808833,0.38478108408280143,0.6202192176696737
trial_0015_bite_017_transfer,trial_0015_bite_017,trial_0015,transfer,0,B3,160,122,76.25,-2.695725717669326,0.0172418912152148,True,True,True,True,122,1,847,4.796894211174129,0.21814453053435257,847,1.428656366980807,21.814453053435237,840,64.92546240349326,1250.7853863281682,833,5887.894278333744,107672.28386135034,0,122,122,0.5026831422569832,0.4824844153657646,0.4411879491833833,0.6129582863080251,0.394422574987356,0.6202192176696737
trial_0015_bite_017_transfer,trial_0015_bite_017,trial_0015,transfer,0,StrongLocal,160,123,76.875,-2.695725717669326,0.014073631819751853,True,True,True,True,123,1,854,9.962759342358652,2.27945985017277,854,11.207803889384945,227.9459850172768,847,1214.3687420865137,24799.99044359675,840,127341.31867030106,2593117.3926919703,1,123,123,0.5052671391332116,0.48617196337505564,0.4382109139193086,0.6134714603221643,0.36223384505309,0.6202192176696737
trial_0015_bite_017_transfer,trial_0015_bite_017,trial_0015,transfer,0,H_star,160,123,76.875,-2.695725717669326,0.04632604946523511,True,True,True,True,123,1,854,10.09455172887066,2.2232581882550257,854,10.94186490715124,222.32581882550238,847,1185.4857512265012,24193.171214100013,840,124379.0398407007,2529613.8999163313,1,123,123,0.5162467946692768,0.4986935694619825,0.4418524810365981,0.6142277867721463,0.36061822689473444,0.6202192176696737
trial_0015_bite_017_transfer,trial_0015_bite_017,trial_0015,transfer,0,HumanGT,160,123,76.875,-2.695725717669326,0.0,True,True,True,True,123,1,854,9.184029306671698,1.9326494892774517,854,9.540604528702197,193.264948927745,847,1026.226783413954,20894.963584250712,840,107257.72746470146,2178116.207448878,1,123,123,0.5210973794548645,0.5042817392667005,0.4560388697536992,0.6159764537857552,0.3557028684320527,0.6202192176696737
trial_0015_bite_017_withdrawal,trial_0015_bite_017,trial_0015,withdrawal,0,B0,178,178,100.0,-2.7148519319925573,0.0,True,True,True,True,178,1,1239,6.696491506163442,0.044218770786586425,1239,0.7176511101688114,4.4218770786586425,1232,23.072127078532635,136.2465692840245,1225,3419.750057561736,26074.055268692173,0,178,178,0.7844476222975495,0.7986889478108806,0.6422874309390622,0.8920760368070465,0.6246225095098328,0.9058499397960689
trial_0015_bite_017_withdrawal,trial_0015_bite_017,trial_0015,withdrawal,0,B1,178,178,100.0,-2.7148519319925573,0.0878346675812236,True,True,True,True,178,1,1239,6.788226836582838,0.04520097439040538,1239,0.7269818473134767,4.520097439040538,1232,23.27758906307286,136.25465191628578,1225,3452.4066214753725,26516.59908723666,0,178,178,0.8220778198196185,0.8370060398065716,0.7129413118999648,0.9183362501350555,0.6246225095098328,0.9297717387595337
trial_0015_bite_017_withdrawal,trial_0015_bite_017,trial_0015,withdrawal,0,B2,178,178,100.0,-2.7148519319925573,0.015748937707918742,True,True,True,True,178,1,1239,6.493150649395281,0.04279867553418715,1239,0.6969752198976483,4.279867553418715,1232,23.382844177726337,136.5364706338082,1225,3476.127473399883,25993.74642094317,0,178,178,0.8126924000712573,0.826844062929828,0.7236596883857678,0.8720538871995941,0.6246225095098328,0.8799321404111482
trial_0015_bite_017_withdrawal,trial_0015_bite_017,trial_0015,withdrawal,0,B3,178,178,100.0,-2.7148519319925573,0.0172418912152148,True,True,True,True,178,1,1239,6.534155276613987,0.038586494258358695,1239,0.696239650333257,3.8586494258358695,1232,29.94291971406158,203.7526970072272,1225,4857.174284652968,29222.265210995927,0,178,178,0.8064444482829701,0.8209181175862993,0.7207051133105769,0.8643053797512575,0.6246225095098328,0.8719731247111158
trial_0015_bite_017_withdrawal,trial_0015_bite_017,trial_0015,withdrawal,0,StrongLocal,178,178,100.0,-2.7148519319925573,0.07637356162702869,True,True,True,True,178,1,1239,6.506620265871489,0.03337685291949333,1239,0.6931861150427883,3.3376852919493327,1232,28.615820117775733,169.57396898179957,1225,4646.315671703869,31487.92921830015,0,178,178,0.8181391494273356,0.8385459345388954,0.7197951654351578,0.8780663603778686,0.6246225095098328,0.8854532774834032
trial_0015_bite_017_withdrawal,trial_0015_bite_017,trial_0015,withdrawal,0,H_star,178,178,100.0,-2.7148519319925573,0.09210911744986694,True,True,True,True,178,1,1239,7.008990582726435,0.04467685360396146,1239,0.7454762847097479,4.467685360396146,1232,46.3160682575307,353.2427923406882,1225,7899.487587122204,68583.53623611672,0,178,178,0.8227313595452787,0.8358852356914818,0.721039911713172,0.8806204455142335,0.6246225095098328,0.8900629839097018
trial_0015_bite_017_withdrawal,trial_0015_bite_017,trial_0015,withdrawal,0,HumanGT,178,178,100.0,-2.7148519319925573,0.0,True,True,True,True,178,1,1239,6.55520924230553,0.04356141617231302,1239,0.7004335567685617,4.356141617231302,1232,24.492421892533603,149.1568420225442,1225,3631.6433725737916,24914.880523547265,0,178,178,0.8420621710368142,0.8348187806879847,0.7184160500545428,0.9608247551440344,0.6246225095098328,0.9758668332272742
trial_0015_bite_018_transfer,trial_0015_bite_018,trial_0015,transfer,0,B0,151,73,48.34437086092716,-2.8991446407569756,0.0,True,True,True,True,73,1,504,4.285776783911194,0.32175352984792216,504,2.4324631346559413,32.175352984792184,497,130.75715930046061,1886.4124844661565,490,11196.819227090398,144165.09216454235,0,73,73,0.2692566597035927,0.2649080793758074,0.13380309889233483,0.39355676969889686,0.13166417430762856,0.3986920567645109
trial_0015_bite_018_transfer,trial_0015_bite_018,trial_0015,transfer,0,B1,151,74,49.00662251655629,-2.8991446407569756,0.14257290644401,True,True,True,True,74,1,511,8.175410379804534,1.8829166707866818,511,11.944709813120085,188.291667078668,504,1311.0314435531923,20732.64801895154,497,137878.8785120943,2167312.365643341,1,74,74,0.27929764489801695,0.28012117692301564,0.13427001008193665,0.40918563835241,0.13205822233188336,0.41454684354067073
trial_0015_bite_018_transfer,trial_0015_bite_018,trial_0015,transfer,0,B2,151,72,47.682119205298015,-2.8991446407569756,0.015748937707917854,True,True,True,True,72,1,497,4.008837823656686,0.27449316744138486,497,2.206344810965218,27.44931674413846,490,103.10496967551167,1319.1292214217954,483,8367.36749222025,65720.6459949053,0,72,72,0.2501467232175458,0.24208555374756147,0.1336856358482188,0.3594738250194966,0.13141709806800161,0.36429488928831244
trial_0015_bite_018_transfer,trial_0015_bite_018,trial_0015,transfer,0,B3,151,72,47.682119205298015,-2.8991446407569756,0.017241891215214356,True,True,True,True,72,1,497,4.15084861628046,0.3277022186315195,497,2.5136341672897826,32.77022186315192,490,131.37080548905362,1746.2298102315244,483,11320.40785615267,104663.93529775823,0,72,72,0.2434386339130583,0.2323072344868371,0.13255526025505807,0.3521183310352688,0.13023893297808975,0.35722782750184656
trial_0015_bite_018_transfer,trial_0015_bite_018,trial_0015,transfer,0,StrongLocal,151,72,47.682119205298015,-2.8991446407569756,0.0052258834593539305,True,True,True,True,72,1,497,4.2220944572942205,0.36696977964664956,497,2.736325472887704,36.696977964664924,490,147.9860077529081,2086.240684964441,483,11401.649067353032,133695.3101010473,0,72,72,0.24195960726353538,0.23082871465133792,0.13224744438788455,0.34942841591210144,0.13013622024998384,0.3543787207334317
trial_0015_bite_018_transfer,trial_0015_bite_018,trial_0015,transfer,0,H_star,151,72,47.682119205298015,-2.8991446407569756,0.03127406261362431,True,True,True,True,72,1,497,4.189662205324073,0.28850553276150936,497,2.337665453732434,28.85055327615091,490,124.55730550333742,1387.5444722532347,483,14177.59253884461,90165.50778002893,0,72,72,0.250156190356318,0.2432059360062948,0.1346045062457159,0.35752535521009243,0.13220659403227053,0.36237324705388385
trial_0015_bite_018_transfer,trial_0015_bite_018,trial_0015,transfer,0,HumanGT,151,72,47.682119205298015,-2.8991446407569756,0.0,True,True,True,True,72,1,497,4.21603372624619,0.3220402965579501,497,2.485562902941097,32.204029655794976,490,127.67997563857784,1708.6994659381423,483,10511.960692253673,98114.52272721409,0,72,72,0.2536625381453467,0.24887597083184954,0.13524060837096416,0.35536147532483203,0.13247667189677514,0.36043210167522766
trial_0015_bite_018_withdrawal,trial_0015_bite_018,trial_0015,withdrawal,0,B0,178,145,81.46067415730337,-2.7450120645988925,0.0,True,True,True,True,145,1,1008,7.0255515539740365,0.1670852240519869,1008,1.410688599978537,16.708522405198675,1001,35.861466910738976,543.9114849664375,994,3683.5599868535783,39979.52080322768,0,145,145,0.7157615109667411,0.6824005206654908,0.6060485944080843,0.8783135976809934,0.601667571075226,0.8820225685455618
trial_0015_bite_018_withdrawal,trial_0015_bite_018,trial_0015,withdrawal,0,B1,178,145,81.46067415730337,-2.7450120645988925,0.0878346675812236,True,True,True,True,145,1,1008,6.937253540422885,0.15440557503404406,1008,1.3657315046137468,15.440557503404392,1001,33.249871340603256,464.4334996376689,994,3579.462821352349,33871.15760425525,0,145,145,0.7647384029627616,0.7377544773170996,0.6774966633464288,0.9079834462652292,0.6079992414720903,0.911350609388182
trial_0015_bite_018_withdrawal,trial_0015_bite_018,trial_0015,withdrawal,0,B2,178,145,81.46067415730337,-2.7450120645988925,0.015748937707918298,True,True,True,True,145,1,1008,6.724055120803491,0.18087324231898627,1008,1.438081069349764,18.08732423189861,1001,39.657613327351726,642.2546857683244,994,3974.7255033042825,48336.346729663375,0,145,145,0.7880744768994304,0.7829497731342405,0.723633580026602,0.861036678071304,0.5954816376184981,0.8659602584510084
trial_0015_bite_018_withdrawal,trial_0015_bite_018,trial_0015,withdrawal,0,B3,178,145,81.46067415730337,-2.7450120645988925,0.017241891215215244,True,True,True,True,145,1,1008,6.876028695679096,0.19051513062777659,1008,1.4740452736607947,19.05151306277764,1001,47.84713961712182,722.6521152726267,994,5779.650896313668,56309.03923032697,0,145,145,0.7839822274447685,0.7785963015054884,0.7197932294882112,0.8581672349500497,0.5919618099361217,0.8632319454647845
trial_0015_bite_018_withdrawal,trial_0015_bite_018,trial_0015,withdrawal,0,StrongLocal,178,145,81.46067415730337,-2.7450120645988925,0.07430468519874056,True,True,True,True,145,1,1008,6.855403079432885,0.1857602274142458,1008,1.4548100735325888,18.576022741424563,1001,47.50357318655123,692.8252391011517,994,5865.856317306161,52525.882584105326,0,145,145,0.8081991654810315,0.8073314245506031,0.7217831659920109,0.8753392985191409,0.5946264806514403,0.8830304854897975
trial_0015_bite_018_withdrawal,trial_0015_bite_018,trial_0015,withdrawal,0,H_star,178,145,81.46067415730337,-2.7450120645988925,0.09395635843533734,True,True,True,True,145,1,1008,7.0822988849538895,0.17060212545907924,1008,1.4037026737901193,17.06021254590791,1001,45.4811780007898,588.1517793670499,994,5721.987919611105,41858.097288597826,0,145,145,0.8319288105882073,0.8367021196495745,0.7236590061917281,0.9057441906595819,0.5993644381561851,0.9207136413112531
trial_0015_bite_018_withdrawal,trial_0015_bite_018,trial_0015,withdrawal,0,HumanGT,178,145,81.46067415730337,-2.7450120645988925,0.0,True,True,True,True,145,1,1008,7.279932487013795,0.35426643485416953,1008,2.042692370060164,35.426643485416925,1001,99.31525904217659,2101.4623288650737,994,8867.155861389743,179711.5176125299,0,145,145,0.7855905693207609,0.7850511193302347,0.7018925444628934,0.8347906280639719,0.5615493796747342,0.838845326871374
trial_0015_bite_019_transfer,trial_0015_bite_019,trial_0015,transfer,0,B0,185,134,72.43243243243244,-2.9323915220915553,0.0,True,True,True,True,134,2,924,13.203301934869122,1.7826034925680994,924,9.67634189056041,178.26034925680977,910,1132.760638523432,19598.297843581648,896,149435.88248535513,2014084.1240100192,2,134,134,0.7105183923452724,0.7197356358747886,0.5897380134292083,0.7862443493998268,0.45181967551260493,0.7907297916301614
trial_0015_bite_019_transfer,trial_0015_bite_019,trial_0015,transfer,0,B1,185,136,73.51351351351352,-2.9323915220915553,0.14257290644401,True,True,True,True,136,2,938,13.29100396005366,1.798598184548377,938,9.352950557631255,179.85981845483752,924,1081.9248691771286,19990.859953578787,910,136716.66959032058,2092208.7335255276,2,136,136,0.7246316865957353,0.7333831731491308,0.5873908135345223,0.807840110112741,0.45188727301275766,0.8121974245816261
trial_0015_bite_019_transfer,trial_0015_bite_019,trial_0015,transfer,0,B2,185,133,71.89189189189189,-2.9323915220915553,0.015748937707917854,True,True,True,True,133,2,917,14.815957504848633,2.2070166553276294,917,12.020106330223,220.70166553276275,903,1418.8210559543186,24647.010216806866,889,188706.32949284906,2602025.9155314304,2,133,133,0.6648416595817342,0.6856189716944241,0.5560629575482937,0.7179926111742413,0.45172216847002966,0.7217260929472098
trial_0015_bite_019_transfer,trial_0015_bite_019,trial_0015,transfer,0,B3,185,133,71.89189189189189,-2.9323915220915553,0.017241891215214356,True,True,True,True,133,2,917,14.939740488899613,2.182647807584382,917,12.297593770908168,218.26478075843798,903,1454.234819501245,24354.06078136912,889,188744.64601554122,2570420.821693076,2,133,133,0.6580220438141552,0.6731660321806687,0.5638321675432837,0.7064499294136329,0.4649513953292319,0.7104367080184362
trial_0015_bite_019_transfer,trial_0015_bite_019,trial_0015,transfer,0,StrongLocal,185,133,71.89189189189189,-2.9323915220915553,0.014790635082960524,True,True,True,True,133,2,917,14.835504586025756,2.1811397075106957,917,11.93404726276686,218.1139707510694,903,1410.1625298583442,24333.05476749544,889,188477.87817802897,2567447.110320781,2,133,133,0.6568452074465814,0.6740440608019036,0.5561102030403746,0.7061576962053524,0.45171869900014827,0.7097246770237067
trial_0015_bite_019_transfer,trial_0015_bite_019,trial_0015,transfer,0,H_star,185,133,71.89189189189189,-2.9323915220915553,0.008116973911222125,True,True,True,True,133,2,917,15.532642164249001,2.2979296211759284,917,12.562044910253928,229.79296211759262,903,1483.7560678777381,25661.41818648776,889,198353.5872254526,2712147.758487213,2,133,133,0.6637394068830544,0.6821732725123164,0.5546290721455189,0.7179599794135937,0.4516913880312856,0.7206784250211626
trial_0015_bite_019_transfer,trial_0015_bite_019,trial_0015,transfer,0,HumanGT,185,132,71.35135135135135,-2.9323915220915553,0.0,True,True,True,True,132,2,910,14.863962197916605,2.0555318269331835,910,11.79712105729942,205.55318269331818,896,1385.2481220017269,22291.0240126123,882,192486.42388035668,2471511.648549563,2,132,132,0.6246671170819006,0.6451442634260214,0.5357084818177875,0.6643739331236592,0.4516660484955348,0.6678878222694973
trial_0015_bite_019_withdrawal,trial_0015_bite_019,trial_0015,withdrawal,0,B0,149,149,100.0,-2.607126173811183,0.0,True,True,True,True,149,1,1036,3.9891499322019364,0.019487528104083385,1036,0.5102079718141344,1.9487528104083367,1029,18.824838956070693,152.18646679566712,1022,2952.3397476187947,29285.954915037855,0,149,149,0.7226137762029068,0.7418061276790748,0.5940032463852767,0.8179988865447122,0.5872852964654758,0.8254837062822515
trial_0015_bite_019_withdrawal,trial_0015_bite_019,trial_0015,withdrawal,0,B1,149,149,100.0,-2.607126173811183,0.0878346675812236,True,True,True,True,149,1,1036,3.995582654392157,0.019528702187328495,1036,0.5094802662867629,1.9528702187328477,1029,19.05874190389851,151.97719684842042,1022,2993.893838314905,29374.64519303249,0,149,149,0.7607727208839569,0.758316064253096,0.6581524765892478,0.8563837864311062,0.6526959760457345,0.8616739202447086
trial_0015_bite_019_withdrawal,trial_0015_bite_019,trial_0015,withdrawal,0,B2,149,149,100.0,-2.607126173811183,0.015748937707918298,True,True,True,True,149,1,1036,3.6380647376081585,0.019377238533241137,1036,0.4708145250049472,1.937723853324112,1029,18.73616614105573,151.24907364158142,1022,2937.9900293100477,28781.456591572416,0,149,149,0.7317934283760412,0.7364737363079019,0.6521946594948054,0.7904595975785845,0.6488986441599245,0.796002359739493
trial_0015_bite_019_withdrawal,trial_0015_bite_019,trial_0015,withdrawal,0,B3,149,149,100.0,-2.607126173811183,0.0172418912152148,True,True,True,True,149,1,1036,3.7785113318037764,0.019666031655195315,1036,0.4848771123411817,1.9666031655195297,1029,25.001227012466924,167.34893317982693,1022,4036.0304778417535,28838.34482202278,0,149,149,0.735689283186174,0.7393362398181047,0.6685833446420834,0.7896694478213714,0.6604508356891916,0.8001727192846655
trial_0015_bite_019_withdrawal,trial_0015_bite_019,trial_0015,withdrawal,0,StrongLocal,149,149,100.0,-2.607126173811183,0.06408656643934618,True,True,True,True,149,1,1036,3.8186360519411964,0.018681912482972685,1036,0.4886391428028849,1.868191248297267,1029,28.242028027969614,178.4574196453389,1022,4801.189044447158,31061.9462211328,0,149,149,0.7555395301595839,0.7569547799715419,0.7012912057695135,0.8109029729535704,0.695868547039681,0.8174868081716831
trial_0015_bite_019_withdrawal,trial_0015_bite_019,trial_0015,withdrawal,0,H_star,149,149,100.0,-2.607126173811183,0.07677040551796166,True,True,True,True,149,1,1036,4.050209717844346,0.035336922660334835,1036,0.5338795177007856,3.5336922660334804,1029,42.8111327261922,380.381304179395,1022,7365.618793799544,74871.38678572958,0,149,149,0.7609265218349582,0.7577603801080315,0.7111186726464671,0.8083703721344639,0.7079453562404172,0.8182805328383482
trial_0015_bite_019_withdrawal,trial_0015_bite_019,trial_0015,withdrawal,0,HumanGT,149,149,100.0,-2.607126173811183,0.0,True,True,True,True,149,1,1036,3.7253602118716467,0.020490339800300905,1036,0.47970418940840875,2.0490339800300887,1029,20.402709028350326,152.9428668494501,1022,3240.10215735905,29604.55910584861,0,149,149,0.7776247451662479,0.7704988651947833,0.7256149128784937,0.836515793232589,0.7249056566034664,0.8436711584573402
trial_0017_bite_001_transfer,trial_0017_bite_001,trial_0017,transfer,0,B0,219,174,79.45205479452055,-2.8472487194214,0.0,True,True,True,True,174,1,1211,5.808438781859263,0.21292721865661735,1211,1.158060520124112,21.292721865661715,1204,51.37870313734662,1124.550096312429,1197,3390.200566386171,68906.11665238992,0,174,174,0.4969601454202136,0.4810822489203016,0.3838438190906807,0.6374235707351574,0.2993335660256182,0.6423150943868181
trial_0017_bite_001_transfer,trial_0017_bite_001,trial_0017,transfer,0,B1,219,175,79.90867579908677,-2.8472487194214,0.1555388982994077,True,True,True,True,175,1,1218,6.89973147751996,0.5548395195673057,1218,2.425122022011202,55.48395195673052,1211,173.32878630512593,4186.930129384189,1204,14541.629313035033,352571.051929265,0,175,175,0.5162975638244921,0.5036584352779017,0.3851360813631567,0.6670025918587963,0.2791030528027223,0.6744858765540014
trial_0017_bite_001_transfer,trial_0017_bite_001,trial_0017,transfer,0,B2,219,174,79.45205479452055,-2.8472487194214,0.009536063571808473,True,True,True,True,174,1,1211,9.813932553174972,1.7931059424288407,1211,7.429064088037032,179.31059424288392,1204,804.5516325453253,19615.15277950263,1197,83951.97158836362,2043675.1157759768,1,174,174,0.458256120460337,0.4480101357458247,0.38041610975159257,0.5682778053573735,0.17761991190777238,0.573557370231532
trial_0017_bite_001_transfer,trial_0017_bite_001,trial_0017,transfer,0,B3,219,174,79.45205479452055,-2.8472487194214,0.011621543515616395,True,True,True,True,174,1,1211,9.852045636297413,1.7626398066645195,1211,7.3067642633639975,176.2639806664518,1204,789.9137172551759,19247.658628833255,1197,82380.93724667894,2003762.3478943738,1,174,174,0.45284211564825066,0.43838831977894877,0.3711640188883987,0.5660639740324478,0.17747114937166053,0.5722464469434583
trial_0017_bite_001_transfer,trial_0017_bite_001,trial_0017,transfer,0,StrongLocal,219,174,79.45205479452055,-2.8472487194214,0.019245547261552698,True,True,True,True,174,1,1211,6.453785244069196,0.4458482544967448,1211,2.0502791906307545,44.58482544967444,1204,125.95270830042807,2960.552671157458,1197,9665.006257612247,225727.87838194412,0,174,174,0.4635902612413814,0.44984872448712454,0.37499120600999175,0.5793753739044141,0.2571055841201142,0.5854623625165989
trial_0017_bite_001_transfer,trial_0017_bite_001,trial_0017,transfer,0,H_star,219,174,79.45205479452055,-2.8472487194214,0.017064558196303814,True,True,True,True,174,1,1211,9.924971613836309,1.8052858395467626,1211,7.47762146129215,180.5285839546761,1204,809.6185428269887,19738.058219566778,1197,84416.79342597278,2054306.4347605305,1,174,174,0.45084258090832185,0.4404014405593031,0.3751244059191429,0.5620651235668707,0.1776776692969415,0.5685170976831628
trial_0017_bite_001_transfer,trial_0017_bite_001,trial_0017,transfer,0,HumanGT,219,173,78.99543378995433,-2.8472487194214,0.0,True,True,True,True,173,1,1204,5.691276259962321,0.2703899573526731,1204,1.4017383443810543,27.03899573526729,1197,66.80865291325988,1526.5393653917433,1190,4941.9888681698585,108537.98433197533,0,173,173,0.40908455394951937,0.40533185491163315,0.35866914114392257,0.47979419043750626,0.24919587911314256,0.4870691777676084
trial_0017_bite_001_withdrawal,trial_0017_bite_001,trial_0017,withdrawal,0,B0,129,129,100.0,-2.569195572093803,0.0,True,True,True,True,129,1,896,8.61100192194602,0.04518009531216727,896,1.2853032266301292,4.518009531216722,889,28.409931200153988,134.53479037005536,882,3123.994395061772,13658.851717372545,0,129,129,0.4013021709593201,0.3476494709380784,0.11445352457515537,0.7268388034826972,0.09840888351763688,0.7415171125327351
trial_0017_bite_001_withdrawal,trial_0017_bite_001,trial_0017,withdrawal,0,B1,129,129,100.0,-2.569195572093803,0.08246949644674784,True,True,True,True,129,1,896,8.691942281658198,0.04515191585968292,896,1.2863663296465588,4.515191585968288,889,28.419277861247085,132.71487308698076,882,3136.6438149184137,13872.401765952143,0,129,129,0.43340098284069045,0.37841618786877973,0.14568074288971378,0.7694997937263712,0.12295833760817487,0.7853586283917648
trial_0017_bite_001_withdrawal,trial_0017_bite_001,trial_0017,withdrawal,0,B2,129,129,100.0,-2.569195572093803,0.009536063571808917,True,True,True,True,129,1,896,8.48455486124251,0.045201691871284304,896,1.2490527257730837,4.520169187128427,889,29.03204359470045,142.6042268472758,882,3223.830150790972,15539.003843631353,0,129,129,0.4823762560395039,0.44044647530517533,0.2436908409742397,0.7781595516823835,0.21935294652100445,0.7905503577931396
trial_0017_bite_001_withdrawal,trial_0017_bite_001,trial_0017,withdrawal,0,B3,129,129,100.0,-2.569195572093803,0.01162154351561595,True,True,True,True,129,1,896,8.6548732907236,0.04520754582103681,896,1.2783650496681462,4.5207545821036765,889,35.286230898164796,226.95868358923968,882,4627.678054680913,31446.105939210072,0,129,129,0.49828001867472477,0.45514200023210627,0.24081232070409797,0.8224613550828282,0.2148277578706299,0.8342575974596915
trial_0017_bite_001_withdrawal,trial_0017_bite_001,trial_0017,withdrawal,0,StrongLocal,129,129,100.0,-2.569195572093803,0.016604947529042846,True,True,True,True,129,1,896,8.661482760250767,0.045201703338888066,896,1.2774958402560608,4.520170333888802,889,34.01803668850442,220.70011226013662,882,4444.158504645041,30300.870738125053,0,129,129,0.5022899527063617,0.4605058573720102,0.24378971830789792,0.8250778357780405,0.22082878906391468,0.836804373383008
trial_0017_bite_001_withdrawal,trial_0017_bite_001,trial_0017,withdrawal,0,H_star,129,129,100.0,-2.569195572093803,0.052070656850678354,True,True,True,True,129,1,896,8.752669955226395,0.045805976709280216,896,1.2926712316855735,4.580597670928017,889,38.98519896917229,223.63414951135104,882,5569.6844582773765,31492.28185619882,0,129,129,0.525791041912429,0.4778256739961444,0.2471328819969644,0.857600689864686,0.23475318928984112,0.8714250750369894
trial_0017_bite_001_withdrawal,trial_0017_bite_001,trial_0017,withdrawal,0,HumanGT,129,129,100.0,-2.569195572093803,0.0,True,True,True,True,129,1,896,8.49426173109482,0.04568444701879492,896,1.2612480082796869,4.568444701879488,889,30.448159821343655,154.95842245747372,882,3561.6656892987667,17763.4345701953,0,129,129,0.5298103755323375,0.4821488991182612,0.24599300199996996,0.8458307666944839,0.23475318928984112,0.8525757332940342
trial_0017_bite_002_transfer,trial_0017_bite_002,trial_0017,transfer,0,B0,167,127,76.04790419161677,-3.0518796115720064,0.0,True,True,True,True,127,1,882,8.822168304331784,1.4138715172525311,882,6.848419702258619,141.38715172525298,875,707.4563460434036,14701.073812791086,868,69306.54915978805,1423754.8688681477,1,127,127,0.4776458613583879,0.47199381713586064,0.3133253487683298,0.6452564341630983,0.19557236562211955,0.6531862452330979
trial_0017_bite_002_transfer,trial_0017_bite_002,trial_0017,transfer,0,B1,167,128,76.64670658682635,-3.0518796115720064,0.1555388982994077,True,True,True,True,128,1,889,5.4903084369275845,0.15790205602521068,889,1.1048765847468751,15.790205602521054,882,68.08956633826669,1051.8890481313185,875,7535.3847882983455,76586.64415894535,0,128,128,0.48715649214135404,0.4801824463719968,0.3197000629762078,0.6614398067276992,0.2780632841957642,0.6706571752095531
trial_0017_bite_002_transfer,trial_0017_bite_002,trial_0017,transfer,0,B2,167,123,73.65269461077844,-3.0518796115720064,0.009536063571808473,True,True,True,True,123,1,854,5.452219734727865,0.1417047962845155,854,1.241071693284375,14.170479628451536,847,93.5679608101343,1399.2886255815138,840,15825.708678171806,237734.67942358644,0,123,123,0.45843319496285956,0.4547878286006384,0.3224438666337111,0.599853007632826,0.27352943069765256,0.6068651487085115
trial_0017_bite_002_transfer,trial_0017_bite_002,trial_0017,transfer,0,B3,167,123,73.65269461077844,-3.0518796115720064,0.01162154351561595,True,True,True,True,123,1,854,5.692724775023218,0.15659467304179842,854,1.3219328227538096,15.659467304179827,847,120.14950388934058,1793.9212433892883,840,20443.5467299018,307620.57636654965,0,123,123,0.45271624445555536,0.4473341084107838,0.3227936500041779,0.5972376160031987,0.2734066445615957,0.6053508062052351
trial_0017_bite_002_transfer,trial_0017_bite_002,trial_0017,transfer,0,StrongLocal,167,124,74.25149700598801,-3.0518796115720064,0.02201725477573513,True,True,True,True,124,1,861,9.331012528500354,1.7466711587235617,861,8.519315310957312,174.66711587235602,854,889.1487676479802,18249.129115658703,847,93964.17689798822,1908193.0220438594,1,124,124,0.45677928935251266,0.45175175834024395,0.31775329784021333,0.6041372110761857,0.19020666840213352,0.6118827720131406
trial_0017_bite_002_transfer,trial_0017_bite_002,trial_0017,transfer,0,H_star,167,123,73.65269461077844,-3.0518796115720064,0.01510975471696785,True,True,True,True,123,1,854,5.436255875431324,0.1447360522109724,854,1.2853497179086972,14.473605221097229,847,105.72534650701412,1540.6008295703928,840,17729.99837996973,272357.7617818806,0,123,123,0.4505677800658631,0.4486240079088979,0.3204287623222699,0.582525584161176,0.27112087903313764,0.5897449042060954
trial_0017_bite_002_transfer,trial_0017_bite_002,trial_0017,transfer,0,HumanGT,167,119,71.25748502994011,-3.0518796115720064,0.0,True,True,True,True,119,1,826,11.206928620676527,2.5733864673901246,826,12.846511899298031,257.33864673901223,819,1445.2439707093179,29098.02874418819,812,155817.7568557193,3127057.3251686743,1,119,119,0.3842283921019058,0.3794147864798023,0.2865565255493264,0.46543272250736245,0.1699247988491681,0.4704383897031186
trial_0017_bite_002_withdrawal,trial_0017_bite_002,trial_0017,withdrawal,0,B0,90,90,100.0,-2.6014308459130007,0.0,True,True,True,True,90,1,623,6.734081003124668,0.0568244342571802,623,1.5467993182050634,5.682443425718015,616,35.23483407000276,180.73603204023675,609,4966.216898384629,27399.662978420576,0,90,90,0.4670807140210354,0.40869530383430064,0.18929277872167374,0.8425295681149861,0.16068066895965316,0.8839079265705507
trial_0017_bite_002_withdrawal,trial_0017_bite_002,trial_0017,withdrawal,0,B1,90,90,100.0,-2.6014308459130007,0.08246949644674784,True,True,True,True,90,1,623,6.738144451696327,0.05870892617745582,623,1.5496693637490526,5.870892617745577,616,35.669803556043156,190.98532862306627,609,5009.475167510127,27612.41744496526,0,90,90,0.4998312723912479,0.4341165081316456,0.24278960735868935,0.8831224730881599,0.21274896441473068,0.9196779223242686
trial_0017_bite_002_withdrawal,trial_0017_bite_002,trial_0017,withdrawal,0,B2,90,90,100.0,-2.6014308459130007,0.009536063571808473,True,True,True,True,90,1,623,6.203797686985336,0.05330943018219614,623,1.447302746028708,5.330943018219609,616,35.42433694342494,195.111549572003,609,4935.598225289261,24974.39495094868,0,90,90,0.54311075330211,0.487430134828164,0.34685359727049075,0.8836843917827241,0.3402087506917777,0.9127659591564692
trial_0017_bite_002_withdrawal,trial_0017_bite_002,trial_0017,withdrawal,0,B3,90,90,100.0,-2.6014308459130007,0.01162154351561595,True,True,True,True,90,1,623,6.597524458597986,0.05435697857853672,623,1.4970714424750464,5.435697857853667,616,55.934595878763986,243.3463650460161,609,9097.58563504497,39544.85804868126,0,90,90,0.5483550359319411,0.4983655857616469,0.3455792295066303,0.893613658620778,0.3402087506917777,0.9421744048737937
trial_0017_bite_002_withdrawal,trial_0017_bite_002,trial_0017,withdrawal,0,StrongLocal,90,90,100.0,-2.6014308459130007,0.02223471180902692,True,True,True,True,90,1,623,6.421705458037577,0.05685132549729044,623,1.4795857983976992,5.685132549729039,616,39.45227925023349,200.65872137101724,609,5621.933148854199,24986.222175318377,0,90,90,0.5528726979368845,0.5025030162527049,0.3479499618802957,0.8946084930953437,0.3402087506917777,0.9507768717068332
trial_0017_bite_002_withdrawal,trial_0017_bite_002,trial_0017,withdrawal,0,H_star,90,90,100.0,-2.6014308459130007,0.04516956178814846,True,True,True,True,90,1,623,6.336320694577841,0.05859447020362918,623,1.4629044089456493,5.8594470203629125,616,45.12686129834254,199.00559557791664,609,6904.63646485695,28509.364067930797,0,90,90,0.5585105261425225,0.5113753952895457,0.3471094770721791,0.8883503480991507,0.3402087506917777,0.9421877269381049
trial_0017_bite_002_withdrawal,trial_0017_bite_002,trial_0017,withdrawal,0,HumanGT,90,90,100.0,-2.6014308459130007,0.0,True,True,True,True,90,1,623,6.10830067946104,0.051154002809154164,623,1.422495505330481,5.115400280915412,616,36.651953786584244,198.7067763195401,609,5159.461802876507,26338.097701126277,0,90,90,0.562172478184211,0.52410151543965,0.34638973118296595,0.8809887103255396,0.3402087506917777,0.9115880968553647
trial_0017_bite_003_transfer,trial_0017_bite_003,trial_0017,transfer,0,B0,119,119,100.0,-2.5998065826522225,0.0,True,True,True,True,119,1,826,2.3027011810699793,0.010141364030175737,826,0.3589411757401279,1.0141364030175728,819,11.16145945619406,45.645862713792255,812,1742.7498190596823,7851.047266898427,0,119,119,0.4737345063959477,0.4488471592516703,0.3676294524350058,0.5916368595304841,0.3664926595797864,0.6044384969185357
trial_0017_bite_003_transfer,trial_0017_bite_003,trial_0017,transfer,0,B1,119,119,100.0,-2.5998065826522225,0.11681592532391072,True,True,True,True,119,1,826,2.3457681224066076,0.010126041660254437,826,0.3658173066956249,1.0126041660254428,819,11.140017320504583,45.66119876100663,812,1741.4269102019246,7820.933778228212,0,119,119,0.4848123099484664,0.4602149384594396,0.38598625514667007,0.5982491125328656,0.38491645546341147,0.6100989345767553
trial_0017_bite_003_transfer,trial_0017_bite_003,trial_0017,transfer,0,B2,119,119,100.0,-2.5998065826522225,0.05050497123485931,True,True,True,True,119,1,826,2.2911840989259655,0.010135380559046059,826,0.35783962240204714,1.013538055904605,819,11.014811009997242,45.56677438033666,812,1714.047315280365,7873.915630169016,0,119,119,0.4716219300973152,0.4479261196012292,0.3641334014900073,0.5883357322651569,0.3626806533289786,0.6009236007197087
trial_0017_bite_003_transfer,trial_0017_bite_003,trial_0017,transfer,0,B3,119,119,100.0,-2.5998065826522225,0.05018382972257385,True,True,True,True,119,1,826,2.4248864085179984,0.010173169147239758,826,0.3762444464409877,1.017316914723975,819,21.19609801612418,90.42062360461884,812,3743.2938307915783,16787.781696830883,0,119,119,0.4741066723110725,0.4505581217792942,0.36500503477159907,0.595163386880518,0.36351588103767796,0.6080755828854638
trial_0017_bite_003_transfer,trial_0017_bite_003,trial_0017,transfer,0,StrongLocal,119,119,100.0,-2.5998065826522225,0.08031867062688836,True,True,True,True,119,1,826,2.3686670955656126,0.01014365405063522,826,0.36847031832226407,1.0143654050635211,819,17.156693464702588,109.66886987178607,812,2973.8866025574944,17441.07167403537,0,119,119,0.47561472471662825,0.45188198858626905,0.3684888830337436,0.5955594689476048,0.3670414273933007,0.6077961000298275
trial_0017_bite_003_transfer,trial_0017_bite_003,trial_0017,transfer,0,H_star,119,119,100.0,-2.5998065826522225,0.10102663862739325,True,True,True,True,119,1,826,2.3718279505000037,0.01180525893467621,826,0.37052189761510823,1.18052589346762,819,17.167067151397983,167.4896470980777,812,2921.0664328164225,25757.48681647642,0,119,119,0.4789549835976287,0.4558812364393283,0.3754925888589161,0.5949682467017227,0.3737850359180257,0.60713729681214
trial_0017_bite_003_transfer,trial_0017_bite_003,trial_0017,transfer,0,HumanGT,119,119,100.0,-2.5998065826522225,0.0,True,True,True,True,119,1,826,2.415283953331368,0.010135857621105693,826,0.3763212835210388,1.0135857621105684,819,13.227224309983017,53.88570840639584,812,2101.004299063129,8110.085965109515,0,119,119,0.4865999233218647,0.472375008194339,0.38408202971719696,0.5879178499589112,0.38252916676288784,0.6017444597639272
trial_0017_bite_003_withdrawal,trial_0017_bite_003,trial_0017,withdrawal,0,B0,100,100,100.0,-2.63604986401756,0.0,True,True,True,True,100,1,693,7.074558120180756,0.051331383140846405,693,1.417232602736211,5.133138314084636,686,31.87015281888356,181.56914691479253,679,3421.7743710091236,18846.436696366938,0,100,100,0.49173668783498997,0.4832878400216165,0.11727991948866467,0.8431893706071684,0.09803285262793882,0.8762876434280304
trial_0017_bite_003_withdrawal,trial_0017_bite_003,trial_0017,withdrawal,0,B1,100,100,100.0,-2.63604986401756,0.08246949644674784,True,True,True,True,100,1,693,7.068743253960183,0.05072580918683833,693,1.4086884024633364,5.072580918683829,686,32.00144085701172,181.14965700558335,679,3453.0698742472214,18955.084601922805,0,100,100,0.524885517781496,0.4976507166491424,0.15069697984475328,0.8838927855419391,0.13107068915852338,0.9083747542642584
trial_0017_bite_003_withdrawal,trial_0017_bite_003,trial_0017,withdrawal,0,B2,100,100,100.0,-2.63604986401756,0.009536063571808473,True,True,True,True,100,1,693,6.6670237434126545,0.0479698594093767,693,1.318985867346741,4.796985940937666,686,31.606805123397145,171.30719226004814,679,3445.70206532532,16727.398008264907,0,100,100,0.578905473764059,0.5387053902598251,0.2709439252680764,0.8847308502682176,0.2510240379886861,0.8932699646005133
trial_0017_bite_003_withdrawal,trial_0017_bite_003,trial_0017,withdrawal,0,B3,100,100,100.0,-2.63604986401756,0.01162154351561595,True,True,True,True,100,1,693,6.7946348852947445,0.048089798837042785,693,1.34818655779657,4.808979883704274,686,38.940792665620165,200.5900623177311,679,4965.918328031133,27168.275147711287,0,100,100,0.587993289969576,0.5497167107027616,0.2672661928185168,0.9236575891615326,0.24974931885338592,0.9364065263106554
trial_0017_bite_003_withdrawal,trial_0017_bite_003,trial_0017,withdrawal,0,StrongLocal,100,100,100.0,-2.63604986401756,0.015509326502950227,True,True,True,True,100,1,693,6.773607101226888,0.04869809749886844,693,1.3437434055529138,4.86980974988684,686,36.89101487393141,194.86815536434466,679,4752.054342688993,19616.41666201614,0,100,100,0.5920543789900682,0.555020266629898,0.2777972887000003,0.9307583663608849,0.25625137180753743,0.9380996544133007
trial_0017_bite_003_withdrawal,trial_0017_bite_003,trial_0017,withdrawal,0,H_star,100,100,100.0,-2.63604986401756,0.03576375870714399,True,True,True,True,100,1,693,6.825229448170985,0.04921747367252216,693,1.342762524999777,4.921747367252212,686,40.85596207954087,166.46884986578814,679,5506.290893818904,23367.78257208299,0,100,100,0.603011621930431,0.5680997248408359,0.31642833190603237,0.9250421816162705,0.2958270828402796,0.9334670641941285
trial_0017_bite_003_withdrawal,trial_0017_bite_003,trial_0017,withdrawal,0,HumanGT,100,100,100.0,-2.63604986401756,0.0,True,True,True,True,100,1,693,6.5975833536966775,0.047567871876966976,693,1.295878254795665,4.756787187696693,686,33.47954601578482,170.79982237062165,679,3835.511562853415,25000.13801453786,0,100,100,0.5956356364553965,0.5669120003327075,0.34137124009262526,0.8644269872143887,0.32571065828597145,0.8701696604365967
trial_0017_bite_004_transfer,trial_0017_bite_004,trial_0017,transfer,0,B0,103,103,100.0,-2.649788508553158,0.0,True,True,True,True,103,1,714,3.358587790944828,0.019507816963910685,714,0.6004871972010013,1.9507816963910667,707,22.501659421783817,127.03287236580745,700,3419.1514311242504,20778.481629255573,0,103,103,0.4400050156335982,0.428827639991896,0.30191240057454527,0.5797105870900544,0.2976228796001221,0.5839111894997302
trial_0017_bite_004_transfer,trial_0017_bite_004,trial_0017,transfer,0,B1,103,103,100.0,-2.649788508553158,0.0976626873826878,True,True,True,True,103,1,714,3.2799689633025215,0.019495544581071392,714,0.5907509082245094,1.9495544581071376,707,21.64431659949753,113.15869744415129,700,3295.8933723461755,18608.226085823073,0,103,103,0.44773779705890937,0.436480184590887,0.3136795246868701,0.5875017289261922,0.3090818100430637,0.5906023995143845
trial_0017_bite_004_transfer,trial_0017_bite_004,trial_0017,transfer,0,B2,103,103,100.0,-2.649788508553158,0.0835194718325809,True,True,True,True,103,1,714,3.361669805684916,0.021185633357058364,714,0.6026037286533759,2.1185633357058347,707,22.746955486661466,129.88083700371945,700,3419.3655485832282,20546.42410417694,0,103,103,0.4337621200986189,0.4242189639758269,0.2943668360389049,0.5694974215296544,0.290268288687753,0.5730842172609141
trial_0017_bite_004_transfer,trial_0017_bite_004,trial_0017,transfer,0,B3,103,103,100.0,-2.649788508553158,0.09123454145309173,True,True,True,True,103,1,714,3.462195307746187,0.02321876907504894,714,0.6214430754577651,2.3218769075048917,707,30.32177452523802,124.13084777890026,700,5063.163045559153,21791.775956359,0,103,103,0.4388193511023591,0.42873465868685035,0.29746085012249884,0.5804990173794641,0.29332077607662743,0.5829397766192073
trial_0017_bite_004_transfer,trial_0017_bite_004,trial_0017,transfer,0,StrongLocal,103,103,100.0,-2.649788508553158,0.0892265778944692,True,True,True,True,103,1,714,3.3822308207333474,0.021801868028282993,714,0.6052796958972436,2.180186802828297,707,24.776609417908716,127.56568286626838,700,3936.6991720483984,19156.498896069024,0,103,103,0.4389191710817221,0.4290494395793658,0.29867715396049627,0.5789135799952785,0.29471915840544227,0.5811402134445289
trial_0017_bite_004_transfer,trial_0017_bite_004,trial_0017,transfer,0,H_star,103,103,100.0,-2.649788508553158,0.10071936919566671,True,True,True,True,103,1,714,3.253474654160467,0.01976480210084297,714,0.5826914790257384,1.9764802100842953,707,27.281085753868187,166.35700913793156,700,4605.984632911731,29985.79119910697,0,103,103,0.4428260012555673,0.433393499595506,0.3110091761186283,0.5753688988557213,0.3072050793169181,0.5764778594040787
trial_0017_bite_004_transfer,trial_0017_bite_004,trial_0017,transfer,0,HumanGT,103,103,100.0,-2.649788508553158,0.0,True,True,True,True,103,1,714,3.36822394196549,0.020317566419613353,714,0.6079318484404762,2.0317566419613335,707,23.6596655039052,137.25149139998092,700,3598.9606166548447,16819.324709123084,0,103,103,0.45798088291919636,0.45385754689712243,0.3181556255429703,0.6010427952012544,0.31386839079466,0.6056993294543529
trial_0017_bite_004_withdrawal,trial_0017_bite_004,trial_0017,withdrawal,0,B0,31,31,100.0,-2.69717492009407,0.0,True,True,True,True,31,1,210,2.0553246406458565,0.044051260101930716,210,1.3755564305770345,4.405126010193068,203,37.714746087927914,212.40215745349334,196,5732.514150449262,35811.266984278955,0,31,31,0.6242822584779489,0.5912444587820636,0.4755007515026195,0.8474390339106872,0.4670231323529688,0.8812078139344699
trial_0017_bite_004_withdrawal,trial_0017_bite_004,trial_0017,withdrawal,0,B1,31,31,100.0,-2.69717492009407,0.08246949644674784,True,True,True,True,31,1,210,2.0862054873198317,0.044075514853793685,210,1.3856561864545154,4.407551485379365,203,37.979051031382916,213.95586380906596,196,5760.748498004792,36145.390474492175,0,31,31,0.6305001938226689,0.5968170131456771,0.47598348583186567,0.8610099122929897,0.4670231323529688,0.8958844802024704
trial_0017_bite_004_withdrawal,trial_0017_bite_004,trial_0017,withdrawal,0,B2,31,31,100.0,-2.69717492009407,0.009536063571808473,True,True,True,True,31,1,210,2.0491553543211314,0.04411703422002766,210,1.3689318518734783,4.411703422002763,203,37.76380414297494,187.33812374945242,196,5785.905272870942,32147.396171698274,0,31,31,0.6250880808537962,0.5893792739933854,0.47538434287835196,0.8562273606617001,0.4670231323529688,0.8927723663715144
trial_0017_bite_004_withdrawal,trial_0017_bite_004,trial_0017,withdrawal,0,B3,31,31,100.0,-2.69717492009407,0.01162154351561595,True,True,True,True,31,1,210,2.1109126306956303,0.04426660072799837,210,1.3829368475551997,4.426660072799834,203,49.40872544201541,190.06621554733138,196,7825.38534787882,37907.26769396713,0,31,31,0.6233049100988453,0.5853555573280866,0.4727895121685708,0.862231959920154,0.4670231323529688,0.898397463154204
trial_0017_bite_004_withdrawal,trial_0017_bite_004,trial_0017,withdrawal,0,StrongLocal,31,31,100.0,-2.69717492009407,0.010368197358791242,True,True,True,True,31,1,210,2.1067280611651085,0.04421757507262036,210,1.3850248499333595,4.421757507262033,203,49.61746754016968,226.48961900657193,196,8082.84373424316,43373.06843027114,0,31,31,0.6252782016217178,0.5882949901960783,0.4731663271940447,0.8630087232385604,0.4670231323529688,0.8992069742622508
trial_0017_bite_004_withdrawal,trial_0017_bite_004,trial_0017,withdrawal,0,H_star,31,31,100.0,-2.69717492009407,0.029255348982597518,True,True,True,True,31,1,210,2.1344462775181605,0.0441776828631415,210,1.3905066831502624,4.417768286314146,203,54.342640434599474,291.5158656916991,196,9007.266652419316,47802.862024946495,0,31,31,0.6209434796546945,0.583389144729022,0.47113266315609037,0.8558604073536142,0.4670231323529688,0.8926352043569494
trial_0017_bite_004_withdrawal,trial_0017_bite_004,trial_0017,withdrawal,0,HumanGT,31,31,100.0,-2.69717492009407,0.0,True,True,True,True,31,1,210,2.037834701759597,0.04408150000793576,210,1.3608215995182382,4.408150000793572,203,39.50187426932473,253.25300175191913,196,6190.123808037986,40933.05294780161,0,31,31,0.6166347178324635,0.5830634337826499,0.4747622771976485,0.8341221402642471,0.4670231323529688,0.8712988867969838
trial_0017_bite_004_withdrawal,trial_0017_bite_004,trial_0017,withdrawal,1,B0,1,1,100.0,-2.700976195904477,0.0,True,True,True,True,1,1,0,0.0,,0,,,0,,,0,,,0,1,1,0.9439585376534203,0.9439585376534203,0.9439585376534203,0.9439585376534203,0.9439585376534203,0.9439585376534203
trial_0017_bite_004_withdrawal,trial_0017_bite_004,trial_0017,withdrawal,1,B1,1,1,100.0,-2.700976195904477,0.11917564791310387,True,True,True,True,1,1,0,0.0,,0,,,0,,,0,,,0,1,1,0.9439585376534203,0.9439585376534203,0.9439585376534203,0.9439585376534203,0.9439585376534203,0.9439585376534203
trial_0017_bite_004_withdrawal,trial_0017_bite_004,trial_0017,withdrawal,1,B2,1,1,100.0,-2.700976195904477,0.061063396886406274,True,True,True,True,1,1,0,0.0,,0,,,0,,,0,,,0,1,1,0.9439585376534203,0.9439585376534203,0.9439585376534203,0.9439585376534203,0.9439585376534203,0.9439585376534203
trial_0017_bite_004_withdrawal,trial_0017_bite_004,trial_0017,withdrawal,1,B3,1,1,100.0,-2.700976195904477,0.09529387061382932,True,True,True,True,1,1,0,0.0,,0,,,0,,,0,,,0,1,1,0.9439585376534203,0.9439585376534203,0.9439585376534203,0.9439585376534203,0.9439585376534203,0.9439585376534203
trial_0017_bite_004_withdrawal,trial_0017_bite_004,trial_0017,withdrawal,1,StrongLocal,1,1,100.0,-2.700976195904477,0.07176253611204819,True,True,True,True,1,1,0,0.0,,0,,,0,,,0,,,0,1,1,0.9439585376534203,0.9439585376534203,0.9439585376534203,0.9439585376534203,0.9439585376534203,0.9439585376534203
trial_0017_bite_004_withdrawal,trial_0017_bite_004,trial_0017,withdrawal,1,H_star,1,1,100.0,-2.700976195904477,0.042975521476416034,True,True,True,True,1,1,0,0.0,,0,,,0,,,0,,,0,1,1,0.9439585376534203,0.9439585376534203,0.9439585376534203,0.9439585376534203,0.9439585376534203,0.9439585376534203
trial_0017_bite_004_withdrawal,trial_0017_bite_004,trial_0017,withdrawal,1,HumanGT,1,1,100.0,-2.700976195904477,0.0,True,True,True,True,1,1,0,0.0,,0,,,0,,,0,,,0,1,1,0.9439585376534203,0.9439585376534203,0.9439585376534203,0.9439585376534203,0.9439585376534203,0.9439585376534203
trial_0017_bite_004_withdrawal,trial_0017_bite_004,trial_0017,withdrawal,2,B0,1,1,100.0,-2.7683398983929988,0.0,True,True,True,True,1,1,0,0.0,,0,,,0,,,0,,,0,1,1,0.7793163551871316,0.7793163551871316,0.7793163551871316,0.7793163551871316,0.7793163551871316,0.7793163551871316
trial_0017_bite_004_withdrawal,trial_0017_bite_004,trial_0017,withdrawal,2,B1,1,1,100.0,-2.7683398983929988,0.12457361136403833,True,True,True,True,1,1,0,0.0,,0,,,0,,,0,,,0,1,1,0.7793163551871316,0.7793163551871316,0.7793163551871316,0.7793163551871316,0.7793163551871316,0.7793163551871316
trial_0017_bite_004_withdrawal,trial_0017_bite_004,trial_0017,withdrawal,2,B2,1,1,100.0,-2.7683398983929988,0.10253547997054557,True,True,True,True,1,1,0,0.0,,0,,,0,,,0,,,0,1,1,0.7793163551871316,0.7793163551871316,0.7793163551871316,0.7793163551871316,0.7793163551871316,0.7793163551871316
trial_0017_bite_004_withdrawal,trial_0017_bite_004,trial_0017,withdrawal,2,B3,1,1,100.0,-2.7683398983929988,0.15488413239224164,True,True,True,True,1,1,0,0.0,,0,,,0,,,0,,,0,1,1,0.7793163551871316,0.7793163551871316,0.7793163551871316,0.7793163551871316,0.7793163551871316,0.7793163551871316
trial_0017_bite_004_withdrawal,trial_0017_bite_004,trial_0017,withdrawal,2,StrongLocal,1,1,100.0,-2.7683398983929988,0.13031480612941104,True,True,True,True,1,1,0,0.0,,0,,,0,,,0,,,0,1,1,0.7793163551871316,0.7793163551871316,0.7793163551871316,0.7793163551871316,0.7793163551871316,0.7793163551871316
trial_0017_bite_004_withdrawal,trial_0017_bite_004,trial_0017,withdrawal,2,H_star,1,1,100.0,-2.7683398983929988,0.1059742165496802,True,True,True,True,1,1,0,0.0,,0,,,0,,,0,,,0,1,1,0.7793163551871316,0.7793163551871316,0.7793163551871316,0.7793163551871316,0.7793163551871316,0.7793163551871316
trial_0017_bite_004_withdrawal,trial_0017_bite_004,trial_0017,withdrawal,2,HumanGT,1,1,100.0,-2.7683398983929988,0.0,True,True,True,True,1,1,0,0.0,,0,,,0,,,0,,,0,1,1,0.7793163551871316,0.7793163551871316,0.7793163551871316,0.7793163551871316,0.7793163551871316,0.7793163551871316
trial_0017_bite_004_withdrawal,trial_0017_bite_004,trial_0017,withdrawal,3,B0,60,60,100.0,-2.8334649906712204,0.0,True,True,True,True,60,1,413,3.2976184550431737,0.04601762375129593,413,1.1304226350268838,4.601762375129589,406,21.96600698006354,92.8005217924649,399,1976.181115997318,8383.178350695907,0,60,60,0.31181840094967594,0.2607424775827586,0.14368159809571052,0.6263555283478544,0.143268961443076,0.6818915238571339
trial_0017_bite_004_withdrawal,trial_0017_bite_004,trial_0017,withdrawal,3,B1,60,60,100.0,-2.8334649906712204,0.1288919821247858,True,True,True,True,60,1,413,3.098773861221719,0.04564837645231368,413,1.0852579171919736,4.564837645231363,406,21.904782059962226,93.54815789755219,399,1978.0821986587866,8357.039425435192,0,60,60,0.3307891834250624,0.283210772863587,0.17166171173541694,0.6262914221560427,0.17082412653545465,0.6818915238571339
trial_0017_bite_004_withdrawal,trial_0017_bite_004,trial_0017,withdrawal,3,B2,60,60,100.0,-2.8334649906712204,0.1417173092016375,True,True,True,True,60,1,413,2.662294363439681,0.04287981479063774,413,0.926300998082926,4.28798147906377,406,21.838985416789633,99.75551329652224,399,2017.00725254663,8998.324076810008,0,60,60,0.4196927891168097,0.3974982287530263,0.26930785777270655,0.6257888096937989,0.266665211684707,0.6818915238571339
trial_0017_bite_004_withdrawal,trial_0017_bite_004,trial_0017,withdrawal,3,B3,60,60,100.0,-2.8334649906712204,0.20782544673744363,True,True,True,True,60,1,413,2.943825787010659,0.04197728711169102,413,0.9941078212993326,4.197728711169098,406,25.323099673289825,110.25888825484637,399,2657.6173721741084,10250.379619781608,0,60,60,0.38866819086112275,0.34965911374486325,0.22910111194601762,0.6257076185666126,0.2249349644939289,0.6818915238571339
trial_0017_bite_004_withdrawal,trial_0017_bite_004,trial_0017,withdrawal,3,StrongLocal,60,60,100.0,-2.8334649906712204,0.17763589953295966,True,True,True,True,60,1,413,2.8519816827284177,0.04266797172286996,413,0.9746265374305161,4.266797172286992,406,25.038828039965637,111.83936545308157,399,2683.5982919018757,9949.875367141685,0,60,60,0.39762732425980285,0.3643706036176383,0.2399219671105968,0.6257349171808583,0.23789971017312928,0.6818915238571339
trial_0017_bite_004_withdrawal,trial_0017_bite_004,trial_0017,withdrawal,3,H_star,60,60,100.0,-2.8334649906712204,0.15260080774486484,True,True,True,True,60,1,413,2.6343495011772227,0.04268935894966041,413,0.9224369920712454,4.268935894966037,406,27.919108188148826,127.70290603244283,399,3325.146720660566,19145.5348588025,0,60,60,0.4389516195384944,0.4167550546605131,0.30476204343318813,0.6257113871024459,0.3020501515234977,0.6818915238571339
trial_0017_bite_004_withdrawal,trial_0017_bite_004,trial_0017,withdrawal,3,HumanGT,60,60,100.0,-2.8334649906712204,0.0,True,True,True,True,60,1,413,2.4189058185223207,0.039743883592663565,413,0.8429605837305245,3.974388359266353,406,21.976207524623877,96.40349160156201,399,2160.7286888753374,9508.372659410456,0,60,60,0.479969078737703,0.45954646712903857,0.3739056258711744,0.6252277573550798,0.371483334914243,0.6818915238571339
trial_0017_bite_005_transfer,trial_0017_bite_005,trial_0017,transfer,0,B0,190,190,100.0,-2.8970748216622018,0.0,True,True,True,True,190,1,1323,6.4903145982224455,0.02457205275009766,1323,0.6057523265837315,2.457205275009764,1316,22.87099428094872,166.73612843357301,1309,3429.5517367815214,26112.05522421571,0,190,190,0.525202883038854,0.492571302570854,0.3310322537842444,0.7839662149261568,0.32625893362854885,0.8035927822905862
trial_0017_bite_005_transfer,trial_0017_bite_005,trial_0017,transfer,0,B1,190,190,100.0,-2.8970748216622018,0.1555388982994077,True,True,True,True,190,1,1323,6.452568717772645,0.020022632071027502,1323,0.5985241976357951,2.0022632071027484,1316,19.945822150547603,110.97772492004924,1309,3063.638244523222,16481.254059847084,0,190,190,0.5428306772333275,0.5094338352616634,0.3475009318897673,0.8114258311523166,0.3420370758658908,0.833327610366279
trial_0017_bite_005_transfer,trial_0017_bite_005,trial_0017,transfer,0,B2,190,190,100.0,-2.8970748216622018,0.009536063571808473,True,True,True,True,190,1,1323,6.733473967547467,0.04394651955905515,1323,0.6696102013183558,4.394651955905512,1316,31.655045216234836,306.94278448626994,1309,4484.967736897626,49100.94410745158,0,190,190,0.4769373552105032,0.4487945785070261,0.2897194611144138,0.7022646135155991,0.2853829385999074,0.7195561533429515
trial_0017_bite_005_transfer,trial_0017_bite_005,trial_0017,transfer,0,B3,190,190,100.0,-2.8970748216622018,0.01162154351561595,True,True,True,True,190,1,1323,6.890428844851509,0.05179482468464869,1323,0.6933714755228323,5.179482468464864,1316,39.37612917528789,373.608140584673,1309,5827.9220194510735,63633.71204568852,0,190,190,0.4690321317095269,0.43711445973853513,0.28897863699755366,0.6950446657899018,0.2844071708085085,0.7140681720307986
trial_0017_bite_005_transfer,trial_0017_bite_005,trial_0017,transfer,0,StrongLocal,190,190,100.0,-2.8970748216622018,0.01088584905960932,True,True,True,True,190,1,1323,6.711976168513866,0.03952351184270175,1323,0.6552658728024021,3.9523511842701717,1316,31.82121392873779,289.0663659872978,1309,4617.867148786879,44827.64915536197,0,190,190,0.47917256892249105,0.4479965024161865,0.29629481981682776,0.7078455873922669,0.2918085095850973,0.7278351236365659
trial_0017_bite_005_transfer,trial_0017_bite_005,trial_0017,transfer,0,H_star,190,190,100.0,-2.8970748216622018,0.006097099143298923,True,True,True,True,190,1,1323,6.653223977404262,0.041101271298463526,1323,0.663775153762043,4.110127129846349,1316,34.599341398453575,295.21832208504406,1309,5091.967700393209,44838.092810295486,0,190,190,0.467035201526561,0.439724912676029,0.29106680640439075,0.6797503067786778,0.2863015492499974,0.6998587679132338
trial_0017_bite_005_transfer,trial_0017_bite_005,trial_0017,transfer,0,HumanGT,190,190,100.0,-2.8970748216622018,0.0,True,True,True,True,190,1,1323,6.566105839786461,0.04344054798489361,1323,0.6478635901654034,4.344054798489357,1316,33.14889084264477,311.6738864552521,1309,4948.228717737988,49964.08412278429,0,190,190,0.47074006532800805,0.44253377526644055,0.297976877002428,0.6883574963070843,0.2936769504953407,0.7110607198588452
trial_0017_bite_005_withdrawal,trial_0017_bite_005,trial_0017,withdrawal,0,B0,79,79,100.0,-2.6922959206091432,0.0,True,True,True,True,79,1,546,4.041139839299374,0.022527033291686926,546,0.9281018297047733,2.2527033291686904,539,17.996642421526293,88.08249403428273,532,2212.945563695298,12354.780883937701,0,79,79,0.6706163966368722,0.6764632995481765,0.4409957102748061,0.8751190831666041,0.42789986013697145,0.8963489455813765
trial_0017_bite_005_withdrawal,trial_0017_bite_005,trial_0017,withdrawal,0,B1,79,79,100.0,-2.6922959206091432,0.08246949644674784,True,True,True,True,79,1,546,4.023782161970521,0.02253663672225059,546,0.9215758472263956,2.253663672225057,539,18.176879824280544,88.41860312319031,532,2232.183469964406,12407.173736373781,0,79,79,0.6903163780102299,0.7054382571997095,0.44182518553883227,0.8999371713660469,0.42789986013697145,0.9158015433912219
trial_0017_bite_005_withdrawal,trial_0017_bite_005,trial_0017,withdrawal,0,B2,79,79,100.0,-2.6922959206091432,0.009536063571808917,True,True,True,True,79,1,546,3.8205196890162005,0.02254821298167453,546,0.8839738604469941,2.254821298167451,539,18.18191693728048,83.38326653089636,532,2219.1509471627205,11802.273700516776,0,79,79,0.6907866633840996,0.7130223562520541,0.4409361856893235,0.8913696467667411,0.42789986013697145,0.9072089930239029
trial_0017_bite_005_withdrawal,trial_0017_bite_005,trial_0017,withdrawal,0,B3,79,79,100.0,-2.6922959206091432,0.01162154351561595,True,True,True,True,79,1,546,3.7304006523403657,0.02253630211342461,546,0.8699572505674842,2.253630211342459,539,22.281375172365326,89.57287186225571,532,3076.8789766777813,11029.270635624745,0,79,79,0.6984281344911615,0.7329231913806185,0.4395920923709128,0.8953466661102777,0.42789986013697145,0.9127476379427932
trial_0017_bite_005_withdrawal,trial_0017_bite_005,trial_0017,withdrawal,0,StrongLocal,79,79,100.0,-2.6922959206091432,0.014210544144043435,True,True,True,True,79,1,546,3.754828859907228,0.022535754586584744,546,0.8722762826652337,2.253575458658472,539,23.066413034770953,92.38980785185352,532,3276.0632880264707,11366.476048301847,0,79,79,0.7024941110090782,0.7394315733762848,0.4400882736875385,0.9024129553856609,0.42789986013697145,0.9202235252526094
trial_0017_bite_005_withdrawal,trial_0017_bite_005,trial_0017,withdrawal,0,H_star,79,79,100.0,-2.6922959206091432,0.03446286771135654,True,True,True,True,79,1,546,3.7745652609743487,0.022510698809381502,546,0.8749879424882274,2.251069880938148,539,28.903447215098318,125.34949177120508,532,4415.169222222157,21206.389208840053,0,79,79,0.7047741677191794,0.7487753439129614,0.438749337239702,0.906618761127073,0.42789986013697145,0.9190454573060665
trial_0017_bite_005_withdrawal,trial_0017_bite_005,trial_0017,withdrawal,0,HumanGT,79,79,100.0,-2.6922959206091432,0.0,True,True,True,True,79,1,546,3.758712169568822,0.022502956261299722,546,0.8723031452710528,2.25029562612997,539,22.961251603707762,140.13285366531545,532,3253.8449464777436,15436.032787228007,0,79,79,0.6665499039009307,0.6779761234547008,0.441333380831896,0.8509311719829447,0.42789986013697145,0.8687939987665123
trial_0017_bite_006_transfer,trial_0017_bite_006,trial_0017,transfer,0,B0,38,38,100.0,-2.911077811093604,0.0,True,True,True,True,38,1,259,0.5661927750041555,0.009147077507347223,259,0.3034722918651549,0.9147077507347215,252,11.40130542621793,37.21714245354518,245,1778.4470139625578,5679.321667240829,0,38,38,0.5794683527072708,0.5778216691309891,0.5635520623259191,0.5929375511997674,0.5620291709785887,0.5950020589060927
trial_0017_bite_006_transfer,trial_0017_bite_006,trial_0017,transfer,0,B1,38,38,100.0,-2.911077811093604,0.1555388982994077,True,True,True,True,38,1,259,0.6034995650980641,0.009675893083729958,259,0.3218022855746021,0.967589308372995,252,11.432295179268703,37.381325345618045,245,1782.8051697128924,5685.334784121025,0,38,38,0.5876553062498571,0.5906400469522537,0.5761664405420508,0.5948883819571539,0.5743393387509357,0.5950020589060927
trial_0017_bite_006_transfer,trial_0017_bite_006,trial_0017,transfer,0,B2,38,38,100.0,-2.911077811093604,0.009536063571808473,True,True,True,True,38,1,259,0.5309634840240991,0.0073691393663879445,259,0.273720128374207,0.7369139366387938,252,11.335684696549052,33.13609909177731,245,1767.8051757630346,5524.48729263588,0,38,38,0.5639911198205064,0.5623779904930045,0.5391776253955595,0.591363928366461,0.5386174312517109,0.5950020589060927
trial_0017_bite_006_transfer,trial_0017_bite_006,trial_0017,transfer,0,B3,38,38,100.0,-2.911077811093604,0.01162154351561595,True,True,True,True,38,1,259,0.5773788346881179,0.012895723748781007,259,0.2967546585960348,1.2895723748781007,252,18.222285121460246,119.54952495903504,245,2438.890292001683,12783.55392209396,0,38,38,0.5540232240419369,0.5535058925690952,0.5254500413877133,0.5832423659900963,0.5225322386166136,0.5950020589060927
trial_0017_bite_006_transfer,trial_0017_bite_006,trial_0017,transfer,0,StrongLocal,38,38,100.0,-2.911077811093604,0.008742641653473271,True,True,True,True,38,1,259,0.559491000867945,0.008926204742599086,259,0.2879393280012748,0.8926204742599086,252,15.926161070809636,84.1600153678268,245,2298.3144460221333,9880.003727474663,0,38,38,0.5616425534793468,0.5607478548860064,0.5378101951898744,0.5863334420505564,0.5365032578028985,0.5950020589060927
trial_0017_bite_006_transfer,trial_0017_bite_006,trial_0017,transfer,0,H_star,38,38,100.0,-2.911077811093604,0.009129448330552847,True,True,True,True,38,1,259,0.5752326572846513,0.010455282358855289,259,0.2932662690250868,1.045528235885528,252,19.843248259009655,81.16628049417594,245,3190.6950923901727,13061.789813580717,0,38,38,0.561576481976139,0.5596930754788837,0.5376133113636141,0.5867195649745939,0.5365051298422241,0.5950020589060927
trial_0017_bite_006_transfer,trial_0017_bite_006,trial_0017,transfer,0,HumanGT,38,38,100.0,-2.911077811093604,0.0,True,True,True,True,38,1,259,0.5834394312314262,0.008915631046609418,259,0.3074430946298772,0.8915631046609435,252,13.51572731474747,35.724837077235854,245,2156.3244994382576,6413.716210539096,0,38,38,0.5781193622061632,0.5785969975218128,0.5630382028113349,0.5914631370989677,0.5618225499164609,0.5950020589060927
trial_0017_bite_006_transfer,trial_0017_bite_006,trial_0017,transfer,1,B0,122,122,100.0,-2.8089723211004394,0.0,True,True,True,True,122,1,847,3.257879946919856,0.017675071345467863,847,0.5167617644173301,1.7675071345467848,840,18.891132246047196,111.401049047992,833,2739.05709769945,17560.461517775973,0,122,122,0.6398061558345521,0.5885499684838904,0.5340576584951722,0.8248191422646302,0.5323321666033562,0.8426806359779047
trial_0017_bite_006_transfer,trial_0017_bite_006,trial_0017,transfer,1,B1,122,122,100.0,-2.8089723211004394,0.11783529706494411,True,True,True,True,122,1,847,3.3845590412063804,0.017654693789369343,847,0.5342936242447505,1.7654693789369327,840,19.097142662954084,112.578676761945,833,2769.7369693776454,17737.80642423834,0,122,122,0.6503905659150456,0.5992246604960827,0.5506733648369064,0.8301717560013481,0.5481650078877083,0.8468246610200625
trial_0017_bite_006_transfer,trial_0017_bite_006,trial_0017,transfer,1,B2,122,122,100.0,-2.8089723211004394,0.1093192898018307,True,True,True,True,122,1,847,3.0302433118744956,0.017661993963280942,847,0.4774105282760381,1.7661993963280926,840,18.27758784565238,97.60604029795488,833,2651.226914919429,15254.695543469546,0,122,122,0.6127025476591115,0.559724305186196,0.501996959440606,0.8030693064847905,0.5006735938367832,0.8201568524609861
trial_0017_bite_006_transfer,trial_0017_bite_006,trial_0017,transfer,1,B3,122,122,100.0,-2.8089723211004394,0.14003163166656618,True,True,True,True,122,1,847,3.1890690025500597,0.017732231958516035,847,0.49995045195988697,1.7732231958516018,840,23.256931659508652,115.64014190949193,833,3579.156304385732,21548.315699809697,0,122,122,0.6217016448050828,0.569426828227479,0.5102882860542766,0.8104108869005985,0.5089242771045246,0.8271032396639937
trial_0017_bite_006_transfer,trial_0017_bite_006,trial_0017,transfer,1,StrongLocal,122,122,100.0,-2.8089723211004394,0.13404898176551772,True,True,True,True,122,1,847,3.2252591177405883,0.017617008572015536,847,0.5012285485842917,1.761700857201552,840,24.730216588503882,122.45912794147418,833,3883.1893332140376,20572.856995866696,0,122,122,0.621685733577233,0.5689979676847718,0.5117896817836166,0.8093324092874833,0.5102419235112121,0.8261549903652745
trial_0017_bite_006_transfer,trial_0017_bite_006,trial_0017,transfer,1,H_star,122,122,100.0,-2.8089723211004394,0.14298138216354506,True,True,True,True,122,1,847,3.2623143357535085,0.017639402053257314,847,0.5007368380381962,1.7639402053257298,840,28.500763009078714,187.10213020272283,833,4550.872398152148,26983.32331931967,0,122,122,0.6121785319743864,0.5620050472835119,0.5036727396385483,0.7949584143497087,0.5026955606645149,0.8134339504530086
trial_0017_bite_006_transfer,trial_0017_bite_006,trial_0017,transfer,1,HumanGT,122,122,100.0,-2.8089723211004394,0.0,True,True,True,True,122,1,847,3.095715184753488,0.017641688560845914,847,0.4839161340607571,1.7641688560845898,840,19.15000086361661,115.59697298865615,833,2813.707363147558,18357.159563925983,0,122,122,0.6180923786066778,0.5698510072647278,0.511894081047891,0.7960297614772796,0.5100283527832605,0.814610362006448
trial_0017_bite_006_withdrawal,trial_0017_bite_006,trial_0017,withdrawal,0,B0,28,28,100.0,-2.6984690372805895,0.0,True,True,True,True,28,1,189,1.2478869833731392,0.031858136478526866,189,0.9233592758216169,3.185813647852684,182,23.663203555062143,94.35374151125055,175,3254.6775058086664,13925.279289314765,0,28,28,0.6427513935451741,0.6224644776254422,0.5508601126105552,0.7826176509267097,0.5481547092693049,0.8055471779291521
trial_0017_bite_006_withdrawal,trial_0017_bite_006,trial_0017,withdrawal,0,B1,28,28,100.0,-2.6984690372805895,0.08246949644674828,True,True,True,True,28,1,189,1.238581228620904,0.0318771684464183,189,0.9220725309433034,3.1877168446418276,182,23.805868494831877,93.48547882335635,175,3264.147405967754,13947.618488354701,0,28,28,0.6476931756015055,0.6270475160404487,0.5512844430269211,0.7929228102793271,0.5481547092693049,0.816616869098536
trial_0017_bite_006_withdrawal,trial_0017_bite_006,trial_0017,withdrawal,0,B2,28,28,100.0,-2.6984690372805895,0.009536063571808917,True,True,True,True,28,1,189,1.1869129146916428,0.03195518011600296,189,0.8986391354916097,3.195518011600293,182,23.489020972405445,94.713618249358,175,3264.036261148537,13425.527797088913,0,28,28,0.6414023867264588,0.6184007570775876,0.5510604311786584,0.786913191995783,0.5481547092693049,0.8126058782048915
trial_0017_bite_006_withdrawal,trial_0017_bite_006,trial_0017,withdrawal,0,B3,28,28,100.0,-2.6984690372805895,0.01162154351561595,True,True,True,True,28,1,189,1.2208739261748516,0.0319498490949659,189,0.9182598706960977,3.194984909496587,182,35.66747530155149,121.53676628174442,175,5256.423299642325,15877.846694318412,0,28,28,0.6371927455956582,0.6111425352579141,0.5486005395096136,0.7903727137234602,0.5472897111302677,0.8152586706888787
trial_0017_bite_006_withdrawal,trial_0017_bite_006,trial_0017,withdrawal,0,StrongLocal,28,28,100.0,-2.6984690372805895,0.02178962533953621,True,True,True,True,28,1,189,1.1949991395384778,0.031953867775630584,189,0.9081024966327602,3.195386777563056,182,33.69014515910614,109.67801990244841,175,5363.664917874056,17817.037667623696,0,28,28,0.6406312832111659,0.6146617225912934,0.5493571351321577,0.7952317546401163,0.5481547092693049,0.8208111320722375
trial_0017_bite_006_withdrawal,trial_0017_bite_006,trial_0017,withdrawal,0,H_star,28,28,100.0,-2.6984690372805895,0.04120009005308933,True,True,True,True,28,1,189,1.2195143813014915,0.03202206692690179,189,0.9064091209136445,3.2022066926901767,182,35.35631545993051,109.32677296009466,175,5912.928112108818,20903.62334075429,0,28,28,0.6359165212483495,0.6105603928799854,0.5488615224062343,0.7860353323863907,0.5481547092693049,0.8136216581286311
trial_0017_bite_006_withdrawal,trial_0017_bite_006,trial_0017,withdrawal,0,HumanGT,28,28,100.0,-2.6984690372805895,0.0,True,True,True,True,28,1,189,1.2037837291074966,0.03200147469023573,189,0.8982081997936666,3.2001474690235705,182,23.761714907558577,96.19537924097983,175,3320.9438208882198,13945.514509512392,0,28,28,0.6330305103342173,0.6050482438515652,0.5502362677536922,0.7785576294980797,0.5481547092693049,0.8052959667977753
trial_0017_bite_006_withdrawal,trial_0017_bite_006,trial_0017,withdrawal,1,B0,80,80,100.0,-2.892477004230347,0.0,True,True,True,True,80,1,553,4.634119687745238,0.05182873641041397,553,1.3317610467274275,5.182873641041392,546,28.45457001258061,135.2225002468097,539,2374.9414020479794,10478.470818926031,0,80,80,0.2832318666929336,0.1832410479388511,0.1508923324370347,0.6164789717605322,0.15046520925435947,0.6895133360772248
trial_0017_bite_006_withdrawal,trial_0017_bite_006,trial_0017,withdrawal,1,B1,80,80,100.0,-2.892477004230347,0.11886457883288104,True,True,True,True,80,1,553,4.557275057602664,0.051596708047799915,553,1.3052505234596206,5.159670804779987,546,28.347901657265368,134.34468098447257,539,2371.5720232279923,10524.82536893515,0,80,80,0.2923914979412386,0.19364679827233644,0.165033604343778,0.6164009814812194,0.16340825225748157,0.6895133360772248
trial_0017_bite_006_withdrawal,trial_0017_bite_006,trial_0017,withdrawal,1,B2,80,80,100.0,-2.892477004230347,0.11959033980712386,True,True,True,True,80,1,553,3.927344106787367,0.04930540875128475,553,1.1032751336505107,4.930540875128471,546,26.96533219896497,116.81899572027788,539,2343.4042034107897,11492.61152302025,0,80,80,0.36869074963788,0.29065482080078275,0.24578231064872258,0.6192077361763282,0.24130532795973636,0.6895133360772248
trial_0017_bite_006_withdrawal,trial_0017_bite_006,trial_0017,withdrawal,1,B3,80,80,100.0,-2.892477004230347,0.1869696681487354,True,True,True,True,80,1,553,4.148433592407568,0.047750843598705295,553,1.1422745703005217,4.775084359870525,546,27.209888155398794,107.55285583987177,539,2618.1350205775893,13846.742971908874,0,80,80,0.3468339982134406,0.25745163416255223,0.2138415544798439,0.621253701789023,0.21122283693743094,0.6895133360772248
trial_0017_bite_006_withdrawal,trial_0017_bite_006,trial_0017,withdrawal,1,StrongLocal,80,80,100.0,-2.892477004230347,0.15122772531042328,True,True,True,True,80,1,553,4.086267577738131,0.04817060611203417,553,1.1328752259597445,4.817060611203413,546,26.805396329555002,111.53106590629828,539,2540.899207196034,12368.565905295418,0,80,80,0.35082101896406626,0.26293070321025735,0.2198807891793843,0.6212774074834287,0.2160092077903475,0.6895133360772248
trial_0017_bite_006_withdrawal,trial_0017_bite_006,trial_0017,withdrawal,1,H_star,80,80,100.0,-2.892477004230347,0.123633562258612,True,True,True,True,80,1,553,3.9130414187051006,0.04810026797410316,553,1.0812267517529042,4.810026797410312,546,28.477690349265732,128.1422184967782,539,3033.845110038431,19625.864383139684,0,80,80,0.3846905239289047,0.31145655145997064,0.26167496957082026,0.6279238026327533,0.25692681519155935,0.6895133360772248
trial_0017_bite_006_withdrawal,trial_0017_bite_006,trial_0017,withdrawal,1,HumanGT,80,80,100.0,-2.892477004230347,0.0,True,True,True,True,80,1,553,3.7816466678875686,0.04645283439727699,553,1.0328735316465776,4.645283439727694,546,27.348576138154694,114.44110988361604,539,2417.539374198547,11467.334761292992,0,80,80,0.43237539414117226,0.37391315260337976,0.32027758888850677,0.6277319980729257,0.31360740786748553,0.6895133360772248
trial_0017_bite_007_transfer,trial_0017_bite_007,trial_0017,transfer,0,B0,37,37,100.0,-2.904577829808959,0.0,True,True,True,True,37,1,252,0.4184913103443575,0.007614958974579533,252,0.21795405333855356,0.7614958974579569,245,10.134235814572543,44.23725992162487,238,1760.3078617527415,8016.944099430295,0,37,37,0.45403157149859347,0.45402267842855504,0.4502083776075031,0.45736146882062684,0.44930276970412697,0.4578500443685849
trial_0017_bite_007_transfer,trial_0017_bite_007,trial_0017,transfer,0,B1,37,37,100.0,-2.904577829808959,0.15553889829940726,True,True,True,True,37,1,252,0.4640606525786566,0.007493025436320356,252,0.23672855231031703,0.7493025436320391,245,10.163879090108304,44.3019932713632,238,1765.6024987026724,8021.348665707778,0,37,37,0.46023471219828344,0.459422548067014,0.4554864181288201,0.4667230187307093,0.45394683184360773,0.46797384857749846
trial_0017_bite_007_transfer,trial_0017_bite_007,trial_0017,transfer,0,B2,37,37,100.0,-2.904577829808959,0.009536063571808473,True,True,True,True,37,1,252,0.3654754386430723,0.007730965563355063,252,0.196103250827086,0.7730965563355099,245,10.18303038755249,44.08370717197608,238,1771.6789769851537,7992.049106964133,0,37,37,0.443453885931336,0.4429698987478723,0.43409498121344897,0.45458149334883047,0.43395831019659803,0.45512251245319457
trial_0017_bite_007_transfer,trial_0017_bite_007,trial_0017,transfer,0,B3,37,37,100.0,-2.904577829808959,0.01162154351561595,True,True,True,True,37,1,252,0.4190888804015225,0.008287525150578734,252,0.21954707563035902,0.8287525150578773,245,17.258190443947644,78.66948026966858,238,2909.7204448372945,11241.342757454044,0,37,37,0.43704987706172194,0.4358630720120622,0.42815612877487075,0.44888191139238853,0.42709375909000125,0.45394683184360773
trial_0017_bite_007_transfer,trial_0017_bite_007,trial_0017,transfer,0,StrongLocal,37,37,100.0,-2.904577829808959,0.009302244668487614,True,True,True,True,37,1,252,0.408541482650004,0.008080856090846744,252,0.21568055376218373,0.8080856090846782,245,15.472056190792921,56.47593152190877,238,2666.038292797875,9213.404619681762,0,37,37,0.4418634972036911,0.4404549339106447,0.4348163971232248,0.45080983434953903,0.43414490899496516,0.45394683184360773
trial_0017_bite_007_transfer,trial_0017_bite_007,trial_0017,transfer,0,H_star,37,37,100.0,-2.904577829808959,0.009846376202788054,True,True,True,True,37,1,252,0.41288605214272867,0.0092795316304628,252,0.21733505931103644,0.9279531630462793,245,16.468410907142022,61.71862804703156,238,2789.8248178951058,11145.33531791158,0,37,37,0.4409883503822348,0.4389929875626899,0.43326923709891463,0.45107399036583895,0.43217917320967714,0.45394683184360773
trial_0017_bite_007_transfer,trial_0017_bite_007,trial_0017,transfer,0,HumanGT,37,37,100.0,-2.904577829808959,0.0,True,True,True,True,37,1,252,0.40408925141761576,0.007832026665981928,252,0.2097475548937589,0.7832026665981965,245,15.363917328636262,49.94800129229251,238,2643.258662207819,9394.922838787932,0,37,37,0.4411638642359136,0.44021900720303075,0.4291948994654213,0.455829480235759,0.42823610730354766,0.4559340181270335
trial_0017_bite_007_transfer,trial_0017_bite_007,trial_0017,transfer,1,B0,119,119,100.0,-2.715304283465149,0.0,True,True,True,True,119,1,826,2.62688922571641,0.012976692043465299,826,0.43437623560584465,1.2976692043465288,819,20.493319498527633,127.8004327673663,812,3299.150314095214,21824.247846492894,0,119,119,0.5853902354950704,0.5516720188046902,0.5031203596875693,0.7187841109852208,0.5021652295792025,0.7283772910221327
trial_0017_bite_007_transfer,trial_0017_bite_007,trial_0017,transfer,1,B1,119,119,100.0,-2.715304283465149,0.10789149014596466,True,True,True,True,119,1,826,2.7474984842806816,0.012963358634299205,826,0.4469180359038624,1.2963358634299194,819,20.616311255881932,129.1064303501008,812,3318.7587500393424,22082.946822768507,0,119,119,0.5960953383112864,0.562341095228847,0.5196519113678515,0.7252014465029322,0.5180584635099894,0.735823277423904
trial_0017_bite_007_transfer,trial_0017_bite_007,trial_0017,transfer,1,B2,119,119,100.0,-2.715304283465149,0.10818813268482286,True,True,True,True,119,1,826,2.5319309640743723,0.012977063623516472,826,0.4179262921250702,1.297706362351646,819,20.114379539566144,111.81629382916762,812,3241.0962890365695,19333.204239326114,0,119,119,0.5720854863369074,0.5403718447975745,0.48707811083552743,0.7029782757345103,0.486020788617191,0.715162760635172
trial_0017_bite_007_transfer,trial_0017_bite_007,trial_0017,transfer,1,B3,119,119,100.0,-2.715304283465149,0.12740220569251148,True,True,True,True,119,1,826,2.8305453218783208,0.01302602483237525,826,0.45207547391238795,1.3026024832375238,819,30.980027795116044,158.54753118472038,812,5193.85680646631,28548.39796003154,0,119,119,0.5796068423925833,0.5478051190416453,0.4932959464054155,0.7133084005067716,0.49100144588280425,0.7251902211802443
trial_0017_bite_007_transfer,trial_0017_bite_007,trial_0017,transfer,1,StrongLocal,119,119,100.0,-2.715304283465149,0.1214141060735856,True,True,True,True,119,1,826,2.6701857352048863,0.013679019721831054,826,0.43441858663731153,1.3679019721831043,819,24.53782363354036,98.17520334666857,812,4166.366431059552,17613.89483000748,0,119,119,0.5796084032469021,0.5481080050370801,0.4950847741393072,0.7123308801151894,0.4938303199454568,0.7220052747007397
trial_0017_bite_007_transfer,trial_0017_bite_007,trial_0017,transfer,1,H_star,119,119,100.0,-2.715304283465149,0.1298592212928158,True,True,True,True,119,1,826,2.7137425629656207,0.012956675748716506,826,0.434818240162904,1.2956675748716495,819,24.844107252045497,102.42773271949206,812,4139.60588910854,17722.627251305308,0,119,119,0.5778422845960257,0.547192485918254,0.50007005778987,0.7011260316531162,0.4992971887567803,0.7111630071696373
trial_0017_bite_007_transfer,trial_0017_bite_007,trial_0017,transfer,1,HumanGT,119,119,100.0,-2.715304283465149,0.0,True,True,True,True,119,1,826,2.761956476714614,0.012984699913336506,826,0.44718790205270575,1.2984699913336495,819,23.268846279085025,127.0100721932963,812,3800.053253955807,21650.773691397284,0,119,119,0.5919036547469049,0.5698817850700904,0.5107638586914636,0.7122732199263284,0.5100654984449795,0.7255843369544595
trial_0017_bite_007_withdrawal,trial_0017_bite_007,trial_0017,withdrawal,0,B0,24,24,100.0,-2.682316299876283,0.0,True,True,True,True,24,1,161,0.5775081643587683,0.011845311057952834,161,0.44696452345941046,1.1845311057952823,154,19.757190083167,66.93240061323093,147,2746.5544440688964,11559.667419001933,0,24,24,0.6507303696347346,0.6450147601570753,0.6076912152969446,0.7062169383768956,0.6057110240318382,0.7144828682288971
trial_0017_bite_007_withdrawal,trial_0017_bite_007,trial_0017,withdrawal,0,B1,24,24,100.0,-2.682316299876283,0.08246949644674784,True,True,True,True,24,1,161,0.5720092551163152,0.011867886028676722,161,0.4463202357215783,1.186788602867671,154,19.89712351577039,67.8532838778788,147,2766.038193471554,11629.06084074277,0,24,24,0.6561041173090265,0.6502136926922586,0.6081947140894537,0.7169009476346174,0.6057110240318382,0.7258684574190486
trial_0017_bite_007_withdrawal,trial_0017_bite_007,trial_0017,withdrawal,0,B2,24,24,100.0,-2.682316299876283,0.009536063571808473,True,True,True,True,24,1,161,0.5730558889172315,0.011845417738046928,161,0.4437247768861237,1.1845417738046917,154,19.857193408777974,73.20931097625648,147,2749.7893921656837,11245.239653552726,0,24,24,0.6497212850016855,0.6434019250202514,0.6074112234346971,0.7060958677341539,0.6057110240318382,0.7146372789525808
trial_0017_bite_007_withdrawal,trial_0017_bite_007,trial_0017,withdrawal,0,B3,24,24,100.0,-2.682316299876283,0.01162154351561595,True,True,True,True,24,1,161,0.5949847925373049,0.012639759272820683,161,0.46277625959354984,1.2639759272820672,154,24.89649413133054,113.91857713681989,147,3499.3284898281286,16679.56827715938,0,24,24,0.6463859437499667,0.6390107884213037,0.6049970420394183,0.7024520978016061,0.6039461518844194,0.7123065471807397
trial_0017_bite_007_withdrawal,trial_0017_bite_007,trial_0017,withdrawal,0,StrongLocal,24,24,100.0,-2.682316299876283,0.007853620897544378,True,True,True,True,24,1,161,0.5828453766053454,0.011870701332211906,161,0.4530707556365252,1.1870701332211895,154,23.961891498769344,69.17933368216099,147,3597.6570441850745,11162.292021632762,0,24,24,0.6491623123019203,0.6421121028044876,0.6057254487096275,0.7089521653110544,0.6047238408918583,0.7176006233295942
trial_0017_bite_007_withdrawal,trial_0017_bite_007,trial_0017,withdrawal,0,H_star,24,24,100.0,-2.682316299876283,0.022384435080897713,True,True,True,True,24,1,161,0.6040721612876876,0.013736246392618057,161,0.47077565129235716,1.3736246392618057,154,28.241202626008857,107.46138715943765,147,4035.8012214712876,11982.799975376272,0,24,24,0.6459827420277794,0.639975320671482,0.6048404046009883,0.7031040149087128,0.6031325967397443,0.7112089048010866
trial_0017_bite_007_withdrawal,trial_0017_bite_007,trial_0017,withdrawal,0,HumanGT,24,24,100.0,-2.682316299876283,0.0,True,True,True,True,24,1,161,0.6121508784206986,0.011848098827150544,161,0.4594504648939023,1.1848098827150533,154,19.892803203926487,65.56755924791868,147,2821.3338782429273,11189.400698635493,0,24,24,0.6413128129299216,0.6339383735298822,0.6064562420470127,0.692230988015052,0.6057110240318382,0.7001043872236945
trial_0017_bite_007_withdrawal,trial_0017_bite_007,trial_0017,withdrawal,1,B0,40,40,100.0,-2.832106472343662,0.0,True,True,True,True,40,1,273,2.165731898245892,0.02981633669603312,273,1.0129083521377567,2.9816336696033092,266,23.735389178139148,77.81153224433609,259,2895.293138148824,12156.422360768602,0,40,40,0.6179228774086654,0.6388355827391222,0.4228444199051286,0.7559093315621543,0.404993190243248,0.7663155931740269
trial_0017_bite_007_withdrawal,trial_0017_bite_007,trial_0017,withdrawal,1,B1,40,40,100.0,-2.832106472343662,0.14785232874619503,True,True,True,True,40,1,273,2.142493696084644,0.029373772366895423,273,0.995876740800055,2.9373772366895397,266,23.855052919542693,78.9948079486534,259,2911.466585158337,12180.90079359421,0,40,40,0.631191419426054,0.6564975332904103,0.4460470274510569,0.755879909653946,0.4294983983062881,0.7663155931740269
trial_0017_bite_007_withdrawal,trial_0017_bite_007,trial_0017,withdrawal,1,B2,40,40,100.0,-2.832106472343662,0.17681418304711816,True,True,True,True,40,1,273,2.131749069670012,0.0273946831518046,273,0.9784915483278619,2.7394683151804577,266,24.5916953728752,83.42467330003863,259,2996.2997292345012,11295.155078086844,0,40,40,0.6585379370044724,0.699050159278475,0.493150053044078,0.7557921341777202,0.4788798524151363,0.7663155931740269
trial_0017_bite_007_withdrawal,trial_0017_bite_007,trial_0017,withdrawal,1,B3,40,40,100.0,-2.832106472343662,0.21753953349292177,True,True,True,True,40,1,273,2.1595884342230214,0.02723602847770934,273,0.9947033564127629,2.7236028477709318,266,29.782934708901276,105.96199117212083,259,4358.620914407262,20624.15588256877,0,40,40,0.6430953258610353,0.6736703186751283,0.46361088008508605,0.7558349389085105,0.4439148022652786,0.7663155931740269
trial_0017_bite_007_withdrawal,trial_0017_bite_007,trial_0017,withdrawal,1,StrongLocal,40,40,100.0,-2.832106472343662,0.2005546372300726,True,True,True,True,40,1,273,2.16067972311658,0.026791409049559792,273,0.9917229697820876,2.6791409049559767,266,28.79892167230304,97.63092824174517,259,4075.4431200370464,19169.174592904295,0,40,40,0.6469888948132594,0.6813385280183082,0.47170676502227804,0.7558542538636125,0.454987874198588,0.7663155931740269
trial_0017_bite_007_withdrawal,trial_0017_bite_007,trial_0017,withdrawal,1,H_star,40,40,100.0,-2.832106472343662,0.20714349178961422,True,True,True,True,40,1,273,2.143998787876882,0.026748401816695022,273,0.9930732374453162,2.6748401816695,266,30.96898229677075,136.18170943708182,259,4310.546439990827,24364.0666103077,0,40,40,0.6629837997496251,0.7173836091812718,0.4910252798048186,0.755823328949273,0.4737618307816658,0.7663155931740269
trial_0017_bite_007_withdrawal,trial_0017_bite_007,trial_0017,withdrawal,1,HumanGT,40,40,100.0,-2.832106472343662,0.0,True,True,True,True,40,1,273,2.0792774387457973,0.02908112605246327,273,0.9844731309620361,2.908112605246324,266,24.808255239099406,82.93958038030554,259,3166.75156284572,13145.086795258683,0,40,40,0.637287083908913,0.6738408914092628,0.44746481105358266,0.75575044321625,0.42760927556623507,0.7663155931740269
trial_0017_bite_008_transfer,trial_0017_bite_008,trial_0017,transfer,0,B0,49,49,100.0,-2.6853254490238214,0.0,True,True,True,True,49,1,336,0.9085580637509616,0.012010412612359023,336,0.3603719465466183,1.2010412612359012,329,17.58197432420563,92.81676608992468,322,2708.4010727278546,16879.57193042151,0,49,49,0.48153023862906014,0.46283358289971943,0.4537244080214483,0.5511197158180209,0.45350641314683315,0.5618679325743967
trial_0017_bite_008_transfer,trial_0017_bite_008,trial_0017,transfer,0,B1,49,49,100.0,-2.6853254490238214,0.07280741701513316,True,True,True,True,49,1,336,0.9263331119924403,0.012000283234988364,336,0.3644218762151661,1.2000283234988354,329,17.58388866861081,93.20469589393792,322,2709.1823488712625,16945.27603024283,0,49,49,0.4858471097869473,0.46992720577304503,0.45872789280948023,0.5516252687951336,0.4586328825199315,0.5618679325743967
trial_0017_bite_008_transfer,trial_0017_bite_008,trial_0017,transfer,0,B2,49,49,100.0,-2.6853254490238214,0.12765278487435916,True,True,True,True,49,1,336,0.890834473928277,0.012007521483293537,336,0.3559472466743468,1.2007521483293526,329,17.09760647586953,86.86020312492975,322,2654.557870343292,15823.617523285051,0,49,49,0.478873210652958,0.45859954781456835,0.45017478521011894,0.5505503428522909,0.4482730950014,0.5618679325743967
trial_0017_bite_008_transfer,trial_0017_bite_008,trial_0017,transfer,0,B3,49,49,100.0,-2.6853254490238214,0.12261490030871736,True,True,True,True,49,1,336,0.9553936102567837,0.012018256554894522,336,0.3679469301840295,1.201825655489451,329,21.288754352987752,93.92008572922866,322,3481.17835730949,17062.91903843655,0,49,49,0.47847382536938293,0.45789101966880974,0.4489065073703925,0.5508622868688391,0.44761679855933156,0.5618679325743967
trial_0017_bite_008_transfer,trial_0017_bite_008,trial_0017,transfer,0,StrongLocal,49,49,100.0,-2.6853254490238214,0.11753635752720193,True,True,True,True,49,1,336,0.9368791978068596,0.0119892765940377,336,0.36419864549294584,1.1989276594037688,329,20.3062892152028,86.49520227461223,322,3287.214870971992,13510.806954119178,0,49,49,0.47970303572642653,0.4593425718113675,0.45093044924420306,0.5511143933172741,0.4497633846885378,0.5618679325743967
trial_0017_bite_008_transfer,trial_0017_bite_008,trial_0017,transfer,0,H_star,49,49,100.0,-2.6853254490238214,0.12982682704136517,True,True,True,True,49,1,336,0.9571552205109963,0.011998062270539567,336,0.36910576044557325,1.1998062270539556,329,20.584593423829602,86.40606712535511,322,3270.0526735784383,13532.316397407893,0,49,49,0.48264046806990296,0.46255878328536504,0.4546364757948648,0.5518120487435123,0.45400803332353945,0.5618679325743967
trial_0017_bite_008_transfer,trial_0017_bite_008,trial_0017,transfer,0,HumanGT,49,49,100.0,-2.6853254490238214,0.0,True,True,True,True,49,1,336,0.9989117212039869,0.011952537091094673,336,0.37956316067385126,1.1952537091094662,329,20.382015424116602,86.7214960667349,322,3240.1872751102665,16768.383082752924,0,49,49,0.48714294981594486,0.4687229581632586,0.4570768720407564,0.5530177330322805,0.45687558956481755,0.5618679325743967
trial_0017_bite_008_withdrawal,trial_0017_bite_008,trial_0017,withdrawal,0,B0,34,34,100.0,-2.699304669952384,0.0,True,True,True,True,34,1,231,0.7423827728193269,0.016717549520191,231,0.43426052341957116,1.6717549520190984,224,17.333136150173086,79.43297731804563,217,2646.6977707834553,14679.895128199187,0,34,34,0.5723558228312876,0.564812560148289,0.5241107297003729,0.6444056329493529,0.522244139889791,0.655859022420457
trial_0017_bite_008_withdrawal,trial_0017_bite_008,trial_0017,withdrawal,0,B1,34,34,100.0,-2.699304669952384,0.08246949644674828,True,True,True,True,34,1,231,0.7821090610701584,0.01673568499454081,231,0.44363964773785575,1.6735684994540796,224,17.409728768037006,80.50503560328423,217,2657.7927106907073,14807.687134934928,0,34,34,0.5788921131914746,0.5710873546020627,0.5247166134563566,0.6576548993380188,0.522244139889791,0.6700716020486865
trial_0017_bite_008_withdrawal,trial_0017_bite_008,trial_0017,withdrawal,0,B2,34,34,100.0,-2.699304669952384,0.009536063571808473,True,True,True,True,34,1,231,0.7251844816058983,0.016726523035369922,231,0.42928788619254094,1.6726523035369907,224,17.2709343336943,72.99980203232067,217,2639.4666748867508,13137.36358863334,0,34,34,0.5703124152994874,0.561986736143794,0.523842652886922,0.6425027183739028,0.522244139889791,0.6545741613382816
trial_0017_bite_008_withdrawal,trial_0017_bite_008,trial_0017,withdrawal,0,B3,34,34,100.0,-2.699304669952384,0.01162154351561595,True,True,True,True,34,1,231,0.7718459486105376,0.016734089952409548,231,0.4459571878330707,1.6734089952409532,224,23.078952749263273,109.20908332608707,217,3653.431416060849,17914.566038348796,0,34,34,0.567585240389477,0.5583452213908782,0.5223094622271586,0.6413166364084916,0.5215115615699011,0.6522625704121969
trial_0017_bite_008_withdrawal,trial_0017_bite_008,trial_0017,withdrawal,0,StrongLocal,34,34,100.0,-2.699304669952384,0.008834028570517738,True,True,True,True,34,1,231,0.7428260856129056,0.016737647638566777,231,0.43741180187683404,1.6737647638566762,224,19.909415330856383,72.56286603726893,217,3084.9684119859176,11479.764331402155,0,34,34,0.5707739426984652,0.5611744573270983,0.5227996165055113,0.6474992504481725,0.5220394596669262,0.6593238507958459
trial_0017_bite_008_withdrawal,trial_0017_bite_008,trial_0017,withdrawal,0,H_star,34,34,100.0,-2.699304669952384,0.018418247158607848,True,True,True,True,34,1,231,0.7515610939130739,0.01674889977595484,231,0.4397346287695192,1.6748899775954824,224,21.936835958919904,93.1659558063645,217,3546.202247461533,16909.695954546456,0,34,34,0.5688226442790223,0.5586000532515825,0.5229816001072195,0.6446735440863939,0.522244139889791,0.6564868593258026
trial_0017_bite_008_withdrawal,trial_0017_bite_008,trial_0017,withdrawal,0,HumanGT,34,34,100.0,-2.699304669952384,0.0,True,True,True,True,34,1,231,0.7487976103817551,0.016752425125751813,231,0.43373647543185906,1.6752425125751798,224,17.790271787475103,78.19706742438358,217,2756.913474550963,13308.908977895018,0,34,34,0.560073283289546,0.5512327592725192,0.5236192917640096,0.6239813977345428,0.522244139889791,0.6361587071532888
trial_0017_bite_008_withdrawal,trial_0017_bite_008,trial_0017,withdrawal,1,B0,40,40,100.0,-2.829836920796547,0.0,True,True,True,True,40,1,273,3.339510822177795,0.06583448070014343,273,1.775935958155168,6.583448070014337,266,41.969736495217596,181.5645867140146,259,3043.8391260627295,15412.777681153706,0,40,40,0.3097704763439588,0.2056192506312391,0.1562454971381672,0.5931098738634282,0.15468421319644632,0.60189353724152
trial_0017_bite_008_withdrawal,trial_0017_bite_008,trial_0017,withdrawal,1,B1,40,40,100.0,-2.829836920796547,0.15168681064044787,True,True,True,True,40,1,273,3.293952345821727,0.06454261047929853,273,1.7403480815930417,6.4542610479298475,266,41.890174361124956,180.5674311800128,259,3043.8589743406314,15325.182206090038,0,40,40,0.31551495308334093,0.21284450950904965,0.16192588441359343,0.5930262018247474,0.16036974601621967,0.60189353724152
trial_0017_bite_008_withdrawal,trial_0017_bite_008,trial_0017,withdrawal,1,B2,40,40,100.0,-2.829836920796547,0.1611956219376416,True,True,True,True,40,1,273,3.0794774490803496,0.05644927050071313,273,1.5585518702547128,5.644927050071308,266,41.01488607949711,179.00249488684642,259,3031.4254723464296,14464.76085282095,0,40,40,0.3621479481064438,0.27615757666749763,0.20720051682152096,0.5981029582658905,0.20585030892304634,0.60189353724152
trial_0017_bite_008_withdrawal,trial_0017_bite_008,trial_0017,withdrawal,1,B3,40,40,100.0,-2.829836920796547,0.21399528442213223,True,True,True,True,40,1,273,3.3530982231936006,0.05510970271354942,273,1.6446832147476553,5.510970271354937,266,41.743442943508214,160.58438520377254,259,3320.4607676302967,13455.038624170002,0,40,40,0.35321537123613284,0.275709403544645,0.186235923879029,0.598137109868328,0.18518578905339655,0.60189353724152
trial_0017_bite_008_withdrawal,trial_0017_bite_008,trial_0017,withdrawal,1,StrongLocal,40,40,100.0,-2.829836920796547,0.190053946318963,True,True,True,True,40,1,273,3.2839244860699113,0.056846786726126204,273,1.6287535939535123,5.684678672612615,266,41.04471338460382,179.40770969983961,259,3239.5886950390686,15040.623694642514,0,40,40,0.35431895646522926,0.27249381572520104,0.18880978541585913,0.5980748815724977,0.18771402281919736,0.60189353724152
trial_0017_bite_008_withdrawal,trial_0017_bite_008,trial_0017,withdrawal,1,H_star,40,40,100.0,-2.829836920796547,0.18497131455128502,True,True,True,True,40,1,273,3.2112350151885334,0.05651542259177855,273,1.6017446407587785,5.65154225917785,266,47.667850130721845,163.34498307361196,259,4466.216738993147,15301.760688082817,0,40,40,0.36415268370303205,0.28374396913642674,0.20060261554079048,0.5978725170704554,0.20057720336805396,0.60189353724152
trial_0017_bite_008_withdrawal,trial_0017_bite_008,trial_0017,withdrawal,1,HumanGT,40,40,100.0,-2.829836920796547,0.0,True,True,True,True,40,1,273,3.012004819054182,0.053124083629557006,273,1.5207981449845718,5.312408362955696,266,41.49234303042769,174.57160413008236,259,3134.2008383462194,14555.916693697396,0,40,40,0.37081914735773686,0.2918349550983209,0.22021886008249028,0.5980168116132457,0.21790356390321852,0.60189353724152
trial_0017_bite_009_transfer,trial_0017_bite_009,trial_0017,transfer,0,B0,233,210,90.12875536480686,-2.8976249111463406,0.0,True,True,True,True,210,1,1463,7.488128430129734,0.16440422396788756,1463,1.0122762553760205,16.440422396789106,1456,53.394943286466656,897.6703594491394,1449,6761.924619117687,126028.3880260864,0,210,210,0.5154423214737209,0.45736615284060866,0.35152254595207,0.7547491097895298,0.268581404018029,0.7817610051615267
trial_0017_bite_009_transfer,trial_0017_bite_009,trial_0017,transfer,0,B1,233,220,94.4206008583691,-2.8976249111463406,0.15553889829940815,True,True,True,True,220,3,1519,12.283198988315037,1.500850883012861,1519,5.700186668887463,150.08508830128932,1498,787.1197823640013,17083.040901317985,1477,129067.45659358296,2967449.3098342502,1,220,220,0.5215969401116581,0.46683800563031363,0.30224056786166537,0.7853879870861652,0.18897229826203876,0.8132425659428231
trial_0017_bite_009_transfer,trial_0017_bite_009,trial_0017,transfer,0,B2,233,208,89.27038626609442,-2.8976249111463406,0.009536063571808029,True,True,True,True,208,1,1449,12.716376326674258,2.1813053402708285,1449,8.235925642155818,218.1305340270875,1442,1200.9388097059546,24329.095705470907,1435,208928.007285145,4539757.964363674,1,208,208,0.47924795733322684,0.43421974412822284,0.32686553152800674,0.6844633818726261,0.16671790516041973,0.7065987170479109
trial_0017_bite_009_transfer,trial_0017_bite_009,trial_0017,transfer,0,B3,233,208,89.27038626609442,-2.8976249111463406,0.011621543515615507,True,True,True,True,208,1,1449,13.810070930365082,2.515748268268933,1449,9.512764411293974,251.57482682688752,1442,1411.7931118336692,28316.171577960158,1435,227447.42595676854,5347730.328406878,1,208,208,0.4735968799450421,0.42791548123067447,0.3282367488410287,0.6810039517398411,0.16740864492658414,0.7038599505042729
trial_0017_bite_009_transfer,trial_0017_bite_009,trial_0017,transfer,0,StrongLocal,233,209,89.69957081545064,-2.8976249111463406,0.012368632358300324,True,True,True,True,209,1,1456,13.98713490063391,2.5858362424578845,1456,9.72021977755235,258.58362424578246,1449,1058.5938646565062,28416.52899020319,1442,109148.47226638849,2914765.2426291998,1,209,209,0.4839750383165901,0.4344957407946526,0.33047171077372417,0.6957356387971263,0.17246624699740032,0.7210671612004158
trial_0017_bite_009_transfer,trial_0017_bite_009,trial_0017,transfer,0,H_star,233,209,89.69957081545064,-2.8976249111463406,0.006726842484510165,True,True,True,True,209,1,1456,12.91920814606906,2.1384426186478667,1456,8.063593741173392,213.84426186478174,1449,1149.5483396253278,22205.49065733876,1442,200730.37907261826,4357531.306062911,1,209,209,0.47202104147053764,0.4263689581547685,0.3262853551006103,0.6748038628459307,0.16683244379249018,0.6975397433307777
trial_0017_bite_009_transfer,trial_0017_bite_009,trial_0017,transfer,0,HumanGT,233,209,89.69957081545064,-2.8976249111463406,0.0,True,True,True,True,209,1,1456,12.380515806960826,2.0636628271764423,1456,7.761151345670524,206.36628271763948,1449,1104.5248526965095,21203.66133516816,1442,192203.77755132617,4189540.107468547,1,209,209,0.4543972082455042,0.4154386860258461,0.32579186329832466,0.6499954402673415,0.16645636756125803,0.6749249612190151
trial_0017_bite_009_withdrawal,trial_0017_bite_009,trial_0017,withdrawal,0,B0,21,21,100.0,-2.70418398606866,0.0,True,True,True,True,21,1,140,0.6284374975731,0.013963450138135158,140,0.5650477553220741,1.3963450138135185,133,24.43266693915279,93.74628400331984,126,2977.9153878700286,9477.737500371843,0,21,21,0.5430954450735939,0.5365237797948295,0.5025217837656788,0.6027663737840427,0.4999934397165058,0.6116438953109915
trial_0017_bite_009_withdrawal,trial_0017_bite_009,trial_0017,withdrawal,0,B1,21,21,100.0,-2.70418398606866,0.08246949644674784,True,True,True,True,21,1,140,0.6293880899051252,0.013985706758688822,140,0.5686661137430811,1.398570675868885,133,24.474580904796607,93.76680483609067,126,2985.020275258126,9483.661033755197,0,21,21,0.546580247108419,0.5398914261103549,0.5028441234860344,0.6097250816864355,0.4999934397165058,0.619073142546581
trial_0017_bite_009_withdrawal,trial_0017_bite_009,trial_0017,withdrawal,0,B2,21,21,100.0,-2.70418398606866,0.009536063571808473,True,True,True,True,21,1,140,0.6283680508011975,0.013967364054372489,140,0.56362868661914,1.3967364054372515,133,24.222740192822815,92.26522094529787,126,2920.317974370873,9229.898290207484,0,21,21,0.542254571834634,0.5351399272668171,0.5024074895865613,0.6017822826102579,0.4999934397165058,0.61072399550011
trial_0017_bite_009_withdrawal,trial_0017_bite_009,trial_0017,withdrawal,0,B3,21,21,100.0,-2.70418398606866,0.01162154351561595,True,True,True,True,21,1,140,0.6852893154400732,0.018238112714963783,140,0.6150413747113143,1.8238112714963783,133,37.32425176729557,246.08381365928798,126,4254.6362469713795,23048.008760968132,0,21,21,0.5386793452472316,0.5315823157435071,0.49794417472878205,0.5975114970622659,0.49792411634032874,0.6060788083604276
trial_0017_bite_009_withdrawal,trial_0017_bite_009,trial_0017,withdrawal,0,StrongLocal,21,21,100.0,-2.70418398606866,0.019434246924827203,True,True,True,True,21,1,140,0.6575157727620256,0.014642202239985025,140,0.5897692328679264,1.4642202239985025,133,34.0321867280199,211.31860644771015,126,4116.089803099046,22363.230966393032,0,21,21,0.5409652127084512,0.5337640115665607,0.49998190148260946,0.6020973875432638,0.49938649163926563,0.6107556451321514
trial_0017_bite_009_withdrawal,trial_0017_bite_009,trial_0017,withdrawal,0,H_star,21,21,100.0,-2.70418398606866,0.04056948035364716,True,True,True,True,21,1,140,0.6939904995445509,0.0183010216599504,140,0.6164322258290291,1.83010216599504,133,41.68077836415442,276.41165144341784,126,5372.892776054752,30424.69034759332,0,21,21,0.5382902636772937,0.5314024212191022,0.4986740608646345,0.5974791429331701,0.4979063429347921,0.6058688541414963
trial_0017_bite_009_withdrawal,trial_0017_bite_009,trial_0017,withdrawal,0,HumanGT,21,21,100.0,-2.70418398606866,0.0,True,True,True,True,21,1,140,0.6744556758943712,0.013958242811628274,140,0.5854863664646152,1.39582428116283,133,25.825779086277656,91.8020415086973,126,3247.5473499082523,9461.70950128477,0,21,21,0.5344404997665348,0.526996302541372,0.4999934397165058,0.5887345739126051,0.49951259285506744,0.5965294252171605
trial_0017_bite_009_withdrawal,trial_0017_bite_009,trial_0017,withdrawal,1,B0,1,1,100.0,-2.858041392648096,0.0,True,True,True,True,1,1,0,0.0,,0,,,0,,,0,,,0,1,1,0.7564327787053466,0.7564327787053466,0.7564327787053466,0.7564327787053466,0.7564327787053466,0.7564327787053466
trial_0017_bite_009_withdrawal,trial_0017_bite_009,trial_0017,withdrawal,1,B1,1,1,100.0,-2.858041392648096,0.13392671812855594,True,True,True,True,1,1,0,0.0,,0,,,0,,,0,,,0,1,1,0.7564327787053466,0.7564327787053466,0.7564327787053466,0.7564327787053466,0.7564327787053466,0.7564327787053466
trial_0017_bite_009_withdrawal,trial_0017_bite_009,trial_0017,withdrawal,1,B2,1,1,100.0,-2.858041392648096,0.12248692971126518,True,True,True,True,1,1,0,0.0,,0,,,0,,,0,,,0,1,1,0.7564327787053466,0.7564327787053466,0.7564327787053466,0.7564327787053466,0.7564327787053466,0.7564327787053466
trial_0017_bite_009_withdrawal,trial_0017_bite_009,trial_0017,withdrawal,1,B3,1,1,100.0,-2.858041392648096,0.1784980495813948,True,True,True,True,1,1,0,0.0,,0,,,0,,,0,,,0,1,1,0.7564327787053466,0.7564327787053466,0.7564327787053466,0.7564327787053466,0.7564327787053466,0.7564327787053466
trial_0017_bite_009_withdrawal,trial_0017_bite_009,trial_0017,withdrawal,1,StrongLocal,1,1,100.0,-2.858041392648096,0.1440810982194285,True,True,True,True,1,1,0,0.0,,0,,,0,,,0,,,0,1,1,0.7564327787053466,0.7564327787053466,0.7564327787053466,0.7564327787053466,0.7564327787053466,0.7564327787053466
trial_0017_bite_009_withdrawal,trial_0017_bite_009,trial_0017,withdrawal,1,H_star,1,1,100.0,-2.858041392648096,0.13862853310209955,True,True,True,True,1,1,0,0.0,,0,,,0,,,0,,,0,1,1,0.7564327787053466,0.7564327787053466,0.7564327787053466,0.7564327787053466,0.7564327787053466,0.7564327787053466
trial_0017_bite_009_withdrawal,trial_0017_bite_009,trial_0017,withdrawal,1,HumanGT,1,1,100.0,-2.858041392648096,0.0,True,True,True,True,1,1,0,0.0,,0,,,0,,,0,,,0,1,1,0.7564327787053466,0.7564327787053466,0.7564327787053466,0.7564327787053466,0.7564327787053466,0.7564327787053466
trial_0017_bite_009_withdrawal,trial_0017_bite_009,trial_0017,withdrawal,2,B0,48,48,100.0,-2.976727684535288,0.0,True,True,True,True,48,1,329,2.326313234137258,0.03693403516770832,329,0.9004368056954292,3.6934035167708292,322,23.833824242740103,87.70440925167641,315,2917.9097793025835,17282.149983083622,0,48,48,0.5979755977405375,0.5924833233960094,0.4694116303281489,0.7077276615249284,0.4520485810908812,0.7084153522877561
trial_0017_bite_009_withdrawal,trial_0017_bite_009,trial_0017,withdrawal,2,B1,48,48,100.0,-2.976727684535288,0.14421816246491703,True,True,True,True,48,1,329,2.2909746440289176,0.036628367864871336,329,0.8820759929910913,3.6628367864871305,322,23.935545844137838,87.5489211792673,315,2937.3110566024475,17257.089747385475,0,48,48,0.6108354667341717,0.608561492935539,0.4949557219585232,0.7077212169582952,0.4784445456830826,0.7083788680949947
trial_0017_bite_009_withdrawal,trial_0017_bite_009,trial_0017,withdrawal,2,B2,48,48,100.0,-2.976727684535288,0.20485590284313338,True,True,True,True,48,1,329,2.242979918971214,0.035114641338072516,329,0.8479022752944525,3.5114641338072485,322,24.017364884799587,87.3177457232895,315,2994.9768025869766,17042.664813946245,0,48,48,0.6450561691818149,0.6627381679963611,0.5540901735362204,0.7087304019927544,0.5384885133936832,0.7147480247813816
trial_0017_bite_009_withdrawal,trial_0017_bite_009,trial_0017,withdrawal,2,B3,48,48,100.0,-2.976727684535288,0.24547652544354115,True,True,True,True,48,1,329,2.326058550588034,0.034396879016220794,329,0.8849565767387636,3.4396879016220763,322,28.431219547015292,97.51892723103919,315,3430.065539053969,17345.769488825405,0,48,48,0.630475791980315,0.6424724169614087,0.5237586896892026,0.7082167618842313,0.5160575418839626,0.7121073864300722
trial_0017_bite_009_withdrawal,trial_0017_bite_009,trial_0017,withdrawal,2,StrongLocal,48,48,100.0,-2.976727684535288,0.21372643863849827,True,True,True,True,48,1,329,2.291442342216121,0.034927170130320206,329,0.8720166985214567,3.4927170130320175,322,27.198830535156887,101.15523726518002,315,3425.468357282756,18303.118939948217,0,48,48,0.6346595895667401,0.6475546340832655,0.5344398445863329,0.7081527973700872,0.5252202443248295,0.7145411310248813
trial_0017_bite_009_withdrawal,trial_0017_bite_009,trial_0017,withdrawal,2,H_star,48,48,100.0,-2.976727684535288,0.22106567122031828,True,True,True,True,48,1,329,2.290154974982716,0.03505627059968397,329,0.8695762144168199,3.505627059968394,322,28.20272362068995,99.67268800031749,315,3747.8385755082113,16710.881172421312,0,48,48,0.6447361910585185,0.6726987917463528,0.5473487180910792,0.71312043536775,0.5388782795068294,0.7182733992761947
trial_0017_bite_009_withdrawal,trial_0017_bite_009,trial_0017,withdrawal,2,HumanGT,48,48,100.0,-2.976727684535288,0.0,True,True,True,True,48,1,329,2.2475052633937356,0.0355668641893212,329,0.850833695006603,3.556686418932117,322,24.371641544341898,86.51843519481429,315,3051.9412315883,16578.922783380465,0,48,48,0.639268168363341,0.6578511361530843,0.5373196946626728,0.7080280400883586,0.5219702825223529,0.714787209266978
trial_0017_bite_010_transfer,trial_0017_bite_010,trial_0017,transfer,0,B0,54,54,100.0,-2.781550125888625,0.0,True,True,True,True,54,1,371,1.5673905476306271,0.014947065152858485,371,0.5103285816648576,1.4947065152858472,364,15.216885835984638,74.8319319017797,357,1703.7059023802108,8919.331461491685,0,54,54,0.31063926080321996,0.2898092690655334,0.27187915463967244,0.403674206442046,0.2684319166471427,0.4328289712376945
trial_0017_bite_010_transfer,trial_0017_bite_010,trial_0017,transfer,0,B1,54,54,100.0,-2.781550125888625,0.1555388982994077,True,True,True,True,54,1,371,1.6347847372390383,0.015590936819148027,371,0.5304075665404983,1.5590936819148014,364,15.288831676501921,74.9237153585812,357,1712.4354405370318,8932.630135725072,0,54,54,0.32118150416217944,0.293640479410993,0.28156498306422506,0.42429909308576397,0.27799143790971215,0.45469930924141266
trial_0017_bite_010_transfer,trial_0017_bite_010,trial_0017,transfer,0,B2,54,54,100.0,-2.781550125888625,0.009536063571808029,True,True,True,True,54,1,371,1.4469508877112494,0.014376174607320102,371,0.47341148477911593,1.437617460732009,364,15.484157498628988,92.03325167559822,357,1745.573227634764,10756.415113008592,0,54,54,0.2924220734531587,0.2814324947774569,0.25712538056445766,0.36429323744925163,0.2531718081065355,0.3891889295426907
trial_0017_bite_010_transfer,trial_0017_bite_010,trial_0017,transfer,0,B3,54,54,100.0,-2.781550125888625,0.01162154351561595,True,True,True,True,54,1,371,1.481073448307061,0.023513453140181717,371,0.5004644974589114,2.3513453140181717,364,24.94925132144523,233.8917900158144,357,2811.454111245119,22846.037453376768,0,54,54,0.28409342910952684,0.2722581818431382,0.2513140753186517,0.3514977532019463,0.24734035931943943,0.37348217206236267
trial_0017_bite_010_transfer,trial_0017_bite_010,trial_0017,transfer,0,StrongLocal,54,54,100.0,-2.781550125888625,0.012044420476964302,True,True,True,True,54,1,371,1.4752655411773794,0.01643699548629307,371,0.4883126037729632,1.6436995486293056,364,21.573444511420814,158.34704472216464,357,2557.07274793131,16297.402800547323,0,54,54,0.2928984336666043,0.27787140773502417,0.26044477746385764,0.3646459617440177,0.25626739894326356,0.38785671828498813
trial_0017_bite_010_transfer,trial_0017_bite_010,trial_0017,transfer,0,H_star,54,54,100.0,-2.781550125888625,0.0010056000957212596,True,True,True,True,54,1,371,1.4637186987340838,0.017411326772927005,371,0.4928483375975968,1.741132677292699,364,25.383039437766353,147.82072797961706,357,3744.1626367375193,18952.60915490921,0,54,54,0.291119911299569,0.2786689689219095,0.2580924513673613,0.36488891757826114,0.25524154956501377,0.3894822445003312
trial_0017_bite_010_transfer,trial_0017_bite_010,trial_0017,transfer,0,HumanGT,54,54,100.0,-2.781550125888625,0.0,True,True,True,True,54,1,371,1.455446830018541,0.011456705368908084,371,0.4744287684557556,1.1456705368908073,364,17.948835122122556,81.22911863220435,357,2476.1865911453274,9698.746089268989,0,54,54,0.30405856818112903,0.2885736851582621,0.27146967310459813,0.3795432415961995,0.2692882208742171,0.4015807934662634
trial_0017_bite_010_transfer,trial_0017_bite_010,trial_0017,transfer,1,B0,124,124,100.0,-2.7064857148105563,0.0,True,True,True,True,124,1,861,3.071783180805536,0.012565846051636465,861,0.4379529903970732,1.2565846051636453,854,23.021640153663338,161.3552025880913,847,3757.8203165697073,31094.657698445135,0,124,124,0.5562840494223246,0.5422597955818502,0.49417656075063876,0.6635993912113058,0.4622542338279163,0.6748185657023129
trial_0017_bite_010_transfer,trial_0017_bite_010,trial_0017,transfer,1,B1,124,124,100.0,-2.7064857148105563,0.11984115758762215,True,True,True,True,124,1,861,3.1942044369399984,0.013147937672161715,861,0.45412254299691135,1.3147937672161705,854,23.247314033061137,164.66680510564407,847,3796.229635592397,31855.253977887936,0,124,124,0.5698048351565785,0.5536542300395705,0.5018802294225291,0.6749642826558413,0.4622542338279163,0.6874749748243811
trial_0017_bite_010_transfer,trial_0017_bite_010,trial_0017,transfer,1,B2,124,124,100.0,-2.7064857148105563,0.0693187016330099,True,True,True,True,124,1,861,2.951927674275968,0.011422732160148996,861,0.41889888787724,1.1422732160148985,854,22.4794672676559,146.84609390976684,847,3663.9936026003857,27731.13509626871,0,124,124,0.5378660918339635,0.5255456808625755,0.477574326224607,0.6410652891230201,0.4622542338279163,0.654466684523979
trial_0017_bite_010_transfer,trial_0017_bite_010,trial_0017,transfer,1,B3,124,124,100.0,-2.7064857148105563,0.08512217476399409,True,True,True,True,124,1,861,3.2838837812524613,0.016008417215894077,861,0.46647148544740635,1.6008417215894064,854,39.090837173565255,248.73041773124172,847,6906.222644859574,43921.35564035337,0,124,124,0.5466383834835278,0.5338295430403708,0.48220024188390587,0.6547634086628241,0.4622542338279163,0.6660601921944629
trial_0017_bite_010_transfer,trial_0017_bite_010,trial_0017,transfer,1,StrongLocal,124,124,100.0,-2.7064857148105563,0.09174725667476924,True,True,True,True,124,1,861,3.0732338586963985,0.011687024079989339,861,0.43558583058323513,1.1687024079989328,854,26.42162441027103,156.1210466663085,847,4479.480260046118,29759.890077345844,0,124,124,0.5476665499572905,0.5342365620412801,0.4852908135303233,0.6541392891912979,0.4622542338279163,0.6651634200856211
trial_0017_bite_010_transfer,trial_0017_bite_010,trial_0017,transfer,1,H_star,124,124,100.0,-2.7064857148105563,0.07816111371178414,True,True,True,True,124,1,861,3.123478624980276,0.01190661712165264,861,0.4430963712950746,1.190661712165263,854,28.700668193039935,153.4736721621763,847,4824.087179910484,24787.1471388929,0,124,124,0.5439496443634094,0.5303837067718794,0.48480890117643816,0.645313009212301,0.4622542338279163,0.6582397155593611
trial_0017_bite_010_transfer,trial_0017_bite_010,trial_0017,transfer,1,HumanGT,124,124,100.0,-2.7064857148105563,0.0,True,True,True,True,124,1,861,3.0004484311367934,0.011906139376160585,861,0.43406540607111743,1.1906139376160574,854,23.9323496819205,153.293883144012,847,3923.203571230354,30095.41190228174,0,124,124,0.5475132567654947,0.5330466050782127,0.486249179658235,0.6531407207609647,0.4622542338279163,0.6648320553734512
trial_0017_bite_010_withdrawal,trial_0017_bite_010,trial_0017,withdrawal,0,B0,10,10,100.0,-2.6228347397088854,0.0,True,True,True,True,10,1,63,0.2553474342011266,0.017406799277069677,63,0.5393688268428927,1.7406799277069684,56,28.979457556000654,113.95940645428477,49,4870.376347684922,18363.863616929437,0,10,10,0.5853176321195999,0.5820344688460461,0.5658015174300676,0.6115882105234391,0.5645667956474858,0.6159268067816512
trial_0017_bite_010_withdrawal,trial_0017_bite_010,trial_0017,withdrawal,0,B1,10,10,100.0,-2.6228347397088854,0.08246949644674784,True,True,True,True,10,1,63,0.25410681780540934,0.017425941920578225,63,0.5444677128602536,1.7425941920578234,56,29.058307348375912,114.13925901486705,49,4881.024021379126,18404.70569769304,0,10,10,0.5872650694730119,0.58394947809674,0.5659895057935654,0.615365029804283,0.5645667956474858,0.6199220382807464
trial_0017_bite_010_withdrawal,trial_0017_bite_010,trial_0017,withdrawal,0,B2,10,10,100.0,-2.6228347397088854,0.009536063571808473,True,True,True,True,10,1,63,0.2563802136832871,0.017414394739069472,63,0.5374387107866685,1.741439473906948,56,28.025187791011728,110.20822644929757,49,4718.966730481523,17804.102444915596,0,10,10,0.5841348057945572,0.580724941153008,0.5656530138114331,0.6094658540990189,0.5645667956474858,0.613865648132645
trial_0017_bite_010_withdrawal,trial_0017_bite_010,trial_0017,withdrawal,0,B3,10,10,100.0,-2.6228347397088854,0.01162154351561595,True,True,True,True,10,1,63,0.28548774542799205,0.017436892011268412,63,0.5858597304908804,1.7436892011268421,56,34.967542524816054,105.85153861397238,49,5219.166209556394,16787.422440980306,0,10,10,0.5791443266290209,0.5750206346009792,0.563582737874832,0.6039989736850597,0.5627775996972062,0.6085945043786625
trial_0017_bite_010_withdrawal,trial_0017_bite_010,trial_0017,withdrawal,0,StrongLocal,10,10,100.0,-2.6228347397088854,0.014198710601565079,True,True,True,True,10,1,63,0.27557065052484253,0.017469080499434853,63,0.5639603698430562,1.7469080499434861,56,33.9573881373889,104.96021909020655,49,5287.991501452694,16782.03192396222,0,10,10,0.5810565028614237,0.577062991223734,0.5641456948856004,0.6065344062954896,0.5638011578986033,0.6114789950889916
trial_0017_bite_010_withdrawal,trial_0017_bite_010,trial_0017,withdrawal,0,H_star,10,10,100.0,-2.6228347397088854,0.028264001192139787,True,True,True,True,10,1,63,0.30728986188024665,0.017489488212977022,63,0.6142182174443406,1.7489488212977031,56,46.07217574580014,135.46611435789833,49,7233.753998338408,19900.862886182327,0,10,10,0.5785009852196369,0.5747937541218722,0.5632689178165454,0.6021361946438664,0.5622070177730487,0.6072768709050695
trial_0017_bite_010_withdrawal,trial_0017_bite_010,trial_0017,withdrawal,0,HumanGT,10,10,100.0,-2.6228347397088854,0.0,True,True,True,True,10,1,63,0.27141436738535596,0.01738969569272175,63,0.5521275327059872,1.738969569272176,56,28.5800827340932,110.0952888006423,49,4816.242174814484,17849.198072132036,0,10,10,0.5811141564990462,0.5775621320849491,0.5654917442564589,0.6039658791467152,0.5645667956474858,0.6080664214435947
trial_0017_bite_010_withdrawal,trial_0017_bite_010,trial_0017,withdrawal,1,B0,1,1,100.0,-2.633864927270558,0.0,True,True,True,True,1,1,0,0.0,,0,,,0,,,0,,,0,1,1,0.6908082142908061,0.6908082142908061,0.6908082142908061,0.6908082142908061,0.6908082142908061,0.6908082142908061
trial_0017_bite_010_withdrawal,trial_0017_bite_010,trial_0017,withdrawal,1,B1,1,1,100.0,-2.633864927270558,0.0992494514027964,True,True,True,True,1,1,0,0.0,,0,,,0,,,0,,,0,1,1,0.6908082142908061,0.6908082142908061,0.6908082142908061,0.6908082142908061,0.6908082142908061,0.6908082142908061
trial_0017_bite_010_withdrawal,trial_0017_bite_010,trial_0017,withdrawal,1,B2,1,1,100.0,-2.633864927270558,0.01245782444104826,True,True,True,True,1,1,0,0.0,,0,,,0,,,0,,,0,1,1,0.6908082142908061,0.6908082142908061,0.6908082142908061,0.6908082142908061,0.6908082142908061,0.6908082142908061
trial_0017_bite_010_withdrawal,trial_0017_bite_010,trial_0017,withdrawal,1,B3,1,1,100.0,-2.633864927270558,0.014877709543470008,True,True,True,True,1,1,0,0.0,,0,,,0,,,0,,,0,1,1,0.6908082142908061,0.6908082142908061,0.6908082142908061,0.6908082142908061,0.6908082142908061,0.6908082142908061
trial_0017_bite_010_withdrawal,trial_0017_bite_010,trial_0017,withdrawal,1,StrongLocal,1,1,100.0,-2.633864927270558,0.003059604983165709,True,True,True,True,1,1,0,0.0,,0,,,0,,,0,,,0,1,1,0.6908082142908061,0.6908082142908061,0.6908082142908061,0.6908082142908061,0.6908082142908061,0.6908082142908061
trial_0017_bite_010_withdrawal,trial_0017_bite_010,trial_0017,withdrawal,1,H_star,1,1,100.0,-2.633864927270558,0.03549640163755585,True,True,True,True,1,1,0,0.0,,0,,,0,,,0,,,0,1,1,0.6908082142908061,0.6908082142908061,0.6908082142908061,0.6908082142908061,0.6908082142908061,0.6908082142908061
trial_0017_bite_010_withdrawal,trial_0017_bite_010,trial_0017,withdrawal,1,HumanGT,1,1,100.0,-2.633864927270558,0.0,True,True,True,True,1,1,0,0.0,,0,,,0,,,0,,,0,1,1,0.6908082142908061,0.6908082142908061,0.6908082142908061,0.6908082142908061,0.6908082142908061,0.6908082142908061
trial_0017_bite_010_withdrawal,trial_0017_bite_010,trial_0017,withdrawal,2,B0,1,1,100.0,-2.763403340988593,0.0,True,True,True,True,1,1,0,0.0,,0,,,0,,,0,,,0,1,1,0.9257553209371832,0.9257553209371832,0.9257553209371832,0.9257553209371832,0.9257553209371832,0.9257553209371832
trial_0017_bite_010_withdrawal,trial_0017_bite_010,trial_0017,withdrawal,2,B1,1,1,100.0,-2.763403340988593,0.11183441761983248,True,True,True,True,1,1,0,0.0,,0,,,0,,,0,,,0,1,1,0.9257553209371832,0.9257553209371832,0.9257553209371832,0.9257553209371832,0.9257553209371832,0.9257553209371832
trial_0017_bite_010_withdrawal,trial_0017_bite_010,trial_0017,withdrawal,2,B2,1,1,100.0,-2.763403340988593,0.06800221196813583,True,True,True,True,1,1,0,0.0,,0,,,0,,,0,,,0,1,1,0.9257553209371832,0.9257553209371832,0.9257553209371832,0.9257553209371832,0.9257553209371832,0.9257553209371832
trial_0017_bite_010_withdrawal,trial_0017_bite_010,trial_0017,withdrawal,2,B3,1,1,100.0,-2.763403340988593,0.0996288299946757,True,True,True,True,1,1,0,0.0,,0,,,0,,,0,,,0,1,1,0.9257553209371832,0.9257553209371832,0.9257553209371832,0.9257553209371832,0.9257553209371832,0.9257553209371832
trial_0017_bite_010_withdrawal,trial_0017_bite_010,trial_0017,withdrawal,2,StrongLocal,1,1,100.0,-2.763403340988593,0.08090116826267257,True,True,True,True,1,1,0,0.0,,0,,,0,,,0,,,0,1,1,0.9257553209371832,0.9257553209371832,0.9257553209371832,0.9257553209371832,0.9257553209371832,0.9257553209371832
trial_0017_bite_010_withdrawal,trial_0017_bite_010,trial_0017,withdrawal,2,H_star,1,1,100.0,-2.763403340988593,0.05554467752591874,True,True,True,True,1,1,0,0.0,,0,,,0,,,0,,,0,1,1,0.9257553209371832,0.9257553209371832,0.9257553209371832,0.9257553209371832,0.9257553209371832,0.9257553209371832
trial_0017_bite_010_withdrawal,trial_0017_bite_010,trial_0017,withdrawal,2,HumanGT,1,1,100.0,-2.763403340988593,0.0,True,True,True,True,1,1,0,0.0,,0,,,0,,,0,,,0,1,1,0.9257553209371832,0.9257553209371832,0.9257553209371832,0.9257553209371832,0.9257553209371832,0.9257553209371832
trial_0017_bite_010_withdrawal,trial_0017_bite_010,trial_0017,withdrawal,3,B0,1,1,100.0,-2.8495415864697753,0.0,True,True,True,True,1,1,0,0.0,,0,,,0,,,0,,,0,1,1,0.8191797879407223,0.8191797879407223,0.8191797879407223,0.8191797879407223,0.8191797879407223,0.8191797879407223
trial_0017_bite_010_withdrawal,trial_0017_bite_010,trial_0017,withdrawal,3,B1,1,1,100.0,-2.8495415864697753,0.11707815354359719,True,True,True,True,1,1,0,0.0,,0,,,0,,,0,,,0,1,1,0.8191797879407223,0.8191797879407223,0.8191797879407223,0.8191797879407223,0.8191797879407223,0.8191797879407223
trial_0017_bite_010_withdrawal,trial_0017_bite_010,trial_0017,withdrawal,3,B2,1,1,100.0,-2.8495415864697753,0.10246070062407053,True,True,True,True,1,1,0,0.0,,0,,,0,,,0,,,0,1,1,0.8191797879407223,0.8191797879407223,0.8191797879407223,0.8191797879407223,0.8191797879407223,0.8191797879407223
trial_0017_bite_010_withdrawal,trial_0017_bite_010,trial_0017,withdrawal,3,B3,1,1,100.0,-2.8495415864697753,0.1473945941371082,True,True,True,True,1,1,0,0.0,,0,,,0,,,0,,,0,1,1,0.8191797879407223,0.8191797879407223,0.8191797879407223,0.8191797879407223,0.8191797879407223,0.8191797879407223
trial_0017_bite_010_withdrawal,trial_0017_bite_010,trial_0017,withdrawal,3,StrongLocal,1,1,100.0,-2.8495415864697753,0.11730160968550996,True,True,True,True,1,1,0,0.0,,0,,,0,,,0,,,0,1,1,0.8191797879407223,0.8191797879407223,0.8191797879407223,0.8191797879407223,0.8191797879407223,0.8191797879407223
trial_0017_bite_010_withdrawal,trial_0017_bite_010,trial_0017,withdrawal,3,H_star,1,1,100.0,-2.8495415864697753,0.09620992916888138,True,True,True,True,1,1,0,0.0,,0,,,0,,,0,,,0,1,1,0.8191797879407223,0.8191797879407223,0.8191797879407223,0.8191797879407223,0.8191797879407223,0.8191797879407223
trial_0017_bite_010_withdrawal,trial_0017_bite_010,trial_0017,withdrawal,3,HumanGT,1,1,100.0,-2.8495415864697753,0.0,True,True,True,True,1,1,0,0.0,,0,,,0,,,0,,,0,1,1,0.8191797879407223,0.8191797879407223,0.8191797879407223,0.8191797879407223,0.8191797879407223,0.8191797879407223
trial_0017_bite_010_withdrawal,trial_0017_bite_010,trial_0017,withdrawal,4,B0,1,1,100.0,-2.885447699910042,0.0,True,True,True,True,1,1,0,0.0,,0,,,0,,,0,,,0,1,1,0.7736450751440724,0.7736450751440724,0.7736450751440724,0.7736450751440724,0.7736450751440724,0.7736450751440724
trial_0017_bite_010_withdrawal,trial_0017_bite_010,trial_0017,withdrawal,4,B1,1,1,100.0,-2.885447699910042,0.11917564791310387,True,True,True,True,1,1,0,0.0,,0,,,0,,,0,,,0,1,1,0.7736450751440724,0.7736450751440724,0.7736450751440724,0.7736450751440724,0.7736450751440724,0.7736450751440724
trial_0017_bite_010_withdrawal,trial_0017_bite_010,trial_0017,withdrawal,4,B2,1,1,100.0,-2.885447699910042,0.11543818705560716,True,True,True,True,1,1,0,0.0,,0,,,0,,,0,,,0,1,1,0.7736450751440724,0.7736450751440724,0.7736450751440724,0.7736450751440724,0.7736450751440724,0.7736450751440724
trial_0017_bite_010_withdrawal,trial_0017_bite_010,trial_0017,withdrawal,4,B3,1,1,100.0,-2.885447699910042,0.1619651533116797,True,True,True,True,1,1,0,0.0,,0,,,0,,,0,,,0,1,1,0.7736450751440724,0.7736450751440724,0.7736450751440724,0.7736450751440724,0.7736450751440724,0.7736450751440724
trial_0017_bite_010_withdrawal,trial_0017_bite_010,trial_0017,withdrawal,4,StrongLocal,1,1,100.0,-2.885447699910042,0.13198684074734857,True,True,True,True,1,1,0,0.0,,0,,,0,,,0,,,0,1,1,0.7736450751440724,0.7736450751440724,0.7736450751440724,0.7736450751440724,0.7736450751440724,0.7736450751440724
trial_0017_bite_010_withdrawal,trial_0017_bite_010,trial_0017,withdrawal,4,H_star,1,1,100.0,-2.885447699910042,0.1134775987547667,True,True,True,True,1,1,0,0.0,,0,,,0,,,0,,,0,1,1,0.7736450751440724,0.7736450751440724,0.7736450751440724,0.7736450751440724,0.7736450751440724,0.7736450751440724
trial_0017_bite_010_withdrawal,trial_0017_bite_010,trial_0017,withdrawal,4,HumanGT,1,1,100.0,-2.885447699910042,0.0,True,True,True,True,1,1,0,0.0,,0,,,0,,,0,,,0,1,1,0.7736450751440724,0.7736450751440724,0.7736450751440724,0.7736450751440724,0.7736450751440724,0.7736450751440724
trial_0017_bite_010_withdrawal,trial_0017_bite_010,trial_0017,withdrawal,5,B0,59,59,100.0,-3.0285395698338062,0.0,True,True,True,True,59,1,406,3.137731450294504,0.05012844153010043,406,1.147248133963896,5.012844153010039,399,29.0996521841247,112.98368149608588,392,2405.2458612590717,14191.612729153001,0,59,59,0.29658722413956123,0.20381350242809915,0.15626898297600153,0.59711151717385,0.1545587164702118,0.6211864137423246
trial_0017_bite_010_withdrawal,trial_0017_bite_010,trial_0017,withdrawal,5,B1,59,59,100.0,-3.0285395698338062,0.13176061413013995,True,True,True,True,59,1,406,3.0630640212110105,0.04986285350270058,406,1.1189376910207869,4.9862853502700535,399,29.025428432610585,112.40078219973508,392,2398.402911371072,13995.651822250782,0,59,59,0.3077597541846543,0.21439076630799736,0.17503585749870307,0.5970521288977602,0.1739824736608333,0.6211864137423246
trial_0017_bite_010_withdrawal,trial_0017_bite_010,trial_0017,withdrawal,5,B2,59,59,100.0,-3.0285395698338062,0.24499489181342238,True,True,True,True,59,1,406,2.906750814804173,0.04788025531135176,406,1.0232044577572206,4.788025531135172,399,29.33029830050208,109.40813468061509,392,2378.592035836866,13114.547611112712,0,59,59,0.3547493373880772,0.26847890796343243,0.22585303251702027,0.601665500577316,0.22440196473186091,0.6211864137423246
trial_0017_bite_010_withdrawal,trial_0017_bite_010,trial_0017,withdrawal,5,B3,59,59,100.0,-3.0285395698338062,0.3156004172787634,True,True,True,True,59,1,406,3.0785881724763575,0.04914219075450443,406,1.0872132263721284,4.914219075450439,399,30.53358762330261,106.19077205696195,392,2550.5205271358814,13209.271384798847,0,59,59,0.3276257113009905,0.23318316749265677,0.19093326007217684,0.59970225153599,0.1893324666716214,0.6211864137423246
trial_0017_bite_010_withdrawal,trial_0017_bite_010,trial_0017,withdrawal,5,StrongLocal,59,59,100.0,-3.0285395698338062,0.2829697758670475,True,True,True,True,59,1,406,3.072966721231438,0.04926343485640227,406,1.0821517280456703,4.926343485640222,399,30.88533669589462,109.51459247309873,392,2502.1389073302553,13967.630285611278,0,59,59,0.3332857085300319,0.23980088923609966,0.1975545706378895,0.5996301841166342,0.19653650711996717,0.6211864137423246
trial_0017_bite_010_withdrawal,trial_0017_bite_010,trial_0017,withdrawal,5,H_star,59,59,100.0,-3.0285395698338062,0.2849868597252674,True,True,True,True,59,1,406,3.1481724345240085,0.04843030073291743,406,1.0746834721166338,4.843030073291739,399,36.39253544639789,142.0431613759285,392,3742.7371886459023,22551.03748780745,0,59,59,0.35746726482516356,0.26545401773178856,0.2221886066116121,0.6020214260003027,0.21925188395816275,0.6211864137423246
trial_0017_bite_010_withdrawal,trial_0017_bite_010,trial_0017,withdrawal,5,HumanGT,59,59,100.0,-3.0285395698338062,0.0,True,True,True,True,59,1,406,2.8367904439189404,0.04770513766232387,406,1.003816550628497,4.770513766232383,399,28.561649004630986,106.7996451996576,392,2399.9865459083394,12996.819500216337,0,59,59,0.35505409702750496,0.27706560469829067,0.22263028562277035,0.5994055520100148,0.2209250139560508,0.6211864137423246
trial_0017_bite_011_transfer,trial_0017_bite_011,trial_0017,transfer,0,B0,7,7,100.0,-2.862037599828558,0.0,True,True,True,True,7,1,42,0.20384046798773348,0.015257193691054384,42,0.589741215888514,1.5257193691054387,35,23.99863811023298,60.52521871112049,28,3779.430186362443,11896.635732634664,0,7,7,0.4841040738582646,0.4869686294438025,0.46855956234877244,0.49638940421517486,0.4665378158228759,0.4974649397623079
trial_0017_bite_011_transfer,trial_0017_bite_011,trial_0017,transfer,0,B1,7,7,100.0,-2.862037599828558,0.1555388982994077,True,True,True,True,7,1,42,0.21461057388453697,0.015260367354301252,42,0.608336787126174,1.5260367354301254,35,23.998761914140402,60.517633888386165,28,3781.1922395048064,11899.289052047736,0,7,7,0.48531182328329303,0.48816834283764066,0.4686770459220498,0.4987040938212597,0.4665378158228759,0.4999051879903402
trial_0017_bite_011_transfer,trial_0017_bite_011,trial_0017,transfer,0,B2,7,7,100.0,-2.862037599828558,0.009536063571808473,True,True,True,True,7,1,42,0.17740444339953565,0.01525155729755756,42,0.5514887123531752,1.5251557297557563,35,24.28432110510044,60.27152285598359,28,3827.295061615329,11844.084533475743,0,7,7,0.48116728331965825,0.48431754863990495,0.46832796237670976,0.4905009669580737,0.4665378158228759,0.491275458030622
trial_0017_bite_011_transfer,trial_0017_bite_011,trial_0017,transfer,0,B3,7,7,100.0,-2.862037599828558,0.01162154351561595,True,True,True,True,7,1,42,0.2053855151752828,0.016664064111085786,42,0.6552296827580095,1.6664064111085786,35,61.98734616224103,196.70182977418622,28,8330.595079119397,24389.11349876172,0,7,7,0.467492300567024,0.46880271216530467,0.4619238572157466,0.4708670102523614,0.46025683925636396,0.47115708624931973
trial_0017_bite_011_transfer,trial_0017_bite_011,trial_0017,transfer,0,StrongLocal,7,7,100.0,-2.862037599828558,0.010091629082169096,True,True,True,True,7,1,42,0.19127570364469215,0.015245077162431286,42,0.6173832055847622,1.5245077162431289,35,51.91087105721826,164.5195071345751,28,6755.087879490449,19389.315524574573,0,7,7,0.46981277972858987,0.47250249884149986,0.46314765385293766,0.4746163153809585,0.46169763389653107,0.4751820626745804
trial_0017_bite_011_transfer,trial_0017_bite_011,trial_0017,transfer,0,H_star,7,7,100.0,-2.862037599828558,0.008790673801493565,True,True,True,True,7,1,42,0.23043491672947325,0.021274374947277686,42,0.7444870733172217,2.1274374947277686,35,63.13837557817597,203.39175555765587,28,6510.741824799033,16656.091759665425,0,7,7,0.4674764369800021,0.46815834122174516,0.457852410092294,0.4751645179401113,0.45704610999470674,0.4758570954027357
trial_0017_bite_011_transfer,trial_0017_bite_011,trial_0017,transfer,0,HumanGT,7,7,100.0,-2.862037599828558,0.0,True,True,True,True,7,1,42,0.15347218779377192,0.015230093214913865,42,0.5151111105890626,1.5230093214913867,35,24.14300831712787,60.63763006758372,28,3808.2308282289514,11909.136782189747,0,7,7,0.4738905968500974,0.47634521950961606,0.46751503707521225,0.4774973967096683,0.4665378158228759,0.4775689531774425
trial_0017_bite_011_transfer,trial_0017_bite_011,trial_0017,transfer,1,B0,113,113,100.0,-2.755337869197464,0.0,True,True,True,True,113,1,784,2.622680210878608,0.011293129466883656,784,0.4139623885523509,1.1293129466883645,777,16.00571073514892,77.80797111603941,770,2431.734707809383,11517.779948963605,0,113,113,0.6638362241350536,0.6578895098197854,0.5844556903165111,0.7649609018826764,0.5841104540521354,0.7767043198534387
trial_0017_bite_011_transfer,trial_0017_bite_011,trial_0017,transfer,1,B1,113,113,100.0,-2.755337869197464,0.11172833042020835,True,True,True,True,113,1,784,2.776755746058301,0.011275922700100695,784,0.4324752206013127,1.1275922700100685,777,16.16299167778498,78.60453322081393,770,2454.642132986685,11738.822642611141,0,113,113,0.6771472068664154,0.6687501769572355,0.6039092160254143,0.7774834965288299,0.6033866858293679,0.7879824563130677
trial_0017_bite_011_transfer,trial_0017_bite_011,trial_0017,transfer,1,B2,113,113,100.0,-2.755337869197464,0.08817222027637994,True,True,True,True,113,1,784,2.446394603904911,0.011289185243926525,784,0.38986193519039,1.1289185243926514,777,15.652920468696069,66.2923242964507,770,2386.5236931923682,10714.524345819293,0,113,113,0.6404554482149594,0.6400797564408758,0.5550067602304987,0.7393036621359163,0.5543771616037327,0.7503375321799275
trial_0017_bite_011_transfer,trial_0017_bite_011,trial_0017,transfer,1,B3,113,113,100.0,-2.755337869197464,0.09770548780997323,True,True,True,True,113,1,784,2.5676480971380484,0.011354074326323627,784,0.40733682799180415,1.1354074326323615,777,23.46100696166489,123.95531517480383,770,3926.4874558373267,20756.789386389526,0,113,113,0.6433274476384225,0.6414523077771657,0.5580243374750486,0.7420080824684536,0.5567471455637438,0.753165613808187
trial_0017_bite_011_transfer,trial_0017_bite_011,trial_0017,transfer,1,StrongLocal,113,113,100.0,-2.755337869197464,0.09560434236701676,True,True,True,True,113,1,784,2.5523388123080464,0.011281876646230591,784,0.4029635709835684,1.1281876646230582,777,21.144900044857653,114.48510074551145,770,3500.340117428244,20599.744818816598,0,113,113,0.6452337200568299,0.6442489050588929,0.561454986912042,0.743549891735279,0.560291571843532,0.7547123267045275
trial_0017_bite_011_transfer,trial_0017_bite_011,trial_0017,transfer,1,H_star,113,113,100.0,-2.755337869197464,0.1127887959588092,True,True,True,True,113,1,784,2.6477335684874346,0.01122713189046376,784,0.41524933742324427,1.122713189046375,777,24.114725647209383,149.21981366578382,770,4059.8780268842443,25326.790861942714,0,113,113,0.6488385423302744,0.6445173585320636,0.5692391806779813,0.7453798461466753,0.5675938317125944,0.7555749242805663
trial_0017_bite_011_transfer,trial_0017_bite_011,trial_0017,transfer,1,HumanGT,113,113,100.0,-2.755337869197464,0.0,True,True,True,True,113,1,784,2.6598157597223837,0.011297725231318445,784,0.4191718503034742,1.1297725231318434,777,18.180007244473888,71.32777523187958,770,2853.994108775246,12359.912575029743,0,113,113,0.6643095810691232,0.6579379618068011,0.5863287445531616,0.7646243028293702,0.5851847966032029,0.7755894592310559
trial_0017_bite_011_withdrawal,trial_0017_bite_011,trial_0017,withdrawal,0,B0,22,22,100.0,-2.7254856148550126,0.0,True,True,True,True,22,1,147,0.47103490166672346,0.013558820992282783,147,0.40941576218649317,1.355882099228281,140,18.02271517334508,86.01440966769403,133,2560.609904993921,13958.286742936203,0,22,22,0.6395190678404169,0.6327263762881778,0.6123984207842782,0.6800920647178357,0.6102207003393447,0.6887157228265712
trial_0017_bite_011_withdrawal,trial_0017_bite_011,trial_0017,withdrawal,0,B1,22,22,100.0,-2.7254856148550126,0.08246949644674784,True,True,True,True,22,1,147,0.4734099270216525,0.013576572309694335,147,0.4132505082177194,1.3576572309694361,140,18.084406184326532,86.08746483371732,133,2568.6019852601203,13967.552835516984,0,22,22,0.643887116351196,0.6369649818646539,0.6128120185462156,0.6887340519353884,0.6102207003393447,0.6979239232198609
trial_0017_bite_011_withdrawal,trial_0017_bite_011,trial_0017,withdrawal,0,B2,22,22,100.0,-2.7254856148550126,0.009536063571808473,True,True,True,True,22,1,147,0.4739696985911874,0.013565972295238815,147,0.40814991449325116,1.3565972295238842,140,17.99744204192263,86.43607871011926,133,2565.6263172348918,13993.456120962479,0,22,22,0.6374811995208356,0.6305773048591825,0.612078561702671,0.6768905168054891,0.6102207003393447,0.6856181769398848
trial_0017_bite_011_withdrawal,trial_0017_bite_011,trial_0017,withdrawal,0,B3,22,22,100.0,-2.7254856148550126,0.011621543515616395,True,True,True,True,22,1,147,0.5189487901083467,0.013570286223917982,147,0.4360009560519321,1.3570286223918009,140,28.442145547914407,127.62121363325107,133,4176.440005760315,19696.639772746497,0,22,22,0.6348008365106181,0.6272097054303427,0.6103468365407985,0.6738033205756223,0.6098855081743277,0.6825557686489869
trial_0017_bite_011_withdrawal,trial_0017_bite_011,trial_0017,withdrawal,0,StrongLocal,22,22,100.0,-2.7254856148550126,0.0016771441792728936,True,True,True,True,22,1,147,0.494164216791086,0.013575011572608986,147,0.4217260661870503,1.3575011572609013,140,25.707389044721975,116.93537357671424,133,3915.0449184363765,20185.487694907246,0,22,22,0.636939321562304,0.6288554548785132,0.6103754864321175,0.6783279204321879,0.6102207003393447,0.6872996636736755
trial_0017_bite_011_withdrawal,trial_0017_bite_011,trial_0017,withdrawal,0,H_star,22,22,100.0,-2.7254856148550126,0.009110116338931551,True,True,True,True,22,1,147,0.5229260692981681,0.01352858385016198,147,0.44035274219783443,1.3528583850162004,140,25.756550668993896,100.90170015840893,133,3918.664526864661,14730.325425457382,0,22,22,0.634896717862309,0.6262531121522152,0.6102471568345239,0.6741034639356577,0.6095251730416837,0.6818894728342979
trial_0017_bite_011_withdrawal,trial_0017_bite_011,trial_0017,withdrawal,0,HumanGT,22,22,100.0,-2.7254856148550126,0.0,True,True,True,True,22,1,147,0.5188868990824571,0.013561006792871312,147,0.4425850840963435,1.3561006792871337,140,19.1269628137543,88.4513512382412,133,2755.5092881483156,13917.11587166844,0,22,22,0.630979492334572,0.6251724374230156,0.6114255713407619,0.6611386000324101,0.6102207003393447,0.6693960902635414
trial_0017_bite_011_withdrawal,trial_0017_bite_011,trial_0017,withdrawal,1,B0,49,49,100.0,-2.9731579315073673,0.0,True,True,True,True,49,1,336,2.6160135401641718,0.04433311431559606,336,1.0361653439312515,4.433311431559602,329,28.972923990934962,173.6677817031481,322,3669.6916026817908,26924.980152946453,0,49,49,0.5268827269229867,0.5510114485253568,0.3471129309462337,0.626717925959325,0.30664502162769325,0.6417569236235583
trial_0017_bite_011_withdrawal,trial_0017_bite_011,trial_0017,withdrawal,1,B1,49,49,100.0,-2.9731579315073673,0.14318901803128048,True,True,True,True,49,1,336,2.58889922700941,0.043987612576468216,336,1.0218149407365769,4.398761257646818,329,29.07618993092416,171.62304248228259,322,3685.294589847921,26634.466569297398,0,49,49,0.5357274444631042,0.5633573261940752,0.36828830225286957,0.6265745656938468,0.330614439872551,0.6417569236235583
trial_0017_bite_011_withdrawal,trial_0017_bite_011,trial_0017,withdrawal,1,B2,49,49,100.0,-2.9731579315073673,0.18824213346755725,True,True,True,True,49,1,336,2.589644457275429,0.0430966689931962,336,1.011271168444782,4.309666899319616,329,30.02753806708276,163.0360551717655,322,3750.47562160692,25556.879482106542,0,49,49,0.5562607474087164,0.5897692295398389,0.41775578757468596,0.6261015371923437,0.38904813775430247,0.6417569236235583
trial_0017_bite_011_withdrawal,trial_0017_bite_011,trial_0017,withdrawal,1,B3,49,49,100.0,-2.9731579315073673,0.21430407039220256,True,True,True,True,49,1,336,2.6430404258374907,0.04302836259597065,336,1.0342495093877409,4.302836259597061,329,33.15587639430314,184.9962374276256,322,4377.038686210286,28316.026442824976,0,49,49,0.5455946420859868,0.5786096135428072,0.39460310187757497,0.6263500483608764,0.3627756840945462,0.6417569236235583
trial_0017_bite_011_withdrawal,trial_0017_bite_011,trial_0017,withdrawal,1,StrongLocal,49,49,100.0,-2.9731579315073673,0.1961720194618235,True,True,True,True,49,1,336,2.650918824187141,0.04343758478674254,336,1.042226084134407,4.34375847867425,329,33.106178033946584,184.64578864907787,322,4277.529127783399,28547.97752293151,0,49,49,0.5499472941697303,0.5825634867897718,0.4104621595374964,0.6262289884035896,0.38121619691095554,0.6417569236235583
trial_0017_bite_011_withdrawal,trial_0017_bite_011,trial_0017,withdrawal,1,H_star,49,49,100.0,-2.9731579315073673,0.20679263882934684,True,True,True,True,49,1,336,2.6902617816859618,0.04300797136411916,336,1.046740173621523,4.300797136411912,329,34.052284436065186,161.96689391189315,322,4304.2526651971,23685.3362022184,0,49,49,0.5513466638904184,0.5897956732083927,0.40930939904153896,0.6259845773770052,0.3787597883417477,0.6417569236235583
trial_0017_bite_011_withdrawal,trial_0017_bite_011,trial_0017,withdrawal,1,HumanGT,49,49,100.0,-2.9731579315073673,0.0,True,True,True,True,49,1,336,2.6721041373260066,0.044078006559184146,336,1.047927603759237,4.407800655918411,329,29.82136052065062,164.10847289310277,322,3767.535097120145,25201.462118825835,0,49,49,0.5359534382166403,0.5658794881679676,0.3741853266079096,0.6262139776515319,0.3437088037503129,0.6417569236235583
trial_0017_bite_012_transfer,trial_0017_bite_012,trial_0017,transfer,0,B0,176,176,100.0,-2.809940862602272,0.0,True,True,True,True,176,1,1225,4.593728487940779,0.014381041464149646,1225,0.48363674728314576,1.4381041464149633,1218,14.600611025609831,77.91313990589619,1211,2324.2221710179915,13752.684670240676,0,176,176,0.5779136573741662,0.5411676900300969,0.4965256144297583,0.734409722479991,0.49522757607488543,0.7452815330058467
trial_0017_bite_012_transfer,trial_0017_bite_012,trial_0017,transfer,0,B1,176,176,100.0,-2.809940862602272,0.15553889829940815,True,True,True,True,176,1,1225,4.938227638432476,0.014354121507701656,1225,0.5063102594311765,1.4354121507701643,1218,14.798984047065042,80.17731537129244,1211,2357.283316606163,14127.18350113958,0,176,176,0.6030408542108298,0.5676144767733583,0.5156941674031728,0.7668409902661182,0.5119019941178571,0.7855806214529302
trial_0017_bite_012_transfer,trial_0017_bite_012,trial_0017,transfer,0,B2,176,176,100.0,-2.809940862602272,0.009536063571808473,True,True,True,True,176,1,1225,4.214285204178315,0.014409419393275336,1225,0.45085550347889236,1.4409419393275322,1218,14.064825909929786,68.0140892405777,1211,2233.1256827407956,11998.179067326442,0,176,176,0.5391136810035206,0.5130834465216806,0.447839070596757,0.6628686444651566,0.44548065779173385,0.6775773254775661
trial_0017_bite_012_transfer,trial_0017_bite_012,trial_0017,transfer,0,B3,176,176,100.0,-2.809940862602272,0.01162154351561595,True,True,True,True,176,1,1225,4.329185086177512,0.01441113896507229,1225,0.4613972598554545,1.4411138965072277,1218,18.30676352786101,114.74195765706943,1211,2993.372573812117,17837.741100540992,0,176,176,0.5328491736208053,0.5070338848421142,0.4483876630412291,0.6619960167522229,0.445867954744366,0.6762740265090921
trial_0017_bite_012_transfer,trial_0017_bite_012,trial_0017,transfer,0,StrongLocal,176,176,100.0,-2.809940862602272,0.009268368114375924,True,True,True,True,176,1,1225,4.38684159869343,0.014387057368488776,1225,0.4644269123095492,1.4387057368488763,1218,18.3964973156017,141.69507523151356,1211,3072.364266408941,21526.68147357367,0,176,176,0.546281583711065,0.5128092680994,0.45905909314926974,0.6788764553314808,0.4570340238091646,0.692138967240739
trial_0017_bite_012_transfer,trial_0017_bite_012,trial_0017,transfer,0,H_star,176,176,100.0,-2.809940862602272,0.009638280585986259,True,True,True,True,176,1,1225,4.448528200281152,0.016247126032309378,1225,0.47220653415787683,1.6247126032309365,1218,23.652015036428775,216.09052553685135,1211,4040.374085423909,35829.70794938002,0,176,176,0.541775303476781,0.5127885310926443,0.4587329308439807,0.6699044946097105,0.45655735669618736,0.6834489179207337
trial_0017_bite_012_transfer,trial_0017_bite_012,trial_0017,transfer,0,HumanGT,176,176,100.0,-2.809940862602272,0.0,True,True,True,True,176,1,1225,4.68717340224407,0.014406115409048681,1225,0.49294403681923743,1.4406115409048668,1218,17.263129553180242,76.35135644543199,1211,2833.575237687032,13614.671260530251,0,176,176,0.5908099395151211,0.5598103309916019,0.4902401644293566,0.7419025229312755,0.4871590468106124,0.7522851695100046
trial_0017_bite_012_withdrawal,trial_0017_bite_012,trial_0017,withdrawal,0,B0,19,19,100.0,-2.7449985882840613,0.0,True,True,True,True,19,1,126,0.5028577912237924,0.01640030742338361,126,0.5536129397465136,1.640030742338364,119,23.91174684594785,93.28675808017563,112,3146.9966903690524,13498.61846346736,0,19,19,0.5722518704455336,0.5652050908070017,0.5390485145680971,0.6237670085733197,0.5379673226685302,0.6320715033883495
trial_0017_bite_012_withdrawal,trial_0017_bite_012,trial_0017,withdrawal,0,B1,19,19,100.0,-2.7449985882840613,0.08246949644674784,True,True,True,True,19,1,126,0.5038568178927894,0.01642257228356847,126,0.5564138642162124,1.6422572283568502,119,23.95171829861763,93.70678148379793,112,3152.6892611900867,13537.216794609316,0,19,19,0.5755187480548486,0.5683692871634092,0.5393536100875351,0.6302545420582828,0.5379673226685302,0.638983757768937
trial_0017_bite_012_withdrawal,trial_0017_bite_012,trial_0017,withdrawal,0,B2,19,19,100.0,-2.7449985882840613,0.009536063571808473,True,True,True,True,19,1,126,0.4936892392652652,0.016416634741727165,126,0.5507949056994074,1.6416634741727196,119,23.529751217412745,84.13940096636999,112,3103.080020208958,12346.034714464186,0,19,19,0.5718047962383658,0.5645822031623444,0.538721199987226,0.6234174869125073,0.5379673226685302,0.6319512153057838
trial_0017_bite_012_withdrawal,trial_0017_bite_012,trial_0017,withdrawal,0,B3,19,19,100.0,-2.7449985882840613,0.011621543515615507,True,True,True,True,19,1,126,0.5194624238611563,0.01645151516130028,126,0.5633887315120593,1.645151516130031,119,29.28740209619613,96.0674263769247,112,4487.453601122488,16223.08248301699,0,19,19,0.5706949362533511,0.5632524363248415,0.537958798265473,0.6231305286012984,0.5378820786379581,0.6321626602568768
trial_0017_bite_012_withdrawal,trial_0017_bite_012,trial_0017,withdrawal,0,StrongLocal,19,19,100.0,-2.7449985882840613,0.007140627742418193,True,True,True,True,19,1,126,0.5295689865988957,0.016461104705747687,126,0.5673047742200547,1.6461104705747718,119,30.783423852493787,101.03732489638682,112,4718.952754116735,17755.81446594866,0,19,19,0.5719201895971221,0.5634780438927418,0.5379667544387065,0.6256133390558746,0.5379616403702929,0.6348148508070928
trial_0017_bite_012_withdrawal,trial_0017_bite_012,trial_0017,withdrawal,0,H_star,19,19,100.0,-2.7449985882840613,0.021837854137645163,True,True,True,True,19,1,126,0.5917944784216864,0.016435699601111686,126,0.603808984567407,1.6435699601111717,119,41.58946816756522,161.00588671720038,112,6209.713903638661,25316.141937551587,0,19,19,0.5701035733347313,0.5613776055305966,0.5378319913730242,0.622477270330685,0.5366140097134702,0.6312716390027484
trial_0017_bite_012_withdrawal,trial_0017_bite_012,trial_0017,withdrawal,0,HumanGT,19,19,100.0,-2.7449985882840613,0.0,True,True,True,True,19,1,126,0.5283441013455752,0.016418743462236485,126,0.5601284256423275,1.6418743462236516,119,24.585155225750167,87.3950408532488,112,3352.526550938448,11913.573068532047,0,19,19,0.5698890517657785,0.5634612429788284,0.538987504382464,0.6180930388253992,0.5379673226685302,0.6265688669598131
trial_0017_bite_012_withdrawal,trial_0017_bite_012,trial_0017,withdrawal,1,B0,1,1,100.0,-2.792098634246749,0.0,True,True,True,True,1,1,0,0.0,,0,,,0,,,0,,,0,1,1,0.9349927813369998,0.9349927813369998,0.9349927813369998,0.9349927813369998,0.9349927813369998,0.9349927813369998
trial_0017_bite_012_withdrawal,trial_0017_bite_012,trial_0017,withdrawal,1,B1,1,1,100.0,-2.792098634246749,0.12171963860879176,True,True,True,True,1,1,0,0.0,,0,,,0,,,0,,,0,1,1,0.9349927813369998,0.9349927813369998,0.9349927813369998,0.9349927813369998,0.9349927813369998,0.9349927813369998
trial_0017_bite_012_withdrawal,trial_0017_bite_012,trial_0017,withdrawal,1,B2,1,1,100.0,-2.792098634246749,0.058767804719350725,True,True,True,True,1,1,0,0.0,,0,,,0,,,0,,,0,1,1,0.9349927813369998,0.9349927813369998,0.9349927813369998,0.9349927813369998,0.9349927813369998,0.9349927813369998
trial_0017_bite_012_withdrawal,trial_0017_bite_012,trial_0017,withdrawal,1,B3,1,1,100.0,-2.792098634246749,0.08189801484054193,True,True,True,True,1,1,0,0.0,,0,,,0,,,0,,,0,1,1,0.9349927813369998,0.9349927813369998,0.9349927813369998,0.9349927813369998,0.9349927813369998,0.9349927813369998
trial_0017_bite_012_withdrawal,trial_0017_bite_012,trial_0017,withdrawal,1,StrongLocal,1,1,100.0,-2.792098634246749,0.06418909492462666,True,True,True,True,1,1,0,0.0,,0,,,0,,,0,,,0,1,1,0.9349927813369998,0.9349927813369998,0.9349927813369998,0.9349927813369998,0.9349927813369998,0.9349927813369998
trial_0017_bite_012_withdrawal,trial_0017_bite_012,trial_0017,withdrawal,1,H_star,1,1,100.0,-2.792098634246749,0.04454505594604763,True,True,True,True,1,1,0,0.0,,0,,,0,,,0,,,0,1,1,0.9349927813369998,0.9349927813369998,0.9349927813369998,0.9349927813369998,0.9349927813369998,0.9349927813369998
trial_0017_bite_012_withdrawal,trial_0017_bite_012,trial_0017,withdrawal,1,HumanGT,1,1,100.0,-2.792098634246749,0.0,True,True,True,True,1,1,0,0.0,,0,,,0,,,0,,,0,1,1,0.9349927813369998,0.9349927813369998,0.9349927813369998,0.9349927813369998,0.9349927813369998,0.9349927813369998
trial_0017_bite_012_withdrawal,trial_0017_bite_012,trial_0017,withdrawal,2,B0,48,48,100.0,-2.9245240400032686,0.0,True,True,True,True,48,1,329,2.2090144455757086,0.043015475460329355,329,1.0055689674227004,4.301547546032932,322,28.18782117970467,119.13834025140326,315,2842.240848573682,12733.60156533625,0,48,48,0.5987887932225816,0.5872493812449614,0.49756494176199173,0.7916248993700558,0.4850352896369048,0.8175258458513461
trial_0017_bite_012_withdrawal,trial_0017_bite_012,trial_0017,withdrawal,2,B1,48,48,100.0,-2.9245240400032686,0.14134470968981416,True,True,True,True,48,1,329,2.1582284445701956,0.04251089909051764,329,0.975329775759722,4.25108990905176,322,28.32699217084459,119.02994558358395,315,2861.2961116551446,12860.766335770855,0,48,48,0.6138274256859445,0.6007465318866677,0.5242917705088509,0.7938723087969548,0.5139716995125876,0.8175055857957882
trial_0017_bite_012_withdrawal,trial_0017_bite_012,trial_0017,withdrawal,2,B2,48,48,100.0,-2.9245240400032686,0.18698977031482356,True,True,True,True,48,1,329,2.070582567129496,0.04048479455220377,329,0.8990254614601918,4.048479455220374,322,29.098629994629132,115.7753200195264,315,2947.556355213045,13484.471831359082,0,48,48,0.6659349723614337,0.6606156609672553,0.5908250783264618,0.804914366151856,0.5827855535079418,0.8173925318453634
trial_0017_bite_012_withdrawal,trial_0017_bite_012,trial_0017,withdrawal,2,B3,48,48,100.0,-2.9245240400032686,0.2208126450371184,True,True,True,True,48,1,329,2.261662889380167,0.041056997078258384,329,0.9550339744942696,4.105699707825835,322,33.60486619100106,111.32999983154849,315,3750.8751808509815,14044.726613286115,0,48,48,0.6507373929884087,0.6437133254597365,0.5528556704980433,0.8074134931086865,0.543146776128292,0.8183880161305714
trial_0017_bite_012_withdrawal,trial_0017_bite_012,trial_0017,withdrawal,2,StrongLocal,48,48,100.0,-2.9245240400032686,0.2025714952828941,True,True,True,True,48,1,329,2.206597032822245,0.0417415139635251,329,0.9407363885429287,4.1741513963525065,322,32.80058770300805,112.73701054683708,315,3741.5613716069392,14969.333872271802,0,48,48,0.6513869593470659,0.6399889606221848,0.5643866228865173,0.8064395867925853,0.556134836927441,0.8173843319874148
trial_0017_bite_012_withdrawal,trial_0017_bite_012,trial_0017,withdrawal,2,H_star,48,48,100.0,-2.9245240400032686,0.2144828931469993,True,True,True,True,48,1,329,2.144434622658345,0.041375897583739274,329,0.9244641947403304,4.137589758373924,322,32.28788444301343,116.27020933012469,315,3590.656970992946,14689.661287579052,0,48,48,0.6650305915615856,0.6598472314824585,0.5872737784304585,0.8074587625114287,0.5787496308910625,0.8201843047927551
trial_0017_bite_012_withdrawal,trial_0017_bite_012,trial_0017,withdrawal,2,HumanGT,48,48,100.0,-2.9245240400032686,0.0,True,True,True,True,48,1,329,2.1171991685031344,0.04132640260043452,329,0.9463006343143053,4.132640260043448,322,29.043480058856968,126.0775072222307,315,2984.5945016625324,11418.131248433352,0,48,48,0.6315627844298352,0.6251653666616205,0.5408409331086718,0.7997367409432842,0.5308767252535844,0.8174358753949371
trial_0017_bite_013_transfer,trial_0017_bite_013,trial_0017,transfer,0,B0,46,46,100.0,-2.8962957248431604,0.0,True,True,True,True,46,1,315,0.45052437902669173,0.006558602807950287,315,0.18614166066508098,0.6558602807950281,308,9.654718728847756,37.901856157516114,301,1575.8208617980308,6409.331112099164,0,46,46,0.4133266371994431,0.40616156836705897,0.39951871355070406,0.4333455456965473,0.39766613105619797,0.43495069387981733
trial_0017_bite_013_transfer,trial_0017_bite_013,trial_0017,transfer,0,B1,46,46,100.0,-2.8962957248431604,0.1555388982994077,True,True,True,True,46,1,315,0.4943079269973363,0.006561419370718191,315,0.1988648907955244,0.6561419370718186,308,9.67922128345752,38.07677775101042,301,1580.4103002322342,6442.825606516751,0,46,46,0.4185237855937633,0.41122544374836667,0.4017874873089085,0.4433632688336481,0.40009873830295173,0.4456479776377609
trial_0017_bite_013_transfer,trial_0017_bite_013,trial_0017,transfer,0,B2,46,46,100.0,-2.8962957248431604,0.009536063571808473,True,True,True,True,46,1,315,0.4112041371288553,0.006555588811994363,315,0.17229034293392645,0.6555588811994357,308,9.716842606790044,36.451423493066784,301,1587.2272175801313,6166.834721375453,0,46,46,0.40629637898244075,0.404111313398239,0.3971656508483166,0.41975368206843217,0.3950986715635165,0.42078234624516075
trial_0017_bite_013_transfer,trial_0017_bite_013,trial_0017,transfer,0,B3,46,46,100.0,-2.8962957248431604,0.01162154351561595,True,True,True,True,46,1,315,0.45073686814971525,0.006555135242139798,315,0.18522833718793924,0.6555135242139792,308,12.799322989908529,52.53622493514687,301,2104.7789848151965,6769.197967457549,0,46,46,0.4017914133557565,0.40067202446526673,0.3921048880202101,0.4158878200411381,0.39103096030529705,0.4174832719788766
trial_0017_bite_013_transfer,trial_0017_bite_013,trial_0017,transfer,0,StrongLocal,46,46,100.0,-2.8962957248431604,0.012909013372620404,True,True,True,True,46,1,315,0.4447849543356994,0.006557160318449107,315,0.1842143871958547,0.6557160318449101,308,12.083371206530513,40.49416346753934,301,2002.4660564398669,7271.004157438431,0,46,46,0.404894824038362,0.4019532712675018,0.394612017537001,0.42059026315542547,0.3942595228678716,0.42190728496042884
trial_0017_bite_013_transfer,trial_0017_bite_013,trial_0017,transfer,0,H_star,46,46,100.0,-2.8962957248431604,0.003120908273609224,True,True,True,True,46,1,315,0.4605588729027321,0.008577789422524962,315,0.2025520821313918,0.8577789422524954,308,17.62468632868662,82.57319948036452,301,2988.4365235865102,14715.831304233443,0,46,46,0.40385119082558674,0.4021307679023036,0.39273644484193565,0.41737039789988634,0.3918901658081446,0.4180357314124581
trial_0017_bite_013_transfer,trial_0017_bite_013,trial_0017,transfer,0,HumanGT,46,46,100.0,-2.8962957248431604,0.0,True,True,True,True,46,1,315,0.4109303705426963,0.00751399733909297,315,0.17494197851330937,0.7513997339092964,308,12.067972275772606,66.89250629249065,301,2043.5309663554099,12947.912736226435,0,46,46,0.40224804546939075,0.40199025820770196,0.3945190866788724,0.41136915574761973,0.39395426674084755,0.41252375545769304
trial_0017_bite_013_transfer,trial_0017_bite_013,trial_0017,transfer,1,B0,44,44,100.0,-2.8312190511470243,0.0,True,True,True,True,44,1,301,0.665674161999561,0.01112582539648077,301,0.2762569252980705,1.1125825396481008,294,26.53285050847756,146.14542011933545,287,4468.497758703194,24173.634758588818,0,44,44,0.5020319862953633,0.49906977931597796,0.48187651266387005,0.5314460192011417,0.4806842554168087,0.539584425416443
trial_0017_bite_013_transfer,trial_0017_bite_013,trial_0017,transfer,1,B1,44,44,100.0,-2.8312190511470243,0.061636517664585444,True,True,True,True,44,1,301,0.6912394389681271,0.011314848273039857,301,0.28594835072365926,1.13148482730401,294,26.541905190480808,145.94301272696867,287,4470.993343589422,24253.74625534873,0,44,44,0.5040761448286036,0.5013317109588051,0.48578213798208725,0.5316738136821344,0.48453548925613443,0.539584425416443
trial_0017_bite_013_transfer,trial_0017_bite_013,trial_0017,transfer,1,B2,44,44,100.0,-2.8312190511470243,0.12683951770336277,True,True,True,True,44,1,301,0.6426890398670659,0.01035597310705949,301,0.26797708340969917,1.035597310705971,294,26.27936340622433,143.99658031981937,287,4425.928740701269,22959.964639737733,0,44,44,0.5000363574493463,0.4967983268335101,0.47833292180598563,0.5313917876099077,0.4771792042431269,0.539584425416443
trial_0017_bite_013_transfer,trial_0017_bite_013,trial_0017,transfer,1,B3,44,44,100.0,-2.8312190511470243,0.1157958825822809,True,True,True,True,44,1,301,0.7266732258221711,0.012451350093626523,301,0.30490985150131217,1.245135009362679,294,35.28793554800597,164.13902724123722,287,6258.815031812898,29420.93150183131,0,44,44,0.49759343277491475,0.4934390239980213,0.47581959669179585,0.530706911082701,0.47470527328485623,0.539584425416443
trial_0017_bite_013_transfer,trial_0017_bite_013,trial_0017,transfer,1,StrongLocal,44,44,100.0,-2.8312190511470243,0.11210715970049234,True,True,True,True,44,1,301,0.6931072040514565,0.01047398196370164,301,0.2881413826732285,1.0473981963701864,294,29.627585525589012,144.69716856705688,287,4990.155730209551,22475.591812851744,0,44,44,0.49808071690026545,0.49370699282252817,0.4767715275599008,0.5305902322408338,0.47572243319943386,0.539584425416443
trial_0017_bite_013_transfer,trial_0017_bite_013,trial_0017,transfer,1,H_star,44,44,100.0,-2.8312190511470243,0.11273298408794608,True,True,True,True,44,1,301,0.726734222178727,0.01151476655602579,301,0.30355678778319334,1.1514766556026037,294,33.381340944964556,152.75295910366742,287,5851.241685473958,29333.436070662792,0,44,44,0.5010148525140421,0.4971801282356534,0.48054781122162943,0.5310121040820925,0.47936323287676075,0.539584425416443
trial_0017_bite_013_transfer,trial_0017_bite_013,trial_0017,transfer,1,HumanGT,44,44,100.0,-2.8312190511470243,0.0,True,True,True,True,44,1,301,0.6652359866000599,0.009621421897885618,301,0.2740471417939119,0.9621421897885823,294,27.433423764773753,148.53564137154424,287,4611.917393908557,22563.259527566974,0,44,44,0.5004877411021983,0.4981425953248748,0.47539954728852607,0.5324766465145079,0.4742892823853735,0.539584425416443
trial_0017_bite_013_withdrawal,trial_0017_bite_013,trial_0017,withdrawal,0,B0,20,20,100.0,-2.7661029117624913,0.0,True,True,True,True,20,1,133,0.5074796526638461,0.014613045192206187,133,0.5081331254193716,1.4613045192206173,126,20.464214907122063,60.96503638423293,119,1967.3858799520267,6950.212623036303,0,20,20,0.5949492266625743,0.5847118879679325,0.5654512625977745,0.6461069774374734,0.5624995291938486,0.6547932503863425
trial_0017_bite_013_withdrawal,trial_0017_bite_013,trial_0017,withdrawal,0,B1,20,20,100.0,-2.7661029117624913,0.08246949644674739,True,True,True,True,20,1,133,0.5147182870225326,0.014637760162968583,133,0.516860651463267,1.463776016296857,126,20.491316234954926,60.91521474438814,119,1970.6738301258051,6955.477944904592,0,20,20,0.5983335761213209,0.5879966840351223,0.5657773840988478,0.6527767375285265,0.5624995291938486,0.6618915537267851
trial_0017_bite_013_withdrawal,trial_0017_bite_013,trial_0017,withdrawal,0,B2,20,20,100.0,-2.7661029117624913,0.009536063571808029,True,True,True,True,20,1,133,0.5018150805555188,0.014641741958661747,133,0.5087927653472077,1.4641741958661734,126,20.537714198070223,61.19688791560222,119,1950.7501283737647,6715.480709193147,0,20,20,0.5952840605669315,0.5849719657450043,0.5653527274901385,0.6471280129020701,0.5624995291938486,0.6562237874807906
trial_0017_bite_013_withdrawal,trial_0017_bite_013,trial_0017,withdrawal,0,B3,20,20,100.0,-2.7661029117624913,0.01162154351561595,True,True,True,True,20,1,133,0.5494398628024544,0.014719445501343742,133,0.5348377507174157,1.4719445501343729,126,27.63701391600659,117.96047033408641,119,3285.8599897080994,11361.457707901758,0,20,20,0.5926327392575786,0.5811061081478242,0.5631784558001017,0.6453946618250713,0.5624995291938486,0.6555421814440106
trial_0017_bite_013_withdrawal,trial_0017_bite_013,trial_0017,withdrawal,0,StrongLocal,20,20,100.0,-2.7661029117624913,0.014029906573933548,True,True,True,True,20,1,133,0.5508787487485276,0.014717959425447623,133,0.5338266806600669,1.4717959425447609,126,27.007441792443352,122.50607848493189,119,3101.197114274546,11880.924027159346,0,20,20,0.5947736651677873,0.582984087453311,0.5636844178360438,0.649006640829473,0.5624995291938486,0.6591538904937675
trial_0017_bite_013_withdrawal,trial_0017_bite_013,trial_0017,withdrawal,0,H_star,20,20,100.0,-2.7661029117624913,0.03130289337298153,True,True,True,True,20,1,133,0.5593711714158096,0.01468218997565085,133,0.5453063276635014,1.4682189975650837,126,31.153397232247805,168.50466506229898,119,3621.777987299136,14888.744270273868,0,20,20,0.5923870070715357,0.5813133009187283,0.562499451073571,0.6452709875699427,0.5624979667882979,0.654903464688724
trial_0017_bite_013_withdrawal,trial_0017_bite_013,trial_0017,withdrawal,0,HumanGT,20,20,100.0,-2.7661029117624913,0.0,True,True,True,True,20,1,133,0.5266322792937199,0.014687711681940383,133,0.5128788392450175,1.468771168194037,126,21.11326619318492,62.278095178260905,119,2151.922569032513,6918.403447348623,0,20,20,0.5893970012098676,0.5790733277178424,0.5647131449403273,0.6365066400780022,0.5624995291938486,0.6461409282709365
trial_0017_bite_013_withdrawal,trial_0017_bite_013,trial_0017,withdrawal,1,B0,59,59,100.0,-2.961215508665443,0.0,True,True,True,True,59,1,406,4.640341313422857,0.0651866636195857,406,1.611134565711928,6.518666361958563,399,42.20246379779755,257.21498841976444,392,3868.9320948772165,38718.69666828586,0,59,59,0.5450014521814307,0.5188711265679262,0.31057606268927956,0.8521095228948893,0.3063840624825649,0.9315856422209603
trial_0017_bite_013_withdrawal,trial_0017_bite_013,trial_0017,withdrawal,1,B1,59,59,100.0,-2.961215508665443,0.12807410887464465,True,True,True,True,59,1,406,4.535199885557268,0.06450194641933571,406,1.5804630531362984,6.450194641933566,399,42.1786613736406,254.11726542218415,392,3871.4035259346124,38083.344750021635,0,59,59,0.557894301555072,0.5383066778780556,0.3308984340851391,0.8520340820452107,0.32611382046699,0.9315856422209603
trial_0017_bite_013_withdrawal,trial_0017_bite_013,trial_0017,withdrawal,1,B2,59,59,100.0,-2.961215508665443,0.12830352838190606,True,True,True,True,59,1,406,4.131807051693161,0.06007143922474878,406,1.4453410407875071,6.007143922474873,399,42.451850426216225,232.48371962473826,392,3931.1696299857304,33904.292832709696,0,59,59,0.6264561280951585,0.6514648950066997,0.40433473671581727,0.8515515207373142,0.4038755874297584,0.9315856422209603
trial_0017_bite_013_withdrawal,trial_0017_bite_013,trial_0017,withdrawal,1,B3,59,59,100.0,-2.961215508665443,0.19532188847169962,True,True,True,True,59,1,406,4.515550628200902,0.05796314647481537,406,1.5112680410973542,5.796314647481531,399,44.23313591015125,191.6652904572743,392,4086.007983520375,29032.24739194413,0,59,59,0.6026679582405765,0.6059154629665893,0.3527850216957338,0.851493270585198,0.348614806778776,0.9315856422209603
trial_0017_bite_013_withdrawal,trial_0017_bite_013,trial_0017,withdrawal,1,StrongLocal,59,59,100.0,-2.961215508665443,0.16324582115215858,True,True,True,True,59,1,406,4.369978167581097,0.05901785204618193,406,1.4954702376746203,5.901785204618188,399,44.88406705721524,203.28300448602084,392,4365.445887520768,31120.166635261543,0,59,59,0.6065071820580261,0.6175010503669514,0.36521942261364354,0.8515260305196481,0.3617551224573623,0.9315856422209603
trial_0017_bite_013_withdrawal,trial_0017_bite_013,trial_0017,withdrawal,1,H_star,59,59,100.0,-2.961215508665443,0.1411066986907321,True,True,True,True,59,1,406,4.3276975938922515,0.05836063636846145,406,1.4751835248005511,5.83606363684614,399,51.64377899888461,185.0687258734759,392,5398.394869952421,29779.453733541774,0,59,59,0.6352736012959286,0.6823430837296716,0.389498179196084,0.8513531512894198,0.38869523238625914,0.9315856422209603
trial_0017_bite_013_withdrawal,trial_0017_bite_013,trial_0017,withdrawal,1,HumanGT,59,59,100.0,-2.961215508665443,0.0,True,True,True,True,59,1,406,4.12237484450382,0.05307389505365823,406,1.436636022821438,5.307389505365818,399,43.103348120706094,223.98428288716372,392,4023.5709953867895,34513.5292637603,0,59,59,0.6420564369501812,0.6890193223573851,0.4009979035471254,0.8507309862694825,0.3980975260280226,0.9315856422209603
trial_0017_bite_014_transfer,trial_0017_bite_014,trial_0017,transfer,0,B0,232,232,100.0,-2.8165960231675338,0.0,True,True,True,True,232,1,1617,5.581764529410629,0.013667943093152779,1617,0.4298594981670682,1.3667943093152806,1610,14.787654021858348,114.19082729857456,1603,2293.487412069553,19355.30614368312,0,232,232,0.49926473732477367,0.49581625416925235,0.29469128169865194,0.7111128184314289,0.2815082049541011,0.7353490260014741
trial_0017_bite_014_transfer,trial_0017_bite_014,trial_0017,transfer,0,B1,232,232,100.0,-2.8165960231675338,0.1555388982994077,True,True,True,True,232,1,1617,5.825174273541064,0.013666628169208828,1617,0.4443642916521306,1.3666628169208854,1610,14.911068380315228,116.32821737448153,1603,2311.5925296246,19644.339319252067,0,232,232,0.5198771692593902,0.5204279695455605,0.30507353592129477,0.7386411133092985,0.29141864395624917,0.7636222573928793
trial_0017_bite_014_transfer,trial_0017_bite_014,trial_0017,transfer,0,B2,232,232,100.0,-2.8165960231675338,0.009536063571808473,True,True,True,True,232,1,1617,5.261612505456942,0.013668554624684859,1617,0.40432826759394525,1.3668554624684885,1610,14.314624051066382,99.0086113795206,1603,2220.481528541195,16794.74648802867,0,232,232,0.447998199279004,0.4446449620416111,0.2704226409410802,0.6330208973113814,0.2608364071983036,0.6565621614937152
trial_0017_bite_014_transfer,trial_0017_bite_014,trial_0017,transfer,0,B3,232,232,100.0,-2.8165960231675338,0.01162154351561595,True,True,True,True,232,1,1617,5.460964464459728,0.02488673568482147,1617,0.42290248992575297,2.488673568482147,1610,22.071640765245576,257.6633485134061,1603,3452.6412781754766,26352.370705710284,0,232,232,0.4490534262133392,0.4450732348997586,0.26966536378345013,0.638029389154933,0.2613117886075025,0.6622151387985538
trial_0017_bite_014_transfer,trial_0017_bite_014,trial_0017,transfer,0,StrongLocal,232,232,100.0,-2.8165960231675338,0.011600427959182813,True,True,True,True,232,1,1617,5.4023267066677665,0.020072701074933086,1617,0.4174713236594674,2.0072701074933086,1610,19.373300996092155,213.91708397464404,1603,3007.7804256318364,21296.017230465484,0,232,232,0.46010577509332945,0.45466123212327203,0.280725884611987,0.6508919929003188,0.27101572418737496,0.6752119860406696
trial_0017_bite_014_transfer,trial_0017_bite_014,trial_0017,transfer,0,H_star,232,232,100.0,-2.8165960231675338,0.004079086086632433,True,True,True,True,232,1,1617,5.602899854198068,0.022612870850684752,1617,0.4328800059616419,2.261287085068475,1610,22.494559536697246,258.5226389377815,1603,3399.8817505368957,27341.110858400225,0,232,232,0.471502210899257,0.4662895157855269,0.2830192158385807,0.6641584030875274,0.2723653526166778,0.6874463815671439
trial_0017_bite_014_transfer,trial_0017_bite_014,trial_0017,transfer,0,HumanGT,232,232,100.0,-2.8165960231675338,0.0,True,True,True,True,232,1,1617,5.590804896666347,0.013669599383478115,1617,0.42858878762568625,1.3669599383478142,1610,15.865442348006118,109.86887902822743,1603,2510.603989207788,18907.080865832515,0,232,232,0.490027020372572,0.4939080306802035,0.2853771724224619,0.6895193652281176,0.27309547816080526,0.7132142308425116
trial_0017_bite_014_withdrawal,trial_0017_bite_014,trial_0017,withdrawal,0,B0,149,149,100.0,-2.7836209513032295,0.0,True,True,True,True,149,1,1036,7.9451570810137735,0.046148248615841325,1036,1.1552378784582928,4.614824861584128,1029,30.27857514117273,280.36709731961827,1022,3319.86008684293,34641.972131749935,0,149,149,0.4637233371750467,0.3117551597957684,0.21350488467251588,0.8791476074993979,0.1817113757298765,0.9324286240759365
trial_0017_bite_014_withdrawal,trial_0017_bite_014,trial_0017,withdrawal,0,B1,149,149,100.0,-2.7836209513032295,0.08246949644674828,True,True,True,True,149,1,1036,7.89193516067891,0.04568151515655661,1036,1.1454997107503464,4.568151515655656,1029,30.41658884375472,280.57201282488023,1022,3336.2971838559206,34669.124538103475,0,149,149,0.4784906580783436,0.3401811583922498,0.23481017819008904,0.8830029188880492,0.20666990857140455,0.9452398763668981
trial_0017_bite_014_withdrawal,trial_0017_bite_014,trial_0017,withdrawal,0,B2,149,149,100.0,-2.7836209513032295,0.009536063571808917,True,True,True,True,149,1,1036,7.302497218969529,0.04370804464896417,1036,1.0400580308141134,4.370804464896413,1029,30.68621017813331,279.06216625722914,1022,3391.372887624376,34236.729382489924,0,149,149,0.5417563861121094,0.5051683742383695,0.3167656268370713,0.8818288040680211,0.2999761412709052,0.9518138447722135
trial_0017_bite_014_withdrawal,trial_0017_bite_014,trial_0017,withdrawal,0,B3,149,149,100.0,-2.7836209513032295,0.01162154351561595,True,True,True,True,149,1,1036,7.946577028090565,0.04460231534105663,1036,1.1136622557865778,4.4602315341056595,1029,38.640099691177014,327.97625673466797,1022,4405.7383494993865,39300.32626460015,0,149,149,0.537131700130981,0.5279152142201262,0.30341685511152916,0.8834526367113392,0.2887928844280534,0.9515018734378757
trial_0017_bite_014_withdrawal,trial_0017_bite_014,trial_0017,withdrawal,0,StrongLocal,149,149,100.0,-2.7836209513032295,0.007437411880135247,True,True,True,True,149,1,1036,7.820148146337846,0.04454963052766203,1036,1.0995117872456894,4.4549630527662,1029,35.28667494056797,308.20312206820705,1022,3899.51672869708,36538.005322685174,0,149,149,0.5380071319699573,0.5239207820431915,0.3092272569282004,0.8825405486610965,0.29494519882653236,0.9514852229184858
trial_0017_bite_014_withdrawal,trial_0017_bite_014,trial_0017,withdrawal,0,H_star,149,149,100.0,-2.7836209513032295,0.021701823606029347,True,True,True,True,149,1,1036,7.749417224613866,0.043866673503768716,1036,1.0761004975334436,4.386667350376868,1029,36.08737514730608,245.105012991429,1022,4200.620390591714,30569.223823316184,0,149,149,0.5421034161080321,0.551788819970791,0.28689849478677887,0.8774995516480318,0.26903626584845064,0.9517328979798632
trial_0017_bite_014_withdrawal,trial_0017_bite_014,trial_0017,withdrawal,0,HumanGT,149,149,100.0,-2.7836209513032295,0.0,True,True,True,True,149,1,1036,7.253674240343863,0.04211847949863845,1036,1.0198214154633671,4.2118479498638415,1029,31.469496326118946,278.80316882983993,1022,3540.613789691208,34676.189018457066,0,149,149,0.5674283240860635,0.600498250717636,0.32278173498846846,0.8801170390591292,0.30586817636229124,0.9517920926689469
trial_0017_bite_015_transfer,trial_0017_bite_015,trial_0017,transfer,0,B0,332,332,100.0,-2.8573783570368456,0.0,True,True,True,True,332,1,2317,5.518041823803214,0.01354259577926431,2317,0.29936334128988434,1.35425957792643,2310,11.828909467241402,85.38087487804161,2303,1789.7310364876878,14282.253690772197,0,332,332,0.6210519870496536,0.6013351204479673,0.4470865980369177,0.8210117814409826,0.4303038143221023,0.8439946389730055
trial_0017_bite_015_transfer,trial_0017_bite_015,trial_0017,transfer,0,B1,332,332,100.0,-2.8573783570368456,0.1555388982994077,True,True,True,True,332,1,2317,5.778992509915429,0.013544717962581387,2317,0.3107495507468116,1.3544717962581376,2310,11.993708583253206,87.56183979680914,2303,1817.2752161936403,14618.374738413106,0,332,332,0.6444416602298241,0.625739072610326,0.45037000566021296,0.8539751825946865,0.4331051953455398,0.8756899188876766
trial_0017_bite_015_transfer,trial_0017_bite_015,trial_0017,transfer,0,B2,332,332,100.0,-2.8573783570368456,0.009536063571808473,True,True,True,True,332,1,2317,5.213390788862778,0.013536978121298837,2317,0.2842950917128747,1.3536978121298826,2310,11.491901195282093,76.78232952950741,2303,1733.4977789495686,12369.626535507841,0,332,332,0.5784519814099518,0.5551272379145543,0.43639462386270816,0.7624512050705003,0.42011260640790016,0.7882464552335118
trial_0017_bite_015_transfer,trial_0017_bite_015,trial_0017,transfer,0,B3,332,332,100.0,-2.8573783570368456,0.01162154351561595,True,True,True,True,332,1,2317,5.505589092845673,0.023329111651042123,2317,0.30452238338187837,2.3329111651042123,2310,18.526381709085776,242.25182573461845,2303,2940.7473402858222,24031.090798453784,0,332,332,0.5775436493146279,0.5575886590969598,0.4240448854581298,0.7657429658286065,0.4077402164285928,0.7927135200525735
trial_0017_bite_015_transfer,trial_0017_bite_015,trial_0017,transfer,0,StrongLocal,332,332,100.0,-2.8573783570368456,0.012618824152669461,True,True,True,True,332,1,2317,5.463919063253154,0.016440645210626936,2317,0.2979961461808828,1.6440645210626936,2310,15.956823508517806,167.55022726174573,2303,2537.282345792751,15275.872737729793,0,332,332,0.5883976513710101,0.5682316049248723,0.43084461237998345,0.7798666736209902,0.4141955449170722,0.8047138014784505
trial_0017_bite_015_transfer,trial_0017_bite_015,trial_0017,transfer,0,H_star,332,332,100.0,-2.8573783570368456,0.0026495089324165555,True,True,True,True,332,1,2317,5.61208507884122,0.018440663429445836,2317,0.30929154230648187,1.8440663429445836,2310,19.252977233549313,199.1146163834534,2303,3126.4265840051144,22048.69611029697,0,332,332,0.5915577476621373,0.566190523721228,0.4276714334235227,0.7903935170188509,0.41431523228026834,0.8146923372546189
trial_0017_bite_015_transfer,trial_0017_bite_015,trial_0017,transfer,0,HumanGT,332,332,100.0,-2.8573783570368456,0.0,True,True,True,True,332,1,2317,5.558456481890565,0.01352849997017902,2317,0.3015548413803111,1.3528499970179009,2310,13.22888495762626,80.07695424775287,2303,2050.204502058026,13808.285517680499,0,332,332,0.5894689015080028,0.5836821604964315,0.41049557969497247,0.7857814102055867,0.40100081683398225,0.8119637856189872
trial_0017_bite_015_withdrawal,trial_0017_bite_015,trial_0017,withdrawal,0,B0,39,39,100.0,-2.8014532822568303,0.0,True,True,True,True,39,1,266,1.3536844060430058,0.02466836413938811,266,0.7522007361879622,2.466836413938809,259,19.067194583380935,138.36270378225964,252,2410.2695498664216,18219.795642519137,0,39,39,0.6934903551297069,0.6593195958513025,0.6119625967402483,0.8511259821410139,0.6088018086723519,0.8763228255241469
trial_0017_bite_015_withdrawal,trial_0017_bite_015,trial_0017,withdrawal,0,B1,39,39,100.0,-2.8014532822568303,0.08246949644674784,True,True,True,True,39,1,266,1.3312948835909388,0.024682939782143976,266,0.746308952816084,2.4682939782143953,259,19.226323564339616,140.10314891886617,252,2433.1007449306335,18496.344788461574,0,39,39,0.70274976353999,0.667708919681326,0.6127598930397159,0.8711864330821937,0.6088018086723519,0.8982895684946097
trial_0017_bite_015_withdrawal,trial_0017_bite_015,trial_0017,withdrawal,0,B2,39,39,100.0,-2.8014532822568303,0.009536063571808473,True,True,True,True,39,1,266,1.2559768920013394,0.024690466989385484,266,0.723913774631504,2.4690466989385462,259,19.191960490365148,114.2669463885768,252,2463.8717591438112,15273.120759863936,0,39,39,0.6941179604276927,0.6572050442907305,0.6116283066814205,0.8606617934525777,0.6088018086723519,0.8888182716327444
trial_0017_bite_015_withdrawal,trial_0017_bite_015,trial_0017,withdrawal,0,B3,39,39,100.0,-2.8014532822568303,0.01162154351561595,True,True,True,True,39,1,266,1.2756947351613315,0.024810307766556686,266,0.7285272270125596,2.4810307766556665,259,25.759431836856226,213.12058976857136,252,3537.8981496639753,29373.91587746766,0,39,39,0.6930136864484681,0.654170977912715,0.6096793144058396,0.8652359788686609,0.6078875947634179,0.8928021509182233
trial_0017_bite_015_withdrawal,trial_0017_bite_015,trial_0017,withdrawal,0,StrongLocal,39,39,100.0,-2.8014532822568303,0.006275168506500339,True,True,True,True,39,1,266,1.237451124893874,0.02471791984835647,266,0.7195713466742484,2.4717919848356447,259,21.77474178674874,111.57730632159058,252,3032.643599953243,16485.4616118983,0,39,39,0.6963256722557355,0.6579132302697674,0.6101985888928076,0.8696362971779669,0.6082741485729066,0.89957186268839
trial_0017_bite_015_withdrawal,trial_0017_bite_015,trial_0017,withdrawal,0,H_star,39,39,100.0,-2.8014532822568303,0.0163692973809062,True,True,True,True,39,1,266,1.3053659036393501,0.024760930721961397,266,0.7329963946801502,2.4760930721961376,259,28.807959855639,148.4690184577264,252,4365.9028125235345,22302.819692891168,0,39,39,0.6924504314083926,0.6543658960157988,0.6097993206690606,0.8597839705407267,0.606783517478652,0.8917507450795368
trial_0017_bite_015_withdrawal,trial_0017_bite_015,trial_0017,withdrawal,0,HumanGT,39,39,100.0,-2.8014532822568303,0.0,True,True,True,True,39,1,266,1.2247812125559672,0.024822086456083525,266,0.7072305813671954,2.4822086456083503,259,19.222444765807158,136.92281531378444,252,2494.459546628507,18529.170322238948,0,39,39,0.6887976409135279,0.6490770175571416,0.610862998137069,0.8621746456286793,0.6088018086723519,0.8943676941662195
trial_0017_bite_015_withdrawal,trial_0017_bite_015,trial_0017,withdrawal,1,B0,1,1,100.0,-2.915316286864926,0.0,True,True,True,True,1,1,0,0.0,,0,,,0,,,0,,,0,1,1,1.0088973875559182,1.0088973875559182,1.0088973875559182,1.0088973875559182,1.0088973875559182,1.0088973875559182
trial_0017_bite_015_withdrawal,trial_0017_bite_015,trial_0017,withdrawal,1,B1,1,1,100.0,-2.915316286864926,0.13816158832673642,True,True,True,True,1,1,0,0.0,,0,,,0,,,0,,,0,1,1,1.0088973875559182,1.0088973875559182,1.0088973875559182,1.0088973875559182,1.0088973875559182,1.0088973875559182
trial_0017_bite_015_withdrawal,trial_0017_bite_015,trial_0017,withdrawal,1,B2,1,1,100.0,-2.915316286864926,0.0635427364834169,True,True,True,True,1,1,0,0.0,,0,,,0,,,0,,,0,1,1,1.0088973875559182,1.0088973875559182,1.0088973875559182,1.0088973875559182,1.0088973875559182,1.0088973875559182
trial_0017_bite_015_withdrawal,trial_0017_bite_015,trial_0017,withdrawal,1,B3,1,1,100.0,-2.915316286864926,0.10465476060134016,True,True,True,True,1,1,0,0.0,,0,,,0,,,0,,,0,1,1,1.0088973875559182,1.0088973875559182,1.0088973875559182,1.0088973875559182,1.0088973875559182,1.0088973875559182
trial_0017_bite_015_withdrawal,trial_0017_bite_015,trial_0017,withdrawal,1,StrongLocal,1,1,100.0,-2.915316286864926,0.08655014837673214,True,True,True,True,1,1,0,0.0,,0,,,0,,,0,,,0,1,1,1.0088973875559182,1.0088973875559182,1.0088973875559182,1.0088973875559182,1.0088973875559182,1.0088973875559182
trial_0017_bite_015_withdrawal,trial_0017_bite_015,trial_0017,withdrawal,1,H_star,1,1,100.0,-2.915316286864926,0.06061345175067956,True,True,True,True,1,1,0,0.0,,0,,,0,,,0,,,0,1,1,1.0088973875559182,1.0088973875559182,1.0088973875559182,1.0088973875559182,1.0088973875559182,1.0088973875559182
trial_0017_bite_015_withdrawal,trial_0017_bite_015,trial_0017,withdrawal,1,HumanGT,1,1,100.0,-2.915316286864926,0.0,True,True,True,True,1,1,0,0.0,,0,,,0,,,0,,,0,1,1,1.0088973875559182,1.0088973875559182,1.0088973875559182,1.0088973875559182,1.0088973875559182,1.0088973875559182
trial_0017_bite_015_withdrawal,trial_0017_bite_015,trial_0017,withdrawal,2,B0,5,5,100.0,-2.9470426357230095,0.0,True,True,True,True,5,1,28,0.3953799303674965,0.03513472472858137,28,1.797341084210826,3.5134724728581337,21,68.4128007445632,165.0656942719483,14,12501.56875932172,31532.63717589319,0,5,5,0.9832939143217165,0.982830538649146,0.9803047845007766,0.9876890238628917,0.9800572993953749,0.98871937022426
trial_0017_bite_015_withdrawal,trial_0017_bite_015,trial_0017,withdrawal,2,B1,5,5,100.0,-2.9470426357230095,0.140693047048555,True,True,True,True,5,1,28,0.38157691514498615,0.034012284686766765,28,1.7287539157264427,3.4012284686766736,21,68.5351745996009,165.11990214381078,14,12513.684118255978,31562.915267071487,0,5,5,0.9832476916902287,0.9828057225857094,0.9802487161615975,0.9876751329218325,0.9800094662929784,0.98871937022426
trial_0017_bite_015_withdrawal,trial_0017_bite_015,trial_0017,withdrawal,2,B2,5,5,100.0,-2.9470426357230095,0.07787303807572998,True,True,True,True,5,1,28,0.32758507593948005,0.02899022945446994,28,1.436376154160864,2.8990229454469914,21,71.80770965795661,161.42060686687967,14,13296.151962516065,26056.530023891894,0,5,5,0.983048480709263,0.9827136937287586,0.9800310745763001,0.9876110735312857,0.9798413066825311,0.98871937022426
trial_0017_bite_015_withdrawal,trial_0017_bite_015,trial_0017,withdrawal,2,B3,5,5,100.0,-2.9470426357230095,0.12252197626572414,True,True,True,True,5,1,28,0.28027028707715496,0.028358923254185875,28,1.289017876822327,2.835892325418585,21,80.32654821452358,257.4150462823161,14,13754.700181152191,42173.60547829007,0,5,5,0.9829485805387538,0.9826573638816989,0.9798962607801515,0.987599656778324,0.9797453127691758,0.98871937022426
trial_0017_bite_015_withdrawal,trial_0017_bite_015,trial_0017,withdrawal,2,StrongLocal,5,5,100.0,-2.9470426357230095,0.11065536560453282,True,True,True,True,5,1,28,0.30856671901717014,0.028289018567908997,28,1.3130504335227713,2.828901856790897,21,89.00804533649826,214.33716500540675,14,16934.67896178609,37080.65492602576,0,5,5,0.9829397616726018,0.9826878959825911,0.9799373566727607,0.9875684676411185,0.9797866995053994,0.98871937022426
trial_0017_bite_015_withdrawal,trial_0017_bite_015,trial_0017,withdrawal,2,H_star,5,5,100.0,-2.9470426357230095,0.0865955272035448,True,True,True,True,5,1,28,0.24076335085058598,0.02526734088296223,28,1.0864018971985896,2.526734088296221,21,71.52337439575459,181.06024001229372,14,13005.46553153015,29447.160304574205,0,5,5,0.9827275120343131,0.9825936161427895,0.9796621121998739,0.987519013280173,0.9795678575662259,0.98871937022426
trial_0017_bite_015_withdrawal,trial_0017_bite_015,trial_0017,withdrawal,2,HumanGT,5,5,100.0,-2.9470426357230095,0.0,True,True,True,True,5,1,28,0.21761001323497875,0.02176895525468314,28,1.0162704556643791,2.176895525468312,21,69.69940331274093,154.48045596379217,14,12811.496259808035,30099.395006287472,0,5,5,0.98249456206456,0.9823556752069804,0.9793577448261415,0.9874657707978085,0.9792807774437167,0.98871937022426
trial_0017_bite_015_withdrawal,trial_0017_bite_015,trial_0017,withdrawal,3,B0,30,30,100.0,3.100723397036245,0.0,True,True,True,True,30,1,203,1.8353999512371426,0.03279210589650461,203,1.1519764979038065,3.2792105896504578,196,41.84531369535741,222.16333575463,189,5391.846579876925,33643.84549802492,0,30,30,0.855975085182287,0.8268096242848857,0.777889654505365,1.001668385898912,0.7773453627640878,1.032735259595102
trial_0017_bite_015_withdrawal,trial_0017_bite_015,trial_0017,withdrawal,3,B1,30,30,100.0,3.100723397036245,0.1558817993794599,True,True,True,True,30,1,203,1.7721988337496797,0.03322884772910362,203,1.1206015387387487,3.3228847729103586,196,42.08781597112723,223.01345951046565,189,5425.478077621088,33817.07174813089,0,30,30,0.8699052127713902,0.8438426430737963,0.8023361989786681,1.003189270528223,0.8012955483037185,1.032735259595102
trial_0017_bite_015_withdrawal,trial_0017_bite_015,trial_0017,withdrawal,3,B2,30,30,100.0,3.100723397036245,0.16281122167077067,True,True,True,True,30,1,203,1.6990100262356196,0.03342748246901639,203,1.0715082807991096,3.342748246901636,196,42.150425224642845,219.58215820003304,189,5432.603740121881,33017.00997627934,0,30,30,0.8898079980912443,0.8687145335467591,0.827803762500269,1.0072915942479512,0.8257956736041114,1.032735259595102
trial_0017_bite_015_withdrawal,trial_0017_bite_015,trial_0017,withdrawal,3,B3,30,30,100.0,3.100723397036245,0.2422233944801997,True,True,True,True,30,1,203,1.8547762402047028,0.031049644906322,203,1.147351357244521,3.1049644906321974,196,45.6526855542754,205.9767690928012,189,5953.748960028223,30973.21458430837,0,30,30,0.8608306189405543,0.8287936125712486,0.7767512041250266,1.0054053093854434,0.774833234931702,1.032735259595102
trial_0017_bite_015_withdrawal,trial_0017_bite_015,trial_0017,withdrawal,3,StrongLocal,30,30,100.0,3.100723397036245,0.2289481382455767,True,True,True,True,30,1,203,1.8056698173502193,0.03224231230177921,203,1.1203777969948447,3.224231230177918,196,44.466476485956754,213.57322311369182,189,5762.659156790825,32256.314840587576,0,30,30,0.8685101771659682,0.8379602210326165,0.7928638320024366,1.005223214920737,0.7910446265030173,1.032735259595102
trial_0017_bite_015_withdrawal,trial_0017_bite_015,trial_0017,withdrawal,3,H_star,30,30,100.0,3.100723397036245,0.24495175988648876,True,True,True,True,30,1,203,1.755850971433747,0.03417421079775407,203,1.0927503607672406,3.4174210797754037,196,49.66493838923468,187.45594485521232,189,6721.983354642744,29788.59246445956,0,30,30,0.8966792428309819,0.8766378254544027,0.8405345918547109,1.0079008449119564,0.8395874601124724,1.032735259595102
trial_0017_bite_015_withdrawal,trial_0017_bite_015,trial_0017,withdrawal,3,HumanGT,30,30,100.0,3.100723397036245,0.0,True,True,True,True,30,1,203,1.7214511573786375,0.03458754056248203,203,1.0620091902807627,3.4587540562482,196,43.433687017939626,239.3816325260585,189,5719.603400045882,35207.76226106638,0,30,30,0.8955017430978327,0.8670629223153128,0.815123162209408,1.018829255450828,0.813796269184307,1.032735259595102
trial_0019_bite_001_transfer,trial_0019_bite_001,trial_0019,transfer,0,B0,106,106,100.0,-2.988186891276124,0.0,True,True,True,True,106,1,735,3.930801942448015,0.022488273647434776,735,0.6991712567339233,2.2488273647434758,728,13.048821732693296,61.82889234404241,721,1771.6507840682282,7520.482192212777,0,106,106,0.6042956684396164,0.7060880509663336,0.38838263881042573,0.7519998615892936,0.38447717763076916,0.7589804187486786
trial_0019_bite_001_transfer,trial_0019_bite_001,trial_0019,transfer,0,B1,106,106,100.0,-2.988186891276124,0.173173074367996,True,True,True,True,106,1,735,4.118666185911682,0.023320213908606835,735,0.7404874589249484,2.3320213908606813,728,13.224784324814905,61.72142312554918,721,1804.356607358808,7843.232950437853,0,106,106,0.6255360144662425,0.735620344697423,0.4025467034470528,0.7748484870061074,0.4002128054176144,0.7803724305329611
trial_0019_bite_001_transfer,trial_0019_bite_001,trial_0019,transfer,0,B2,106,106,100.0,-2.988186891276124,0.0015481091395632696,True,True,True,True,106,1,735,3.6182271535192685,0.01967061103626233,735,0.6217733925704749,1.9670611036262313,728,12.740129086125181,60.8590153830413,721,1715.6655382657414,6623.424647077752,0,106,106,0.5569934980880309,0.6360994993150348,0.36748084867908304,0.6940345727601558,0.3624993405742738,0.7013535941363223
trial_0019_bite_001_transfer,trial_0019_bite_001,trial_0019,transfer,0,B3,106,106,100.0,-2.988186891276124,0.0005139087490562133,True,True,True,True,106,1,735,3.7191537227775537,0.02175735705530002,735,0.6441377464543923,2.17573570553,728,21.812651466560073,168.02178244362364,721,3147.1748086918415,15522.890210365016,0,106,106,0.5459406919935661,0.6293425006082232,0.3442324824877551,0.6865088602004499,0.3379005429049271,0.6941820250812984
trial_0019_bite_001_transfer,trial_0019_bite_001,trial_0019,transfer,0,StrongLocal,106,106,100.0,-2.988186891276124,0.021543041750865743,True,True,True,True,106,1,735,3.6903589844534737,0.021774678660840374,735,0.6375625396680122,2.1774678660840374,728,19.099102210405785,162.8739836856985,721,2678.374133053996,15035.590646409695,0,106,106,0.5574472104890018,0.6413195357764815,0.3604236892299837,0.6961055938101866,0.3554903005147796,0.7044896994553689
trial_0019_bite_001_transfer,trial_0019_bite_001,trial_0019,transfer,0,H_star,106,106,100.0,-2.988186891276124,0.004162501386593576,True,True,True,True,106,1,735,3.6722702196840977,0.018696044548959016,735,0.6299175140865525,1.8696044548958999,728,22.217001613188852,126.65466235525236,721,3509.549947838819,14351.726457102437,0,106,106,0.543914943579727,0.6232992324404218,0.3557784516712339,0.6810241722834527,0.3493372224709377,0.6901279136073448
trial_0019_bite_001_transfer,trial_0019_bite_001,trial_0019,transfer,0,HumanGT,106,106,100.0,-2.988186891276124,0.0,True,True,True,True,106,1,735,3.5566929034956996,0.01998955736597141,735,0.6205586452299776,1.9989557365971393,728,14.609822418597375,58.189499320398276,721,2064.2968375818887,8790.31368480694,0,106,106,0.5725270673023266,0.6459639409120166,0.3970794198825143,0.7013360347944557,0.3927945317915993,0.7060553785824655
trial_0019_bite_001_withdrawal,trial_0019_bite_001,trial_0019,withdrawal,0,B0,91,91,100.0,-2.7909129997585036,0.0,True,True,True,True,91,1,630,6.472606594266602,0.03270341533604083,630,1.2685411988211253,3.270341533604098,623,23.732024973908334,105.44725180717616,616,3292.099693352289,15326.964835527431,0,91,91,0.5695990421178493,0.5321034481226845,0.3199665348379841,0.8809026778609659,0.31608013813355873,0.9201262053644905
trial_0019_bite_001_withdrawal,trial_0019_bite_001,trial_0019,withdrawal,0,B1,91,91,100.0,-2.7909129997585036,0.0912318137382111,True,True,True,True,91,1,630,6.593019035998344,0.03326815594538335,630,1.292255790377183,3.3268155945383504,623,24.644410353479625,109.76549288454576,616,3421.3612681150485,16181.383986697509,0,91,91,0.5715159975942903,0.5316663178419332,0.3187689006594123,0.8892781242514733,0.3149147604893634,0.938607173457183
trial_0019_bite_001_withdrawal,trial_0019_bite_001,trial_0019,withdrawal,0,B2,91,91,100.0,-2.7909129997585036,0.0015481091395637137,True,True,True,True,91,1,630,6.67749018992196,0.032954324078691144,630,1.303796618048563,3.29543240786913,623,25.49938463315077,113.31602168690704,616,3520.6517848384983,16768.79063735317,0,91,91,0.5688131514614759,0.5316310724399851,0.31665325536370403,0.8835956505576024,0.31285529147199176,0.9274552061941534
trial_0019_bite_001_withdrawal,trial_0019_bite_001,trial_0019,withdrawal,0,B3,91,91,100.0,-2.7909129997585036,0.0005139087490557692,True,True,True,True,91,1,630,6.719096465689244,0.03293831674727876,630,1.3139941032515587,3.293831674727873,623,32.6344724064474,128.19227378304967,616,4773.031461490392,24993.70712852038,0,91,91,0.5688113223725605,0.5313473424976762,0.31692733072342305,0.8849344517711788,0.3130596063165796,0.9339163292302919
trial_0019_bite_001_withdrawal,trial_0019_bite_001,trial_0019,withdrawal,0,StrongLocal,91,91,100.0,-2.7909129997585036,0.008047132679309676,True,True,True,True,91,1,630,6.724458956786808,0.03336736096716208,630,1.315812378411394,3.336736096716205,623,30.90194512207608,137.68594935702737,616,4634.283058374743,26446.17589248979,0,91,91,0.5698775460532796,0.53146553198262,0.3168932014158212,0.887218113959128,0.3130453992395483,0.9374634182605446
trial_0019_bite_001_withdrawal,trial_0019_bite_001,trial_0019,withdrawal,0,H_star,91,91,100.0,-2.7909129997585036,0.00041930998879591286,True,True,True,True,91,1,630,6.676753016435695,0.03359961248886733,630,1.3056176629354037,3.3599612488867487,623,35.59889066233956,159.77590670986604,616,5610.191615964133,31271.94921827832,0,91,91,0.56887369947118,0.5314816649457108,0.31728621236093923,0.8852994039407542,0.3134028225804353,0.9309129987819231
trial_0019_bite_001_withdrawal,trial_0019_bite_001,trial_0019,withdrawal,0,HumanGT,91,91,100.0,-2.7909129997585036,0.0,True,True,True,True,91,1,630,6.934479724086418,0.032877867625571426,630,1.3668538741126015,3.2877867625571398,623,26.429706173747594,108.7354132850347,616,3706.684751941944,17057.285913168093,0,91,91,0.56263231115608,0.5313177148029378,0.3139361156476359,0.8599288025875376,0.31013069464219845,0.9045080367547573
trial_0019_bite_002_transfer,trial_0019_bite_002,trial_0019,transfer,0,B0,124,124,100.0,-2.9350756421443402,0.0,True,True,True,True,124,1,861,4.449233644232614,0.01807848515185118,861,0.6679821587582367,1.8078485151851162,854,15.302437339916718,69.82440773753306,847,2295.401706440763,10934.076174060587,0,124,124,0.6597490311912844,0.6663079215024115,0.5293417056870879,0.817407125953273,0.5259156711759747,0.8408309540501744
trial_0019_bite_002_transfer,trial_0019_bite_002,trial_0019,transfer,0,B1,124,124,100.0,-2.9350756421443402,0.173173074367996,True,True,True,True,124,1,861,4.684071145430659,0.018926582652552423,861,0.7080405710798418,1.8926582652552406,854,15.453768095231121,71.30837675290088,847,2318.0983050519435,11168.03175597144,0,124,124,0.6860351101941733,0.6975010243390933,0.5326251056075896,0.8535172763414365,0.5259156711759747,0.8767791896706962
trial_0019_bite_002_transfer,trial_0019_bite_002,trial_0019,transfer,0,B2,124,124,100.0,-2.9350756421443402,0.0015481091395628255,True,True,True,True,124,1,861,4.200680507970139,0.016993467197869982,861,0.6171962329095996,1.6993467197869967,854,15.06360032548631,59.890375824251834,847,2250.250699486586,11081.294826601665,0,124,124,0.6157123221852212,0.6180363303820311,0.5138725457501099,0.7568160675654876,0.5081609477357703,0.7785126286081301
trial_0019_bite_002_transfer,trial_0019_bite_002,trial_0019,transfer,0,B3,124,124,100.0,-2.9350756421443402,0.0005139087490562133,True,True,True,True,124,1,861,4.351059294209076,0.020364406759055376,861,0.6447458394235185,2.036440675905536,854,26.102310763378508,124.88256017689972,847,4419.2899938205655,22823.629395473276,0,124,124,0.6101648336198258,0.621956675114343,0.4973873071611604,0.7513561549536223,0.49182868284931236,0.7753044567978753
trial_0019_bite_002_transfer,trial_0019_bite_002,trial_0019,transfer,0,StrongLocal,124,124,100.0,-2.9350756421443402,0.012293478782150036,True,True,True,True,124,1,861,4.347516151179093,0.019315200000030064,861,0.6443644970741258,1.9315200000030046,854,23.157913890271058,100.40643867458935,847,3904.8435667989124,18744.172962939792,0,124,124,0.6231154706750279,0.6323531246404315,0.5111561001533559,0.7704935911231805,0.5072978921360649,0.793542461021836
trial_0019_bite_002_transfer,trial_0019_bite_002,trial_0019,transfer,0,H_star,124,124,100.0,-2.9350756421443402,0.006609104815687328,True,True,True,True,124,1,861,4.4306275329948095,0.020771793021178375,861,0.6578560819425594,2.0771793021178357,854,31.616120055886164,147.18720741199175,847,5457.570056209971,20427.22362040078,0,124,124,0.616099591374473,0.6283904786453307,0.5036949966407006,0.7626955454254754,0.4949425679282291,0.7840190560719547
trial_0019_bite_002_transfer,trial_0019_bite_002,trial_0019,transfer,0,HumanGT,124,124,100.0,-2.9350756421443402,0.0,True,True,True,True,124,1,861,4.260899191319277,0.016405737013787558,861,0.6285722421632812,1.6405737013787542,854,17.030183609051555,67.92542347176845,847,2647.1630102200033,10077.474782367954,0,124,124,0.6255741627287891,0.6411974307123947,0.5243609080821099,0.7515510555212478,0.5170326825708542,0.7740109516776101
trial_0019_bite_002_withdrawal,trial_0019_bite_002,trial_0019,withdrawal,0,B0,102,85,83.33333333333334,-2.843251656251883,0.0,True,True,True,True,85,1,588,8.188091759733137,0.06736421930166081,588,1.986935170761708,6.736421930166075,581,39.08771950252782,242.4302014534384,574,4794.028192580063,39865.546641053836,0,85,85,0.4555751362364639,0.6010784227948585,0.05758134843051366,0.8443439924565034,1.0969169156105352e-05,0.8979613840345078
trial_0019_bite_002_withdrawal,trial_0019_bite_002,trial_0019,withdrawal,0,B1,102,87,85.29411764705883,-2.843251656251883,0.09123181373821154,True,True,True,True,87,1,602,8.501434519712305,0.07296283029936568,602,2.033245317228423,7.2962830299365615,595,40.53964569393684,262.1421659946763,588,4948.218504641159,43023.93772125846,0,87,87,0.452579221213594,0.5574787868887952,0.07022036855926794,0.8463129265363272,0.006611601498251574,0.9161249319140472
trial_0019_bite_002_withdrawal,trial_0019_bite_002,trial_0019,withdrawal,0,B2,102,98,96.07843137254902,-2.843251656251883,0.0015481091395628255,True,True,True,True,98,1,679,9.03130943651586,0.0712614554341684,679,1.9190108757200501,7.1261455434168335,672,40.44587631346897,254.05114835721025,665,4892.351230055692,42971.883313876126,0,98,98,0.4124923017953845,0.34656107827056193,0.04978463078462974,0.8355671400968026,0.0005470195868380046,0.906886364971851
trial_0019_bite_002_withdrawal,trial_0019_bite_002,trial_0019,withdrawal,0,B3,102,97,95.09803921568627,-2.843251656251883,0.0005139087490557692,True,True,True,True,97,1,672,9.181275492989474,0.07805228397918107,672,1.9623101030542105,7.8052283979181,665,53.12822153209787,290.0869518391764,658,7547.829797540497,43346.77843435616,0,97,97,0.41589330506408984,0.36278086181012403,0.04662609538530607,0.8346299373157368,0.006022992099223856,0.9098134754241363
trial_0019_bite_002_withdrawal,trial_0019_bite_002,trial_0019,withdrawal,0,StrongLocal,102,97,95.09803921568627,-2.843251656251883,0.009540139676469384,True,True,True,True,97,1,672,9.123005007754312,0.07592375024813958,672,1.948001745555192,7.5923750248139505,665,48.01265917719425,260.94419513886186,658,6589.98055906771,44595.98890673927,0,97,97,0.41634964781176576,0.36303044440729115,0.04497067704769045,0.8387439837731039,0.002515075716187809,0.911418391748338
trial_0019_bite_002_withdrawal,trial_0019_bite_002,trial_0019,withdrawal,0,H_star,102,96,94.11764705882352,-2.843251656251883,0.0014839827296779795,True,True,True,True,96,1,665,16.979317493832017,3.090626108191667,665,18.23308096555106,309.0626108191664,658,1828.6143803689595,30939.914377093784,651,183904.5359672686,3095459.839490393,1,96,96,0.4170692369293168,0.38047937707404644,0.035051981972594515,0.8341082783364208,0.0009819382004039312,0.9050117478417583
trial_0019_bite_002_withdrawal,trial_0019_bite_002,trial_0019,withdrawal,0,HumanGT,102,89,87.25490196078431,-2.843251656251883,0.0,True,True,True,True,89,1,616,8.249432839648387,0.06324233354324349,616,1.8532495835007912,6.324233354324344,609,37.799461569704555,201.9491788378943,602,4617.838317008736,33553.40089615119,0,89,89,0.43594858675043946,0.520274338518449,0.07087810171698239,0.80422776761841,0.004519751458571086,0.8534692960013235
trial_0019_bite_003_transfer,trial_0019_bite_003,trial_0019,transfer,0,B0,115,115,100.0,-2.9962786062073814,0.0,True,True,True,True,115,1,798,3.9781320600645147,0.016132665742653263,798,0.636484725944622,1.613266574265325,791,13.658879730330492,70.63281614570582,784,2013.0929555232285,10854.304672333697,0,115,115,0.7023507335170495,0.7105303086591781,0.5290960162527052,0.8241509162939974,0.5221600593459341,0.8436909088626372
trial_0019_bite_003_transfer,trial_0019_bite_003,trial_0019,transfer,0,B1,115,115,100.0,-2.9962786062073814,0.17317307436799556,True,True,True,True,115,1,798,4.276688912280735,0.017304395915379356,798,0.6830212358218224,1.730439591537934,791,13.762257084245066,71.68589697826397,784,2027.6388176900405,11037.373519333174,0,115,115,0.7262379252703265,0.7397749038008756,0.5333768464234413,0.8502696280267181,0.5221600593459341,0.871265517622746
trial_0019_bite_003_transfer,trial_0019_bite_003,trial_0019,transfer,0,B2,115,115,100.0,-2.9962786062073814,0.0015481091395632696,True,True,True,True,115,1,798,3.7669630069673152,0.016317337934782072,798,0.5945742371239175,1.6317337934782057,791,13.492747951077268,64.7173963849126,784,1989.0582612630042,9733.002617787064,0,115,115,0.6739522089266546,0.6788229098375516,0.5260310424788456,0.7889223233213853,0.5221600593459341,0.8096093117396548
trial_0019_bite_003_transfer,trial_0019_bite_003,trial_0019,transfer,0,B3,115,115,100.0,-2.9962786062073814,0.0005139087490557692,True,True,True,True,115,1,798,3.890959337122014,0.018951070515284666,798,0.6269982446407172,1.895107051528486,791,27.26091697235024,151.29087128861852,784,4529.258030419039,19551.51897304445,0,115,115,0.6702595743767279,0.6799466703934307,0.5126599609719169,0.7874960702760142,0.5105265744022887,0.8080664304438654
trial_0019_bite_003_transfer,trial_0019_bite_003,trial_0019,transfer,0,StrongLocal,115,115,100.0,-2.9962786062073814,0.015601818890738528,True,True,True,True,115,1,798,3.895829891076631,0.018310154774431986,798,0.6218309529756989,1.831015477443197,791,21.485725809871862,128.61165115197525,784,3477.820738648215,13814.904022316334,0,115,115,0.6795445119984914,0.688946752036987,0.518544970155249,0.7992105650174975,0.5161159089556828,0.8202990630212277
trial_0019_bite_003_transfer,trial_0019_bite_003,trial_0019,transfer,0,H_star,115,115,100.0,-2.9962786062073814,0.00368466624676822,True,True,True,True,115,1,798,3.9395821618384885,0.0217097973356859,798,0.6265743962464455,2.170979733568588,791,28.385946699469404,223.13660354283283,784,4575.052629368657,25856.67728413266,0,115,115,0.6726095354798969,0.6815292238033155,0.517529628431389,0.7881811713144488,0.5117074312647798,0.8092342187659947
trial_0019_bite_003_transfer,trial_0019_bite_003,trial_0019,transfer,0,HumanGT,115,115,100.0,-2.9962786062073814,0.0,True,True,True,True,115,1,798,3.6210523822625253,0.015302150329993047,798,0.563967214704709,1.5302150329993203,791,15.743559874805628,74.13830159958876,784,2433.654741124487,11701.444487393932,0,115,115,0.6430289195413,0.6496524655759135,0.525314576279655,0.739708491387658,0.5221600593459341,0.7608539516264106
trial_0019_bite_003_withdrawal,trial_0019_bite_003,trial_0019,withdrawal,0,B0,93,93,100.0,-2.8425905817895614,0.0,True,True,True,True,93,1,644,9.01199337913414,0.07110643023707917,644,2.0284525727155516,7.110643023707911,637,42.70478685455131,201.1848744649652,630,5418.427899760099,37365.157169012695,1,93,93,0.3290650362882883,0.1353858326589883,0.06548349938594598,0.8175476360382885,0.05477235179944273,0.8920546903131594
trial_0019_bite_003_withdrawal,trial_0019_bite_003,trial_0019,withdrawal,0,B1,93,93,100.0,-2.8425905817895614,0.09123181373821154,True,True,True,True,93,1,644,16.70052984899587,3.087493867340648,644,18.38748984304431,308.7493867340645,637,2612.050142578765,30880.64482014324,630,455026.1142476538,6175015.211959038,1,93,93,0.33117092338344417,0.14479042182444113,0.07451979733843359,0.8214578071909555,0.06418892257485886,0.9051207651106488
trial_0019_bite_003_withdrawal,trial_0019_bite_003,trial_0019,withdrawal,0,B2,93,93,100.0,-2.8425905817895614,0.0015481091395632696,True,True,True,True,93,1,644,8.546179237930673,0.07900007639536977,644,1.9658756741780017,7.90000763953697,637,43.88187053241986,220.9198554817689,630,5684.404571432627,40906.480182321015,0,93,93,0.33955208855215746,0.18294184863101215,0.07730372992457682,0.820205026435832,0.07181396274391272,0.9041131062812573
trial_0019_bite_003_withdrawal,trial_0019_bite_003,trial_0019,withdrawal,0,B3,93,93,100.0,-2.8425905817895614,0.0005139087490557692,True,True,True,True,93,1,644,8.833597882525268,0.07951363957498803,644,2.001154743753266,7.9513639574987955,637,52.52633084983684,279.2989267858465,630,7326.487232174783,42205.59230836895,0,93,93,0.33822255686117,0.18547370583730238,0.07666072626327072,0.8176397330242271,0.07141927040634144,0.9004729122403443
trial_0019_bite_003_withdrawal,trial_0019_bite_003,trial_0019,withdrawal,0,StrongLocal,93,93,100.0,-2.8425905817895614,0.009064282007080315,True,True,True,True,93,1,644,8.711666118498151,0.07848488780887486,644,1.9867258408861892,7.848488780887479,637,49.48090890060751,206.59220397706477,630,6843.355118176325,37165.515351682916,0,93,93,0.33811691426915874,0.17843856188272333,0.07631475758546209,0.8193416384995796,0.07117090920203228,0.9001792910703363
trial_0019_bite_003_withdrawal,trial_0019_bite_003,trial_0019,withdrawal,0,H_star,93,93,100.0,-2.8425905817895614,0.00019566110733082454,True,True,True,True,93,1,644,8.822535947534913,0.0783388430363754,644,1.9953059361013281,7.833884303637532,637,54.6372026481116,335.6069950213397,630,7848.979392724023,54961.6649719419,0,93,93,0.3368105864916114,0.1752053670368725,0.07643042777373274,0.8185929880359689,0.07101874130416519,0.8916192386669266
trial_0019_bite_003_withdrawal,trial_0019_bite_003,trial_0019,withdrawal,0,HumanGT,93,93,100.0,-2.8425905817895614,0.0,True,True,True,True,93,1,644,16.640385278206654,3.090734951022146,644,18.392006786456502,309.07349510221775,637,2613.5680306936033,30903.81729748222,630,455374.38366454124,6179311.685518752,1,93,93,0.3314371971114497,0.1540894375586368,0.07907414550016459,0.8151947162802059,0.07615296795953075,0.8852931360417386
trial_0019_bite_004_transfer,trial_0019_bite_004,trial_0019,transfer,0,B0,113,113,100.0,-3.0363554508965405,0.0,True,True,True,True,113,1,784,4.859766712277559,0.03519009496833014,784,0.7918924866530319,3.5190094968330112,777,25.48234560320036,169.41515595965538,770,2869.671306998084,18249.02702872229,0,113,113,0.7538841225247807,0.749204027243314,0.6377364944367677,0.9055038464849857,0.6236533077807338,0.9351797849149561
trial_0019_bite_004_transfer,trial_0019_bite_004,trial_0019,transfer,0,B1,113,113,100.0,-3.0363554508965405,0.173173074367996,True,True,True,True,113,1,784,5.100449285798057,0.0376051988764523,784,0.8319572409737236,3.7605198876452266,777,25.398914000577015,177.36702037767637,770,2882.840396400975,19539.066003664226,0,113,113,0.7771675170454744,0.7758858036329048,0.6494535250099265,0.9348283751526059,0.6364194385394077,0.9656725960298598
trial_0019_bite_004_transfer,trial_0019_bite_004,trial_0019,transfer,0,B2,113,113,100.0,-3.0363554508965405,0.0015481091395632696,True,True,True,True,113,1,784,4.5822930212027035,0.02981142359139266,784,0.7262383707931408,2.9811423591392634,777,25.526896777165245,141.74538490177886,770,2826.222031174763,15623.59913841944,0,113,113,0.6997994677659602,0.6879303048768612,0.608168097843131,0.8322474619348763,0.5944274802399909,0.8616684223053386
trial_0019_bite_004_transfer,trial_0019_bite_004,trial_0019,transfer,0,B3,113,113,100.0,-3.0363554508965405,0.0005139087490553251,True,True,True,True,113,1,784,4.839829608089705,0.030561110129514457,784,0.769088730791066,3.056111012951443,777,35.86668862305877,236.22830206727173,770,4542.123825967743,26789.120257382234,0,113,113,0.6903962543732557,0.6886491087307087,0.583754297369332,0.8232988344042048,0.5689773450588718,0.8504954016300963
trial_0019_bite_004_transfer,trial_0019_bite_004,trial_0019,transfer,0,StrongLocal,113,113,100.0,-3.0363554508965405,0.014286612943096966,True,True,True,True,113,1,784,4.795890344966084,0.029567505716824538,784,0.7638982700237669,2.956750571682451,777,32.7572239499299,147.34000871658967,770,4237.811447339702,20592.16308784741,0,113,113,0.7030355587124708,0.6989405113020737,0.5961302490939914,0.8381568952867829,0.5825527991585471,0.8688565734176616
trial_0019_bite_004_transfer,trial_0019_bite_004,trial_0019,transfer,0,H_star,113,113,100.0,-3.0363554508965405,0.004286595115050584,True,True,True,True,113,1,784,4.819552843349435,0.028637458793823622,784,0.7710035638614401,2.8637458793823596,777,38.73868935130603,239.5961596905933,770,5466.499041674446,22149.815443431587,0,113,113,0.6921978847656157,0.6855177647344002,0.5897032813589222,0.8241977896077664,0.5784984268358961,0.8510767087145519
trial_0019_bite_004_transfer,trial_0019_bite_004,trial_0019,transfer,0,HumanGT,113,113,100.0,-3.0363554508965405,0.0,True,True,True,True,113,1,784,4.5176824874150014,0.02977959229601712,784,0.7103937349754782,2.9779592296017094,777,25.95772811909565,145.92921643547612,770,3049.8092629096304,16885.56856956764,0,113,113,0.6580293544805971,0.6557142320609914,0.5615677348437054,0.7694050461675166,0.5464978557784708,0.7953774436859926
trial_0019_bite_004_withdrawal,trial_0019_bite_004,trial_0019,withdrawal,0,B0,90,90,100.0,-2.802619632905162,0.0,True,True,True,True,90,1,623,9.215350794125989,0.0675114932237122,623,2.001535130372055,6.751149322371213,616,43.631816805254346,242.76842773852795,609,5462.390279191912,35850.16738578168,0,90,90,0.3924436719860011,0.24103081547471517,0.048534821869038944,0.8493339626560503,0.04398865855971046,0.8950391724987323
trial_0019_bite_004_withdrawal,trial_0019_bite_004,trial_0019,withdrawal,0,B1,90,90,100.0,-2.802619632905162,0.09123181373821154,True,True,True,True,90,1,623,9.287026627139468,0.07257958536522668,623,2.0228874349638684,7.257958536522662,616,44.53464422884134,252.18252831582873,609,5584.525828842173,33587.522430583114,0,90,90,0.40018816318272277,0.2405381926225454,0.07115581059537464,0.8568609280681941,0.056474759853907486,0.9124863955137439
trial_0019_bite_004_withdrawal,trial_0019_bite_004,trial_0019,withdrawal,0,B2,90,90,100.0,-2.802619632905162,0.0015481091395632696,True,True,True,True,90,1,623,9.017156614174468,0.06768620510001888,623,1.95745905186782,6.768620510001882,616,43.231584275920504,236.76108999216711,609,5516.889130369412,29600.98351133654,0,90,90,0.4114118447852782,0.24048440259430715,0.1332613244494242,0.8374275212336976,0.1092938441074276,0.8944404045709642
trial_0019_bite_004_withdrawal,trial_0019_bite_004,trial_0019,withdrawal,0,B3,90,90,100.0,-2.802619632905162,0.0005139087490557692,True,True,True,True,90,1,623,9.495407414682635,0.0689614351541108,623,2.027127070521531,6.896143515411073,616,60.768414665375616,283.5380372342295,609,8400.241569352773,39405.63347577378,0,90,90,0.4085990622542945,0.24036556565956202,0.12465433104855372,0.8281117720522273,0.10509833305414329,0.8893365791712444
trial_0019_bite_004_withdrawal,trial_0019_bite_004,trial_0019,withdrawal,0,StrongLocal,90,90,100.0,-2.802619632905162,0.003788302366994234,True,True,True,True,90,1,623,9.293711422893185,0.06802549251182553,623,1.9960745516938254,6.802549251182548,616,52.85192814877694,264.4177988188497,609,7078.117807106526,37489.93760448216,0,90,90,0.4090493814019298,0.24045766615249997,0.12298396785793604,0.8324443480091708,0.10241877291152512,0.894675281037578
trial_0019_bite_004_withdrawal,trial_0019_bite_004,trial_0019,withdrawal,0,H_star,90,90,100.0,-2.802619632905162,0.004570598880249133,True,True,True,True,90,1,623,9.288414634784965,0.06872735331300639,623,1.996300764345536,6.872735331300633,616,53.59284118127134,255.1484133077769,609,6722.024315717128,33598.89175524337,0,90,90,0.4063816491419291,0.2404714199889253,0.11759530581699082,0.8280592788088347,0.0982282620062147,0.8919411071615588
trial_0019_bite_004_withdrawal,trial_0019_bite_004,trial_0019,withdrawal,0,HumanGT,90,90,100.0,-2.802619632905162,0.0,True,True,True,True,90,1,623,8.834792674765312,0.053938382884616054,623,1.8848711254102601,5.393838288461601,616,42.10657634599139,192.37813900188493,609,5337.9802739570705,31163.268719239226,0,90,90,0.39748377185460854,0.24116951046556023,0.10455842850808597,0.7898973217101108,0.08271714009303821,0.8427629491174935
trial_0019_bite_005_transfer,trial_0019_bite_005,trial_0019,transfer,0,B0,128,128,100.0,-3.0687221443388815,0.0,True,True,True,True,128,1,889,4.680593014118779,0.02210229786304252,889,0.719254879850674,2.21022978630425,882,16.602820628867438,96.39669167751859,875,2303.5546394905664,17697.49455672458,0,128,128,0.8374425606074181,0.8070682177517874,0.7323411193940857,0.9959462266822546,0.7229012552143526,1.0226074946185655
trial_0019_bite_005_transfer,trial_0019_bite_005,trial_0019,transfer,0,B1,128,128,100.0,-3.0687221443388815,0.17317307436799512,True,True,True,True,128,1,889,4.976557339821161,0.023026958528143737,889,0.7614879504057896,2.3026958528143715,882,16.840887728382423,98.95034881440151,875,2352.739638207701,18185.475294505824,0,128,128,0.8564157506947441,0.8259383911988798,0.7347061628006449,1.0203141905685538,0.7268856853992955,1.0439012096655516
trial_0019_bite_005_transfer,trial_0019_bite_005,trial_0019,transfer,0,B2,128,128,100.0,-3.0687221443388815,0.0015481091395628255,True,True,True,True,128,1,889,4.280011015868268,0.019086770652889218,889,0.637588332607092,1.90867706528892,882,15.802340282676957,84.21221328086745,875,2129.2436020698283,15228.291361835525,0,128,128,0.7842513694773768,0.7507853572569587,0.7204035085541806,0.9205305233278116,0.7121336849560758,0.9425993333990039
trial_0019_bite_005_transfer,trial_0019_bite_005,trial_0019,transfer,0,B3,128,128,100.0,-3.0687221443388815,0.0005139087490557692,True,True,True,True,128,1,889,4.472843208613032,0.019829339843547622,889,0.6668897339576328,1.982933984354766,882,23.247348519905476,147.39059329393234,875,3467.685331566729,21783.292498939783,0,128,128,0.7733225167361366,0.7501123928018387,0.6870675345049833,0.9104511448125151,0.6823581368207821,0.9333900258730239
trial_0019_bite_005_transfer,trial_0019_bite_005,trial_0019,transfer,0,StrongLocal,128,128,100.0,-3.0687221443388815,0.014787964635238904,True,True,True,True,128,1,889,4.4347120982097845,0.020361938186937323,889,0.6628738884105668,2.0361938186937305,882,19.84644429137004,116.06894229646316,875,2910.677598226017,20749.063031201887,0,128,128,0.7849618636474074,0.7582284551246099,0.7026047070601591,0.9245922548725597,0.6930274149259861,0.9460385327555318
trial_0019_bite_005_transfer,trial_0019_bite_005,trial_0019,transfer,0,H_star,128,128,100.0,-3.0687221443388815,0.004056126957903139,True,True,True,True,128,1,889,4.448024696962458,0.01993778943491975,889,0.6595509169081782,1.9937789434919733,882,23.531533342774953,114.72829519884688,875,3570.600500252187,19621.13300524448,0,128,128,0.7737698207868642,0.7484016113103693,0.6934053631980687,0.9085771619377541,0.6850490150110116,0.9331623628489503
trial_0019_bite_005_transfer,trial_0019_bite_005,trial_0019,transfer,0,HumanGT,128,128,100.0,-3.0687221443388815,0.0,True,True,True,True,128,1,889,4.191879487646551,0.0177418992096019,889,0.6324609596830654,1.7741899209601883,882,16.5901719389589,93.30931334964082,875,2346.148844318816,17289.577715016112,0,128,128,0.7617182375648237,0.7380835667571888,0.6881235128959077,0.8804897737445592,0.6780220861192927,0.9006380343771987
trial_0019_bite_005_withdrawal,trial_0019_bite_005,trial_0019,withdrawal,0,B0,156,156,100.0,-2.8772016696508897,0.0,True,True,True,True,156,1,1085,4.721461710310434,0.03121287310449539,1085,0.6743977714169269,3.1212873104495364,1078,38.449102400692695,413.0437241169808,1071,6240.899305849291,71153.23257400143,0,156,156,0.7954543589760493,0.7859759769858237,0.7294824904515604,0.9011733395729133,0.7266270148219305,0.949144307010918
trial_0019_bite_005_withdrawal,trial_0019_bite_005,trial_0019,withdrawal,0,B1,156,156,100.0,-2.8772016696508897,0.09123181373821154,True,True,True,True,156,1,1085,4.771874080973456,0.032600552158601914,1085,0.6744352598075095,3.2600552158601883,1078,38.875969779628136,424.25641336866806,1071,6311.390554134448,72970.31803889257,0,156,156,0.7969244256442566,0.7870999536872847,0.7286953193012111,0.9088230865881942,0.7257630931900594,0.9597419617663281
trial_0019_bite_005_withdrawal,trial_0019_bite_005,trial_0019,withdrawal,0,B2,156,156,100.0,-2.8772016696508897,0.0015481091395632696,True,True,True,True,156,1,1085,4.736995537773849,0.02779103323393972,1085,0.6701124440529894,2.7791033233939695,1078,37.814479284601575,367.52845096304765,1071,6129.5550163791095,63017.562798979125,0,156,156,0.7952460115628005,0.7857174076996511,0.7293393613303214,0.9029772472565366,0.7264544648060016,0.9489835505608837
trial_0019_bite_005_withdrawal,trial_0019_bite_005,trial_0019,withdrawal,0,B3,156,156,100.0,-2.8772016696508897,0.0005139087490553251,True,True,True,True,156,1,1085,6.061817534848924,0.0776907886523075,1085,0.9588840338319774,7.7690788652307425,1078,118.73292558970894,1171.1717969209424,1071,20920.222602311456,201283.54761128122,0,156,156,0.7953597660403567,0.7853439341011299,0.7294094991983593,0.9067921263932776,0.7265394914078489,0.9512345449449713
trial_0019_bite_005_withdrawal,trial_0019_bite_005,trial_0019,withdrawal,0,StrongLocal,156,156,100.0,-2.8772016696508897,0.009674799550873914,True,True,True,True,156,1,1085,5.2383473378571335,0.0506332347275551,1085,0.7590009849147554,5.063323472755505,1078,67.6633982933494,695.7293292087728,1071,11666.011072366417,127481.15473945953,0,156,156,0.7958847382184452,0.7858598079611188,0.7292905544986477,0.9081500686653595,0.7264064354619033,0.956127055945359
trial_0019_bite_005_withdrawal,trial_0019_bite_005,trial_0019,withdrawal,0,H_star,156,156,100.0,-2.8772016696508897,0.002790304939667365,True,True,True,True,156,1,1085,5.073935481254315,0.03831849481105997,1085,0.7077718538293593,3.8318494811059938,1078,51.81830048884175,459.30349100724493,1071,8741.26582090217,89914.85690032228,0,156,156,0.7948463890295555,0.7854207581120658,0.7295263738869737,0.9025531839228808,0.7266666456756297,0.9497802001008191
trial_0019_bite_005_withdrawal,trial_0019_bite_005,trial_0019,withdrawal,0,HumanGT,156,156,100.0,-2.8772016696508897,0.0,True,True,True,True,156,1,1085,4.7095620052368625,0.02906613550890924,1085,0.6679900350906415,2.9066135508909214,1078,38.346452427164735,397.6668384091468,1071,6228.892055398241,67906.86549263894,0,156,156,0.7899491319742555,0.784512538346682,0.7300533404585676,0.8705004188976259,0.727224640763342,0.9104576870295022
trial_0019_bite_006_transfer,trial_0019_bite_006,trial_0019,transfer,0,B0,110,110,100.0,-2.8822864066815175,0.0,True,True,True,True,110,1,763,4.121493913682719,0.01731111982951461,763,0.6672280629259434,1.7311119829514594,756,13.035350046187952,55.26977193657235,749,1830.142267328676,9593.228399762816,0,110,110,0.7704679470269263,0.7711780339854879,0.6142689158072567,0.8881669495541624,0.6002193918935397,0.9040686469647676
trial_0019_bite_006_transfer,trial_0019_bite_006,trial_0019,transfer,0,B1,110,110,100.0,-2.8822864066815175,0.17317307436799512,True,True,True,True,110,1,763,4.362612839168921,0.01813104098299534,763,0.7106944226775542,1.8131040982995323,756,13.32988223487284,58.35219839340756,749,1883.7859476319247,10122.071903499093,0,110,110,0.79906796976421,0.8100534569507669,0.6193636663842549,0.9201686871315002,0.6002193918935397,0.9380565824513818
trial_0019_bite_006_transfer,trial_0019_bite_006,trial_0019,transfer,0,B2,110,110,100.0,-2.8822864066815175,0.0015481091395628255,True,True,True,True,110,1,763,3.865947423898679,0.015083877821954637,763,0.6197542842174821,1.5083877821954623,756,12.672877545867241,49.393837472670924,749,1760.3865814309163,8583.820316619729,0,110,110,0.7242588688268798,0.7226618283805706,0.6053469714587195,0.8303473331440873,0.6002193918935397,0.8452395316560641
trial_0019_bite_006_transfer,trial_0019_bite_006,trial_0019,transfer,0,B3,110,110,100.0,-2.8822864066815175,0.0005139087490557692,True,True,True,True,110,1,763,4.051037538207324,0.029982454811624537,763,0.6722916860862921,2.9982454811624537,756,27.516282226995273,285.2941297417977,749,3771.99248389681,26186.693646140353,0,110,110,0.7167407829617213,0.7273325473539529,0.5732604158960577,0.8319260588519275,0.5672060988093071,0.845835743559888
trial_0019_bite_006_transfer,trial_0019_bite_006,trial_0019,transfer,0,StrongLocal,110,110,100.0,-2.8822864066815175,0.017971682572614167,True,True,True,True,110,1,763,4.0480126470418,0.02147100189920015,763,0.6627231523269831,2.147100189920015,756,22.96037950478049,217.22734390160258,749,3195.402298674692,20191.50232018596,0,110,110,0.7312695669856923,0.7383281804506381,0.5828029380351495,0.8485856879913696,0.5802162980972845,0.8630811235400175
trial_0019_bite_006_transfer,trial_0019_bite_006,trial_0019,transfer,0,H_star,110,110,100.0,-2.8822864066815175,0.0005172727066073968,True,True,True,True,110,1,763,4.098855920112878,0.02864191229044777,763,0.6747241820287261,2.864191229044777,756,28.554919184972952,280.97594289178573,749,4005.8844505619845,25220.07936885351,0,110,110,0.7228302058855767,0.7389341338770974,0.5774473425765868,0.8307527668661342,0.5729425568998292,0.8453352698048335
trial_0019_bite_006_transfer,trial_0019_bite_006,trial_0019,transfer,0,HumanGT,110,110,100.0,-2.8822864066815175,0.0,True,True,True,True,110,1,763,3.9768743159413,0.018038166929903898,763,0.6556101476253875,1.8038166929903883,756,14.526087636836706,53.97988524908461,749,2148.9204225252633,9947.653719446032,0,110,110,0.7462354878626652,0.7623867196674494,0.6027666246489212,0.853097707297561,0.6002193918935397,0.866607313791663
trial_0019_bite_006_withdrawal,trial_0019_bite_006,trial_0019,withdrawal,0,B0,116,116,100.0,-2.8599289787544966,0.0,True,True,True,True,116,1,805,8.582127420065927,0.06628499778023667,805,1.6118056899953472,6.62849977802366,798,37.579897925490194,174.10149086751724,791,4134.260945171999,33810.637647189185,0,116,116,0.31940454070539304,0.202106556811815,0.08674450615807228,0.8560608745786136,0.07694172221933826,0.9124962268024941
trial_0019_bite_006_withdrawal,trial_0019_bite_006,trial_0019,withdrawal,0,B1,116,116,100.0,-2.8599289787544966,0.09123181373821154,True,True,True,True,116,1,805,8.42394549598896,0.06891371851475013,805,1.599904847328163,6.891371851475007,798,37.931890888207576,182.29642529577774,791,4206.346220445674,35275.93123054641,0,116,116,0.32417600758542925,0.205178116310631,0.09587360035320414,0.8611491632569275,0.08535860447323618,0.919503481566073
trial_0019_bite_006_withdrawal,trial_0019_bite_006,trial_0019,withdrawal,0,B2,116,116,100.0,-2.8599289787544966,0.0015481091395632696,True,True,True,True,116,1,805,7.844924610090631,0.0694619151817042,805,1.4967856383312141,6.946191518170415,798,36.672918790717794,193.20543542495886,791,4234.974540314922,35926.020474716956,0,116,116,0.35648919432746756,0.2130369930467968,0.16644114803502807,0.8565196405669095,0.1556998458390586,0.9159690825268765
trial_0019_bite_006_withdrawal,trial_0019_bite_006,trial_0019,withdrawal,0,B3,116,116,100.0,-2.8599289787544966,0.0005139087490557692,True,True,True,True,116,1,805,8.029760304485343,0.07100938915720079,805,1.5253769973994282,7.100938915720072,798,41.96270055673214,219.2338341653773,791,5791.0471563372375,40451.264564608384,0,116,116,0.35238135117736913,0.21244837037754705,0.15705259351440715,0.8534112254331212,0.15188770407815166,0.915038549310693
trial_0019_bite_006_withdrawal,trial_0019_bite_006,trial_0019,withdrawal,0,StrongLocal,116,116,100.0,-2.8599289787544966,0.002473700219525643,True,True,True,True,116,1,805,7.950382127459056,0.07056036350456374,805,1.5102267391406556,7.056036350456368,798,41.33978683426364,217.0434196452838,791,5785.739509218011,41197.11212433768,0,116,116,0.351144029813774,0.21097621424045387,0.1546783948323902,0.8558865914116609,0.1459689837678857,0.9151955097905793
trial_0019_bite_006_withdrawal,trial_0019_bite_006,trial_0019,withdrawal,0,H_star,116,116,100.0,-2.8599289787544966,0.0104233182476694,True,True,True,True,116,1,805,8.239795464525033,0.06985577883864025,805,1.5350985034089981,6.985577883864019,798,49.20575619564868,254.09414313214623,791,7151.3394826232925,45269.06771437385,0,116,116,0.34821702011827527,0.2101604143346516,0.1499708935638906,0.8513653640043426,0.1396107377911271,0.9085350636155338
trial_0019_bite_006_withdrawal,trial_0019_bite_006,trial_0019,withdrawal,0,HumanGT,116,116,100.0,-2.8599289787544966,0.0,True,True,True,True,116,1,805,8.169471260177154,0.054293975836674065,805,1.4899502396686382,5.429397583667401,798,36.69165711289683,158.00304723232435,791,3991.5996557548424,28510.84029537313,0,116,116,0.32475275781847046,0.20608980107525832,0.09958709985678782,0.8440708699229794,0.09168764818677122,0.8906434657551658
trial_0019_bite_007_transfer,trial_0019_bite_007,trial_0019,transfer,0,B0,36,36,100.0,-3.014736615722066,0.0,True,True,True,True,36,1,245,1.5132431694289064,0.019725575176874347,245,0.7995680932962613,1.9725575176874384,238,20.19778243744486,86.2688450007097,231,3120.2780340737363,13929.154087562794,0,36,36,0.8083872591115902,0.810696850600211,0.7779797263818546,0.8355796031157343,0.7777361188454797,0.8362989920427948
trial_0019_bite_007_transfer,trial_0019_bite_007,trial_0019,transfer,0,B1,36,36,100.0,-3.014736615722066,0.173173074367996,True,True,True,True,36,1,245,1.571723348414994,0.020551920389794143,245,0.8381851247888256,2.0551920389794183,238,20.303622523711887,86.47202881640655,231,3137.0914049215557,13981.261256588614,0,36,36,0.8226197672772568,0.8276474356771089,0.7994533180466161,0.838683268804995,0.7983793112975712,0.8399434867423825
trial_0019_bite_007_transfer,trial_0019_bite_007,trial_0019,transfer,0,B2,36,36,100.0,-3.014736615722066,0.0015481091395632696,True,True,True,True,36,1,245,1.4503442513829035,0.017250830782842508,245,0.7297654779249075,1.7250830782842492,238,20.02121126061207,84.86255983830998,231,3083.2786650289095,13889.99246579958,0,36,36,0.7689727128076161,0.7672643082485444,0.7189417127583819,0.8307719590911823,0.7179494282728258,0.8322389044195131
trial_0019_bite_007_transfer,trial_0019_bite_007,trial_0019,transfer,0,B3,36,36,100.0,-3.014736615722066,0.0005139087490557692,True,True,True,True,36,1,245,1.5675031784321014,0.02892291773852973,245,0.8204348150748022,2.892291773852973,238,47.228458444977456,247.8714145417426,231,7213.445032487937,24368.63481576257,0,36,36,0.7453284622783437,0.7466420191921616,0.7006517845847222,0.8003364141240441,0.6994235864310294,0.8322389044195131
trial_0019_bite_007_transfer,trial_0019_bite_007,trial_0019,transfer,0,StrongLocal,36,36,100.0,-3.014736615722066,0.012360820643436465,True,True,True,True,36,1,245,1.533121008133088,0.02208554192055101,245,0.7998276518070374,2.208554192055101,238,41.1770281730353,191.3464960881672,231,6560.7026037475425,23674.17888609185,0,36,36,0.7625500828570787,0.7627028360321378,0.7233984721908173,0.8086308903941859,0.721969100423594,0.8322389044195131
trial_0019_bite_007_transfer,trial_0019_bite_007,trial_0019,transfer,0,H_star,36,36,100.0,-3.014736615722066,0.005905471042050081,True,True,True,True,36,1,245,1.5976117479420588,0.03169381557515894,245,0.84983438801391,3.169381557515894,238,56.88423278532148,296.33553432580453,231,8979.38317472565,36983.507391964115,0,36,36,0.7541935265137734,0.7554106875581124,0.7121480935960031,0.7989998922374203,0.7090116286809272,0.8322389044195131
trial_0019_bite_007_transfer,trial_0019_bite_007,trial_0019,transfer,0,HumanGT,36,36,100.0,-3.014736615722066,0.0,True,True,True,True,36,1,245,1.4410362156807206,0.017851303644433214,245,0.7196577203633715,1.7851303644433199,238,20.52042456401511,90.51634381926004,231,3157.661264663492,13973.259503857078,0,36,36,0.7571783323373233,0.7523645674730947,0.7069170065363142,0.8285724730677322,0.7060367190975079,0.8322389044195131
trial_0019_bite_007_transfer,trial_0019_bite_007,trial_0019,transfer,1,B0,78,78,100.0,-2.8713981415691774,0.0,True,True,True,True,78,1,539,2.372754725327644,0.01688878552027839,539,0.6004369444233845,1.6888785520278375,532,11.510232036137163,94.74402850953452,525,1764.7704857080928,16497.98706115209,0,78,78,0.8099366569806796,0.7978221017380894,0.7688965127751543,0.8796152781629691,0.7332268291214545,0.8884795069309597
trial_0019_bite_007_transfer,trial_0019_bite_007,trial_0019,transfer,1,B1,78,78,100.0,-2.8713981415691774,0.1311678364035136,True,True,True,True,78,1,539,2.4727533251136533,0.01766202568916131,539,0.6311331711396359,1.7662025689161294,532,11.64300740562508,94.73799142673641,525,1778.212985519047,16505.605181583465,0,78,78,0.827488417218922,0.8154411351686845,0.7813518039189015,0.888746150950277,0.7332268291214545,0.8961497401734677
trial_0019_bite_007_transfer,trial_0019_bite_007,trial_0019,transfer,1,B2,78,78,100.0,-2.8713981415691774,0.10394612565739703,True,True,True,True,78,1,539,2.3401055361503182,0.015403502376979404,539,0.5731958035400433,1.540350237697939,532,11.425838338687752,89.66524286491567,525,1752.6440066492532,15773.166005041927,0,78,78,0.7923093560098979,0.7794487459849071,0.7474056529519089,0.8654499361420905,0.7332268291214545,0.8765799561875136
trial_0019_bite_007_transfer,trial_0019_bite_007,trial_0019,transfer,1,B3,78,78,100.0,-2.8713981415691774,0.11478958195326738,True,True,True,True,78,1,539,2.4137369481904547,0.022455691284941178,539,0.6073396685332083,2.245569128494116,532,28.91816777798057,191.5081428218187,525,5244.733244726547,35724.93968979219,0,78,78,0.8032303545108673,0.7913004165283,0.7620102699772857,0.8713864438823167,0.7332268291214545,0.8827412564013013
trial_0019_bite_007_transfer,trial_0019_bite_007,trial_0019,transfer,1,StrongLocal,78,78,100.0,-2.8713981415691774,0.09425426672544113,True,True,True,True,78,1,539,2.387938548807664,0.019964157988396902,539,0.5972992490887712,1.9964157988396884,532,23.400552589690562,156.97740848473944,525,4209.614382416023,29174.706424569682,0,78,78,0.8018024652659553,0.789802746608149,0.7612281795202437,0.8700035288967672,0.7332268291214545,0.8810197106268411
trial_0019_bite_007_transfer,trial_0019_bite_007,trial_0019,transfer,1,H_star,78,78,100.0,-2.8713981415691774,0.09668933798302026,True,True,True,True,78,1,539,2.435036362362543,0.01942963858398916,539,0.6052654648578989,1.9429638583989253,532,24.511615311409333,132.91066265364447,525,4324.694723993003,25201.82316974211,0,78,78,0.8052858277340497,0.793684593972869,0.7699661384206341,0.86885484639916,0.7332268291214545,0.8799096213268296
trial_0019_bite_007_transfer,trial_0019_bite_007,trial_0019,transfer,1,HumanGT,78,78,100.0,-2.8713981415691774,0.0,True,True,True,True,78,1,539,2.405588398924318,0.01837916560240016,539,0.6278999772381487,1.8379165602400145,532,14.25074107260857,129.8946233742979,525,2255.6575187690023,21171.964529715424,0,78,78,0.8238214003140044,0.8187219952180613,0.7799037407962427,0.8810054628507628,0.7332268291214545,0.888952375045708
trial_0019_bite_007_withdrawal,trial_0019_bite_007,trial_0019,withdrawal,0,B0,17,17,100.0,-2.9034092573489936,0.0,True,True,True,True,17,1,112,1.0640979122397192,0.046248550705761275,112,1.3665890569827892,4.624855070576124,105,58.31343348028016,239.83924628509072,98,9507.569931235998,31303.749453661672,0,17,17,0.8448492111268191,0.8460676946390118,0.7559643772727427,0.9093173831602521,0.7223701889372323,0.9207909313683911
trial_0019_bite_007_withdrawal,trial_0019_bite_007,trial_0019,withdrawal,0,B1,17,17,100.0,-2.9034092573489936,0.09123181373821154,True,True,True,True,17,1,112,1.0902856102541976,0.04649815152160652,112,1.3855697407352676,4.649815152160648,105,59.16403577741026,245.64888381282907,98,9606.515329189871,31633.458610456983,0,17,17,0.8460619187069691,0.8480676451066582,0.755576858847525,0.9129968522851972,0.7219579105170877,0.9205493749682057
trial_0019_bite_007_withdrawal,trial_0019_bite_007,trial_0019,withdrawal,0,B2,17,17,100.0,-2.9034092573489936,0.0015481091395632696,True,True,True,True,17,1,112,1.1146752701516465,0.04405129492307047,112,1.3850310331474966,4.405129492307044,105,58.73845874323206,255.34667299949817,98,9415.58761465621,29040.082554507426,0,17,17,0.8446677421574504,0.8454506116354885,0.7554155751402326,0.9106352171498222,0.7217331888754024,0.9207004352664003
trial_0019_bite_007_withdrawal,trial_0019_bite_007,trial_0019,withdrawal,0,B3,17,17,100.0,-2.9034092573489936,0.0005139087490557692,True,True,True,True,17,1,112,1.12216821193977,0.042313183525620524,112,1.3788715331644468,4.231318352562049,105,64.49298188381287,234.57389670971068,98,10703.252772475573,34272.350885621934,0,17,17,0.8429784505413245,0.8423470420788819,0.755848872312278,0.9070675582019728,0.7219983254917817,0.9203165683184498
trial_0019_bite_007_withdrawal,trial_0019_bite_007,trial_0019,withdrawal,0,StrongLocal,17,17,100.0,-2.9034092573489936,0.007806889364138314,True,True,True,True,17,1,112,1.0964274365417466,0.042171765185944565,112,1.363470405208368,4.217176518594453,105,57.19290824673272,178.4945347797161,98,9329.34142474431,29717.110319454205,0,17,17,0.8435541634643527,0.8434951222720279,0.7558595456864825,0.9078486698138292,0.7221221335377268,0.920427691822244
trial_0019_bite_007_withdrawal,trial_0019_bite_007,trial_0019,withdrawal,0,H_star,17,17,100.0,-2.9034092573489936,0.01656784335444872,True,True,True,True,17,1,112,1.2178607272835706,0.042174445828003115,112,1.4343558540138024,4.217444582800308,105,102.82960068408178,358.88604503112384,98,19281.371498449567,64396.63469034418,0,17,17,0.8422253540578922,0.8413763056205656,0.7560169496133832,0.9058247636043791,0.7222773929509807,0.9122211021601334
trial_0019_bite_007_withdrawal,trial_0019_bite_007,trial_0019,withdrawal,0,HumanGT,17,17,100.0,-2.9034092573489936,0.0,True,True,True,True,17,1,112,1.2016226538817447,0.04442929609392898,112,1.3827038492686743,4.442929609392895,105,52.89227465830325,185.79143174237603,98,8914.910528630331,28770.172076781033,0,17,17,0.8381338598227396,0.839802247095677,0.7585111868943364,0.8925627215284115,0.725075009595249,0.8943435448172639
trial_0019_bite_007_withdrawal,trial_0019_bite_007,trial_0019,withdrawal,1,B0,82,77,93.90243902439023,-2.7773300319520553,0.0,True,True,True,True,77,1,532,30.648368211433404,3.1020928319980827,532,36.001490752667266,310.20928319981147,525,5118.9732828485085,31004.3917898717,518,892448.9874251554,6200541.122152831,3,77,77,0.10344931179468926,0.09801557232325031,0.04980384107010192,0.18152784729452534,0.00013963708706876687,0.27428083288852756
trial_0019_bite_007_withdrawal,trial_0019_bite_007,trial_0019,withdrawal,1,B1,82,78,95.1219512195122,-2.7773300319520553,0.12060771300309225,True,True,True,True,78,1,539,14.209900884421002,3.0989420670661487,539,20.790930159052284,309.8942067066146,532,2946.825098082716,31009.72664383485,525,513686.2665877304,6201447.01875003,1,78,78,0.10556021110177596,0.10090865462117682,0.048621191633154794,0.18034743331060105,0.0035169462295665532,0.27428083288852756
trial_0019_bite_007_withdrawal,trial_0019_bite_007,trial_0019,withdrawal,1,B2,82,82,100.0,-2.7773300319520553,0.10539500272571845,True,True,True,True,82,1,567,5.515055218589515,0.06352845698311804,567,1.4962268572763309,6.352845698311799,560,34.8842862940054,163.22277413143837,553,2913.0116744529682,14599.433614621976,0,82,82,0.1377718262917887,0.1349396317781114,0.08368033120462955,0.1954770441985038,0.05329808890034027,0.27428083288852756
trial_0019_bite_007_withdrawal,trial_0019_bite_007,trial_0019,withdrawal,1,B3,82,82,100.0,-2.7773300319520553,0.13575731218877785,True,True,True,True,82,1,567,5.908697155026198,0.05856805415620681,567,1.5516296165569132,5.856805415620676,560,40.8450312867307,168.7120806998176,553,4414.902792920739,25346.615657572725,0,82,82,0.12610178764074098,0.12196051805747388,0.05210700878890706,0.19546079302544797,0.02012111939416661,0.27428083288852756
trial_0019_bite_007_withdrawal,trial_0019_bite_007,trial_0019,withdrawal,1,StrongLocal,82,82,100.0,-2.7773300319520553,0.1165805169494929,True,True,True,True,82,1,567,5.807253264298534,0.060338307111098555,567,1.5427098601790106,6.03383071110985,560,38.324350893722645,149.11360091980765,553,3800.804628201927,18577.572821591806,0,82,82,0.12887796848560454,0.12468278883349215,0.06468430922152872,0.1954521000658631,0.032536798104316755,0.27428083288852756
trial_0019_bite_007_withdrawal,trial_0019_bite_007,trial_0019,withdrawal,1,H_star,82,82,100.0,-2.7773300319520553,0.1291895844699158,True,True,True,True,82,1,567,5.950359987345313,0.06275592850338296,567,1.576981048606235,6.275592850338291,560,42.155706059085595,181.1312695283561,553,4280.41531187097,26136.32469177083,0,82,82,0.12178083351280744,0.11831634219817388,0.045080028553212845,0.19377341783457527,0.006261219709438048,0.27428083288852756
trial_0019_bite_007_withdrawal,trial_0019_bite_007,trial_0019,withdrawal,1,HumanGT,82,81,98.78048780487805,-2.7773300319520553,0.0,True,True,True,True,81,1,560,5.725017568335666,0.06394659268899483,560,1.5570260652792154,6.394659268899478,553,35.68456650009569,166.84382555936958,546,3071.404851629157,13280.40608580757,0,81,81,0.11821508175473067,0.11325417444975039,0.045272141194101945,0.19457718595626217,0.0019017753455115027,0.27428083288852756
trial_0019_bite_008_transfer,trial_0019_bite_008,trial_0019,transfer,0,B0,136,136,100.0,-2.812606931580196,0.0,True,True,True,True,136,1,945,4.179921816312733,0.02046580900215122,945,0.6227030639744023,2.0465809002151203,938,14.505489311954381,79.12628897825499,931,1953.8424153714593,15599.75559794631,0,136,136,0.7005102817333935,0.7863189057410345,0.5089283973282657,0.8649063873548023,0.5055046227746205,0.8832075733512144
trial_0019_bite_008_transfer,trial_0019_bite_008,trial_0019,transfer,0,B1,136,136,100.0,-2.812606931580196,0.17317307436799556,True,True,True,True,136,1,945,4.427245454926509,0.02156076159749265,945,0.6561600440628081,2.1560761597492633,938,14.857611148047177,81.5025221684705,931,1991.677728075779,15960.001224995372,0,136,136,0.7335736668209509,0.8306900208577535,0.511637267854584,0.9043196084273638,0.5088682734847723,0.9202891976931227
trial_0019_bite_008_transfer,trial_0019_bite_008,trial_0019,transfer,0,B2,136,136,100.0,-2.812606931580196,0.0015481091395632696,True,True,True,True,136,1,945,3.944170306640609,0.02124212215626642,945,0.580344113570654,2.12421221562664,938,14.156694019851887,76.52656406150969,931,1915.5595660240003,15141.330634210042,0,136,136,0.6613554719969061,0.7307763203363471,0.5085895924445589,0.8096682619453508,0.5058236155342684,0.828244751913628
trial_0019_bite_008_transfer,trial_0019_bite_008,trial_0019,transfer,0,B3,136,136,100.0,-2.812606931580196,0.0005139087490562133,True,True,True,True,136,1,945,4.04927252402612,0.02263042543947602,945,0.5980571522903104,2.2630425439476,938,20.565607897486984,100.02412440936119,931,3172.8665659628073,17805.976858906233,0,136,136,0.6539089627974547,0.7355586211323181,0.49878215372234713,0.8025408473975046,0.4938120458966946,0.818994043327711
trial_0019_bite_008_transfer,trial_0019_bite_008,trial_0019,transfer,0,StrongLocal,136,136,100.0,-2.812606931580196,0.013964547055651089,True,True,True,True,136,1,945,4.059950704300681,0.02301777700716201,945,0.6007255597977681,2.301777700716199,938,19.14997949919262,101.09910979248384,931,2954.4738629448757,18291.47059453357,0,136,136,0.6678151179984111,0.7484885651279001,0.5041153090350381,0.8207026367653083,0.5027129866779623,0.8374631308147755
trial_0019_bite_008_transfer,trial_0019_bite_008,trial_0019,transfer,0,H_star,136,136,100.0,-2.812606931580196,0.004739357186225757,True,True,True,True,136,1,945,4.151136960728753,0.028293543862030646,945,0.6113285514352704,2.829354386203062,938,26.982306455385974,220.98223510138973,931,4434.146747566836,31407.162485784484,0,136,136,0.6602798686777482,0.7467639053600085,0.49816810735119144,0.8124943377777976,0.4942065189938907,0.8290416830447278
trial_0019_bite_008_transfer,trial_0019_bite_008,trial_0019,transfer,0,HumanGT,136,136,100.0,-2.812606931580196,0.0,True,True,True,True,136,1,945,4.224761686624602,0.019305736149538125,945,0.609185209944248,1.9305736149538109,938,16.221113969616894,83.56517712236209,931,2356.9343965546213,16409.337054445987,0,136,136,0.7104324847735223,0.7928740827916202,0.5122053045891879,0.8547187285935515,0.5089724232781077,0.8724733707427372
trial_0019_bite_008_withdrawal,trial_0019_bite_008,trial_0019,withdrawal,0,B0,113,108,95.57522123893806,-2.8291624867761676,0.0,True,True,True,True,108,2,742,16.559388674056372,3.1115945483501735,742,18.11562751058207,311.1594548350171,728,1816.7287993628183,31160.503269539535,721,182705.52359625066,3114399.823198937,1,108,108,0.4646990670733108,0.3476337104074738,0.023981153376023696,0.867508205050336,0.0007144218470696018,0.8889778504756967
trial_0019_bite_008_withdrawal,trial_0019_bite_008,trial_0019,withdrawal,0,B1,113,113,100.0,-2.8291624867761676,0.0912318137382111,True,True,True,True,113,1,784,8.363234577511074,0.05368986022530464,784,1.542593457539137,5.36898602253046,777,32.4583236533341,179.22625540785435,770,3464.045661934944,29238.851509987442,0,113,113,0.46037518984037434,0.347125871777914,0.05861462037077665,0.8741619335811012,0.05308772208599777,0.8965244446049421
trial_0019_bite_008_withdrawal,trial_0019_bite_008,trial_0019,withdrawal,0,B2,113,113,100.0,-2.8291624867761676,0.0015481091395637137,True,True,True,True,113,1,784,7.804169037784237,0.050824316974072296,784,1.4184530867634866,5.082431697407225,777,32.16827929921346,172.72585839979862,770,3468.5660029681326,28139.14709159276,0,113,113,0.5093826046924781,0.3918500786358403,0.24835092918259463,0.862444376576824,0.23572673869399186,0.8867174119798622
trial_0019_bite_008_withdrawal,trial_0019_bite_008,trial_0019,withdrawal,0,B3,113,113,100.0,-2.8291624867761676,0.0005139087490557692,True,True,True,True,113,1,784,8.312829727433282,0.051543902498446315,784,1.4721256676895564,5.154390249844627,777,41.943746961838464,266.6618618142275,770,5437.760577483006,38969.521288062024,0,113,113,0.5023802354360661,0.3921193349715817,0.2003475779974151,0.8606082406033293,0.19392923133089823,0.886817137517943
trial_0019_bite_008_withdrawal,trial_0019_bite_008,trial_0019,withdrawal,0,StrongLocal,113,113,100.0,-2.8291624867761676,0.010723038884492553,True,True,True,True,113,1,784,8.133794495580204,0.0506206821016546,784,1.4522371318763587,5.062068210165456,777,38.53853172217683,210.2640641697647,770,4805.605681214399,30564.488427027492,0,113,113,0.5026313704137984,0.3918761467459215,0.21017791657771417,0.8621594425741719,0.20117382039520493,0.8867435465811258
trial_0019_bite_008_withdrawal,trial_0019_bite_008,trial_0019,withdrawal,0,H_star,113,113,100.0,-2.8291624867761676,0.019073361889190732,True,True,True,True,113,1,784,8.145538693828062,0.05009755765597656,784,1.4610316939690666,5.009755765597651,777,44.466893548454216,277.4669344939879,770,6136.829164340125,45916.043168858654,0,113,113,0.49904524104687165,0.39072786453814157,0.1952321012893762,0.8571816405174009,0.19159925423198132,0.8851429406639229
trial_0019_bite_008_withdrawal,trial_0019_bite_008,trial_0019,withdrawal,0,HumanGT,113,113,100.0,-2.8291624867761676,0.0,True,True,True,True,113,1,784,8.01570254947388,0.05079226399042369,784,1.4374550340776135,5.079226399042365,777,31.593868543191455,160.29659971627683,770,3478.728935270728,26357.844986895234,0,113,113,0.45595405086910856,0.3457328775965478,0.038576456033439226,0.8573789913923877,0.02979294516112141,0.8833619334172962
trial_0019_bite_009_transfer,trial_0019_bite_009,trial_0019,transfer,0,B0,133,133,100.0,-2.9166817022941434,0.0,True,True,True,True,133,1,924,4.4962383685703,0.01766966964736416,924,0.6361077493649449,1.7669669647364146,917,13.277639562230735,64.71034296617427,910,1718.173640172548,9599.03293655537,0,133,133,0.7445343967276596,0.7104653729920345,0.6871259535036293,0.872427434226916,0.6798582284224144,0.8914395609602135
trial_0019_bite_009_transfer,trial_0019_bite_009,trial_0019,transfer,0,B1,133,133,100.0,-2.9166817022941434,0.173173074367996,True,True,True,True,133,1,924,4.732536793148377,0.018705699782026297,924,0.6719717369499293,1.8705699782026282,917,13.527060643831142,67.44724975482607,910,1756.6824390606298,10111.820809206558,0,133,133,0.7716753560002477,0.7376552830111747,0.7024503177660351,0.9048534809072784,0.6982849273172467,0.9253914385411433
trial_0019_bite_009_transfer,trial_0019_bite_009,trial_0019,transfer,0,B2,133,133,100.0,-2.9166817022941434,0.0015481091395637137,True,True,True,True,133,1,924,4.248452750953541,0.01605647921080866,924,0.5843045664655356,1.6056479210808736,917,12.874905391700688,60.62425260605398,910,1651.2844969530593,8519.798688831213,0,133,133,0.6920798174402892,0.6808706403595526,0.6240913232538723,0.8046123728881527,0.6232330875487806,0.8248463155103276
trial_0019_bite_009_transfer,trial_0019_bite_009,trial_0019,transfer,0,B3,133,133,100.0,-2.9166817022941434,0.0005139087490553251,True,True,True,True,133,1,924,4.378849262338113,0.018051778469708735,924,0.6069989870777659,1.805177846970872,917,18.818492238674196,95.35333069685903,910,2648.339162518513,12395.177782715153,0,133,133,0.6849342022934339,0.6680136692357708,0.621060706248486,0.804089210244683,0.6166802307751287,0.8215552832727466
trial_0019_bite_009_transfer,trial_0019_bite_009,trial_0019,transfer,0,StrongLocal,133,133,100.0,-2.9166817022941434,0.01273251253108354,True,True,True,True,133,1,924,4.36861823772856,0.017226491239076935,924,0.6070075862062956,1.722649123907692,917,16.35664851882521,69.577879493119,910,2293.2971739686354,10517.35658516681,0,133,133,0.7010015061666115,0.6819234792291873,0.6418962816712929,0.822303963381489,0.6379827642099576,0.8429371200596929
trial_0019_bite_009_transfer,trial_0019_bite_009,trial_0019,transfer,0,H_star,133,133,100.0,-2.9166817022941434,0.0057697216274053,True,True,True,True,133,1,924,4.4193357907835935,0.017313779915856697,924,0.6098808749584936,1.7313779915856682,917,20.510412057993456,123.92691107229182,910,3113.8191895541677,16976.99472295677,0,133,133,0.6925617834357793,0.6733618771077712,0.6308175023250552,0.808241220531057,0.625255365141629,0.830547159712796
trial_0019_bite_009_transfer,trial_0019_bite_009,trial_0019,transfer,0,HumanGT,133,133,100.0,-2.9166817022941434,0.0,True,True,True,True,133,1,924,4.393089211327066,0.016727630562797916,924,0.6080856187909466,1.6727630562797902,917,14.130488737153282,65.50881776754545,910,1931.8293805134733,9624.027611609494,0,133,133,0.7192608444368858,0.7000256194328291,0.6640091879965933,0.8265166996666026,0.6631298222197257,0.8466176609288016
trial_0019_bite_009_withdrawal,trial_0019_bite_009,trial_0019,withdrawal,0,B0,108,108,100.0,-2.832560743288852,0.0,True,True,True,True,108,1,749,8.719622943331045,0.05818426400229093,749,1.661839880296622,5.818426400229088,742,43.569721249115425,413.19372351730635,735,6645.912768272419,62199.42439516726,1,108,108,0.381876153003889,0.2610776105780044,0.09876016645949029,0.8298021687422233,0.07788517813123619,0.8830842765184101
trial_0019_bite_009_withdrawal,trial_0019_bite_009,trial_0019,withdrawal,0,B1,108,108,100.0,-2.832560743288852,0.09123181373821199,True,True,True,True,108,1,749,8.6167079141972,0.06006619764395804,749,1.6521825942050805,6.006619764395799,742,44.67998842309488,429.84672772571764,735,6856.319610060263,64819.109979986104,0,108,108,0.3869693240450901,0.26391492837684494,0.09650227570120565,0.8370452692286592,0.07099044978902391,0.8951852268007583
trial_0019_bite_009_withdrawal,trial_0019_bite_009,trial_0019,withdrawal,0,B2,108,108,100.0,-2.832560743288852,0.0015481091395632696,True,True,True,True,108,1,749,8.312453324278206,0.05834135174603272,749,1.5677574945179333,5.834135174603267,742,44.76721422142973,421.1343672728437,735,6884.548191413925,64252.5996712543,0,108,108,0.4138881573097541,0.2911056895049722,0.1491589770906197,0.8298820875967389,0.11687720854807626,0.8844746533715737
trial_0019_bite_009_withdrawal,trial_0019_bite_009,trial_0019,withdrawal,0,B3,108,108,100.0,-2.832560743288852,0.0005139087490557692,True,True,True,True,108,1,749,8.681513659969994,0.060340748400387945,749,1.6293545945700072,6.034074840038789,742,58.82933774669629,420.6126465840683,735,9499.682676790506,67950.06521079633,0,108,108,0.4107970931391093,0.29045390384439385,0.1427377990176258,0.8262093324454632,0.10670155797697323,0.87937481923794
trial_0019_bite_009_withdrawal,trial_0019_bite_009,trial_0019,withdrawal,0,StrongLocal,108,108,100.0,-2.832560743288852,0.005089470821205921,True,True,True,True,108,1,749,8.50667100796641,0.059761225378910154,749,1.6019759718684894,5.97612253789101,742,53.05398226476489,415.69449154057213,735,8424.390280200052,64238.1742650782,0,108,108,0.4097839916965216,0.29101686010535754,0.14041427945107007,0.8275715269825868,0.10600178407896887,0.8815716076082314
trial_0019_bite_009_withdrawal,trial_0019_bite_009,trial_0019,withdrawal,0,H_star,108,108,100.0,-2.832560743288852,0.0036781596391359805,True,True,True,True,108,1,749,8.586978942321197,0.05752967824029476,749,1.6087893276933813,5.75296782402947,742,60.32823108842778,417.4271729410295,735,9634.41472238307,66435.94979452308,0,108,108,0.40826497880978424,0.29023648218662434,0.1412272603806622,0.8236967967736983,0.1028350516210974,0.8764588324676357
trial_0019_bite_009_withdrawal,trial_0019_bite_009,trial_0019,withdrawal,0,HumanGT,108,108,100.0,-2.832560743288852,0.0,True,True,True,True,108,1,749,8.538564825473134,0.059629241414054235,749,1.5965800368919398,5.962924141405418,742,42.78796398325715,386.1186057472273,735,6524.5839419407575,59868.7283692684,0,108,108,0.3888267759095077,0.2738209952999964,0.10064219894918112,0.8125342918186633,0.07250184087509837,0.8585603833495714
trial_0019_bite_010_transfer,trial_0019_bite_010,trial_0019,transfer,0,B0,137,137,100.0,-2.885216102125724,0.0,True,True,True,True,137,1,952,4.7963405398877565,0.01661952461416316,952,0.648859542122169,1.6619524614163146,945,15.830987910129965,134.24150587327577,938,2368.281758911393,15291.082811344797,0,137,137,0.7759633349255155,0.7721934757368638,0.6489621124585486,0.8882892683740036,0.6262827944619094,0.902948422336316
trial_0019_bite_010_transfer,trial_0019_bite_010,trial_0019,transfer,0,B1,137,137,100.0,-2.885216102125724,0.173173074367996,True,True,True,True,137,1,952,5.056431226291669,0.01773030321691671,952,0.6845241812028683,1.7730303216916694,945,16.704854462040412,148.59646293908986,938,2496.336671833107,17034.47269530529,0,137,137,0.7937504381281784,0.7795665228193713,0.6540928232753391,0.9145398914359982,0.6262827944619094,0.9267999131540443
trial_0019_bite_010_transfer,trial_0019_bite_010,trial_0019,transfer,0,B2,137,137,100.0,-2.885216102125724,0.0015481091395632696,True,True,True,True,137,1,952,4.497663110348106,0.0154234206701922,952,0.6058742570899109,1.5423420670192358,945,14.810690991732717,119.34952373889621,938,2207.067650706937,13501.501499704604,0,137,137,0.7480592620606704,0.757933175864236,0.6445255581066682,0.8534719984738238,0.6262827944619094,0.8681260857442665
trial_0019_bite_010_transfer,trial_0019_bite_010,trial_0019,transfer,0,B3,137,137,100.0,-2.885216102125724,0.0005139087490557692,True,True,True,True,137,1,952,4.541581518895776,0.017848832131023507,952,0.6224363721613188,1.784883213102349,945,18.725506646900957,126.2136830243541,938,2875.7490844234203,14167.698279008395,0,137,137,0.7401495838918122,0.7578063340693961,0.6283653597041925,0.8537694769492349,0.6219118754422563,0.8693965037762938
trial_0019_bite_010_transfer,trial_0019_bite_010,trial_0019,transfer,0,StrongLocal,137,137,100.0,-2.885216102125724,0.011791826989063114,True,True,True,True,137,1,952,4.589418119854671,0.01739402960430958,952,0.626301367953648,1.7394029604309564,945,17.612195683604284,131.77636924908566,938,2698.393247431974,14796.34892691891,0,137,137,0.7492459957810534,0.7581043868630508,0.6347170629397703,0.8629582652883748,0.6222564323244875,0.8757939398261887
trial_0019_bite_010_transfer,trial_0019_bite_010,trial_0019,transfer,0,H_star,137,137,100.0,-2.885216102125724,0.006790049417954247,True,True,True,True,137,1,952,4.736122644694346,0.018313847488300006,952,0.6333474255408402,1.831384748829999,945,23.953306109077687,126.12414371457858,938,3862.751114272539,18758.88490390571,0,137,137,0.7430523542717936,0.7578652434987228,0.6268416908750556,0.8577893716436865,0.6183202416018032,0.8703697747239985
trial_0019_bite_010_transfer,trial_0019_bite_010,trial_0019,transfer,0,HumanGT,137,137,100.0,-2.885216102125724,0.0,True,True,True,True,137,1,952,4.7055657726303775,0.018126437754037994,952,0.6396939759384742,1.8126437754038178,945,16.96933146570242,129.18569850083972,938,2619.335967956116,14287.124471463705,0,137,137,0.7482271177058067,0.7580058169199275,0.6184812638651399,0.8644589367261037,0.6143305040675244,0.8760860637092704
trial_0019_bite_010_withdrawal,trial_0019_bite_010,trial_0019,withdrawal,0,B0,99,60,60.60606060606061,-2.851625371768273,0.0,True,True,True,True,60,1,413,6.53377297342818,0.07061187560006488,413,2.2843892311759513,7.0611875600064815,406,41.64240254664898,201.28467702759295,399,5098.900709428889,30139.297102376546,0,60,60,0.5462823568662709,0.6076498130731744,0.12482211318529748,0.877014840893589,0.01649168564892811,0.9009456270565224
trial_0019_bite_010_withdrawal,trial_0019_bite_010,trial_0019,withdrawal,0,B1,99,62,62.62626262626263,-2.851625371768273,0.09123181373821154,True,True,True,True,62,1,427,14.726410303402414,3.0946995962451216,427,22.871374946815923,309.4699596245119,420,2308.762650408428,30989.556615566125,413,232517.2030827977,3097647.133540903,1,62,62,0.5322442235778337,0.5734944880390604,0.07456258927398875,0.8852512943424318,0.00018105748675534272,0.9053942888310238
trial_0019_bite_010_withdrawal,trial_0019_bite_010,trial_0019,withdrawal,0,B2,99,67,67.67676767676768,-2.851625371768273,0.0015481091395632696,True,True,True,True,67,1,462,6.990167895870179,0.06717132819440419,462,2.146420895337975,6.717132819440413,455,46.24658106337844,212.49588938954085,448,5417.199043183996,31459.305260105924,0,67,67,0.5003023012982166,0.49440888361416624,0.058278489006231386,0.8717416738644941,0.005582524147760282,0.8990449920000794
trial_0019_bite_010_withdrawal,trial_0019_bite_010,trial_0019,withdrawal,0,B3,99,67,67.67676767676768,-2.851625371768273,0.0005139087490557692,True,True,True,True,67,1,462,7.2322665252874705,0.06714585696516727,462,2.2075963248866466,6.714585696516721,455,57.7765177817908,335.5492298486989,448,7631.067008381511,45680.61770247744,0,67,67,0.5009488265688378,0.493939669643527,0.06062884372089297,0.870471110041344,0.0030512122092432037,0.8967059450030623
trial_0019_bite_010_withdrawal,trial_0019_bite_010,trial_0019,withdrawal,0,StrongLocal,99,66,66.66666666666666,-2.851625371768273,0.010342914958848759,True,True,True,True,66,1,455,7.0442015640762765,0.067636008324782,455,2.188828655571491,6.763600832478194,448,54.024358863875555,230.3880403814414,441,6933.620142559625,35965.555942324114,0,66,66,0.507914317875209,0.5090802295962917,0.07144234022274443,0.8724706534089718,0.011632664012641847,0.8990257323480364
trial_0019_bite_010_withdrawal,trial_0019_bite_010,trial_0019,withdrawal,0,H_star,99,66,66.66666666666666,-2.851625371768273,0.01861906005348679,True,True,True,True,66,1,455,7.184894983971772,0.06873691134961302,455,2.207111145762735,6.8736911349612955,448,66.27473305667334,289.6849615731684,441,9717.37829649805,47724.484014498674,0,66,66,0.5061299214764102,0.5090046938031021,0.06349129346164739,0.8689383497878299,0.004572651820932805,0.8939678443647363
trial_0019_bite_010_withdrawal,trial_0019_bite_010,trial_0019,withdrawal,0,HumanGT,99,65,65.65656565656566,-2.851625371768273,0.0,True,True,True,True,65,1,448,6.757071314287106,0.060924942692092365,448,2.0449554713469724,6.092494269209231,441,43.835875756875545,198.38406021154464,434,5170.244041253486,27809.00900649368,0,65,65,0.5088335586416688,0.5267784578541153,0.044068405361500855,0.8603755425410234,0.00615808025742659,0.8831137643688951
trial_0019_bite_011_transfer,trial_0019_bite_011,trial_0019,transfer,0,B0,42,42,100.0,-2.7976357684453292,0.0,True,True,True,True,42,1,287,0.6507370458722939,0.0077916895264538155,287,0.28771121850764336,0.7791689526453809,280,12.16270061926456,37.57792872725923,273,1774.8752770248998,6667.477469955305,0,42,42,0.5039574135523138,0.5020788408015777,0.4896660605677684,0.5293543234733933,0.4890310277637102,0.5396367541206573
trial_0019_bite_011_transfer,trial_0019_bite_011,trial_0019,transfer,0,B1,42,42,100.0,-2.7976357684453292,0.17317307436799512,True,True,True,True,42,1,287,0.696180024901691,0.00809385786964878,287,0.3031976282688651,0.8093857869648817,280,12.18818224268592,37.679036303757066,273,1778.1689075061333,6680.158705131918,0,42,42,0.5139136599836613,0.5104021577521882,0.4924812900285691,0.548477817283349,0.491944178568648,0.5598248477084127
trial_0019_bite_011_transfer,trial_0019_bite_011,trial_0019,transfer,0,B2,42,42,100.0,-2.7976357684453292,0.0015481091395628255,True,True,True,True,42,1,287,0.6216565234835392,0.007794749797811917,287,0.27752959945151423,0.7794749797811911,280,12.027721482042715,37.97596527390638,273,1747.1181732274554,5710.013645403563,0,42,42,0.4984946494690157,0.4979061511739111,0.4888238643011099,0.5167854970351266,0.48791437565301354,0.5254481513972129
trial_0019_bite_011_transfer,trial_0019_bite_011,trial_0019,transfer,0,B3,42,42,100.0,-2.7976357684453292,0.0005139087490562133,True,True,True,True,42,1,287,0.6658718096050065,0.007797257814690539,287,0.2941382212440564,0.7797257814690532,280,20.496658255423835,67.1624309183193,273,3199.029851557854,10717.211494600118,0,42,42,0.490729021985364,0.48972136814911993,0.4845192314192434,0.5026965854768859,0.48371115351951843,0.510244844322572
trial_0019_bite_011_transfer,trial_0019_bite_011,trial_0019,transfer,0,StrongLocal,42,42,100.0,-2.7976357684453292,0.01484556014625582,True,True,True,True,42,1,287,0.6581523560896811,0.007795094087906129,287,0.2922019582255467,0.7795094087906123,280,18.294040346779404,67.58087778843334,273,2838.2119986332773,10195.650205824664,0,42,42,0.49690418930345726,0.4958963450220737,0.488119307899444,0.5145916616341712,0.4875814293196328,0.5235791496301596
trial_0019_bite_011_transfer,trial_0019_bite_011,trial_0019,transfer,0,H_star,42,42,100.0,-2.7976357684453292,0.0034751636824363885,True,True,True,True,42,1,287,0.7085772796618626,0.009090758840738289,287,0.31616354528429846,0.9090758840738281,280,28.19709142347181,154.89058750185663,273,4795.78973492726,24915.025851052807,0,42,42,0.48936844679996516,0.48784972204105514,0.4819105797722628,0.5014477775717887,0.47902243599698036,0.5105306204507052
trial_0019_bite_011_transfer,trial_0019_bite_011,trial_0019,transfer,0,HumanGT,42,42,100.0,-2.7976357684453292,0.0,True,True,True,True,42,1,287,1.155376945408084,0.018308613705114496,287,0.5495256741015784,1.830861370511448,280,59.55244087853267,300.674265403193,273,9672.350132192852,32079.196397574087,0,42,42,0.4984979627085143,0.4956897167852028,0.4869578061931993,0.5244338832881688,0.48491247738233234,0.5385702768663005
trial_0019_bite_011_transfer,trial_0019_bite_011,trial_0019,transfer,1,B0,134,134,100.0,-2.828670122987351,0.0,True,True,True,True,134,1,931,3.179925518248754,0.011582832726202419,931,0.4519813356715178,1.1582832726202408,924,13.6695108998852,79.99416856771175,917,1956.8159557903937,10620.464015926393,0,134,134,0.7940480119427966,0.7980841772910927,0.7347503864080331,0.8325564052397249,0.6825690970732892,0.8398605742868739
trial_0019_bite_011_transfer,trial_0019_bite_011,trial_0019,transfer,1,B1,134,134,100.0,-2.828670122987351,0.13389815086821022,True,True,True,True,134,1,931,3.2582947605531527,0.012066509635934697,931,0.47127001502158994,1.2066509635934686,924,14.076039023459003,82.64204409021744,917,2011.3943307685101,11017.634812317183,0,134,134,0.8119930198755618,0.8165490665148769,0.7379622506334995,0.8441752407622811,0.6825690970732892,0.8492744014883158
trial_0019_bite_011_transfer,trial_0019_bite_011,trial_0019,transfer,1,B2,134,134,100.0,-2.828670122987351,0.03569907660025029,True,True,True,True,134,1,931,3.136821567900077,0.011236066192082284,931,0.43858380841776673,1.1236066192082275,924,13.40824807947371,76.28719800008442,917,1909.2461873944872,10133.943826120958,0,134,134,0.7806928631298408,0.7804454795405,0.7302218294978302,0.8253930151740869,0.6825690970732892,0.8338229944020048
trial_0019_bite_011_transfer,trial_0019_bite_011,trial_0019,transfer,1,B3,134,134,100.0,-2.828670122987351,0.036469193251676746,True,True,True,True,134,1,931,3.216165282871519,0.011807388068016069,931,0.44983002103024394,1.1807388068016058,924,17.86449002074756,85.52798074444628,917,2779.9533445092075,12683.166615087915,0,134,134,0.785498202832359,0.7839602958542153,0.7320187824533697,0.8369350170702808,0.6825690970732892,0.8434641534770666
trial_0019_bite_011_transfer,trial_0019_bite_011,trial_0019,transfer,1,StrongLocal,134,134,100.0,-2.828670122987351,0.028897038130690778,True,True,True,True,134,1,931,3.192248416633351,0.011284438989235035,931,0.44567838261131243,1.1284438989235024,924,16.483284800540137,85.13471523520428,917,2547.460769110932,11217.995258288896,0,134,134,0.7846542273131608,0.7827680805856034,0.7298568357761741,0.8359465315873659,0.6825690970732892,0.8423251644942198
trial_0019_bite_011_transfer,trial_0019_bite_011,trial_0019,transfer,1,H_star,134,134,100.0,-2.828670122987351,0.024313152511201253,True,True,True,True,134,1,931,3.26932345390584,0.01301219933754516,931,0.45901663012063154,1.301219933754515,924,20.0611706837205,81.15093667595538,917,3247.897226610832,12373.248818157348,0,134,134,0.7900544437465441,0.7908722360069245,0.728703019428475,0.8368070870696555,0.6825690970732892,0.8421867204173203
trial_0019_bite_011_transfer,trial_0019_bite_011,trial_0019,transfer,1,HumanGT,134,134,100.0,-2.828670122987351,0.0,True,True,True,True,134,1,931,3.265463610073586,0.015178969970742973,931,0.4658814069835294,1.517896997074296,924,15.536598570320576,80.80633990229721,917,2325.7147614820547,10415.017125870534,0,134,134,0.8079310325165612,0.8122010427527644,0.7389989599988213,0.8541255138015941,0.6825690970732892,0.8574078800806806
trial_0019_bite_011_withdrawal,trial_0019_bite_011,trial_0019,withdrawal,0,B0,104,104,100.0,-2.8508966130120306,0.0,True,True,True,True,104,1,721,7.594204805314694,0.08998043396159616,721,1.7481635452924364,8.99804339615961,714,34.0891478678361,199.52230655374743,707,3771.7985824601587,27364.612532249677,0,104,104,0.4081594177013364,0.20984549787930074,0.14580645858893893,0.8742773303448501,0.13774473836316936,0.9073818145053045
trial_0019_bite_011_withdrawal,trial_0019_bite_011,trial_0019,withdrawal,0,B1,104,104,100.0,-2.8508966130120306,0.09123181373821154,True,True,True,True,104,1,721,7.463022947599857,0.09512169854615848,721,1.775848241498449,9.51216985461584,714,35.09339790140446,209.3951736560835,707,3890.8114261941464,29106.587693442794,0,104,104,0.42840351095302753,0.2435718547554222,0.1750631756035988,0.8805662884920227,0.16284428735974776,0.9101013800790563
trial_0019_bite_011_withdrawal,trial_0019_bite_011,trial_0019,withdrawal,0,B2,104,104,100.0,-2.8508966130120306,0.0015481091395628255,True,True,True,True,104,1,721,7.1517691059984765,0.09468386013846163,721,1.7403245741093205,9.468386013846153,714,34.73094418491417,219.08338879650316,707,3881.6135114361673,28808.039428109314,0,104,104,0.4632910677637771,0.32029767942912013,0.17355867981451803,0.874164095783082,0.16118846805002418,0.9074479188434172
trial_0019_bite_011_withdrawal,trial_0019_bite_011,trial_0019,withdrawal,0,B3,104,104,100.0,-2.8508966130120306,0.0005139087490557692,True,True,True,True,104,1,721,7.610776902168887,0.09516487834327501,721,1.7796583047838421,9.516487834327492,714,44.788313543971775,282.02522021240685,707,6076.230252162447,38850.254373885015,0,104,104,0.45951109724228173,0.3201995229184116,0.17277686411448476,0.8738524349722862,0.1604752984866873,0.9042837789654374
trial_0019_bite_011_withdrawal,trial_0019_bite_011,trial_0019,withdrawal,0,StrongLocal,104,104,100.0,-2.8508966130120306,0.0074317967442101285,True,True,True,True,104,1,721,7.3978031630104715,0.09401206918056904,721,1.7503268464868322,9.401206918056895,714,41.715989037369674,251.69919880214616,707,5674.517145335949,40141.62069121182,0,104,104,0.4582004482263657,0.3137991171536858,0.17339746967810643,0.8740820208151037,0.16103470214612026,0.9067813255738013
trial_0019_bite_011_withdrawal,trial_0019_bite_011,trial_0019,withdrawal,0,H_star,104,104,100.0,-2.8508966130120306,0.015321981992461708,True,True,True,True,104,1,721,7.540741067129874,0.09330093213008883,721,1.7634290907089067,9.330093213008874,714,47.664287061187835,316.7682429441493,707,6917.809969158749,57926.233330897245,0,104,104,0.45748907381775283,0.3063934437108995,0.17350841719365923,0.8717488074425115,0.16126371107097226,0.9016486406841384
trial_0019_bite_011_withdrawal,trial_0019_bite_011,trial_0019,withdrawal,0,HumanGT,104,104,100.0,-2.8508966130120306,0.0,True,True,True,True,104,1,721,6.838285857295579,0.07030771610909524,721,1.507084355975409,7.030771610909517,714,29.814417923976343,162.12819494461021,707,3438.1934980484384,20905.59857756016,0,104,104,0.41786418252567425,0.21073467769889298,0.1775656995575507,0.8627956592445628,0.1681745769037195,0.8919064129990928
trial_0019_bite_012_transfer,trial_0019_bite_012,trial_0019,transfer,0,B0,116,116,100.0,-2.875092690467467,0.0,True,True,True,True,116,1,805,3.6038020105191033,0.0171208015086306,805,0.6026867082777505,1.7120801508630585,798,13.541910457803752,67.45695560594687,791,1892.2596200847577,10045.49276887361,0,116,116,0.7971343840030715,0.7988565911711234,0.6474563212171255,0.9130599757561071,0.6375453943782268,0.9264226663060182
trial_0019_bite_012_transfer,trial_0019_bite_012,trial_0019,transfer,0,B1,116,116,100.0,-2.875092690467467,0.173173074367996,True,True,True,True,116,1,805,3.8327322552125396,0.01829829103294967,805,0.6424330873343465,1.8298291032949652,798,13.787870769597452,68.04390756631737,791,1928.1076634264625,10230.787533763545,0,116,116,0.826732505112428,0.843695676863562,0.6512116367106505,0.9406486163723826,0.6430116668119541,0.9526981795926215
trial_0019_bite_012_transfer,trial_0019_bite_012,trial_0019,transfer,0,B2,116,116,100.0,-2.875092690467467,0.0015481091395632696,True,True,True,True,116,1,805,3.3663239884279417,0.016324808754174306,805,0.552609315999297,1.6324808754174291,798,13.196040806598225,69.7714119709957,791,1833.9883410421821,9154.857957598828,0,116,116,0.7467409548127828,0.7403098858767247,0.6320772779338595,0.8543914244283994,0.6232644754841972,0.865904708268868
trial_0019_bite_012_transfer,trial_0019_bite_012,trial_0019,transfer,0,B3,116,116,100.0,-2.875092690467467,0.0005139087490557692,True,True,True,True,116,1,805,3.5014538153313595,0.021261502904660556,805,0.5846885683540087,2.1261502904660556,798,21.065206348920235,199.60944949804383,791,2839.854975750435,21501.858093958774,0,116,116,0.7405396730486614,0.7464396132973037,0.6069303593897115,0.8463099439289723,0.5990162713852676,0.8566761757495538
trial_0019_bite_012_transfer,trial_0019_bite_012,trial_0019,transfer,0,StrongLocal,116,116,100.0,-2.875092690467467,0.01773460491790546,True,True,True,True,116,1,805,3.5016285674073,0.01702269267501011,805,0.5803455371254357,1.7022692675010094,798,17.761478940432795,145.06755702827778,791,2411.8363128966835,15149.445554140553,0,116,116,0.7551367927481276,0.7591537959873209,0.6193689272706135,0.863282216014217,0.6106825198361445,0.8729394363944012
trial_0019_bite_012_transfer,trial_0019_bite_012,trial_0019,transfer,0,H_star,116,116,100.0,-2.875092690467467,0.00029820206996111764,True,True,True,True,116,1,805,3.5522574067067962,0.024926365127024622,805,0.5914878401871374,2.49263651270246,798,26.03661072762659,201.02777952653693,791,4007.419032230023,31069.344673342694,0,116,116,0.7474578333739568,0.7593243844172375,0.6132116994454441,0.8473673900078369,0.608106325871024,0.8586245739160017
trial_0019_bite_012_transfer,trial_0019_bite_012,trial_0019,transfer,0,HumanGT,116,116,100.0,-2.875092690467467,0.0,True,True,True,True,116,1,805,3.4261128398253446,0.016754606142232786,805,0.5619918823602603,1.6754606142232784,798,14.229773021500852,68.10489086940228,791,2074.055639702336,10048.518760451736,0,116,116,0.7639170588811623,0.7644605774696238,0.6427988751963567,0.8659095083577697,0.634627128529518,0.8825233103749044
trial_0019_bite_012_withdrawal,trial_0019_bite_012,trial_0019,withdrawal,0,B0,113,113,100.0,-2.7856639957204665,0.0,True,True,True,True,113,1,784,7.596695884439474,0.04227243984924023,784,1.2468227963588336,4.227243984924019,777,29.87727258182843,157.25665018503116,770,4049.8250393040817,25589.485702660775,0,113,113,0.5069556716095736,0.5730083918535915,0.04453061026867485,0.8352630872552844,0.018490838276972177,0.8663920725249152
trial_0019_bite_012_withdrawal,trial_0019_bite_012,trial_0019,withdrawal,0,B1,113,113,100.0,-2.7856639957204665,0.09123181373821154,True,True,True,True,113,1,784,7.722736222060833,0.043141646045263826,784,1.2638505612596087,4.314164604526379,777,30.413443299084744,147.28826041048725,770,4156.771603670779,26693.7284457746,0,113,113,0.5173156865949441,0.572805848075594,0.09118873589393157,0.8420676525817176,0.0654660843965349,0.8760807779617799
trial_0019_bite_012_withdrawal,trial_0019_bite_012,trial_0019,withdrawal,0,B2,113,113,100.0,-2.7856639957204665,0.0015481091395628255,True,True,True,True,113,1,784,7.85374769000042,0.044236376624446905,784,1.2883994384246116,4.423637662444687,777,30.904654428061438,138.60469438224908,770,4250.505821248517,26025.507504806297,0,113,113,0.5294671882415479,0.5727211191233725,0.17646987501685737,0.8353834664304763,0.14959286088206003,0.8669432647071389
trial_0019_bite_012_withdrawal,trial_0019_bite_012,trial_0019,withdrawal,0,B3,113,113,100.0,-2.7856639957204665,0.0005139087490557692,True,True,True,True,113,1,784,7.8676376921397875,0.044005524501104176,784,1.2946527827979437,4.400552450110414,777,43.392948810904535,227.84700845527934,770,6740.147239388884,42424.82549313287,0,113,113,0.5272429934112834,0.5726432586307815,0.16974059005858938,0.8315050608894868,0.13616487989861348,0.8630940541099834
trial_0019_bite_012_withdrawal,trial_0019_bite_012,trial_0019,withdrawal,0,StrongLocal,113,113,100.0,-2.7856639957204665,0.007298883811021728,True,True,True,True,113,1,784,7.8179748834998595,0.04399342360106662,784,1.2882010895984044,4.399342360106658,777,38.46783126575194,182.11108010672353,770,5871.764902669401,31452.464331201656,0,113,113,0.5278401822165054,0.572664865665979,0.16850296293493905,0.8343371137900277,0.1370817424711941,0.8668243644177513
trial_0019_bite_012_withdrawal,trial_0019_bite_012,trial_0019,withdrawal,0,H_star,113,113,100.0,-2.7856639957204665,0.01620723358750986,True,True,True,True,113,1,784,7.834848490429293,0.04348330477387474,784,1.2936676589810292,4.348330477387471,777,45.23729064711112,233.55805775149008,770,7239.029448292131,45670.81564703176,0,113,113,0.528184312407436,0.5726949100085998,0.17862966960276588,0.8326109638316094,0.14666748368686644,0.8621004012575191
trial_0019_bite_012_withdrawal,trial_0019_bite_012,trial_0019,withdrawal,0,HumanGT,113,113,100.0,-2.7856639957204665,0.0,True,True,True,True,113,1,784,7.764217356491171,0.04580878035199997,784,1.281630640348702,4.580878035199993,777,33.7444086636151,158.55966383631537,770,4788.812626093314,25970.440666934042,0,113,113,0.5273527542217883,0.5722505469573647,0.17504521403985918,0.8239092588288643,0.15225721671452064,0.8526869133139208
trial_0019_bite_013_transfer,trial_0019_bite_013,trial_0019,transfer,0,B0,140,140,100.0,-2.905247207039649,0.0,True,True,True,True,140,1,973,4.364147241547625,0.015737488285135326,973,0.5720356668884659,1.5737488285135313,966,14.86113275200416,170.9104017358595,959,2184.0434840669045,25076.931509983177,0,140,140,0.783374976831015,0.8141208669458866,0.5785523685268492,0.8978546715996479,0.5585369024251621,0.9166289963356955
trial_0019_bite_013_transfer,trial_0019_bite_013,trial_0019,transfer,0,B1,140,140,100.0,-2.905247207039649,0.173173074367996,True,True,True,True,140,1,973,4.640872638486139,0.016726985011007667,973,0.6069244358808561,1.6726985011007651,966,15.523626682540966,187.24547321070838,959,2296.4633785377396,27517.508779292857,0,140,140,0.8112663433582682,0.8497933998659417,0.5835067051857274,0.9311035658721478,0.5585369024251621,0.948551878017144
trial_0019_bite_013_transfer,trial_0019_bite_013,trial_0019,transfer,0,B2,140,140,100.0,-2.905247207039649,0.0015481091395632696,True,True,True,True,140,1,973,3.9983785867262793,0.01476492564096099,973,0.5236822002664762,1.4764925640960977,966,13.970239343972816,146.82679727688858,959,2027.235776697888,21439.940634695395,0,140,140,0.7361924669280157,0.7574364432037082,0.5741886144580582,0.8372533882509577,0.5582627056013794,0.8567794233776034
trial_0019_bite_013_transfer,trial_0019_bite_013,trial_0019,transfer,0,B3,140,140,100.0,-2.905247207039649,0.0005139087490557692,True,True,True,True,140,1,973,4.078954167598961,0.015345311931844074,973,0.5403529521398144,1.5345311931844061,966,17.629803102724996,158.7672027701889,959,2666.0607833858317,24594.333512826626,0,140,140,0.726458469775571,0.7604002387187978,0.5551847014985345,0.829852842249735,0.5476946851068107,0.8505829885930538
trial_0019_bite_013_transfer,trial_0019_bite_013,trial_0019,transfer,0,StrongLocal,140,140,100.0,-2.905247207039649,0.017217765285133968,True,True,True,True,140,1,973,4.103433497166653,0.01665922225337546,973,0.5428916877244401,1.6659222253375445,966,15.847830352105024,155.6576026476805,959,2339.1474316530716,22982.720399030866,0,140,140,0.7393622438236266,0.7713343541054667,0.558833238606186,0.8448207745056258,0.5517839310801493,0.8656370173811754
trial_0019_bite_013_transfer,trial_0019_bite_013,trial_0019,transfer,0,H_star,140,140,100.0,-2.905247207039649,0.0015377891580063974,True,True,True,True,140,1,973,4.185535053373751,0.019777556460946366,973,0.5508053833844685,1.9777556460946348,966,24.77065340654877,194.10997696995355,959,4027.9099853247267,35174.79389653778,0,140,140,0.7297662876853707,0.7667001277453251,0.5575936545552219,0.8288072024421234,0.5469581898992846,0.8486806992402469
trial_0019_bite_013_transfer,trial_0019_bite_013,trial_0019,transfer,0,HumanGT,140,140,100.0,-2.905247207039649,0.0,True,True,True,True,140,1,973,4.008337402942144,0.01520181825483835,973,0.5230442438702179,1.5201818254838337,966,15.521588822356748,158.80668017254933,959,2335.7863482744524,23272.779326953532,0,140,140,0.7386530988607025,0.7628300453052166,0.572424933520116,0.8353339549728529,0.5585369024251621,0.85331161118211
trial_0019_bite_013_withdrawal,trial_0019_bite_013,trial_0019,withdrawal,0,B0,113,113,100.0,-2.7666514365491466,0.0,True,True,True,True,113,1,784,7.325555781488919,0.05170536593102604,784,1.3297215792090398,5.170536593102599,777,31.962594325756495,167.13444144154516,770,4292.936467415368,32393.62427275952,0,113,113,0.4517688875525395,0.4189947594870982,0.06822962090382952,0.857022757910333,0.04603764940979538,0.8911872525863771
trial_0019_bite_013_withdrawal,trial_0019_bite_013,trial_0019,withdrawal,0,B1,113,113,100.0,-2.7666514365491466,0.09123181373821154,True,True,True,True,113,1,784,7.29239400150995,0.048266375607267875,784,1.3156532459001329,4.826637560726783,777,32.484482921988125,163.46183518163716,770,4380.913851016828,31206.205498649182,0,113,113,0.4598432093543284,0.4184356709257844,0.0799739266681538,0.8634024867133369,0.05336568133678554,0.9046345835119993
trial_0019_bite_013_withdrawal,trial_0019_bite_013,trial_0019,withdrawal,0,B2,113,113,100.0,-2.7666514365491466,0.0015481091395628255,True,True,True,True,113,1,784,6.961574544596279,0.04127862365197199,784,1.2485171603915586,4.1278623651971955,777,33.14423135116492,157.30187279991952,770,4519.017417179002,28636.53724948094,0,113,113,0.47865942762968205,0.4176081100627793,0.1283075047875389,0.8569892655044381,0.09265841095109817,0.8913533791719797
trial_0019_bite_013_withdrawal,trial_0019_bite_013,trial_0019,withdrawal,0,B3,113,113,100.0,-2.7666514365491466,0.0005139087490557692,True,True,True,True,113,1,784,7.240566022807904,0.053191571525860404,784,1.3021894101533709,5.319157152586036,777,48.58337384636791,322.93692357869776,770,7345.046132000219,48345.1206480011,0,113,113,0.47574217247530914,0.41713122441877415,0.11431239317168966,0.8560441628713514,0.08027469327983638,0.891294378579996
trial_0019_bite_013_withdrawal,trial_0019_bite_013,trial_0019,withdrawal,0,StrongLocal,113,113,100.0,-2.7666514365491466,0.011241386592073965,True,True,True,True,113,1,784,7.127634887174144,0.050444284656107286,784,1.2835107726735975,5.044428465610724,777,43.225842384428404,229.3287690188702,770,6423.2468910483185,44434.83189122587,0,113,113,0.47560418086252004,0.4172992776245734,0.11495464578460571,0.8569490459584916,0.08101405264174666,0.8931172283563642
trial_0019_bite_013_withdrawal,trial_0019_bite_013,trial_0019,withdrawal,0,H_star,113,113,100.0,-2.7666514365491466,0.019445811990468798,True,True,True,True,113,1,784,7.200305040676952,0.04729049408567576,784,1.2928778332566333,4.729049408567572,777,46.88923184465126,248.443354244587,770,6967.627102254905,32704.297394319587,0,113,113,0.47576222637277477,0.41736469154142464,0.12333018015084533,0.8534497733643812,0.08925018510371174,0.8901612343494958
trial_0019_bite_013_withdrawal,trial_0019_bite_013,trial_0019,withdrawal,0,HumanGT,113,113,100.0,-2.7666514365491466,0.0,True,True,True,True,113,1,784,6.936487878005593,0.046568985533196106,784,1.2251141529386511,4.656898553319606,777,33.71384664726002,155.89248062550325,770,4715.9031330480075,26998.43526706306,0,113,113,0.4931723280516455,0.4164582074607277,0.17346165927356996,0.8465250053664254,0.1274101029609973,0.8782534621731832
trial_0019_bite_014_transfer,trial_0019_bite_014,trial_0019,transfer,0,B0,178,178,100.0,-2.799805454412248,0.0,True,True,True,True,178,1,1239,4.085903925314242,0.01654401954990803,1239,0.444388610726892,1.6544019549908013,1232,14.074182705895453,86.82458209967145,1225,2113.8478202205365,12273.032987749377,0,178,178,0.7241867382935254,0.7433909164942585,0.5938256220553314,0.8485309544448784,0.5680339349468717,0.8577566613947702
trial_0019_bite_014_transfer,trial_0019_bite_014,trial_0019,transfer,0,B1,178,178,100.0,-2.799805454412248,0.173173074367996,True,True,True,True,178,1,1239,4.310350135153931,0.01769865223203393,1239,0.47048227001724946,1.7698652232033913,1232,14.563013678238237,92.4108513796982,1225,2182.419100631731,12954.479659170302,0,178,178,0.754441066429065,0.7846511220859798,0.5991547852431521,0.8812046048548907,0.5680339349468717,0.889711723447828
trial_0019_bite_014_transfer,trial_0019_bite_014,trial_0019,transfer,0,B2,178,178,100.0,-2.799805454412248,0.0015481091395632696,True,True,True,True,178,1,1239,3.878382585656369,0.01586567965305008,1239,0.41706248166707993,1.5865679653050067,1232,13.622327400696028,81.97429412046364,1225,2047.7894251540095,11242.132647059248,0,178,178,0.6961747760876856,0.6999719055245395,0.5874679281159051,0.8154841102189757,0.5680339349468717,0.8291731413635413
trial_0019_bite_014_transfer,trial_0019_bite_014,trial_0019,transfer,0,B3,178,178,100.0,-2.799805454412248,0.0005139087490562133,True,True,True,True,178,1,1239,4.08981451619776,0.016283779189830483,1239,0.43343669877301616,1.6283779189830467,1232,20.666113857532668,107.61916146442063,1225,3347.9294169558343,13058.476146678287,0,178,178,0.6931696565573111,0.7035235122467047,0.5821603583684442,0.8086813822163404,0.5629808582251479,0.8206811921437422
trial_0019_bite_014_transfer,trial_0019_bite_014,trial_0019,transfer,0,StrongLocal,178,178,100.0,-2.799805454412248,0.02635076724908947,True,True,True,True,178,1,1239,4.0511832755122725,0.016410517614270148,1239,0.4309110197411251,1.6410517614270133,1232,18.3422896792422,88.45192994172616,1225,2974.7490093176075,12504.047054341177,0,178,178,0.703020278330529,0.712526710669172,0.5859304773553714,0.8209413764111593,0.565749285066935,0.8332440516427475
trial_0019_bite_014_transfer,trial_0019_bite_014,trial_0019,transfer,0,H_star,178,178,100.0,-2.799805454412248,0.007897359437309515,True,True,True,True,178,1,1239,4.216078255992063,0.016671145481646832,1239,0.444633296239527,1.6671145481646816,1232,24.361308900953205,102.37757050054235,1225,4096.7254156222825,18842.090811049147,0,178,178,0.6971369786598995,0.712902347955406,0.5827085375647683,0.8138477129547362,0.5639874135735898,0.826780386644069
trial_0019_bite_014_transfer,trial_0019_bite_014,trial_0019,transfer,0,HumanGT,178,178,100.0,-2.799805454412248,0.0,True,True,True,True,178,1,1239,4.213919613955126,0.016998160902813808,1239,0.4431403649107866,1.6998160902813793,1232,15.59777960225955,90.2830548188403,1225,2415.17521641471,12495.575367146732,0,178,178,0.7625935660914309,0.7608770911639238,0.6025781496171634,0.8915960232098797,0.5680339349468717,0.9062346674915904
trial_0019_bite_014_withdrawal,trial_0019_bite_014,trial_0019,withdrawal,0,B0,115,115,100.0,-2.8025068166394713,0.0,True,True,True,True,115,1,798,25.244713953822835,3.120879837554792,798,24.918145429607396,312.0879837554824,791,3181.0910739780034,31476.947625799632,784,530807.7113436095,6273308.7178655695,2,115,115,0.3761483108696674,0.3787724407258666,0.0324879744639377,0.8400045449942027,0.028196016279242286,0.8710309683854573
trial_0019_bite_014_withdrawal,trial_0019_bite_014,trial_0019,withdrawal,0,B1,115,115,100.0,-2.8025068166394713,0.0912318137382111,True,True,True,True,115,1,798,16.71975974166989,3.106180420879924,798,17.91505172252115,310.61804208799214,791,2547.070036753229,31078.068407573064,784,443159.853443127,6215470.942821019,1,115,115,0.38026512681417024,0.3838066798096311,0.018681038507326074,0.8450026002729432,0.014392781364733764,0.8766489243050173
trial_0019_bite_014_withdrawal,trial_0019_bite_014,trial_0019,withdrawal,0,B2,115,115,100.0,-2.8025068166394713,0.0015481091395637137,True,True,True,True,115,1,798,7.337258185302666,0.04429055256402048,798,1.2224460926926168,4.4290552564020444,791,33.453501171507405,165.77120833933338,784,3385.8890221603037,16909.14944765876,0,115,115,0.4083647858315652,0.40224010806536015,0.01478734931764114,0.840030413292423,0.009190257996873008,0.8712230483407568
trial_0019_bite_014_withdrawal,trial_0019_bite_014,trial_0019,withdrawal,0,B3,115,115,100.0,-2.8025068166394713,0.0005139087490553251,True,True,True,True,115,1,798,7.719143347627579,0.041549550248674905,798,1.261684741571091,4.154955024867487,791,39.78075465588489,191.87082863060002,784,4609.663907796312,25822.662717888288,0,115,115,0.4072399704156159,0.4039602629165766,0.012653285172265783,0.8377831574303617,0.0060206631528920695,0.868959821647274
trial_0019_bite_014_withdrawal,trial_0019_bite_014,trial_0019,withdrawal,0,StrongLocal,115,115,100.0,-2.8025068166394713,0.006303706501492368,True,True,True,True,115,1,798,7.538052675961569,0.043056931837092804,798,1.2422115195985706,4.305693183709277,791,36.92041382714237,147.0217180752306,784,4424.654929673301,27178.207962739285,0,115,115,0.40638574005295547,0.4042739222963303,0.011919724977873348,0.8390219792608629,0.006074229160907052,0.870043431292709
trial_0019_bite_014_withdrawal,trial_0019_bite_014,trial_0019,withdrawal,0,H_star,115,115,100.0,-2.8025068166394713,0.01428280074329713,True,True,True,True,115,1,798,7.658388238076822,0.04358386488889465,798,1.25104149362313,4.358386488889462,791,42.9064298643818,221.16767873939602,784,5773.897260967026,39837.71542283612,0,115,115,0.4064462594629048,0.40435728263530946,0.015241593865322223,0.8359728810142043,0.006786004450114014,0.864600969252578
trial_0019_bite_014_withdrawal,trial_0019_bite_014,trial_0019,withdrawal,0,HumanGT,115,115,100.0,-2.8025068166394713,0.0,True,True,True,True,115,1,798,7.371104295400163,0.0446233842793724,798,1.1717575698030072,4.462338427937237,791,33.75231954184792,161.56411306832624,784,3370.439345451381,16887.567671019817,0,115,115,0.4042734544041476,0.3985163598053485,0.015453425326802696,0.8313347260923988,0.011373218860169843,0.8522526671241355
trial_0019_bite_015_transfer,trial_0019_bite_015,trial_0019,transfer,0,B0,130,130,100.0,-2.8217588712924933,0.0,True,True,True,True,130,1,903,4.0353161533403785,0.018522829462826573,903,0.621133893322534,1.8522829462826558,896,16.9597217248492,123.7701187532545,889,2427.852328226439,17896.527216632436,0,130,130,0.7620856615617816,0.7717179425491927,0.5971140201869343,0.878723155356183,0.5952953000285159,0.8973318837098805
trial_0019_bite_015_transfer,trial_0019_bite_015,trial_0019,transfer,0,B1,130,130,100.0,-2.8217588712924933,0.17317307436799556,True,True,True,True,130,1,903,4.29053069340859,0.019230689838764192,903,0.656275656645819,1.9230689838764174,896,17.781541475273798,133.10007520182384,889,2557.626139058673,19176.84215379717,0,130,130,0.7899018069403198,0.8150732018125444,0.6008983968771878,0.8943469268749703,0.5970434362474712,0.9134424707441839
trial_0019_bite_015_transfer,trial_0019_bite_015,trial_0019,transfer,0,B2,130,130,100.0,-2.8217588712924933,0.0015481091395632696,True,True,True,True,130,1,903,3.7730496713475317,0.017551092794031886,903,0.57538629024489,1.755109279403187,896,15.906059916702034,111.09153206680026,889,2256.617918200179,16196.738012316428,0,130,130,0.7164591511027263,0.714150289800523,0.5900111227394252,0.8337263005621772,0.5845551669862852,0.8540798506004803
trial_0019_bite_015_transfer,trial_0019_bite_015,trial_0019,transfer,0,B3,130,130,100.0,-2.8217588712924933,0.0005139087490557692,True,True,True,True,130,1,903,3.9859313265824743,0.01761785781332481,903,0.5997352427458404,1.7617857813324893,896,21.51597545118637,119.22301104536604,889,3152.7991249438737,17217.514554647772,0,130,130,0.7086165018894952,0.7193193523432271,0.5663279864992548,0.8215136892670092,0.5590173682267139,0.8401523290862671
trial_0019_bite_015_transfer,trial_0019_bite_015,trial_0019,transfer,0,StrongLocal,130,130,100.0,-2.8217588712924933,0.01606513367679341,True,True,True,True,130,1,903,3.948469350466791,0.017596937749430053,903,0.5985530452194193,1.7596937749430037,896,19.52205204620345,122.22424712169808,889,2878.148989939271,19310.000938994544,0,130,130,0.7221128515038732,0.7299484868612992,0.5782286900120113,0.8375845571158125,0.5705583097978941,0.8577488815416077
trial_0019_bite_015_transfer,trial_0019_bite_015,trial_0019,transfer,0,H_star,130,130,100.0,-2.8217588712924933,0.0026302507555566734,True,True,True,True,130,1,903,3.964904336069206,0.017931361693071857,903,0.5968399425455005,1.7931361693071841,896,22.07090680366693,104.4274984086611,889,3357.298988319834,17659.701382951804,0,130,130,0.7130360813682459,0.7247142198301356,0.5713502495959923,0.8238881171772977,0.5659695521402242,0.8421829167496981
trial_0019_bite_015_transfer,trial_0019_bite_015,trial_0019,transfer,0,HumanGT,130,130,100.0,-2.8217588712924933,0.0,True,True,True,True,130,1,903,3.964656438824587,0.01922367583880824,903,0.6070724754061511,1.922367583880833,896,18.055936183234046,120.57016148197854,889,2672.441204080762,17826.07618199879,0,130,130,0.7496729096559931,0.7504616457777236,0.5982850436443345,0.8753540563235005,0.5941510722262864,0.8944947096257891
trial_0019_bite_015_withdrawal,trial_0019_bite_015,trial_0019,withdrawal,0,B0,106,106,100.0,-2.769490311589411,0.0,True,True,True,True,106,1,735,4.420199773778811,0.02439758489572053,735,0.8160861001800791,2.4397584895720508,728,23.7901657024302,113.0643960435227,721,3270.08649121677,21476.314537041515,0,106,106,0.7468377696767539,0.7264658205752665,0.6942529603705696,0.8383349963282053,0.684622766328491,0.8575300600262561
trial_0019_bite_015_withdrawal,trial_0019_bite_015,trial_0019,withdrawal,0,B1,106,106,100.0,-2.769490311589411,0.09123181373821154,True,True,True,True,106,1,735,4.302752560701348,0.02497635464205672,735,0.7968883666448648,2.4976354642056697,728,24.52867473369344,117.32535444092898,721,3378.2407446717666,22376.226689202857,0,106,106,0.771528590484172,0.779379466825785,0.6938686218889034,0.845415417556196,0.6841731213330209,0.8647380351943945
trial_0019_bite_015_withdrawal,trial_0019_bite_015,trial_0019,withdrawal,0,B2,106,106,100.0,-2.769490311589411,0.0015481091395628255,True,True,True,True,106,1,735,4.157000513356078,0.024369229613188992,735,0.7585272856625032,2.436922961318897,728,24.68843688691494,114.59523195391566,721,3398.7137722851853,21756.13373264079,0,106,106,0.7719418411964535,0.7787394400952805,0.6939220630508312,0.8361003421142973,0.6842954407246018,0.8576274569784599
trial_0019_bite_015_withdrawal,trial_0019_bite_015,trial_0019,withdrawal,0,B3,106,106,100.0,-2.769490311589411,0.0005139087490557692,True,True,True,True,106,1,735,4.382333590543944,0.02497991201107297,735,0.7759692806808922,2.4979912011072947,728,33.32668332829928,143.55814002229272,721,4996.301777259105,25313.209073171733,0,106,106,0.7715308773845707,0.7786701217329028,0.6935747304980087,0.8348442958216095,0.6839273666671546,0.8577008433414774
trial_0019_bite_015_withdrawal,trial_0019_bite_015,trial_0019,withdrawal,0,StrongLocal,106,106,100.0,-2.769490311589411,0.0072189447618451474,True,True,True,True,106,1,735,4.243986561299723,0.024279856643490305,735,0.7633239236154294,2.4279856643490283,728,30.262703009256676,143.0475745272017,721,4548.78094426322,27753.971886442057,0,106,106,0.7717831620223004,0.7786358846731645,0.6936183037031094,0.8358719955738879,0.6839812064160626,0.8575797833184651
trial_0019_bite_015_withdrawal,trial_0019_bite_015,trial_0019,withdrawal,0,H_star,106,106,100.0,-2.769490311589411,0.015848590336264845,True,True,True,True,106,1,735,4.29439074511004,0.0280905081510594,735,0.7695702705589136,2.8090508151059375,728,37.647971559869625,190.47053065095824,721,6176.835043356212,30899.142812350983,0,106,106,0.7711614953428854,0.7786952964237748,0.6937227291439083,0.8342498362679037,0.6841400341916244,0.8576983036999164
trial_0019_bite_015_withdrawal,trial_0019_bite_015,trial_0019,withdrawal,0,HumanGT,106,106,100.0,-2.769490311589411,0.0,True,True,True,True,106,1,735,3.936565133426271,0.024004262526307052,735,0.7064594790221052,2.4004262526307296,728,27.849960926740152,123.37974118929806,721,3997.733969983647,22028.861167448118,0,106,106,0.769586855666208,0.7783517345095043,0.693564998612413,0.825545327712356,0.6840997937116575,0.8470225810003096
trial_0019_bite_016_transfer,trial_0019_bite_016,trial_0019,transfer,0,B0,151,151,100.0,-2.791296556549861,0.0,True,True,True,True,151,1,1050,3.90157810968561,0.014621290152064148,1050,0.5023876147827718,1.4621290152064155,1043,12.744472083906624,68.0660641494147,1036,1789.736153393196,8967.053537786796,0,151,151,0.7506718752929259,0.7829886169893763,0.5983376328123389,0.8472211048893127,0.5825377721674787,0.8592213916228997
trial_0019_bite_016_transfer,trial_0019_bite_016,trial_0019,transfer,0,B1,151,151,100.0,-2.791296556549861,0.173173074367996,True,True,True,True,151,1,1050,4.142064938126791,0.015152122609508822,1050,0.5319494363152748,1.515212260950883,1043,13.106054898647264,68.33020038598656,1036,1847.2581062328675,9587.624301456517,0,151,151,0.7787343903815359,0.8267987331270572,0.6054812903277211,0.873734479191928,0.5922541351943362,0.8817208374182901
trial_0019_bite_016_transfer,trial_0019_bite_016,trial_0019,transfer,0,B2,151,151,100.0,-2.791296556549861,0.0015481091395632696,True,True,True,True,151,1,1050,3.65027464603033,0.013141414011096586,1050,0.4638928200506446,1.3141414011096593,1043,12.320199352939632,62.230839935662,1036,1713.645052010901,7946.506434737267,0,151,151,0.7010958982023028,0.7194866290022206,0.5810467084912596,0.7998655393529255,0.5684182376161884,0.8134894886634358
trial_0019_bite_016_transfer,trial_0019_bite_016,trial_0019,transfer,0,B3,151,151,100.0,-2.791296556549861,0.0005139087490557692,True,True,True,True,151,1,1050,3.8084074622127977,0.015099262136360814,1050,0.48605769273820704,1.5099262136360814,1043,19.000047157466263,132.96887678748703,1036,2781.065329798809,13784.029897291997,0,151,151,0.6952318499878098,0.7257378389059181,0.5594104378739466,0.7930685316935918,0.5494953277768451,0.8049319276899791
trial_0019_bite_016_transfer,trial_0019_bite_016,trial_0019,transfer,0,StrongLocal,151,151,100.0,-2.791296556549861,0.018670085858336183,True,True,True,True,151,1,1050,3.7785244557440136,0.013879952996838085,1050,0.48236885873662294,1.3879952996838072,1043,15.959955479242875,87.71008272647762,1036,2339.4252780483152,10835.82842149067,0,151,151,0.709759371466146,0.7387018702724566,0.5717879595568358,0.8100208040827116,0.5615087100456959,0.8238040500484907
trial_0019_bite_016_transfer,trial_0019_bite_016,trial_0019,transfer,0,H_star,151,151,100.0,-2.791296556549861,0.00023191629518803936,True,True,True,True,151,1,1050,3.831587025179174,0.01416762130425031,1050,0.48502001356169083,1.4167621304250297,1043,19.85201729849126,118.3262885343872,1036,3092.059622302522,14583.932398432233,0,151,151,0.6994953983162011,0.7331146707200122,0.5633076337552589,0.7953595118536304,0.5541790166805916,0.8080769614458212
trial_0019_bite_016_transfer,trial_0019_bite_016,trial_0019,transfer,0,HumanGT,151,151,100.0,-2.791296556549861,0.0,True,True,True,True,151,1,1050,3.7842608749499966,0.014570336472328194,1050,0.4752129484591828,1.45703364723282,1043,13.906888671814896,67.5519345772458,1036,2064.2907375033574,8794.20558345554,0,151,151,0.7294356602278791,0.7544870349862942,0.6032958548517757,0.8211015548455753,0.5893187029383693,0.8350839579336844
trial_0019_bite_016_withdrawal,trial_0019_bite_016,trial_0019,withdrawal,0,B0,99,99,100.0,-2.7131943571982315,0.0,True,True,True,True,99,1,686,7.8198692806568575,0.04702916463991258,686,1.4606125936299472,4.7029164639912535,679,38.57535634840197,228.25642729777903,672,4144.331181107332,30478.82078299838,1,99,99,0.4263319100429174,0.4052959024451117,0.06204041789617048,0.8210103289469626,0.042614671496602696,0.8469079074533394
trial_0019_bite_016_withdrawal,trial_0019_bite_016,trial_0019,withdrawal,0,B1,99,99,100.0,-2.7131943571982315,0.09123181373821154,True,True,True,True,99,1,686,7.788176694699874,0.0439525798486251,686,1.4440670393288069,4.395257984862506,679,39.17674609944945,236.36170404673211,672,4242.16097012197,31246.939127668327,0,99,99,0.4311087060270099,0.4048977700081511,0.05276146172494043,0.8267890815380989,0.03605213643433913,0.8558208007636754
trial_0019_bite_016_withdrawal,trial_0019_bite_016,trial_0019,withdrawal,0,B2,99,99,100.0,-2.7131943571982315,0.0015481091395632696,True,True,True,True,99,1,686,7.660235598375204,0.040869881924284535,686,1.3919546342171891,4.08698819242845,679,38.26827239334114,243.61739163363222,672,4291.5224555767745,32499.50198322252,0,99,99,0.4442271960986453,0.404084122576323,0.0725563026709148,0.8208344735594245,0.06434687922410909,0.8469703542009559
trial_0019_bite_016_withdrawal,trial_0019_bite_016,trial_0019,withdrawal,0,B3,99,99,100.0,-2.7131943571982315,0.0005139087490562133,True,True,True,True,99,1,686,7.741458093679136,0.04053682137941461,686,1.4062427450004686,4.053682137941458,679,44.34996959745385,233.18340125062025,672,5655.094414104752,31469.226366204777,0,99,99,0.4431358563429761,0.40386748746822176,0.072177763049881,0.8208614913931518,0.05445651558723519,0.8469044295166053
trial_0019_bite_016_withdrawal,trial_0019_bite_016,trial_0019,withdrawal,0,StrongLocal,99,99,100.0,-2.7131943571982315,0.00875287771626665,True,True,True,True,99,1,686,7.594864177324821,0.04087605304573039,686,1.3888928525582571,4.087605304573035,679,40.3172351697945,238.4576660009947,672,5135.871187410795,31663.18950611738,0,99,99,0.4430592220736604,0.4039617920256062,0.0704074033750743,0.820946785712691,0.05573147799286282,0.8468679498378262
trial_0019_bite_016_withdrawal,trial_0019_bite_016,trial_0019,withdrawal,0,H_star,99,99,100.0,-2.7131943571982315,0.016791137005198742,True,True,True,True,99,1,686,7.681150373890099,0.039979256591753824,686,1.402067111772199,3.9979256591753787,679,48.27288733967547,233.84810790875352,672,6870.875085054612,42240.03617455351,0,99,99,0.4423932479265531,0.40413879426121957,0.07141248390050983,0.8200809963761475,0.05622718129234272,0.8470181127532128
trial_0019_bite_016_withdrawal,trial_0019_bite_016,trial_0019,withdrawal,0,HumanGT,99,99,100.0,-2.7131943571982315,0.0,True,True,True,True,99,1,686,7.809204560477278,0.044346553766065,686,1.4223554548729456,4.4346553766064964,679,41.82018230349066,281.71814188328653,672,4721.799236070421,35721.07608202737,0,99,99,0.44713392566398447,0.40217066936451706,0.0837675408014837,0.807367988444401,0.07956064511803618,0.8328965489013767
trial_0019_bite_017_transfer,trial_0019_bite_017,trial_0019,transfer,0,B0,135,135,100.0,-2.7644937316818026,0.0,True,True,True,True,135,1,938,4.1936253020063905,0.01701105220366062,938,0.5960555687185367,1.701105220366065,931,15.301749106784476,132.5654949981423,924,2196.2096676718747,19149.77278541791,0,135,135,0.7487625821973867,0.7690660354874113,0.5960122822481202,0.8437469442948428,0.5820841242152204,0.8613100390281432
trial_0019_bite_017_transfer,trial_0019_bite_017,trial_0019,transfer,0,B1,135,135,100.0,-2.7644937316818026,0.173173074367996,True,True,True,True,135,1,938,4.47970491066736,0.016776461831556677,938,0.62959706238037,1.6776461831556708,931,15.946417397161152,144.86616034774943,924,2314.9991709363244,21096.784717343497,0,135,135,0.7755605443594749,0.8067466856996135,0.6028096463452515,0.865768937666682,0.5820841242152204,0.8824666628479734
trial_0019_bite_017_transfer,trial_0019_bite_017,trial_0019,transfer,0,B2,135,135,100.0,-2.7644937316818026,0.0015481091395628255,True,True,True,True,135,1,938,3.800431385355501,0.017452910259037946,938,0.5414151892624403,1.745291025903798,931,14.405734541878955,118.36572580362393,924,2036.5820147214743,16902.332099672134,0,135,135,0.6909308683809715,0.6950090258904247,0.5850850745766418,0.7932812383481939,0.57893046086377,0.8146239804991222
trial_0019_bite_017_transfer,trial_0019_bite_017,trial_0019,transfer,0,B3,135,135,100.0,-2.7644937316818026,0.0005139087490557692,True,True,True,True,135,1,938,3.9513422387958212,0.01815888430412516,938,0.5649581301073402,1.8158884304125193,931,20.141481037233444,170.16424316575572,924,2884.695783994444,17692.104114737493,0,135,135,0.6806828277536147,0.6987463051671987,0.5534897868306694,0.7789718831894129,0.5472308257487466,0.7994460418465188
trial_0019_bite_017_transfer,trial_0019_bite_017,trial_0019,transfer,0,StrongLocal,135,135,100.0,-2.7644937316818026,0.01838305041502819,True,True,True,True,135,1,938,3.9534501456013627,0.01792064399745108,938,0.5645261129989538,1.7920643997451113,931,17.7098331079036,124.78099600568426,924,2551.866314067204,18131.948212324063,0,135,135,0.6962153045698726,0.7121926134755667,0.5692308941804168,0.7975014101775658,0.5602705050056302,0.8172022659049851
trial_0019_bite_017_transfer,trial_0019_bite_017,trial_0019,transfer,0,H_star,135,135,100.0,-2.7644937316818026,0.00022619384739375192,True,True,True,True,135,1,938,4.004176196032852,0.017744523339689344,938,0.5661136896036897,1.7744523339689378,931,21.755807033164594,167.59778657051248,924,3296.668341266468,21372.507778734096,0,135,135,0.6852228841474247,0.7024041227968567,0.5582388080814498,0.7783413241782365,0.5472369801247741,0.8007797265465495
trial_0019_bite_017_transfer,trial_0019_bite_017,trial_0019,transfer,0,HumanGT,135,135,100.0,-2.7644937316818026,0.0,True,True,True,True,135,1,938,4.104522431408865,0.017478715049569438,938,0.5775429120739752,1.747871504956947,931,16.51493551286617,129.82838823615037,924,2451.2257941047264,18735.042959233844,0,135,135,0.738170750553861,0.7500844844291947,0.608754498393484,0.8335194254380809,0.5820841242152204,0.8509515693167589
trial_0019_bite_017_withdrawal,trial_0019_bite_017,trial_0019,withdrawal,0,B0,106,106,100.0,-2.7297724000508925,0.0,True,True,True,True,106,1,735,7.170087957411079,0.04411823202761678,735,1.3516654786802644,4.411823202761674,728,28.001357917732935,241.66592025251128,721,3699.540619717148,30435.10052240519,0,106,106,0.5531358431535504,0.6066455197834313,0.1574648447655289,0.831534390617859,0.11580395109254216,0.8573099390171799
trial_0019_bite_017_withdrawal,trial_0019_bite_017,trial_0019,withdrawal,0,B1,106,106,100.0,-2.7297724000508925,0.09123181373821154,True,True,True,True,106,1,735,7.205708523803683,0.04658873637940352,735,1.3526928995978547,4.658873637940348,728,28.767992545467543,229.95862855980283,721,3807.3554220212914,28798.04593146488,0,106,106,0.5608838271654123,0.6058212199968414,0.18342677038719524,0.8435015260858415,0.1295839079203196,0.8689205283201065
trial_0019_bite_017_withdrawal,trial_0019_bite_017,trial_0019,withdrawal,0,B2,106,106,100.0,-2.7297724000508925,0.0015481091395637137,True,True,True,True,106,1,735,6.921282404498657,0.043855549113722254,735,1.2929546882749452,4.385554911372221,728,29.1550753564764,209.4226114961991,721,3890.967309399761,25806.7346813559,0,106,106,0.5623593374593284,0.6063355033888187,0.24606773803739967,0.8292136390963951,0.1776055461854078,0.8573745026456421
trial_0019_bite_017_withdrawal,trial_0019_bite_017,trial_0019,withdrawal,0,B3,106,106,100.0,-2.7297724000508925,0.0005139087490557692,True,True,True,True,106,1,735,7.0201975347167345,0.04527532157572445,735,1.3219605752701762,4.52753215757244,728,34.84502697174256,236.05577374756726,721,4902.491634386278,32200.419976979778,0,106,106,0.5619755468789616,0.6057878684241293,0.2449988514402699,0.8294819435930918,0.17401508847180747,0.8573504783832857
trial_0019_bite_017_withdrawal,trial_0019_bite_017,trial_0019,withdrawal,0,StrongLocal,106,106,100.0,-2.7297724000508925,0.007168501999846644,True,True,True,True,106,1,735,6.999856453040059,0.045279183850904126,735,1.3124020164803738,4.527918385090408,728,32.028225563269984,232.8712067016876,721,4436.170049563762,30778.241534568013,0,106,106,0.5627428791268207,0.6059142978422778,0.2418144005969387,0.8318151544274436,0.1720257879306697,0.8571768112538742
trial_0019_bite_017_withdrawal,trial_0019_bite_017,trial_0019,withdrawal,0,H_star,106,106,100.0,-2.7297724000508925,0.015221672729599511,True,True,True,True,106,1,735,7.017652396165779,0.044539158688834846,735,1.3128798360385452,4.453915868883481,728,36.83392898816392,209.48136931131918,721,5519.465570774971,31780.528697037193,0,106,106,0.5611492030382278,0.6059125777371035,0.24154408497081725,0.8266544531211351,0.17152197396002755,0.856696660236854
trial_0019_bite_017_withdrawal,trial_0019_bite_017,trial_0019,withdrawal,0,HumanGT,106,106,100.0,-2.7297724000508925,0.0,True,True,True,True,106,1,735,6.879500317223932,0.041131310777908325,735,1.2778301252457565,4.113131077790829,728,29.965563983172657,201.9729657392496,721,4110.956395676398,25304.116939891697,0,106,106,0.5596602193558575,0.6072575276434153,0.261401278918743,0.8080603860697313,0.19053638334453105,0.8333683362861208
trial_0019_bite_018_transfer,trial_0019_bite_018,trial_0019,transfer,0,B0,133,133,100.0,-2.7942859980212416,0.0,True,True,True,True,133,1,924,3.927998555507159,0.019756605968860974,924,0.5252078398785348,1.9756605968860956,917,15.396763317474505,138.349746110262,910,2106.1746478970404,11630.640056885037,0,133,133,0.6970290660880427,0.706744607896868,0.5851483159162909,0.7657186512767769,0.5821544225442015,0.7689828973256341
trial_0019_bite_018_transfer,trial_0019_bite_018,trial_0019,transfer,0,B1,133,133,100.0,-2.7942859980212416,0.173173074367996,True,True,True,True,133,1,924,4.198440843123593,0.021380025022045498,924,0.5646476605525218,2.138002502204548,917,16.264697194302585,151.10782028617794,910,2218.9422738033068,12808.972177861891,0,133,133,0.7028377965100452,0.7117388725945495,0.5887437987689206,0.7676972709067861,0.585019253222713,0.7711243759883444
trial_0019_bite_018_transfer,trial_0019_bite_018,trial_0019,transfer,0,B2,133,133,100.0,-2.7942859980212416,0.0015481091395632696,True,True,True,True,133,1,924,3.6701343447390293,0.018004862553083534,924,0.4877489874551251,1.8004862553083518,917,14.695564076505615,126.88301522611111,910,2007.8954547211451,10522.68901894668,0,133,133,0.6858718035634079,0.7014474328281941,0.5751400654609972,0.7638336790111084,0.5701150763391638,0.7670005884255953
trial_0019_bite_018_transfer,trial_0019_bite_018,trial_0019,transfer,0,B3,133,133,100.0,-2.7942859980212416,0.0005139087490557692,True,True,True,True,133,1,924,3.8433264015975235,0.0180924411609813,924,0.5130832452304066,1.8092441160981283,917,22.835025042950658,132.32994544575024,910,3547.9248548891032,16345.530403253108,0,133,133,0.6773882607917961,0.7009791636672107,0.5504437880320452,0.7638580022353947,0.5426018367812349,0.7670538725825922
trial_0019_bite_018_transfer,trial_0019_bite_018,trial_0019,transfer,0,StrongLocal,133,133,100.0,-2.7942859980212416,0.018220127174465528,True,True,True,True,133,1,924,3.830493028015087,0.01844098431390195,924,0.5107305048548981,1.8440984313901934,917,20.578202597007895,135.14671992486768,910,3181.875150636431,14015.925190163234,0,133,133,0.6838576991046669,0.7024032574548094,0.562731121221077,0.7642778258641403,0.5562389985133098,0.7674819918170939
trial_0019_bite_018_transfer,trial_0019_bite_018,trial_0019,transfer,0,H_star,133,133,100.0,-2.7942859980212416,0.000284066035300512,True,True,True,True,133,1,924,3.8794549261345215,0.01831804138974169,924,0.519611843262631,1.8318041389741675,917,27.091565546268725,137.99279272737917,910,4467.604467105798,18843.02104716524,0,133,133,0.6790406659501216,0.7013993379788332,0.5531363982989582,0.7640796877870588,0.5463562656000498,0.767337542085953
trial_0019_bite_018_transfer,trial_0019_bite_018,trial_0019,transfer,0,HumanGT,133,133,100.0,-2.7942859980212416,0.0,True,True,True,True,133,1,924,3.7218033722970425,0.018442094836507827,924,0.5081752851326057,1.8442094836507812,917,16.15512215034419,127.83070896270816,910,2343.401776156248,11510.873646060745,0,133,133,0.6705760012829179,0.7005770164190976,0.5473552037479553,0.7641328076895053,0.545154046089519,0.7673917876707974
trial_0019_bite_018_withdrawal,trial_0019_bite_018,trial_0019,withdrawal,0,B0,111,97,87.38738738738738,-2.701770369999905,0.0,True,True,True,True,97,1,672,6.003071305920607,0.05256881482379595,672,1.2321998690076348,5.25688148237959,665,30.27810165344198,170.87513519085084,658,3492.4391160364617,21784.64318357503,0,97,97,0.4544326123680809,0.4056803693534392,0.05505503444143099,0.7249383577926145,0.005547874404703723,0.7310948354878293
trial_0019_bite_018_withdrawal,trial_0019_bite_018,trial_0019,withdrawal,0,B1,111,100,90.09009009009009,-2.701770369999905,0.09123181373821154,True,True,True,True,100,1,693,6.053998530322191,0.051252526953476256,693,1.1980953529973812,5.125252695347621,686,30.99226934192679,172.4845960665441,679,3592.143346163737,20831.273360153384,0,100,100,0.4487014957369603,0.4050051501278302,0.049300746150310104,0.7245645349453892,0.004649654612310261,0.7309539566348728
trial_0019_bite_018_withdrawal,trial_0019_bite_018,trial_0019,withdrawal,0,B2,111,111,100.0,-2.701770369999905,0.0015481091395632696,True,True,True,True,111,1,770,6.149593160784332,0.04867225371478057,770,1.0924920587125382,4.867225371478052,763,30.656464519318963,177.26457482355656,756,3602.4299379378253,21273.646755501875,0,111,111,0.4237034149468874,0.4002820480211686,0.03713331784741225,0.7246017764360307,0.027731305808857076,0.7311017458999463
trial_0019_bite_018_withdrawal,trial_0019_bite_018,trial_0019,withdrawal,0,B3,111,111,100.0,-2.701770369999905,0.0005139087490557692,True,True,True,True,111,1,770,6.305830924940215,0.048557207316096467,770,1.113988579253764,4.855720731609642,763,36.098932951428004,182.79858087526938,756,4558.320163045466,20884.357307662853,0,111,111,0.42209883019771316,0.40002520312002465,0.03422277755775194,0.7246425163261239,0.016174568350740604,0.731136799981561
trial_0019_bite_018_withdrawal,trial_0019_bite_018,trial_0019,withdrawal,0,StrongLocal,111,111,100.0,-2.701770369999905,0.026122583215538953,True,True,True,True,111,1,770,6.197453955741457,0.04887590084170679,770,1.1024297791999231,4.887590084170674,763,34.428072029427376,185.21186359533786,756,4462.7534581465,20774.84430437043,0,111,111,0.4221420757993547,0.40005998491711114,0.033416860887865774,0.7245997075265034,0.0184805896315825,0.7310914941738789
trial_0019_bite_018_withdrawal,trial_0019_bite_018,trial_0019,withdrawal,0,H_star,111,111,100.0,-2.701770369999905,0.03444266317589184,True,True,True,True,111,1,770,6.268694008995589,0.04877379795328629,770,1.1063725069693566,4.877379795328625,763,37.48908259933132,185.50159776603763,756,4975.563644276793,22554.624662029117,0,111,111,0.4218382138247064,0.4002136479284113,0.03461943744669371,0.7246456714705746,0.021238309622553242,0.7310723006331807
trial_0019_bite_018_withdrawal,trial_0019_bite_018,trial_0019,withdrawal,0,HumanGT,111,111,100.0,-2.701770369999905,0.0,True,True,True,True,111,1,770,6.32156738979352,0.04814248201275273,770,1.1173685983616224,4.8142482012752685,763,31.718400868926437,182.10017833542452,756,3714.1581682422348,21998.40519497752,0,111,111,0.4320239763707384,0.3992868797505129,0.06307234587714472,0.7246228495307115,0.052694220219859034,0.7311141026291972
trial_0019_bite_019_transfer,trial_0019_bite_019,trial_0019,transfer,0,B0,143,143,100.0,-2.7784563736816335,0.0,True,True,True,True,143,1,994,4.297967063112203,0.02452146748180306,994,0.5629145989576916,2.452146748180304,987,21.068155348492997,188.5277982307549,980,2759.188355074914,28717.267736890684,0,143,143,0.7607223496588058,0.7770570144244888,0.607105310252557,0.8561901655616581,0.598297137171091,0.8648584659443039
trial_0019_bite_019_transfer,trial_0019_bite_019,trial_0019,transfer,0,B1,143,143,100.0,-2.7784563736816335,0.17317307436799512,True,True,True,True,143,1,994,4.571827504000728,0.027150125048018836,994,0.5976730956221352,2.7150125048018814,987,22.468090838129793,206.62549289663446,980,2942.02180880773,31297.69901074955,0,143,143,0.7664904131960995,0.7793399460612975,0.6156483488554854,0.8578757882418664,0.598297137171091,0.8663592504572883
trial_0019_bite_019_transfer,trial_0019_bite_019,trial_0019,transfer,0,B2,143,143,100.0,-2.7784563736816335,0.0015481091395628255,True,True,True,True,143,1,994,3.946884347489223,0.021153462404144285,994,0.5174966804149258,2.1153462404144268,987,19.464922801410168,175.2451603536026,980,2542.827822994155,25696.33131599762,0,143,143,0.7391220721884083,0.7751723733006837,0.5897260111015521,0.8327442675834851,0.5842914187989461,0.8395331322782413
trial_0019_bite_019_transfer,trial_0019_bite_019,trial_0019,transfer,0,B3,143,143,100.0,-2.7784563736816335,0.0005139087490562133,True,True,True,True,143,1,994,4.139020099186588,0.02524103395088506,994,0.5449798328066433,2.524103395088504,987,25.213506146262496,168.4001903456786,980,3465.503742873209,25863.038300032156,0,143,143,0.7306104084161174,0.7751145303571376,0.557228072456493,0.8362854807908104,0.5498876521532399,0.8429622473389142
trial_0019_bite_019_transfer,trial_0019_bite_019,trial_0019,transfer,0,StrongLocal,143,143,100.0,-2.7784563736816335,0.016183846795228884,True,True,True,True,143,1,994,4.0981856876352785,0.02323878490368525,994,0.541163743356289,2.323878490368523,987,23.089100581016705,194.06779269528235,980,3155.446734752287,26243.26335130205,0,143,143,0.7393337837149524,0.7753226204000643,0.5709608520402002,0.8465768905960528,0.5638408179345067,0.8511529069516128
trial_0019_bite_019_transfer,trial_0019_bite_019,trial_0019,transfer,0,H_star,143,143,100.0,-2.7784563736816335,0.0021181076677367905,True,True,True,True,143,1,994,4.233821256836377,0.02176082368323673,994,0.5515140079702977,2.176082368323671,987,28.338005657684633,218.90299233206346,980,4212.569840849701,26112.44151013206,0,143,143,0.7333887736060506,0.7751515441648986,0.561184160559154,0.8437522681666546,0.5526799195429275,0.8474374364248134
trial_0019_bite_019_transfer,trial_0019_bite_019,trial_0019,transfer,0,HumanGT,143,143,100.0,-2.7784563736816335,0.0,True,True,True,True,143,1,994,4.402522550040547,0.02555668477235251,994,0.585373371003857,2.555668477235249,987,22.0756053114609,195.52148497744062,980,2930.6515419275747,29649.97607078327,0,143,143,0.7590370793645617,0.777699016685816,0.5995855346736615,0.856846171610502,0.5963272981650647,0.8657814855309414
trial_0019_bite_019_withdrawal,trial_0019_bite_019,trial_0019,withdrawal,0,B0,97,97,100.0,-2.8083444319521345,0.0,True,True,True,True,97,1,672,7.106698103196526,0.059343583330154104,672,1.6365012526869058,5.934358333015471,665,48.38930788174071,336.5114839341966,658,6339.942009397293,56302.8721176119,1,97,97,0.39528445140630897,0.33313967061418914,0.07051649283194196,0.7675374482154921,0.001835560375316625,0.7699313930163931
trial_0019_bite_019_withdrawal,trial_0019_bite_019,trial_0019,withdrawal,0,B1,97,94,96.90721649484536,-2.8083444319521345,0.09123181373821154,True,True,True,True,94,1,651,22.866612843891946,3.0919061073697622,651,26.113896844617408,309.19061073697594,644,3709.9160323535507,30919.818658832908,637,646300.5539678442,6181880.5665457845,2,94,94,0.40746169651903624,0.3455785951177226,0.06087158691503234,0.7674826655784038,0.013058640053640325,0.7699313930163931
trial_0019_bite_019_withdrawal,trial_0019_bite_019,trial_0019,withdrawal,0,B2,97,92,94.84536082474226,-2.8083444319521345,0.0015481091395632696,True,True,True,True,92,1,637,22.512860068139318,3.1161852621586346,637,26.63857499978263,311.6185262158632,630,3779.140365836957,30950.350633546954,623,600704.6886509189,6189168.539005822,2,92,92,0.4233728055737948,0.35220578176297446,0.03482852508420102,0.7675943001424109,0.008561098084440832,0.7699313930163931
trial_0019_bite_019_withdrawal,trial_0019_bite_019,trial_0019,withdrawal,0,B3,97,93,95.87628865979381,-2.8083444319521345,0.0005139087490557692,True,True,True,True,93,1,644,22.987801902662312,3.1001859361126605,644,26.41249942208732,310.01859361126577,637,3750.1585355601374,30984.22152032209,630,596300.8825360171,6188703.373418147,2,93,93,0.4187510252066119,0.3474666104286048,0.030337882402362307,0.7676276610826941,0.002431292832334897,0.7699313930163931
trial_0019_bite_019_withdrawal,trial_0019_bite_019,trial_0019,withdrawal,0,StrongLocal,97,93,95.87628865979381,-2.8083444319521345,0.024469253217531683,True,True,True,True,93,1,644,22.964283900803174,3.0988495755209997,644,26.455627128627956,309.8849575520997,637,3752.7796727139244,30948.10037680264,630,653389.4293255358,6188091.407842415,3,93,93,0.41836182787590237,0.34763392791290615,0.02906461796413096,0.7676043922582785,0.0018121849195633644,0.7699313930163931
trial_0019_bite_019_withdrawal,trial_0019_bite_019,trial_0019,withdrawal,0,H_star,97,93,95.87628865979381,-2.8083444319521345,0.03231843921938227,True,True,True,True,93,1,644,23.08804956738171,3.097559703891346,644,26.410895378000866,309.75597038913435,637,3750.2053346129783,30986.984906100402,630,596309.6754882828,6195071.716703177,2,93,93,0.41892294393289675,0.34791683965282116,0.02882901229426587,0.7676239138408825,0.0004203168319323325,0.7699313930163931
trial_0019_bite_019_withdrawal,trial_0019_bite_019,trial_0019,withdrawal,0,HumanGT,97,92,94.84536082474226,-2.8083444319521345,0.0,True,True,True,True,92,1,637,14.533545261613291,3.1178211268421117,637,18.941235317740905,311.7821126842109,630,2673.242663825692,30961.772327267212,623,465186.9025294775,6190247.9558288185,1,92,92,0.4269982303940764,0.351310492402495,0.03443048232101304,0.7675788086983794,0.005228083920412185,0.7699313930163931
trial_0019_bite_020_transfer,trial_0019_bite_020,trial_0019,transfer,0,B0,185,185,100.0,-2.843664211193059,0.0,True,True,True,True,185,1,1288,3.825845100606899,0.009632362129975647,1288,0.3847075198384487,0.9632362129975638,1281,14.615657225836523,80.5937267847566,1274,2430.3816878736816,13255.59648289506,0,185,185,0.8054115470368111,0.80689012950331,0.6954104252494905,0.8908708907023011,0.6856452703247109,0.8989077818839535
trial_0019_bite_020_transfer,trial_0019_bite_020,trial_0019,transfer,0,B1,185,185,100.0,-2.843664211193059,0.17317307436799556,True,True,True,True,185,1,1288,4.136602798359776,0.010268995024606875,1288,0.41372165204364764,1.0268995024606866,1281,15.422197861897207,88.28354585181704,1274,2563.8034463323606,14284.305696567542,0,185,185,0.818336119108177,0.8130052728292683,0.7016031496930547,0.9198713660957545,0.6856452703247109,0.9225119123701053
trial_0019_bite_020_transfer,trial_0019_bite_020,trial_0019,transfer,0,B2,185,185,100.0,-2.843664211193059,0.0015481091395628255,True,True,True,True,185,1,1288,3.477006033020566,0.009320267165922047,1288,0.3471223174231647,0.9320267165922039,1281,13.620819572421352,71.19808476441212,1274,2259.4024101532295,11797.776141944074,0,185,185,0.775185462147335,0.7897631177858626,0.6898680330581133,0.8476527568857763,0.6856452703247109,0.8594253362914652
trial_0019_bite_020_transfer,trial_0019_bite_020,trial_0019,transfer,0,B3,185,185,100.0,-2.843664211193059,0.0005139087490557692,True,True,True,True,185,1,1288,3.6391512825475054,0.009441742521310912,1288,0.3589839601493948,0.9441742521310904,1281,16.616437155491052,84.25388058514987,1274,2710.4081347882784,13525.606564223932,0,185,185,0.771457426139992,0.7922326052652995,0.6766822274618005,0.8480354069600151,0.6700211658153232,0.8594209208976733
trial_0019_bite_020_transfer,trial_0019_bite_020,trial_0019,transfer,0,StrongLocal,185,185,100.0,-2.843664211193059,0.021600973048058414,True,True,True,True,185,1,1288,3.6314693236060034,0.00943785602002567,1288,0.3604081534376829,0.9437856020025661,1281,15.992480870736077,91.1162783714546,1274,2665.269825420266,14939.398776445862,0,185,185,0.779193530827803,0.798581263319416,0.6838717969223479,0.8556795757721533,0.6800817260188592,0.8678037996002441
trial_0019_bite_020_transfer,trial_0019_bite_020,trial_0019,transfer,0,H_star,185,185,100.0,-2.843664211193059,0.0031354591913363983,True,True,True,True,185,1,1288,3.6571878432086775,0.01117548187213857,1288,0.3622567666708197,1.1175481872138562,1281,19.0570514978374,119.17992382404427,1274,3196.3369899204436,22345.275497560146,0,185,185,0.7716538082270593,0.7986342390934267,0.6741574398882983,0.8476727157172671,0.66888364626847,0.8574998262148457
trial_0019_bite_020_transfer,trial_0019_bite_020,trial_0019,transfer,0,HumanGT,185,185,100.0,-2.843664211193059,0.0,True,True,True,True,185,1,1288,3.535717141090518,0.0096764516193808,1288,0.3501396336739578,0.967645161938079,1281,16.060454511060758,88.57825214018773,1274,2719.348657260276,16073.39615282828,0,185,185,0.7830884739354012,0.7985821962471138,0.7018233470907591,0.8473370222515183,0.6856452703247109,0.8568049545398351
trial_0019_bite_020_withdrawal,trial_0019_bite_020,trial_0019,withdrawal,0,B0,135,135,100.0,-2.729646494868438,0.0,True,True,True,True,135,1,938,7.105144392699939,0.03558916398266021,938,1.0441628563726861,3.558916398266018,931,28.565737768299932,157.67597096679935,924,4230.691176178877,27951.385023472423,0,135,135,0.594456606969788,0.5633867134091983,0.2198068758437694,0.8204360934315338,0.1289942267355011,0.8222000208089781
trial_0019_bite_020_withdrawal,trial_0019_bite_020,trial_0019,withdrawal,0,B1,135,135,100.0,-2.729646494868438,0.09123181373821154,True,True,True,True,135,1,938,7.231824723215144,0.035481291086357565,938,1.0591049939426835,3.548129108635753,931,29.646534966770087,152.09519995261962,924,4401.4837632584495,29939.739769827254,0,135,135,0.5976235648307262,0.5628166274756246,0.25920424853459745,0.8239138566573142,0.14953591285729928,0.8264761485570795
trial_0019_bite_020_withdrawal,trial_0019_bite_020,trial_0019,withdrawal,0,B2,135,135,100.0,-2.729646494868438,0.0015481091395632696,True,True,True,True,135,1,938,7.073402684803287,0.03531221341070356,938,1.0463991675709439,3.5312213410703532,931,29.20964595371082,144.06485832454382,924,4339.281500268633,28247.403799360447,0,135,135,0.599634911393154,0.5633469700626832,0.311880705643006,0.8163815691612231,0.1886294641937427,0.8177360453342013
trial_0019_bite_020_withdrawal,trial_0019_bite_020,trial_0019,withdrawal,0,B3,135,135,100.0,-2.729646494868438,0.0005139087490557692,True,True,True,True,135,1,938,7.270557665325509,0.035334557760848824,938,1.06402983183902,3.533455776084879,931,39.848367288541695,232.01873449460524,924,6251.02961413202,40043.28000309599,0,135,135,0.5990963131109727,0.5631147851935432,0.3086715417763804,0.816057098732433,0.18560439666562445,0.8172425590072288
trial_0019_bite_020_withdrawal,trial_0019_bite_020,trial_0019,withdrawal,0,StrongLocal,135,135,100.0,-2.729646494868438,0.01841184548379715,True,True,True,True,135,1,938,7.182305726558414,0.035349718563791654,938,1.0542153831552403,3.5349718563791623,931,36.15197734049077,229.18832544552143,924,5690.096338777977,35484.82891103512,0,135,135,0.5993406528794917,0.5631652321120604,0.30816201206810706,0.8176749769257282,0.1843628338504999,0.8199200973864738
trial_0019_bite_020_withdrawal,trial_0019_bite_020,trial_0019,withdrawal,0,H_star,135,135,100.0,-2.729646494868438,0.02653397340516417,True,True,True,True,135,1,938,7.334546591235977,0.034916951019142495,938,1.0698366609495924,3.4916951019142464,931,45.48061148825561,305.5289417193036,924,7609.689480780213,47030.3510479607,0,135,135,0.598531407883675,0.5632234172379911,0.31239119677377375,0.8127105690468304,0.1878295357529236,0.8140052505123063
trial_0019_bite_020_withdrawal,trial_0019_bite_020,trial_0019,withdrawal,0,HumanGT,135,135,100.0,-2.729646494868438,0.0,True,True,True,True,135,1,938,6.994742649576687,0.03542947786216022,938,1.0373739042689973,3.542947786216019,931,30.510733844192085,152.70301025171992,924,4574.971003196914,30029.09208757912,0,135,135,0.5993495776713179,0.5634575980419574,0.31828059314608764,0.8134887203586522,0.19317648819546118,0.8142521960240581
trial_0019_bite_021_transfer,trial_0019_bite_021,trial_0019,transfer,0,B0,178,178,100.0,-2.8565848750503298,0.0,True,True,True,True,178,1,1239,4.198688284149675,0.015652285384086362,1239,0.4416126902493297,1.5652285384086349,1232,12.537290806090866,61.5936496408675,1225,1874.0402861700595,11044.402868157113,0,178,178,0.7658735663167637,0.774226933315982,0.6753650016271604,0.8366832655955299,0.6633816795058278,0.852162462605186
trial_0019_bite_021_transfer,trial_0019_bite_021,trial_0019,transfer,0,B1,178,178,100.0,-2.8565848750503298,0.17317307436799556,True,True,True,True,178,1,1239,4.383284584248698,0.016152847143634297,1239,0.4641792389332092,1.6152847143634284,1232,12.818513024381527,61.84371685010953,1225,1914.1803867333224,11082.24887995313,0,178,178,0.7961049515011495,0.815515887769917,0.6885145872230711,0.8652013799719575,0.6742063532845926,0.8801931326418531
trial_0019_bite_021_transfer,trial_0019_bite_021,trial_0019,transfer,0,B2,178,178,100.0,-2.8565848750503298,0.0015481091395632696,True,True,True,True,178,1,1239,4.005903055936491,0.014052737563452489,1239,0.41268669419507326,1.4052737563452475,1232,12.09378577677543,60.00194679844911,1225,1800.4183488345457,10750.659095944306,0,178,178,0.7133881872224493,0.7157665719714603,0.6446577542683178,0.7748892737580151,0.6384419475181025,0.7878261001936124
trial_0019_bite_021_transfer,trial_0019_bite_021,trial_0019,transfer,0,B3,178,178,100.0,-2.8565848750503298,0.0005139087490553251,True,True,True,True,178,1,1239,4.1984280959047,0.01995336811395987,1239,0.4399910400529104,1.9953368113959868,1232,21.726932063141323,202.07682218577716,1225,3368.736318713824,22393.72683175667,0,178,178,0.7140718243417965,0.7238053845116628,0.629822885868569,0.7761753720317598,0.6247107207164291,0.7882385541325236
trial_0019_bite_021_transfer,trial_0019_bite_021,trial_0019,transfer,0,StrongLocal,178,178,100.0,-2.8565848750503298,0.020345713842761626,True,True,True,True,178,1,1239,4.1726913380349835,0.015583183814865011,1239,0.4350952986955055,1.5583183814864998,1232,18.655967146117334,142.76900980773274,1225,2938.1521948433738,15545.571314397044,0,178,178,0.7291887790325116,0.7375106106229024,0.6443046081596855,0.795376886878974,0.6373731691375397,0.80916730422893
trial_0019_bite_021_transfer,trial_0019_bite_021,trial_0019,transfer,0,H_star,178,178,100.0,-2.8565848750503298,0.0019182168821596512,True,True,True,True,178,1,1239,4.306502101971492,0.017291217117106683,1239,0.45033210166148163,1.7291217117106683,1232,25.335953267051934,173.42356511595528,1225,4293.900946413331,30207.531171766885,0,178,178,0.7272625440731957,0.7419217387932174,0.6337803458025069,0.7894840147278436,0.6301245886901414,0.8028516385404281
trial_0019_bite_021_transfer,trial_0019_bite_021,trial_0019,transfer,0,HumanGT,178,178,100.0,-2.8565848750503298,0.0,True,True,True,True,178,1,1239,4.090643062503059,0.015129700553894843,1239,0.42834277221686196,1.512970055389483,1232,14.38503437991664,63.11304200850015,1225,2285.101111776484,11572.216750010046,0,178,178,0.7387164123632932,0.7473234277802814,0.6542375818873277,0.7985784691234324,0.6484142101709365,0.8112525169684615
trial_0019_bite_021_withdrawal,trial_0019_bite_021,trial_0019,withdrawal,0,B0,116,116,100.0,-2.79854154366331,0.0,True,True,True,True,116,1,805,8.000322125085276,0.04133466964904997,805,1.3125216128859067,4.1334669649049935,798,47.10128070704831,327.8079286406038,791,7451.229531400363,53312.72049221245,0,116,116,0.5428641911465055,0.5173435075572344,0.11985889664307314,0.8164945337387617,0.05540313249569451,0.8426699181526507
trial_0019_bite_021_withdrawal,trial_0019_bite_021,trial_0019,withdrawal,0,B1,116,116,100.0,-2.79854154366331,0.09123181373821154,True,True,True,True,116,1,805,8.103848404474226,0.0425840030715312,805,1.333269909880742,4.258400307153116,798,48.61353194299659,333.6955536347557,791,7713.5037865840395,56768.603648880875,0,116,116,0.5503917495193903,0.5168960193722367,0.1486095998364323,0.8278770081357409,0.08355251946928632,0.8538677423109213
trial_0019_bite_021_withdrawal,trial_0019_bite_021,trial_0019,withdrawal,0,B2,116,116,100.0,-2.79854154366331,0.0015481091395632696,True,True,True,True,116,1,805,8.124487052430345,0.04334403575346624,805,1.3439976608268251,4.33440357534662,798,49.81343720187496,343.07654370335723,791,7925.840698501207,61571.4999334423,0,116,116,0.5554300091612506,0.5171237685553813,0.2102825848224541,0.8127089297188693,0.14959473876056162,0.8389434058085032
trial_0019_bite_021_withdrawal,trial_0019_bite_021,trial_0019,withdrawal,0,B3,116,116,100.0,-2.79854154366331,0.0005139087490557692,True,True,True,True,116,1,805,8.163789465679981,0.043208843572309696,805,1.3583911625316782,4.320884357230966,798,58.287875386447304,336.09754053950115,791,9477.798406905576,52630.78162944787,0,116,116,0.5541058685725642,0.5168848711690646,0.20392609400389006,0.8122036077958429,0.13991840501059993,0.838996864342096
trial_0019_bite_021_withdrawal,trial_0019_bite_021,trial_0019,withdrawal,0,StrongLocal,116,116,100.0,-2.79854154366331,0.008622679652320109,True,True,True,True,116,1,805,8.151600338005107,0.042873257886688165,805,1.351692549193194,4.287325788668813,798,55.58478804212818,333.5168175227027,791,9043.892556855695,52461.6992077441,0,116,116,0.5545436528716452,0.5169858001407857,0.2026654321685304,0.8156917305844122,0.13799898628270046,0.8414600669470902
trial_0019_bite_021_withdrawal,trial_0019_bite_021,trial_0019,withdrawal,0,H_star,116,116,100.0,-2.79854154366331,0.01773952141377455,True,True,True,True,116,1,805,8.279954273436186,0.0490643337429717,805,1.3784991130209368,4.9064333742971655,798,72.68683277670571,457.99083295761466,791,12356.396556665251,75070.59948460995,0,116,116,0.5527633711820858,0.5169880913342477,0.20090248748166628,0.81096458815321,0.13670102318582789,0.8391309401425109
trial_0019_bite_021_withdrawal,trial_0019_bite_021,trial_0019,withdrawal,0,HumanGT,116,116,100.0,-2.79854154366331,0.0,True,True,True,True,116,1,805,8.031680021327155,0.04401397041409005,805,1.3340607467227985,4.401397041409002,798,50.45226632067109,337.2147615109083,791,8123.250165022372,57335.86319383639,0,116,116,0.5538338114439889,0.5172066438940601,0.2113814902031672,0.8007574576101577,0.1510295165918496,0.8258082408423344
trial_0019_bite_022_transfer,trial_0019_bite_022,trial_0019,transfer,0,B0,140,140,100.0,-2.8295056140595025,0.0,True,True,True,True,140,1,973,3.9967064859738795,0.013390877939518653,973,0.5234587677175133,1.3390877939518642,966,13.78965189851548,86.50600131733006,959,2192.9522462399773,14107.845856916561,0,140,140,0.7719522139914915,0.7609911329069003,0.706359987157038,0.8483438892242965,0.697498707677001,0.8517714791609188
trial_0019_bite_022_transfer,trial_0019_bite_022,trial_0019,transfer,0,B1,140,140,100.0,-2.8295056140595025,0.173173074367996,True,True,True,True,140,1,973,4.251858030064867,0.014314505534367862,973,0.5577698174046144,1.431450553436785,966,14.486943480344967,91.71109840327303,959,2288.2876917151793,14819.893350093555,0,140,140,0.7808479421105763,0.7648841492380063,0.7121034806764827,0.8763719712163339,0.697498707677001,0.8786300360089965
trial_0019_bite_022_transfer,trial_0019_bite_022,trial_0019,transfer,0,B2,140,140,100.0,-2.8295056140595025,0.0015481091395632696,True,True,True,True,140,1,973,3.734102231409395,0.012756500328699794,973,0.4889511833354366,1.2756500328699782,966,13.147835423072301,81.85764996856622,959,2096.0394810469447,13441.055989194836,0,140,140,0.7561328785957894,0.7534266621749344,0.6995767933235145,0.8155043744569878,0.697498707677001,0.8221600285565009
trial_0019_bite_022_transfer,trial_0019_bite_022,trial_0019,transfer,0,B3,140,140,100.0,-2.8295056140595025,0.0005139087490557692,True,True,True,True,140,1,973,3.8493790035982434,0.013613143994554378,973,0.511837560223603,1.3613143994554366,966,23.710080900734955,144.4871420006244,959,4181.281489786555,19427.714411419165,0,140,140,0.7524746747373433,0.7487250594424468,0.6823336711767922,0.8176609836732254,0.6784821304622035,0.8237516232103113
trial_0019_bite_022_transfer,trial_0019_bite_022,trial_0019,transfer,0,StrongLocal,140,140,100.0,-2.8295056140595025,0.022033931881558555,True,True,True,True,140,1,973,3.86736999010117,0.013588126192445316,973,0.5114738480923625,1.3588126192445305,966,20.01765421436618,110.32431817175929,959,3455.630268206027,17003.184594965816,0,140,140,0.7586589470127844,0.7512675818153798,0.6886436588421055,0.8272672762603466,0.6870413937710937,0.8319606521245584
trial_0019_bite_022_transfer,trial_0019_bite_022,trial_0019,transfer,0,H_star,140,140,100.0,-2.8295056140595025,0.003611917360740957,True,True,True,True,140,1,973,3.9873413803680617,0.014236098580769685,973,0.5227595704153681,1.4236098580769672,966,27.08764650808987,163.02572302553386,959,4605.7178893073615,22110.80537063026,0,140,140,0.7557684357208855,0.7487775258665299,0.6856844835396909,0.8227206350298314,0.6770642352653553,0.8280706638782527
trial_0019_bite_022_transfer,trial_0019_bite_022,trial_0019,transfer,0,HumanGT,140,140,100.0,-2.8295056140595025,0.0,True,True,True,True,140,1,973,3.744548110920226,0.013190200133387453,973,0.482726873864656,1.3190200133387442,966,14.776721040819135,76.75169347516318,959,2397.6638117871275,13055.760515195268,0,140,140,0.7571954785740184,0.7525016620950649,0.7028556121507931,0.8092422507161473,0.697498707677001,0.8152905634677496
trial_0019_bite_022_withdrawal,trial_0019_bite_022,trial_0019,withdrawal,0,B0,108,108,100.0,-2.7136212731307947,0.0,True,True,True,True,108,1,749,5.259207774751629,0.028164469811637897,749,0.8991389274103511,2.816446981163787,742,30.098804415184194,226.70481736254146,735,4508.236866038339,39060.19624036972,0,108,108,0.6937488451934078,0.7543710204741401,0.3365389954499628,0.8226504799646535,0.2952026006909434,0.8277286657689626
trial_0019_bite_022_withdrawal,trial_0019_bite_022,trial_0019,withdrawal,0,B1,108,108,100.0,-2.7136212731307947,0.09123181373821154,True,True,True,True,108,1,749,5.352589108666937,0.030551889438205745,749,0.9154940764878559,3.0551889438205717,742,31.351757834831744,236.04556115794884,735,4704.17044511366,40660.57547481694,0,108,108,0.6982744901641064,0.7552055018267936,0.33624534973629616,0.826779294451595,0.2946772130112829,0.8363695542962759
trial_0019_bite_022_withdrawal,trial_0019_bite_022,trial_0019,withdrawal,0,B2,108,108,100.0,-2.7136212731307947,0.0015481091395632696,True,True,True,True,108,1,749,5.362482873786238,0.031071350823026478,749,0.9117246992701495,3.107135082302645,742,31.516523605326363,232.35550183212396,735,4719.421065697013,39986.82848852197,0,108,108,0.6963640520908259,0.7553451828064399,0.33604403245293984,0.8223402922741764,0.29430729370920394,0.8277289002917789
trial_0019_bite_022_withdrawal,trial_0019_bite_022,trial_0019,withdrawal,0,B3,108,108,100.0,-2.7136212731307947,0.0005139087490557692,True,True,True,True,108,1,749,5.460692941962453,0.032724139110611894,749,0.9213214993902453,3.2724139110611863,742,37.40559987280339,246.31621387116226,735,5687.700111926306,41530.95056867772,0,108,108,0.6966176509631603,0.7550878193198467,0.3361918898957467,0.8237701279954509,0.2944864965133056,0.8300356665406867
trial_0019_bite_022_withdrawal,trial_0019_bite_022,trial_0019,withdrawal,0,StrongLocal,108,108,100.0,-2.7136212731307947,0.015350412792959123,True,True,True,True,108,1,749,5.373485288701851,0.03202631293483904,749,0.9144136916815782,3.2026312934839014,742,35.252061713895706,273.60362804642114,735,5388.593644512783,51387.51123023053,0,108,108,0.697050681323111,0.7551131413369863,0.3361821222113216,0.8243930439774804,0.2944793555049059,0.8317800344272976
trial_0019_bite_022_withdrawal,trial_0019_bite_022,trial_0019,withdrawal,0,H_star,108,108,100.0,-2.7136212731307947,0.023944298461127556,True,True,True,True,108,1,749,5.421789755894878,0.03120337685963737,749,0.9200660655977999,3.1203376859637344,742,40.63148940068069,281.9254359152174,735,6530.400085544189,50163.647607609586,0,108,108,0.6962335910954415,0.7551452996954144,0.3361590185163152,0.8236765649934243,0.2944704740665727,0.8276496105343827
trial_0019_bite_022_withdrawal,trial_0019_bite_022,trial_0019,withdrawal,0,HumanGT,108,108,100.0,-2.7136212731307947,0.0,True,True,True,True,108,1,749,4.963490422422055,0.031883529436607105,749,0.8638154255121274,3.188352943660708,742,32.25958594103133,229.8359007585833,735,4852.873814653426,39172.20037090441,0,108,108,0.69410462420099,0.7552698792249362,0.33649227671688137,0.811215510029138,0.29518822366933284,0.8194998807902052
trial_0019_bite_023_transfer,trial_0019_bite_023,trial_0019,transfer,0,B0,140,140,100.0,-2.8361765859876575,0.0,True,True,True,True,140,1,973,3.6947527732619605,0.012141590177881856,973,0.47605945043665054,1.2141590177881911,966,13.484289592500575,101.65508439918351,959,2144.8568471062417,19384.218598823947,0,140,140,0.7307997066143695,0.734231996504203,0.6310595105697253,0.8272958959053626,0.6288607272300417,0.8438193272204284
trial_0019_bite_023_transfer,trial_0019_bite_023,trial_0019,transfer,0,B1,140,140,100.0,-2.8361765859876575,0.17317307436799512,True,True,True,True,140,1,973,3.985397027777456,0.011963322466671755,973,0.5111579506108089,1.1963322466671744,966,13.914109760035293,109.36004045681162,959,2223.7298510367395,20744.878775075416,0,140,140,0.7611366039947848,0.7727762618950798,0.6384322031037409,0.8615451032018785,0.6357781961917353,0.8753409027487988
trial_0019_bite_023_transfer,trial_0019_bite_023,trial_0019,transfer,0,B2,140,140,100.0,-2.8361765859876575,0.0015481091395628255,True,True,True,True,140,1,973,3.4196841242567766,0.012583835187577108,973,0.4378674576999241,1.2583835187577166,966,12.884736880480604,89.83445179606683,959,2032.7035181869858,17341.335788864275,0,140,140,0.6827130475628478,0.6792673054734659,0.6120366684762089,0.7665990438502946,0.6100325725993301,0.785982051061481
trial_0019_bite_023_transfer,trial_0019_bite_023,trial_0019,transfer,0,B3,140,140,100.0,-2.8361765859876575,0.0005139087490562133,True,True,True,True,140,1,973,3.6186908058957394,0.02556875232282652,973,0.47567647549769476,2.556875232282652,966,22.31465554470329,219.53047234292814,959,3240.2675395171213,22960.936130601578,0,140,140,0.6810205307003081,0.6865743607512429,0.5941614681270091,0.7684006872254213,0.5909914418950617,0.7864968859469066
trial_0019_bite_023_transfer,trial_0019_bite_023,trial_0019,transfer,0,StrongLocal,140,140,100.0,-2.8361765859876575,0.02422546762080513,True,True,True,True,140,1,973,3.6093570746316015,0.017534198430279258,973,0.4660802825650527,1.7534198430279258,966,18.354483569866954,141.3576312025544,959,2809.8299396026437,19391.17321304179,0,140,140,0.6948671193962659,0.6985076147730598,0.6063461404744119,0.785673713979852,0.6046050326556316,0.8008323283227341
trial_0019_bite_023_transfer,trial_0019_bite_023,trial_0019,transfer,0,H_star,140,140,100.0,-2.8361765859876575,0.006004683701831048,True,True,True,True,140,1,973,3.7163409782470396,0.020799446291051238,973,0.48217648436291255,2.079944629105124,966,22.748875543418066,145.94625964685858,959,3572.303441044989,16189.45000684664,0,140,140,0.6907471983070496,0.7000323674120095,0.5974220074995585,0.7778349062412904,0.5962547194707732,0.7946041649447286
trial_0019_bite_023_transfer,trial_0019_bite_023,trial_0019,transfer,0,HumanGT,140,140,100.0,-2.8361765859876575,0.0,True,True,True,True,140,1,973,3.578980528614198,0.012383480589261087,973,0.4595202134912343,1.2383480589261144,966,14.586738319644752,95.66671261981502,959,2341.3680926894576,18334.73648281098,0,140,140,0.7155737751410652,0.7096932026999707,0.6319475239388554,0.8141665448714818,0.6298702814327826,0.8299055334257055
trial_0019_bite_023_withdrawal,trial_0019_bite_023,trial_0019,withdrawal,0,B0,113,113,100.0,-2.783856829147836,0.0,True,True,True,True,113,1,784,7.3321375515727825,0.05108908268487333,784,1.3789582622844143,5.108908268487329,777,34.36691589428438,262.88533263505394,770,4871.5092758947885,48988.348549067734,0,113,113,0.5681284347595601,0.670654488736345,0.2578296775762812,0.8335995389769519,0.2531211578138617,0.8737152207178034
trial_0019_bite_023_withdrawal,trial_0019_bite_023,trial_0019,withdrawal,0,B1,113,113,100.0,-2.783856829147836,0.09123181373821199,True,True,True,True,113,1,784,7.4062531593728185,0.05475158599265483,784,1.3941547232569251,5.4751585992654785,777,35.645128909892215,262.9832851768161,770,5047.456705432226,48739.796365536364,0,113,113,0.5738871414956728,0.6697761240908346,0.27011878466081657,0.8476816307490188,0.2556928003394585,0.8909607890830848
trial_0019_bite_023_withdrawal,trial_0019_bite_023,trial_0019,withdrawal,0,B2,113,113,100.0,-2.783856829147836,0.0015481091395628255,True,True,True,True,113,1,784,7.200611073310789,0.05179820186456042,784,1.3411089960379687,5.179820186456038,777,35.64520876518533,256.02861364855966,770,5092.527036840202,48555.6285231986,0,113,113,0.5706510122438877,0.6704495113323943,0.29927408540324646,0.8280440673612013,0.2806927511209274,0.8728351345646068
trial_0019_bite_023_withdrawal,trial_0019_bite_023,trial_0019,withdrawal,0,B3,113,113,100.0,-2.783856829147836,0.0005139087490562133,True,True,True,True,113,1,784,7.526073542413368,0.05948992589987334,784,1.4038065003265192,5.948992589987329,777,61.767481684219106,770.4180868152553,770,10024.543658231305,109179.46076321809,0,113,113,0.5692518630024808,0.6702204359077428,0.29897115547718894,0.8267315889071125,0.27530434135177284,0.872645907282827
trial_0019_bite_023_withdrawal,trial_0019_bite_023,trial_0019,withdrawal,0,StrongLocal,113,113,100.0,-2.783856829147836,0.0013900923267073928,True,True,True,True,113,1,784,7.354425428993711,0.05300927084180972,784,1.3695558014261693,5.300927084180968,777,45.89223236496083,458.21081417656654,770,7043.288654975002,65689.62894448376,0,113,113,0.5704763122823376,0.6703315028289967,0.2992075261390819,0.8303119699645858,0.27512815602431573,0.8737951205780035
trial_0019_bite_023_withdrawal,trial_0019_bite_023,trial_0019,withdrawal,0,H_star,113,113,100.0,-2.783856829147836,0.006744531393880759,True,True,True,True,113,1,784,7.409137475645949,0.052941174239333755,784,1.3686377067308364,5.294117423933371,777,47.083566832340054,301.7211415737181,770,7122.388471211372,50753.98204596247,0,113,113,0.5682941212821181,0.6704008944557338,0.2991356732816274,0.8258255806076797,0.2729010621577448,0.866346228500114
trial_0019_bite_023_withdrawal,trial_0019_bite_023,trial_0019,withdrawal,0,HumanGT,113,113,100.0,-2.783856829147836,0.0,True,True,True,True,113,1,784,7.084642958563462,0.04868013135343929,784,1.3056075692823799,4.868013135343925,777,35.32582643819242,251.82576932098976,770,5113.762205589494,49202.10764543351,0,113,113,0.5639782515496917,0.6714983419605871,0.2986567448854083,0.8091188785324066,0.2748020788502039,0.8448430549114878
trial_0019_bite_024_transfer,trial_0019_bite_024,trial_0019,transfer,0,B0,151,151,100.0,-2.775814229139555,0.0,True,True,True,True,151,1,1050,3.6660776318086463,0.012187351042133976,1050,0.453895067884037,1.2187351042133965,1043,11.620859507062455,71.69715383275475,1036,1771.5573707510655,12624.953826429995,0,151,151,0.6364288619153426,0.6779460664045569,0.4490683816270922,0.733007325484849,0.44158892698585195,0.7448095784755129
trial_0019_bite_024_transfer,trial_0019_bite_024,trial_0019,transfer,0,B1,151,151,100.0,-2.775814229139555,0.17317307436799512,True,True,True,True,151,1,1050,3.8994179140356398,0.01298263634562069,1050,0.4824392303736402,1.298263634562068,1043,11.784821683153776,72.99245953156218,1036,1793.243499460579,12831.060389389713,0,151,151,0.6692119999695885,0.7255998430393902,0.45179809722393216,0.7633989130530643,0.4462992357336866,0.775133648228425
trial_0019_bite_024_transfer,trial_0019_bite_024,trial_0019,transfer,0,B2,151,151,100.0,-2.775814229139555,0.0015481091395628255,True,True,True,True,151,1,1050,3.519776339255272,0.011975706829146837,1050,0.43148463815637866,1.1975706829146826,1043,11.502543985340681,62.23611114744002,1036,1748.9251961832283,10825.970750972558,0,151,151,0.6023851532012415,0.635448717566204,0.44236230074150695,0.6936925577449489,0.43554344141477497,0.7059124469738363
trial_0019_bite_024_transfer,trial_0019_bite_024,trial_0019,transfer,0,B3,151,151,100.0,-2.775814229139555,0.0005139087490557692,True,True,True,True,151,1,1050,3.733189750388739,0.017064085023494435,1050,0.4613336112093857,1.706408502349442,1043,22.161381750903374,178.79138643540816,1036,3591.0223799095484,26321.76402289314,0,151,151,0.5999093487742192,0.640153887825238,0.42573293523745814,0.6967323791379534,0.4202439497837398,0.7076070220857043
trial_0019_bite_024_transfer,trial_0019_bite_024,trial_0019,transfer,0,StrongLocal,151,151,100.0,-2.775814229139555,0.02280878435037037,True,True,True,True,151,1,1050,3.6591705722105003,0.013746264818482956,1050,0.45168734427878426,1.3746264818482945,1043,16.096767328689683,113.47129395905301,1036,2585.371948949238,17238.64394083825,0,151,151,0.6121474357810529,0.6520076941746691,0.43560137239377816,0.7096365494811043,0.42829776665767305,0.7209088022331009
trial_0019_bite_024_transfer,trial_0019_bite_024,trial_0019,transfer,0,H_star,151,151,100.0,-2.775814229139555,0.004091008570642707,True,True,True,True,151,1,1050,3.727086789824148,0.014933512994916853,1050,0.4592517356534204,1.493351299491684,1043,20.178192679575503,115.50210797913962,1036,3393.3645718999737,17107.909344375137,0,151,151,0.6082280836621428,0.6555715379086173,0.42898694787005187,0.6993767004531457,0.4223495848735803,0.7105859764547562
trial_0019_bite_024_transfer,trial_0019_bite_024,trial_0019,transfer,0,HumanGT,151,151,100.0,-2.775814229139555,0.0,True,True,True,True,151,1,1050,3.813763183751406,0.012085207145453579,1050,0.4691642135131266,1.2085207145453567,1043,13.325174608839633,71.30009437705796,1036,2108.0692339200045,12159.420852919178,0,151,151,0.6606129138506842,0.7079746927438197,0.45548963643209817,0.7501690120766598,0.4530196510589315,0.7600176207872424
trial_0019_bite_024_withdrawal,trial_0019_bite_024,trial_0019,withdrawal,0,B0,113,113,100.0,-2.8105711353481917,0.0,True,True,True,True,113,1,784,8.530483762003618,0.057778468987843556,784,1.5589068110382576,5.77784689878435,777,37.064296391563694,269.9374216617791,770,4595.046388736272,32120.690718105663,0,113,113,0.4436447228560359,0.369065294081532,0.06174971665666842,0.8644062617292889,0.044929555217718686,0.9000065226140883
trial_0019_bite_024_withdrawal,trial_0019_bite_024,trial_0019,withdrawal,0,B1,113,113,100.0,-2.8105711353481917,0.0912318137382111,True,True,True,True,113,1,784,8.546358138725115,0.05547060566874684,784,1.5582431656995366,5.547060566874679,777,37.615282059784796,278.55725689024626,770,4690.202513978449,32884.134416091634,0,113,113,0.4520943827388657,0.3681557395429089,0.09377646139762597,0.869689496542796,0.07623157296632677,0.9090154159826258
trial_0019_bite_024_withdrawal,trial_0019_bite_024,trial_0019,withdrawal,0,B2,113,113,100.0,-2.8105711353481917,0.0015481091395637137,True,True,True,True,113,1,784,8.44190372031009,0.04982320751567837,784,1.4857759185817192,4.9823207515678325,777,36.79440542543069,278.15763866000617,770,4642.608628275856,32815.600549905976,0,113,113,0.489405932248739,0.366521975387045,0.2325535179788721,0.8641127777863628,0.22699290542914152,0.9006201940780834
trial_0019_bite_024_withdrawal,trial_0019_bite_024,trial_0019,withdrawal,0,B3,113,113,100.0,-2.8105711353481917,0.0005139087490553251,True,True,True,True,113,1,784,8.677805885895726,0.05228198119055705,784,1.531712767067096,5.2281981190557,777,53.47478779584893,318.1009299872618,770,7877.536985034217,39180.93547018653,0,113,113,0.4863836187129962,0.36626124277587513,0.22169690863302946,0.8637126739174066,0.21933513689146533,0.9073011997454596
trial_0019_bite_024_withdrawal,trial_0019_bite_024,trial_0019,withdrawal,0,StrongLocal,113,113,100.0,-2.8105711353481917,0.008693214768406676,True,True,True,True,113,1,784,8.541172018484861,0.05157867108133107,784,1.5055337207970576,5.157867108133103,777,45.90377910005808,304.0636173075574,770,6509.915974333981,36686.28682958487,0,113,113,0.485341844078007,0.36666249257016714,0.21651536016607514,0.8643614325440738,0.2140943156136874,0.9054763294169916
trial_0019_bite_024_withdrawal,trial_0019_bite_024,trial_0019,withdrawal,0,H_star,113,113,100.0,-2.8105711353481917,0.017285240792899614,True,True,True,True,113,1,784,8.624891783869895,0.05066026653636424,784,1.5202481657933093,5.06602665363642,777,45.422077120075045,315.10643211510666,770,6380.2963153614,34819.20959181241,0,113,113,0.47984782387712527,0.3669110398235449,0.20171213290193926,0.8616342438187443,0.19413083315337776,0.8968931062306948
trial_0019_bite_024_withdrawal,trial_0019_bite_024,trial_0019,withdrawal,0,HumanGT,113,113,100.0,-2.8105711353481917,0.0,True,True,True,True,113,1,784,8.463781999629582,0.05490939414241636,784,1.5341263631028392,5.490939414241631,777,37.64985342288418,265.97796713569585,770,4738.43851150338,32428.204551635008,0,113,113,0.4479320956360891,0.36726950027977656,0.08417238550764843,0.8406459341732047,0.06608933239838244,0.875652750378836
trial_0019_bite_025_transfer,trial_0019_bite_025,trial_0019,transfer,0,B0,39,39,100.0,-2.7985449425916857,0.0,True,True,True,True,39,1,266,0.3600357607388496,0.0072763501649868445,266,0.20016613411894418,0.7276350164986838,259,14.770060306359527,70.13561282337197,252,2456.6416638204587,11599.095541579922,0,39,39,0.6102786236380305,0.6102083277122405,0.6084211798407135,0.6127683086487259,0.6082537680370823,0.6138299929235451
trial_0019_bite_025_transfer,trial_0019_bite_025,trial_0019,transfer,0,B1,39,39,100.0,-2.7985449425916857,0.173173074367996,True,True,True,True,39,1,266,0.38679756446929314,0.007147183910571897,266,0.20731229053116845,0.714718391057189,259,14.793453576890018,70.1439677267722,252,2460.296662093129,11628.1356436603,0,39,39,0.6171329768811255,0.616218309211626,0.6112585733689588,0.6231224561378909,0.6107758517506481,0.6241145728456603
trial_0019_bite_025_transfer,trial_0019_bite_025,trial_0019,transfer,0,B2,39,39,100.0,-2.7985449425916857,0.0015481091395632696,True,True,True,True,39,1,266,0.3606371872790137,0.007577415157046018,266,0.19470463791489592,0.7577415157046011,259,14.675480988417087,71.07206311750755,252,2435.0498435662494,11397.334753829226,0,39,39,0.599308195873358,0.5994376802871493,0.5861357411195989,0.6119112609070061,0.5848583548958004,0.6127042795461213
trial_0019_bite_025_transfer,trial_0019_bite_025,trial_0019,transfer,0,B3,39,39,100.0,-2.7985449425916857,0.0005139087490553251,True,True,True,True,39,1,266,0.5948866641507242,0.009143973386460669,266,0.2950864506207889,0.9143973386460661,259,40.40089698502377,133.33190596024534,252,7102.3484581322655,20934.308010898072,0,39,39,0.5917873371638819,0.5929710894707734,0.5802886462686832,0.604901526565776,0.5741989780605987,0.6118603464756287
trial_0019_bite_025_transfer,trial_0019_bite_025,trial_0019,transfer,0,StrongLocal,39,39,100.0,-2.7985449425916857,0.020016294844313,True,True,True,True,39,1,266,0.4775979193722273,0.0086358142530365,266,0.2403309846028381,0.8635814253036492,259,28.259598246436465,91.8302588357543,252,4950.372963087504,15627.732827097021,0,39,39,0.5970758704819493,0.5975687767138016,0.5885660897697724,0.6074224691654461,0.5849163756140676,0.6118603464756287
trial_0019_bite_025_transfer,trial_0019_bite_025,trial_0019,transfer,0,H_star,39,39,100.0,-2.7985449425916857,0.0015770523125451241,True,True,True,True,39,1,266,0.5480058910713617,0.008771068849886099,266,0.27276786913170753,0.8771068849886091,259,35.423188130919456,117.53622099813995,252,6294.716952048207,20375.38510143475,0,39,39,0.5890506652565579,0.5888835496943532,0.574698608869417,0.6053670064929857,0.5720104964903054,0.6118603464756287
trial_0019_bite_025_transfer,trial_0019_bite_025,trial_0019,transfer,0,HumanGT,39,39,100.0,-2.7985449425916857,0.0,True,True,True,True,39,1,266,0.4244029115799455,0.007480305672378673,266,0.21847688853825403,0.7480305672378667,259,21.084371562509677,70.7230419208925,252,3638.084882498181,12181.659192409097,0,39,39,0.5979661202919052,0.599601562475196,0.5793365390829471,0.611487980412859,0.5771858542500077,0.6140793761985766
trial_0019_bite_025_transfer,trial_0019_bite_025,trial_0019,transfer,1,B0,147,147,100.0,-2.806029343302868,0.0,True,True,True,True,147,1,1022,2.3317589115165953,0.009110448567485108,1022,0.28562086992955094,0.9110448567484898,1015,11.98309056819928,84.14762417661218,1008,1786.6715559234312,11861.96880731541,0,147,147,0.7493545758272177,0.7308837047578596,0.701381275843946,0.8321577730386718,0.6999792516660852,0.8440352745350257
trial_0019_bite_025_transfer,trial_0019_bite_025,trial_0019,transfer,1,B1,147,147,100.0,-2.806029343302868,0.11464884124433627,True,True,True,True,147,1,1022,2.434663855972455,0.009157537482848532,1022,0.29980469610951266,0.9157537482848321,1015,12.200021289053517,85.67133956503949,1008,1816.7899474632445,12096.400397151565,0,147,147,0.7624060295251454,0.744559689182025,0.7206307962295899,0.8339980206729317,0.7197045013457384,0.8440352745350257
trial_0019_bite_025_transfer,trial_0019_bite_025,trial_0019,transfer,1,B2,147,147,100.0,-2.806029343302868,0.06552205445126003,True,True,True,True,147,1,1022,2.2603695318573513,0.00898522679069158,1022,0.27365365005555875,0.8985226790691373,1015,11.788325663297032,81.53401802221425,1008,1764.1367222398371,11349.554667271763,0,147,147,0.7369307684366834,0.7163927709083309,0.6846504845864783,0.829933884660803,0.6824760771496754,0.8440352745350257
trial_0019_bite_025_transfer,trial_0019_bite_025,trial_0019,transfer,1,B3,147,147,100.0,-2.806029343302868,0.05960847704064198,True,True,True,True,147,1,1022,2.426648238820351,0.012215252074025074,1022,0.2951845071393895,1.2215252074025333,1015,17.44760715428134,107.00713788199312,1008,2683.7564586777635,13725.0403551009,0,147,147,0.7405804419611536,0.7199743466973434,0.6899144970716863,0.8307942397254254,0.6873769150485494,0.8440352745350257
trial_0019_bite_025_transfer,trial_0019_bite_025,trial_0019,transfer,1,StrongLocal,147,147,100.0,-2.806029343302868,0.05606017165882671,True,True,True,True,147,1,1022,2.372475751208559,0.01049103516302452,1022,0.28742231874800744,1.0491035163024744,1015,15.806509022301213,98.34144629496643,1008,2512.0211379594152,12851.185330350881,0,147,147,0.7414853162593645,0.7208632540958906,0.6914044486014075,0.830904044369294,0.6891487939179495,0.8440352745350257
trial_0019_bite_025_transfer,trial_0019_bite_025,trial_0019,transfer,1,H_star,147,147,100.0,-2.806029343302868,0.035681180011365665,True,True,True,True,147,1,1022,2.4433281731659307,0.009307178660807658,1022,0.29655024803553787,0.9307178660807442,1015,19.505578882547596,95.10768405041827,1008,3316.1373511078837,17735.116127003603,0,147,147,0.7453483260530205,0.7247118724562096,0.6970932041613088,0.8315113545366775,0.6950129434516343,0.8440352745350257
trial_0019_bite_025_transfer,trial_0019_bite_025,trial_0019,transfer,1,HumanGT,147,147,100.0,-2.806029343302868,0.0,True,True,True,True,147,1,1022,2.3304829994303793,0.009204909715145426,1022,0.2852301027741848,0.9204909715145214,1015,13.451820420086277,82.41025488351002,1008,2077.5284667472265,11603.15826092532,0,147,147,0.7457757569076257,0.7234423736088011,0.6985600850802411,0.8301401221866098,0.696939410718576,0.8440352745350257
trial_0019_bite_025_withdrawal,trial_0019_bite_025,trial_0019,withdrawal,0,B0,108,108,100.0,-2.740260899332092,0.0,True,True,True,True,108,1,749,6.328962863400642,0.051397802590404496,749,1.1900606202654387,5.139780259040459,742,36.92655313145895,241.89458151228706,735,5547.733729971067,43223.72795494379,0,108,108,0.6240583858370328,0.6286908356860992,0.41992631893562843,0.8300033271786952,0.40614209355604514,0.8759028815267857
trial_0019_bite_025_withdrawal,trial_0019_bite_025,trial_0019,withdrawal,0,B1,108,108,100.0,-2.740260899332092,0.09123181373821199,True,True,True,True,108,1,749,6.2729156198311244,0.052163278353624776,749,1.187844905477015,5.216327835362487,742,37.998369494561686,248.69110993368037,735,5726.689543480999,44486.46994390349,0,108,108,0.6251188884727308,0.6288178829574154,0.4195528596111976,0.8340123287360782,0.4057504702152914,0.8829029234464016
trial_0019_bite_025_withdrawal,trial_0019_bite_025,trial_0019,withdrawal,0,B2,108,108,100.0,-2.740260899332092,0.0015481091395632696,True,True,True,True,108,1,749,6.272393194813851,0.051996364260851635,749,1.180285898891387,5.199636426085159,742,38.87843596499372,258.7109711912379,735,5875.63640758209,46218.375368892186,0,108,108,0.6249334231353961,0.6288391006516423,0.41903244296285214,0.8338405518910093,0.4052335557478908,0.8840473052260913
trial_0019_bite_025_withdrawal,trial_0019_bite_025,trial_0019,withdrawal,0,B3,108,108,100.0,-2.740260899332092,0.0005139087490557692,True,True,True,True,108,1,749,6.890927008685665,0.047626173554029094,749,1.2642141658367323,4.762617355402905,742,64.75090229423273,537.7743250974597,735,10471.328523845408,76330.22697494288,0,108,108,0.6247103929305092,0.628836872340429,0.418888652223344,0.8339136123085907,0.40498780447769134,0.8813016507282505
trial_0019_bite_025_withdrawal,trial_0019_bite_025,trial_0019,withdrawal,0,StrongLocal,108,108,100.0,-2.740260899332092,0.0050256255504401715,True,True,True,True,108,1,749,6.574464747338952,0.05072023702408579,749,1.215958746641096,5.072023702408575,742,54.24014843701395,354.3414361525609,735,8798.610729693162,53294.843167973406,0,108,108,0.6247464998222356,0.6288357130657789,0.4191188604257482,0.83370906624631,0.40527478766261504,0.8800949425959939
trial_0019_bite_025_withdrawal,trial_0019_bite_025,trial_0019,withdrawal,0,H_star,108,108,100.0,-2.740260899332092,0.01346768282423172,True,True,True,True,108,1,749,6.806717443848393,0.05270535840363433,749,1.2317133491097276,5.270535840363428,742,64.2446035996391,447.8179422383421,735,10868.687822252854,73247.9020830801,0,108,108,0.6244940739687889,0.6288137336402269,0.4192085360687665,0.8336699590460805,0.4053475555597106,0.8742527358976826
trial_0019_bite_025_withdrawal,trial_0019_bite_025,trial_0019,withdrawal,0,HumanGT,108,108,100.0,-2.740260899332092,0.0,True,True,True,True,108,1,749,6.242188117505801,0.04862119696633194,749,1.1451897915379785,4.8621196966332025,742,38.94868957241164,246.96727904787568,735,5954.178699288666,44590.77683266622,0,108,108,0.6236573727641611,0.6288141647593064,0.41881160057338473,0.8198174526471954,0.4050090299633555,0.867749743131998
trial_0019_bite_026_transfer,trial_0019_bite_026,trial_0019,transfer,0,B0,149,149,100.0,-2.8132614135146397,0.0,True,True,True,True,149,1,1036,4.194125876215893,0.013664670596043038,1036,0.5246381671248308,1.3664670596043027,1029,13.37388613442938,102.23825621140641,1022,2164.442714802598,18513.111291356527,0,149,149,0.7622127247085377,0.7616819787461386,0.6377788187433581,0.861839570926475,0.6306517968153731,0.8793246789081599
trial_0019_bite_026_transfer,trial_0019_bite_026,trial_0019,transfer,0,B1,149,149,100.0,-2.8132614135146397,0.173173074367996,True,True,True,True,149,1,1036,4.488439279693544,0.014497314807404571,1036,0.5578226073949413,1.4497314807404558,1029,13.83329328861526,108.44631400233041,1022,2242.164518522041,19612.83065118863,0,149,149,0.78620815232929,0.7972796989479356,0.6423712302674669,0.8831018432077391,0.6306517968153731,0.9006251778935552
trial_0019_bite_026_transfer,trial_0019_bite_026,trial_0019,transfer,0,B2,149,149,100.0,-2.8132614135146397,0.0015481091395637137,True,True,True,True,149,1,1036,3.830990599969348,0.012769180919768976,1036,0.48023608212145735,1.2769180919768965,1029,12.698927235936026,91.92292640876492,1022,2048.1523239304934,16597.387401623153,0,149,149,0.7235040659939115,0.7092429784783485,0.6330830605351958,0.825140174406269,0.6303064659711044,0.843453230330774
trial_0019_bite_026_transfer,trial_0019_bite_026,trial_0019,transfer,0,B3,149,149,100.0,-2.8132614135146397,0.0005139087490553251,True,True,True,True,149,1,1036,3.9297447899389724,0.013993466414865097,1036,0.49690843157457576,1.3993466414865083,1029,17.598635694666587,121.23603649921044,1022,2816.419306506576,18076.817677216313,0,149,149,0.7174934579879323,0.7093502882043323,0.6145032653377225,0.8212962023161018,0.6098306743047601,0.8372644276521837
trial_0019_bite_026_transfer,trial_0019_bite_026,trial_0019,transfer,0,StrongLocal,149,149,100.0,-2.8132614135146397,0.01706608126519127,True,True,True,True,149,1,1036,3.974765407471102,0.01348572156410821,1036,0.5002300908896289,1.34857215641082,1029,15.8453439846497,102.87149156855229,1022,2538.774897924095,18372.95624560071,0,149,149,0.729094818904856,0.7212489292175972,0.6230097391220806,0.8309349863478477,0.6181129678098651,0.8469089043910629
trial_0019_bite_026_transfer,trial_0019_bite_026,trial_0019,transfer,0,H_star,149,149,100.0,-2.8132614135146397,0.002055406787762948,True,True,True,True,149,1,1036,4.041986142410467,0.015948207565350536,1036,0.5058214066400111,1.5948207565350523,1029,22.597319896206777,138.12702872839645,1022,3749.24938614093,20490.19777537264,0,149,149,0.7199696393019944,0.7158494460574512,0.617337190822162,0.8208130342443446,0.6094812945900392,0.8372720458577603
trial_0019_bite_026_transfer,trial_0019_bite_026,trial_0019,transfer,0,HumanGT,149,149,100.0,-2.8132614135146397,0.0,True,True,True,True,149,1,1036,4.055585839158356,0.012769949461997276,1036,0.4989426511991227,1.2769949461997265,1029,16.865176087853595,101.30395964079035,1022,2853.247399474791,18534.744058617613,0,149,149,0.7468829005852291,0.7401245748576908,0.6410883000775355,0.8396188286953151,0.6306517968153731,0.8551047595291306
trial_0019_bite_026_withdrawal,trial_0019_bite_026,trial_0019,withdrawal,0,B0,120,120,100.0,-2.736428869107475,0.0,True,True,True,True,120,1,833,5.2489867952814,0.026544618071037362,833,0.8849161064499091,2.654461807103734,826,19.279725630183204,138.52242293636803,819,3154.462486491047,23259.855259885644,0,120,120,0.6114259719749593,0.6167316435017414,0.465101850986054,0.8291628614560865,0.462105319536116,0.8483370743530498
trial_0019_bite_026_withdrawal,trial_0019_bite_026,trial_0019,withdrawal,0,B1,120,120,100.0,-2.736428869107475,0.09123181373821154,True,True,True,True,120,1,833,5.182243364446892,0.0269212405222099,833,0.8712959204192442,2.6921240522209877,826,19.751028374313524,142.74963656823246,819,3238.8937069167036,24009.441689266147,0,120,120,0.6515949874079578,0.6317251929281658,0.5413603775105061,0.8331276858039227,0.5382349358512828,0.8546344243104693
trial_0019_bite_026_withdrawal,trial_0019_bite_026,trial_0019,withdrawal,0,B2,120,120,100.0,-2.736428869107475,0.0015481091395628255,True,True,True,True,120,1,833,5.068299386658008,0.02643556069496178,833,0.8445438378935893,2.6435560694961757,826,19.812670753296068,135.74918925074942,819,3240.9816390124724,23019.412371549923,0,120,120,0.6612399041607124,0.6396001640541806,0.5548780758734798,0.8279993112634026,0.5540088115103794,0.8466324866823349
trial_0019_bite_026_withdrawal,trial_0019_bite_026,trial_0019,withdrawal,0,B3,120,120,100.0,-2.736428869107475,0.0005139087490557692,True,True,True,True,120,1,833,5.249437294445142,0.03166571552382336,833,0.8604066767577532,3.166571552382333,826,34.78175112502928,266.3979013186508,819,6083.064699316856,49458.729932358576,0,120,120,0.6682317067506897,0.6465603230788,0.5584268966102465,0.8247617012202122,0.5559106349099894,0.8451324119295474
trial_0019_bite_026_withdrawal,trial_0019_bite_026,trial_0019,withdrawal,0,StrongLocal,120,120,100.0,-2.736428869107475,0.007518522528447313,True,True,True,True,120,1,833,5.159346749722587,0.029469022789039515,833,0.8491840344440312,2.946902278903949,826,29.46440631455267,218.77657184065941,819,5115.528772845344,39076.62605972243,0,120,120,0.6738288251713094,0.6510441725602922,0.5724048988031452,0.826838740746669,0.5699240256375528,0.846372564061352
trial_0019_bite_026_withdrawal,trial_0019_bite_026,trial_0019,withdrawal,0,H_star,120,120,100.0,-2.736428869107475,0.015274387771447184,True,True,True,True,120,1,833,5.161616684131888,0.03347484283496138,833,0.8545238812903626,3.347484283496135,826,36.34087153851993,284.4264923785839,819,6239.442804276052,47839.838292827124,0,120,120,0.6796996685530454,0.655670031948409,0.58696368136976,0.8261807315763473,0.58302358618411,0.8452393684009967
trial_0019_bite_026_withdrawal,trial_0019_bite_026,trial_0019,withdrawal,0,HumanGT,120,120,100.0,-2.736428869107475,0.0,True,True,True,True,120,1,833,4.658535816483219,0.024314215415652818,833,0.7610679234559077,2.4314215415652796,826,24.86692433166522,156.30453478743348,819,4127.942107408113,27025.9051033391,0,120,120,0.7906490552917059,0.8122585264986926,0.6359129354291948,0.8898221518933059,0.6264440375002294,0.9078602532068745
trial_0020_bite_001_transfer,trial_0020_bite_001,trial_0020,transfer,0,B0,126,126,100.0,-2.8328367575221365,0.0,True,True,True,True,126,1,875,3.5476923857814016,0.01886685274840305,875,0.5307684659241768,1.8866852748403034,868,19.666571777400975,78.17471830760411,861,2321.7074748909777,12979.304534756548,0,126,126,0.3237227540317023,0.35499506878550924,0.09409108513606473,0.5240264612351083,0.08595071696901702,0.5410950408653021
trial_0020_bite_001_transfer,trial_0020_bite_001,trial_0020,transfer,0,B1,126,126,100.0,-2.8328367575221365,0.13806180816095237,True,True,True,True,126,1,875,3.7236762328929682,0.019768093316637092,875,0.5578856973870346,1.9768093316637074,868,19.263834832900635,78.13574229618578,861,2277.7103195645914,12864.18309393728,0,126,126,0.34256051046746183,0.3744307251627872,0.10042832870966084,0.5596371464971177,0.09176946767347482,0.5695853555772672
trial_0020_bite_001_transfer,trial_0020_bite_001,trial_0020,transfer,0,B2,126,126,100.0,-2.8328367575221365,0.0017112766087565845,True,True,True,True,126,1,875,3.31611311086962,0.017950272107720044,875,0.4899603004749614,1.795027210772003,868,20.083247328264196,78.51781250068247,861,2364.2214945271276,13363.995218407643,0,126,126,0.28872560349741316,0.3131723881496131,0.08095882142841737,0.4696946713859332,0.07518677653651684,0.48495800380788023
trial_0020_bite_001_transfer,trial_0020_bite_001,trial_0020,transfer,0,B3,126,126,100.0,-2.8328367575221365,0.0035838344313177117,True,True,True,True,126,1,875,3.552257209955721,0.02311316863542312,875,0.5335603057660272,2.311316863542312,868,25.09481520741145,124.63191679180211,861,2992.768866149556,17461.406881703417,0,126,126,0.2845717575796016,0.3084330965770601,0.0710929214207674,0.46975985461746417,0.06516332606054398,0.4854007489491863
trial_0020_bite_001_transfer,trial_0020_bite_001,trial_0020,transfer,0,StrongLocal,126,126,100.0,-2.8328367575221365,0.03447750675468164,True,True,True,True,126,1,875,3.4404471914831856,0.019069575481907686,875,0.5111050994176046,1.9069575481907686,868,23.39832551993157,100.06837107406251,861,2888.861240161213,14177.215181921018,0,126,126,0.29642990142537395,0.3194013902731514,0.08061611744349073,0.4880783452470927,0.07396496291047283,0.5050141529972858
trial_0020_bite_001_transfer,trial_0020_bite_001,trial_0020,transfer,0,H_star,126,126,100.0,-2.8328367575221365,0.015556927368700624,True,True,True,True,126,1,875,3.2808745075321086,0.021969587564591997,875,0.4783990206273071,2.196958756459198,868,29.130201820831342,253.89700686456735,861,4537.921766626912,45790.742656562456,0,126,126,0.27937069007491794,0.29098641328207353,0.0793878313216031,0.47174102681551405,0.07390006793473569,0.4866296526913607
trial_0020_bite_001_transfer,trial_0020_bite_001,trial_0020,transfer,0,HumanGT,126,126,100.0,-2.8328367575221365,0.0,True,True,True,True,126,1,875,3.253893911831991,0.017551904626310844,875,0.4732285360166836,1.7551904626310844,868,25.172010683266,117.25355908429803,861,3574.466075540015,15837.341678645214,0,126,126,0.25240379427945087,0.2654475069030906,0.06652855921217649,0.4240739206022089,0.0629022346906476,0.4375450111950083
trial_0020_bite_001_withdrawal,trial_0020_bite_001,trial_0020,withdrawal,0,B0,96,96,100.0,-2.5634096581218455,0.0,True,True,True,True,96,1,665,4.84090886421992,0.030688381224625694,665,0.9495697448875571,3.0688381224625667,658,44.73399803799546,266.85761825579084,651,5282.363005616523,30890.81701808718,0,96,96,0.3693138890066064,0.3554024993654923,0.15953288240438868,0.6148184045144116,0.15097131274709952,0.6238696295290218
trial_0020_bite_001_withdrawal,trial_0020_bite_001,trial_0020,withdrawal,0,B1,96,96,100.0,-2.5634096581218455,0.06385547560343863,True,True,True,True,96,1,665,4.760863968494827,0.0303959559852518,665,0.9337845182947359,3.0395955985251772,658,45.26511989995333,267.1251767293543,651,5350.9221768980215,30922.56885182368,0,96,96,0.39939724070852084,0.3917506033300535,0.20158149619197285,0.6197971071820609,0.19468356344933824,0.6295042772754753
trial_0020_bite_001_withdrawal,trial_0020_bite_001,trial_0020,withdrawal,0,B2,96,96,100.0,-2.5634096581218455,0.0017112766087574727,True,True,True,True,96,1,665,4.6273592767927605,0.030321818089686484,665,0.9166513768750181,3.032181808968646,658,45.95110568074198,267.2547098898632,651,5427.288040393889,30939.38515503406,0,96,96,0.4168171641437426,0.42275521013157036,0.22841726321280875,0.616532550580347,0.2227064820785456,0.6253674498435702
trial_0020_bite_001_withdrawal,trial_0020_bite_001,trial_0020,withdrawal,0,B3,96,96,100.0,-2.5634096581218455,0.003583834431318156,True,True,True,True,96,1,665,5.26769618006278,0.03032016673838278,665,1.0264300067113121,3.0320166738382754,658,64.4680391046068,270.4472345224413,651,8376.767894433056,39814.218865299765,0,96,96,0.42780634527858413,0.4543897168776838,0.22618218970792325,0.6182745814356889,0.21148961194771676,0.624877123408
trial_0020_bite_001_withdrawal,trial_0020_bite_001,trial_0020,withdrawal,0,StrongLocal,96,96,100.0,-2.5634096581218455,0.0064067586368650176,True,True,True,True,96,1,665,4.937904929373569,0.030458168273697073,665,0.9582660100223668,3.0458168273697046,658,54.13447809765676,267.483509621504,651,6696.092370804939,30934.61993841277,0,96,96,0.44100174105643397,0.4608618318651345,0.2519231573740004,0.62375404989863,0.24232179054674408,0.629648204973889
trial_0020_bite_001_withdrawal,trial_0020_bite_001,trial_0020,withdrawal,0,H_star,96,96,100.0,-2.5634096581218455,0.015294992054535772,True,True,True,True,96,1,665,4.6783608383858954,0.030320663860861963,665,0.92184652121082,3.0320663860861936,658,58.301906316799275,267.1676454647094,651,8246.616039631102,34259.01293842828,0,96,96,0.44283547379244004,0.4512730040792099,0.2789291256679194,0.6151748099632577,0.26706514425918915,0.6259338424400669
trial_0020_bite_001_withdrawal,trial_0020_bite_001,trial_0020,withdrawal,0,HumanGT,96,96,100.0,-2.5634096581218455,0.0,True,True,True,True,96,1,665,4.592506254080812,0.030957364846659452,665,0.9126278757407247,3.0957364846659425,658,49.1086434177941,267.44527461476105,651,5971.322560951255,30961.87011648235,0,96,96,0.5071094780041602,0.572512851748892,0.3540820041573114,0.6266729574152732,0.34662936273141387,0.6287279072847252
trial_0020_bite_002_transfer,trial_0020_bite_002,trial_0020,transfer,0,B0,165,165,100.0,-2.88091284230733,0.0,True,True,True,True,165,1,1148,4.282370223700141,0.020873368187452446,1148,0.5007140643855817,2.0873368187452455,1141,14.539789106943854,63.14280234852375,1134,1517.0019972701164,7230.473993068556,0,165,165,0.32799506552565766,0.3458999975760113,0.07320189747941779,0.5039630407623937,0.056434705275686614,0.5159770809669628
trial_0020_bite_002_transfer,trial_0020_bite_002,trial_0020,transfer,0,B1,165,165,100.0,-2.88091284230733,0.13806180816095281,True,True,True,True,165,1,1148,4.3928687410229,0.02086886615152128,1148,0.5137572055900428,2.086886615152129,1141,14.407908406009705,63.14554986761157,1134,1504.6307281890272,7233.736625927552,0,165,165,0.3479163654399232,0.3675409590210341,0.08323577008460026,0.5393399249620071,0.06591582552326791,0.5528265268600903
trial_0020_bite_002_transfer,trial_0020_bite_002,trial_0020,transfer,0,B2,165,165,100.0,-2.88091284230733,0.0017112766087570286,True,True,True,True,165,1,1148,4.134624872610214,0.02087971632649133,1148,0.4768044524711651,2.087971632649134,1141,14.774474534741332,63.1658560523053,1134,1566.0268786524855,7223.419766287181,0,165,165,0.2900466320394753,0.30400778469855116,0.0547349738412966,0.4470765607737023,0.04144013650084899,0.45818014878916324
trial_0020_bite_002_transfer,trial_0020_bite_002,trial_0020,transfer,0,B3,165,165,100.0,-2.88091284230733,0.003583834431318156,True,True,True,True,165,1,1148,4.252222047082963,0.02088635152216511,1148,0.48797877884244073,2.0886351522165123,1141,18.009616474195937,118.66666534680519,1134,2272.088920710773,17405.196354057003,0,165,165,0.288878083625855,0.3027937993495162,0.04661764539868667,0.45103914428210806,0.036108223140553175,0.4619660561737453
trial_0020_bite_002_transfer,trial_0020_bite_002,trial_0020,transfer,0,StrongLocal,165,165,100.0,-2.88091284230733,0.027872449134549004,True,True,True,True,165,1,1148,4.159379537597058,0.020872142119283232,1148,0.4795177435577777,2.087214211928324,1141,16.135714924106193,87.33844543648213,1134,1883.7690095057205,7960.553791225266,0,165,165,0.3019663912398386,0.3118859605898472,0.059155174033875206,0.4710551888975319,0.04624970789024907,0.48261441041881503
trial_0020_bite_002_transfer,trial_0020_bite_002,trial_0020,transfer,0,H_star,165,165,100.0,-2.88091284230733,0.0009559329337220923,True,True,True,True,165,1,1148,4.226142957359366,0.02387674717537558,1148,0.4929822971680339,2.3876747175375557,1141,23.197891135248387,204.6402720718272,1134,3444.739218683111,33860.974121701205,0,165,165,0.2918150432438285,0.29769668843085717,0.051773873754297116,0.47160555774438645,0.03860924998519932,0.4843680196040465
trial_0020_bite_002_transfer,trial_0020_bite_002,trial_0020,transfer,0,HumanGT,165,165,100.0,-2.88091284230733,0.0,True,True,True,True,165,1,1148,3.9797999362405703,0.020877114605220903,1148,0.45192303563818415,2.0877114605220912,1141,16.214268880362983,70.1179426440389,1134,1939.9131331094964,8651.500525539845,0,165,165,0.2653313556669078,0.28392181839391073,0.0575962675507057,0.40394087901947817,0.04711400481709482,0.41391024158949263
trial_0020_bite_002_withdrawal,trial_0020_bite_002,trial_0020,withdrawal,0,B0,113,113,100.0,-2.618492503777259,0.0,True,True,True,True,113,1,784,15.890412127516896,3.1063806728538865,784,17.932007571052004,310.6380672853884,777,2547.8320614663085,31087.55725746973,770,443390.16013969923,6217485.470582408,1,113,113,0.35387996852065007,0.4678982020471174,0.01586280280612895,0.636352225538581,0.009977752858944644,0.6402874412903106
trial_0020_bite_002_withdrawal,trial_0020_bite_002,trial_0020,withdrawal,0,B1,113,113,100.0,-2.618492503777259,0.06385547560343774,True,True,True,True,113,1,784,24.150761999561894,3.1245743799203525,784,25.070284562486968,312.45743799203495,777,3201.1770021069324,31434.880472906458,770,534164.8989117559,6283755.13347105,2,113,113,0.37022057558235316,0.5128784630967542,0.009671547160863804,0.6612839026921941,0.003177934588071807,0.6667048505505471
trial_0020_bite_002_withdrawal,trial_0020_bite_002,trial_0020,withdrawal,0,B2,113,113,100.0,-2.618492503777259,0.0017112766087570286,True,True,True,True,113,1,784,6.85181818212018,0.0499579761491864,784,1.2832861892141256,4.995797614918636,777,37.15079809168947,224.216877694476,770,4830.187266927503,41134.54021642882,0,113,113,0.409336127081773,0.5953043126041235,0.021763463039534338,0.6891044861198147,0.015704168087902648,0.7074225028327543
trial_0020_bite_002_withdrawal,trial_0020_bite_002,trial_0020,withdrawal,0,B3,113,113,100.0,-2.618492503777259,0.003583834431318156,True,True,True,True,113,1,784,7.216344785426646,0.054478177690870266,784,1.3373678350725051,5.447817769087022,777,50.732410160967476,421.9200278331085,770,7771.391701708135,64530.30680384347,0,113,113,0.4195976948294675,0.598860219623591,0.01572998194620805,0.7330815680887164,0.014315871638725497,0.753846263870052
trial_0020_bite_002_withdrawal,trial_0020_bite_002,trial_0020,withdrawal,0,StrongLocal,113,113,100.0,-2.618492503777259,0.006089449426785798,True,True,True,True,113,1,784,7.1424738749350976,0.05706432772196646,784,1.334984986740267,5.70643277219664,777,52.15100552205812,464.39867229731396,770,8110.261866046018,74052.5103351544,0,113,113,0.4259666225334403,0.6001875699320458,0.021130790274386513,0.7378657745835979,0.017736837271419947,0.7632646262549057
trial_0020_bite_002_withdrawal,trial_0020_bite_002,trial_0020,withdrawal,0,H_star,113,113,100.0,-2.618492503777259,0.01786318722901825,True,True,True,True,113,1,784,7.350333918713238,0.0518674718373382,784,1.3514066531475362,5.186747183733815,777,50.28468454433402,366.31536494968464,770,7231.700305171862,57309.273734209426,0,113,113,0.4223927987274295,0.5994509824283514,0.018860062528098354,0.7271132310853256,0.013946544975067976,0.7516833205722238
trial_0020_bite_002_withdrawal,trial_0020_bite_002,trial_0020,withdrawal,0,HumanGT,113,113,100.0,-2.618492503777259,0.0,True,True,True,True,113,1,784,7.435728803440805,0.05417531377744367,784,1.3412918118531574,5.417531377744362,777,41.29942085649656,256.5197792964597,770,5587.844945272015,48335.47300088391,0,113,113,0.513350251579127,0.6096412855907891,0.1368864617987086,0.827406814199245,0.12397818219756473,0.8805109398808457
trial_0020_bite_003_transfer,trial_0020_bite_003,trial_0020,transfer,0,B0,120,120,100.0,-2.896343846356786,0.0,True,True,True,True,120,1,833,3.532217457763184,0.01807445956981968,833,0.5674816299434375,1.8074459569819674,826,11.896844537719334,90.89381327607619,819,1555.8650096320519,10887.816453140511,0,120,120,0.458333396950278,0.5274948650850547,0.14300806899620952,0.6533636440812949,0.11135072557922321,0.6640172249987224
trial_0020_bite_003_transfer,trial_0020_bite_003,trial_0020,transfer,0,B1,120,120,100.0,-2.896343846356786,0.13806180816095281,True,True,True,True,120,1,833,3.769763877899093,0.019022438147101587,833,0.5995258684100336,1.9022438147101584,826,11.92880514223747,90.89939951862918,819,1559.7356488416196,10889.403170357684,0,120,120,0.4794635969738396,0.5504662865754902,0.1452937609959139,0.6913243075840148,0.11135072557922321,0.693682092466152
trial_0020_bite_003_transfer,trial_0020_bite_003,trial_0020,transfer,0,B2,120,120,100.0,-2.896343846356786,0.0017112766087570286,True,True,True,True,120,1,833,3.2699569744718717,0.016723200864465326,833,0.5198123476579138,1.6723200864465324,826,11.834233313974908,90.96609622917921,819,1585.01267225189,10899.515182826826,0,120,120,0.4216266426198784,0.48270213348184254,0.1403596951927283,0.6016636352675385,0.11135072557922321,0.6116536250363922
trial_0020_bite_003_transfer,trial_0020_bite_003,trial_0020,transfer,0,B3,120,120,100.0,-2.896343846356786,0.003583834431318156,True,True,True,True,120,1,833,3.3699249658726513,0.017140239070647434,833,0.5347085660515185,1.7140239070647432,826,19.516814219859242,222.3582301239868,819,2488.0936826953052,17384.932520545735,0,120,120,0.4170570658093458,0.47966473942601484,0.12948979876027958,0.6031585727286812,0.10464724450246887,0.6121551676981634
trial_0020_bite_003_transfer,trial_0020_bite_003,trial_0020,transfer,0,StrongLocal,120,120,100.0,-2.896343846356786,0.03038530875335166,True,True,True,True,120,1,833,3.354072175397625,0.017497562903303177,833,0.5336320553557572,1.7497562903303172,826,15.74619762780663,108.07868685023479,819,2230.679081252374,12918.716578075726,0,120,120,0.4297212790614914,0.4913417126665729,0.13474858367472195,0.6235203207416646,0.10905186829331326,0.6341497388705679
trial_0020_bite_003_transfer,trial_0020_bite_003,trial_0020,transfer,0,H_star,120,120,100.0,-2.896343846356786,0.00856533314488539,True,True,True,True,120,1,833,3.3317903592805767,0.01649545366326821,833,0.5203903597665521,1.6495453663268196,826,21.26437371310173,158.8018499739707,819,3495.686481411247,27733.546882642535,0,120,120,0.41409984646091974,0.4651047464513538,0.1370646018305458,0.6176401485775899,0.11135072557922321,0.630710199017563
trial_0020_bite_003_transfer,trial_0020_bite_003,trial_0020,transfer,0,HumanGT,120,120,100.0,-2.896343846356786,0.0,True,True,True,True,120,1,833,3.1547105296852984,0.017710369409391635,833,0.4988235253602621,1.771036940939163,826,13.328120594212518,91.01778110885755,819,1854.3663679944375,10901.632900230488,0,120,120,0.39728020707083217,0.44474498457077394,0.14263947125427714,0.5803282274807516,0.11135072557922321,0.5925113138801621
trial_0020_bite_003_withdrawal,trial_0020_bite_003,trial_0020,withdrawal,0,B0,76,76,100.0,-2.742518577669315,0.0,True,True,True,True,76,1,525,6.486598256423597,0.06839169722490546,525,1.870587524236607,6.8391697224905394,518,55.28998415457072,326.5605185486236,511,6559.938673239932,48259.29199837228,0,76,76,0.5868278101580978,0.6943735338903925,0.15250209778424884,0.8456042497279903,0.1318943854492698,0.8612970977970642
trial_0020_bite_003_withdrawal,trial_0020_bite_003,trial_0020,withdrawal,0,B1,76,76,100.0,-2.742518577669315,0.06385547560343774,True,True,True,True,76,1,525,6.520769065280554,0.06705431247153193,525,1.8562507723863966,6.705431247153187,518,56.284744645996106,341.53336304546696,511,6699.519058135156,50371.543228117625,0,76,76,0.6114576128301571,0.6987302696483044,0.17893521595784145,0.8890824779495303,0.1519346480262591,0.9043927830964451
trial_0020_bite_003_withdrawal,trial_0020_bite_003,trial_0020,withdrawal,0,B2,76,76,100.0,-2.742518577669315,0.0017112766087570286,True,True,True,True,76,1,525,6.207571057755958,0.0643301241250418,525,1.7479257854880428,6.4330124125041745,518,56.207683395543654,350.18578922805625,511,6821.642144183666,52199.78177695492,0,76,76,0.6341534456796121,0.6940899425769418,0.25257134208992826,0.8905537697950818,0.21460294062016683,0.907889123103164
trial_0020_bite_003_withdrawal,trial_0020_bite_003,trial_0020,withdrawal,0,B3,76,76,100.0,-2.742518577669315,0.0035838344313177117,True,True,True,True,76,1,525,6.885882234341809,0.06381715657829634,525,1.875411500427738,6.381715657829629,518,79.37503573008773,561.4975244973842,511,10911.56884044092,92290.41040643591,0,76,76,0.6379512307866589,0.6928912623095846,0.2563472495376118,0.9103929838959417,0.20673998639640434,0.9401551914017219
trial_0020_bite_003_withdrawal,trial_0020_bite_003,trial_0020,withdrawal,0,StrongLocal,76,76,100.0,-2.742518577669315,0.004292789137717801,True,True,True,True,76,1,525,6.791902349865765,0.06867904851380313,525,1.8577358562038064,6.867904851380307,518,85.0297663373377,673.8842566109225,511,12560.500952299652,111303.95768516324,0,76,76,0.6436276594220958,0.695041210989094,0.26320912607543523,0.9196200748193261,0.2165826011076657,0.9545997068391436
trial_0020_bite_003_withdrawal,trial_0020_bite_003,trial_0020,withdrawal,0,H_star,76,76,100.0,-2.742518577669315,0.01981782522434017,True,True,True,True,76,1,525,6.477962178835419,0.06551517091499015,525,1.801520551243944,6.551517091499009,518,80.84650334122618,538.3579799773742,511,12109.7029923547,100607.37015807825,0,76,76,0.6387431433022549,0.6932171948325352,0.26347839490141034,0.9019997342439199,0.2272807753043189,0.9264916649949937
trial_0020_bite_003_withdrawal,trial_0020_bite_003,trial_0020,withdrawal,0,HumanGT,76,76,100.0,-2.742518577669315,0.0,True,True,True,True,76,1,525,6.92674141734792,0.06782766601776746,525,1.8964039257483765,6.78276660177674,518,64.15589145616879,397.6727784961824,511,8060.704574469416,57149.05750481177,0,76,76,0.6709710307352349,0.6931935615334375,0.33987016424998706,0.9590426441629761,0.2886449206077266,1.0019944555756037
trial_0020_bite_004_transfer,trial_0020_bite_004,trial_0020,transfer,0,B0,151,151,100.0,-2.7880712746427596,0.0,True,True,True,True,151,1,1050,4.171286864883531,0.023368790082829438,1050,0.5432289602789822,2.3368790082829483,1043,15.644029646479934,86.14424431375905,1036,2132.8782201179597,11926.790876187146,0,151,151,0.5027341450006055,0.5620338742623516,0.12808171165448268,0.7610481834311735,0.11276889326128559,0.7686760202833716
trial_0020_bite_004_transfer,trial_0020_bite_004,trial_0020,transfer,0,B1,151,151,100.0,-2.7880712746427596,0.13806180816095326,True,True,True,True,151,1,1050,4.36014312876905,0.023944408482565963,1050,0.5652640637809109,2.394440848256601,1043,15.70845943239928,86.16207333824693,1036,2143.2281321976943,11928.194362174569,0,151,151,0.52480933137486,0.5887609225864803,0.12877507154697687,0.7935405835539564,0.11699884679203887,0.8037217593628103
trial_0020_bite_004_transfer,trial_0020_bite_004,trial_0020,transfer,0,B2,151,151,100.0,-2.7880712746427596,0.0017112766087565845,True,True,True,True,151,1,1050,3.863769045149097,0.020648071012895564,1050,0.4969618015233349,2.0648071012895546,1043,15.539881873254751,86.09586656377526,1036,2147.56204240203,11926.955800265985,0,151,151,0.4502908807821405,0.49450426516105184,0.12554287296258893,0.7001773771961894,0.10461094196593712,0.7045194011552685
trial_0020_bite_004_transfer,trial_0020_bite_004,trial_0020,transfer,0,B3,151,151,100.0,-2.7880712746427596,0.0035838344313172676,True,True,True,True,151,1,1050,3.962481649384121,0.021702863849640375,1050,0.508207840382092,2.1702863849640415,1043,18.467889252208987,141.76006597359515,1036,2457.9757370588814,15969.266692788156,0,151,151,0.443274858478397,0.4920865688973084,0.11509752243461158,0.6999343120063606,0.09309828017802158,0.7031859775422191
trial_0020_bite_004_transfer,trial_0020_bite_004,trial_0020,transfer,0,StrongLocal,151,151,100.0,-2.7880712746427596,0.029044787263014182,True,True,True,True,151,1,1050,3.992559481223501,0.021959106622088775,1050,0.5102632872911385,2.1959106622088815,1043,18.299440950426714,100.73723159045755,1036,2576.550618105683,13605.517869651208,0,151,151,0.4573920960606847,0.5054564873996346,0.12037699583780581,0.7163816658697133,0.10068090449375044,0.7227767000049887
trial_0020_bite_004_transfer,trial_0020_bite_004,trial_0020,transfer,0,H_star,151,151,100.0,-2.7880712746427596,0.004808259437632856,True,True,True,True,151,1,1050,3.9792187614459325,0.022359900311883063,1050,0.5090017196568022,2.2359900311883045,1043,25.191187858513455,200.06223056083536,1036,3989.309549453401,37875.03617004926,0,151,151,0.43453043586122614,0.46065433029289293,0.11369335852247375,0.7078378793154987,0.09541180192416121,0.7155572897751892
trial_0020_bite_004_transfer,trial_0020_bite_004,trial_0020,transfer,0,HumanGT,151,151,100.0,-2.7880712746427596,0.0,True,True,True,True,151,1,1050,3.7025943323843853,0.020617352225297036,1050,0.4714247521671901,2.061735222529702,1043,16.086319517685727,86.04227207233485,1036,2275.9241071509423,12463.217011705798,0,151,151,0.41637250502224954,0.44031065234929523,0.11871099597695656,0.6853313752044836,0.0999571000700743,0.694715283341143
trial_0020_bite_004_withdrawal,trial_0020_bite_004,trial_0020,withdrawal,0,B0,97,97,100.0,-2.603634834750477,0.0,True,True,True,True,97,1,672,5.957181500260853,0.05534487555344648,672,1.4635819433054869,5.534487555344643,665,32.51461840082687,203.69792538684058,658,4309.040028579645,26982.148179155374,0,97,97,0.44530635064153684,0.39072863733190744,0.14185465525529928,0.8009154108015292,0.13675980317870273,0.8096022936618983
trial_0020_bite_004_withdrawal,trial_0020_bite_004,trial_0020,withdrawal,0,B1,97,97,100.0,-2.603634834750477,0.06385547560343774,True,True,True,True,97,1,672,5.8751074729056825,0.05611941950812405,672,1.4390246888200031,5.611941950812399,665,32.86863724661514,206.2563436881067,658,4364.784334978945,27627.62202830508,0,97,97,0.46349247207052774,0.42700481652951083,0.1557251354199451,0.8264626802324642,0.1514542861870769,0.8340447819993209
trial_0020_bite_004_withdrawal,trial_0020_bite_004,trial_0020,withdrawal,0,B2,97,97,100.0,-2.603634834750477,0.0017112766087570286,True,True,True,True,97,1,672,5.400367494967522,0.05524180905721021,672,1.3089550108914363,5.524180905721016,665,33.28172125848319,204.51541541979665,658,4445.700789016078,27913.504657293513,0,97,97,0.5031041591159098,0.5142027896399135,0.21930918993703763,0.8285406559487317,0.21828875078812615,0.8326234554225511
trial_0020_bite_004_withdrawal,trial_0020_bite_004,trial_0020,withdrawal,0,B3,97,97,100.0,-2.603634834750477,0.0035838344313177117,True,True,True,True,97,1,672,5.87478885250364,0.05845891822790428,672,1.3691846676030857,5.845891822790422,665,47.33695317279927,336.81124578027465,658,7514.584021268705,63508.20418370215,0,97,97,0.5117322472516507,0.5711711875910463,0.2122676564512222,0.8505147763344701,0.21064180959083778,0.8652683257984695
trial_0020_bite_004_withdrawal,trial_0020_bite_004,trial_0020,withdrawal,0,StrongLocal,97,97,100.0,-2.603634834750477,0.001468682073065164,True,True,True,True,97,1,672,5.806963177499806,0.05934482224697035,672,1.367249734340054,5.93448222469703,665,59.55875036204014,473.7002294281638,658,10395.570101945958,92936.05496232865,0,97,97,0.5135971492980238,0.5618377024121299,0.21623052190581404,0.8524784870506881,0.21515021307764304,0.8619910784044515
trial_0020_bite_004_withdrawal,trial_0020_bite_004,trial_0020,withdrawal,0,H_star,97,97,100.0,-2.603634834750477,0.023789438982370292,True,True,True,True,97,1,672,5.837635607674627,0.05303918927395035,672,1.3572964625792525,5.3039189273950305,665,67.47064982452093,577.5895301563862,658,11569.110081611825,102875.91161678254,0,97,97,0.5062142303005773,0.5336491020893197,0.22136463711319684,0.817273762952584,0.2151488730167106,0.8307927455758719
trial_0020_bite_004_withdrawal,trial_0020_bite_004,trial_0020,withdrawal,0,HumanGT,97,97,100.0,-2.603634834750477,0.0,True,True,True,True,97,1,672,5.682476600473385,0.057484348567734316,672,1.3460711455102237,5.748434856773426,665,35.8736551284397,209.8125294995153,658,4762.087873448471,30509.533237884774,0,97,97,0.5701005493499884,0.6592106956059061,0.30902602189118794,0.9143308820074528,0.3066812747623624,0.9514289986097602
trial_0020_bite_005_transfer,trial_0020_bite_005,trial_0020,transfer,0,B0,148,148,100.0,-2.776950915898276,0.0,True,True,True,True,148,1,1029,4.112875745951368,0.02590373194758655,1029,0.5053103271342416,2.590373194758653,1022,16.08104836881762,224.85310092735983,1015,2414.325497448991,43825.24076365246,0,148,148,0.3671269234727543,0.33442927291078917,0.15856382681021403,0.6427398681103831,0.15302583844120754,0.6463979207673392
trial_0020_bite_005_transfer,trial_0020_bite_005,trial_0020,transfer,0,B1,148,148,100.0,-2.776950915898276,0.13806180816095237,True,True,True,True,148,1,1029,4.276014180683441,0.026451626811775597,1029,0.5254975328221192,2.6451626811775575,1022,16.206120772188534,228.35602164974452,1015,2436.809041730189,44463.12128807938,0,148,148,0.3914827689286936,0.36182250366522517,0.16959111887863404,0.6760831289043213,0.16838791433139733,0.679283611615733
trial_0020_bite_005_transfer,trial_0020_bite_005,trial_0020,transfer,0,B2,148,148,100.0,-2.776950915898276,0.0017112766087570286,True,True,True,True,148,1,1029,3.893642102091299,0.022350663029166995,1029,0.4746213843548701,2.2350663029166977,1022,15.541694033429993,191.33045721866327,1015,2326.443126561216,37342.096388172664,0,148,148,0.3262128539266839,0.2877672319962019,0.14269330090668234,0.576628169872271,0.13031696752870214,0.5933047467393662
trial_0020_bite_005_transfer,trial_0020_bite_005,trial_0020,transfer,0,B3,148,148,100.0,-2.776950915898276,0.0035838344313177117,True,True,True,True,148,1,1029,3.9709726987155873,0.02641456822262178,1029,0.48528533392581163,2.641456822262176,1022,18.95382281758329,271.0797362594692,1015,2991.803116241109,48594.05874557408,0,148,148,0.322204516036295,0.2778756863085041,0.1326967801601619,0.5786229688398224,0.12297478138015983,0.5945835694260504
trial_0020_bite_005_transfer,trial_0020_bite_005,trial_0020,transfer,0,StrongLocal,148,148,100.0,-2.776950915898276,0.028883752460331813,True,True,True,True,148,1,1029,4.030950326576259,0.01778196592397041,1029,0.49056389257745,1.7781965923970395,1022,20.43172181590183,236.11049160102218,1015,3332.7564146300683,39820.11912522998,0,148,148,0.33897220693138036,0.2982780131753402,0.14595420317929703,0.604395760366842,0.13737776061166507,0.6140473398885469
trial_0020_bite_005_transfer,trial_0020_bite_005,trial_0020,transfer,0,H_star,148,148,100.0,-2.776950915898276,0.002783795271710243,True,True,True,True,148,1,1029,4.1688309892815765,0.02369218915670057,1029,0.5149078155803681,2.369218915670055,1022,31.946163509221048,406.6974769967084,1015,5477.390255011593,63214.85219707529,0,148,148,0.3246864773809627,0.2816094869032453,0.13229460288699468,0.5961271824550496,0.11906248761062077,0.6104228677320425
trial_0020_bite_005_transfer,trial_0020_bite_005,trial_0020,transfer,0,HumanGT,148,148,100.0,-2.776950915898276,0.0,True,True,True,True,148,1,1029,3.8616580255287927,0.02398783609855215,1029,0.47247945064407465,2.398783609855213,1022,16.98915429160932,209.9698296561577,1015,2573.2866805233293,40605.368062595626,0,148,148,0.3248495183926383,0.2767096332032488,0.14212658328917005,0.5881292359331547,0.1270552591553571,0.6035138435845813
trial_0020_bite_005_withdrawal,trial_0020_bite_005,trial_0020,withdrawal,0,B0,104,104,100.0,-2.6695698949637237,0.0,True,True,True,True,104,1,721,6.650666814389472,0.07100979164077348,721,1.4944296272026198,7.100979164077342,714,31.591045434633653,216.02755447673835,707,3151.8179283248496,24396.634069419877,0,104,104,0.5848492293378089,0.7230980753902232,0.17959625089961967,0.8732629426801457,0.1766109479624971,0.8782030518261479
trial_0020_bite_005_withdrawal,trial_0020_bite_005,trial_0020,withdrawal,0,B1,104,104,100.0,-2.6695698949637237,0.0638554756034373,True,True,True,True,104,1,721,6.581792296196645,0.06981825295993538,721,1.477821905580633,6.981825295993532,714,31.978683621852323,217.10924942497786,707,3184.132757130925,24586.631989176254,0,104,104,0.6048462729775861,0.7266194999939026,0.1924657887290009,0.9013674725843683,0.18830084676835135,0.9060910852735073
trial_0020_bite_005_withdrawal,trial_0020_bite_005,trial_0020,withdrawal,0,B2,104,104,100.0,-2.6695698949637237,0.0017112766087565845,True,True,True,True,104,1,721,6.2048926036887195,0.0658191640518595,721,1.3646117173750105,6.581916405185944,714,31.997868602786646,217.82188305569736,707,3225.7146755261333,24900.986173405683,0,104,104,0.6220682758741082,0.7211634388314629,0.2490711469786636,0.877016822833969,0.23729048578724043,0.88134354116829
trial_0020_bite_005_withdrawal,trial_0020_bite_005,trial_0020,withdrawal,0,B3,104,104,100.0,-2.6695698949637237,0.0035838344313172676,True,True,True,True,104,1,721,6.840225247687446,0.06452537423286397,721,1.4566115250533773,6.452537423286392,714,48.94197184776066,264.9619022568701,707,6618.747203094483,49297.42854449812,0,104,104,0.6237310917386878,0.7162849245285714,0.2430145546959345,0.879382151824456,0.23150375601599826,0.8949683012416543
trial_0020_bite_005_withdrawal,trial_0020_bite_005,trial_0020,withdrawal,0,StrongLocal,104,104,100.0,-2.6695698949637237,0.004420042416662717,True,True,True,True,104,1,721,6.646789583508065,0.0650552039304424,721,1.4349096099002507,6.505520393044233,714,43.322129911145495,266.94855763765577,707,5487.030005870454,34432.61318060688,0,104,104,0.6294453265108492,0.7184678101538338,0.2501538451707825,0.8933595483905089,0.23883560591904995,0.9076242079385377
trial_0020_bite_005_withdrawal,trial_0020_bite_005,trial_0020,withdrawal,0,H_star,104,104,100.0,-2.6695698949637237,0.019004988861852645,True,True,True,True,104,1,721,6.51514917836459,0.06752280698499025,721,1.3982774499781438,6.7522806984990185,714,43.51086751183365,242.34253591812265,707,5674.2310964509925,29484.865789917083,0,104,104,0.6218921610153226,0.7164898877632311,0.25190649997136016,0.8607215385563056,0.23857772135274846,0.8821968326958416
trial_0020_bite_005_withdrawal,trial_0020_bite_005,trial_0020,withdrawal,0,HumanGT,104,104,100.0,-2.6695698949637237,0.0,True,True,True,True,104,1,721,6.786040986268228,0.0698612149482063,721,1.4575771717636723,6.986121494820623,714,35.2290153347226,228.39864817802052,707,3639.1294645873777,27379.581689955954,0,104,104,0.6500705493681368,0.7139351924697506,0.29557004940123693,0.9246414138847513,0.2797153034646822,0.9582124237208003
trial_0020_bite_006_transfer,trial_0020_bite_006,trial_0020,transfer,0,B0,113,113,100.0,-2.8795022637765215,0.0,True,True,True,True,113,1,784,3.0949676988293717,0.01711494742321884,784,0.5170288606547206,1.711494742321885,777,16.08884218042315,103.82915014032888,770,2517.7005199326945,17906.22484668389,0,113,113,0.5594673897107116,0.6053933425390803,0.2662804924601153,0.7679307522789787,0.25491238631723934,0.7750721635744
trial_0020_bite_006_transfer,trial_0020_bite_006,trial_0020,transfer,0,B1,113,113,100.0,-2.8795022637765215,0.13806180816095237,True,True,True,True,113,1,784,3.3184205491822683,0.018001405254412406,784,0.551341200426359,1.8001405254412415,777,16.174707273455184,103.82596096232722,770,2530.2536691366417,17907.284688465785,0,113,113,0.584127134164647,0.6313747378287411,0.2691872444477827,0.8013379188056964,0.25491238631723934,0.8066558616236108
trial_0020_bite_006_transfer,trial_0020_bite_006,trial_0020,transfer,0,B2,113,113,100.0,-2.8795022637765215,0.0017112766087574727,True,True,True,True,113,1,784,2.8272896070385807,0.013881363514585576,784,0.46246327312178875,1.3881363514585583,777,16.113069240051917,103.86674033010759,770,2530.175967076337,17920.4148103733,0,113,113,0.5138916245422026,0.5511853011830781,0.2617110372738734,0.7039942762253598,0.25491238631723934,0.7124287097513384
trial_0020_bite_006_transfer,trial_0020_bite_006,trial_0020,transfer,0,B3,113,113,100.0,-2.8795022637765215,0.003583834431318156,True,True,True,True,113,1,784,2.9330207884991095,0.01801041340295972,784,0.48561218719060045,1.801041340295972,777,21.185361040421107,173.6841073940409,770,3154.417773539612,17901.56211298386,0,113,113,0.5069630262458099,0.5474451471234474,0.24911949702210437,0.7036715044819235,0.24356574291939603,0.7120894373390259
trial_0020_bite_006_transfer,trial_0020_bite_006,trial_0020,transfer,0,StrongLocal,113,113,100.0,-2.8795022637765215,0.03126376675643616,True,True,True,True,113,1,784,2.966397380668998,0.017813614057646813,784,0.4882843050675361,1.7813614057646823,777,19.376716232733298,108.00293157400498,770,2948.407403039443,17833.303672900125,0,113,113,0.5228573894904346,0.5617903215251392,0.25443222053823666,0.7306688922276314,0.2506490038391358,0.741300046843147
trial_0020_bite_006_transfer,trial_0020_bite_006,trial_0020,transfer,0,H_star,113,113,100.0,-2.8795022637765215,0.009654793204586731,True,True,True,True,113,1,784,2.9277761734334584,0.016119796855113,784,0.47562046139893266,1.6119796855112987,777,25.77935405938233,146.82038097500802,770,4113.213406292348,22317.894824634095,0,113,113,0.5006169197124023,0.5220111186144054,0.25622409663914214,0.7204105814977876,0.25252191915432176,0.7342914082319467
trial_0020_bite_006_transfer,trial_0020_bite_006,trial_0020,transfer,0,HumanGT,113,113,100.0,-2.8795022637765215,0.0,True,True,True,True,113,1,784,2.6569435799336776,0.014417697591646128,784,0.43048706830437977,1.4417697591646115,777,17.186290778823945,103.85629007307449,770,2743.452139166087,17909.665313319918,0,113,113,0.48122039398992195,0.5073027437397086,0.2599682687482962,0.674403695863521,0.25491238631723934,0.682821154773589
trial_0020_bite_006_withdrawal,trial_0020_bite_006,trial_0020,withdrawal,0,B0,32,32,100.0,-2.694975854435144,0.0,True,True,True,True,32,1,217,1.4659422117809733,0.024936119993319572,217,0.8463798595517977,2.493611999331955,210,29.368807550191605,139.4603756685517,203,4125.160392677057,19602.63702322335,0,32,32,0.8018726612062603,0.8028041429347539,0.7797585463000082,0.8253157926755255,0.7789807180395725,0.8307251259113517
trial_0020_bite_006_withdrawal,trial_0020_bite_006,trial_0020,withdrawal,0,B1,32,32,100.0,-2.694975854435144,0.06385547560343774,True,True,True,True,32,1,217,1.4490593119428121,0.02494724425381012,217,0.8431249571875504,2.4947244253810097,210,29.616916758280883,141.8932938947834,203,4165.91630838661,19903.90705929096,0,32,32,0.8155142278896597,0.8178536011278412,0.7807060600881868,0.8453485781988712,0.7789807180395725,0.8493368691078924
trial_0020_bite_006_withdrawal,trial_0020_bite_006,trial_0020,withdrawal,0,B2,32,32,100.0,-2.694975854435144,0.0017112766087570286,True,True,True,True,32,1,217,1.415666999184337,0.02496639278673207,217,0.8252132848575578,2.4966392786732046,210,29.357846029284566,145.25450211356068,203,4162.720832273499,20056.03644673476,0,32,32,0.802955167057158,0.8038332352931881,0.7798530188019106,0.8243726884602031,0.7789807180395725,0.8275526510384941
trial_0020_bite_006_withdrawal,trial_0020_bite_006,trial_0020,withdrawal,0,B3,32,32,100.0,-2.694975854435144,0.0035838344313177117,True,True,True,True,32,1,217,1.438197096982079,0.02497655989999803,217,0.8452530410510032,2.4976559899998008,210,38.41919488244262,200.39259007337904,203,5682.0885654250815,31001.133464653307,0,32,32,0.8067776711034029,0.8049227594513133,0.7786754931777181,0.8338683993831982,0.7783015480833786,0.8342974511172203
trial_0020_bite_006_withdrawal,trial_0020_bite_006,trial_0020,withdrawal,0,StrongLocal,32,32,100.0,-2.694975854435144,0.0016535032704347863,True,True,True,True,32,1,217,1.4263607825196027,0.024881482464688354,217,0.8504378445228278,2.488148246468833,210,43.39828296500686,227.41299075915006,203,6936.584306110475,37783.26687608747,0,32,32,0.8129427062877388,0.8117170059718455,0.7797060400999615,0.8398989828190494,0.7789807180395725,0.8420746805057782
trial_0020_bite_006_withdrawal,trial_0020_bite_006,trial_0020,withdrawal,0,H_star,32,32,100.0,-2.694975854435144,0.03135626786140033,True,True,True,True,32,1,217,1.4777239363610786,0.02489297445138927,217,0.8579639992719554,2.489297445138925,210,47.70961361132656,178.27058732620998,203,7651.487630278929,29471.675251309043,0,32,32,0.798407903063963,0.7938691086767933,0.7796413928000651,0.827017108215474,0.7773327610264538,0.8279661499996767
trial_0020_bite_006_withdrawal,trial_0020_bite_006,trial_0020,withdrawal,0,HumanGT,32,32,100.0,-2.694975854435144,0.0,True,True,True,True,32,1,217,1.3840648308507766,0.02505093303910577,217,0.8251213379943316,2.505093303910575,210,34.53304013564868,135.81483646190915,203,5429.550803733701,20154.602343787912,0,32,32,0.8134094814331283,0.7982429385330114,0.7792291851953074,0.8614409794209426,0.7788520238007282,0.8663775609455193
trial_0020_bite_006_withdrawal,trial_0020_bite_006,trial_0020,withdrawal,1,B0,30,30,100.0,-3.0907416002971266,0.0,True,True,True,True,30,1,203,3.1371369862229006,0.049216031880522586,203,1.868068612968307,4.921603188052254,196,50.3948338631313,185.76751513976717,189,4590.19220266499,18353.15216958961,0,30,30,0.5879617465255479,0.5556610873107715,0.39828983101209303,0.7907720673229531,0.3709282680138022,0.8229341644725792
trial_0020_bite_006_withdrawal,trial_0020_bite_006,trial_0020,withdrawal,1,B1,30,30,100.0,-3.0907416002971266,0.1293538648014816,True,True,True,True,30,1,203,3.1520404599292995,0.049159209387051206,203,1.8680300881526033,4.915920938705116,196,50.60411473382048,185.20298495618945,189,4606.68193980283,18341.28612337422,0,30,30,0.5924811149976517,0.5552692247039095,0.41689140246474926,0.7907413207922505,0.3899445162666042,0.8229341644725792
trial_0020_bite_006_withdrawal,trial_0020_bite_006,trial_0020,withdrawal,1,B2,30,30,100.0,-3.0907416002971266,0.14207046806679147,True,True,True,True,30,1,203,3.1896931569951237,0.04890313881445252,203,1.8736266932367451,4.890313881445247,196,50.501501066117605,176.52245653715116,189,4623.115172261704,18357.689705990895,0,30,30,0.6025936800362781,0.5543201223840053,0.4661108664270522,0.79066156544846,0.4389230014346439,0.8229341644725792
trial_0020_bite_006_withdrawal,trial_0020_bite_006,trial_0020,withdrawal,1,B3,30,30,100.0,-3.0907416002971266,0.15339783411646524,True,True,True,True,30,1,203,3.214740969340018,0.049802735799743474,203,1.9001132734452522,4.980273579974343,196,57.96840663872138,209.4144123828907,189,5575.582955003668,20414.878664499924,0,30,30,0.6010158869024842,0.5545619066252501,0.4467985063294385,0.7908043543820592,0.41690243898011303,0.8229341644725792
trial_0020_bite_006_withdrawal,trial_0020_bite_006,trial_0020,withdrawal,1,StrongLocal,30,30,100.0,-3.0907416002971266,0.17931374310173398,True,True,True,True,30,1,203,3.166678874982101,0.04991639052080021,203,1.8786384239342226,4.991639052080017,196,53.905801319401775,210.8680495434175,189,5275.001354413355,20043.98548079317,0,30,30,0.6010852557115888,0.5545687314407404,0.45035860277822365,0.7908082718969767,0.4216703080558082,0.8229341644725792
trial_0020_bite_006_withdrawal,trial_0020_bite_006,trial_0020,withdrawal,1,H_star,30,30,100.0,-3.0907416002971266,0.22165479557272194,True,True,True,True,30,1,203,3.1693186084819853,0.04917297965166778,203,1.9050227174186543,4.917297965166774,196,57.30653848346635,190.49113489606881,189,5959.221464331024,19952.809362965014,0,30,30,0.5961740906993722,0.5545943694651863,0.43370653127371905,0.7907183426571466,0.4033433740817627,0.8229341644725792
trial_0020_bite_006_withdrawal,trial_0020_bite_006,trial_0020,withdrawal,1,HumanGT,30,30,100.0,-3.0907416002971266,0.0,True,True,True,True,30,1,203,3.1203337015769197,0.049432249762788594,203,1.8608869527675116,4.943224976278855,196,51.389481937479076,178.8329168493249,189,4829.273484025792,18822.980113845708,0,30,30,0.5842391595848941,0.5562315110276328,0.3857341391130412,0.7908281759037193,0.3595138681893646,0.8229341644725792
trial_0020_bite_007_transfer,trial_0020_bite_007,trial_0020,transfer,0,B0,113,113,100.0,-3.015059858799961,0.0,True,True,True,True,113,1,784,3.274808116089316,0.016976429467921772,784,0.527924267499997,1.6976429467921772,777,19.636413370760863,119.79483384276324,770,2832.364409270717,20562.41058888814,0,113,113,0.5611126247627211,0.5736211162672358,0.3175265249742395,0.7907941666402313,0.30500247012640647,0.8032880135006679
trial_0020_bite_007_transfer,trial_0020_bite_007,trial_0020,transfer,0,B1,113,113,100.0,-3.015059858799961,0.13806180816095281,True,True,True,True,113,1,784,3.491000834027779,0.016988610527016057,784,0.5605491052156009,1.6988610527016057,777,19.714676780989148,120.14344669496225,770,2843.3826026449096,20594.43420751167,0,113,113,0.5835024936635118,0.5966041554039307,0.32127223810377953,0.8285755647781219,0.30500247012640647,0.8323477316182366
trial_0020_bite_007_transfer,trial_0020_bite_007,trial_0020,transfer,0,B2,113,113,100.0,-3.015059858799961,0.0017112766087570286,True,True,True,True,113,1,784,3.0043605158675257,0.01695886285325532,784,0.48056232910574204,1.6958862853255319,777,19.509840719984307,109.26788485661623,770,2832.3696446808804,19096.45336379468,0,113,113,0.518642485746811,0.5227728573146875,0.30881531278378044,0.7344138276781069,0.30307029417033005,0.746669728851477
trial_0020_bite_007_transfer,trial_0020_bite_007,trial_0020,transfer,0,B3,113,113,100.0,-3.015059858799961,0.0035838344313177117,True,True,True,True,113,1,784,3.246684287030467,0.028257096504930686,784,0.539494170598779,2.8257096504930685,777,37.52346922474663,338.7356771369498,770,5749.359960015726,39149.724793282265,0,113,113,0.513880200500259,0.521186011874909,0.29268258145412196,0.7368913169667323,0.286892069096915,0.7498929282424815
trial_0020_bite_007_transfer,trial_0020_bite_007,trial_0020,transfer,0,StrongLocal,113,113,100.0,-3.015059858799961,0.029120267869920724,True,True,True,True,113,1,784,3.1927640046681676,0.01775921193517993,784,0.5171554621399477,1.7759211935179915,777,27.389525872583206,210.53217418143032,770,4026.47379997718,25008.266163815504,0,113,113,0.52887178514228,0.534597704035771,0.3027678296090176,0.76242870884793,0.2951547769779219,0.7767349306442288
trial_0020_bite_007_transfer,trial_0020_bite_007,trial_0020,transfer,0,H_star,113,113,100.0,-3.015059858799961,0.004696019937362905,True,True,True,True,113,1,784,3.2161320692440696,0.01695551318488908,784,0.5143299675039549,1.6955513184889082,777,29.78831296991458,189.894627276741,770,4475.660133963518,24377.231784723735,0,113,113,0.5094266870461488,0.5014592291439659,0.2982511174711028,0.7511889163650368,0.29126394115401477,0.7676666351158101
trial_0020_bite_007_transfer,trial_0020_bite_007,trial_0020,transfer,0,HumanGT,113,113,100.0,-3.015059858799961,0.0,True,True,True,True,113,1,784,2.7317189163631452,0.01718335226279866,784,0.4427455770775001,1.7183352262798646,777,20.354533059175186,113.7697473300168,770,2996.926026765498,19453.591559067398,0,113,113,0.4377082972199807,0.4223008295717505,0.2673642205088643,0.6310856292912465,0.2553469527896053,0.6410684403366849
trial_0020_bite_007_withdrawal,trial_0020_bite_007,trial_0020,withdrawal,0,B0,98,98,100.0,-2.6803614587621523,0.0,True,True,True,True,98,1,679,6.336775558457352,0.06751988843531254,679,1.3688714441083596,6.751988843531247,672,48.265315316066975,376.8246492451528,665,4905.899675074969,45592.292095705394,0,98,98,0.5647238632055379,0.700620212174144,0.17142395310909225,0.7471443954050148,0.1562707211294243,0.7494450962969887
trial_0020_bite_007_withdrawal,trial_0020_bite_007,trial_0020,withdrawal,0,B1,98,98,100.0,-2.6803614587621523,0.06385547560343774,True,True,True,True,98,1,679,6.336900252954575,0.06880170326040402,679,1.358399913700666,6.880170326040396,672,49.00199541509483,387.72411776980255,665,5000.99423280592,47978.9839473513,0,98,98,0.5949363580975036,0.7104351150078414,0.19024594533726238,0.7868191239318192,0.17424229254247448,0.794606416388264
trial_0020_bite_007_withdrawal,trial_0020_bite_007,trial_0020,withdrawal,0,B2,98,98,100.0,-2.6803614587621523,0.0017112766087570286,True,True,True,True,98,1,679,6.16651104625055,0.06580756115355335,679,1.3025115042774578,6.580756115355329,672,48.92636716541756,388.47450541892243,665,5020.714813593187,49359.961806659645,0,98,98,0.6196957446294407,0.7066634668728518,0.24814775448670562,0.7843316198426344,0.22990342217394777,0.7946459797738792
trial_0020_bite_007_withdrawal,trial_0020_bite_007,trial_0020,withdrawal,0,B3,98,98,100.0,-2.6803614587621523,0.0035838344313177117,True,True,True,True,98,1,679,6.841789645452353,0.06424070268228355,679,1.4105091188509848,6.424070268228349,672,66.84634816200588,364.82572589882466,665,8031.706021197841,47896.770389816185,0,98,98,0.6255866915733759,0.7013775201846737,0.2503993571282771,0.8083249028423346,0.21880077530141828,0.8309059438051287
trial_0020_bite_007_withdrawal,trial_0020_bite_007,trial_0020,withdrawal,0,StrongLocal,98,98,100.0,-2.6803614587621523,0.001369973618098097,True,True,True,True,98,1,679,6.473159901190418,0.066177615316652,679,1.3538747383041898,6.617761531665194,672,55.87931685102748,372.6677080012213,665,6240.427155959318,48724.46709623865,0,98,98,0.6330729665454017,0.7097870922599638,0.25688193133612053,0.8182724957331922,0.23015662834339223,0.8325027124189976
trial_0020_bite_007_withdrawal,trial_0020_bite_007,trial_0020,withdrawal,0,H_star,98,98,100.0,-2.6803614587621523,0.031206453571896553,True,True,True,True,98,1,679,6.5708524978648075,0.0687878102684154,679,1.3803346184010865,6.878781026841534,672,64.33749472704002,421.7241304462764,665,7809.74892561145,53233.30972030021,0,98,98,0.624018262855209,0.7010786625092668,0.24158157635688937,0.8056386884416258,0.22570290293382156,0.8168130496244155
trial_0020_bite_007_withdrawal,trial_0020_bite_007,trial_0020,withdrawal,0,HumanGT,98,98,100.0,-2.6803614587621523,0.0,True,True,True,True,98,1,679,6.5033218340129375,0.07315820422360098,679,1.3770410596776719,7.315820422360091,672,53.604292357416156,426.66781307031084,665,5754.096395716869,57648.51522955498,0,98,98,0.661084363102122,0.7011153924550377,0.31345582701491936,0.8809460132100368,0.2965329810177846,0.9110441203160797
trial_0020_bite_008_transfer,trial_0020_bite_008,trial_0020,transfer,0,B0,142,142,100.0,-2.928956052114315,0.0,True,True,True,True,142,1,987,2.8871658402678095,0.015046456430358734,987,0.38436311109162496,1.5046456430358721,980,14.045234393755536,80.84079262776974,973,2075.068972563361,12092.648718594364,0,142,142,0.5679581957834826,0.6196663737372815,0.35736942873364186,0.7344094683676758,0.3493545462141565,0.7433311253855868
trial_0020_bite_008_transfer,trial_0020_bite_008,trial_0020,transfer,0,B1,142,142,100.0,-2.928956052114315,0.13806180816095281,True,True,True,True,142,1,987,3.139328119320206,0.015824665256674027,987,0.41296071779731697,1.5824665256674013,980,14.108924299062483,80.84662399139283,973,2084.991281898325,12092.956559463604,0,142,142,0.5902314277571191,0.6443460105801048,0.3628044178555492,0.7624036493254911,0.35474036227174643,0.7728682557909767
trial_0020_bite_008_transfer,trial_0020_bite_008,trial_0020,transfer,0,B2,142,142,100.0,-2.928956052114315,0.0017112766087570286,True,True,True,True,142,1,987,2.621148022278744,0.011129901455739777,987,0.3405238512959509,1.1129901455739768,980,13.98794221143007,80.900739738574,973,2069.140879511572,12098.495027191155,0,142,142,0.5210280150598027,0.5619506538820532,0.33915938883131724,0.6703049286216122,0.33435719175809164,0.6959008901724397
trial_0020_bite_008_transfer,trial_0020_bite_008,trial_0020,transfer,0,B3,142,142,100.0,-2.928956052114315,0.0035838344313177117,True,True,True,True,142,1,987,2.776581114746233,0.01183129884240053,987,0.3605179443593118,1.1831298842400586,980,18.850064966337595,109.65238579656588,973,2929.1199833011733,16805.72772223732,0,142,142,0.5172955219478423,0.5589758769393803,0.3268180681492337,0.6721208664214662,0.32231753514925776,0.6979504851987373
trial_0020_bite_008_transfer,trial_0020_bite_008,trial_0020,transfer,0,StrongLocal,142,142,100.0,-2.928956052114315,0.03028088456279221,True,True,True,True,142,1,987,2.8073260656845354,0.013033401315266202,987,0.36517418330835316,1.303340131526619,980,18.013374188849646,99.65809368230197,973,2788.109053476631,18361.537863606587,0,142,142,0.5326435159549495,0.5741452879763494,0.3369443607958448,0.6968922185640377,0.33153935792953426,0.7168014711282558
trial_0020_bite_008_transfer,trial_0020_bite_008,trial_0020,transfer,0,H_star,142,142,100.0,-2.928956052114315,0.006631027874966833,True,True,True,True,142,1,987,2.8871669855254307,0.015732128266514156,987,0.37504871970245246,1.5732128266514143,980,25.9709415018138,187.01162508540224,973,4129.994284901983,37307.23752681099,0,142,142,0.5137951250634778,0.5411909608271691,0.3306671458013047,0.686075353777537,0.32451952599130673,0.7103234488200432
trial_0020_bite_008_transfer,trial_0020_bite_008,trial_0020,transfer,0,HumanGT,142,142,100.0,-2.928956052114315,0.0,True,True,True,True,142,1,987,2.4244603671435945,0.010442604908792228,987,0.30901991561914444,1.044260490879222,980,15.372149042127164,80.88397588599236,973,2345.2012727880733,12098.144870735325,0,142,142,0.47514777649074075,0.49765004515198774,0.33371423443829834,0.6080022169593955,0.3280598705597755,0.6335097319598681
trial_0020_bite_008_withdrawal,trial_0020_bite_008,trial_0020,withdrawal,0,B0,100,100,100.0,-2.6996944959616807,0.0,True,True,True,True,100,1,693,15.867608610425348,3.124787598973177,693,19.73726435378324,312.4787598973174,686,2795.9698976105833,31240.57537358018,679,486747.1929495438,6248086.194552288,1,100,100,0.5204166473734555,0.6993075077547117,0.18993558530912386,0.8300828473810491,0.18792363648418142,0.8498457033713178
trial_0020_bite_008_withdrawal,trial_0020_bite_008,trial_0020,withdrawal,0,B1,100,100,100.0,-2.6996944959616807,0.06385547560343774,True,True,True,True,100,1,693,6.829401125689182,0.07601616924052834,693,1.6874246342345671,7.601616924052827,686,46.76440624173354,257.16130293200257,679,5536.497422810194,38231.09012028237,0,100,100,0.5344662404930737,0.6999242608301071,0.19917499791963564,0.8619264848154998,0.1984036593372922,0.8904020652817781
trial_0020_bite_008_withdrawal,trial_0020_bite_008,trial_0020,withdrawal,0,B2,100,100,100.0,-2.6996944959616807,0.0017112766087570286,True,True,True,True,100,1,693,6.652968302763825,0.07397133859621974,693,1.5917303702850134,7.397133859621968,686,46.17029446677359,244.97100240248716,679,5537.2019549876395,31509.545152962477,0,100,100,0.5546028985514065,0.6993975530738528,0.23992820463823286,0.8586371898647879,0.23893748421979577,0.8973835407341446
trial_0020_bite_008_withdrawal,trial_0020_bite_008,trial_0020,withdrawal,0,B3,100,100,100.0,-2.6996944959616807,0.0035838344313177117,True,True,True,True,100,1,693,7.312591812827458,0.071604599930132,693,1.6747674512834163,7.160459993013194,686,60.984234610791425,463.10564715042716,679,8758.503728963067,87350.81005667022,0,100,100,0.5560112286406751,0.6981227006089847,0.2354533394943496,0.8614941561137758,0.23479423841075153,0.9150557202011127
trial_0020_bite_008_withdrawal,trial_0020_bite_008,trial_0020,withdrawal,0,StrongLocal,100,100,100.0,-2.6996944959616807,0.002978733280280199,True,True,True,True,100,1,693,7.076539012574382,0.07277707875421235,693,1.645394430247641,7.277707875421229,686,50.75398881277663,265.2912868758093,679,6467.342895115966,40481.41034969876,0,100,100,0.5597719168281646,0.69818166498598,0.23945596030938393,0.8712440987367536,0.23894399349375028,0.9211238511287583
trial_0020_bite_008_withdrawal,trial_0020_bite_008,trial_0020,withdrawal,0,H_star,100,100,100.0,-2.6996944959616807,0.02312693873779237,True,True,True,True,100,1,693,7.124246643935976,0.07366521977450624,693,1.6559396167409552,7.366521977450618,686,65.71046213467525,456.79114544929695,679,9675.281518162388,84353.69296226122,0,100,100,0.5522589404223512,0.6985996227436679,0.23353922004679487,0.8485882194740574,0.23232925335122978,0.8989851972318545
trial_0020_bite_008_withdrawal,trial_0020_bite_008,trial_0020,withdrawal,0,HumanGT,100,100,100.0,-2.6996944959616807,0.0,True,True,True,True,100,1,693,7.223816186968121,0.08036520060468355,693,1.7034948175545237,8.036520060468348,686,51.11917287028764,282.62021079759904,679,6236.885388776365,37298.605782577615,0,100,100,0.5901824766469003,0.7003872607976476,0.2856780406585592,0.924219310515177,0.2828638438071911,0.9829038148020306
trial_0020_bite_009_transfer,trial_0020_bite_009,trial_0020,transfer,0,B0,131,131,100.0,-2.941044959757458,0.0,True,True,True,True,131,1,910,2.892344577030739,0.017804490108721316,910,0.4463126724560234,1.78044901087213,903,17.229935372433317,117.84823574914067,896,2443.9872011895704,22513.58898448402,0,131,131,0.6323515309319878,0.6708112758330538,0.4515241637850972,0.773341658258633,0.44166752569721623,0.7876117228155175
trial_0020_bite_009_transfer,trial_0020_bite_009,trial_0020,transfer,0,B1,131,131,100.0,-2.941044959757458,0.13806180816095281,True,True,True,True,131,1,910,3.0834875644311035,0.018172315430166286,910,0.47156849769113557,1.817231543016627,903,17.2867004419713,118.05816574067768,896,2452.5190082982513,22603.22697664424,0,131,131,0.6570514892104833,0.6954434814428287,0.4580702772493772,0.8206500679516682,0.4466704950740643,0.8326061313816995
trial_0020_bite_009_transfer,trial_0020_bite_009,trial_0020,transfer,0,B2,131,131,100.0,-2.941044959757458,0.0017112766087570286,True,True,True,True,131,1,910,2.687012214315991,0.015315292662395397,910,0.40291222360396556,1.5315292662395383,903,16.86531835008005,114.14762225402615,896,2395.7987831198325,19534.486412722435,0,131,131,0.5895393372160409,0.6199730384480442,0.4326080248613283,0.7164860904794865,0.4300144656905094,0.7295061214868339
trial_0020_bite_009_transfer,trial_0020_bite_009,trial_0020,transfer,0,B3,131,131,100.0,-2.941044959757458,0.0035838344313177117,True,True,True,True,131,1,910,2.868060237842756,0.0220825191604479,910,0.43548147101977674,2.20825191604479,903,21.630062000649158,143.4132647924289,896,3113.2849652757172,25777.228103298126,0,131,131,0.5872206398927748,0.6225982059777517,0.41679919826268463,0.7201180823675517,0.41061606631745207,0.7337406986970618
trial_0020_bite_009_transfer,trial_0020_bite_009,trial_0020,transfer,0,StrongLocal,131,131,100.0,-2.941044959757458,0.030608968468023967,True,True,True,True,131,1,910,2.870765629067268,0.018449618456960026,910,0.4360012389363699,1.8449618456960062,903,23.087590627762857,146.96909799607934,896,3515.7000797455116,21502.475775818293,0,131,131,0.6036319643586551,0.6370205687568624,0.4304605112506813,0.7468689385105874,0.423802842707625,0.7619733194923646
trial_0020_bite_009_transfer,trial_0020_bite_009,trial_0020,transfer,0,H_star,131,131,100.0,-2.941044959757458,0.0073827692113930254,True,True,True,True,131,1,910,3.067034906014494,0.024962422571855214,910,0.46692669376507523,2.496242257185519,903,36.54056614384442,266.6397586255869,896,5729.917552287755,41506.46215433751,0,131,131,0.589883316282133,0.6067035009316044,0.42469439336083625,0.7486730579542179,0.418203059380309,0.7637593120720869
trial_0020_bite_009_transfer,trial_0020_bite_009,trial_0020,transfer,0,HumanGT,131,131,100.0,-2.941044959757458,0.0,True,True,True,True,131,1,910,2.5095441532956118,0.015383990668007108,910,0.3747758292216955,1.5383990668007108,903,18.702542084382905,105.14623549603202,896,2760.8679267499924,19717.690176078,0,131,131,0.5451837295270805,0.562546728876929,0.42673043588540915,0.6555540420644459,0.4150923442272527,0.6684866299194436
trial_0020_bite_009_withdrawal,trial_0020_bite_009,trial_0020,withdrawal,0,B0,111,111,100.0,-2.73354883321176,0.0,True,True,True,True,111,1,770,5.976760283077661,0.04999723135941436,770,1.2569111533544435,4.999723135941432,763,27.867315002763828,212.17563628187239,756,3572.045143280314,28983.01658069428,0,111,111,0.5533990612010132,0.6666950072667943,0.24601258446711138,0.8428055472247051,0.2316588759333691,0.8593774978102449
trial_0020_bite_009_withdrawal,trial_0020_bite_009,trial_0020,withdrawal,0,B1,111,111,100.0,-2.73354883321176,0.06385547560343774,True,True,True,True,111,1,770,5.9870749564310035,0.049954340143676834,770,1.2570338566107604,4.995434014367679,763,28.290067289882664,215.5144268013217,756,3638.6481988709843,29890.507366788475,0,111,111,0.5754923516027033,0.6699118346282484,0.27757031882881256,0.8720488784118335,0.25668492309270263,0.8997325271294552
trial_0020_bite_009_withdrawal,trial_0020_bite_009,trial_0020,withdrawal,0,B2,111,111,100.0,-2.73354883321176,0.0017112766087570286,True,True,True,True,111,1,770,5.731263596019378,0.04762636856061353,770,1.1961287454479008,4.762636856061349,763,27.905786472951522,207.6836691918867,756,3628.62550491292,29999.01028769251,0,111,111,0.5973717770032483,0.666090614877894,0.3431922537233071,0.8573347964376518,0.3133142841698713,0.8942168854745776
trial_0020_bite_009_withdrawal,trial_0020_bite_009,trial_0020,withdrawal,0,B3,111,111,100.0,-2.73354883321176,0.0035838344313177117,True,True,True,True,111,1,770,6.097709025269587,0.04789883882668878,770,1.2480167964477875,4.789883882668874,763,41.17026655238687,307.13174202042285,756,5969.750317311909,51653.655152074636,0,111,111,0.595554853833257,0.6653852587368208,0.33362345238723357,0.8572152740651491,0.3102172560645913,0.8963836290350717
trial_0020_bite_009_withdrawal,trial_0020_bite_009,trial_0020,withdrawal,0,StrongLocal,111,111,100.0,-2.73354883321176,0.00173186777717671,True,True,True,True,111,1,770,5.998022030575365,0.047845162777227834,770,1.2358893438826666,4.784516277722779,763,35.13249865559282,222.51898176551117,756,4787.387502782721,30168.18345971198,0,111,111,0.6020127244015916,0.6673758561834608,0.3446202018897204,0.8666039622957283,0.31914502750200535,0.9094916817502012
trial_0020_bite_009_withdrawal,trial_0020_bite_009,trial_0020,withdrawal,0,H_star,111,111,100.0,-2.73354883321176,0.0327126439314922,True,True,True,True,111,1,770,6.00598080767947,0.047538498831736664,770,1.2271947662737779,4.753849883173662,763,40.02802156605359,200.68744215496056,756,6277.140128386436,36095.26266982112,0,111,111,0.5905369678834981,0.663170567740587,0.3273188974233967,0.8526226190247764,0.3009557727447121,0.8981402475983473
trial_0020_bite_009_withdrawal,trial_0020_bite_009,trial_0020,withdrawal,0,HumanGT,111,111,100.0,-2.73354883321176,0.0,True,True,True,True,111,1,770,6.22139564794451,0.05014376415505839,770,1.2622338237838653,5.014376415505835,763,32.174827368466474,219.22495851163643,756,4402.108208375865,32502.07211162151,0,111,111,0.6398410054416214,0.6625011614211527,0.44353465346264187,0.9018123610112077,0.40097403639192897,0.959709415645515
trial_0020_bite_010_transfer,trial_0020_bite_010,trial_0020,transfer,0,B0,147,147,100.0,-2.9589340823165835,0.0,True,True,True,True,147,1,1022,3.1329361233036037,0.011501429098747186,1022,0.3790034609369161,1.1501429098747191,1015,12.158794153027463,57.18588928711916,1008,1639.438299971993,7354.762261412499,0,147,147,0.5854848884325782,0.6273521579946686,0.31691285083720383,0.7516498563582849,0.3109479914051094,0.7540933315162852
trial_0020_bite_010_transfer,trial_0020_bite_010,trial_0020,transfer,0,B1,147,147,100.0,-2.9589340823165835,0.13806180816095281,True,True,True,True,147,1,1022,3.373085040322645,0.01151072422017041,1022,0.4067959844191433,1.1510724220170416,1015,12.227381538424583,57.290247906336475,1008,1650.5234096442243,7387.928090870837,0,147,147,0.6084270743025876,0.654489082854647,0.31834301354843575,0.7888719562186997,0.3131092594527285,0.7912326571427322
trial_0020_bite_010_transfer,trial_0020_bite_010,trial_0020,transfer,0,B2,147,147,100.0,-2.9589340823165835,0.0017112766087570286,True,True,True,True,147,1,1022,2.839908235622055,0.011484639068140012,1022,0.34508221701448855,1.148463906814002,1015,12.079738920052902,55.62979019176246,1008,1633.6803116155513,7479.681558354425,0,147,147,0.5510385165836855,0.5856888898260384,0.31316645649724734,0.7047222594757653,0.3082088539697061,0.7073777980138249
trial_0020_bite_010_transfer,trial_0020_bite_010,trial_0020,transfer,0,B3,147,147,100.0,-2.9589340823165835,0.0035838344313177117,True,True,True,True,147,1,1022,3.0170513940646178,0.011439410337860334,1022,0.3632892443558524,1.143941033786034,1015,16.618752025777507,104.77471423465225,1008,2274.41507616518,10171.41027658261,0,147,147,0.5466136847437498,0.5801575657794422,0.30700837801755143,0.7062649793000609,0.2997837828322574,0.710228878833074
trial_0020_bite_010_transfer,trial_0020_bite_010,trial_0020,transfer,0,StrongLocal,147,147,100.0,-2.9589340823165835,0.0302427742019189,True,True,True,True,147,1,1022,3.0420714452104365,0.012148593019259746,1022,0.36845791773309133,1.2148593019259768,1015,16.349491750784004,83.96343570573657,1008,2308.541824871976,11248.79176841015,0,147,147,0.5610750464829487,0.5954488074979407,0.3111864405130195,0.7273474714070156,0.30458085657388434,0.7338861390748244
trial_0020_bite_010_transfer,trial_0020_bite_010,trial_0020,transfer,0,H_star,147,147,100.0,-2.9589340823165835,0.0077945902362897,True,True,True,True,147,1,1022,3.0623029579828067,0.015099009571668098,1022,0.37339655232423363,1.5099009571668085,1015,25.568000307990754,248.13940529557104,1008,4355.058451706454,38791.75081545738,0,147,147,0.5441790815944887,0.5715526508414657,0.3102991635975282,0.7240328403073542,0.2989389518275878,0.7271071509369629
trial_0020_bite_010_transfer,trial_0020_bite_010,trial_0020,transfer,0,HumanGT,147,147,100.0,-2.9589340823165835,0.0,True,True,True,True,147,1,1022,2.608454772361319,0.01147505462940046,1022,0.31727570181975273,1.1475054629400467,1015,13.426153000104476,55.163798540176565,1008,1923.5176688874146,9100.526459340705,0,147,147,0.508417091952407,0.5267075499394045,0.3135881607598771,0.651638557844258,0.3060293910160661,0.6552705477154466
trial_0020_bite_010_withdrawal,trial_0020_bite_010,trial_0020,withdrawal,0,B0,102,102,100.0,-2.7600784042406215,0.0,True,True,True,True,102,1,707,15.91953491428566,3.1125681371472047,707,19.268933063217496,311.2568137147202,700,2735.037285972703,31135.296589998456,693,476154.87302519736,6226925.103986795,1,102,102,0.5192241842300738,0.71648998974878,0.13996656670423008,0.8573299477375222,0.13540645750117264,0.8605015599251713
trial_0020_bite_010_withdrawal,trial_0020_bite_010,trial_0020,withdrawal,0,B1,102,102,100.0,-2.7600784042406215,0.06385547560343818,True,True,True,True,102,1,707,7.038858747012775,0.07490514628127178,707,1.634969262004742,7.490514628127171,700,38.93851830821029,272.81860611814983,693,4986.340962957567,48937.84168935942,0,102,102,0.5364974590446688,0.7190442306520528,0.14159912452596113,0.8927735865817283,0.13050503485657394,0.8993404088965713
trial_0020_bite_010_withdrawal,trial_0020_bite_010,trial_0020,withdrawal,0,B2,102,102,100.0,-2.7600784042406215,0.0017112766087574727,True,True,True,True,102,1,707,6.609454034109593,0.07214404110156991,707,1.5031175564654318,7.214404110156985,700,38.78686642935338,268.19918733576424,693,5067.382356610401,49561.645870682325,0,102,102,0.5595225417240279,0.7164140388511244,0.17386335073107625,0.8780170758221756,0.1539819591607241,0.8936338324740092
trial_0020_bite_010_withdrawal,trial_0020_bite_010,trial_0020,withdrawal,0,B3,102,102,100.0,-2.7600784042406215,0.003583834431318156,True,True,True,True,102,1,707,7.084896208338405,0.07775171050934215,707,1.5853350847494525,7.775171050934208,700,52.28269233840331,454.06392785923816,693,8232.110577778256,72724.56700339052,0,102,102,0.5638918643501757,0.714463693469193,0.17151121397420743,0.8930834715492862,0.1506583964635091,0.9238863991485657
trial_0020_bite_010_withdrawal,trial_0020_bite_010,trial_0020,withdrawal,0,StrongLocal,102,102,100.0,-2.7600784042406215,0.00042951526534951157,True,True,True,True,102,1,707,6.996254935873628,0.08005679112879703,707,1.572995856814704,8.005679112879696,700,48.10043913517368,355.17407711695006,693,7287.896049723787,66764.07724737277,0,102,102,0.569033441454617,0.7169504622365137,0.17665403951718348,0.9054000418089257,0.15597545672122326,0.9282263990334911
trial_0020_bite_010_withdrawal,trial_0020_bite_010,trial_0020,withdrawal,0,H_star,102,102,100.0,-2.7600784042406215,0.028329844456390862,True,True,True,True,102,1,707,6.987643696530654,0.07400255492610341,707,1.5549945685651445,7.400255492610335,700,57.26525472506332,388.58192111369686,693,8940.116987157831,66159.25203296266,0,102,102,0.5640838528969437,0.7124668014353159,0.17317416183631576,0.8875085660156811,0.1520429272444046,0.912397855263106
trial_0020_bite_010_withdrawal,trial_0020_bite_010,trial_0020,withdrawal,0,HumanGT,102,102,100.0,-2.7600784042406215,0.0,True,True,True,True,102,1,707,6.88658697683274,0.07254454200358218,707,1.5260627224124788,7.254454200358212,700,42.636169605719225,282.1713434143897,693,5699.679013229856,56045.60800950005,0,102,102,0.6131505560314129,0.711139213037228,0.27363838175923866,0.9132436159545384,0.2456350457777905,0.9609488334765945
trial_0020_bite_011_transfer,trial_0020_bite_011,trial_0020,transfer,0,B0,162,162,100.0,-2.9405353604271376,0.0,True,True,True,True,162,1,1127,3.366998274420535,0.015816917422233345,1127,0.4113576909187352,1.5816917422233332,1120,15.642062160461002,129.8537374277054,1113,1864.3505353352116,13266.615419735803,0,162,162,0.5967519843709181,0.6645749886082166,0.39644700760106993,0.7323926667205215,0.38452966294513446,0.741546984212726
trial_0020_bite_011_transfer,trial_0020_bite_011,trial_0020,transfer,0,B1,162,162,100.0,-2.9405353604271376,0.13806180816095281,True,True,True,True,162,1,1127,3.584046415751687,0.015590233250132535,1127,0.43264199198295167,1.5590233250132521,1120,15.692492314982898,130.20514249357134,1113,1871.4823445933403,13283.52007475294,0,162,162,0.6171894575868461,0.6883098401693207,0.4046477753413404,0.7582325869308987,0.3952115059703134,0.7689504132146343
trial_0020_bite_011_transfer,trial_0020_bite_011,trial_0020,transfer,0,B2,162,162,100.0,-2.9405353604271376,0.0017112766087570286,True,True,True,True,162,1,1127,3.0590760999035522,0.016254416510976366,1127,0.36556147547802265,1.625441651097635,1120,15.437166941811638,127.21826942095228,1113,1853.1045481369597,12982.35554796708,0,162,162,0.5490370102817883,0.5994533192341419,0.3775466760442227,0.6861740861186366,0.36017843443839426,0.69736534746799
trial_0020_bite_011_transfer,trial_0020_bite_011,trial_0020,transfer,0,B3,162,162,100.0,-2.9405353604271376,0.003583834431318156,True,True,True,True,162,1,1127,3.3133566992659516,0.017189954470110846,1127,0.3949422227295872,1.718995447011083,1120,21.315764408618946,131.63129313310293,1113,2941.9613950475264,21894.12898868428,0,162,162,0.5458801962862804,0.6011902090565571,0.36204398922629255,0.6905054011200956,0.34320194870038234,0.7004652735488062
trial_0020_bite_011_transfer,trial_0020_bite_011,trial_0020,transfer,0,StrongLocal,162,162,100.0,-2.9405353604271376,0.030669267211609785,True,True,True,True,162,1,1127,3.334276047209345,0.01669911808150948,1127,0.3955764343604786,1.6699118081509463,1120,19.84111890757096,126.70388049306426,1113,2562.912885240085,15181.338627649991,0,162,162,0.5606246687982779,0.6151206366615729,0.3746328245626121,0.7069868791362146,0.35567391555676964,0.717287718638298
trial_0020_bite_011_transfer,trial_0020_bite_011,trial_0020,transfer,0,H_star,162,162,100.0,-2.9405353604271376,0.00687621915966341,True,True,True,True,162,1,1127,3.3866877209071666,0.016545966725491915,1127,0.3971623335387013,1.65459667254919,1120,26.75143457031192,262.2685752322807,1113,4150.416979874419,39202.87415939882,0,162,162,0.5455559928660269,0.5829298951739585,0.35946611222496866,0.7052538973616972,0.3434621849446775,0.7155891304026882
trial_0020_bite_011_transfer,trial_0020_bite_011,trial_0020,transfer,0,HumanGT,162,162,100.0,-2.9405353604271376,0.0,True,True,True,True,162,1,1127,2.86050339143684,0.016649013461835338,1127,0.34114280323831125,1.6649013461835322,1120,16.568721050245525,127.29146301108331,1113,2107.067150476004,13662.899042694095,0,162,162,0.5120465176490643,0.5398613272848044,0.37048470244000387,0.6360574538925537,0.35792784042060477,0.6532121555755317
trial_0020_bite_011_withdrawal,trial_0020_bite_011,trial_0020,withdrawal,0,B0,100,100,100.0,-2.714392293684172,0.0,True,True,True,True,100,1,693,16.483573771519357,3.1244642198600894,693,19.59863434052268,312.44642198600866,686,2776.0390582752625,31245.511769820787,679,483259.54675228655,6248298.495237461,1,100,100,0.5002105968627262,0.5532724795191889,0.1977701248872355,0.8472517621097956,0.19223279536700622,0.8667326903881154
trial_0020_bite_011_withdrawal,trial_0020_bite_011,trial_0020,withdrawal,0,B1,100,100,100.0,-2.714392293684172,0.0638554756034373,True,True,True,True,100,1,693,16.161170595839405,3.1180602418874153,693,19.276452078554215,311.8060241887413,686,2748.6654697287454,31509.271359868813,679,478880.0559170232,6285780.144102119,2,100,100,0.5121151373904198,0.5901332710805353,0.1984741341166302,0.875414366116847,0.18908513137621652,0.9009568542096336
trial_0020_bite_011_withdrawal,trial_0020_bite_011,trial_0020,withdrawal,0,B2,100,100,100.0,-2.714392293684172,0.0017112766087570286,True,True,True,True,100,1,693,7.057429182758417,0.08193143176951057,693,1.5804901091989854,8.193143176951049,686,45.96279546432525,311.7562311665084,679,5624.064134775269,47801.192890757244,0,100,100,0.5368107621689974,0.6571670506405621,0.20824532749204083,0.863805817096738,0.19995844123378692,0.906828147768284
trial_0020_bite_011_withdrawal,trial_0020_bite_011,trial_0020,withdrawal,0,B3,100,100,100.0,-2.714392293684172,0.0035838344313172676,True,True,True,True,100,1,693,7.55218098339769,0.08984085114271356,693,1.6567586348383,8.984085114271348,686,66.34498188385669,535.602852419931,679,9968.077098516125,87125.55256148358,0,100,100,0.5399036926423624,0.6586003145348132,0.206070304417057,0.8755711912360366,0.19947162904645444,0.9205955315012813
trial_0020_bite_011_withdrawal,trial_0020_bite_011,trial_0020,withdrawal,0,StrongLocal,100,100,100.0,-2.714392293684172,0.004946257506523999,True,True,True,True,100,1,693,7.392264032685814,0.08964495472617107,693,1.6292812265357415,8.964495472617099,686,52.6209884716677,331.94774871583223,679,6699.924271152922,53848.762873576095,0,100,100,0.5428804435988274,0.658817950800171,0.2083320696181352,0.882866075134585,0.20125134102583253,0.9232011986018922
trial_0020_bite_011_withdrawal,trial_0020_bite_011,trial_0020,withdrawal,0,H_star,100,100,100.0,-2.714392293684172,0.020197488464388957,True,True,True,True,100,1,693,7.421338089584886,0.07791500141256513,693,1.6227212622731584,7.79150014125655,686,64.4689881192611,479.06496003132037,679,9657.292545167677,91066.68582056463,0,100,100,0.5357588457215351,0.6582997926927918,0.2072116219222116,0.8629977628801112,0.19971534767776555,0.912597239039328
trial_0020_bite_011_withdrawal,trial_0020_bite_011,trial_0020,withdrawal,0,HumanGT,100,100,100.0,-2.714392293684172,0.0,True,True,True,True,100,1,693,7.81239957654724,0.08830164270554917,693,1.7103772238246593,8.83016427055491,686,50.30667446266253,367.3245012876508,679,6148.058597458451,49896.237964698004,0,100,100,0.5657305127217384,0.6638714711310358,0.22051514434405065,0.9186124040450281,0.20922099422863338,0.9894859232118938
trial_0020_bite_012_transfer,trial_0020_bite_012,trial_0020,transfer,0,B0,120,120,100.0,-2.9618564562012892,0.0,True,True,True,True,120,1,833,3.043121383959563,0.0142962501345818,833,0.4647908460508991,1.4296250134581787,826,14.19623790005496,93.13125980754383,819,2035.5845910931848,12474.636961690567,0,120,120,0.6457144534390208,0.6867294523930655,0.413143429495583,0.8204648015632545,0.4047421807183429,0.8303728271370545
trial_0020_bite_012_transfer,trial_0020_bite_012,trial_0020,transfer,0,B1,120,120,100.0,-2.9618564562012892,0.13806180816095237,True,True,True,True,120,1,833,3.2933039806073996,0.015091990251411946,833,0.49843571316341156,1.5091990251411933,826,14.302820186046732,94.31336213425273,819,2051.5006628218416,12475.463340541246,0,120,120,0.6709691676454639,0.7139578833700275,0.41614877595817007,0.8583237867728782,0.40553959485185254,0.8595131318612719
trial_0020_bite_012_transfer,trial_0020_bite_012,trial_0020,transfer,0,B2,120,120,100.0,-2.9618564562012892,0.0017112766087574727,True,True,True,True,120,1,833,2.7340720021444143,0.013475462717791764,833,0.41597448471519727,1.3475462717791753,826,13.81089859618013,79.297790412136,819,1992.7638498163114,12525.639758429432,0,120,120,0.5996519102059689,0.6301913119950174,0.4075520049586309,0.756440610132701,0.40344214834192305,0.7654444196629182
trial_0020_bite_012_transfer,trial_0020_bite_012,trial_0020,transfer,0,B3,120,120,100.0,-2.9618564562012892,0.003583834431318156,True,True,True,True,120,1,833,2.9077540742381873,0.024880624871065352,833,0.4536672325174356,2.4880624871065353,826,23.959320130615158,235.1736517691339,819,3621.4981129266203,21007.523196493024,0,120,120,0.5929367246700841,0.6275467628783777,0.39183071178785756,0.7577838803674328,0.3887640778086072,0.7671312026660759
trial_0020_bite_012_transfer,trial_0020_bite_012,trial_0020,transfer,0,StrongLocal,120,120,100.0,-2.9618564562012892,0.03029448902787335,True,True,True,True,120,1,833,2.9434234028302617,0.01701419582921382,833,0.4526102240454885,1.7014195829213803,826,22.1634814587459,158.98928687295478,819,3446.250808942026,22069.822266220504,0,120,120,0.6102431585301197,0.6439237260691689,0.39990577192047067,0.7849320335993721,0.39538174024747264,0.7959216111348075
trial_0020_bite_012_transfer,trial_0020_bite_012,trial_0020,transfer,0,H_star,120,120,100.0,-2.9618564562012892,0.006945996229092977,True,True,True,True,120,1,833,3.0255676349451712,0.0252384961796821,833,0.4701129043889034,2.523849617968208,826,35.266615213118676,287.6209049381545,819,5914.646331290059,47286.62998061515,0,120,120,0.5896311627908057,0.6100907130854974,0.3985770414705213,0.7740595580831534,0.39484101856569875,0.7872168642395632
trial_0020_bite_012_transfer,trial_0020_bite_012,trial_0020,transfer,0,HumanGT,120,120,100.0,-2.9618564562012892,0.0,True,True,True,True,120,1,833,2.5473963624355402,0.01914313021700087,833,0.39660753499981244,1.9143130217000852,826,23.46676023506399,187.38269386734584,819,3774.6743245428015,33519.48423970477,0,120,120,0.5357994638886406,0.5478657489970619,0.3977265794044668,0.6781080861734265,0.3891832566648761,0.6889053294735625
trial_0020_bite_012_withdrawal,trial_0020_bite_012,trial_0020,withdrawal,0,B0,124,124,100.0,-2.7285423896011145,0.0,True,True,True,True,124,1,861,24.198546286628176,3.129919314235,861,24.503002245879262,312.9919314234997,854,3486.32793823208,31760.353797109554,847,606697.5196641309,6320091.589961154,1,124,124,0.45016855443836723,0.3336026007941235,0.13384558227599483,0.8103140467489888,0.13255450623620924,0.832923679656582
trial_0020_bite_012_withdrawal,trial_0020_bite_012,trial_0020,withdrawal,0,B1,124,124,100.0,-2.7285423896011145,0.0638554756034373,True,True,True,True,124,1,861,32.8015774785851,3.1407819372330303,861,29.93041520583541,314.0781937233028,854,4256.258262529154,31736.62365244735,847,740525.9090939137,6312814.21671735,2,124,124,0.4628690468136217,0.3641087194046472,0.13779890022971966,0.8368119918288046,0.13609718820551642,0.8627980086289229
trial_0020_bite_012_withdrawal,trial_0020_bite_012,trial_0020,withdrawal,0,B2,124,124,100.0,-2.7285423896011145,0.0017112766087570286,True,True,True,True,124,1,861,6.496521915513776,0.0767249850971583,861,1.2583485311158877,7.672498509715823,854,50.14162395782547,596.4460160310903,847,7245.696655441444,96157.40764569188,0,124,124,0.48927022090990674,0.4599470860093946,0.1406771578203911,0.8437672023553757,0.13905933334675646,0.8676856988222084
trial_0020_bite_012_withdrawal,trial_0020_bite_012,trial_0020,withdrawal,0,B3,124,124,100.0,-2.7285423896011145,0.0035838344313177117,True,True,True,True,124,1,861,7.02079624516073,0.09412033793177745,861,1.3335259137300057,9.412033793177736,854,67.25717653361664,602.1089707017325,847,10396.774444996876,113243.92640527466,0,124,124,0.49361327690317836,0.4850604064062932,0.13837483372573114,0.8624452575915045,0.13685063055449853,0.9110898661769464
trial_0020_bite_012_withdrawal,trial_0020_bite_012,trial_0020,withdrawal,0,StrongLocal,124,124,100.0,-2.7285423896011145,0.0027652262015278595,True,True,True,True,124,1,861,6.860845797045538,0.0968078829860848,861,1.3166159084564335,9.680788298608471,854,65.84348813441801,628.0095737120263,847,10367.388815397697,122759.13861650135,0,124,124,0.49654489430258375,0.4826301834245993,0.14083975176850788,0.8630282849025049,0.13905935934843083,0.9112463142605614
trial_0020_bite_012_withdrawal,trial_0020_bite_012,trial_0020,withdrawal,0,H_star,124,124,100.0,-2.7285423896011145,0.03363015007310288,True,True,True,True,124,1,861,6.880737316985204,0.07595723902835316,861,1.3047493677672855,7.595723902835309,854,64.2290455899471,617.6695747334893,847,9953.198009106285,99612.78087608756,0,124,124,0.4903789660877962,0.4860072129822941,0.1395760240095361,0.843290559008789,0.13857630428192547,0.8827412311044065
trial_0020_bite_012_withdrawal,trial_0020_bite_012,trial_0020,withdrawal,0,HumanGT,124,124,100.0,-2.7285423896011145,0.0,True,True,True,True,124,1,861,7.087873291238428,0.08461303799930242,861,1.351622303108034,8.461303799930235,854,55.588032565949746,697.780023882596,847,8139.891867524813,111578.17254650453,0,124,124,0.5696769328809829,0.6605870604536173,0.22663634284960163,0.8987301080008371,0.21851395231594273,0.9843714730808739
trial_0020_bite_013_transfer,trial_0020_bite_013,trial_0020,transfer,0,B0,143,143,100.0,-2.8361212946204537,0.0,True,True,True,True,143,1,994,3.6249931340849373,0.01906980006339576,994,0.5048907401940871,1.906980006339574,987,15.253467782665824,79.58395650498038,980,2167.752621240971,10497.666878250793,0,143,143,0.47199410102541156,0.5614374618748759,0.13475997323238076,0.6571564514792356,0.12847066114976702,0.6695467455785487
trial_0020_bite_013_transfer,trial_0020_bite_013,trial_0020,transfer,0,B1,143,143,100.0,-2.8361212946204537,0.13806180816095281,True,True,True,True,143,1,994,3.8403951457287495,0.019653809273537437,994,0.5304614418871796,1.965380927353742,987,15.308168616787171,79.86915960828331,980,2175.641498760968,10500.16439157228,0,143,143,0.49360017444113696,0.5866141928146575,0.1366872414005602,0.6936419241562727,0.12925500830419523,0.7081990055373515
trial_0020_bite_013_transfer,trial_0020_bite_013,trial_0020,transfer,0,B2,143,143,100.0,-2.8361212946204537,0.0017112766087570286,True,True,True,True,143,1,994,3.4026685296374426,0.01696045058509288,994,0.46724798714892807,1.6960450585092863,987,15.337842086480558,75.52870110058217,980,2199.9299546160332,10817.280414010498,0,143,143,0.4377301524637997,0.5162371466636548,0.13221255862287018,0.6138658590306992,0.12768087233807357,0.6252096745844842
trial_0020_bite_013_transfer,trial_0020_bite_013,trial_0020,transfer,0,B3,143,143,100.0,-2.8361212946204537,0.0035838344313177117,True,True,True,True,143,1,994,3.503413103697366,0.019724585319131908,994,0.4848672053559417,1.972458531913189,987,18.76700741764894,132.02416164556752,980,2671.906659204591,12476.311427124243,0,143,143,0.4347937976004436,0.5162060549573431,0.12350110251334998,0.6133398339458683,0.12159313648146419,0.6248353455926248
trial_0020_bite_013_transfer,trial_0020_bite_013,trial_0020,transfer,0,StrongLocal,143,143,100.0,-2.8361212946204537,0.02714949410575418,True,True,True,True,143,1,994,3.54244546451336,0.017650631819178475,994,0.48661272325786165,1.7650631819178508,987,17.442900038835162,110.85641184895837,980,2501.154001111595,14468.636760810192,0,143,143,0.4473763413332251,0.5290103192713467,0.12823444536372897,0.6322944548991681,0.12451462408751635,0.6447889128459856
trial_0020_bite_013_transfer,trial_0020_bite_013,trial_0020,transfer,0,H_star,143,143,100.0,-2.8361212946204537,0.0021061078162110114,True,True,True,True,143,1,994,3.5963963127764726,0.022628593228909644,994,0.49386357454312296,2.262859322890962,987,29.072793838821696,187.6682759751077,980,4653.016175964982,32655.65448192289,0,143,143,0.43333338755401446,0.5015482596195726,0.12761805138015872,0.6277696178026747,0.12575764863284444,0.6405050006939375
trial_0020_bite_013_transfer,trial_0020_bite_013,trial_0020,transfer,0,HumanGT,143,143,100.0,-2.8361212946204537,0.0,True,True,True,True,143,1,994,3.3421028713806855,0.019144962288315522,994,0.4526978704930677,1.9144962288315506,987,16.81677931245617,76.62282653899871,980,2459.294539135479,12270.703916007025,0,143,143,0.42169656498734964,0.4897735300560928,0.135752225635866,0.6032139009938611,0.13062959131147345,0.6167613691805816
trial_0020_bite_013_withdrawal,trial_0020_bite_013,trial_0020,withdrawal,0,B0,149,149,100.0,-2.7058884616331214,0.0,True,True,True,True,149,1,1036,16.004439189680344,3.1213780184746924,1036,15.947337524668583,312.13780184746895,1029,2258.7482812516423,31215.71208589635,1022,392543.259640979,6243138.215713242,1,149,149,0.4682731156296506,0.3765886465487114,0.15906084635211498,0.8897468671599303,0.15407195517549255,0.918137895373758
trial_0020_bite_013_withdrawal,trial_0020_bite_013,trial_0020,withdrawal,0,B1,149,149,100.0,-2.7058884616331214,0.06385547560343774,True,True,True,True,149,1,1036,24.909851137773295,3.1369958999211236,1036,22.66765921020803,313.69958999211207,1029,2403.614485574788,31412.217333674034,1022,338076.2078952495,6277204.6579412315,2,149,149,0.4850721532152567,0.4117768042853278,0.16113168565009045,0.9190784299647486,0.15983157095656342,0.9482744358855344
trial_0020_bite_013_withdrawal,trial_0020_bite_013,trial_0020,withdrawal,0,B2,149,149,100.0,-2.7058884616331214,0.0017112766087570286,True,True,True,True,149,1,1036,6.742687187021206,0.048572045686194436,1036,1.0021308887787674,4.857204568619439,1029,32.311754550387256,270.5440318129842,1022,4130.950651121923,39951.861307826126,0,149,149,0.527706514040562,0.535309069160772,0.19011054622812934,0.9021122375236462,0.17426728064253716,0.9358455892492792
trial_0020_bite_013_withdrawal,trial_0020_bite_013,trial_0020,withdrawal,0,B3,149,149,100.0,-2.7058884616331214,0.0035838344313177117,True,True,True,True,149,1,1036,7.389723236711668,0.04752398164193483,1036,1.0619859975766481,4.752398164193479,1029,41.62267655214767,371.0426466281232,1022,5825.196645039429,57933.17975169701,0,149,149,0.5277910568829229,0.5764788889604837,0.18641207179210414,0.9054462817344422,0.1702754837979139,0.9525783106131973
trial_0020_bite_013_withdrawal,trial_0020_bite_013,trial_0020,withdrawal,0,StrongLocal,149,149,100.0,-2.7058884616331214,0.001382979340637469,True,True,True,True,149,1,1036,7.1506767859080025,0.04947037170572344,1036,1.03709671031963,4.947037170572339,1029,36.283306411445324,301.61763321457,1022,4913.1679841514815,44488.59370021455,0,149,149,0.5311880892258125,0.567326672387602,0.1910916899817936,0.9113971349636811,0.17427374281971986,0.9570068267913281
trial_0020_bite_013_withdrawal,trial_0020_bite_013,trial_0020,withdrawal,0,H_star,149,149,100.0,-2.7058884616331214,0.024596133587443614,True,True,True,True,149,1,1036,7.118098107245717,0.042053825738700645,1036,1.0392182774473449,4.205382573870061,1029,42.37668699788201,322.4879251034126,1022,6253.57191962377,60356.67785578795,0,149,149,0.5202825832443272,0.5468771751617147,0.18431941718883138,0.8900945995473899,0.16950712955868052,0.9388688985012683
trial_0020_bite_013_withdrawal,trial_0020_bite_013,trial_0020,withdrawal,0,HumanGT,149,149,100.0,-2.7058884616331214,0.0,True,True,True,True,149,1,1036,7.002396905035477,0.049808228503710694,1036,1.0217520215251632,4.980822850371065,1029,35.54095511702184,288.7676223811492,1022,4710.9147555825075,40921.242066508494,0,149,149,0.6028868841418448,0.691535131751845,0.2812543587534989,0.9273361890741942,0.25138276123085923,0.9904132789255229
trial_0020_bite_014_transfer,trial_0020_bite_014,trial_0020,transfer,0,B0,149,149,100.0,-2.8715683070961133,0.0,True,True,True,True,149,1,1036,2.9485822231044807,0.012128724826089066,1036,0.3577134636231698,1.2128724826089063,1029,14.279884042234844,91.04346254070067,1022,1882.4800883963026,11064.745497335132,0,149,149,0.49357745943796777,0.4909297862936266,0.24574241572776273,0.7438555099509814,0.22893995239797427,0.7602329679277922
trial_0020_bite_014_transfer,trial_0020_bite_014,trial_0020,transfer,0,B1,149,149,100.0,-2.8715683070961133,0.13806180816095281,True,True,True,True,149,1,1036,3.1805924536574484,0.012134255924299175,1036,0.3852947968810514,1.2134255924299173,1029,14.357204075863486,92.09680719596918,1022,1892.7489192497853,11064.920702548134,0,149,149,0.5209426451781557,0.5175063107491658,0.248355984258543,0.7973036342143611,0.22961902918674015,0.8158674719031394
trial_0020_bite_014_transfer,trial_0020_bite_014,trial_0020,transfer,0,B2,149,149,100.0,-2.8715683070961133,0.0017112766087570286,True,True,True,True,149,1,1036,2.728417469778396,0.01212966271429261,1036,0.3287094492136101,1.2129662714292608,1029,14.200077249778042,90.41921225586319,1022,1888.8067203595813,11062.741337036965,0,149,149,0.46087765479176934,0.4532725496464276,0.24498635266145383,0.6884281968004639,0.2286396689627519,0.7027401684353487
trial_0020_bite_014_transfer,trial_0020_bite_014,trial_0020,transfer,0,B3,149,149,100.0,-2.8715683070961133,0.0035838344313177117,True,True,True,True,149,1,1036,2.805457380130404,0.01212901410542866,1036,0.34000133820839185,1.2129014105428657,1029,17.687248108337453,112.5698263904873,1022,2495.8526721944995,11006.140388852584,0,149,149,0.4574148664645116,0.44844712091549543,0.23995192856098008,0.6886595305000585,0.22465222626728942,0.7017129175281687
trial_0020_bite_014_transfer,trial_0020_bite_014,trial_0020,transfer,0,StrongLocal,149,149,100.0,-2.8715683070961133,0.0286029849964069,True,True,True,True,149,1,1036,2.8878332749794686,0.012122814538037652,1036,0.34944094373685547,1.212281453803765,1029,17.579279436158117,89.71380021113956,1022,2487.611145020693,14988.664350800333,0,149,149,0.4734296499690563,0.46502916668787986,0.24488472810063336,0.715520257999719,0.22726890715562575,0.7303499720256772
trial_0020_bite_014_transfer,trial_0020_bite_014,trial_0020,transfer,0,H_star,149,149,100.0,-2.8715683070961133,0.005130465207770385,True,True,True,True,149,1,1036,2.916724832047602,0.014232150970025836,1036,0.3574168468667529,1.4232150970025823,1029,24.236706884733955,192.1315749946362,1022,3724.716450864348,31369.16279556212,0,149,149,0.456153864304344,0.44523293685131127,0.24399638663765147,0.693422743658563,0.22841270456427276,0.7109719065650504
trial_0020_bite_014_transfer,trial_0020_bite_014,trial_0020,transfer,0,HumanGT,149,149,100.0,-2.8715683070961133,0.0,True,True,True,True,149,1,1036,2.6141745538439265,0.012122819504329918,1036,0.31688352334511954,1.2122819504329916,1029,17.418813237637647,108.27487604561517,1022,2586.107086870307,15283.448716807454,0,149,149,0.43677372256764246,0.42487268011927015,0.24918301197676662,0.641693987004251,0.23167805126637808,0.656689986366281
trial_0020_bite_014_withdrawal,trial_0020_bite_014,trial_0020,withdrawal,0,B0,117,117,100.0,-2.698142584136299,0.0,True,True,True,True,117,1,812,15.499776589242732,3.12135968667098,812,17.834042642665576,312.13596866709776,805,2527.4941441008623,31215.296634495473,798,439676.5814329779,6243040.22623987,1,117,117,0.5124514054751641,0.6302035601048044,0.21165085536981526,0.7868054714897547,0.20963550507190076,0.7966905324334834
trial_0020_bite_014_withdrawal,trial_0020_bite_014,trial_0020,withdrawal,0,B1,117,117,100.0,-2.698142584136299,0.06385547560343774,True,True,True,True,117,1,812,15.504339190748082,3.122010605470297,812,17.858305512873105,312.20106054702944,805,2530.7141056810506,31224.200522729756,798,440254.10931985924,6244509.176747925,1,117,117,0.5274092405945344,0.6744977429985524,0.21223050841159036,0.8175754500666844,0.21060062678128433,0.8268475999321183
trial_0020_bite_014_withdrawal,trial_0020_bite_014,trial_0020,withdrawal,0,B2,117,117,100.0,-2.698142584136299,0.0017112766087570286,True,True,True,True,117,1,812,6.505218288331388,0.0595436518824739,812,1.2642309361380575,5.954365188247385,805,36.666641835729585,203.98299879282573,798,3488.7064634015483,22548.6887769837,0,117,117,0.5436501755878448,0.7151436236981661,0.2182112645875886,0.8024758794246107,0.20968043425908434,0.8102248667826222
trial_0020_bite_014_withdrawal,trial_0020_bite_014,trial_0020,withdrawal,0,B3,117,117,100.0,-2.698142584136299,0.0035838344313177117,True,True,True,True,117,1,812,7.114313952428507,0.056331767650137816,812,1.35082959139131,5.6331767650137765,805,46.02542085796585,221.00753067164837,798,5045.825377266249,26667.787911396714,0,117,117,0.5537651507340922,0.7169587771382184,0.21616733982629183,0.8264187244417464,0.20822542158503077,0.8374765427201094
trial_0020_bite_014_withdrawal,trial_0020_bite_014,trial_0020,withdrawal,0,StrongLocal,117,117,100.0,-2.698142584136299,0.005372586994493833,True,True,True,True,117,1,812,6.894306910363026,0.05825044777489952,812,1.32064348376869,5.825044777489947,805,41.515767549354116,213.71613767324075,798,4463.527759197834,24367.024675282442,0,117,117,0.5569507188215412,0.7175944460602506,0.21828137213792304,0.8328637651807687,0.2106091942117414,0.8422673043577036
trial_0020_bite_014_withdrawal,trial_0020_bite_014,trial_0020,withdrawal,0,H_star,117,117,100.0,-2.698142584136299,0.03900050240578512,True,True,True,True,117,1,812,7.080224947179989,0.06360032613932609,812,1.3273115462560874,6.360032613932604,805,48.01857680372582,198.89006280627584,798,5865.461638112086,28470.87828683686,0,117,117,0.5485122094392699,0.7185799499866947,0.21833305290591082,0.8084369390149181,0.2102117870004796,0.830588075985301
trial_0020_bite_014_withdrawal,trial_0020_bite_014,trial_0020,withdrawal,0,HumanGT,117,117,100.0,-2.698142584136299,0.0,True,True,True,True,117,1,812,7.114688351500082,0.06060923786296012,812,1.3282235842037815,6.060923786296007,805,41.592886792390814,213.43434649122062,798,4330.046381670897,23311.23126361437,0,117,117,0.628935564888194,0.7282903218019621,0.2933406603601093,0.9408058725420717,0.28340128829855327,0.9654887545909379
trial_0020_bite_015_transfer,trial_0020_bite_015,trial_0020,transfer,0,B0,323,323,100.0,-2.8167783137671427,0.0,True,True,True,True,323,1,2254,4.374691726128576,0.01134519851544269,2254,0.25137143337398266,1.1345198515442687,2247,11.312965417081054,86.81778297548357,2240,1514.645005508477,14649.327782303908,0,323,323,0.44206647285445055,0.3756576122558599,0.3238992496459776,0.7069214641178149,0.3122400369778702,0.7253269195001337
trial_0020_bite_015_transfer,trial_0020_bite_015,trial_0020,transfer,0,B1,323,323,100.0,-2.8167783137671427,0.13806180816095281,True,True,True,True,323,1,2254,4.539131478178273,0.011342609936455974,2254,0.2601331313740997,1.1342609936455972,2247,11.414396001898352,86.88296146264436,2240,1526.5754959567591,14662.120269184816,0,323,323,0.47271736218784594,0.40018613891668586,0.33933869126091554,0.7638690706855651,0.3269509194124134,0.7857398859909721
trial_0020_bite_015_transfer,trial_0020_bite_015,trial_0020,transfer,0,B2,323,323,100.0,-2.8167783137671427,0.0017112766087574727,True,True,True,True,323,1,2254,4.177649083956059,0.011334613441497332,2254,0.23976632174122928,1.133461344149733,2247,11.078801036337087,74.76880199877696,2240,1482.8314574931107,12498.872980536227,0,323,323,0.40769403603971577,0.3554013042224009,0.3003705800036314,0.6346382201157226,0.29275948610872793,0.6518518793523584
trial_0020_bite_015_transfer,trial_0020_bite_015,trial_0020,transfer,0,B3,323,323,100.0,-2.8167783137671427,0.0035838344313177117,True,True,True,True,323,1,2254,4.45102708664778,0.011363139086745022,2254,0.25494522184005136,1.136313908674502,2247,16.44694937436523,134.90873253321016,2240,2594.2854279139947,21767.412720719523,0,323,323,0.40793024620059837,0.35310866989734513,0.29892427078191913,0.6393728788822132,0.2914604458350707,0.6559647602376735
trial_0020_bite_015_transfer,trial_0020_bite_015,trial_0020,transfer,0,StrongLocal,323,323,100.0,-2.8167783137671427,0.026697344662187206,True,True,True,True,323,1,2254,4.4255974423634425,0.011330626225674933,2254,0.2525681264080522,1.1330626225674931,2247,14.845522970918768,114.54201209053431,2240,2260.6136424253223,20172.86213101759,0,323,323,0.42680739211154195,0.3686842296499562,0.31161238961047444,0.6705427005143827,0.30331774016472335,0.689738391874561
trial_0020_bite_015_transfer,trial_0020_bite_015,trial_0020,transfer,0,H_star,323,323,100.0,-2.8167783137671427,0.0009579647385629109,True,True,True,True,323,1,2254,4.58759589938046,0.014588306218984439,2254,0.2666022912396759,1.4588306218984426,2247,19.385653565517906,153.2988053018735,2240,3125.9224019028584,28409.374128215426,0,323,323,0.42124246451585146,0.3615213418022998,0.3108284783161768,0.6711122633330507,0.30041470476902643,0.6934630830130559
trial_0020_bite_015_transfer,trial_0020_bite_015,trial_0020,transfer,0,HumanGT,323,323,100.0,-2.8167783137671427,0.0,True,True,True,True,323,1,2254,4.323759898037189,0.011315844560198409,2254,0.2482381813648213,1.1315844560198407,2247,12.960357407640881,82.52921225853319,2240,1845.9104207970427,14770.249682653422,0,323,323,0.384841452870697,0.3465228117753867,0.2946967336221835,0.5847415189914427,0.2863583422796214,0.6131239253184337
trial_0020_bite_015_withdrawal,trial_0020_bite_015,trial_0020,withdrawal,0,B0,104,104,100.0,-2.6459579463353187,0.0,True,True,True,True,104,1,721,31.810143521211394,3.1278632246963087,721,32.28617150148956,312.7863224696306,714,4154.960533193346,47160.427456794634,707,723429.4825068989,7074052.606725636,2,104,104,0.4659479578490735,0.6348117165719916,0.12208602311112851,0.7239888135597398,0.11973927205472412,0.7291722748755329
trial_0020_bite_015_withdrawal,trial_0020_bite_015,trial_0020,withdrawal,0,B1,104,104,100.0,-2.6459579463353187,0.06385547560343774,True,True,True,True,104,1,721,23.307439703298286,3.1392084763091415,721,26.48375181703731,313.92084763091384,714,3491.648491824935,62752.15702984996,707,496264.1995483747,9412709.262782494,2,104,104,0.4886245076073323,0.6765289414393888,0.12772169651846832,0.752445067824211,0.1248636038084272,0.7587807572569403
trial_0020_bite_015_withdrawal,trial_0020_bite_015,trial_0020,withdrawal,0,B2,104,104,100.0,-2.6459579463353187,0.0017112766087574727,True,True,True,True,104,1,721,5.741561876535364,0.060592304025957944,721,1.2365157388418266,6.059230402595789,714,31.363534088882645,145.57642084367802,707,3492.21391247241,26975.499864582733,0,104,104,0.5082868390043213,0.6776483297002384,0.14515968860488607,0.7254112067344922,0.13758804080988307,0.7342173049665961
trial_0020_bite_015_withdrawal,trial_0020_bite_015,trial_0020,withdrawal,0,B3,104,104,100.0,-2.6459579463353187,0.0035838344313177117,True,True,True,True,104,1,721,6.285954232891509,0.06536796316152937,721,1.3172917080584954,6.536796316152931,714,41.549253690624326,240.9264149438135,707,5203.46772999489,42507.850758023764,0,104,104,0.520729934807968,0.6784034360959793,0.14555807463754808,0.7482953616983968,0.1352484477444973,0.751656763777728
trial_0020_bite_015_withdrawal,trial_0020_bite_015,trial_0020,withdrawal,0,StrongLocal,104,104,100.0,-2.6459579463353187,0.00817073462118234,True,True,True,True,104,1,721,6.142602897505523,0.06515270745114665,721,1.2972859254672953,6.515270745114659,714,43.26748723942609,296.6118729097595,707,6044.580422954919,50154.59702763278,0,104,104,0.5260587668229545,0.6792058957765835,0.14937055284663117,0.7557871765114339,0.1383763176957704,0.7598409845692544
trial_0020_bite_015_withdrawal,trial_0020_bite_015,trial_0020,withdrawal,0,H_star,104,104,100.0,-2.6459579463353187,0.0424079026135602,True,True,True,True,104,1,721,6.1103407393271265,0.05981697000287988,721,1.2775811016099181,5.981697000287983,714,44.287589328835345,292.304677380672,707,6410.4588250606885,44365.31055651414,0,104,104,0.5181534468128766,0.677737714033201,0.14574763011952674,0.7280541688616083,0.137393035730333,0.7409069662525158
trial_0020_bite_015_withdrawal,trial_0020_bite_015,trial_0020,withdrawal,0,HumanGT,104,104,100.0,-2.6459579463353187,0.0,True,True,True,True,104,1,721,6.122965165171566,0.05664985420344837,721,1.2480752155080077,5.6649854203448315,714,35.27184799478716,175.35372470842725,707,3997.791841251929,29735.489546069894,0,104,104,0.6267034300115873,0.6842277866557632,0.30006367769761466,0.8626156236420992,0.27200668613619783,0.8840487755147415
trial_0020_bite_016_transfer,trial_0020_bite_016,trial_0020,transfer,0,B0,163,163,100.0,-2.786210756478367,0.0,True,True,True,True,163,1,1134,2.587581993582053,0.01058197358251367,1134,0.3040208754625663,1.0581973582513662,1127,11.648426523258504,85.50854413596582,1120,1778.5113328695343,15514.315608120734,0,163,163,0.4307211548888678,0.45987550166342794,0.2332605067911355,0.623359168245717,0.22476293351663124,0.6450136042565624
trial_0020_bite_016_transfer,trial_0020_bite_016,trial_0020,transfer,0,B1,163,163,100.0,-2.786210756478367,0.13806180816095281,True,True,True,True,163,1,1134,2.802246596647437,0.011165396034473973,1134,0.3267782661902125,1.1165396034473964,1127,11.704490211005577,85.94926834301505,1120,1787.374591725096,15580.400656896436,0,163,163,0.45659900629219974,0.48450053591635545,0.23676177776922402,0.6733855451023373,0.2303448995844588,0.6987657882337055
trial_0020_bite_016_transfer,trial_0020_bite_016,trial_0020,transfer,0,B2,163,163,100.0,-2.786210756478367,0.0017112766087570286,True,True,True,True,163,1,1134,2.371776592868474,0.008890917919555985,1134,0.2721822426031239,0.8890917919555977,1127,11.40129360733458,73.2514933061211,1120,1747.1574662554738,13279.784862263186,0,163,163,0.38958815529577434,0.40928770298338524,0.22237772591140217,0.5639831522712672,0.21855448436234148,0.5841828127248285
trial_0020_bite_016_transfer,trial_0020_bite_016,trial_0020,transfer,0,B3,163,163,100.0,-2.786210756478367,0.0035838344313177117,True,True,True,True,163,1,1134,2.557638468773076,0.011763891557181385,1134,0.2922800415946354,1.1763891557181374,1127,17.082756121673278,132.54139538833232,1120,2757.0250811430506,21464.175250411834,0,163,163,0.3885279276387126,0.41071063314211,0.21503458678561005,0.5673589712443654,0.21248723150103221,0.5879510180048169
trial_0020_bite_016_transfer,trial_0020_bite_016,trial_0020,transfer,0,StrongLocal,163,163,100.0,-2.786210756478367,0.028016561231059,True,True,True,True,163,1,1134,2.5625882156224695,0.010900539375180651,1134,0.293587710794379,1.0900539375180702,1127,15.147308611094159,119.63963426805147,1120,2451.1593391996075,16396.551233055678,0,163,163,0.4041364180026388,0.4251936455151131,0.22323544502248036,0.5946578843341178,0.21877220211968962,0.6170492329607213
trial_0020_bite_016_transfer,trial_0020_bite_016,trial_0020,transfer,0,H_star,163,163,100.0,-2.786210756478367,0.004496537733313488,True,True,True,True,163,1,1134,2.633102744287463,0.017560085429710662,1134,0.3047183928953862,1.7560085429710648,1127,20.42482139653418,163.9118689396543,1120,3340.341177021733,23774.543135831318,0,163,163,0.38994988760440374,0.4008362583891676,0.21143713667695635,0.58184653387371,0.2050130108096493,0.6041936615535326
trial_0020_bite_016_transfer,trial_0020_bite_016,trial_0020,transfer,0,HumanGT,163,163,100.0,-2.786210756478367,0.0,True,True,True,True,163,1,1134,2.3488894892301833,0.009260564315690445,1134,0.2689923004498895,0.9260564315690463,1127,13.439322384061645,79.26443151849746,1120,2141.3909077031317,13423.106007563321,0,163,163,0.3930113071427498,0.4033023712540833,0.24070987795018298,0.5541348246260348,0.23446792927791726,0.5735315251045976
trial_0020_bite_016_withdrawal,trial_0020_bite_016,trial_0020,withdrawal,0,B0,95,95,100.0,-2.651808125678645,0.0,True,True,True,True,95,1,658,3.4201975907589697,0.02148313331846463,658,0.690440855610854,2.1483133318464613,651,26.403387325155467,157.74324522237873,644,3953.2649827789837,31330.13141958763,0,95,95,0.4485028134642751,0.45799507777555726,0.29761624842699347,0.6118464663140704,0.28823468052444157,0.6134249023600256
trial_0020_bite_016_withdrawal,trial_0020_bite_016,trial_0020,withdrawal,0,B1,95,95,100.0,-2.651808125678645,0.06385547560343774,True,True,True,True,95,1,658,3.346513455342862,0.021495982239614794,658,0.6751021843795038,2.1495982239614775,651,26.84330754366523,158.56423516330267,644,4020.1260417688177,31568.92687414359,0,95,95,0.48339641659511123,0.4941798767076253,0.3449750899661934,0.613841975005194,0.3331548125170958,0.61688597850952
trial_0020_bite_016_withdrawal,trial_0020_bite_016,trial_0020,withdrawal,0,B2,95,95,100.0,-2.651808125678645,0.0017112766087570286,True,True,True,True,95,1,658,3.2070112408249916,0.021505630115830066,658,0.6438924001721176,2.150563011583005,651,26.807561136612193,151.1630406490422,644,4021.3727363321796,29992.91984432817,0,95,95,0.48951826768868545,0.49637888729164037,0.36650520470631043,0.6112752586487732,0.35454538160684423,0.6134249023600256
trial_0020_bite_016_withdrawal,trial_0020_bite_016,trial_0020,withdrawal,0,B3,95,95,100.0,-2.651808125678645,0.0035838344313177117,True,True,True,True,95,1,658,3.3503508884995314,0.02394328401848877,658,0.6708750767427066,2.394328401848875,651,34.540290314239456,256.57812738095714,644,5649.860094178918,41666.83341384474,0,95,95,0.4960610233857966,0.5259484697282524,0.3761527363865024,0.6099721235869237,0.3713267884699256,0.6134249023600256
trial_0020_bite_016_withdrawal,trial_0020_bite_016,trial_0020,withdrawal,0,StrongLocal,95,95,100.0,-2.651808125678645,0.0021203085687298007,True,True,True,True,95,1,658,3.2753849718064005,0.022450992868746855,658,0.6587277150854679,2.2450992868746837,651,33.84320348392541,190.18488588069502,644,5492.853539465931,37030.400421240614,0,95,95,0.511421958498609,0.5347145143227214,0.40114506465106864,0.6109951027019627,0.38922032975912013,0.6134249023600256
trial_0020_bite_016_withdrawal,trial_0020_bite_016,trial_0020,withdrawal,0,H_star,95,95,100.0,-2.651808125678645,0.03337886932543954,True,True,True,True,95,1,658,3.311520665194085,0.021648408103315475,658,0.6586844526907765,2.1648408103315457,651,40.965818573877996,240.47966285335414,644,6611.729029073188,37810.49501385817,0,95,95,0.5070511722216187,0.5188118955539682,0.40041236260751434,0.609583865492356,0.3862210095915273,0.6134249023600256
trial_0020_bite_016_withdrawal,trial_0020_bite_016,trial_0020,withdrawal,0,HumanGT,95,95,100.0,-2.651808125678645,0.0,True,True,True,True,95,1,658,3.0595927452679383,0.02156906272259196,658,0.6286316960161117,2.156906272259194,651,32.953198142221424,165.87394202010032,644,5038.316267771338,28812.966978683515,0,95,95,0.5896929038079259,0.5919708155981258,0.5468361959715411,0.6236027090032447,0.5334379836754646,0.627866842422609
trial_0020_bite_017_withdrawal,trial_0020_bite_017,trial_0020,withdrawal,0,B0,104,104,100.0,-2.722567700525891,0.0,True,True,True,True,104,1,721,6.487782037449616,0.04926736607112891,721,1.3886093313447112,4.926736607112886,714,37.143490417643605,264.51183852358844,707,5211.1347545009985,51424.588454651006,0,104,104,0.47157540676630766,0.6872060301449129,0.04186724593080489,0.8075953195400574,0.032079994875365614,0.8193820136121719
trial_0020_bite_017_withdrawal,trial_0020_bite_017,trial_0020,withdrawal,0,B1,104,104,100.0,-2.722567700525891,0.06385547560343774,True,True,True,True,104,1,721,6.498893421392959,0.05023954924463947,721,1.381880816344064,5.0239549244639425,714,37.671879573645086,275.62916592010777,707,5319.323781798586,53241.688239261755,0,104,104,0.49808634344939884,0.6933165127153245,0.06237555517764681,0.8397890447797731,0.04868551865655402,0.856804450296816
trial_0020_bite_017_withdrawal,trial_0020_bite_017,trial_0020,withdrawal,0,B2,104,104,100.0,-2.722567700525891,0.0017112766087570286,True,True,True,True,104,1,721,6.306776754350686,0.04739631143854117,721,1.3129072082402886,4.739631143854113,714,37.3788910096602,284.44047120021975,707,5363.725055993166,54111.354232257414,0,104,104,0.5304161254158528,0.692108251181833,0.12169712742892408,0.8408004143262195,0.10102067033149353,0.8588493757384954
trial_0020_bite_017_withdrawal,trial_0020_bite_017,trial_0020,withdrawal,0,B3,104,104,100.0,-2.722567700525891,0.0035838344313177117,True,True,True,True,104,1,721,6.676198340539774,0.05898558930229414,721,1.374789648652308,5.898558930229409,714,59.4017495476704,539.9811243228914,707,9681.466701445184,84091.69239335212,0,104,104,0.5327041198897349,0.6901215769260138,0.1153282315274382,0.8547469584870193,0.09153268153408356,0.8813811585715106
trial_0020_bite_017_withdrawal,trial_0020_bite_017,trial_0020,withdrawal,0,StrongLocal,104,104,100.0,-2.722567700525891,0.0051572174531964166,True,True,True,True,104,1,721,6.669400460125797,0.06404728873243126,721,1.3835285163030462,6.404728873243121,714,69.50136536953113,628.41895728737,707,11716.131335071663,94861.80703931054,0,104,104,0.5397274783691396,0.6921371469319593,0.12547055852106975,0.8626216128916353,0.10398367127854402,0.8978517971264321
trial_0020_bite_017_withdrawal,trial_0020_bite_017,trial_0020,withdrawal,0,H_star,104,104,100.0,-2.722567700525891,0.038101693100191625,True,True,True,True,104,1,721,6.705180345434746,0.06176348061366932,721,1.3690324844868953,6.176348061366927,714,61.104949114640156,465.05793259111886,707,9991.11174941262,79338.54145748122,0,104,104,0.5290118954796342,0.6912241004976333,0.1278580640806231,0.8490950314769106,0.10789025684201747,0.869065486285489
trial_0020_bite_017_withdrawal,trial_0020_bite_017,trial_0020,withdrawal,0,HumanGT,104,104,100.0,-2.722567700525891,0.0,True,True,True,True,104,1,721,6.446833057523478,0.04568626169862533,721,1.3160883218813606,4.568626169862529,714,39.30510224001394,303.80575939462364,707,5644.9098075289985,56486.390036100645,0,104,104,0.6013896292202529,0.6871853496744545,0.2804798996652582,0.877938337885694,0.24731679485547486,0.9136414699335307
trial_0020_bite_018_transfer,trial_0020_bite_018,trial_0020,transfer,0,B0,201,201,100.0,-2.8739019821130394,0.0,True,True,True,True,201,1,1400,3.316688177298813,0.012526639309559773,1400,0.33587816485803773,1.2526639309559797,1393,11.277849036477681,65.17062875855764,1386,1629.1278997135917,11090.599913715008,0,201,201,0.6490174199832568,0.7224579738422052,0.33666739287266934,0.8019902345382028,0.31922537145326246,0.8061079388742161
trial_0020_bite_018_transfer,trial_0020_bite_018,trial_0020,transfer,0,B1,201,201,100.0,-2.8739019821130394,0.13806180816095326,True,True,True,True,201,1,1400,3.501858896795303,0.01297366036696923,1400,0.35126931113168075,1.2973660366969255,1393,11.342173620385564,64.96077924237588,1386,1637.5689551542073,11084.88656356558,0,201,201,0.6744260541544408,0.7507304691156176,0.33986307696160734,0.8397896441444719,0.32103552219773923,0.8422376601694079
trial_0020_bite_018_transfer,trial_0020_bite_018,trial_0020,transfer,0,B2,201,201,100.0,-2.8739019821130394,0.0017112766087565845,True,True,True,True,201,1,1400,3.0456031350817128,0.010996521952772342,1400,0.3041375660665466,1.0996521952772362,1393,11.06627065465158,64.11308853276701,1386,1600.752356962695,10781.973685124272,0,201,201,0.5921143424715324,0.6535537722614466,0.32533174077744964,0.741558893234318,0.31323334461446106,0.7453891367122445
trial_0020_bite_018_transfer,trial_0020_bite_018,trial_0020,transfer,0,B3,201,201,100.0,-2.8739019821130394,0.0035838344313172676,True,True,True,True,201,1,1400,3.332568228807549,0.024451940352984147,1400,0.33629143511086484,2.4451940352984147,1393,19.818892306999214,220.17720108137738,1386,2976.173179341517,29026.40038742588,0,201,201,0.5892944335228736,0.6585517374709853,0.3091011046901253,0.7438138009229576,0.2944484582496494,0.7473320888374895
trial_0020_bite_018_transfer,trial_0020_bite_018,trial_0020,transfer,0,StrongLocal,201,201,100.0,-2.8739019821130394,0.025241906064093822,True,True,True,True,201,1,1400,3.3073627115801187,0.017385535566135868,1400,0.32802224274707403,1.7385535566135868,1393,16.503158182543956,155.36845437356118,1386,2495.3687263037687,16884.754980369016,0,201,201,0.6058997054230902,0.6734567051043474,0.31623235424402774,0.7654294717782584,0.3036003870916575,0.7669405150934892
trial_0020_bite_018_transfer,trial_0020_bite_018,trial_0020,transfer,0,H_star,201,201,100.0,-2.8739019821130394,0.0024360428450620475,True,True,True,True,201,1,1400,3.2791806050311854,0.017711934256853027,1400,0.32684331225946184,1.7711934256853026,1393,20.72199821380518,174.9974293593093,1386,3371.2184022713386,27620.303987944364,0,201,201,0.5938740275495232,0.6512998251405726,0.31402481027242946,0.7664170195786149,0.3066579450458169,0.7680096913454353
trial_0020_bite_018_transfer,trial_0020_bite_018,trial_0020,transfer,0,HumanGT,201,201,100.0,-2.8739019821130394,0.0,True,True,True,True,201,1,1400,3.1159821149057816,0.012874770643439115,1400,0.31376849308927635,1.2874770643439117,1393,17.234715955223244,98.06866448934598,1386,2888.167466761069,16117.013602496168,0,201,201,0.589580610619035,0.6575356127766958,0.3213644521323531,0.744778795385832,0.31010749977184227,0.7466727341032762
trial_0020_bite_018_withdrawal,trial_0020_bite_018,trial_0020,withdrawal,0,B0,108,108,100.0,-2.754843789152075,0.0,True,True,True,True,108,1,749,6.4539735636219255,0.05598474307789303,749,1.3068853498169157,5.5984743077892976,742,31.32183750723065,171.4506862330142,735,3606.817075312197,32498.729156691596,0,108,108,0.5698562027563268,0.7677390467392236,0.08619972305098873,0.9154517833468341,0.07847169807502574,0.9250478280569787
trial_0020_bite_018_withdrawal,trial_0020_bite_018,trial_0020,withdrawal,0,B1,108,108,100.0,-2.754843789152075,0.06385547560343774,True,True,True,True,108,1,749,6.450173269258327,0.05753411024042787,749,1.2967908250792706,5.753411024042782,742,31.947542932334716,177.54646342822835,735,3682.655054192546,33173.85875119715,0,108,108,0.5896491186762177,0.7673822642468078,0.09720551548104917,0.9469515500613925,0.0866821150474344,0.9596595421345446
trial_0020_bite_018_withdrawal,trial_0020_bite_018,trial_0020,withdrawal,0,B2,108,108,100.0,-2.754843789152075,0.0017112766087570286,True,True,True,True,108,1,749,6.167608595204884,0.05352716188092188,749,1.2157514254060624,5.352716188092184,742,31.81014961397309,171.12759655125015,735,3682.4798069959525,32438.39770201727,0,108,108,0.6073999968838967,0.7670253704609278,0.13224142222714944,0.9138522639568417,0.11754849404459389,0.9374065980256665
trial_0020_bite_018_withdrawal,trial_0020_bite_018,trial_0020,withdrawal,0,B3,108,108,100.0,-2.754843789152075,0.0035838344313177117,True,True,True,True,108,1,749,6.65851155949678,0.05292170544686581,749,1.2802775297681206,5.292170544686576,742,39.921016101286696,241.15421188441843,735,5109.649269921397,37186.05346437645,0,108,108,0.6094586588883236,0.7657520532302085,0.12443403373792154,0.9136119744530938,0.10967555153739461,0.9490872241315165
trial_0020_bite_018_withdrawal,trial_0020_bite_018,trial_0020,withdrawal,0,StrongLocal,108,108,100.0,-2.754843789152075,0.00581999165317626,True,True,True,True,108,1,749,6.553516261522434,0.05392599102750939,749,1.27243724775338,5.392599102750935,742,39.71621981345375,217.05462633088402,735,4866.887327368938,35083.08356216074,0,108,108,0.6155451748728239,0.7656416407561857,0.13238519669488005,0.9284814153043638,0.11838184673244534,0.9615563399318585
trial_0020_bite_018_withdrawal,trial_0020_bite_018,trial_0020,withdrawal,0,H_star,108,108,100.0,-2.754843789152075,0.03822725685017403,True,True,True,True,108,1,749,6.572952170079992,0.04788408773958164,749,1.255391686129856,4.788408773958159,742,40.32768135850781,175.98284321524844,735,5508.465191835226,30080.18948207321,0,108,108,0.6046770000092668,0.7658268990960189,0.1287819287622473,0.9063403262928024,0.11325714365194361,0.9306607705393741
trial_0020_bite_018_withdrawal,trial_0020_bite_018,trial_0020,withdrawal,0,HumanGT,108,108,100.0,-2.754843789152075,0.0,True,True,True,True,108,1,749,6.346646657454041,0.053454649978806223,749,1.2201723791723984,5.345464997880618,742,35.15538325021686,177.34288169669344,735,4297.762809844362,32715.07332058807,0,108,108,0.6871673001682395,0.7661843396503065,0.32044285420703894,0.9351250159874451,0.2970837787848275,0.9812706120868611
trial_0020_bite_019_withdrawal,trial_0020_bite_019,trial_0020,withdrawal,0,B0,90,90,100.0,-2.6522521488205735,0.0,True,True,True,True,90,1,623,5.671371788744288,0.05657544358214128,623,1.3187758287280997,5.657544358214123,616,34.43463212720852,205.157538948146,609,3898.598275114351,24136.96633447397,0,90,90,0.37856648504963825,0.2972857018548206,0.028852883291301114,0.7500995200628645,0.024447305828461996,0.7545023488686078
trial_0020_bite_019_withdrawal,trial_0020_bite_019,trial_0020,withdrawal,0,B1,90,90,100.0,-2.6522521488205735,0.06385547560343818,True,True,True,True,90,1,623,5.585600440585462,0.056577391863178006,623,1.2957355701228592,5.657739186317795,616,34.601320857009206,208.9644473134374,609,3931.370933528032,24415.80198015351,0,90,90,0.398038348913304,0.3250625525274671,0.04432217768200579,0.7665993923317037,0.035835019334848006,0.7711063173896655
trial_0020_bite_019_withdrawal,trial_0020_bite_019,trial_0020,withdrawal,0,B2,90,90,100.0,-2.6522521488205735,0.0017112766087574727,True,True,True,True,90,1,623,5.45262955719631,0.05411486410012878,623,1.24105030354539,5.4114864100128734,616,34.80737752901159,212.41460402380028,609,3965.7853235144403,25117.34263346192,0,90,90,0.4388519244109439,0.3978147957885867,0.09248326945003406,0.768767848310634,0.07089716159147574,0.7755182350580112
trial_0020_bite_019_withdrawal,trial_0020_bite_019,trial_0020,withdrawal,0,B3,90,90,100.0,-2.6522521488205735,0.003583834431318156,True,True,True,True,90,1,623,5.722557591586111,0.060532122913840025,623,1.2910025632568718,6.053212291383997,616,43.87931695999149,227.0657114708033,609,5721.791562012616,35476.88558834103,0,90,90,0.44589222323783323,0.4012316359419581,0.0865757862237009,0.7975518395514244,0.06533019651753236,0.8053079151285047
trial_0020_bite_019_withdrawal,trial_0020_bite_019,trial_0020,withdrawal,0,StrongLocal,90,90,100.0,-2.6522521488205735,0.01421115684077634,True,True,True,True,90,1,623,5.617983752234033,0.06076162267786955,623,1.2753574498622375,6.07616226778695,616,42.508741161930224,283.1894483873545,609,5615.127792972686,41746.578062132954,0,90,90,0.4473087257901239,0.40152586769690624,0.09728704188665815,0.7886323034489973,0.07281168706030217,0.7964231104796962
trial_0020_bite_019_withdrawal,trial_0020_bite_019,trial_0020,withdrawal,0,H_star,90,90,100.0,-2.6522521488205735,0.05532390572292023,True,True,True,True,90,1,623,5.706003790078517,0.052189871498797835,623,1.2788106449627257,5.2189871498798075,616,45.231192520843614,211.5407643273933,609,6087.889814337493,28167.524539980608,0,90,90,0.4368887099539313,0.39171238432195,0.09122832131142775,0.7699865468978518,0.06626495269960264,0.7775602616910098
trial_0020_bite_019_withdrawal,trial_0020_bite_019,trial_0020,withdrawal,0,HumanGT,90,90,100.0,-2.6522521488205735,0.0,True,True,True,True,90,1,623,6.01909220764751,0.05744780337084254,623,1.3252068618669992,5.744780337084281,616,37.50199778553172,244.29614863024054,609,4508.275533570143,26550.702031016703,0,90,90,0.5870116425869042,0.6483557729414202,0.27124309569286714,0.8852917651032037,0.2306395534840573,0.933726610499654
