scope,grouping,group,strategy,total_source_frames,source_frames,attempted_frames,valid_runs,SUCCESS_EXACT,JOINT_LIMIT,NO_VALID_BRANCH,other_failures,success_percent,status_counts_json,abs_psi_difference_from_HumanGT_rad_count,abs_psi_difference_from_HumanGT_rad_mean,abs_psi_difference_from_HumanGT_rad_median,abs_psi_difference_from_HumanGT_rad_p05,abs_psi_difference_from_HumanGT_rad_p95,abs_psi_difference_from_HumanGT_rad_min,abs_psi_difference_from_HumanGT_rad_max,aligned_pinch_position_error_m_count,aligned_pinch_position_error_m_mean,aligned_pinch_position_error_m_median,aligned_pinch_position_error_m_p05,aligned_pinch_position_error_m_p95,aligned_pinch_position_error_m_min,aligned_pinch_position_error_m_max,aligned_pinch_orientation_error_rad_count,aligned_pinch_orientation_error_rad_mean,aligned_pinch_orientation_error_rad_median,aligned_pinch_orientation_error_rad_p05,aligned_pinch_orientation_error_rad_p95,aligned_pinch_orientation_error_rad_min,aligned_pinch_orientation_error_rad_max,psi_error_rad_count,psi_error_rad_mean,psi_error_rad_median,psi_error_rad_p05,psi_error_rad_p95,psi_error_rad_min,psi_error_rad_max,virtual_utensil_position_error_m_count,virtual_utensil_position_error_m_mean,virtual_utensil_position_error_m_median,virtual_utensil_position_error_m_p05,virtual_utensil_position_error_m_p95,virtual_utensil_position_error_m_min,virtual_utensil_position_error_m_max,virtual_utensil_orientation_error_rad_count,virtual_utensil_orientation_error_rad_mean,virtual_utensil_orientation_error_rad_median,virtual_utensil_orientation_error_rad_p05,virtual_utensil_orientation_error_rad_p95,virtual_utensil_orientation_error_rad_min,virtual_utensil_orientation_error_rad_max,solve_time_ms_count,solve_time_ms_mean,solve_time_ms_median,solve_time_ms_p05,solve_time_ms_p95,solve_time_ms_min,solve_time_ms_max,support_frames,support_runs,joint_step_support_values,total_wrapped_joint_travel_rad,max_wrapped_joint_step_rad,velocity_support_values,rms_joint_velocity_rad_s,max_joint_velocity_rad_s,acceleration_support_values,rms_joint_acceleration_rad_s2,max_joint_acceleration_rad_s2,jerk_support_values,rms_joint_jerk_rad_s3,max_joint_jerk_rad_s3,branch_changes,joint_limit_margin_support_frames,joint_limit_margin_rad_count,joint_limit_margin_rad_mean,joint_limit_margin_rad_median,joint_limit_margin_rad_p05,joint_limit_margin_rad_p95,joint_limit_margin_rad_min,joint_limit_margin_rad_max
feasibility,overall,overall,B0,33999.0,32216.0,32216.0,288.0,30931.0,318.0,967.0,0.0,96.01129873354854,"{""JOINT_LIMIT"": 318, ""NO_VALID_BRANCH"": 967, ""SUCCESS_EXACT"": 30931}",32216.0,0.12864726058047324,0.08714937638256526,0.00256601590484562,0.39283865052193334,0.0,0.721734878319694,30931.0,3.899270860460905e-11,2.0471746951570558e-11,1.6284698772118032e-12,1.230731223806864e-10,2.249571853013791e-15,1.6667795034567373e-09,30931.0,2.328543848890672e-10,1.222563622835736e-10,9.675101814463094e-12,7.347578493169314e-10,9.358830075080606e-15,9.953453739671361e-09,30931.0,3.854981776951041e-14,2.3092638912203256e-14,2.220446049250313e-15,8.79296635503124e-14,0.0,2.397371190454578e-11,30931.0,3.899270860460905e-11,2.0471746951570558e-11,1.6284698772118032e-12,1.230731223806864e-10,2.249571853013791e-15,1.6667795034567373e-09,30931.0,2.328543848890674e-10,1.2225636228357373e-10,9.6751018144631e-12,7.34757849316932e-10,9.358830075080613e-15,9.95345373967137e-09,32216.0,9.531028588209246,9.001700003864244,6.008575001033023,15.233524987706915,0.4089000285603106,93.46420003566891,,,,,,,,,,,,,,,,,,,,,,,
all_method_common_success,overall,overall,B0,,,,,,,,,,,,,,,,,,,,,,,,,,,,,,,,,,,,,,,,,,,,,,,,,,,,,,,,,,,,30878.0,294.0,214088.0,1459.5864058839938,3.129919314235,214088.0,4.624253270143513,312.9919314234997,212093.0,613.5433323323598,47160.427456794634,210105.0,104941.05276152215,7074052.606725636,23.0,30878.0,30878.0,0.607574475632873,0.6466853894099884,0.17450958589033735,0.9127036638325406,1.0969169156105352e-05,1.0929380256907408
feasibility,overall,overall,B1,33999.0,32216.0,32216.0,288.0,31005.0,273.0,938.0,0.0,96.2409982617333,"{""JOINT_LIMIT"": 273, ""NO_VALID_BRANCH"": 938, ""SUCCESS_EXACT"": 31005}",32216.0,0.1414499236810121,0.11086748386764711,0.005178545320066452,0.3793710752014814,0.0,0.6234872945226293,31005.0,4.371830127203328e-11,2.2123530097420317e-11,1.8096770661005588e-12,1.4272417886264815e-10,7.09240499826988e-15,1.6588104271540955e-09,31005.0,2.610738208893577e-10,1.3210127064296125e-10,1.0796103799533419e-11,8.523074307594194e-10,3.0831607719248614e-14,9.906060377585926e-09,31005.0,3.9938107829921966e-14,2.1760371282653068e-14,1.7763568394002505e-15,8.08242361927114e-14,0.0,9.71800417914892e-11,31005.0,4.371830127203328e-11,2.2123530097420317e-11,1.8096770661005588e-12,1.4272417886264815e-10,7.09240499826988e-15,1.6588104271540955e-09,31005.0,2.610738208893579e-10,1.3210127064296137e-10,1.0796103799533429e-11,8.523074307594201e-10,3.083160771924864e-14,9.906060377585932e-09,32216.0,9.46873753416239,8.97570000961423,5.974774991045706,15.322275023208931,0.41280000004917383,83.60529999481514,,,,,,,,,,,,,,,,,,,,,,,
all_method_common_success,overall,overall,B1,,,,,,,,,,,,,,,,,,,,,,,,,,,,,,,,,,,,,,,,,,,,,,,,,,,,,,,,,,,,30878.0,294.0,214088.0,1480.5279276445951,3.14146119538727,214088.0,4.688648428781658,314.14611953872674,212093.0,621.1092470373117,62752.15702984996,210105.0,104168.542161491,9412709.262782494,18.0,30878.0,30878.0,0.6290459826045226,0.6724161360609877,0.19772708255165616,0.9335192687078797,0.003177934588071807,1.1160904325020313
feasibility,overall,overall,B2,33999.0,32216.0,32216.0,288.0,31173.0,41.0,1002.0,0.0,96.76247827166625,"{""JOINT_LIMIT"": 41, ""NO_VALID_BRANCH"": 1002, ""SUCCESS_EXACT"": 31173}",32216.0,0.07742697517215827,0.05108716628575305,0.0018519447562365121,0.2577031850873639,0.0,0.529065017430812,31173.0,3.538517537835278e-11,1.9155237733749236e-11,1.5598505109532708e-12,1.1826393485836108e-10,2.419834168474144e-15,1.610126239967179e-09,31173.0,2.1131079325768287e-10,1.1434996101315789e-10,9.325772327273039e-12,7.062353376137833e-10,2.261006434874484e-14,9.615383933241985e-09,31173.0,3.143977235227791e-14,2.1760371282653068e-14,1.7763568394002505e-15,7.682743330406083e-14,0.0,1.7929657758486428e-11,31173.0,3.538517537835278e-11,1.9155237733749236e-11,1.5598505109532708e-12,1.1826393485836108e-10,2.419834168474144e-15,1.610126239967179e-09,31173.0,2.11310793257683e-10,1.1434996101315797e-10,9.325772327273047e-12,7.062353376137839e-10,2.2610064348744856e-14,9.615383933241994e-09,32216.0,9.25361636131976,8.974450000096112,5.938375034020282,14.90617499803193,0.41579996468499303,81.84970001457259,,,,,,,,,,,,,,,,,,,,,,,
all_method_common_success,overall,overall,B2,,,,,,,,,,,,,,,,,,,,,,,,,,,,,,,,,,,,,,,,,,,,,,,,,,,,,,,,,,,,30878.0,294.0,214088.0,1325.3890815947466,3.1313232125422106,214088.0,2.872889173932161,313.13232125422076,212093.0,360.9266030094179,31490.221511224838,210105.0,58772.84075294676,6293600.479099562,13.0,30878.0,30878.0,0.6031428371003255,0.6348236654332415,0.24199551759472435,0.8837235891537919,0.0011552091871527281,1.046267990964198
feasibility,overall,overall,B3,33999.0,32216.0,32216.0,288.0,31174.0,41.0,1001.0,0.0,96.76558231934443,"{""JOINT_LIMIT"": 41, ""NO_VALID_BRANCH"": 1001, ""SUCCESS_EXACT"": 31174}",32216.0,0.07664459123233336,0.04977083672960214,0.0024531084735107678,0.2501576145062534,0.0,0.49520645656136786,31174.0,3.615977932694766e-11,1.929777289625232e-11,1.5706560371012796e-12,1.1905425247600477e-10,3.983673795794385e-15,1.6387392730014705e-09,31174.0,2.159356694861792e-10,1.1526750326084017e-10,9.357749430518118e-12,7.10984728904313e-10,1.3351855286698147e-14,9.786156331282478e-09,31174.0,4.214897216489195e-14,2.1760371282653068e-14,1.7763568394002505e-15,7.682743330406083e-14,0.0,2.987352587524583e-10,31174.0,3.615977932694766e-11,1.929777289625232e-11,1.5706560371012796e-12,1.1905425247600477e-10,3.983673795794385e-15,1.6387392730014705e-09,31174.0,2.1593566948617937e-10,1.1526750326084026e-10,9.357749430518125e-12,7.109847289043133e-10,1.3351855286698156e-14,9.786156331282486e-09,32216.0,9.336830323456812,8.980599988717586,5.94467502378393,14.978125022025779,0.41690003126859665,88.10000005178154,,,,,,,,,,,,,,,,,,,,,,,
all_method_common_success,overall,overall,B3,,,,,,,,,,,,,,,,,,,,,,,,,,,,,,,,,,,,,,,,,,,,,,,,,,,,,,,,,,,,30878.0,294.0,214088.0,1412.906648834613,3.1390125550507126,214088.0,3.6600682288970643,313.901255505071,212093.0,512.994629313699,62730.739093758755,210105.0,87289.52927468861,9415338.61649333,20.0,30878.0,30878.0,0.6003714561014927,0.631891339045316,0.23499136398232076,0.8799497727629468,0.0012046332676467486,1.0443771465693326
feasibility,overall,overall,StrongLocal,33999.0,32216.0,32216.0,288.0,31178.0,42.0,996.0,0.0,96.77799851005712,"{""JOINT_LIMIT"": 42, ""NO_VALID_BRANCH"": 996, ""SUCCESS_EXACT"": 31178}",32216.0,0.07881320006343911,0.052034541310905125,0.0026393188474771456,0.25386624759149123,0.0,0.5792296615522718,31178.0,3.681078533637219e-11,1.957524784722119e-11,1.6570966640963707e-12,1.234395286399386e-10,1.114724181185034e-15,1.578809040909765e-09,31178.0,2.1982442842406204e-10,1.169291928872123e-10,9.915288164925988e-12,7.37125608841976e-10,1.1243682471790147e-14,9.428329412541801e-09,31178.0,3.452465289941507e-14,2.1760371282653068e-14,1.7763568394002505e-15,7.771561172376096e-14,0.0,8.90527651620232e-11,31178.0,3.681078533637219e-11,1.957524784722119e-11,1.6570966640963707e-12,1.234395286399386e-10,1.114724181185034e-15,1.578809040909765e-09,31178.0,2.198244284240622e-10,1.169291928872124e-10,9.915288164925995e-12,7.371256088419766e-10,1.1243682471790158e-14,9.428329412541808e-09,32216.0,9.284382555167342,8.980899991001934,5.940675007877871,14.906750002410263,0.4096999764442444,88.46780000021681,,,,,,,,,,,,,,,,,,,,,,,
all_method_common_success,overall,overall,StrongLocal,,,,,,,,,,,,,,,,,,,,,,,,,,,,,,,,,,,,,,,,,,,,,,,,,,,,,,,,,,,,30878.0,294.0,214088.0,1409.1469687146996,3.138916123306218,214088.0,3.65204943038516,313.8916123306215,212093.0,492.66700896836045,61488.08209189291,210105.0,83145.24395840846,9236322.361698605,19.0,30878.0,30878.0,0.6071070483808707,0.6419345256525381,0.2389548034688982,0.8865915355257737,0.0010663462958309111,1.0441464773029638
feasibility,overall,overall,H_star,33999.0,32216.0,32216.0,288.0,31173.0,43.0,1000.0,0.0,96.76247827166625,"{""JOINT_LIMIT"": 43, ""NO_VALID_BRANCH"": 1000, ""SUCCESS_EXACT"": 31173}",32216.0,0.07604838233565213,0.04996365299144556,0.0022327856717193617,0.24924158593497192,0.0,0.5720630997569494,31173.0,3.6063843318107625e-11,1.9486530715141456e-11,1.6032402001291707e-12,1.2201394763053286e-10,3.314903602021605e-15,1.6696501184917328e-09,31173.0,2.1536314519244426e-10,1.1631769952074867e-10,9.605738765479049e-12,7.286077614458176e-10,1.9355309404615077e-14,9.97067350318012e-09,31173.0,3.174465007274117e-14,2.1316282072803006e-14,1.7763568394002505e-15,7.682743330406083e-14,0.0,3.963007699780974e-11,31173.0,3.6063843318107625e-11,1.9486530715141456e-11,1.6032402001291707e-12,1.2201394763053286e-10,3.314903602021605e-15,1.6696501184917328e-09,31173.0,2.1536314519244442e-10,1.1631769952074875e-10,9.605738765479057e-12,7.286077614458181e-10,1.9355309404615096e-14,9.970673503180128e-09,32216.0,9.348668171247558,8.992049988592044,5.937699985224754,14.98810003977269,0.4113000468350947,77.91880000149831,,,,,,,,,,,,,,,,,,,,,,,
all_method_common_success,overall,overall,H_star,,,,,,,,,,,,,,,,,,,,,,,,,,,,,,,,,,,,,,,,,,,,,,,,,,,,,,,,,,,,30878.0,294.0,214088.0,1423.112234835432,3.140756721842512,214088.0,3.364462966591723,314.07567218425095,212093.0,434.9672561759047,31530.431793876505,210105.0,70567.30859288745,6291959.051051004,19.0,30878.0,30878.0,0.6046848181774623,0.635469947903739,0.2384787763442149,0.8888179030565413,0.0012467220398724166,1.0392683075140834
feasibility,overall,overall,HumanGT,33999.0,32216.0,32216.0,288.0,31058.0,154.0,1004.0,0.0,96.40551278867643,"{""JOINT_LIMIT"": 154, ""NO_VALID_BRANCH"": 1004, ""SUCCESS_EXACT"": 31058}",32216.0,0.0,0.0,0.0,0.0,0.0,0.0,31058.0,3.3336704064323137e-11,1.896436494006142e-11,1.5589553496599811e-12,1.1259492196337465e-10,7.550332863779066e-16,1.5036845858345487e-09,31058.0,1.990766110814807e-10,1.1326890270883703e-10,9.335413532569332e-12,6.724820918489662e-10,3.3401431882421017e-15,8.979872702977652e-09,31058.0,3.162963841227893e-14,2.0872192862952943e-14,1.7763568394002505e-15,7.460698725481052e-14,0.0,2.6254998175545552e-11,31058.0,3.3336704064323137e-11,1.896436494006142e-11,1.5589553496599811e-12,1.1259492196337465e-10,7.550332863779066e-16,1.5036845858345487e-09,31058.0,1.9907661108148082e-10,1.1326890270883712e-10,9.335413532569339e-12,6.724820918489668e-10,3.3401431882421044e-15,8.979872702977657e-09,32216.0,18.332223510022466,8.978100027889013,5.944275020738132,15.001075022155419,0.4171000327914953,288779.7615000163,,,,,,,,,,,,,,,,,,,,,,,
all_method_common_success,overall,overall,HumanGT,,,,,,,,,,,,,,,,,,,,,,,,,,,,,,,,,,,,,,,,,,,,,,,,,,,,,,,,,,,,30878.0,294.0,214088.0,1326.6986000319214,3.1178211268421117,214088.0,2.6261157562549324,311.7821126842109,212093.0,309.2086293129845,30961.772327267212,210105.0,46050.617595390075,6190247.9558288185,12.0,30878.0,30878.0,0.6139768488111746,0.6474658997598937,0.255076485648738,0.8958622408613096,0.005228083920412185,1.074710124975569
feasibility,phase,transfer,B0,19495.0,18107.0,18107.0,135.0,17217.0,0.0,890.0,0.0,95.08477384436958,"{""NO_VALID_BRANCH"": 890, ""SUCCESS_EXACT"": 17217}",18107.0,0.10410527219523526,0.07860942240155966,0.002959752963970752,0.28591547058529765,0.0,0.4174834379438872,17217.0,3.059367755266475e-11,1.914876323570463e-11,1.500860525881138e-12,9.803277927959143e-11,2.249571853013791e-15,1.3175481747889748e-09,17217.0,1.8269727312057413e-10,1.1439729887961379e-10,8.944793799704319e-12,5.854481949635625e-10,2.0158021030947975e-14,7.868115366569709e-09,17217.0,3.4159428688318676e-14,2.4424906541753444e-14,2.220446049250313e-15,7.771561172376096e-14,0.0,2.397371190454578e-11,17217.0,3.059367755266475e-11,1.914876323570463e-11,1.500860525881138e-12,9.803277927959143e-11,2.249571853013791e-15,1.3175481747889748e-09,17217.0,1.826972731205743e-10,1.1439729887961386e-10,8.944793799704325e-12,5.854481949635629e-10,2.0158021030947994e-14,7.868115366569714e-09,18107.0,8.97624785977478,8.984799962490797,5.940780008677393,14.722589997109027,0.5833999603055418,81.34360000258312,,,,,,,,,,,,,,,,,,,,,,,
all_method_common_success,phase,transfer,B0,,,,,,,,,,,,,,,,,,,,,,,,,,,,,,,,,,,,,,,,,,,,,,,,,,,,,,,,,,,,17169.0,139.0,119210.0,512.8486513175827,1.386965143629082,119210.0,0.9523693462363044,138.69651436290806,118237.0,87.20613549458584,13519.203362572485,117264.0,12965.873335363829,1702737.4623455703,2.0,17169.0,17169.0,0.6483026770623675,0.6780468149500027,0.3187336407197562,0.9299983591072568,0.012142539252518958,1.0929380256907408
feasibility,phase,transfer,B1,19495.0,18107.0,18107.0,135.0,17246.0,0.0,861.0,0.0,95.24493289887889,"{""NO_VALID_BRANCH"": 861, ""SUCCESS_EXACT"": 17246}",18107.0,0.15301756896109547,0.13491493329777926,0.005860252065225158,0.36554740528000157,0.0,0.5348135200711885,17246.0,4.053526140708112e-11,2.2181768802742687e-11,1.7590486564790718e-12,1.253343664971837e-10,7.093328202128068e-15,1.6472598739959553e-09,17246.0,2.4206403286148513e-10,1.3250025109015336e-10,1.0468133515869162e-11,7.484639065230753e-10,5.4159911735424625e-14,9.837083380721134e-09,17246.0,4.0840679891527596e-14,2.3092638912203256e-14,2.220446049250313e-15,7.460698725481052e-14,0.0,9.71800417914892e-11,17246.0,4.053526140708112e-11,2.2181768802742687e-11,1.7590486564790718e-12,1.253343664971837e-10,7.093328202128068e-15,1.6472598739959553e-09,17246.0,2.4206403286148523e-10,1.3250025109015346e-10,1.0468133515869168e-11,7.484639065230759e-10,5.415991173542467e-14,9.837083380721142e-09,18107.0,8.895919931469587,8.94440000411123,5.898189975414425,14.813489990774542,0.6717999931424856,83.60529999481514,,,,,,,,,,,,,,,,,,,,,,,
all_method_common_success,phase,transfer,B1,,,,,,,,,,,,,,,,,,,,,,,,,,,,,,,,,,,,,,,,,,,,,,,,,,,,,,,,,,,,17169.0,139.0,119210.0,550.3130625918734,3.14146119538727,119210.0,2.143349227691774,314.14611953872674,118237.0,291.9895393562541,31411.645251401085,117264.0,50721.7507465957,6278742.237358666,2.0,17169.0,17169.0,0.6687028746825802,0.7014162659534948,0.3271281092363064,0.9516288460079568,0.05196911236276058,1.1160904325020313
feasibility,phase,transfer,B2,19495.0,18107.0,18107.0,135.0,17182.0,0.0,925.0,0.0,94.8914784337549,"{""NO_VALID_BRANCH"": 925, ""SUCCESS_EXACT"": 17182}",18107.0,0.06148546489140309,0.047728895851604225,0.001960427587310898,0.16846687757255274,0.0,0.289943273217669,17182.0,2.4798330560816025e-11,1.684681309818367e-11,1.396109385899257e-12,7.596019663114074e-11,2.819753390353182e-15,1.0987923127972066e-09,17182.0,1.4808822898910095e-10,1.0060919252259971e-10,8.280955862880674e-12,4.535217551574182e-10,2.29519706987848e-14,6.561754696083894e-09,17182.0,3.658662374471399e-14,2.5757174171303632e-14,2.220446049250313e-15,8.215650382226158e-14,0.0,1.7929657758486428e-11,17182.0,2.4798330560816025e-11,1.684681309818367e-11,1.396109385899257e-12,7.596019663114074e-11,2.819753390353182e-15,1.0987923127972066e-09,17182.0,1.4808822898910102e-10,1.006091925225998e-10,8.280955862880679e-12,4.535217551574187e-10,2.2951970698784818e-14,6.561754696083897e-09,18107.0,9.013319671898381,8.99030000437051,5.917799967573956,14.505540014943108,0.501000031363219,81.84970001457259,,,,,,,,,,,,,,,,,,,,,,,
all_method_common_success,phase,transfer,B2,,,,,,,,,,,,,,,,,,,,,,,,,,,,,,,,,,,,,,,,,,,,,,,,,,,,,,,,,,,,17169.0,139.0,119210.0,513.6870431316097,2.1813053402708285,119210.0,1.7299851266361765,218.1305340270875,118237.0,198.7238740608838,24329.095705470907,117264.0,30475.64144716661,4539757.964363674,6.0,17169.0,17169.0,0.6091200679328741,0.6327595099414314,0.29414606164807305,0.8828213434344981,0.0011552091871527281,1.046267990964198
feasibility,phase,transfer,B3,19495.0,18107.0,18107.0,135.0,17183.0,0.0,924.0,0.0,94.89700115977246,"{""NO_VALID_BRANCH"": 924, ""SUCCESS_EXACT"": 17183}",18107.0,0.06142574062763846,0.0459174990616642,0.0032481010759428663,0.17286876352318234,0.0,0.29295588599399514,17183.0,2.4381893686925853e-11,1.6709439320858702e-11,1.3550335373153836e-12,7.338171706290356e-11,7.0789233933558266e-15,1.3074662449616936e-09,17183.0,1.4560065641024675e-10,9.981296477165116e-11,8.093747859203715e-12,4.381702974286438e-10,1.3351855286698147e-14,7.806280485728662e-09,17183.0,5.602352209695517e-14,2.531308496145357e-14,2.220446049250313e-15,8.08242361927114e-14,0.0,2.987352587524583e-10,17183.0,2.4381893686925853e-11,1.6709439320858702e-11,1.3550335373153836e-12,7.338171706290356e-11,7.0789233933558266e-15,1.3074662449616936e-09,17183.0,1.456006564102469e-10,9.981296477165125e-11,8.093747859203722e-12,4.381702974286442e-10,1.3351855286698156e-14,7.806280485728668e-09,18107.0,9.079584547562266,9.003899991512299,5.918839975493029,14.643539977259934,0.5002999678254128,88.10000005178154,,,,,,,,,,,,,,,,,,,,,,,
all_method_common_success,phase,transfer,B3,,,,,,,,,,,,,,,,,,,,,,,,,,,,,,,,,,,,,,,,,,,,,,,,,,,,,,,,,,,,17169.0,139.0,119210.0,528.889429160973,2.515748268268933,119210.0,1.634371851465385,251.57482682688752,118237.0,206.08428175607048,28316.171577960158,117264.0,33116.970951931966,5347730.328406878,6.0,17169.0,17169.0,0.6045174638338282,0.6273079428713348,0.290497424358853,0.8739028000979416,0.0012046332676467486,1.0443771465693326
feasibility,phase,transfer,StrongLocal,19495.0,18107.0,18107.0,135.0,17188.0,0.0,919.0,0.0,94.92461478986027,"{""NO_VALID_BRANCH"": 919, ""SUCCESS_EXACT"": 17188}",18107.0,0.06509817172716979,0.048728304019562074,0.0031692053746073426,0.1769223164795057,0.0,0.3097913311915361,17188.0,2.5200633628478072e-11,1.7113858642390173e-11,1.4667358448697017e-12,7.591225441067653e-11,4.465888504216877e-15,1.578809040909765e-09,17188.0,1.5049110720966724e-10,1.0219892958791168e-10,8.71696586821268e-12,4.5337209510015e-10,3.058504181404003e-14,9.428329412541801e-09,17188.0,4.2272445725377356e-14,2.5757174171303632e-14,2.220446049250313e-15,8.215650382226158e-14,0.0,8.90527651620232e-11,17188.0,2.5200633628478072e-11,1.7113858642390173e-11,1.4667358448697017e-12,7.591225441067653e-11,4.465888504216877e-15,1.578809040909765e-09,17188.0,1.5049110720966737e-10,1.0219892958791176e-10,8.716965868212686e-12,4.533720951001504e-10,3.058504181404005e-14,9.428329412541808e-09,18107.0,9.035798956134927,8.999100013170391,5.931319994851947,14.47122000390664,0.577300030272454,88.46780000021681,,,,,,,,,,,,,,,,,,,,,,,
all_method_common_success,phase,transfer,StrongLocal,,,,,,,,,,,,,,,,,,,,,,,,,,,,,,,,,,,,,,,,,,,,,,,,,,,,,,,,,,,,17169.0,139.0,119210.0,533.9924741364617,1.8430338124737917,119210.0,1.692636563804886,184.303381247379,118237.0,183.03707995752967,20820.585188042118,117264.0,25243.49101890193,2417833.898025574,8.0,17169.0,17169.0,0.6102593150024649,0.6352087675975195,0.2935777729750054,0.8732573272702269,0.0010663462958309111,1.041864918860412
feasibility,phase,transfer,H_star,19495.0,18107.0,18107.0,135.0,17184.0,0.0,923.0,0.0,94.90252388579003,"{""NO_VALID_BRANCH"": 923, ""SUCCESS_EXACT"": 17184}",18107.0,0.06182185355986528,0.04616221720431257,0.0027445247528822938,0.17279862408863775,0.0,0.2902580769286831,17184.0,2.4374414511215388e-11,1.68894929854257e-11,1.4017834178941163e-12,7.361436471254836e-11,5.259461873446696e-15,7.857680200945632e-10,17184.0,1.4555530145310874e-10,1.0082265068640382e-10,8.35443194222488e-12,4.3968633045826943e-10,1.9355309404615077e-14,4.692358567791959e-09,17184.0,3.7183012720962e-14,2.531308496145357e-14,2.220446049250313e-15,8.126832540256146e-14,0.0,3.963007699780974e-11,17184.0,2.4374414511215388e-11,1.68894929854257e-11,1.4017834178941163e-12,7.361436471254836e-11,5.259461873446696e-15,7.857680200945632e-10,17184.0,1.4555530145310884e-10,1.0082265068640389e-10,8.354431942224885e-12,4.396863304582698e-10,1.9355309404615096e-14,4.692358567791962e-09,18107.0,9.095678384245788,9.00660001207143,5.91020000865683,14.661339996382596,0.5008000298403203,77.91880000149831,,,,,,,,,,,,,,,,,,,,,,,
all_method_common_success,phase,transfer,H_star,,,,,,,,,,,,,,,,,,,,,,,,,,,,,,,,,,,,,,,,,,,,,,,,,,,,,,,,,,,,17169.0,139.0,119210.0,553.0347248380288,2.1384426186478667,119210.0,1.9231396195815245,213.84426186478174,118237.0,225.75654814721125,22205.49065733876,117264.0,32938.604983201105,4357531.306062911,9.0,17169.0,17169.0,0.6069168212839864,0.6286600383951038,0.28819207509449213,0.8785365984584815,0.0012467220398724166,1.0392683075140834
feasibility,phase,transfer,HumanGT,19495.0,18107.0,18107.0,135.0,17180.0,0.0,927.0,0.0,94.88043298171978,"{""NO_VALID_BRANCH"": 927, ""SUCCESS_EXACT"": 17180}",18107.0,0.0,0.0,0.0,0.0,0.0,0.0,17180.0,2.3453715813406213e-11,1.6592603617795464e-11,1.3387351641069866e-12,6.874642217514327e-11,7.550332863779066e-16,6.772756180935677e-10,17180.0,1.4005726946877628e-10,9.903217678884033e-11,8.060595387967721e-12,4.1049622187430694e-10,1.7297768123500814e-14,4.044674893346519e-09,17180.0,3.7908468241336044e-14,2.5757174171303632e-14,2.220446049250313e-15,8.171241461241152e-14,0.0,2.6254998175545552e-11,17180.0,2.3453715813406213e-11,1.6592603617795464e-11,1.3387351641069866e-12,6.874642217514327e-11,7.550332863779066e-16,6.772756180935677e-10,17180.0,1.4005726946877638e-10,9.90321767888404e-11,8.060595387967726e-12,4.104962218743072e-10,1.7297768123500826e-14,4.044674893346523e-09,18107.0,24.992728640832176,8.99489998118952,5.887789995176718,14.486159977968784,0.5025999853387475,288779.7615000163,,,,,,,,,,,,,,,,,,,,,,,
all_method_common_success,phase,transfer,HumanGT,,,,,,,,,,,,,,,,,,,,,,,,,,,,,,,,,,,,,,,,,,,,,,,,,,,,,,,,,,,,17169.0,139.0,119210.0,530.8907681813073,2.5733864673901246,119210.0,2.6302886967906995,257.33864673901223,118237.0,300.05009282684205,29185.06316374048,117264.0,37406.71233700101,4189540.107468547,8.0,17169.0,17169.0,0.6046428394360853,0.625184262642154,0.2908053035134889,0.8681962865631199,0.011161271262137618,1.062241049116233
feasibility,phase,withdrawal,B0,14504.0,14109.0,14109.0,153.0,13714.0,318.0,77.0,0.0,97.20036855907577,"{""JOINT_LIMIT"": 318, ""NO_VALID_BRANCH"": 77, ""SUCCESS_EXACT"": 13714}",14109.0,0.16014359509684606,0.10536865544882401,0.0020959266462764257,0.4796090336061489,0.0,0.721734878319694,13714.0,4.953712435649215e-11,2.2226266388247386e-11,1.8090886832372107e-12,1.7047395296902357e-10,2.8327009231994434e-15,1.6667795034567373e-09,13714.0,2.9582324833650383e-10,1.3271208003105465e-10,1.0829895206922161e-11,1.0180793565028151e-09,9.358830075080606e-15,9.953453739671361e-09,13714.0,4.406165449190198e-14,2.1760371282653068e-14,1.7763568394002505e-15,1.1828316104356353e-13,0.0,6.1386451477574155e-12,13714.0,4.953712435649215e-11,2.2226266388247386e-11,1.8090886832372107e-12,1.7047395296902357e-10,2.8327009231994434e-15,1.6667795034567373e-09,13714.0,2.9582324833650393e-10,1.3271208003105475e-10,1.0829895206922168e-11,1.0180793565028157e-09,9.358830075080613e-15,9.95345373967137e-09,14109.0,10.24301488417373,9.025499981362373,6.062560004647821,16.742140008136587,0.4089000285603106,93.46420003566891,,,,,,,,,,,,,,,,,,,,,,,
all_method_common_success,phase,withdrawal,B0,,,,,,,,,,,,,,,,,,,,,,,,,,,,,,,,,,,,,,,,,,,,,,,,,,,,,,,,,,,,13709.0,155.0,94878.0,946.7377545664112,3.129919314235,94878.0,6.863803437963248,312.9919314234997,93856.0,917.1025780121458,47160.427456794634,92841.0,157193.89624310704,7074052.606725636,21.0,13709.0,13709.0,0.5565669265524885,0.60707574408897,0.11923660860647099,0.8881598660622587,1.0969169156105352e-05,1.032735259595102
feasibility,phase,withdrawal,B1,14504.0,14109.0,14109.0,153.0,13759.0,273.0,77.0,0.0,97.51931391310511,"{""JOINT_LIMIT"": 273, ""NO_VALID_BRANCH"": 77, ""SUCCESS_EXACT"": 13759}",14109.0,0.12660440996023328,0.08228321738940458,0.004504139713194279,0.407432186397014,0.0,0.6234872945226293,13759.0,4.770803203087949e-11,2.206996672361531e-11,1.8859737373573485e-12,1.64620527515265e-10,7.09240499826988e-15,1.6588104271540955e-09,13759.0,2.8490133773859754e-10,1.3173656294298628e-10,1.1294139964559551e-11,9.83042016757691e-10,3.0831607719248614e-14,9.906060377585926e-09,13759.0,3.880679321589109e-14,1.9984014443252818e-14,1.7763568394002505e-15,9.547918011776346e-14,0.0,1.070565858185546e-11,13759.0,4.770803203087949e-11,2.206996672361531e-11,1.8859737373573485e-12,1.64620527515265e-10,7.09240499826988e-15,1.6588104271540955e-09,13759.0,2.849013377385978e-10,1.3173656294298636e-10,1.129413996455956e-11,9.830420167576915e-10,3.083160771924864e-14,9.906060377585932e-09,14109.0,10.203871727369464,9.011599991936237,6.0448799864389,16.977800009772153,0.41280000004917383,74.43760003661737,,,,,,,,,,,,,,,,,,,,,,,
all_method_common_success,phase,withdrawal,B1,,,,,,,,,,,,,,,,,,,,,,,,,,,,,,,,,,,,,,,,,,,,,,,,,,,,,,,,,,,,13709.0,155.0,94878.0,930.2148650527217,3.1407819372330303,94878.0,6.62061419721958,314.0781937233028,93856.0,874.2776210284887,62752.15702984996,92841.0,145969.89207913892,9412709.262782494,16.0,13709.0,13709.0,0.5793801295088794,0.6365832592106484,0.13858441091380033,0.908251847188573,0.003177934588071807,1.0343154993347756
feasibility,phase,withdrawal,B2,14504.0,14109.0,14109.0,153.0,13991.0,41.0,77.0,0.0,99.16365440498973,"{""JOINT_LIMIT"": 41, ""NO_VALID_BRANCH"": 77, ""SUCCESS_EXACT"": 13991}",14109.0,0.09788575514619145,0.05739081342650332,0.0016472691612671399,0.328124400868931,0.0,0.529065017430812,13991.0,4.838661685179404e-11,2.3144744936417702e-11,1.903637013010717e-12,1.7028200800033253e-10,2.419834168474144e-15,1.610126239967179e-09,13991.0,2.8895285595961804e-10,1.3824953303115402e-10,1.1388913023971334e-11,1.0167953345200703e-09,2.261006434874484e-14,9.615383933241985e-09,13991.0,2.5119051844463115e-14,1.7763568394002505e-14,1.7763568394002505e-15,6.705747068735946e-14,0.0,2.532640763774907e-12,13991.0,4.838661685179404e-11,2.3144744936417702e-11,1.903637013010717e-12,1.7028200800033253e-10,2.419834168474144e-15,1.610126239967179e-09,13991.0,2.889528559596182e-10,1.3824953303115415e-10,1.1388913023971343e-11,1.016795334520071e-09,2.2610064348744856e-14,9.615383933241994e-09,14109.0,9.562004776895135,8.946299960371107,5.948780011385679,15.287619992159303,0.41579996468499303,70.4181999899447,,,,,,,,,,,,,,,,,,,,,,,
all_method_common_success,phase,withdrawal,B2,,,,,,,,,,,,,,,,,,,,,,,,,,,,,,,,,,,,,,,,,,,,,,,,,,,,,,,,,,,,13709.0,155.0,94878.0,811.7020384631369,3.1313232125422106,94878.0,3.8552895754620637,313.13232125422076,93856.0,494.5967769104055,31490.221511224838,92841.0,81511.28095778452,6293600.479099562,7.0,13709.0,13709.0,0.595657019304423,0.6384824521802042,0.20123291916829394,0.8841283046053173,0.008561098084440832,1.0337573887535836
feasibility,phase,withdrawal,B3,14504.0,14109.0,14109.0,153.0,13991.0,41.0,77.0,0.0,99.16365440498973,"{""JOINT_LIMIT"": 41, ""NO_VALID_BRANCH"": 77, ""SUCCESS_EXACT"": 13991}",14109.0,0.09617593490652789,0.05688565488166475,0.001763287748217035,0.31742638797658995,0.0,0.49520645656136786,13991.0,5.0624750304897375e-11,2.340173355775972e-11,1.9310183865154162e-12,1.8088750554920304e-10,3.983673795794385e-15,1.6387392730014705e-09,13991.0,3.0231738127831324e-10,1.397433282675318e-10,1.1554508970448171e-11,1.0801820358348518e-09,1.5509790350956645e-14,9.786156331282478e-09,13991.0,2.5108989927550638e-14,1.7763568394002505e-14,1.7763568394002505e-15,6.88338275267597e-14,0.0,4.827249711070181e-13,13991.0,5.0624750304897375e-11,2.340173355775972e-11,1.9310183865154162e-12,1.8088750554920304e-10,3.983673795794385e-15,1.6387392730014705e-09,13991.0,3.023173812783135e-10,1.3974332826753193e-10,1.1554508970448181e-11,1.0801820358348527e-09,1.5509790350956655e-14,9.786156331282486e-09,14109.0,9.666970607255989,8.943499997258186,5.9623399982228875,15.405000036116684,0.41690003126859665,64.96170000173151,,,,,,,,,,,,,,,,,,,,,,,
all_method_common_success,phase,withdrawal,B3,,,,,,,,,,,,,,,,,,,,,,,,,,,,,,,,,,,,,,,,,,,,,,,,,,,,,,,,,,,,13709.0,155.0,94878.0,884.0172196736399,3.1390125550507126,94878.0,5.183772374558638,313.901255505071,93856.0,735.6532262609954,62730.739093758755,92841.0,125928.85398837776,9415338.61649333,14.0,13709.0,13709.0,0.5951790418658466,0.6386653349673936,0.19396596700410776,0.8835584177239643,0.0060206631528920695,1.0410250452552443
feasibility,phase,withdrawal,StrongLocal,14504.0,14109.0,14109.0,153.0,13990.0,42.0,77.0,0.0,99.15656673045574,"{""JOINT_LIMIT"": 42, ""NO_VALID_BRANCH"": 77, ""SUCCESS_EXACT"": 13990}",14109.0,0.09641459052944157,0.05789709080770056,0.0021107428192716606,0.3192209477442034,0.0,0.5792296615522718,13990.0,5.107492311730743e-11,2.3847615404003703e-11,1.9950437058245883e-12,1.893867310699603e-10,1.114724181185034e-15,1.5777455333490258e-09,13990.0,3.0500678189318403e-10,1.4246852955128312e-10,1.1916623180436573e-11,1.1308306192838272e-09,1.1243682471790147e-14,9.42196778500754e-09,13990.0,2.500577776770386e-14,1.7319479184152442e-14,1.7763568394002505e-15,6.838973831690964e-14,0.0,2.013500477460184e-12,13990.0,5.107492311730743e-11,2.3847615404003703e-11,1.9950437058245883e-12,1.893867310699603e-10,1.114724181185034e-15,1.5777455333490258e-09,13990.0,3.050067818931843e-10,1.4246852955128323e-10,1.1916623180436582e-11,1.130830619283828e-09,1.1243682471790158e-14,9.421967785007548e-09,14109.0,9.603406102384007,8.95350001519546,5.947140033822507,15.303539996966716,0.4096999764442444,66.54410000192001,,,,,,,,,,,,,,,,,,,,,,,
all_method_common_success,phase,withdrawal,StrongLocal,,,,,,,,,,,,,,,,,,,,,,,,,,,,,,,,,,,,,,,,,,,,,,,,,,,,,,,,,,,,13709.0,155.0,94878.0,875.1544945782377,3.138916123306218,94878.0,5.147390573383281,313.8916123306215,93856.0,711.5389412435313,61488.08209189291,92841.0,121819.47166142765,9236322.361698605,11.0,13709.0,13709.0,0.603159184523102,0.6519188815589461,0.19781021801804638,0.8954106446879089,0.006074229160907052,1.0441464773029638
feasibility,phase,withdrawal,H_star,14504.0,14109.0,14109.0,153.0,13989.0,43.0,77.0,0.0,99.14947905592176,"{""JOINT_LIMIT"": 43, ""NO_VALID_BRANCH"": 77, ""SUCCESS_EXACT"": 13989}",14109.0,0.09430621467977093,0.05767802967953317,0.0018134605153195876,0.31814312500928893,0.0,0.5720630997569494,13989.0,5.042306446455385e-11,2.354334928848746e-11,1.9949836294491562e-12,1.8047974872868953e-10,3.314903602021605e-15,1.6696501184917328e-09,13989.0,3.011146633007252e-10,1.4062997581694353e-10,1.1876021596613537e-11,1.0776094752179933e-09,3.9319974326340474e-14,9.97067350318012e-09,13989.0,2.5064199451036493e-14,1.7319479184152442e-14,1.7763568394002505e-15,6.88338275267597e-14,0.0,5.844214001626824e-13,13989.0,5.042306446455385e-11,2.354334928848746e-11,1.9949836294491562e-12,1.8047974872868953e-10,3.314903602021605e-15,1.6696501184917328e-09,13989.0,3.0111466330072535e-10,1.406299758169436e-10,1.1876021596613546e-11,1.0776094752179941e-09,3.9319974326340506e-14,9.970673503180128e-09,14109.0,9.673346466891546,8.96369997644797,5.953399988356978,15.382940019480884,0.4113000468350947,67.1167999971658,,,,,,,,,,,,,,,,,,,,,,,
all_method_common_success,phase,withdrawal,H_star,,,,,,,,,,,,,,,,,,,,,,,,,,,,,,,,,,,,,,,,,,,,,,,,,,,,,,,,,,,,13709.0,155.0,94878.0,870.0775099974032,3.140756721842512,94878.0,4.571131357500745,314.07567218425095,93856.0,602.7729125562156,31530.431793876505,92841.0,99494.28659738998,6291959.051051004,10.0,13709.0,13709.0,0.601889482169299,0.6477798979081526,0.1957818291450334,0.8968561482486724,0.006786004450114014,1.0386686723644996
feasibility,phase,withdrawal,HumanGT,14504.0,14109.0,14109.0,153.0,13878.0,154.0,77.0,0.0,98.36274718264937,"{""JOINT_LIMIT"": 154, ""NO_VALID_BRANCH"": 77, ""SUCCESS_EXACT"": 13878}",14109.0,0.0,0.0,0.0,0.0,0.0,0.0,13878.0,4.557115702229637e-11,2.2872407706222936e-11,1.887790794000398e-12,1.6353676161593913e-10,5.228077827533141e-15,1.5036845858345487e-09,13878.0,2.721384563694373e-10,1.3661434955483267e-10,1.1296104534230093e-11,9.765241187345543e-10,3.3401431882421017e-15,8.979872702977652e-09,13878.0,2.3856883226863082e-14,1.687538997430238e-14,1.7763568394002505e-15,6.217248937900877e-14,0.0,1.3873346915715956e-12,13878.0,4.557115702229637e-11,2.2872407706222936e-11,1.887790794000398e-12,1.6353676161593913e-10,5.228077827533141e-15,1.5036845858345487e-09,13878.0,2.7213845636943746e-10,1.3661434955483277e-10,1.1296104534230103e-11,9.76524118734555e-10,3.3401431882421044e-15,8.979872702977657e-09,14109.0,9.784362825099972,8.951399999205023,5.97478001145646,15.857719990890468,0.4171000327914953,90.14249994652346,,,,,,,,,,,,,,,,,,,,,,,
all_method_common_success,phase,withdrawal,HumanGT,,,,,,,,,,,,,,,,,,,,,,,,,,,,,,,,,,,,,,,,,,,,,,,,,,,,,,,,,,,,13709.0,155.0,94878.0,795.8078318506141,3.1178211268421117,94878.0,2.620863222972475,311.7821126842109,93856.0,320.37383107258063,30961.772327267212,92841.0,55062.049644332146,6190247.9558288185,4.0,13709.0,13709.0,0.6256666589330587,0.6792786849484376,0.2123342350645409,0.9175780066923295,0.005228083920412185,1.074710124975569
feasibility,take,trial_0012,B0,4344.0,4327.0,4327.0,31.0,3542.0,238.0,547.0,0.0,81.8581003004391,"{""JOINT_LIMIT"": 238, ""NO_VALID_BRANCH"": 547, ""SUCCESS_EXACT"": 3542}",4327.0,0.09563186558223521,0.0649644894938568,0.0021703331386233593,0.28963765975170364,0.0,0.3983603021997131,3542.0,3.7861463661433835e-11,2.4780828969269895e-11,1.6301796799018808e-12,1.208741511285015e-10,1.3745848995677392e-14,4.706500426876845e-10,3542.0,2.2609820045082235e-10,1.4808425464289858e-10,9.794572692176793e-12,7.218026370356388e-10,8.00507643518532e-14,2.8105543312412888e-09,3542.0,3.7423229707418475e-14,2.1316282072803006e-14,2.220446049250313e-15,8.08242361927114e-14,0.0,2.1872725852745134e-11,3542.0,3.7861463661433835e-11,2.4780828969269895e-11,1.6301796799018808e-12,1.208741511285015e-10,1.3745848995677392e-14,4.706500426876845e-10,3542.0,2.2609820045082253e-10,1.4808425464289869e-10,9.794572692176803e-12,7.218026370356396e-10,8.005076435185328e-14,2.810554331241291e-09,4327.0,10.44986078138234,8.888599986676127,0.7654000073671341,31.185699993511662,0.5048000020906329,81.34360000258312,,,,,,,,,,,,,,,,,,,,,,,
all_method_common_success,take,trial_0012,B0,,,,,,,,,,,,,,,,,,,,,,,,,,,,,,,,,,,,,,,,,,,,,,,,,,,,,,,,,,,,3524.0,34.0,24430.0,216.08387228819967,0.9627556932719816,24430.0,2.118184622487821,96.27556932719834,24192.0,180.13525548409294,8891.080736052783,23954.0,26499.45460917322,1205532.013066721,2.0,3524.0,3524.0,0.4956106576647572,0.5023258041261113,0.18275265376637925,0.8033797843438414,0.000873382880274054,0.963097103140937
feasibility,take,trial_0012,B1,4344.0,4327.0,4327.0,31.0,3581.0,203.0,543.0,0.0,82.7594176103536,"{""JOINT_LIMIT"": 203, ""NO_VALID_BRANCH"": 543, ""SUCCESS_EXACT"": 3581}",4327.0,0.11976355848591069,0.10138804261606449,0.0061220225444930335,0.2824006660006936,0.0,0.4464708355097917,3581.0,4.420502262267875e-11,2.7575887861618433e-11,1.9463363907876826e-12,1.4411460507643728e-10,7.093328202128068e-15,5.105424864209565e-10,3581.0,2.6397999941010054e-10,1.6465260626057723e-10,1.163614270421768e-11,8.606534507677687e-10,6.270513149499701e-14,3.0487709245900827e-09,3581.0,2.68623746846194e-14,1.9984014443252818e-14,1.7763568394002505e-15,7.283063041541027e-14,0.0,7.198686091669515e-13,3581.0,4.420502262267875e-11,2.7575887861618433e-11,1.9463363907876826e-12,1.4411460507643728e-10,7.093328202128068e-15,5.105424864209565e-10,3581.0,2.6397999941010075e-10,1.6465260626057742e-10,1.163614270421769e-11,8.606534507677694e-10,6.270513149499705e-14,3.0487709245900856e-09,4327.0,10.284128981045793,8.863699971698225,0.7417599612381309,30.80927000264637,0.4794999840669334,71.74849999137223,,,,,,,,,,,,,,,,,,,,,,,
all_method_common_success,take,trial_0012,B1,,,,,,,,,,,,,,,,,,,,,,,,,,,,,,,,,,,,,,,,,,,,,,,,,,,,,,,,,,,,3524.0,34.0,24430.0,214.26698457661948,1.043611887040088,24430.0,1.9608227529873588,104.3611887040087,24192.0,114.93137530757345,7892.955288615026,23954.0,11121.102974801714,651788.5116532876,0.0,3524.0,3524.0,0.5153117955650482,0.5187137658385076,0.20147342842458488,0.8202048579383795,0.027930090249997264,0.9785946738445528
feasibility,take,trial_0012,B2,4344.0,4327.0,4327.0,31.0,3765.0,0.0,562.0,0.0,87.01178645712965,"{""NO_VALID_BRANCH"": 562, ""SUCCESS_EXACT"": 3765}",4327.0,0.09740375880546337,0.07044795484461153,0.002042197715035021,0.2870660647571916,0.0,0.5152491543534947,3765.0,5.101461478026249e-11,2.410164286471428e-11,1.5049391185607135e-12,1.7246513933425538e-10,1.1989517177690964e-14,1.610126239967179e-09,3765.0,3.046437319454167e-10,1.439671514845719e-10,9.02844856477138e-12,1.0299544528105725e-09,1.3221064745081572e-13,9.615383933241985e-09,3765.0,3.9458830182940503e-14,1.9095836023552692e-14,1.7763568394002505e-15,9.361400543639308e-14,0.0,9.227729691474451e-12,3765.0,5.101461478026249e-11,2.410164286471428e-11,1.5049391185607135e-12,1.7246513933425538e-10,1.1989517177690964e-14,1.610126239967179e-09,3765.0,3.0464373194541694e-10,1.4396715148457203e-10,9.028448564771387e-12,1.0299544528105733e-09,1.322106474508158e-13,9.615383933241994e-09,4327.0,8.909644349655753,8.709399960935116,0.72522999253124,16.88715004129335,0.458099995739758,81.84970001457259,,,,,,,,,,,,,,,,,,,,,,,
all_method_common_success,take,trial_0012,B2,,,,,,,,,,,,,,,,,,,,,,,,,,,,,,,,,,,,,,,,,,,,,,,,,,,,,,,,,,,,3524.0,34.0,24430.0,257.5221523690145,3.1313232125422106,24430.0,6.4435044215540325,313.13232125422076,24192.0,804.1318984155912,31490.221511224838,23954.0,131750.4636210908,6293600.479099562,9.0,3524.0,3524.0,0.5008319826186118,0.5059294022969522,0.2187594902434695,0.82344244022004,0.0011552091871527281,0.9772222299362476
feasibility,take,trial_0012,B3,4344.0,4327.0,4327.0,31.0,3766.0,0.0,561.0,0.0,87.03489715738387,"{""NO_VALID_BRANCH"": 561, ""SUCCESS_EXACT"": 3766}",4327.0,0.09784940799836725,0.071094675699928,0.0031476248100325236,0.27757865519763675,0.0,0.4620631125864705,3766.0,5.5309339938385094e-11,2.3828293478165537e-11,1.537582068065026e-12,1.9315997915251556e-10,6.6738164692982805e-15,1.6387392730014705e-09,3766.0,3.3029026468179566e-10,1.4238286764058165e-10,9.1077070043937e-12,1.153503960863897e-09,5.478537611500259e-14,9.786156331282478e-09,3766.0,1.26519789511407e-13,1.9095836023552692e-14,1.7763568394002505e-15,8.382183835919932e-14,0.0,2.987352587524583e-10,3766.0,5.5309339938385094e-11,2.3828293478165537e-11,1.537582068065026e-12,1.9315997915251556e-10,6.6738164692982805e-15,1.6387392730014705e-09,3766.0,3.302902646817959e-10,1.4238286764058176e-10,9.107707004393706e-12,1.1535039608638978e-09,5.478537611500264e-14,9.786156331282486e-09,4327.0,9.013388721575401,8.704199979547411,0.7180199958384037,16.6141499648802,0.4498999915085733,88.10000005178154,,,,,,,,,,,,,,,,,,,,,,,
all_method_common_success,take,trial_0012,B3,,,,,,,,,,,,,,,,,,,,,,,,,,,,,,,,,,,,,,,,,,,,,,,,,,,,,,,,,,,,3524.0,34.0,24430.0,296.22165205856936,3.1390125550507126,24430.0,9.197699699936571,313.901255505071,24192.0,1330.7026294661034,62730.739093758755,23954.0,230854.74906114544,9415338.61649333,16.0,3524.0,3524.0,0.49817420206153756,0.4969019932045573,0.21982744856531725,0.8192680411922529,0.0012046332676467486,1.0035892263842525
feasibility,take,trial_0012,StrongLocal,4344.0,4327.0,4327.0,31.0,3764.0,0.0,563.0,0.0,86.98867575687544,"{""NO_VALID_BRANCH"": 563, ""SUCCESS_EXACT"": 3764}",4327.0,0.12073432170858091,0.08893836039471248,0.005474424263418732,0.3635517658404853,0.0,0.5792296615522718,3764.0,5.7993454527094054e-11,2.301432770389858e-11,1.5077075027071814e-12,2.4405503688418084e-10,9.474952276855187e-15,1.578809040909765e-09,3764.0,3.463230647026011e-10,1.3734664645312012e-10,8.984909376050609e-12,1.4575953262629507e-09,9.678272747714311e-14,9.428329412541801e-09,3764.0,6.934870672755293e-14,1.865174681370263e-14,1.7763568394002505e-15,9.230394226733547e-14,0.0,8.90527651620232e-11,3764.0,5.7993454527094054e-11,2.301432770389858e-11,1.5077075027071814e-12,2.4405503688418084e-10,9.474952276855187e-15,1.578809040909765e-09,3764.0,3.4632306470260133e-10,1.3734664645312022e-10,8.984909376050615e-12,1.457595326262952e-09,9.678272747714319e-14,9.428329412541808e-09,4327.0,8.993439634999628,8.690699993167073,0.7248599897138774,16.653689969098192,0.4484999808482826,88.46780000021681,,,,,,,,,,,,,,,,,,,,,,,
all_method_common_success,take,trial_0012,StrongLocal,,,,,,,,,,,,,,,,,,,,,,,,,,,,,,,,,,,,,,,,,,,,,,,,,,,,,,,,,,,,3524.0,34.0,24430.0,300.35460692186933,3.138916123306218,24430.0,8.855435520263232,313.8916123306215,24192.0,1220.003667132136,61488.08209189291,23954.0,206487.42486868284,9236322.361698605,14.0,3524.0,3524.0,0.5008745523718794,0.49315205405665963,0.21833813589096823,0.8347217997755518,0.0010663462958309111,1.0202588005809456
feasibility,take,trial_0012,H_star,4344.0,4327.0,4327.0,31.0,3763.0,0.0,564.0,0.0,86.96556505662122,"{""NO_VALID_BRANCH"": 564, ""SUCCESS_EXACT"": 3763}",4327.0,0.1151182646832582,0.08517097099882287,0.003429156979262116,0.33660488748375467,0.0,0.5720630997569494,3763.0,5.488999639532737e-11,2.1888611629093097e-11,1.6169615035094507e-12,2.1487673015293605e-10,1.0669158064488545e-14,1.6696501184917328e-09,3763.0,3.2778772885558537e-10,1.305745454819983e-10,9.67126906369689e-12,1.2832458894509208e-09,1.9355309404615077e-14,9.97067350318012e-09,3763.0,4.5667901503390655e-14,1.9539925233402755e-14,1.7763568394002505e-15,8.832934383917729e-14,0.0,3.963007699780974e-11,3763.0,5.488999639532737e-11,2.1888611629093097e-11,1.6169615035094507e-12,2.1487673015293605e-10,1.0669158064488545e-14,1.6696501184917328e-09,3763.0,3.277877288555856e-10,1.3057454548199838e-10,9.671269063696897e-12,1.2832458894509216e-09,1.9355309404615096e-14,9.970673503180128e-09,4327.0,9.061285555780257,8.820599992759526,0.7132300175726414,16.29145995248109,0.45140000293031335,77.91880000149831,,,,,,,,,,,,,,,,,,,,,,,
all_method_common_success,take,trial_0012,H_star,,,,,,,,,,,,,,,,,,,,,,,,,,,,,,,,,,,,,,,,,,,,,,,,,,,,,,,,,,,,3524.0,34.0,24430.0,296.30499435224465,3.140756721842512,24430.0,8.244192624851836,314.07567218425095,24192.0,1077.0674243948483,31530.431793876505,23954.0,176326.22209375023,6291959.051051004,15.0,3524.0,3524.0,0.49656392679814604,0.4861729285758499,0.21957207023053765,0.8375027426984366,0.0012467220398724166,1.0020660009942208
feasibility,take,trial_0012,HumanGT,4344.0,4327.0,4327.0,31.0,3670.0,101.0,556.0,0.0,84.81626993297897,"{""JOINT_LIMIT"": 101, ""NO_VALID_BRANCH"": 556, ""SUCCESS_EXACT"": 3670}",4327.0,0.0,0.0,0.0,0.0,0.0,0.0,3670.0,4.133381420409074e-11,2.4405108235376553e-11,1.393053415388154e-12,1.295680160811512e-10,1.1356237094040354e-14,7.686897862537225e-10,3670.0,2.468361054948473e-10,1.4562717956459254e-10,8.32620781039173e-12,7.737880331363551e-10,1.1383217423547362e-13,4.59029517543209e-09,3670.0,4.0206893218997194e-14,2.042810365310288e-14,1.7763568394002505e-15,8.462119893692931e-14,0.0,2.6254998175545552e-11,3670.0,4.133381420409074e-11,2.4405108235376553e-11,1.393053415388154e-12,1.295680160811512e-10,1.1356237094040354e-14,7.686897862537225e-10,3670.0,2.468361054948475e-10,1.4562717956459264e-10,8.326207810391738e-12,7.737880331363557e-10,1.138321742354737e-13,4.590295175432094e-09,4327.0,9.66141959790055,8.833700034301728,0.7333199959248304,21.31962999119423,0.4526999546214938,93.49919995293021,,,,,,,,,,,,,,,,,,,,,,,
all_method_common_success,take,trial_0012,HumanGT,,,,,,,,,,,,,,,,,,,,,,,,,,,,,,,,,,,,,,,,,,,,,,,,,,,,,,,,,,,,3524.0,34.0,24430.0,226.9857962972099,2.4904030910942248,24430.0,3.188937653936334,249.04030910942225,24192.0,329.9912308336894,29185.06316374048,23954.0,41466.525392198324,3202501.246970085,3.0,3524.0,3524.0,0.5046612154391862,0.5052698497691558,0.19588963685084002,0.8334895880472634,0.011161271262137618,0.9863954233869379
feasibility,take,trial_0013,B0,3026.0,2756.0,2756.0,29.0,2660.0,0.0,96.0,0.0,96.5166908563135,"{""NO_VALID_BRANCH"": 96, ""SUCCESS_EXACT"": 2660}",2756.0,0.11330840751816913,0.061916712087788595,0.001263229851806491,0.3390689544532972,0.0,0.5510476329535718,2660.0,2.990076771014806e-11,1.6194565787983292e-11,1.0564535758571662e-12,8.766336008243646e-11,7.443670742855504e-15,1.3175481747889748e-09,2660.0,1.785550125363604e-10,9.660784030519786e-11,6.23096751857492e-12,5.2337597720543e-10,1.535406410607096e-14,7.868115366569709e-09,2660.0,4.252220964646658e-14,2.6645352591003757e-14,2.220446049250313e-15,1.0260681193585685e-13,0.0,3.3866243143165775e-12,2660.0,2.990076771014806e-11,1.6194565787983292e-11,1.0564535758571662e-12,8.766336008243646e-11,7.443670742855504e-15,1.3175481747889748e-09,2660.0,1.7855501253636052e-10,9.660784030519794e-11,6.230967518574926e-12,5.233759772054304e-10,1.5354064106070972e-14,7.868115366569714e-09,2756.0,9.658578010902811,9.052400011569262,6.053424993297085,14.878549976856448,0.6632999866269529,74.78020002599806,,,,,,,,,,,,,,,,,,,,,,,
all_method_common_success,take,trial_0013,B0,,,,,,,,,,,,,,,,,,,,,,,,,,,,,,,,,,,,,,,,,,,,,,,,,,,,,,,,,,,,2650.0,30.0,18340.0,115.73028197934586,1.386965143629082,18340.0,1.7285378061453534,138.69651436290806,18130.0,144.8220717512558,13519.203362572485,17920.0,15773.437955357775,1431677.1217556652,1.0,2650.0,2650.0,0.5560741537637033,0.5605425973951104,0.23514180627485765,0.8424468082120524,0.15177088734611832,0.9864568561261335
feasibility,take,trial_0013,B1,3026.0,2756.0,2756.0,29.0,2665.0,0.0,91.0,0.0,96.69811320754717,"{""NO_VALID_BRANCH"": 91, ""SUCCESS_EXACT"": 2665}",2756.0,0.11835021304584248,0.09146867767741362,0.004039100453025135,0.2715908284170415,0.0,0.47326390686946995,2665.0,3.104436498411325e-11,1.6992578787641595e-11,1.2220277124954286e-12,1.0117502254489034e-10,1.799738043945637e-14,1.2697756226845085e-09,2665.0,1.8538834124611475e-10,1.0161834697663253e-10,7.247300906551708e-12,6.041671744181226e-10,1.0258642112709622e-13,7.582624219331052e-09,2665.0,9.856164248316926e-14,2.531308496145357e-14,1.7763568394002505e-15,8.872902412804239e-14,0.0,9.71800417914892e-11,2665.0,3.104436498411325e-11,1.6992578787641595e-11,1.2220277124954286e-12,1.0117502254489034e-10,1.799738043945637e-14,1.2697756226845085e-09,2665.0,1.8538834124611483e-10,1.0161834697663259e-10,7.247300906551713e-12,6.041671744181231e-10,1.0258642112709631e-13,7.582624219331057e-09,2756.0,9.740068469452874,9.046650025993586,6.049375020666048,15.071900008479133,0.6717999931424856,80.15950000844896,,,,,,,,,,,,,,,,,,,,,,,
all_method_common_success,take,trial_0013,B1,,,,,,,,,,,,,,,,,,,,,,,,,,,,,,,,,,,,,,,,,,,,,,,,,,,,,,,,,,,,2650.0,30.0,18340.0,115.28542467845158,0.9815735940152495,18340.0,1.438301467464512,98.15735940152486,18130.0,159.67295259970274,10102.395846477084,17920.0,27605.702410399485,1943652.2719547558,0.0,2650.0,2650.0,0.5784143256950457,0.5754885213661669,0.2678844071202671,0.8609516707519078,0.17665535260958176,0.9887365720027859
feasibility,take,trial_0013,B2,3026.0,2756.0,2756.0,29.0,2653.0,0.0,103.0,0.0,96.26269956458636,"{""NO_VALID_BRANCH"": 103, ""SUCCESS_EXACT"": 2653}",2756.0,0.053190807484348575,0.03563801263002975,0.0010327571849180206,0.17117321650686623,0.0,0.4295283068531841,2653.0,2.583878696305524e-11,1.5157284959048665e-11,1.1555248421136636e-12,9.360855702489442e-11,2.419834168474144e-15,9.215379889145541e-10,2653.0,1.5430204389520978e-10,9.045955445739437e-11,6.896313751743292e-12,5.588736164102701e-10,2.261006434874484e-14,5.503373809935366e-09,2653.0,3.3869795187279237e-14,2.4424906541753444e-14,2.220446049250313e-15,8.05577826668014e-14,0.0,4.694022948115162e-12,2653.0,2.583878696305524e-11,1.5157284959048665e-11,1.1555248421136636e-12,9.360855702489442e-11,2.419834168474144e-15,9.215379889145541e-10,2653.0,1.543020438952099e-10,9.045955445739444e-11,6.8963137517432975e-12,5.588736164102705e-10,2.2610064348744856e-14,5.503373809935371e-09,2756.0,9.694650073381816,9.034349990542978,6.004725029924884,15.019475016742945,0.5852000322192907,65.88389998069033,,,,,,,,,,,,,,,,,,,,,,,
all_method_common_success,take,trial_0013,B2,,,,,,,,,,,,,,,,,,,,,,,,,,,,,,,,,,,,,,,,,,,,,,,,,,,,,,,,,,,,2650.0,30.0,18340.0,111.33962658597653,0.9578567030558198,18340.0,1.456464253999107,95.7856703055819,18130.0,105.60420388986289,9091.887045114272,17920.0,11988.98023100793,1011968.3313003056,0.0,2650.0,2650.0,0.5641304810620703,0.5515178731655102,0.31804000943940247,0.8247515476449852,0.24938077273583126,0.9934798726200338
feasibility,take,trial_0013,B3,3026.0,2756.0,2756.0,29.0,2653.0,0.0,103.0,0.0,96.26269956458636,"{""NO_VALID_BRANCH"": 103, ""SUCCESS_EXACT"": 2653}",2756.0,0.054708976234429836,0.03851339518953956,0.0013913687709916633,0.16301933369409694,0.0,0.415704990298579,2653.0,2.6964999152006125e-11,1.5359468594471693e-11,1.1906850710931093e-12,9.580764589636667e-11,1.2618559452119675e-14,7.759539847151773e-10,2653.0,1.610283542305989e-10,9.179769287665336e-11,7.198691537219502e-12,5.720453195903492e-10,1.3351855286698147e-14,4.63396623241049e-09,2653.0,3.687212615896063e-14,2.353672812205332e-14,2.220446049250313e-15,8.348877145181177e-14,0.0,8.452794020286092e-12,2653.0,2.6964999152006125e-11,1.5359468594471693e-11,1.1906850710931093e-12,9.580764589636667e-11,1.2618559452119675e-14,7.759539847151773e-10,2653.0,1.61028354230599e-10,9.179769287665345e-11,7.198691537219509e-12,5.720453195903496e-10,1.3351855286698156e-14,4.633966232410494e-09,2756.0,9.630665601841452,9.004249994177371,5.968100027530454,14.84499998332467,0.541799992788583,76.72010001260787,,,,,,,,,,,,,,,,,,,,,,,
all_method_common_success,take,trial_0013,B3,,,,,,,,,,,,,,,,,,,,,,,,,,,,,,,,,,,,,,,,,,,,,,,,,,,,,,,,,,,,2650.0,30.0,18340.0,116.8575768235265,0.9822084995154259,18340.0,1.4667538595145304,98.2208499515425,18130.0,110.69620104390513,9400.066128202106,17920.0,13315.63630049027,1053104.155085481,0.0,2650.0,2650.0,0.5616181659945033,0.5494367622039584,0.3135989570093898,0.8232496254755336,0.24809372040440714,0.9985837701933953
feasibility,take,trial_0013,StrongLocal,3026.0,2756.0,2756.0,29.0,2656.0,0.0,100.0,0.0,96.37155297532657,"{""NO_VALID_BRANCH"": 100, ""SUCCESS_EXACT"": 2656}",2756.0,0.05307665912745864,0.03989936271434291,0.0018715407014581187,0.14304035458919984,0.0,0.39404456162551194,2656.0,2.7377356172810598e-11,1.592283875342698e-11,1.1889587725466032e-12,9.13483918950396e-11,4.465888504216877e-15,1.0373838076328215e-09,2656.0,1.6349084196296434e-10,9.512828163739443e-11,7.098555602548805e-12,5.456425192958156e-10,8.334226116991079e-14,6.194950216154234e-09,2656.0,3.164720828101303e-14,2.398081733190338e-14,1.7763568394002505e-15,8.359979375427429e-14,0.0,1.1102230246251565e-12,2656.0,2.7377356172810598e-11,1.592283875342698e-11,1.1889587725466032e-12,9.13483918950396e-11,4.465888504216877e-15,1.0373838076328215e-09,2656.0,1.6349084196296444e-10,9.51282816373945e-11,7.098555602548812e-12,5.45642519295816e-10,8.334226116991084e-14,6.194950216154238e-09,2756.0,9.619453628383596,8.985400025267154,6.014175043674186,14.94147497578524,0.6641999934799969,66.54410000192001,,,,,,,,,,,,,,,,,,,,,,,
all_method_common_success,take,trial_0013,StrongLocal,,,,,,,,,,,,,,,,,,,,,,,,,,,,,,,,,,,,,,,,,,,,,,,,,,,,,,,,,,,,2650.0,30.0,18340.0,115.30144343052028,1.0758966709629334,18340.0,1.5053795042266107,107.58966709629324,18130.0,116.91899166897193,10323.013649709897,17920.0,13597.666999309517,1128215.643792029,0.0,2650.0,2650.0,0.5681777491885215,0.5562718535864098,0.31908836512890276,0.8283346952040698,0.2493976534881135,0.998269865221344
feasibility,take,trial_0013,H_star,3026.0,2756.0,2756.0,29.0,2655.0,0.0,101.0,0.0,96.33526850507982,"{""NO_VALID_BRANCH"": 101, ""SUCCESS_EXACT"": 2655}",2756.0,0.05399806903631722,0.039507748249420604,0.0013528052373985577,0.13968183318630856,0.0,0.38386746502298585,2655.0,2.8131233009660217e-11,1.5525028125443542e-11,1.2955174865701735e-12,1.0935143658362238e-10,2.971300160398881e-14,7.857680200945632e-10,2655.0,1.6799208793785392e-10,9.275424438114957e-11,7.633232201039863e-12,6.529669626188825e-10,5.3649964514774166e-14,4.692358567791959e-09,2655.0,3.35783294870773e-14,2.398081733190338e-14,2.220446049250313e-15,8.45101766344668e-14,0.0,1.7426060594516457e-12,2655.0,2.8131233009660217e-11,1.5525028125443542e-11,1.2955174865701735e-12,1.0935143658362238e-10,2.971300160398881e-14,7.857680200945632e-10,2655.0,1.6799208793785405e-10,9.275424438114964e-11,7.633232201039868e-12,6.529669626188831e-10,5.3649964514774217e-14,4.692358567791962e-09,2756.0,9.680428156687158,9.00444999570027,5.992299993522465,14.905349991749972,0.5790000432170928,73.43109999783337,,,,,,,,,,,,,,,,,,,,,,,
all_method_common_success,take,trial_0013,H_star,,,,,,,,,,,,,,,,,,,,,,,,,,,,,,,,,,,,,,,,,,,,,,,,,,,,,,,,,,,,2650.0,30.0,18340.0,117.98429246989738,1.1008743613922163,18340.0,1.5424349137466415,110.08743613922152,18130.0,122.17440231648216,10479.76204780419,17920.0,14514.335649884451,1129029.4019544264,0.0,2650.0,2650.0,0.56750508602096,0.5539360401040725,0.3236908990555085,0.8303889378498559,0.2467476091443217,0.9966044632953137
feasibility,take,trial_0013,HumanGT,3026.0,2756.0,2756.0,29.0,2650.0,0.0,106.0,0.0,96.15384615384616,"{""NO_VALID_BRANCH"": 106, ""SUCCESS_EXACT"": 2650}",2756.0,0.0,0.0,0.0,0.0,0.0,0.0,2650.0,2.755564120387086e-11,1.578172555590024e-11,1.0804844704248033e-12,9.778465228916992e-11,7.550332863779066e-16,6.772756180935677e-10,2650.0,1.645533998801094e-10,9.419943086402478e-11,6.4311094943656235e-12,5.839300827720107e-10,3.52596202735907e-14,4.044674893346519e-09,2650.0,4.2904883000702746e-14,2.353672812205332e-14,2.220446049250313e-15,8.43769498715119e-14,0.0,2.360600603878993e-11,2650.0,2.755564120387086e-11,1.578172555590024e-11,1.0804844704248033e-12,9.778465228916992e-11,7.550332863779066e-16,6.772756180935677e-10,2650.0,1.6455339988010957e-10,9.419943086402485e-11,6.431109494365628e-12,5.839300827720111e-10,3.5259620273590724e-14,4.044674893346523e-09,2756.0,9.666325835805422,9.002049977425486,5.985900002997369,14.985449961386621,0.5025999853387475,74.63310001185164,,,,,,,,,,,,,,,,,,,,,,,
all_method_common_success,take,trial_0013,HumanGT,,,,,,,,,,,,,,,,,,,,,,,,,,,,,,,,,,,,,,,,,,,,,,,,,,,,,,,,,,,,2650.0,30.0,18340.0,124.43293297106666,2.270133580667235,18340.0,3.46678143868033,227.0133580667233,18130.0,370.8470143185203,24557.300970349323,17920.0,41241.81840328762,2539924.982803427,2.0,2650.0,2650.0,0.5834601316643617,0.5618769963655215,0.3373274698815083,0.8706172307971342,0.24563988908987167,0.9964246308605964
feasibility,take,trial_0014,B0,4670.0,4670.0,4670.0,42.0,4653.0,0.0,17.0,0.0,99.63597430406853,"{""NO_VALID_BRANCH"": 17, ""SUCCESS_EXACT"": 4653}",4670.0,0.16148193572444897,0.16413139630671592,0.003666920588607892,0.3574870161398166,0.0,0.43081041025722167,4653.0,5.627155749660889e-11,3.716167819255342e-11,2.8937937405738905e-12,1.669299204773912e-10,3.2103450870968547e-14,7.864376341876737e-10,4653.0,3.3603718044522806e-10,2.2178260544639369e-10,1.7229132129595412e-11,9.967846290222956e-10,2.434244515725887e-13,4.696420185698222e-09,4653.0,2.5443362582653943e-14,1.9539925233402755e-14,1.7763568394002505e-15,6.616929226765933e-14,0.0,3.206324095117452e-13,4653.0,5.627155749660889e-11,3.716167819255342e-11,2.8937937405738905e-12,1.669299204773912e-10,3.2103450870968547e-14,7.864376341876737e-10,4653.0,3.360371804452282e-10,2.217826054463939e-10,1.7229132129595422e-11,9.967846290222966e-10,2.434244515725889e-13,4.696420185698226e-09,4670.0,8.867675438984467,8.876600011717528,6.005189975257963,14.75077997893095,4.385699983686209,67.31099996250123,,,,,,,,,,,,,,,,,,,,,,,
all_method_common_success,take,trial_0014,B0,,,,,,,,,,,,,,,,,,,,,,,,,,,,,,,,,,,,,,,,,,,,,,,,,,,,,,,,,,,,4648.0,42.0,32242.0,207.79678242951854,0.11229980677660589,32242.0,0.9928174517432106,11.22998067766058,31948.0,21.855205040119195,446.1273543367108,31654.0,3040.4069345490034,63336.52155031106,0.0,4648.0,4648.0,0.7100587080048508,0.7603032291467775,0.23394359450600183,0.9860146944659142,0.003313265152586453,1.0929380256907408
feasibility,take,trial_0014,B1,4670.0,4670.0,4670.0,42.0,4658.0,0.0,12.0,0.0,99.74304068522484,"{""NO_VALID_BRANCH"": 12, ""SUCCESS_EXACT"": 4658}",4670.0,0.17783351065398048,0.15718970893443984,0.007622953127676937,0.41432658110530957,0.0,0.5348135200711885,4658.0,7.976132460156236e-11,4.1549837069604745e-11,3.322214696148422e-12,2.688334569024789e-10,7.211865364779303e-15,1.6472598739959553e-09,4658.0,4.763124992125229e-10,2.4814072694182195e-10,1.9761515304971595e-11,1.6055260932757799e-09,5.245166573653528e-14,9.837083380721134e-09,4658.0,2.3204280918372088e-14,1.865174681370263e-14,1.7763568394002505e-15,5.861977570020827e-14,0.0,3.943512183468556e-13,4658.0,7.976132460156236e-11,4.1549837069604745e-11,3.322214696148422e-12,2.688334569024789e-10,7.211865364779303e-15,1.6472598739959553e-09,4658.0,4.763124992125233e-10,2.4814072694182216e-10,1.976151530497161e-11,1.605526093275781e-09,5.2451665736535316e-14,9.837083380721142e-09,4670.0,8.789348030625892,8.80390004022047,5.926714991801418,15.017105016158899,4.622200038284063,61.229699989780784,,,,,,,,,,,,,,,,,,,,,,,
all_method_common_success,take,trial_0014,B1,,,,,,,,,,,,,,,,,,,,,,,,,,,,,,,,,,,,,,,,,,,,,,,,,,,,,,,,,,,,4648.0,42.0,32242.0,231.43541349253172,3.14146119538727,32242.0,3.930903873794559,314.14611953872674,31948.0,539.7713036615268,31411.645251401085,31654.0,93900.1065433125,6278742.237358666,2.0,4648.0,4648.0,0.7297509256923042,0.7734842717727375,0.29459586822709866,1.007520593977404,0.03999418724753312,1.1160904325020313
feasibility,take,trial_0014,B2,4670.0,4670.0,4670.0,42.0,4649.0,0.0,21.0,0.0,99.55032119914347,"{""NO_VALID_BRANCH"": 21, ""SUCCESS_EXACT"": 4649}",4670.0,0.07482536717520337,0.0625070223410562,0.0018752080209331946,0.1917770077515081,0.0,0.265158024516261,4649.0,5.20834389735336e-11,3.592228405936957e-11,2.7989218229310696e-12,1.527494344828022e-10,8.604049370751793e-15,9.185789434283699e-10,4649.0,3.110299446362271e-10,2.143681822717121e-10,1.683060726225332e-11,9.120508853551419e-10,4.352708088476946e-14,5.485493310608121e-09,4649.0,2.3154633727688885e-14,1.7763568394002505e-14,1.7763568394002505e-15,6.17284001691587e-14,0.0,2.828848266744899e-13,4649.0,5.20834389735336e-11,3.592228405936957e-11,2.7989218229310696e-12,1.527494344828022e-10,8.604049370751793e-15,9.185789434283699e-10,4649.0,3.1102994463622734e-10,2.143681822717123e-10,1.6830607262253332e-11,9.120508853551426e-10,4.3527080884769504e-14,5.485493310608124e-09,4670.0,8.78790308338963,8.878699998604134,5.9572899917839095,14.632984981290067,4.440899996552616,61.89579999772832,,,,,,,,,,,,,,,,,,,,,,,
all_method_common_success,take,trial_0014,B2,,,,,,,,,,,,,,,,,,,,,,,,,,,,,,,,,,,,,,,,,,,,,,,,,,,,,,,,,,,,4648.0,42.0,32242.0,199.17257649827673,0.2519416308830438,32242.0,0.9883184638780389,25.194163088304354,31948.0,24.88900572010264,1325.7328382696796,31654.0,3178.207942398879,85616.85535751782,0.0,4648.0,4648.0,0.7108514622689236,0.7360291823050584,0.36744749120825065,0.947711476685643,0.12406949501959552,1.046267990964198
feasibility,take,trial_0014,B3,4670.0,4670.0,4670.0,42.0,4649.0,0.0,21.0,0.0,99.55032119914347,"{""NO_VALID_BRANCH"": 21, ""SUCCESS_EXACT"": 4649}",4670.0,0.07463083980684557,0.05994796282979098,0.0032658592173464562,0.19856324021333469,0.0,0.27630353347738357,4649.0,5.201648806013985e-11,3.527091273715307e-11,2.7148968598593477e-12,1.5171995812848266e-10,1.0861618879033848e-14,7.686519224703959e-10,4649.0,3.1062695137411905e-10,2.108150918019202e-10,1.6327810772338463e-11,9.061666435954318e-10,3.81539322211934e-14,4.590396473708115e-09,4649.0,2.3042584546541516e-14,1.7763568394002505e-14,1.7763568394002505e-15,6.261657858885883e-14,0.0,1.6653345369377348e-13,4649.0,5.201648806013985e-11,3.527091273715307e-11,2.7148968598593477e-12,1.5171995812848266e-10,1.0861618879033848e-14,7.686519224703959e-10,4649.0,3.1062695137411936e-10,2.1081509180192037e-10,1.6327810772338473e-11,9.061666435954325e-10,3.815393222119342e-14,4.590396473708117e-09,4670.0,8.90737190635474,8.879450004315004,5.9595450351480395,14.77220999368001,4.478999995626509,66.27070001559332,,,,,,,,,,,,,,,,,,,,,,,
all_method_common_success,take,trial_0014,B3,,,,,,,,,,,,,,,,,,,,,,,,,,,,,,,,,,,,,,,,,,,,,,,,,,,,,,,,,,,,4648.0,42.0,32242.0,208.09924924352578,0.22801707004584482,32242.0,1.0171941731593919,22.80170700458446,31948.0,33.1560261820519,1177.0009702313546,31654.0,4875.5095501452415,87818.41399043877,0.0,4648.0,4648.0,0.7058436009764282,0.7330494987348681,0.3652643251364695,0.937102561097564,0.10565474222014881,1.0443771465693326
feasibility,take,trial_0014,StrongLocal,4670.0,4670.0,4670.0,42.0,4650.0,0.0,20.0,0.0,99.57173447537473,"{""NO_VALID_BRANCH"": 20, ""SUCCESS_EXACT"": 4650}",4670.0,0.07857710843403971,0.0656004882711616,0.002830998790462558,0.2007957721569682,0.0,0.2812808710209773,4650.0,5.368938581342585e-11,3.5473381750953504e-11,3.0610541009868157e-12,1.533485436346448e-10,3.13333681496152e-14,1.3432486752327927e-09,4650.0,3.2061482015933423e-10,2.1185688993493556e-10,1.8260718936782646e-11,9.157688739339189e-10,2.1263680761339142e-13,8.021724710981248e-09,4650.0,2.2969630976227584e-14,1.709743457922741e-14,1.7763568394002505e-15,6.128431095930864e-14,0.0,2.3669954885008337e-13,4650.0,5.368938581342585e-11,3.5473381750953504e-11,3.0610541009868157e-12,1.533485436346448e-10,3.13333681496152e-14,1.3432486752327927e-09,4650.0,3.2061482015933443e-10,2.118568899349357e-10,1.826071893678266e-11,9.157688739339196e-10,2.1263680761339155e-13,8.021724710981255e-09,4670.0,8.864896530567167,8.873349986970425,5.933305009966716,14.710214961087331,4.3524999637156725,63.31380002666265,,,,,,,,,,,,,,,,,,,,,,,
all_method_common_success,take,trial_0014,StrongLocal,,,,,,,,,,,,,,,,,,,,,,,,,,,,,,,,,,,,,,,,,,,,,,,,,,,,,,,,,,,,4648.0,42.0,32242.0,217.40635110117273,3.1279431834880267,32242.0,3.0802670318546395,312.7943183488024,31948.0,414.98552472613187,31306.57282227487,31654.0,65914.49113663744,6260256.660694788,1.0,4648.0,4648.0,0.7091348244548829,0.7348087716906571,0.3708552161855777,0.9388716816688466,0.10909871553798745,1.0441464773029638
feasibility,take,trial_0014,H_star,4670.0,4670.0,4670.0,42.0,4649.0,0.0,21.0,0.0,99.55032119914347,"{""NO_VALID_BRANCH"": 21, ""SUCCESS_EXACT"": 4649}",4670.0,0.07534001117654478,0.06298185550602464,0.0028799033630192653,0.19805766296717386,0.0,0.28617607565405345,4649.0,5.191599337622649e-11,3.466622245529236e-11,2.8084208521378385e-12,1.5235226323207965e-10,5.259461873446696e-15,1.520964856510454e-09,4649.0,3.1002570609420797e-10,2.071260093270023e-10,1.6752375144922445e-11,9.096522502987596e-10,2.2062358224488105e-14,9.08287471020163e-09,4649.0,2.3268879951603852e-14,1.7319479184152442e-14,1.7763568394002505e-15,6.350475700855895e-14,0.0,2.9309887850104133e-13,4649.0,5.191599337622649e-11,3.466622245529236e-11,2.8084208521378385e-12,1.5235226323207965e-10,5.259461873446696e-15,1.520964856510454e-09,4649.0,3.100257060942082e-10,2.071260093270024e-10,1.6752375144922458e-11,9.096522502987601e-10,2.206235822448812e-14,9.082874710201634e-09,4670.0,8.926763468769995,8.882449998054653,5.9578149957815185,14.800140005536377,4.390899965073913,67.1167999971658,,,,,,,,,,,,,,,,,,,,,,,
all_method_common_success,take,trial_0014,H_star,,,,,,,,,,,,,,,,,,,,,,,,,,,,,,,,,,,,,,,,,,,,,,,,,,,,,,,,,,,,4648.0,42.0,32242.0,212.16316342790702,0.1940496399361724,32242.0,1.0260520650326619,19.404963993617223,31948.0,44.64939556953561,897.7659052758966,31654.0,7283.690979994017,139969.97817274134,0.0,4648.0,4648.0,0.7081786723818528,0.7340777785157417,0.3678457574821653,0.9414945552448116,0.09159705780223959,1.0392683075140834
feasibility,take,trial_0014,HumanGT,4670.0,4670.0,4670.0,42.0,4648.0,0.0,22.0,0.0,99.52890792291221,"{""NO_VALID_BRANCH"": 22, ""SUCCESS_EXACT"": 4648}",4670.0,0.0,0.0,0.0,0.0,0.0,0.0,4648.0,4.5439127374898513e-11,2.8952296629493456e-11,2.583700972441039e-12,1.3919332210365052e-10,2.2002631890520953e-14,1.1140111811065278e-09,4648.0,2.7134446006789124e-10,1.729318616822414e-10,1.546906901181852e-11,8.312263162576235e-10,9.8406259021637e-14,6.652567282294227e-09,4648.0,2.3949192218207088e-14,1.8207657603852567e-14,1.7763568394002505e-15,6.394884621840902e-14,0.0,1.7985612998927536e-13,4648.0,4.5439127374898513e-11,2.8952296629493456e-11,2.583700972441039e-12,1.3919332210365052e-10,2.2002631890520953e-14,1.1140111811065278e-09,4648.0,2.713444600678914e-10,1.729318616822415e-10,1.5469069011818532e-11,8.312263162576241e-10,9.840625902163708e-14,6.652567282294233e-09,4670.0,8.864938115640753,8.907650015316904,5.971790011972189,14.663585013477132,4.261599970050156,52.922100003343076,,,,,,,,,,,,,,,,,,,,,,,
all_method_common_success,take,trial_0014,HumanGT,,,,,,,,,,,,,,,,,,,,,,,,,,,,,,,,,,,,,,,,,,,,,,,,,,,,,,,,,,,,4648.0,42.0,32242.0,198.02176948033778,2.021102025054026,32242.0,1.8647847401611284,202.1102025054024,31948.0,175.87439035483087,21978.962563346064,31654.0,18464.63383139709,2279418.5210519023,1.0,4648.0,4648.0,0.6944785295223055,0.708609558679945,0.3519924493426769,0.9341863170738561,0.17863256172805553,1.074710124975569
feasibility,take,trial_0015,B0,5673.0,5559.0,5559.0,38.0,5360.0,0.0,199.0,0.0,96.42021946393236,"{""NO_VALID_BRANCH"": 199, ""SUCCESS_EXACT"": 5360}",5559.0,0.14062374180404838,0.10526731215780183,0.004969135110263248,0.395727649999823,0.0,0.6496477995961079,5360.0,1.8700356724413715e-11,1.477240637438239e-11,1.2389968167742365e-12,4.77246484419564e-11,2.8327009231994434e-15,6.909640491613417e-10,5360.0,1.1167628392379417e-10,8.811315014619143e-11,7.495415165005474e-12,2.851749961535672e-10,1.6473529010390195e-14,4.12616291885111e-09,5360.0,3.056576550736295e-14,1.9984014443252818e-14,1.7763568394002505e-15,5.861977570020827e-14,0.0,2.397371190454578e-11,5360.0,1.8700356724413715e-11,1.477240637438239e-11,1.2389968167742365e-12,4.77246484419564e-11,2.8327009231994434e-15,6.909640491613417e-10,5360.0,1.1167628392379425e-10,8.811315014619151e-11,7.495415165005478e-12,2.8517499615356745e-10,1.6473529010390204e-14,4.1261629188511135e-09,5559.0,9.078106620240261,8.893799968063831,6.000299996230751,14.304980012821032,0.4089000285603106,72.80540000647306,,,,,,,,,,,,,,,,,,,,,,,
all_method_common_success,take,trial_0015,B0,,,,,,,,,,,,,,,,,,,,,,,,,,,,,,,,,,,,,,,,,,,,,,,,,,,,,,,,,,,,5356.0,39.0,37219.0,169.6465413854242,0.8660269483077108,37219.0,0.9879713111067198,86.602694830771,36946.0,105.51545249171647,9021.315460839256,36673.0,18292.814704764103,1702737.4623455703,1.0,5356.0,5356.0,0.7282292645380342,0.7563115093963697,0.3915612211808486,0.9690164990162355,0.13166417430762856,1.0540144124488857
feasibility,take,trial_0015,B1,5673.0,5559.0,5559.0,38.0,5363.0,0.0,196.0,0.0,96.4741860046771,"{""NO_VALID_BRANCH"": 196, ""SUCCESS_EXACT"": 5363}",5559.0,0.1469477992249818,0.12004471270171013,0.0067428259566321815,0.35852728669755424,0.0,0.5450161484431209,5363.0,1.9219875039279397e-11,1.4895368482106755e-11,1.3867043075599784e-12,5.045356906046237e-11,7.09240499826988e-15,4.517198889978721e-10,5363.0,1.1477439517527597e-10,8.882221518566039e-11,8.207448241426338e-12,3.0130688415148164e-10,3.0831607719248614e-14,2.6976590951605654e-09,5363.0,2.8408377645435546e-14,1.865174681370263e-14,1.7763568394002505e-15,5.595524044110789e-14,0.0,2.268762955282e-11,5363.0,1.9219875039279397e-11,1.4895368482106755e-11,1.3867043075599784e-12,5.045356906046237e-11,7.09240499826988e-15,4.517198889978721e-10,5363.0,1.1477439517527606e-10,8.882221518566048e-11,8.207448241426344e-12,3.0130688415148195e-10,3.083160771924864e-14,2.697659095160567e-09,5559.0,9.0406457638689,8.874399994965643,5.984049994731322,14.360689977183938,0.41280000004917383,83.60529999481514,,,,,,,,,,,,,,,,,,,,,,,
all_method_common_success,take,trial_0015,B1,,,,,,,,,,,,,,,,,,,,,,,,,,,,,,,,,,,,,,,,,,,,,,,,,,,,,,,,,,,,5356.0,39.0,37219.0,169.96441417856838,0.6537048371938519,37219.0,0.8819950895480605,65.37048371938513,36946.0,88.86307401920918,6806.492081477732,36673.0,15357.287042428388,1289453.8087570858,0.0,5356.0,5356.0,0.7610655156021962,0.7788328200245022,0.4562708532695151,0.9953440889773231,0.13205822233188336,1.0902551725719882
feasibility,take,trial_0015,B2,5673.0,5559.0,5559.0,38.0,5357.0,0.0,202.0,0.0,96.36625292318763,"{""NO_VALID_BRANCH"": 202, ""SUCCESS_EXACT"": 5357}",5559.0,0.08213950478794363,0.045374883391882115,0.002498883743072568,0.3217735556017858,0.0,0.529065017430812,5357.0,1.739402081979922e-11,1.3784223849683201e-11,1.221669124614273e-12,4.38838753024856e-11,1.0181114396316179e-14,1.0595598769509143e-09,5357.0,1.0387424329091163e-10,8.22643980023676e-11,7.284319809302031e-12,2.6209183601690005e-10,2.29519706987848e-14,6.327396505413108e-09,5357.0,3.0000352481211316e-14,1.9984014443252818e-14,1.7763568394002505e-15,6.439293542825908e-14,0.0,1.7929657758486428e-11,5357.0,1.739402081979922e-11,1.3784223849683201e-11,1.221669124614273e-12,4.38838753024856e-11,1.0181114396316179e-14,1.0595598769509143e-09,5357.0,1.038742432909117e-10,8.226439800236768e-11,7.284319809302036e-12,2.620918360169002e-10,2.2951970698784818e-14,6.327396505413114e-09,5559.0,9.085946356787467,8.864700037520379,5.943110026419163,14.047380012925696,0.41579996468499303,78.07019999017939,,,,,,,,,,,,,,,,,,,,,,,
all_method_common_success,take,trial_0015,B2,,,,,,,,,,,,,,,,,,,,,,,,,,,,,,,,,,,,,,,,,,,,,,,,,,,,,,,,,,,,5356.0,39.0,37219.0,160.27594453982735,1.1339372030087644,37219.0,1.1548216607311677,113.39372030087634,36946.0,129.43212900725806,11828.609319873183,36673.0,22448.088303105305,2219029.6167263645,1.0,5356.0,5356.0,0.7126856468892103,0.7320656239681989,0.46166690022338147,0.9150015758040175,0.13141709806800161,1.0055703367680628
feasibility,take,trial_0015,B3,5673.0,5559.0,5559.0,38.0,5357.0,0.0,202.0,0.0,96.36625292318763,"{""NO_VALID_BRANCH"": 202, ""SUCCESS_EXACT"": 5357}",5559.0,0.08034665145346159,0.04353541262846372,0.0024610325884547816,0.30188979556319145,0.0,0.49520645656136786,5357.0,1.7530476220027926e-11,1.4205002968763443e-11,1.1773591448037102e-12,4.453593019937656e-11,9.368442189266973e-15,1.555223107646179e-10,5357.0,1.0468760122546633e-10,8.481673396884254e-11,7.096970202397651e-12,2.660444921505597e-10,1.5509790350956645e-14,9.287303421123296e-10,5357.0,2.9531891005597595e-14,1.9984014443252818e-14,2.220446049250313e-15,6.039613253960852e-14,0.0,2.4163337997151757e-11,5357.0,1.7530476220027926e-11,1.4205002968763443e-11,1.1773591448037102e-12,4.453593019937656e-11,9.368442189266973e-15,1.555223107646179e-10,5357.0,1.0468760122546642e-10,8.481673396884259e-11,7.096970202397656e-12,2.6604449215055993e-10,1.5509790350956655e-14,9.287303421123302e-10,5559.0,9.143927145211881,8.860800007823855,5.934980022720993,14.22921001794748,0.41690003126859665,79.27369995741174,,,,,,,,,,,,,,,,,,,,,,,
all_method_common_success,take,trial_0015,B3,,,,,,,,,,,,,,,,,,,,,,,,,,,,,,,,,,,,,,,,,,,,,,,,,,,,,,,,,,,,5356.0,39.0,37219.0,163.79812819237446,1.3280352904845605,37219.0,1.255204845897999,132.80352904845594,36946.0,142.4656357009728,14044.01817582819,36673.0,22817.015597235095,2511118.711618299,1.0,5356.0,5356.0,0.7100676962999465,0.7309443890977282,0.46712228429254693,0.9107011723251599,0.13023893297808975,0.9993244064915867
feasibility,take,trial_0015,StrongLocal,5673.0,5559.0,5559.0,38.0,5358.0,0.0,201.0,0.0,96.38424177010253,"{""NO_VALID_BRANCH"": 201, ""SUCCESS_EXACT"": 5358}",5559.0,0.07273555553549393,0.04104141804186279,0.00229202524714629,0.27088383807072985,0.0,0.4606805328656747,5358.0,1.7957176430320102e-11,1.4055562982481877e-11,1.2665711869765116e-12,4.561058749642507e-11,1.114724181185034e-15,9.748793593388663e-10,5358.0,1.0723568751700556e-10,8.388928118257799e-11,7.57985664778609e-12,2.7241757276846795e-10,1.1243682471790147e-14,5.821627905292894e-09,5358.0,2.9110719061140026e-14,1.9984014443252818e-14,1.7763568394002505e-15,6.217248937900877e-14,0.0,1.376099234562389e-11,5358.0,1.7957176430320102e-11,1.4055562982481877e-11,1.2665711869765116e-12,4.561058749642507e-11,1.114724181185034e-15,9.748793593388663e-10,5358.0,1.0723568751700564e-10,8.388928118257804e-11,7.579856647786094e-12,2.724175727684681e-10,1.1243682471790158e-14,5.821627905292899e-09,5559.0,9.142773754599538,8.8732999865897,5.941590014845133,14.200420025736088,0.4096999764442444,76.18009997531772,,,,,,,,,,,,,,,,,,,,,,,
all_method_common_success,take,trial_0015,StrongLocal,,,,,,,,,,,,,,,,,,,,,,,,,,,,,,,,,,,,,,,,,,,,,,,,,,,,,,,,,,,,5356.0,39.0,37219.0,162.60402108405611,1.1437918345768974,37219.0,1.1701864687752097,114.37918345768963,36946.0,131.36834243387233,11934.475927247364,36673.0,22743.892201705694,2238745.8047357067,1.0,5356.0,5356.0,0.7200019620111873,0.738028705503794,0.47625510829181283,0.9198543991859294,0.13013622024998384,0.996415403462807
feasibility,take,trial_0015,H_star,5673.0,5559.0,5559.0,38.0,5358.0,0.0,201.0,0.0,96.38424177010253,"{""NO_VALID_BRANCH"": 201, ""SUCCESS_EXACT"": 5358}",5559.0,0.08066605579027852,0.05255373410288833,0.0028372881207128237,0.29544662803040456,0.0,0.46131143309158684,5358.0,1.7636906285504575e-11,1.4044921725285233e-11,1.2924807205597041e-12,4.4299589285101485e-11,3.314903602021605e-15,1.858963759780654e-10,5358.0,1.0532518362711422e-10,8.386438094818546e-11,7.714416609237373e-12,2.645779566216798e-10,3.9319974326340474e-14,1.1102666071864276e-09,5358.0,2.80266871881223e-14,1.9984014443252818e-14,1.7763568394002505e-15,6.17284001691587e-14,0.0,9.158451774737841e-12,5358.0,1.7636906285504575e-11,1.4044921725285233e-11,1.2924807205597041e-12,4.4299589285101485e-11,3.314903602021605e-15,1.858963759780654e-10,5358.0,1.053251836271143e-10,8.386438094818552e-11,7.714416609237378e-12,2.6457795662167996e-10,3.9319974326340506e-14,1.1102666071864282e-09,5559.0,9.239233351502897,8.876600011717528,5.923160043312237,14.42789996508509,0.4113000468350947,75.62730001518503,,,,,,,,,,,,,,,,,,,,,,,
all_method_common_success,take,trial_0015,H_star,,,,,,,,,,,,,,,,,,,,,,,,,,,,,,,,,,,,,,,,,,,,,,,,,,,,,,,,,,,,5356.0,39.0,37219.0,173.86211043411137,1.2084543252190607,37219.0,1.217951379095278,120.84543252190596,36946.0,140.321924485391,12644.892160617557,36673.0,24437.54943098495,2364502.2434183615,1.0,5356.0,5356.0,0.7229120865061882,0.7429273443656288,0.4831668808085188,0.9219288193960127,0.13220659403227053,1.0233573177521365
feasibility,take,trial_0015,HumanGT,5673.0,5559.0,5559.0,38.0,5357.0,0.0,202.0,0.0,96.36625292318763,"{""NO_VALID_BRANCH"": 202, ""SUCCESS_EXACT"": 5357}",5559.0,0.0,0.0,0.0,0.0,0.0,0.0,5357.0,1.715711623845579e-11,1.3708706169090729e-11,1.2473119090095785e-12,4.307040839077962e-11,5.228077827533141e-15,6.745388437515354e-10,5357.0,1.024576776050974e-10,8.189694382888284e-11,7.452239977055372e-12,2.5704018246233424e-10,6.217369196583031e-14,4.0281005219593775e-09,5357.0,3.0376133027832617e-14,1.865174681370263e-14,1.7763568394002505e-15,6.217248937900877e-14,0.0,2.3942625659856276e-11,5357.0,1.715711623845579e-11,1.3708706169090729e-11,1.2473119090095785e-12,4.307040839077962e-11,5.228077827533141e-15,6.745388437515354e-10,5357.0,1.0245767760509747e-10,8.189694382888293e-11,7.452239977055376e-12,2.570401824623344e-10,6.217369196583036e-14,4.028100521959381e-09,5559.0,9.016806817849599,8.869199955370277,5.919260019436479,14.039530023001127,0.4171000327914953,61.950900009833276,,,,,,,,,,,,,,,,,,,,,,,
all_method_common_success,take,trial_0015,HumanGT,,,,,,,,,,,,,,,,,,,,,,,,,,,,,,,,,,,,,,,,,,,,,,,,,,,,,,,,,,,,5356.0,39.0,37219.0,164.54335614186596,2.0555318269331835,37219.0,1.969440390280797,205.55318269331818,36946.0,218.08021681814716,22291.0240126123,36673.0,30121.22071336667,2471511.648549563,2.0,5356.0,5356.0,0.7511470095696584,0.7614783092092279,0.5378972318216999,0.9356728577349781,0.13247667189677514,1.003699842311021
feasibility,take,trial_0017,B0,4848.0,3846.0,3846.0,55.0,3738.0,0.0,108.0,0.0,97.19188767550702,"{""NO_VALID_BRANCH"": 108, ""SUCCESS_EXACT"": 3738}",3846.0,0.10365445536791669,0.04809207848884789,0.001701903437533181,0.4101620604943329,0.0,0.5575174233527647,3738.0,3.471718993325876e-11,1.9312027911295642e-11,1.3775395642694491e-12,1.2017484863200943e-10,2.249571853013791e-15,7.523795013635983e-10,3738.0,2.0732101140547906e-10,1.1521781776551535e-10,8.232738551594101e-12,7.176404840917583e-10,2.0158021030947975e-14,4.4929890936303916e-09,3738.0,4.028939360363897e-14,2.9753977059954195e-14,3.1086244689504383e-15,1.0886846979474269e-13,0.0,5.622169396701793e-13,3738.0,3.471718993325876e-11,1.9312027911295642e-11,1.3775395642694491e-12,1.2017484863200943e-10,2.249571853013791e-15,7.523795013635983e-10,3738.0,2.073210114054792e-10,1.1521781776551544e-10,8.232738551594106e-12,7.176404840917588e-10,2.0158021030947994e-14,4.492989093630396e-09,3846.0,9.330924700296523,8.94579998566769,5.939024995313957,15.126424987101927,0.70830003824085,48.795999959111214,,,,,,,,,,,,,,,,,,,,,,,
all_method_common_success,take,trial_0017,B0,,,,,,,,,,,,,,,,,,,,,,,,,,,,,,,,,,,,,,,,,,,,,,,,,,,,,,,,,,,,3727.0,55.0,25704.0,134.21910915830765,0.10047220902537424,25704.0,0.8171019864234906,10.047220902537415,25382.0,23.495204685525504,493.33986009945454,25060.0,3083.157282397411,70099.73425683215,0.0,3727.0,3727.0,0.5261824489948655,0.5350474127776155,0.223528500428882,0.7860955751112401,0.09803285262793882,1.032735259595102
feasibility,take,trial_0017,B1,4848.0,3846.0,3846.0,55.0,3750.0,0.0,96.0,0.0,97.50390015600624,"{""NO_VALID_BRANCH"": 96, ""SUCCESS_EXACT"": 3750}",3846.0,0.11869981848130153,0.07357092985265967,0.003916782687700682,0.40066844635955035,0.0,0.5267958374908752,3750.0,3.5013265956005206e-11,2.041220781610353e-11,1.791612887799886e-12,1.1616307415228318e-10,2.0001513033191593e-14,1.0235082863249182e-09,3750.0,2.090907834081473e-10,1.219433810659994e-10,1.0751936508143412e-11,6.93738360958059e-10,1.421720855485484e-13,6.112253590170941e-09,3750.0,3.707256723828323e-14,2.842170943040401e-14,2.220446049250313e-15,9.725553695716371e-14,0.0,1.056044141023449e-12,3750.0,3.5013265956005206e-11,2.041220781610353e-11,1.791612887799886e-12,1.1616307415228318e-10,2.0001513033191593e-14,1.0235082863249182e-09,3750.0,2.0909078340814745e-10,1.219433810659995e-10,1.075193650814342e-11,6.937383609580594e-10,1.4217208554854851e-13,6.112253590170945e-09,3846.0,9.283582292981102,8.924699999624863,5.945099983364344,15.156925001065247,0.7088999846018851,49.81410002801567,,,,,,,,,,,,,,,,,,,,,,,
all_method_common_success,take,trial_0017,B1,,,,,,,,,,,,,,,,,,,,,,,,,,,,,,,,,,,,,,,,,,,,,,,,,,,,,,,,,,,,3727.0,55.0,25704.0,134.80606575156986,0.0708755116493256,25704.0,0.8035525815440072,7.087551164932553,25382.0,22.518090440442354,312.48124205236417,25060.0,2933.4498084458014,41198.81204708275,0.0,3727.0,3727.0,0.5424976278996936,0.5503432161655364,0.24616409138677584,0.8079174798494274,0.12295833760817487,1.032735259595102
feasibility,take,trial_0017,B2,4848.0,3846.0,3846.0,55.0,3732.0,0.0,114.0,0.0,97.03588143525741,"{""NO_VALID_BRANCH"": 114, ""SUCCESS_EXACT"": 3732}",3846.0,0.06133137957438632,0.039846620322031345,0.001584332044786363,0.1802491958990865,0.0,0.289943273217669,3732.0,3.074261728510844e-11,1.7092936713483824e-11,1.3745752695900289e-12,1.1786964169688338e-10,7.675621145143742e-15,6.884964295319491e-10,3732.0,1.8358636075550968e-10,1.0209192579968156e-10,8.066586312119012e-12,7.039818580805559e-10,3.329478707808367e-14,4.111640657227149e-09,3732.0,3.81720378778596e-14,2.930988785010413e-14,2.4646951146678526e-15,9.301448500309553e-14,0.0,3.8973269056441495e-12,3732.0,3.074261728510844e-11,1.7092936713483824e-11,1.3745752695900289e-12,1.1786964169688338e-10,7.675621145143742e-15,6.884964295319491e-10,3732.0,1.835863607555098e-10,1.0209192579968164e-10,8.066586312119016e-12,7.039818580805565e-10,3.3294787078083704e-14,4.1116406572271526e-09,3846.0,9.381508085577886,8.928349998313934,5.937049980275333,15.246700015268289,0.501000031363219,48.92410000320524,,,,,,,,,,,,,,,,,,,,,,,
all_method_common_success,take,trial_0017,B2,,,,,,,,,,,,,,,,,,,,,,,,,,,,,,,,,,,,,,,,,,,,,,,,,,,,,,,,,,,,3727.0,55.0,25704.0,133.68320698329288,2.1813053402708285,25704.0,2.099386174206452,218.1305340270875,25382.0,287.2517922340569,24329.095705470907,25060.0,50085.816817207495,4539757.964363674,1.0,3727.0,3727.0,0.5259884108291422,0.5231547371994143,0.2809641935211895,0.7738240486739492,0.16671790516041973,1.032735259595102
feasibility,take,trial_0017,B3,4848.0,3846.0,3846.0,55.0,3732.0,0.0,114.0,0.0,97.03588143525741,"{""NO_VALID_BRANCH"": 114, ""SUCCESS_EXACT"": 3732}",3846.0,0.06099630212971136,0.0362470095967562,0.0023629190460333627,0.20208558339827853,0.0,0.29295588599399514,3732.0,3.078308495674602e-11,1.7360529966506663e-11,1.405105231446583e-12,1.1178768682725303e-10,4.5122235095442805e-15,6.697786835972885e-10,3732.0,1.8382730419210124e-10,1.0365602455655409e-10,8.361742195293841e-12,6.675705206444097e-10,8.461505119290934e-14,3.99956687632359e-09,3732.0,3.762942083688525e-14,2.7977620220553945e-14,2.908784324517915e-15,9.414691248821327e-14,0.0,2.8843594179761567e-12,3732.0,3.078308495674602e-11,1.7360529966506663e-11,1.405105231446583e-12,1.1178768682725303e-10,4.5122235095442805e-15,6.697786835972885e-10,3732.0,1.8382730419210137e-10,1.0365602455655417e-10,8.36174219529385e-12,6.675705206444102e-10,8.46150511929094e-14,3.999566876323593e-09,3846.0,9.417528497249865,8.934699988458306,5.949049969785847,15.290049981558695,0.5002999678254128,51.59980000462383,,,,,,,,,,,,,,,,,,,,,,,
all_method_common_success,take,trial_0017,B3,,,,,,,,,,,,,,,,,,,,,,,,,,,,,,,,,,,,,,,,,,,,,,,,,,,,,,,,,,,,3727.0,55.0,25704.0,140.70230954109462,2.515748268268933,25704.0,2.3930690865799686,251.57482682688752,25382.0,337.90726860453105,28316.171577960158,25060.0,54602.16551045531,5347730.328406878,1.0,3727.0,3727.0,0.5231806082796823,0.5234478870946457,0.2693567018950809,0.7821159684681236,0.16740864492658414,1.032735259595102
feasibility,take,trial_0017,StrongLocal,4848.0,3846.0,3846.0,55.0,3734.0,0.0,112.0,0.0,97.08788351534061,"{""NO_VALID_BRANCH"": 112, ""SUCCESS_EXACT"": 3734}",3846.0,0.05937767878300874,0.04035975301370609,0.001664203946603271,0.1946903511596204,0.0,0.3097913311915361,3734.0,3.052697590546403e-11,1.7121937073688045e-11,1.4989302591885522e-12,1.1246086790341406e-10,5.320534624883232e-15,8.656889096185191e-10,3734.0,1.8230030133028145e-10,1.0231911403017716e-10,8.937224872424331e-12,6.715259671585422e-10,6.129723761482458e-14,5.169599279766149e-09,3734.0,3.639152896186421e-14,2.886579864025407e-14,2.6645352591003757e-15,9.192646643896296e-14,0.0,1.2234657731369225e-12,3734.0,3.052697590546403e-11,1.7121937073688045e-11,1.4989302591885522e-12,1.1246086790341406e-10,5.320534624883232e-15,8.656889096185191e-10,3734.0,1.823003013302816e-10,1.0231911403017724e-10,8.937224872424339e-12,6.715259671585426e-10,6.129723761482463e-14,5.169599279766153e-09,3846.0,9.361417888866756,8.97709999117069,5.968900033622049,15.117849965463392,0.7085999823175371,73.30690004164353,,,,,,,,,,,,,,,,,,,,,,,
all_method_common_success,take,trial_0017,StrongLocal,,,,,,,,,,,,,,,,,,,,,,,,,,,,,,,,,,,,,,,,,,,,,,,,,,,,,,,,,,,,3727.0,55.0,25704.0,133.20277833410543,0.25798429934620004,25704.0,0.8651268853497803,25.798429934620554,25382.0,32.139631784278016,1248.826356196225,25060.0,4509.954275876617,223140.89114444735,0.0,3727.0,3727.0,0.5290544350261183,0.5289239087206468,0.2768467270274797,0.7891403198474618,0.18771402281919736,1.032735259595102
feasibility,take,trial_0017,H_star,4848.0,3846.0,3846.0,55.0,3733.0,0.0,113.0,0.0,97.06188247529902,"{""NO_VALID_BRANCH"": 113, ""SUCCESS_EXACT"": 3733}",3846.0,0.04703948037361814,0.030845330255949932,0.0018337541447922545,0.13453589668823518,0.0,0.2902580769286831,3733.0,3.1480396716805994e-11,1.7454832158336108e-11,1.3981807232066787e-12,1.1826110940670966e-10,1.4830091643261988e-14,1.0112272517685773e-09,3733.0,1.879933495886907e-10,1.0438614673941657e-10,8.406062710417348e-12,7.062554321595282e-10,2.2810218973706866e-14,6.038795662202186e-09,3733.0,3.6443747385887336e-14,2.6645352591003757e-14,2.6645352591003757e-15,8.748557434046234e-14,0.0,3.425260075573533e-12,3733.0,3.1480396716805994e-11,1.7454832158336108e-11,1.3981807232066787e-12,1.1826110940670966e-10,1.4830091643261988e-14,1.0112272517685773e-09,3733.0,1.879933495886908e-10,1.0438614673941663e-10,8.406062710417353e-12,7.062554321595288e-10,2.2810218973706885e-14,6.038795662202191e-09,3846.0,9.307967525278109,8.939699997426942,5.904025019844994,15.138474976993166,0.5008000298403203,62.41359998239204,,,,,,,,,,,,,,,,,,,,,,,
all_method_common_success,take,trial_0017,H_star,,,,,,,,,,,,,,,,,,,,,,,,,,,,,,,,,,,,,,,,,,,,,,,,,,,,,,,,,,,,3727.0,55.0,25704.0,137.62988062856545,2.1384426186478667,25704.0,2.062337125771634,213.84426186478174,25382.0,275.66342626617103,22205.49065733876,25060.0,43534.00263246868,4357531.306062911,1.0,3727.0,3727.0,0.5318619942667313,0.5288912340997474,0.28746469478346476,0.7957517205107398,0.16683244379249018,1.032735259595102
feasibility,take,trial_0017,HumanGT,4848.0,3846.0,3846.0,55.0,3728.0,0.0,118.0,0.0,96.931877275091,"{""NO_VALID_BRANCH"": 118, ""SUCCESS_EXACT"": 3728}",3846.0,0.0,0.0,0.0,0.0,0.0,0.0,3728.0,3.145427273180401e-11,1.761355541665094e-11,1.3892055569507108e-12,1.181804606040143e-10,1.2390587600061392e-14,1.1006258391178758e-09,3728.0,1.878390918231105e-10,1.0515325147250034e-10,8.300673146390976e-12,7.056656758928685e-10,3.3401431882421017e-15,6.572679911176791e-09,3728.0,3.5359292985247835e-14,2.7533531010703882e-14,2.220446049250313e-15,8.821832153671478e-14,0.0,1.8909318555415666e-12,3728.0,3.145427273180401e-11,1.761355541665094e-11,1.3892055569507108e-12,1.181804606040143e-10,1.2390587600061392e-14,1.1006258391178758e-09,3728.0,1.8783909182311064e-10,1.0515325147250042e-10,8.300673146390983e-12,7.056656758928691e-10,3.3401431882421044e-15,6.572679911176797e-09,3846.0,84.36050774808719,8.917600032873452,5.884724989300594,15.039724996313453,0.6595999584533274,288779.7615000163,,,,,,,,,,,,,,,,,,,,,,,
all_method_common_success,take,trial_0017,HumanGT,,,,,,,,,,,,,,,,,,,,,,,,,,,,,,,,,,,,,,,,,,,,,,,,,,,,,,,,,,,,3727.0,55.0,25704.0,141.05233011919725,2.5733864673901246,25704.0,3.048810099127185,257.33864673901223,25382.0,370.89498325249593,29098.02874418819,25060.0,50245.99704558343,4189540.107468547,2.0,3727.0,3727.0,0.5331363938491155,0.5290358461173363,0.30539221292546265,0.7853799006843101,0.16645636756125803,1.032735259595102
feasibility,take,trial_0019,B0,6625.0,6491.0,6491.0,56.0,6411.0,80.0,0.0,0.0,98.76752426436605,"{""JOINT_LIMIT"": 80, ""SUCCESS_EXACT"": 6411}",6491.0,0.09489595419088419,0.06073035674742888,0.002875985417447824,0.31346569816381,0.0,0.5173337480004481,6411.0,4.195736995447243e-11,2.101944347308582e-11,1.9738348507821137e-12,1.1766974414424045e-10,4.2584009413589626e-15,1.6087154995310327e-09,6411.0,2.5056018850655883e-10,1.2555636009259638e-10,1.1776022545415817e-11,7.02643253679465e-10,5.735052571877102e-14,9.606819950761613e-09,6411.0,3.816791247777477e-14,2.1316282072803006e-14,1.7763568394002505e-15,8.038014698286133e-14,0.0,5.10613773485602e-12,6411.0,4.195736995447243e-11,2.101944347308582e-11,1.9738348507821137e-12,1.1766974414424045e-10,4.2584009413589626e-15,1.6087154995310327e-09,6411.0,2.5056018850655894e-10,1.2555636009259648e-10,1.1776022545415825e-11,7.026432536794656e-10,5.735052571877106e-14,9.606819950761621e-09,6491.0,9.750619211140963,9.089300001505762,6.181799981277436,14.863749995129183,4.484600038267672,76.18719997117296,,,,,,,,,,,,,,,,,,,,,,,
all_method_common_success,take,trial_0019,B0,,,,,,,,,,,,,,,,,,,,,,,,,,,,,,,,,,,,,,,,,,,,,,,,,,,,,,,,,,,,6406.0,57.0,44443.0,343.3591662311012,3.120879837554792,44443.0,5.753093236590662,312.0879837554824,44044.0,741.1183044702409,31476.947625799632,43652.0,122780.1466822431,6273308.7178655695,10.0,6406.0,6406.0,0.6405424755057934,0.729133113732646,0.11081771992748002,0.8659997649411149,1.0969169156105352e-05,1.0226074946185655
feasibility,take,trial_0019,B1,6625.0,6491.0,6491.0,56.0,6421.0,70.0,0.0,0.0,98.92158373132028,"{""JOINT_LIMIT"": 70, ""SUCCESS_EXACT"": 6421}",6491.0,0.10652231477836745,0.08811801070473768,0.003959611219889192,0.29402679225893413,0.0,0.4169492790496152,6421.0,4.246243309319035e-11,2.192052311017225e-11,1.8316786143574403e-12,1.281591461343544e-10,1.1475575905458605e-14,1.6588104271540955e-09,6421.0,2.5357449042413327e-10,1.3082062250151245e-10,1.1004791812425118e-11,7.652939246288647e-10,3.742873599488211e-14,9.906060377585926e-09,6421.0,3.397230583852062e-14,2.042810365310288e-14,1.7763568394002505e-15,7.016609515630989e-14,0.0,4.32764934998886e-12,6421.0,4.246243309319035e-11,2.192052311017225e-11,1.8316786143574403e-12,1.281591461343544e-10,1.1475575905458605e-14,1.6588104271540955e-09,6421.0,2.535744904241335e-10,1.3082062250151253e-10,1.1004791812425128e-11,7.652939246288654e-10,3.7428735994882134e-14,9.906060377585932e-09,6491.0,9.663742257858493,9.07200004439801,6.16199997602962,15.02275001257658,4.632199998013675,73.67370004067197,,,,,,,,,,,,,,,,,,,,,,,
all_method_common_success,take,trial_0019,B1,,,,,,,,,,,,,,,,,,,,,,,,,,,,,,,,,,,,,,,,,,,,,,,,,,,,,,,,,,,,6406.0,57.0,44443.0,339.8520733817134,3.106180420879924,44443.0,5.178574730040659,310.61804208799214,44044.0,722.4473541349132,31078.068407573064,43652.0,125682.70487955322,6215470.942821019,5.0,6406.0,6406.0,0.6568186093283762,0.7450578890833219,0.11799593120043683,0.8856224983584209,0.014392781364733764,1.0439012096655516
feasibility,take,trial_0019,B2,6625.0,6491.0,6491.0,56.0,6450.0,41.0,0.0,0.0,99.3683561854876,"{""JOINT_LIMIT"": 41, ""SUCCESS_EXACT"": 6450}",6491.0,0.06909308532278775,0.0506696091751353,0.0021326274760895547,0.19447569173420676,0.0,0.418621044393376,6450.0,3.491747660578237e-11,1.9718739811055844e-11,1.880619335882655e-12,1.0965618705550162e-10,4.8016343624070835e-15,1.5659389454108652e-09,6450.0,2.0851800823414573e-10,1.1772507129758316e-10,1.1201203416240118e-11,6.548582598193942e-10,2.688234632779979e-14,9.35132309635177e-09,6450.0,2.547261282179816e-14,1.9984014443252818e-14,1.7763568394002505e-15,6.084022174945858e-14,0.0,2.0232704400768853e-12,6450.0,3.491747660578237e-11,1.9718739811055844e-11,1.880619335882655e-12,1.0965618705550162e-10,4.8016343624070835e-15,1.5659389454108652e-09,6450.0,2.085180082341459e-10,1.177250712975832e-10,1.1201203416240127e-11,6.548582598193946e-10,2.6882346327799813e-14,9.351323096351779e-09,6491.0,9.473403404735329,9.051400003954768,6.141450023278594,14.850699983071536,4.471899999771267,62.07490002270788,,,,,,,,,,,,,,,,,,,,,,,
all_method_common_success,take,trial_0019,B2,,,,,,,,,,,,,,,,,,,,,,,,,,,,,,,,,,,,,,,,,,,,,,,,,,,,,,,,,,,,6406.0,57.0,44443.0,296.6834766562886,3.1161852621586346,44443.0,3.3337345243594148,311.6185262158632,44044.0,452.700388896737,30950.350633546954,43652.0,71848.25769418648,6189168.539005822,2.0,6406.0,6406.0,0.6288697217895914,0.700197910012858,0.17655685854397962,0.8357726377635997,0.008561098084440832,0.9489835505608837
feasibility,take,trial_0019,B3,6625.0,6491.0,6491.0,56.0,6450.0,41.0,0.0,0.0,99.3683561854876,"{""JOINT_LIMIT"": 41, ""SUCCESS_EXACT"": 6450}",6491.0,0.06951540037840677,0.05157227763777916,0.0032652469712035614,0.20389910565422276,0.0,0.3957495350688611,6450.0,3.461654773076405e-11,1.947853470140112e-11,1.745847089934709e-12,1.0985354130846891e-10,3.983673795794385e-15,1.5422099252721622e-09,6450.0,2.0671895258770986e-10,1.1636535339967416e-10,1.0391811273822484e-11,6.559443846537218e-10,2.2942615400877662e-14,9.209598087711119e-09,6450.0,2.542909896433688e-14,1.9539925233402755e-14,1.7763568394002505e-15,6.128431095930864e-14,0.0,4.702904732312163e-13,6450.0,3.461654773076405e-11,1.947853470140112e-11,1.745847089934709e-12,1.0985354130846891e-10,3.983673795794385e-15,1.5422099252721622e-09,6450.0,2.0671895258771e-10,1.1636535339967424e-10,1.0391811273822491e-11,6.559443846537222e-10,2.2942615400877678e-14,9.209598087711127e-09,6491.0,9.601822138274771,9.066400001756847,6.147250009234995,14.863699994748458,4.626000009011477,66.85479998122901,,,,,,,,,,,,,,,,,,,,,,,
all_method_common_success,take,trial_0019,B3,,,,,,,,,,,,,,,,,,,,,,,,,,,,,,,,,,,,,,,,,,,,,,,,,,,,,,,,,,,,6406.0,57.0,44443.0,308.56181245182313,3.1001859361126605,44443.0,3.334587773255313,310.01859361126577,44044.0,452.683383264207,30984.22152032209,43652.0,71894.2870376708,6188703.373418147,2.0,6406.0,6406.0,0.6253179309009705,0.699677675196321,0.1721755484201909,0.8355207527494142,0.0060206631528920695,0.9512345449449713
feasibility,take,trial_0019,StrongLocal,6625.0,6491.0,6491.0,56.0,6449.0,42.0,0.0,0.0,99.35295023879218,"{""JOINT_LIMIT"": 42, ""SUCCESS_EXACT"": 6449}",6491.0,0.06317765647112983,0.04319793308402042,0.003158138904826746,0.19682111279322667,0.0,0.391175978161185,6449.0,3.546272967045522e-11,2.067764020654399e-11,1.995357009483755e-12,1.1178013940765804e-10,6.338306419536688e-15,1.3349645188981512e-09,6449.0,2.1177464540506424e-10,1.234645127165879e-10,1.194051683571652e-11,6.67580014240036e-10,3.058504181404003e-14,7.97188645857015e-09,6449.0,2.606739620423502e-14,2.042810365310288e-14,2.220446049250313e-15,6.217248937900877e-14,0.0,2.013500477460184e-12,6449.0,3.546272967045522e-11,2.067764020654399e-11,1.995357009483755e-12,1.1178013940765804e-10,6.338306419536688e-15,1.3349645188981512e-09,6449.0,2.117746454050644e-10,1.23464512716588e-10,1.194051683571653e-11,6.675800142400365e-10,3.058504181404005e-14,7.971886458570156e-09,6491.0,9.528036449848702,9.052800014615059,6.135599978733808,14.802649995544925,4.444999969564378,66.25239999266341,,,,,,,,,,,,,,,,,,,,,,,
all_method_common_success,take,trial_0019,StrongLocal,,,,,,,,,,,,,,,,,,,,,,,,,,,,,,,,,,,,,,,,,,,,,,,,,,,,,,,,,,,,6406.0,57.0,44443.0,304.39747672420583,3.0988495755209997,44443.0,3.3349946815151883,309.8849575520997,44044.0,452.46624992704454,30948.10037680264,43652.0,78644.24507950898,6188091.407842415,3.0,6406.0,6406.0,0.6314857752056355,0.7082733946789552,0.16934016337330865,0.8415128682225514,0.006074229160907052,0.956127055945359
feasibility,take,trial_0019,H_star,6625.0,6491.0,6491.0,56.0,6448.0,43.0,0.0,0.0,99.33754429209675,"{""JOINT_LIMIT"": 43, ""SUCCESS_EXACT"": 6448}",6491.0,0.06206837461345123,0.04455905280650452,0.0022210324964779815,0.1857056302636464,0.0,0.3679824258929667,6448.0,3.513574413610689e-11,2.0807603699978196e-11,1.882576411768774e-12,1.1040072772535513e-10,1.574470959398136e-14,1.1740894491710418e-09,6448.0,2.0982056556413642e-10,1.2425661805328516e-10,1.1149389515810512e-11,6.593720687224123e-10,7.955572157998539e-14,7.011463335002855e-09,6448.0,2.5477139008888875e-14,1.9095836023552692e-14,1.7763568394002505e-15,6.128431095930864e-14,0.0,5.844214001626824e-13,6448.0,3.513574413610689e-11,2.0807603699978196e-11,1.882576411768774e-12,1.1040072772535513e-10,1.574470959398136e-14,1.1740894491710418e-09,6448.0,2.0982056556413657e-10,1.2425661805328524e-10,1.114938951581052e-11,6.593720687224127e-10,7.955572157998547e-14,7.011463335002861e-09,6491.0,9.618263056490914,9.07490000827238,6.14130002213642,14.95604999945499,4.556800005957484,62.998700013849884,,,,,,,,,,,,,,,,,,,,,,,
all_method_common_success,take,trial_0019,H_star,,,,,,,,,,,,,,,,,,,,,,,,,,,,,,,,,,,,,,,,,,,,,,,,,,,,,,,,,,,,6406.0,57.0,44443.0,308.4936630222929,3.097559703891346,44443.0,3.3320354360239985,309.75597038913435,44044.0,452.53726754285407,30986.984906100402,43652.0,71871.85267255447,6195071.716703177,2.0,6406.0,6406.0,0.6274609751153185,0.7033492933783403,0.16742481114534713,0.8367000995316541,0.006786004450114014,0.9497802001008191
feasibility,take,trial_0019,HumanGT,6625.0,6491.0,6491.0,56.0,6438.0,53.0,0.0,0.0,99.1834848251425,"{""JOINT_LIMIT"": 53, ""SUCCESS_EXACT"": 6438}",6491.0,0.0,0.0,0.0,0.0,0.0,0.0,6438.0,3.5188734761473245e-11,2.0483097904495974e-11,1.8631373293947562e-12,1.0909511668923645e-10,9.975378589037207e-15,1.3320885601865107e-09,6438.0,2.1013556566130604e-10,1.2241225122778572e-10,1.1156167880224102e-11,6.515451931878899e-10,1.7297768123500814e-14,7.954995784488343e-09,6438.0,2.7009218788884945e-14,2.042810365310288e-14,1.7763568394002505e-15,6.306066779870889e-14,0.0,8.757439218243235e-13,6438.0,3.5188734761473245e-11,2.0483097904495974e-11,1.8631373293947562e-12,1.0909511668923645e-10,9.975378589037207e-15,1.3320885601865107e-09,6438.0,2.1013556566130616e-10,1.2241225122778583e-10,1.115616788022411e-11,6.515451931878904e-10,1.7297768123500826e-14,7.95499578448835e-09,6491.0,9.532792543299898,9.057499992195517,6.157050025649369,14.764349994948134,4.4861999922432005,67.65050004469231,,,,,,,,,,,,,,,,,,,,,,,
all_method_common_success,take,trial_0019,HumanGT,,,,,,,,,,,,,,,,,,,,,,,,,,,,,,,,,,,,,,,,,,,,,,,,,,,,,,,,,,,,6406.0,57.0,44443.0,299.8503266190224,3.1178211268421117,44443.0,3.3033209368876753,311.7821126842109,44044.0,449.10413446847565,30961.772327267212,43652.0,78069.3227664897,6190247.9558288185,2.0,6406.0,6406.0,0.6371523382972235,0.7191192176153836,0.1462054900601505,0.8448575806713338,0.005228083920412185,0.9104576870295022
feasibility,take,trial_0020,B0,4813.0,4567.0,4567.0,37.0,4567.0,0.0,0.0,0.0,100.0,"{""SUCCESS_EXACT"": 4567}",4567.0,0.1900482589985114,0.15016579911711148,0.003323618987516541,0.5765649086055699,0.0,0.721734878319694,4567.0,5.07149331351319e-11,2.0952722054805424e-11,1.7740935841194064e-12,1.7970008814865522e-10,1.6156415427147117e-14,1.6667795034567373e-09,4567.0,3.0285737422110664e-10,1.2510543380170654e-10,1.0530418936874625e-11,1.0729935266156005e-09,9.358830075080606e-15,9.953453739671361e-09,4567.0,5.894581711046166e-14,3.019806626980426e-14,2.6645352591003757e-15,1.5534240560555158e-13,0.0,5.582645457025137e-12,4567.0,5.07149331351319e-11,2.0952722054805424e-11,1.7740935841194064e-12,1.7970008814865522e-10,1.6156415427147117e-14,1.6667795034567373e-09,4567.0,3.028573742211069e-10,1.2510543380170662e-10,1.0530418936874632e-11,1.0729935266156011e-09,9.358830075080613e-15,9.95345373967137e-09,4567.0,9.669538800050375,9.227600006852299,6.223190005403012,14.876349963014944,4.492899985052645,93.46420003566891,,,,,,,,,,,,,,,,,,,,,,,
all_method_common_success,take,trial_0020,B0,,,,,,,,,,,,,,,,,,,,,,,,,,,,,,,,,,,,,,,,,,,,,,,,,,,,,,,,,,,,4567.0,37.0,31710.0,272.7506524120969,3.129919314235,31710.0,9.492550894125255,312.9919314234997,31451.0,1310.8365200001758,47160.427456794634,31192.0,228013.22245637566,7074052.606725636,9.0,4567.0,4567.0,0.49822866046446246,0.5259085161277413,0.1342996623475881,0.8010987493104313,0.009977752858944644,0.9250478280569787
feasibility,take,trial_0020,B1,4813.0,4567.0,4567.0,37.0,4567.0,0.0,0.0,0.0,100.0,"{""SUCCESS_EXACT"": 4567}",4567.0,0.20084070042333652,0.20201720678750812,0.005183505259431964,0.49772828802875135,0.0,0.6234872945226293,4567.0,5.1652954278254843e-11,2.4738675100946654e-11,2.040264830401584e-12,1.7301504276807606e-10,1.343748291615711e-14,1.5360243646713824e-09,4567.0,3.0845863059234087e-10,1.476806183099139e-10,1.2208989016458558e-11,1.0332821777165944e-09,5.4159911735424625e-14,9.172884297410078e-09,4567.0,5.732912624053236e-14,2.930988785010413e-14,2.6645352591003757e-15,1.2985168496015815e-13,0.0,1.070565858185546e-11,4567.0,5.1652954278254843e-11,2.4738675100946654e-11,2.040264830401584e-12,1.7301504276807606e-10,1.343748291615711e-14,1.5360243646713824e-09,4567.0,3.0845863059234113e-10,1.47680618309914e-10,1.220898901645857e-11,1.0332821777165952e-09,5.415991173542467e-14,9.172884297410086e-09,4567.0,9.62701554605723,9.228400012943894,6.226930033881217,15.232440020190552,4.4587000156752765,74.43760003661737,,,,,,,,,,,,,,,,,,,,,,,
all_method_common_success,take,trial_0020,B1,,,,,,,,,,,,,,,,,,,,,,,,,,,,,,,,,,,,,,,,,,,,,,,,,,,,,,,,,,,,4567.0,37.0,31710.0,274.9175515851408,3.1407819372330303,31710.0,9.461882328504526,314.0781937233028,31451.0,1241.0128002980143,62752.15702984996,31192.0,203028.3067291013,9412709.262782494,11.0,4567.0,4567.0,0.5205402332989744,0.5541418926231656,0.14019478779341418,0.8291504594642125,0.003177934588071807,0.9596595421345446
feasibility,take,trial_0020,B2,4813.0,4567.0,4567.0,37.0,4567.0,0.0,0.0,0.0,100.0,"{""SUCCESS_EXACT"": 4567}",4567.0,0.09544905361735556,0.0716174334770141,0.0016776614473245745,0.31706184242112256,0.0,0.445255572826484,4567.0,3.660540759224314e-11,1.851531492228216e-11,1.7158261938880955e-12,1.276866734162204e-10,2.819753390353182e-15,1.063988507382675e-09,4567.0,2.1859566446687687e-10,1.1056504134324395e-10,1.0207054942272232e-11,7.624914593558453e-10,4.8762448995622314e-14,6.353948057586687e-09,4567.0,3.646568486189877e-14,2.842170943040401e-14,2.6645352591003757e-15,9.401368572525818e-14,0.0,4.303224443447107e-13,4567.0,3.660540759224314e-11,1.851531492228216e-11,1.7158261938880955e-12,1.276866734162204e-10,2.819753390353182e-15,1.063988507382675e-09,4567.0,2.1859566446687708e-10,1.1056504134324404e-10,1.0207054942272239e-11,7.624914593558459e-10,4.8762448995622345e-14,6.353948057586693e-09,4567.0,9.573591679219627,9.17570001911372,6.173130014212802,14.740739978151396,4.4926999835297465,43.71459997491911,,,,,,,,,,,,,,,,,,,,,,,
all_method_common_success,take,trial_0020,B2,,,,,,,,,,,,,,,,,,,,,,,,,,,,,,,,,,,,,,,,,,,,,,,,,,,,,,,,,,,,4567.0,37.0,31710.0,166.71209796207003,0.08193143176951057,31710.0,0.8953245937454885,8.193143176951049,31451.0,27.708972383239757,596.4460160310903,31192.0,3474.595035751024,96157.40764569188,0.0,4567.0,4567.0,0.49351580383456833,0.5063325759203154,0.1470486913813036,0.8010731735370409,0.015704168087902648,0.9374065980256665
feasibility,take,trial_0020,B3,4813.0,4567.0,4567.0,37.0,4567.0,0.0,0.0,0.0,100.0,"{""SUCCESS_EXACT"": 4567}",4567.0,0.0906548117046109,0.060533650665289596,0.0017259121587284822,0.3221931989874008,0.0,0.4672359148588452,4567.0,3.7993699092566576e-11,1.8255281166046614e-11,1.6329139650418212e-12,1.3035961633086288e-10,1.149312313142044e-14,1.5455861682668382e-09,4567.0,2.2688860955944305e-10,1.0904092071515526e-10,9.772010298819159e-12,7.782643763312279e-10,9.329577622644805e-14,9.229813339263028e-09,4567.0,3.7197017234853076e-14,2.886579864025407e-14,2.6645352591003757e-15,9.459100169806334e-14,0.0,4.827249711070181e-13,4567.0,3.7993699092566576e-11,1.8255281166046614e-11,1.6329139650418212e-12,1.3035961633086288e-10,1.149312313142044e-14,1.5455861682668382e-09,4567.0,2.2688860955944323e-10,1.0904092071515534e-10,9.772010298819164e-12,7.782643763312284e-10,9.329577622644812e-14,9.229813339263037e-09,4567.0,9.695318239693208,9.181800007354468,6.1675299890339375,15.103489987086505,4.548199998680502,64.90169995231554,,,,,,,,,,,,,,,,,,,,,,,
all_method_common_success,take,trial_0020,B3,,,,,,,,,,,,,,,,,,,,,,,,,,,,,,,,,,,,,,,,,,,,,,,,,,,,,,,,,,,,4567.0,37.0,31710.0,178.66592052369907,0.09412033793177745,31710.0,0.9460781914962059,9.412033793177736,31451.0,38.15236019536346,602.1089707017325,31192.0,5432.477637837404,113243.92640527466,0.0,4567.0,4567.0,0.4937270335933109,0.510625374613614,0.13987409756925578,0.8047423288266865,0.014315871638725497,0.9525783106131973
feasibility,take,trial_0020,StrongLocal,4813.0,4567.0,4567.0,37.0,4567.0,0.0,0.0,0.0,100.0,"{""SUCCESS_EXACT"": 4567}",4567.0,0.10085495955618946,0.08124725323975479,0.002503438038044026,0.3072760288021679,0.0,0.4386420631711694,4567.0,3.681365827908724e-11,1.9455263543600673e-11,1.645530243752621e-12,1.23787868164604e-10,2.7704883204415904e-14,1.2380497273422916e-09,4567.0,2.1984291586810418e-10,1.1617791953686845e-10,9.819408662338681e-12,7.391855901900277e-10,1.5643740320039042e-13,7.393174676411382e-09,4567.0,3.6029666465365446e-14,2.7977620220553945e-14,2.6645352591003757e-15,9.237055564881302e-14,0.0,5.120348589571222e-13,4567.0,3.681365827908724e-11,1.9455263543600673e-11,1.645530243752621e-12,1.23787868164604e-10,2.7704883204415904e-14,1.2380497273422916e-09,4567.0,2.1984291586810436e-10,1.1617791953686852e-10,9.819408662338689e-12,7.391855901900282e-10,1.5643740320039052e-13,7.393174676411389e-09,4567.0,9.547973943657876,9.15469997562468,6.173160014441237,14.828020002460107,4.498300026170909,65.50530000822619,,,,,,,,,,,,,,,,,,,,,,,
all_method_common_success,take,trial_0020,StrongLocal,,,,,,,,,,,,,,,,,,,,,,,,,,,,,,,,,,,,,,,,,,,,,,,,,,,,,,,,,,,,4567.0,37.0,31710.0,175.88029111876986,0.0968078829860848,31710.0,0.9336142721683632,9.680788298608471,31451.0,36.25178393504837,673.8842566109225,31192.0,5220.945901911728,122759.13861650135,0.0,4567.0,4567.0,0.5049322430673486,0.5251605836360742,0.14837180425857993,0.8122665829224872,0.017736837271419947,0.9615563399318585
feasibility,take,trial_0020,H_star,4813.0,4567.0,4567.0,37.0,4567.0,0.0,0.0,0.0,100.0,"{""SUCCESS_EXACT"": 4567}",4567.0,0.09174056455251824,0.05596742893402018,0.002018102828564583,0.3131591106069002,0.0,0.44694401466263,4567.0,3.570201696120862e-11,1.8808603040939006e-11,1.5532282181142128e-12,1.2545865519495546e-10,8.862030428140317e-15,9.77420145690165e-10,4567.0,2.1320058805502744e-10,1.1220611962440383e-10,9.277759659506926e-12,7.490947505495215e-10,5.354027788361103e-14,5.836754935372262e-09,4567.0,3.7204310138452544e-14,2.842170943040401e-14,2.6645352591003757e-15,9.547918011776346e-14,0.0,4.631850458736153e-13,4567.0,3.570201696120862e-11,1.8808603040939006e-11,1.5532282181142128e-12,1.2545865519495546e-10,8.862030428140317e-15,9.77420145690165e-10,4567.0,2.1320058805502755e-10,1.1220611962440395e-10,9.277759659506932e-12,7.490947505495223e-10,5.354027788361108e-14,5.836754935372267e-09,4567.0,9.636474491604499,9.182399953715503,6.1680200102273375,14.91389999864623,4.464500001631677,63.98049998097122,,,,,,,,,,,,,,,,,,,,,,,
all_method_common_success,take,trial_0020,H_star,,,,,,,,,,,,,,,,,,,,,,,,,,,,,,,,,,,,,,,,,,,,,,,,,,,,,,,,,,,,4567.0,37.0,31710.0,176.67413050041336,0.07791500141256513,31710.0,0.9300148051308218,7.79150014125655,31451.0,40.81724559217273,617.6695747334893,31192.0,6152.161733892245,102875.91161678254,0.0,4567.0,4567.0,0.49318629207633874,0.5029422265003085,0.14183846270117212,0.7963050946835835,0.013946544975067976,0.9388688985012683
feasibility,take,trial_0020,HumanGT,4813.0,4567.0,4567.0,37.0,4567.0,0.0,0.0,0.0,100.0,"{""SUCCESS_EXACT"": 4567}",4567.0,0.0,0.0,0.0,0.0,0.0,0.0,4567.0,3.585186526034838e-11,1.74275963482315e-11,1.6424917570686586e-12,1.390309957519926e-10,7.338870218281416e-15,1.5036845858345487e-09,4567.0,2.1409560647036085e-10,1.0395800085968944e-10,9.673115323744975e-12,8.303431633383528e-10,1.765211669099395e-14,8.979872702977652e-09,4567.0,3.095040220512502e-14,2.353672812205332e-14,2.353672812205337e-15,8.291145547900661e-14,0.0,2.4158453015843406e-13,4567.0,3.585186526034838e-11,1.74275963482315e-11,1.6424917570686586e-12,1.390309957519926e-10,7.338870218281416e-15,1.5036845858345487e-09,4567.0,2.1409560647036103e-10,1.039580008596895e-10,9.673115323744983e-12,8.303431633383534e-10,1.7652116690993966e-14,8.979872702977657e-09,4567.0,9.698707400288397,9.158200002275407,6.096919992705807,14.965310000116006,4.543900024145842,60.222000000067055,,,,,,,,,,,,,,,,,,,,,,,
all_method_common_success,take,trial_0020,HumanGT,,,,,,,,,,,,,,,,,,,,,,,,,,,,,,,,,,,,,,,,,,,,,,,,,,,,,,,,,,,,4567.0,37.0,31710.0,171.81208840322148,0.08830164270554917,31710.0,0.9267264672647011,8.83016427055491,31451.0,30.926376595742575,697.780023882596,31192.0,4038.7255674676135,111578.17254650453,0.0,4567.0,4567.0,0.5067013045742869,0.5193765760355011,0.17789820707101675,0.839549775983715,0.04711400481709482,1.0019944555756037
