take,record_id,parent_bite_id,phase,strategy,previous_index,current_index,previous_motive_frame,current_motive_frame,max_wrapped_joint_step_rad,joint_index,psi_previous,psi_current,wrapped_delta_psi,tool_translation_step_m,tool_rotation_geodesic_step_rad,search_branch_previous,search_branch_current,branch_id_previous,branch_id_current,search_branch_changed,branch_id_changed,near_pi_jump,categories,primary_category
trial_0012,trial_0012_bite_002_transfer,trial_0012_bite_002,transfer,B2,166,167,2343,2344,2.2739370553168894,4,-2.8679013239874362,-2.867222168076734,0.0006791559107024447,0.0011751818092388482,0.00274908164731123,7,4,cpp_continuation:cpp_continuation:cpp_continuation:cpp_continuation:cpp_continuation:cpp_continuation:cpp_continuation:cpp_continuation:cpp_continuation:cpp_continuation:cpp_continuation:cpp_continuation:cpp_continuation:cpp_continuation:cpp_continuation:cpp_continuation:cpp_continuation:cpp_continuation:cpp_continuation:cpp_continuation:cpp_continuation:cpp_continuation:cpp_continuation:cpp_continuation:cpp_continuation:cpp_continuation:cpp_continuation:cpp_continuation:cpp_continuation:cpp_continuation:cpp_continuation:cpp_continuation:cpp_continuation:cpp_continuation:cpp_continuation:cpp_continuation:cpp_continuation:cpp_continuation:cpp_continuation:cpp_continuation:cpp_continuation:cpp_continuation:cpp_continuation:cpp_continuation:cpp_continuation:cpp_continuation:cpp_continuation:cpp_continuation:cpp_continuation:cpp_continuation:cpp_continuation:cpp_continuation:cpp_continuation:cpp_continuation:cpp_continuation:cpp_continuation:cpp_continuation:cpp_continuation:cpp_continuation:cpp_continuation:cpp_continuation:cpp_continuation:cpp_continuation:cpp_continuation:cpp_continuation:cpp_continuation:cpp_continuation:cpp_continuation:cpp_continuation:cpp_continuation:cpp_continuation:cpp_continuation:cpp_continuation:cpp_continuation:cpp_continuation:cpp_continuation:cpp_continuation:cpp_continuation:cpp_continuation:cpp_continuation:cpp_continuation:cpp_continuation:cpp_continuation:cpp_continuation:cpp_continuation:cpp_continuation:cpp_continuation:cpp_continuation:cpp_continuation:cpp_continuation:cpp_continuation:cpp_continuation:cpp_continuation:cpp_continuation:cpp_continuation:cpp_continuation:cpp_continuation:cpp_continuation:cpp_continuation:cpp_continuation:cpp_continuation:cpp_continuation:cpp_continuation:cpp_continuation:cpp_continuation:cpp_continuation:cpp_continuation:cpp_continuation:cpp_continuation:cpp_continuation:cpp_continuation:cpp_continuation:cpp_continuation:cpp_continuation:cpp_continuation:cpp_continuation:cpp_continuation:cpp_continuation:cpp_continuation:cpp_continuation:cpp_continuation:cpp_continuation:cpp_continuation:cpp_continuation:cpp_continuation:cpp_continuation:cpp_continuation:cpp_continuation:cpp_continuation:cpp_continuation:cpp_continuation:cpp_continuation:cpp_continuation:cpp_continuation:cpp_continuation:cpp_continuation:cpp_continuation:cpp_continuation:cpp_continuation:cpp_continuation:cpp_continuation:cpp_continuation:cpp_continuation:cpp_continuation:cpp_continuation:cpp_continuation:cpp_continuation:cpp_continuation:cpp_continuation:cpp_continuation:cpp_continuation:cpp_continuation:cpp_continuation:cpp_continuation:cpp_continuation:cpp_continuation:cpp_continuation:cpp_continuation:cpp_continuation:cpp_continuation:cpp_continuation:cpp_continuation:cpp_continuation:cpp_continuation:cpp_continuation:cpp_continuation:r2r2r2r2r:slot=7:wrist_root=0,r2r2r2r2r:slot=4:wrist_root=1,True,True,False,SEARCH_BRANCH_CHANGE|BRANCH_ID_CHANGE,SEARCH_BRANCH_CHANGE
trial_0012,trial_0012_bite_002_transfer,trial_0012_bite_002,transfer,B2,179,180,2356,2357,0.9327534533072368,4,-2.8618442809044238,-2.8611848175763224,0.0006594633281014062,0.00026487872759245636,0.0030798224508791212,7,7,cpp_continuation:cpp_continuation:r2r2r2r2r:slot=7:wrist_root=2,r2r2r2r2r:slot=7:wrist_root=0,False,True,False,BRANCH_ID_CHANGE,BRANCH_ID_CHANGE
trial_0012,trial_0012_bite_002_transfer,trial_0012_bite_002,transfer,B3,166,167,2343,2344,1.9603006593498302,4,-2.876432411482562,-2.875932562021386,0.000499849461176094,0.0011751818092388482,0.00274908164731123,7,4,cpp_continuation:cpp_continuation:cpp_continuation:cpp_continuation:cpp_continuation:cpp_continuation:cpp_continuation:cpp_continuation:cpp_continuation:cpp_continuation:cpp_continuation:cpp_continuation:cpp_continuation:cpp_continuation:cpp_continuation:cpp_continuation:cpp_continuation:cpp_continuation:cpp_continuation:cpp_continuation:cpp_continuation:cpp_continuation:cpp_continuation:cpp_continuation:cpp_continuation:cpp_continuation:cpp_continuation:cpp_continuation:cpp_continuation:cpp_continuation:cpp_continuation:cpp_continuation:cpp_continuation:cpp_continuation:cpp_continuation:cpp_continuation:cpp_continuation:cpp_continuation:cpp_continuation:cpp_continuation:cpp_continuation:cpp_continuation:cpp_continuation:cpp_continuation:cpp_continuation:cpp_continuation:cpp_continuation:cpp_continuation:cpp_continuation:cpp_continuation:cpp_continuation:cpp_continuation:cpp_continuation:cpp_continuation:cpp_continuation:cpp_continuation:cpp_continuation:cpp_continuation:cpp_continuation:cpp_continuation:cpp_continuation:cpp_continuation:cpp_continuation:cpp_continuation:cpp_continuation:cpp_continuation:cpp_continuation:cpp_continuation:cpp_continuation:cpp_continuation:cpp_continuation:cpp_continuation:cpp_continuation:cpp_continuation:cpp_continuation:cpp_continuation:cpp_continuation:cpp_continuation:cpp_continuation:cpp_continuation:cpp_continuation:cpp_continuation:cpp_continuation:cpp_continuation:cpp_continuation:cpp_continuation:cpp_continuation:cpp_continuation:cpp_continuation:cpp_continuation:cpp_continuation:cpp_continuation:cpp_continuation:cpp_continuation:cpp_continuation:cpp_continuation:cpp_continuation:cpp_continuation:cpp_continuation:cpp_continuation:cpp_continuation:cpp_continuation:cpp_continuation:cpp_continuation:cpp_continuation:cpp_continuation:cpp_continuation:cpp_continuation:cpp_continuation:cpp_continuation:cpp_continuation:cpp_continuation:cpp_continuation:cpp_continuation:cpp_continuation:cpp_continuation:cpp_continuation:cpp_continuation:cpp_continuation:cpp_continuation:cpp_continuation:cpp_continuation:cpp_continuation:cpp_continuation:cpp_continuation:cpp_continuation:cpp_continuation:cpp_continuation:cpp_continuation:cpp_continuation:cpp_continuation:cpp_continuation:cpp_continuation:cpp_continuation:cpp_continuation:cpp_continuation:cpp_continuation:cpp_continuation:cpp_continuation:cpp_continuation:cpp_continuation:cpp_continuation:cpp_continuation:cpp_continuation:cpp_continuation:cpp_continuation:cpp_continuation:cpp_continuation:cpp_continuation:cpp_continuation:cpp_continuation:cpp_continuation:cpp_continuation:cpp_continuation:cpp_continuation:cpp_continuation:cpp_continuation:cpp_continuation:cpp_continuation:cpp_continuation:cpp_continuation:cpp_continuation:cpp_continuation:cpp_continuation:cpp_continuation:cpp_continuation:r2r2r2r2r:slot=7:wrist_root=0,r2r2r2r2r:slot=4:wrist_root=1,True,True,False,SEARCH_BRANCH_CHANGE|BRANCH_ID_CHANGE,SEARCH_BRANCH_CHANGE
trial_0012,trial_0012_bite_002_transfer,trial_0012_bite_002,transfer,B3,179,180,2356,2357,0.9105534958063073,4,-2.8689356610974475,-2.8678835467541637,0.0010521143432837832,0.00026487872759245636,0.0030798224508791212,7,7,cpp_continuation:cpp_continuation:r2r2r2r2r:slot=7:wrist_root=2,r2r2r2r2r:slot=7:wrist_root=0,False,True,False,BRANCH_ID_CHANGE,BRANCH_ID_CHANGE
trial_0012,trial_0012_bite_002_transfer,trial_0012_bite_002,transfer,StrongLocal,165,166,2342,2343,1.8430338124737917,4,-2.8540444754376404,-2.85235880389405,0.001685671543590228,0.0010303373662373973,0.0011221277429334408,7,4,cpp_continuation:cpp_continuation:cpp_continuation:cpp_continuation:cpp_continuation:cpp_continuation:cpp_continuation:cpp_continuation:cpp_continuation:cpp_continuation:cpp_continuation:cpp_continuation:cpp_continuation:cpp_continuation:cpp_continuation:cpp_continuation:cpp_continuation:cpp_continuation:cpp_continuation:cpp_continuation:cpp_continuation:cpp_continuation:cpp_continuation:cpp_continuation:cpp_continuation:cpp_continuation:cpp_continuation:cpp_continuation:cpp_continuation:cpp_continuation:cpp_continuation:cpp_continuation:cpp_continuation:cpp_continuation:cpp_continuation:cpp_continuation:cpp_continuation:cpp_continuation:cpp_continuation:cpp_continuation:cpp_continuation:cpp_continuation:cpp_continuation:cpp_continuation:cpp_continuation:cpp_continuation:cpp_continuation:cpp_continuation:cpp_continuation:cpp_continuation:cpp_continuation:cpp_continuation:cpp_continuation:cpp_continuation:cpp_continuation:cpp_continuation:cpp_continuation:cpp_continuation:cpp_continuation:cpp_continuation:cpp_continuation:cpp_continuation:cpp_continuation:cpp_continuation:cpp_continuation:cpp_continuation:cpp_continuation:cpp_continuation:cpp_continuation:cpp_continuation:cpp_continuation:cpp_continuation:cpp_continuation:cpp_continuation:cpp_continuation:cpp_continuation:cpp_continuation:cpp_continuation:cpp_continuation:cpp_continuation:cpp_continuation:cpp_continuation:cpp_continuation:cpp_continuation:cpp_continuation:cpp_continuation:cpp_continuation:cpp_continuation:cpp_continuation:cpp_continuation:cpp_continuation:cpp_continuation:cpp_continuation:cpp_continuation:cpp_continuation:cpp_continuation:cpp_continuation:cpp_continuation:cpp_continuation:cpp_continuation:cpp_continuation:cpp_continuation:cpp_continuation:cpp_continuation:cpp_continuation:cpp_continuation:cpp_continuation:cpp_continuation:cpp_continuation:cpp_continuation:cpp_continuation:cpp_continuation:cpp_continuation:cpp_continuation:cpp_continuation:cpp_continuation:cpp_continuation:cpp_continuation:cpp_continuation:cpp_continuation:cpp_continuation:cpp_continuation:cpp_continuation:cpp_continuation:cpp_continuation:cpp_continuation:cpp_continuation:cpp_continuation:cpp_continuation:cpp_continuation:cpp_continuation:cpp_continuation:cpp_continuation:cpp_continuation:cpp_continuation:cpp_continuation:cpp_continuation:cpp_continuation:cpp_continuation:cpp_continuation:cpp_continuation:cpp_continuation:cpp_continuation:cpp_continuation:cpp_continuation:cpp_continuation:cpp_continuation:cpp_continuation:cpp_continuation:cpp_continuation:cpp_continuation:cpp_continuation:cpp_continuation:cpp_continuation:cpp_continuation:cpp_continuation:cpp_continuation:cpp_continuation:cpp_continuation:cpp_continuation:cpp_continuation:cpp_continuation:cpp_continuation:cpp_continuation:cpp_continuation:r2r2r2r2r:slot=7:wrist_root=0,r2r2r2r2r:slot=4:wrist_root=1,True,True,False,SEARCH_BRANCH_CHANGE|BRANCH_ID_CHANGE,SEARCH_BRANCH_CHANGE
trial_0012,trial_0012_bite_002_transfer,trial_0012_bite_002,transfer,StrongLocal,179,180,2356,2357,0.9749846925229211,4,-2.848870903816399,-2.8484979294020585,0.0003729744143403657,0.00026487872759245636,0.0030798224508791212,7,7,cpp_continuation:r2r2r2r2r:slot=7:wrist_root=2,r2r2r2r2r:slot=7:wrist_root=0,False,True,False,BRANCH_ID_CHANGE,BRANCH_ID_CHANGE
trial_0012,trial_0012_bite_002_transfer,trial_0012_bite_002,transfer,H_star,179,180,2356,2357,0.8875448849247389,4,-2.874911965433257,-2.8751372378550717,-0.0002252724218148039,0.00026487872759245636,0.0030798224508791212,7,7,cpp_continuation:cpp_continuation:r2r2r2r2r:slot=7:wrist_root=2,r2r2r2r2r:slot=7:wrist_root=0,False,True,False,BRANCH_ID_CHANGE,BRANCH_ID_CHANGE
trial_0012,trial_0012_bite_006_transfer,trial_0012_bite_006,transfer,B0,117,118,8336,8337,0.9047405910746068,4,-3.1176690529898656,-3.1176690529898656,0.0,0.0016720036529565404,0.004196272381745572,7,4,cpp_continuation:cpp_continuation:cpp_continuation:cpp_continuation:cpp_continuation:cpp_continuation:cpp_continuation:cpp_continuation:cpp_continuation:cpp_continuation:cpp_continuation:cpp_continuation:cpp_continuation:cpp_continuation:cpp_continuation:cpp_continuation:cpp_continuation:cpp_continuation:cpp_continuation:cpp_continuation:cpp_continuation:cpp_continuation:cpp_continuation:cpp_continuation:cpp_continuation:cpp_continuation:cpp_continuation:cpp_continuation:cpp_continuation:cpp_continuation:cpp_continuation:cpp_continuation:cpp_continuation:cpp_continuation:cpp_continuation:cpp_continuation:cpp_continuation:cpp_continuation:cpp_continuation:cpp_continuation:cpp_continuation:cpp_continuation:cpp_continuation:cpp_continuation:cpp_continuation:cpp_continuation:cpp_continuation:cpp_continuation:cpp_continuation:cpp_continuation:cpp_continuation:cpp_continuation:cpp_continuation:cpp_continuation:cpp_continuation:cpp_continuation:cpp_continuation:cpp_continuation:cpp_continuation:cpp_continuation:cpp_continuation:cpp_continuation:cpp_continuation:cpp_continuation:cpp_continuation:cpp_continuation:cpp_continuation:cpp_continuation:cpp_continuation:cpp_continuation:cpp_continuation:cpp_continuation:cpp_continuation:cpp_continuation:cpp_continuation:cpp_continuation:cpp_continuation:cpp_continuation:cpp_continuation:cpp_continuation:cpp_continuation:cpp_continuation:cpp_continuation:cpp_continuation:cpp_continuation:cpp_continuation:cpp_continuation:cpp_continuation:cpp_continuation:cpp_continuation:cpp_continuation:cpp_continuation:cpp_continuation:cpp_continuation:cpp_continuation:cpp_continuation:cpp_continuation:cpp_continuation:cpp_continuation:cpp_continuation:cpp_continuation:cpp_continuation:cpp_continuation:cpp_continuation:cpp_continuation:cpp_continuation:cpp_continuation:cpp_continuation:cpp_continuation:cpp_continuation:cpp_continuation:cpp_continuation:cpp_continuation:cpp_continuation:cpp_continuation:cpp_continuation:cpp_continuation:r2r2r2r2r:slot=7:wrist_root=0,r2r2r2r2r:slot=4:wrist_root=1,True,True,False,SEARCH_BRANCH_CHANGE|BRANCH_ID_CHANGE,SEARCH_BRANCH_CHANGE
trial_0012,trial_0012_bite_006_transfer,trial_0012_bite_006,transfer,B2,111,112,8330,8331,0.5265555114966678,2,-2.8832085218315098,-2.88187067413588,0.0013378476956296126,0.002075412409650873,0.0025125867764598285,7,7,cpp_continuation:cpp_continuation:cpp_continuation:cpp_continuation:cpp_continuation:cpp_continuation:cpp_continuation:cpp_continuation:cpp_continuation:cpp_continuation:cpp_continuation:cpp_continuation:cpp_continuation:cpp_continuation:cpp_continuation:cpp_continuation:cpp_continuation:cpp_continuation:cpp_continuation:cpp_continuation:cpp_continuation:cpp_continuation:cpp_continuation:cpp_continuation:cpp_continuation:cpp_continuation:cpp_continuation:cpp_continuation:cpp_continuation:cpp_continuation:cpp_continuation:cpp_continuation:cpp_continuation:cpp_continuation:cpp_continuation:cpp_continuation:cpp_continuation:cpp_continuation:cpp_continuation:cpp_continuation:cpp_continuation:cpp_continuation:cpp_continuation:cpp_continuation:cpp_continuation:cpp_continuation:cpp_continuation:cpp_continuation:cpp_continuation:cpp_continuation:cpp_continuation:cpp_continuation:cpp_continuation:cpp_continuation:cpp_continuation:cpp_continuation:cpp_continuation:cpp_continuation:cpp_continuation:cpp_continuation:cpp_continuation:cpp_continuation:cpp_continuation:cpp_continuation:cpp_continuation:cpp_continuation:cpp_continuation:cpp_continuation:cpp_continuation:cpp_continuation:cpp_continuation:cpp_continuation:cpp_continuation:cpp_continuation:cpp_continuation:cpp_continuation:cpp_continuation:cpp_continuation:cpp_continuation:cpp_continuation:cpp_continuation:cpp_continuation:cpp_continuation:cpp_continuation:cpp_continuation:cpp_continuation:cpp_continuation:cpp_continuation:cpp_continuation:cpp_continuation:cpp_continuation:cpp_continuation:cpp_continuation:cpp_continuation:cpp_continuation:cpp_continuation:cpp_continuation:cpp_continuation:cpp_continuation:cpp_continuation:cpp_continuation:cpp_continuation:cpp_continuation:cpp_continuation:cpp_continuation:cpp_continuation:cpp_continuation:cpp_continuation:cpp_continuation:cpp_continuation:cpp_continuation:r2r2r2r2r:slot=7:wrist_root=0,r2r2r2r2r:slot=7:wrist_root=0,False,True,False,BRANCH_ID_CHANGE,BRANCH_ID_CHANGE
trial_0012,trial_0012_bite_006_transfer,trial_0012_bite_006,transfer,B2,138,139,8357,8358,0.9884798174624194,2,-2.863422019768364,-2.862032767904256,0.0013892518641083205,0.0012719250693224368,0.004022970060617681,4,4,r2r2r2r2r:slot=4:wrist_root=1,r2r2r2r2r:slot=4:wrist_root=0,False,True,False,BRANCH_ID_CHANGE,BRANCH_ID_CHANGE
trial_0012,trial_0012_bite_006_transfer,trial_0012_bite_006,transfer,B3,140,141,8359,8360,1.310336487535786,4,-2.862567376684077,-2.8669547540593476,-0.004387377375270507,0.001336075297887848,0.0036375007042424206,5,7,r2r2r2r2r:slot=5:wrist_root=1,r2r2r2r2r:slot=7:wrist_root=0,True,True,False,SEARCH_BRANCH_CHANGE|BRANCH_ID_CHANGE,SEARCH_BRANCH_CHANGE
trial_0012,trial_0012_bite_006_transfer,trial_0012_bite_006,transfer,StrongLocal,111,112,8330,8331,1.7540758480309384,4,-2.8545959258370757,-2.849303651688237,0.005292274148838593,0.002075412409650873,0.0025125867764598285,7,4,cpp_continuation:cpp_continuation:cpp_continuation:cpp_continuation:cpp_continuation:cpp_continuation:cpp_continuation:cpp_continuation:cpp_continuation:cpp_continuation:cpp_continuation:cpp_continuation:cpp_continuation:cpp_continuation:cpp_continuation:cpp_continuation:cpp_continuation:cpp_continuation:cpp_continuation:cpp_continuation:cpp_continuation:cpp_continuation:cpp_continuation:cpp_continuation:cpp_continuation:cpp_continuation:cpp_continuation:cpp_continuation:cpp_continuation:cpp_continuation:cpp_continuation:cpp_continuation:cpp_continuation:cpp_continuation:cpp_continuation:cpp_continuation:cpp_continuation:cpp_continuation:cpp_continuation:cpp_continuation:cpp_continuation:cpp_continuation:cpp_continuation:cpp_continuation:cpp_continuation:cpp_continuation:cpp_continuation:cpp_continuation:cpp_continuation:cpp_continuation:cpp_continuation:cpp_continuation:cpp_continuation:cpp_continuation:cpp_continuation:cpp_continuation:cpp_continuation:cpp_continuation:cpp_continuation:cpp_continuation:cpp_continuation:cpp_continuation:cpp_continuation:cpp_continuation:cpp_continuation:cpp_continuation:cpp_continuation:cpp_continuation:cpp_continuation:cpp_continuation:cpp_continuation:cpp_continuation:cpp_continuation:cpp_continuation:cpp_continuation:cpp_continuation:cpp_continuation:cpp_continuation:cpp_continuation:cpp_continuation:cpp_continuation:cpp_continuation:cpp_continuation:cpp_continuation:cpp_continuation:cpp_continuation:cpp_continuation:cpp_continuation:cpp_continuation:cpp_continuation:cpp_continuation:cpp_continuation:cpp_continuation:cpp_continuation:cpp_continuation:cpp_continuation:cpp_continuation:cpp_continuation:cpp_continuation:cpp_continuation:cpp_continuation:cpp_continuation:cpp_continuation:cpp_continuation:cpp_continuation:cpp_continuation:cpp_continuation:cpp_continuation:cpp_continuation:cpp_continuation:cpp_continuation:r2r2r2r2r:slot=7:wrist_root=0,r2r2r2r2r:slot=4:wrist_root=1,True,True,False,SEARCH_BRANCH_CHANGE|BRANCH_ID_CHANGE,SEARCH_BRANCH_CHANGE
trial_0012,trial_0012_bite_006_transfer,trial_0012_bite_006,transfer,StrongLocal,144,145,8363,8364,0.9862652129074208,4,-2.823461855529169,-2.8207841126521993,0.0026777428769695355,0.0010048325500490055,0.009672456637413653,7,7,r2r2r2r2r:slot=7:wrist_root=2,r2r2r2r2r:slot=7:wrist_root=0,False,True,False,BRANCH_ID_CHANGE,BRANCH_ID_CHANGE
trial_0012,trial_0012_bite_006_transfer,trial_0012_bite_006,transfer,H_star,111,112,8330,8331,1.8525045422277417,4,-2.8457754619123365,-2.837390035747395,0.008385426164941645,0.002075412409650873,0.0025125867764598285,7,4,cpp_continuation:cpp_continuation:cpp_continuation:cpp_continuation:cpp_continuation:cpp_continuation:cpp_continuation:cpp_continuation:cpp_continuation:cpp_continuation:cpp_continuation:cpp_continuation:cpp_continuation:cpp_continuation:cpp_continuation:cpp_continuation:cpp_continuation:cpp_continuation:cpp_continuation:cpp_continuation:cpp_continuation:cpp_continuation:cpp_continuation:cpp_continuation:cpp_continuation:cpp_continuation:cpp_continuation:cpp_continuation:cpp_continuation:cpp_continuation:cpp_continuation:cpp_continuation:cpp_continuation:cpp_continuation:cpp_continuation:cpp_continuation:cpp_continuation:cpp_continuation:cpp_continuation:cpp_continuation:cpp_continuation:cpp_continuation:cpp_continuation:cpp_continuation:cpp_continuation:cpp_continuation:cpp_continuation:cpp_continuation:cpp_continuation:cpp_continuation:cpp_continuation:cpp_continuation:cpp_continuation:cpp_continuation:cpp_continuation:cpp_continuation:cpp_continuation:cpp_continuation:cpp_continuation:cpp_continuation:cpp_continuation:cpp_continuation:cpp_continuation:cpp_continuation:cpp_continuation:cpp_continuation:cpp_continuation:cpp_continuation:cpp_continuation:cpp_continuation:cpp_continuation:cpp_continuation:cpp_continuation:cpp_continuation:cpp_continuation:cpp_continuation:cpp_continuation:cpp_continuation:cpp_continuation:cpp_continuation:cpp_continuation:cpp_continuation:cpp_continuation:cpp_continuation:cpp_continuation:cpp_continuation:cpp_continuation:cpp_continuation:cpp_continuation:cpp_continuation:cpp_continuation:cpp_continuation:cpp_continuation:cpp_continuation:cpp_continuation:cpp_continuation:cpp_continuation:cpp_continuation:cpp_continuation:cpp_continuation:cpp_continuation:cpp_continuation:cpp_continuation:cpp_continuation:cpp_continuation:cpp_continuation:cpp_continuation:cpp_continuation:cpp_continuation:cpp_continuation:cpp_continuation:r2r2r2r2r:slot=7:wrist_root=0,r2r2r2r2r:slot=4:wrist_root=1,True,True,False,SEARCH_BRANCH_CHANGE|BRANCH_ID_CHANGE,SEARCH_BRANCH_CHANGE
trial_0012,trial_0012_bite_006_transfer,trial_0012_bite_006,transfer,H_star,140,141,8359,8360,1.3004577081699824,4,-2.8597522353887097,-2.8702490667747367,-0.010496831386026972,0.001336075297887848,0.0036375007042424206,5,7,r2r2r2r2r:slot=5:wrist_root=1,r2r2r2r2r:slot=7:wrist_root=0,True,True,False,SEARCH_BRANCH_CHANGE|BRANCH_ID_CHANGE,SEARCH_BRANCH_CHANGE
trial_0012,trial_0012_bite_006_transfer,trial_0012_bite_006,transfer,HumanGT,112,113,8331,8332,1.462223909789656,4,-2.952560167749038,-2.9562015421651635,-0.0036413744161256645,0.0021325191775515566,0.0049356475693733215,7,4,cpp_continuation:cpp_continuation:cpp_continuation:cpp_continuation:cpp_continuation:cpp_continuation:cpp_continuation:cpp_continuation:cpp_continuation:cpp_continuation:cpp_continuation:cpp_continuation:cpp_continuation:cpp_continuation:cpp_continuation:cpp_continuation:cpp_continuation:cpp_continuation:cpp_continuation:cpp_continuation:cpp_continuation:cpp_continuation:cpp_continuation:cpp_continuation:cpp_continuation:cpp_continuation:cpp_continuation:cpp_continuation:cpp_continuation:cpp_continuation:cpp_continuation:cpp_continuation:cpp_continuation:cpp_continuation:cpp_continuation:cpp_continuation:cpp_continuation:cpp_continuation:cpp_continuation:cpp_continuation:cpp_continuation:cpp_continuation:cpp_continuation:cpp_continuation:cpp_continuation:cpp_continuation:cpp_continuation:cpp_continuation:cpp_continuation:cpp_continuation:cpp_continuation:cpp_continuation:cpp_continuation:cpp_continuation:cpp_continuation:cpp_continuation:cpp_continuation:cpp_continuation:cpp_continuation:cpp_continuation:cpp_continuation:cpp_continuation:cpp_continuation:cpp_continuation:cpp_continuation:cpp_continuation:cpp_continuation:cpp_continuation:cpp_continuation:cpp_continuation:cpp_continuation:cpp_continuation:cpp_continuation:cpp_continuation:cpp_continuation:cpp_continuation:cpp_continuation:cpp_continuation:cpp_continuation:cpp_continuation:cpp_continuation:cpp_continuation:cpp_continuation:cpp_continuation:cpp_continuation:cpp_continuation:cpp_continuation:cpp_continuation:cpp_continuation:cpp_continuation:cpp_continuation:cpp_continuation:cpp_continuation:cpp_continuation:cpp_continuation:cpp_continuation:cpp_continuation:cpp_continuation:cpp_continuation:cpp_continuation:cpp_continuation:cpp_continuation:cpp_continuation:cpp_continuation:cpp_continuation:cpp_continuation:cpp_continuation:cpp_continuation:cpp_continuation:cpp_continuation:cpp_continuation:cpp_continuation:r2r2r2r2r:slot=7:wrist_root=0,r2r2r2r2r:slot=4:wrist_root=1,True,True,False,SEARCH_BRANCH_CHANGE|BRANCH_ID_CHANGE,SEARCH_BRANCH_CHANGE
trial_0012,trial_0012_bite_006_transfer,trial_0012_bite_006,transfer,HumanGT,144,145,8363,8364,0.5857228529065659,4,-2.968732820532662,-2.968771328352049,-3.8507819386968116e-05,0.0010048325500490055,0.009672456637413653,7,7,r2r2r2r2r:slot=7:wrist_root=2,r2r2r2r2r:slot=7:wrist_root=0,False,True,False,BRANCH_ID_CHANGE,BRANCH_ID_CHANGE
trial_0012,trial_0012_bite_006_withdrawal,trial_0012_bite_006,withdrawal,B1,90,91,8508,8509,3.117324513617823,2,-3.0348222831022236,-3.0358009055167856,-0.000978622414562036,0.002089690323538413,0.01786756781965801,6,5,cpp_continuation:cpp_continuation:cpp_continuation:cpp_continuation:cpp_continuation:cpp_continuation:cpp_continuation:cpp_continuation:cpp_continuation:cpp_continuation:cpp_continuation:cpp_continuation:r2r2r2r2r:slot=6:wrist_root=0,r2r2r2r2r:slot=5:wrist_root=0,True,True,True,SEARCH_BRANCH_CHANGE|BRANCH_ID_CHANGE,SEARCH_BRANCH_CHANGE
trial_0012,trial_0012_bite_006_withdrawal,trial_0012_bite_006,withdrawal,B3,47,48,8465,8466,3.120493181107355,2,-3.214419354773375,-3.226330431346121,-0.011911076572745927,0.009239930142883617,0.05225026072352706,6,7,r2r2r2r2r:slot=6:wrist_root=0,r2r2r2r2r:slot=7:wrist_root=0,True,True,True,SEARCH_BRANCH_CHANGE|BRANCH_ID_CHANGE,SEARCH_BRANCH_CHANGE
trial_0012,trial_0012_bite_006_withdrawal,trial_0012_bite_006,withdrawal,B3,50,51,8468,8469,3.106798927432556,4,-3.2595756064034003,-3.2727422442575094,-0.013166637854109098,0.009257169812487953,0.05471756270808137,7,6,r2r2r2r2r:slot=7:wrist_root=1,r2r2r2r2r:slot=6:wrist_root=0,True,True,True,SEARCH_BRANCH_CHANGE|BRANCH_ID_CHANGE,SEARCH_BRANCH_CHANGE
trial_0012,trial_0012_bite_007_transfer,trial_0012_bite_007,transfer,StrongLocal,89,90,9841,9842,0.5010132534923055,2,-2.8151744507511203,-2.8126155773972026,0.00255887335391769,0.003961181075869808,0.002390866233593577,7,7,cpp_continuation:cpp_continuation:cpp_continuation:cpp_continuation:cpp_continuation:cpp_continuation:cpp_continuation:cpp_continuation:cpp_continuation:cpp_continuation:cpp_continuation:cpp_continuation:cpp_continuation:cpp_continuation:cpp_continuation:cpp_continuation:cpp_continuation:cpp_continuation:cpp_continuation:cpp_continuation:cpp_continuation:cpp_continuation:cpp_continuation:cpp_continuation:cpp_continuation:cpp_continuation:cpp_continuation:cpp_continuation:cpp_continuation:cpp_continuation:cpp_continuation:cpp_continuation:cpp_continuation:cpp_continuation:cpp_continuation:cpp_continuation:cpp_continuation:cpp_continuation:cpp_continuation:cpp_continuation:cpp_continuation:cpp_continuation:cpp_continuation:cpp_continuation:cpp_continuation:cpp_continuation:cpp_continuation:cpp_continuation:cpp_continuation:cpp_continuation:cpp_continuation:cpp_continuation:cpp_continuation:cpp_continuation:cpp_continuation:cpp_continuation:cpp_continuation:cpp_continuation:cpp_continuation:cpp_continuation:cpp_continuation:cpp_continuation:cpp_continuation:cpp_continuation:cpp_continuation:cpp_continuation:cpp_continuation:cpp_continuation:cpp_continuation:cpp_continuation:cpp_continuation:cpp_continuation:cpp_continuation:cpp_continuation:cpp_continuation:cpp_continuation:cpp_continuation:cpp_continuation:cpp_continuation:cpp_continuation:cpp_continuation:cpp_continuation:cpp_continuation:cpp_continuation:cpp_continuation:cpp_continuation:cpp_continuation:cpp_continuation:cpp_continuation:r2r2r2r2r:slot=7:wrist_root=0,r2r2r2r2r:slot=7:wrist_root=0,False,True,False,BRANCH_ID_CHANGE,BRANCH_ID_CHANGE
trial_0012,trial_0012_bite_007_transfer,trial_0012_bite_007,transfer,H_star,89,90,9841,9842,1.620303513985552,4,-2.795658418223431,-2.7916887469215506,0.0039696713018804175,0.003961181075869808,0.002390866233593577,7,4,cpp_continuation:cpp_continuation:cpp_continuation:cpp_continuation:cpp_continuation:cpp_continuation:cpp_continuation:cpp_continuation:cpp_continuation:cpp_continuation:cpp_continuation:cpp_continuation:cpp_continuation:cpp_continuation:cpp_continuation:cpp_continuation:cpp_continuation:cpp_continuation:cpp_continuation:cpp_continuation:cpp_continuation:cpp_continuation:cpp_continuation:cpp_continuation:cpp_continuation:cpp_continuation:cpp_continuation:cpp_continuation:cpp_continuation:cpp_continuation:cpp_continuation:cpp_continuation:cpp_continuation:cpp_continuation:cpp_continuation:cpp_continuation:cpp_continuation:cpp_continuation:cpp_continuation:cpp_continuation:cpp_continuation:cpp_continuation:cpp_continuation:cpp_continuation:cpp_continuation:cpp_continuation:cpp_continuation:cpp_continuation:cpp_continuation:cpp_continuation:cpp_continuation:cpp_continuation:cpp_continuation:cpp_continuation:cpp_continuation:cpp_continuation:cpp_continuation:cpp_continuation:cpp_continuation:cpp_continuation:cpp_continuation:cpp_continuation:cpp_continuation:cpp_continuation:cpp_continuation:cpp_continuation:cpp_continuation:cpp_continuation:cpp_continuation:cpp_continuation:cpp_continuation:cpp_continuation:cpp_continuation:cpp_continuation:cpp_continuation:cpp_continuation:cpp_continuation:cpp_continuation:cpp_continuation:cpp_continuation:cpp_continuation:cpp_continuation:cpp_continuation:cpp_continuation:cpp_continuation:cpp_continuation:cpp_continuation:cpp_continuation:cpp_continuation:r2r2r2r2r:slot=7:wrist_root=0,r2r2r2r2r:slot=4:wrist_root=1,True,True,False,SEARCH_BRANCH_CHANGE|BRANCH_ID_CHANGE,SEARCH_BRANCH_CHANGE
trial_0012,trial_0012_bite_007_withdrawal,trial_0012_bite_007,withdrawal,B0,7,8,9930,9931,0.7561045522589138,2,-2.986989009516538,-2.986989009516538,0.0,0.001390390114567131,0.004202360341310759,4,4,r2r2r2r2r:slot=4:wrist_root=0,r2r2r2r2r:slot=4:wrist_root=0,False,False,False,GLOBAL_RECOVERY_WITHOUT_RECORDED_BRANCH_CHANGE,GLOBAL_RECOVERY_WITHOUT_RECORDED_BRANCH_CHANGE
trial_0012,trial_0012_bite_007_withdrawal,trial_0012_bite_007,withdrawal,B1,7,8,9930,9931,0.7318724456293975,2,-2.993395818129853,-2.9943110765031835,-0.0009152583733307296,0.001390390114567131,0.004202360341310759,4,4,r2r2r2r2r:slot=4:wrist_root=0,r2r2r2r2r:slot=4:wrist_root=0,False,False,False,GLOBAL_RECOVERY_WITHOUT_RECORDED_BRANCH_CHANGE,GLOBAL_RECOVERY_WITHOUT_RECORDED_BRANCH_CHANGE
trial_0012,trial_0012_bite_007_withdrawal,trial_0012_bite_007,withdrawal,B2,7,8,9930,9931,0.7672473569868705,2,-2.984813671512658,-2.984945974273026,-0.0001323027603681304,0.001390390114567131,0.004202360341310759,4,4,r2r2r2r2r:slot=4:wrist_root=0,r2r2r2r2r:slot=4:wrist_root=0,False,False,False,GLOBAL_RECOVERY_WITHOUT_RECORDED_BRANCH_CHANGE,GLOBAL_RECOVERY_WITHOUT_RECORDED_BRANCH_CHANGE
trial_0012,trial_0012_bite_007_withdrawal,trial_0012_bite_007,withdrawal,B3,7,8,9930,9931,0.8051109355088175,2,-2.9787592783091585,-2.9798487200392594,-0.0010894417301008374,0.001390390114567131,0.004202360341310759,4,4,r2r2r2r2r:slot=4:wrist_root=0,r2r2r2r2r:slot=4:wrist_root=0,False,False,False,GLOBAL_RECOVERY_WITHOUT_RECORDED_BRANCH_CHANGE,GLOBAL_RECOVERY_WITHOUT_RECORDED_BRANCH_CHANGE
trial_0012,trial_0012_bite_007_withdrawal,trial_0012_bite_007,withdrawal,StrongLocal,7,8,9930,9931,0.7645544566168576,2,-2.9862469711374624,-2.987494302353272,-0.001247331215809666,0.001390390114567131,0.004202360341310759,4,4,r2r2r2r2r:slot=4:wrist_root=0,r2r2r2r2r:slot=4:wrist_root=0,False,False,False,GLOBAL_RECOVERY_WITHOUT_RECORDED_BRANCH_CHANGE,GLOBAL_RECOVERY_WITHOUT_RECORDED_BRANCH_CHANGE
trial_0012,trial_0012_bite_007_withdrawal,trial_0012_bite_007,withdrawal,StrongLocal,57,58,9980,9981,3.1295733378879333,6,-3.3933425939190633,-3.408558362815544,-0.015215768896480686,0.0086225865426996,0.04421150793378667,4,5,cpp_continuation:cpp_continuation:cpp_continuation:cpp_continuation:cpp_continuation:cpp_continuation:cpp_continuation:cpp_continuation:cpp_continuation:cpp_continuation:cpp_continuation:cpp_continuation:cpp_continuation:cpp_continuation:cpp_continuation:cpp_continuation:cpp_continuation:cpp_continuation:cpp_continuation:cpp_continuation:cpp_continuation:cpp_continuation:cpp_continuation:cpp_continuation:cpp_continuation:cpp_continuation:cpp_continuation:cpp_continuation:cpp_continuation:cpp_continuation:cpp_continuation:cpp_continuation:cpp_continuation:cpp_continuation:cpp_continuation:cpp_continuation:cpp_continuation:cpp_continuation:cpp_continuation:cpp_continuation:cpp_continuation:cpp_continuation:cpp_continuation:cpp_continuation:cpp_continuation:cpp_continuation:cpp_continuation:cpp_continuation:cpp_continuation:r2r2r2r2r:slot=4:wrist_root=0,r2r2r2r2r:slot=5:wrist_root=0,True,True,True,SEARCH_BRANCH_CHANGE|BRANCH_ID_CHANGE,SEARCH_BRANCH_CHANGE
trial_0012,trial_0012_bite_007_withdrawal,trial_0012_bite_007,withdrawal,StrongLocal,59,60,9982,9983,3.113164698802402,2,-3.4309330267116107,-3.44844831252684,-0.01751528581522921,0.008265750467277707,0.049951177977483406,5,6,r2r2r2r2r:slot=5:wrist_root=0,r2r2r2r2r:slot=6:wrist_root=0,True,True,True,SEARCH_BRANCH_CHANGE|BRANCH_ID_CHANGE,SEARCH_BRANCH_CHANGE
trial_0012,trial_0012_bite_007_withdrawal,trial_0012_bite_007,withdrawal,H_star,7,8,9930,9931,0.832920790753902,2,-2.9770928110797303,-2.9824431443090136,-0.005350333229283244,0.001390390114567131,0.004202360341310759,4,4,r2r2r2r2r:slot=4:wrist_root=0,r2r2r2r2r:slot=4:wrist_root=0,False,False,False,GLOBAL_RECOVERY_WITHOUT_RECORDED_BRANCH_CHANGE,GLOBAL_RECOVERY_WITHOUT_RECORDED_BRANCH_CHANGE
trial_0012,trial_0012_bite_007_withdrawal,trial_0012_bite_007,withdrawal,HumanGT,7,8,9930,9931,0.7460611203108902,2,-2.988309835482045,-2.987312403221248,0.0009974322607968489,0.001390390114567131,0.004202360341310759,4,4,r2r2r2r2r:slot=4:wrist_root=0,r2r2r2r2r:slot=4:wrist_root=0,False,False,False,GLOBAL_RECOVERY_WITHOUT_RECORDED_BRANCH_CHANGE,GLOBAL_RECOVERY_WITHOUT_RECORDED_BRANCH_CHANGE
trial_0012,trial_0012_bite_008_transfer,trial_0012_bite_008,transfer,B0,96,97,12488,12489,1.1283534871837715,4,-3.1048291737021554,-3.1048291737021554,0.0,0.003183826730698174,0.005259868299348994,7,4,cpp_continuation:cpp_continuation:cpp_continuation:cpp_continuation:cpp_continuation:cpp_continuation:cpp_continuation:cpp_continuation:cpp_continuation:cpp_continuation:cpp_continuation:cpp_continuation:cpp_continuation:cpp_continuation:cpp_continuation:cpp_continuation:cpp_continuation:cpp_continuation:cpp_continuation:cpp_continuation:cpp_continuation:cpp_continuation:cpp_continuation:cpp_continuation:cpp_continuation:cpp_continuation:cpp_continuation:cpp_continuation:cpp_continuation:cpp_continuation:cpp_continuation:cpp_continuation:cpp_continuation:cpp_continuation:cpp_continuation:cpp_continuation:cpp_continuation:cpp_continuation:cpp_continuation:cpp_continuation:cpp_continuation:cpp_continuation:cpp_continuation:cpp_continuation:cpp_continuation:cpp_continuation:cpp_continuation:cpp_continuation:cpp_continuation:cpp_continuation:cpp_continuation:cpp_continuation:cpp_continuation:cpp_continuation:cpp_continuation:cpp_continuation:cpp_continuation:cpp_continuation:cpp_continuation:cpp_continuation:cpp_continuation:cpp_continuation:cpp_continuation:cpp_continuation:cpp_continuation:cpp_continuation:cpp_continuation:cpp_continuation:cpp_continuation:cpp_continuation:cpp_continuation:cpp_continuation:cpp_continuation:cpp_continuation:cpp_continuation:cpp_continuation:cpp_continuation:cpp_continuation:cpp_continuation:cpp_continuation:cpp_continuation:cpp_continuation:cpp_continuation:cpp_continuation:cpp_continuation:cpp_continuation:cpp_continuation:cpp_continuation:cpp_continuation:cpp_continuation:cpp_continuation:cpp_continuation:cpp_continuation:cpp_continuation:cpp_continuation:cpp_continuation:r2r2r2r2r:slot=7:wrist_root=0,r2r2r2r2r:slot=4:wrist_root=1,True,True,False,SEARCH_BRANCH_CHANGE|BRANCH_ID_CHANGE,SEARCH_BRANCH_CHANGE
trial_0012,trial_0012_bite_008_transfer,trial_0012_bite_008,transfer,B2,95,96,12487,12488,1.7260871789347034,4,-2.8956229740482513,-2.894996256626236,0.000626717422015144,0.0034203389852236394,0.003313556056979608,7,4,cpp_continuation:cpp_continuation:cpp_continuation:cpp_continuation:cpp_continuation:cpp_continuation:cpp_continuation:cpp_continuation:cpp_continuation:cpp_continuation:cpp_continuation:cpp_continuation:cpp_continuation:cpp_continuation:cpp_continuation:cpp_continuation:cpp_continuation:cpp_continuation:cpp_continuation:cpp_continuation:cpp_continuation:cpp_continuation:cpp_continuation:cpp_continuation:cpp_continuation:cpp_continuation:cpp_continuation:cpp_continuation:cpp_continuation:cpp_continuation:cpp_continuation:cpp_continuation:cpp_continuation:cpp_continuation:cpp_continuation:cpp_continuation:cpp_continuation:cpp_continuation:cpp_continuation:cpp_continuation:cpp_continuation:cpp_continuation:cpp_continuation:cpp_continuation:cpp_continuation:cpp_continuation:cpp_continuation:cpp_continuation:cpp_continuation:cpp_continuation:cpp_continuation:cpp_continuation:cpp_continuation:cpp_continuation:cpp_continuation:cpp_continuation:cpp_continuation:cpp_continuation:cpp_continuation:cpp_continuation:cpp_continuation:cpp_continuation:cpp_continuation:cpp_continuation:cpp_continuation:cpp_continuation:cpp_continuation:cpp_continuation:cpp_continuation:cpp_continuation:cpp_continuation:cpp_continuation:cpp_continuation:cpp_continuation:cpp_continuation:cpp_continuation:cpp_continuation:cpp_continuation:cpp_continuation:cpp_continuation:cpp_continuation:cpp_continuation:cpp_continuation:cpp_continuation:cpp_continuation:cpp_continuation:cpp_continuation:cpp_continuation:cpp_continuation:cpp_continuation:cpp_continuation:cpp_continuation:cpp_continuation:cpp_continuation:cpp_continuation:r2r2r2r2r:slot=7:wrist_root=0,r2r2r2r2r:slot=4:wrist_root=1,True,True,False,SEARCH_BRANCH_CHANGE|BRANCH_ID_CHANGE,SEARCH_BRANCH_CHANGE
trial_0012,trial_0012_bite_008_transfer,trial_0012_bite_008,transfer,B3,95,96,12487,12488,1.5704953993792155,4,-2.918141669607337,-2.9156800038863864,0.002461665720950634,0.0034203389852236394,0.003313556056979608,7,4,cpp_continuation:cpp_continuation:cpp_continuation:cpp_continuation:cpp_continuation:cpp_continuation:cpp_continuation:cpp_continuation:cpp_continuation:cpp_continuation:cpp_continuation:cpp_continuation:cpp_continuation:cpp_continuation:cpp_continuation:cpp_continuation:cpp_continuation:cpp_continuation:cpp_continuation:cpp_continuation:cpp_continuation:cpp_continuation:cpp_continuation:cpp_continuation:cpp_continuation:cpp_continuation:cpp_continuation:cpp_continuation:cpp_continuation:cpp_continuation:cpp_continuation:cpp_continuation:cpp_continuation:cpp_continuation:cpp_continuation:cpp_continuation:cpp_continuation:cpp_continuation:cpp_continuation:cpp_continuation:cpp_continuation:cpp_continuation:cpp_continuation:cpp_continuation:cpp_continuation:cpp_continuation:cpp_continuation:cpp_continuation:cpp_continuation:cpp_continuation:cpp_continuation:cpp_continuation:cpp_continuation:cpp_continuation:cpp_continuation:cpp_continuation:cpp_continuation:cpp_continuation:cpp_continuation:cpp_continuation:cpp_continuation:cpp_continuation:cpp_continuation:cpp_continuation:cpp_continuation:cpp_continuation:cpp_continuation:cpp_continuation:cpp_continuation:cpp_continuation:cpp_continuation:cpp_continuation:cpp_continuation:cpp_continuation:cpp_continuation:cpp_continuation:cpp_continuation:cpp_continuation:cpp_continuation:cpp_continuation:cpp_continuation:cpp_continuation:cpp_continuation:cpp_continuation:cpp_continuation:cpp_continuation:cpp_continuation:cpp_continuation:cpp_continuation:cpp_continuation:cpp_continuation:cpp_continuation:cpp_continuation:cpp_continuation:cpp_continuation:r2r2r2r2r:slot=7:wrist_root=0,r2r2r2r2r:slot=4:wrist_root=1,True,True,False,SEARCH_BRANCH_CHANGE|BRANCH_ID_CHANGE,SEARCH_BRANCH_CHANGE
trial_0012,trial_0012_bite_008_transfer,trial_0012_bite_008,transfer,StrongLocal,95,96,12487,12488,1.8728907414946143,4,-2.8828375997181994,-2.880614107411231,0.0022234923069683887,0.0034203389852236394,0.003313556056979608,7,4,cpp_continuation:cpp_continuation:cpp_continuation:cpp_continuation:cpp_continuation:cpp_continuation:cpp_continuation:cpp_continuation:cpp_continuation:cpp_continuation:cpp_continuation:cpp_continuation:cpp_continuation:cpp_continuation:cpp_continuation:cpp_continuation:cpp_continuation:cpp_continuation:cpp_continuation:cpp_continuation:cpp_continuation:cpp_continuation:cpp_continuation:cpp_continuation:cpp_continuation:cpp_continuation:cpp_continuation:cpp_continuation:cpp_continuation:cpp_continuation:cpp_continuation:cpp_continuation:cpp_continuation:cpp_continuation:cpp_continuation:cpp_continuation:cpp_continuation:cpp_continuation:cpp_continuation:cpp_continuation:cpp_continuation:cpp_continuation:cpp_continuation:cpp_continuation:cpp_continuation:cpp_continuation:cpp_continuation:cpp_continuation:cpp_continuation:cpp_continuation:cpp_continuation:cpp_continuation:cpp_continuation:cpp_continuation:cpp_continuation:cpp_continuation:cpp_continuation:cpp_continuation:cpp_continuation:cpp_continuation:cpp_continuation:cpp_continuation:cpp_continuation:cpp_continuation:cpp_continuation:cpp_continuation:cpp_continuation:cpp_continuation:cpp_continuation:cpp_continuation:cpp_continuation:cpp_continuation:cpp_continuation:cpp_continuation:cpp_continuation:cpp_continuation:cpp_continuation:cpp_continuation:cpp_continuation:cpp_continuation:cpp_continuation:cpp_continuation:cpp_continuation:cpp_continuation:cpp_continuation:cpp_continuation:cpp_continuation:cpp_continuation:cpp_continuation:cpp_continuation:cpp_continuation:cpp_continuation:cpp_continuation:cpp_continuation:cpp_continuation:r2r2r2r2r:slot=7:wrist_root=0,r2r2r2r2r:slot=4:wrist_root=1,True,True,False,SEARCH_BRANCH_CHANGE|BRANCH_ID_CHANGE,SEARCH_BRANCH_CHANGE
trial_0012,trial_0012_bite_008_withdrawal,trial_0012_bite_008,withdrawal,B0,12,13,12635,12636,0.9579126733836678,2,-2.9839015647709424,-2.9839015647709424,0.0,0.0041497677182679256,0.015162395456801883,4,7,r2r2r2r2r:slot=4:wrist_root=0,r2r2r2r2r:slot=7:wrist_root=2,True,True,False,SEARCH_BRANCH_CHANGE|BRANCH_ID_CHANGE,SEARCH_BRANCH_CHANGE
trial_0012,trial_0012_bite_008_withdrawal,trial_0012_bite_008,withdrawal,B0,14,15,12637,12638,0.5952386943140664,3,-2.9839015647709424,-2.9839015647709424,0.0,0.004693406124331779,0.02007363694159484,7,7,r2r2r2r2r:slot=7:wrist_root=2,r2r2r2r2r:slot=7:wrist_root=0,False,True,False,BRANCH_ID_CHANGE,BRANCH_ID_CHANGE
trial_0012,trial_0012_bite_008_withdrawal,trial_0012_bite_008,withdrawal,B1,12,13,12635,12636,1.043611887040088,2,-2.9996402345308986,-3.0009517903442275,-0.0013115558133289795,0.0041497677182679256,0.015162395456801883,4,4,r2r2r2r2r:slot=4:wrist_root=0,r2r2r2r2r:slot=4:wrist_root=0,False,False,False,GLOBAL_RECOVERY_WITHOUT_RECORDED_BRANCH_CHANGE,GLOBAL_RECOVERY_WITHOUT_RECORDED_BRANCH_CHANGE
trial_0012,trial_0012_bite_008_withdrawal,trial_0012_bite_008,withdrawal,B2,12,13,12635,12636,1.0437395990265905,2,-2.991669134033001,-2.9941797537683024,-0.0025106197353013116,0.0041497677182679256,0.015162395456801883,4,7,r2r2r2r2r:slot=4:wrist_root=0,r2r2r2r2r:slot=7:wrist_root=2,True,True,False,SEARCH_BRANCH_CHANGE|BRANCH_ID_CHANGE,SEARCH_BRANCH_CHANGE
trial_0012,trial_0012_bite_008_withdrawal,trial_0012_bite_008,withdrawal,B2,14,15,12637,12638,0.5958684044895386,3,-2.996261031178175,-2.9976555755375065,-0.0013945443593312847,0.004693406124331779,0.02007363694159484,7,7,r2r2r2r2r:slot=7:wrist_root=2,r2r2r2r2r:slot=7:wrist_root=0,False,True,False,BRANCH_ID_CHANGE,BRANCH_ID_CHANGE
trial_0012,trial_0012_bite_008_withdrawal,trial_0012_bite_008,withdrawal,B3,12,13,12635,12636,1.046348729658677,2,-2.992102350904073,-2.9915499274356017,0.0005524234684712859,0.0041497677182679256,0.015162395456801883,4,7,r2r2r2r2r:slot=4:wrist_root=0,r2r2r2r2r:slot=7:wrist_root=2,True,True,False,SEARCH_BRANCH_CHANGE|BRANCH_ID_CHANGE,SEARCH_BRANCH_CHANGE
trial_0012,trial_0012_bite_008_withdrawal,trial_0012_bite_008,withdrawal,B3,14,15,12637,12638,0.5956217518875486,3,-2.9915232221751658,-2.9922848433072917,-0.0007616211321259669,0.004693406124331779,0.02007363694159484,7,7,r2r2r2r2r:slot=7:wrist_root=2,r2r2r2r2r:slot=7:wrist_root=0,False,True,False,BRANCH_ID_CHANGE,BRANCH_ID_CHANGE
trial_0012,trial_0012_bite_008_withdrawal,trial_0012_bite_008,withdrawal,B3,65,66,12688,12689,3.1390125550507126,2,-3.338535652193634,-3.345471789399611,-0.0069361372059768564,0.004760763521365568,0.01966672860122327,7,4,cpp_continuation:cpp_continuation:cpp_continuation:cpp_continuation:cpp_continuation:cpp_continuation:cpp_continuation:cpp_continuation:cpp_continuation:cpp_continuation:cpp_continuation:cpp_continuation:cpp_continuation:cpp_continuation:cpp_continuation:cpp_continuation:cpp_continuation:cpp_continuation:cpp_continuation:cpp_continuation:cpp_continuation:cpp_continuation:cpp_continuation:cpp_continuation:cpp_continuation:cpp_continuation:cpp_continuation:cpp_continuation:cpp_continuation:cpp_continuation:cpp_continuation:cpp_continuation:cpp_continuation:cpp_continuation:cpp_continuation:cpp_continuation:cpp_continuation:cpp_continuation:cpp_continuation:cpp_continuation:cpp_continuation:cpp_continuation:cpp_continuation:cpp_continuation:cpp_continuation:cpp_continuation:cpp_continuation:cpp_continuation:cpp_continuation:r2r2r2r2r:slot=7:wrist_root=0,r2r2r2r2r:slot=4:wrist_root=0,True,True,True,SEARCH_BRANCH_CHANGE|BRANCH_ID_CHANGE,SEARCH_BRANCH_CHANGE
trial_0012,trial_0012_bite_008_withdrawal,trial_0012_bite_008,withdrawal,StrongLocal,12,13,12635,12636,0.7920831041262729,2,-3.0175218212620147,-3.0252981685972444,-0.007776347335229694,0.0041497677182679256,0.015162395456801883,1,1,r2r2r2r2r:slot=1:wrist_root=0,r2r2r2r2r:slot=1:wrist_root=0,False,False,False,GLOBAL_RECOVERY_WITHOUT_RECORDED_BRANCH_CHANGE,GLOBAL_RECOVERY_WITHOUT_RECORDED_BRANCH_CHANGE
trial_0012,trial_0012_bite_008_withdrawal,trial_0012_bite_008,withdrawal,H_star,12,13,12635,12636,1.083406112055652,2,-2.9955381183554253,-3.0027163554784084,-0.007178237122983155,0.0041497677182679256,0.015162395456801883,4,4,r2r2r2r2r:slot=4:wrist_root=0,r2r2r2r2r:slot=4:wrist_root=0,False,False,False,GLOBAL_RECOVERY_WITHOUT_RECORDED_BRANCH_CHANGE,GLOBAL_RECOVERY_WITHOUT_RECORDED_BRANCH_CHANGE
trial_0012,trial_0012_bite_008_withdrawal,trial_0012_bite_008,withdrawal,HumanGT,12,13,12635,12636,0.9050183454597587,2,-2.9801836860545636,-2.9727464182866976,0.007437267767866018,0.0041497677182679256,0.015162395456801883,4,7,r2r2r2r2r:slot=4:wrist_root=0,r2r2r2r2r:slot=7:wrist_root=2,True,True,False,SEARCH_BRANCH_CHANGE|BRANCH_ID_CHANGE,SEARCH_BRANCH_CHANGE
trial_0012,trial_0012_bite_008_withdrawal,trial_0012_bite_008,withdrawal,HumanGT,14,15,12637,12638,0.5945555247536389,3,-2.9727054338780508,-2.9687072694417007,0.003998164436350038,0.004693406124331779,0.02007363694159484,7,7,r2r2r2r2r:slot=7:wrist_root=2,r2r2r2r2r:slot=7:wrist_root=0,False,True,False,BRANCH_ID_CHANGE,BRANCH_ID_CHANGE
trial_0012,trial_0012_bite_009_transfer,trial_0012_bite_009,transfer,StrongLocal,187,188,13807,13808,0.5174719620891464,4,-2.930083849573896,-2.939073475803892,-0.008989626229995995,0.003574280955018685,0.004132692616418725,7,7,cpp_continuation:cpp_continuation:cpp_continuation:cpp_continuation:cpp_continuation:cpp_continuation:cpp_continuation:cpp_continuation:cpp_continuation:cpp_continuation:cpp_continuation:cpp_continuation:cpp_continuation:cpp_continuation:cpp_continuation:cpp_continuation:cpp_continuation:cpp_continuation:cpp_continuation:cpp_continuation:cpp_continuation:cpp_continuation:cpp_continuation:cpp_continuation:cpp_continuation:cpp_continuation:cpp_continuation:cpp_continuation:cpp_continuation:cpp_continuation:cpp_continuation:cpp_continuation:cpp_continuation:cpp_continuation:cpp_continuation:cpp_continuation:cpp_continuation:cpp_continuation:cpp_continuation:cpp_continuation:cpp_continuation:cpp_continuation:cpp_continuation:cpp_continuation:cpp_continuation:cpp_continuation:cpp_continuation:cpp_continuation:cpp_continuation:cpp_continuation:cpp_continuation:cpp_continuation:cpp_continuation:cpp_continuation:cpp_continuation:cpp_continuation:cpp_continuation:cpp_continuation:cpp_continuation:cpp_continuation:cpp_continuation:cpp_continuation:cpp_continuation:cpp_continuation:cpp_continuation:cpp_continuation:cpp_continuation:cpp_continuation:cpp_continuation:cpp_continuation:cpp_continuation:cpp_continuation:cpp_continuation:cpp_continuation:cpp_continuation:cpp_continuation:cpp_continuation:cpp_continuation:cpp_continuation:cpp_continuation:cpp_continuation:cpp_continuation:cpp_continuation:cpp_continuation:cpp_continuation:cpp_continuation:cpp_continuation:cpp_continuation:cpp_continuation:cpp_continuation:cpp_continuation:cpp_continuation:cpp_continuation:cpp_continuation:cpp_continuation:cpp_continuation:cpp_continuation:cpp_continuation:r2r2r2r2r:slot=7:wrist_root=0,r2r2r2r2r:slot=7:wrist_root=0,False,True,False,BRANCH_ID_CHANGE,BRANCH_ID_CHANGE
trial_0012,trial_0012_bite_009_withdrawal,trial_0012_bite_009,withdrawal,B0,20,21,13922,13923,0.9627556932719816,2,-3.0274372597006836,-3.0274372597006836,0.0,0.0020573038482766303,0.004152864511167025,4,7,r2r2r2r2r:slot=4:wrist_root=0,r2r2r2r2r:slot=7:wrist_root=2,True,True,False,SEARCH_BRANCH_CHANGE|BRANCH_ID_CHANGE,SEARCH_BRANCH_CHANGE
trial_0012,trial_0012_bite_009_withdrawal,trial_0012_bite_009,withdrawal,B0,24,25,13926,13927,0.5496224067083012,3,-3.0274372597006836,-3.0274372597006836,0.0,0.003087505116072576,0.005662430712870457,7,7,r2r2r2r2r:slot=7:wrist_root=2,r2r2r2r2r:slot=7:wrist_root=0,False,True,False,BRANCH_ID_CHANGE,BRANCH_ID_CHANGE
trial_0012,trial_0012_bite_009_withdrawal,trial_0012_bite_009,withdrawal,B1,20,21,13922,13923,0.9061418882811978,2,-3.046009655889439,-3.046938275698877,-0.000928619809438036,0.0020573038482766303,0.004152864511167025,4,4,r2r2r2r2r:slot=4:wrist_root=0,r2r2r2r2r:slot=4:wrist_root=0,False,False,False,GLOBAL_RECOVERY_WITHOUT_RECORDED_BRANCH_CHANGE,GLOBAL_RECOVERY_WITHOUT_RECORDED_BRANCH_CHANGE
trial_0012,trial_0012_bite_009_withdrawal,trial_0012_bite_009,withdrawal,B2,20,21,13922,13923,0.9771198607332909,2,-3.029370084420588,-3.029588582850822,-0.00021849843023424853,0.0020573038482766303,0.004152864511167025,4,4,r2r2r2r2r:slot=4:wrist_root=0,r2r2r2r2r:slot=4:wrist_root=0,False,False,False,GLOBAL_RECOVERY_WITHOUT_RECORDED_BRANCH_CHANGE,GLOBAL_RECOVERY_WITHOUT_RECORDED_BRANCH_CHANGE
trial_0012,trial_0012_bite_009_withdrawal,trial_0012_bite_009,withdrawal,B3,20,21,13922,13923,0.9687599435606291,2,-3.0308474423173215,-3.0309214942006126,-7.405188329112633e-05,0.0020573038482766303,0.004152864511167025,4,4,r2r2r2r2r:slot=4:wrist_root=0,r2r2r2r2r:slot=4:wrist_root=0,False,False,False,GLOBAL_RECOVERY_WITHOUT_RECORDED_BRANCH_CHANGE,GLOBAL_RECOVERY_WITHOUT_RECORDED_BRANCH_CHANGE
trial_0012,trial_0012_bite_009_withdrawal,trial_0012_bite_009,withdrawal,StrongLocal,20,21,13922,13923,0.882045696964595,2,-3.0493898478534054,-3.047282666282792,0.0021071815706132924,0.0020573038482766303,0.004152864511167025,4,4,r2r2r2r2r:slot=4:wrist_root=0,r2r2r2r2r:slot=4:wrist_root=0,False,False,False,GLOBAL_RECOVERY_WITHOUT_RECORDED_BRANCH_CHANGE,GLOBAL_RECOVERY_WITHOUT_RECORDED_BRANCH_CHANGE
trial_0012,trial_0012_bite_009_withdrawal,trial_0012_bite_009,withdrawal,H_star,20,21,13922,13923,0.9610489829039954,2,-3.0314156382743866,-3.030272816997101,0.0011428212772854884,0.0020573038482766303,0.004152864511167025,4,4,r2r2r2r2r:slot=4:wrist_root=0,r2r2r2r2r:slot=4:wrist_root=0,False,False,False,GLOBAL_RECOVERY_WITHOUT_RECORDED_BRANCH_CHANGE,GLOBAL_RECOVERY_WITHOUT_RECORDED_BRANCH_CHANGE
trial_0012,trial_0012_bite_009_withdrawal,trial_0012_bite_009,withdrawal,HumanGT,20,21,13922,13923,0.9739964061219863,2,-3.028551694847405,-3.0279315629920354,0.0006201318553697988,0.0020573038482766303,0.004152864511167025,4,7,r2r2r2r2r:slot=4:wrist_root=0,r2r2r2r2r:slot=7:wrist_root=2,True,True,False,SEARCH_BRANCH_CHANGE|BRANCH_ID_CHANGE,SEARCH_BRANCH_CHANGE
trial_0012,trial_0012_bite_009_withdrawal,trial_0012_bite_009,withdrawal,HumanGT,24,25,13926,13927,0.5493049143013287,3,-3.022815922028639,-3.0212122419468526,0.0016036800817862407,0.003087505116072576,0.005662430712870457,7,7,r2r2r2r2r:slot=7:wrist_root=2,r2r2r2r2r:slot=7:wrist_root=0,False,True,False,BRANCH_ID_CHANGE,BRANCH_ID_CHANGE
trial_0012,trial_0012_bite_010_transfer,trial_0012_bite_010,transfer,B2,97,98,15265,15266,1.4132620151744038,4,-2.885622796079404,-2.885233906205433,0.00038888987397101005,0.0052868319783584946,0.0026379077839733013,7,4,cpp_continuation:cpp_continuation:cpp_continuation:cpp_continuation:cpp_continuation:cpp_continuation:cpp_continuation:cpp_continuation:cpp_continuation:cpp_continuation:cpp_continuation:cpp_continuation:cpp_continuation:cpp_continuation:cpp_continuation:cpp_continuation:cpp_continuation:cpp_continuation:cpp_continuation:cpp_continuation:cpp_continuation:cpp_continuation:cpp_continuation:cpp_continuation:cpp_continuation:cpp_continuation:cpp_continuation:cpp_continuation:cpp_continuation:cpp_continuation:cpp_continuation:cpp_continuation:cpp_continuation:cpp_continuation:cpp_continuation:cpp_continuation:cpp_continuation:cpp_continuation:cpp_continuation:cpp_continuation:cpp_continuation:cpp_continuation:cpp_continuation:cpp_continuation:cpp_continuation:cpp_continuation:cpp_continuation:cpp_continuation:cpp_continuation:cpp_continuation:cpp_continuation:cpp_continuation:cpp_continuation:cpp_continuation:cpp_continuation:cpp_continuation:cpp_continuation:cpp_continuation:cpp_continuation:cpp_continuation:cpp_continuation:cpp_continuation:cpp_continuation:cpp_continuation:cpp_continuation:cpp_continuation:cpp_continuation:cpp_continuation:cpp_continuation:cpp_continuation:cpp_continuation:cpp_continuation:cpp_continuation:cpp_continuation:cpp_continuation:cpp_continuation:cpp_continuation:cpp_continuation:cpp_continuation:cpp_continuation:cpp_continuation:cpp_continuation:cpp_continuation:cpp_continuation:cpp_continuation:cpp_continuation:cpp_continuation:cpp_continuation:cpp_continuation:cpp_continuation:cpp_continuation:cpp_continuation:cpp_continuation:cpp_continuation:cpp_continuation:cpp_continuation:cpp_continuation:r2r2r2r2r:slot=7:wrist_root=0,r2r2r2r2r:slot=4:wrist_root=1,True,True,False,SEARCH_BRANCH_CHANGE|BRANCH_ID_CHANGE,SEARCH_BRANCH_CHANGE
trial_0012,trial_0012_bite_010_transfer,trial_0012_bite_010,transfer,B3,97,98,15265,15266,0.5584056141847942,4,-2.912923708471821,-2.91270732154772,0.00021638692410075325,0.0052868319783584946,0.0026379077839733013,7,7,cpp_continuation:cpp_continuation:cpp_continuation:cpp_continuation:cpp_continuation:cpp_continuation:cpp_continuation:cpp_continuation:cpp_continuation:cpp_continuation:cpp_continuation:cpp_continuation:cpp_continuation:cpp_continuation:cpp_continuation:cpp_continuation:cpp_continuation:cpp_continuation:cpp_continuation:cpp_continuation:cpp_continuation:cpp_continuation:cpp_continuation:cpp_continuation:cpp_continuation:cpp_continuation:cpp_continuation:cpp_continuation:cpp_continuation:cpp_continuation:cpp_continuation:cpp_continuation:cpp_continuation:cpp_continuation:cpp_continuation:cpp_continuation:cpp_continuation:cpp_continuation:cpp_continuation:cpp_continuation:cpp_continuation:cpp_continuation:cpp_continuation:cpp_continuation:cpp_continuation:cpp_continuation:cpp_continuation:cpp_continuation:cpp_continuation:cpp_continuation:cpp_continuation:cpp_continuation:cpp_continuation:cpp_continuation:cpp_continuation:cpp_continuation:cpp_continuation:cpp_continuation:cpp_continuation:cpp_continuation:cpp_continuation:cpp_continuation:cpp_continuation:cpp_continuation:cpp_continuation:cpp_continuation:cpp_continuation:cpp_continuation:cpp_continuation:cpp_continuation:cpp_continuation:cpp_continuation:cpp_continuation:cpp_continuation:cpp_continuation:cpp_continuation:cpp_continuation:cpp_continuation:cpp_continuation:cpp_continuation:cpp_continuation:cpp_continuation:cpp_continuation:cpp_continuation:cpp_continuation:cpp_continuation:cpp_continuation:cpp_continuation:cpp_continuation:cpp_continuation:cpp_continuation:cpp_continuation:cpp_continuation:cpp_continuation:cpp_continuation:cpp_continuation:cpp_continuation:r2r2r2r2r:slot=7:wrist_root=0,r2r2r2r2r:slot=7:wrist_root=0,False,True,False,BRANCH_ID_CHANGE,BRANCH_ID_CHANGE
trial_0012,trial_0012_bite_010_transfer,trial_0012_bite_010,transfer,StrongLocal,97,98,15265,15266,1.4091609456902943,4,-2.8867512519103276,-2.8855079355160203,0.0012433163943073033,0.0052868319783584946,0.0026379077839733013,7,4,cpp_continuation:cpp_continuation:cpp_continuation:cpp_continuation:cpp_continuation:cpp_continuation:cpp_continuation:cpp_continuation:cpp_continuation:cpp_continuation:cpp_continuation:cpp_continuation:cpp_continuation:cpp_continuation:cpp_continuation:cpp_continuation:cpp_continuation:cpp_continuation:cpp_continuation:cpp_continuation:cpp_continuation:cpp_continuation:cpp_continuation:cpp_continuation:cpp_continuation:cpp_continuation:cpp_continuation:cpp_continuation:cpp_continuation:cpp_continuation:cpp_continuation:cpp_continuation:cpp_continuation:cpp_continuation:cpp_continuation:cpp_continuation:cpp_continuation:cpp_continuation:cpp_continuation:cpp_continuation:cpp_continuation:cpp_continuation:cpp_continuation:cpp_continuation:cpp_continuation:cpp_continuation:cpp_continuation:cpp_continuation:cpp_continuation:cpp_continuation:cpp_continuation:cpp_continuation:cpp_continuation:cpp_continuation:cpp_continuation:cpp_continuation:cpp_continuation:cpp_continuation:cpp_continuation:cpp_continuation:cpp_continuation:cpp_continuation:cpp_continuation:cpp_continuation:cpp_continuation:cpp_continuation:cpp_continuation:cpp_continuation:cpp_continuation:cpp_continuation:cpp_continuation:cpp_continuation:cpp_continuation:cpp_continuation:cpp_continuation:cpp_continuation:cpp_continuation:cpp_continuation:cpp_continuation:cpp_continuation:cpp_continuation:cpp_continuation:cpp_continuation:cpp_continuation:cpp_continuation:cpp_continuation:cpp_continuation:cpp_continuation:cpp_continuation:cpp_continuation:cpp_continuation:cpp_continuation:cpp_continuation:cpp_continuation:cpp_continuation:cpp_continuation:cpp_continuation:r2r2r2r2r:slot=7:wrist_root=0,r2r2r2r2r:slot=4:wrist_root=1,True,True,False,SEARCH_BRANCH_CHANGE|BRANCH_ID_CHANGE,SEARCH_BRANCH_CHANGE
trial_0012,trial_0012_bite_010_transfer,trial_0012_bite_010,transfer,H_star,97,98,15265,15266,1.5107566451634258,4,-2.8729299941264004,-2.8688511183289847,0.004078875797415727,0.0052868319783584946,0.0026379077839733013,7,4,cpp_continuation:cpp_continuation:cpp_continuation:cpp_continuation:cpp_continuation:cpp_continuation:cpp_continuation:cpp_continuation:cpp_continuation:cpp_continuation:cpp_continuation:cpp_continuation:cpp_continuation:cpp_continuation:cpp_continuation:cpp_continuation:cpp_continuation:cpp_continuation:cpp_continuation:cpp_continuation:cpp_continuation:cpp_continuation:cpp_continuation:cpp_continuation:cpp_continuation:cpp_continuation:cpp_continuation:cpp_continuation:cpp_continuation:cpp_continuation:cpp_continuation:cpp_continuation:cpp_continuation:cpp_continuation:cpp_continuation:cpp_continuation:cpp_continuation:cpp_continuation:cpp_continuation:cpp_continuation:cpp_continuation:cpp_continuation:cpp_continuation:cpp_continuation:cpp_continuation:cpp_continuation:cpp_continuation:cpp_continuation:cpp_continuation:cpp_continuation:cpp_continuation:cpp_continuation:cpp_continuation:cpp_continuation:cpp_continuation:cpp_continuation:cpp_continuation:cpp_continuation:cpp_continuation:cpp_continuation:cpp_continuation:cpp_continuation:cpp_continuation:cpp_continuation:cpp_continuation:cpp_continuation:cpp_continuation:cpp_continuation:cpp_continuation:cpp_continuation:cpp_continuation:cpp_continuation:cpp_continuation:cpp_continuation:cpp_continuation:cpp_continuation:cpp_continuation:cpp_continuation:cpp_continuation:cpp_continuation:cpp_continuation:cpp_continuation:cpp_continuation:cpp_continuation:cpp_continuation:cpp_continuation:cpp_continuation:cpp_continuation:cpp_continuation:cpp_continuation:cpp_continuation:cpp_continuation:cpp_continuation:cpp_continuation:cpp_continuation:cpp_continuation:cpp_continuation:r2r2r2r2r:slot=7:wrist_root=0,r2r2r2r2r:slot=4:wrist_root=1,True,True,False,SEARCH_BRANCH_CHANGE|BRANCH_ID_CHANGE,SEARCH_BRANCH_CHANGE
trial_0012,trial_0012_bite_010_withdrawal,trial_0012_bite_010,withdrawal,B2,25,26,15408,15409,3.1313232125422106,2,-3.0971495856541646,-3.110485562372082,-0.013335976717917307,0.010262994763253493,0.057107786314097256,6,1,cpp_continuation:cpp_continuation:cpp_continuation:cpp_continuation:cpp_continuation:cpp_continuation:cpp_continuation:cpp_continuation:cpp_continuation:cpp_continuation:cpp_continuation:cpp_continuation:cpp_continuation:cpp_continuation:cpp_continuation:cpp_continuation:cpp_continuation:cpp_continuation:cpp_continuation:r2r2r2r2r:slot=6:wrist_root=0,r2r2r2r2r:slot=1:wrist_root=0,True,True,True,SEARCH_BRANCH_CHANGE|BRANCH_ID_CHANGE,SEARCH_BRANCH_CHANGE
trial_0012,trial_0012_bite_010_withdrawal,trial_0012_bite_010,withdrawal,B2,26,27,15409,15410,3.0899145562661494,6,-3.110485562372082,-3.1241306426786246,-0.013645080306542656,0.01011298110813016,0.05283229789225795,1,2,r2r2r2r2r:slot=1:wrist_root=0,r2r2r2r2r:slot=2:wrist_root=0,True,True,True,SEARCH_BRANCH_CHANGE|BRANCH_ID_CHANGE,SEARCH_BRANCH_CHANGE
trial_0012,trial_0012_bite_010_withdrawal,trial_0012_bite_010,withdrawal,B2,40,41,15423,15424,3.1188239183700386,2,-3.2880552148550084,-3.2974140969777586,-0.009358882122750156,0.010839441808588684,0.026778996697710986,6,7,cpp_continuation:cpp_continuation:cpp_continuation:cpp_continuation:cpp_continuation:r2r2r2r2r:slot=6:wrist_root=0,r2r2r2r2r:slot=7:wrist_root=0,True,True,True,SEARCH_BRANCH_CHANGE|BRANCH_ID_CHANGE,SEARCH_BRANCH_CHANGE
trial_0012,trial_0012_bite_010_withdrawal,trial_0012_bite_010,withdrawal,B3,33,34,15416,15417,3.1312362490857826,2,-3.2792806306035236,-3.2940792638804335,-0.01479863327690989,0.01069028729817184,0.032006137081296154,0,3,cpp_continuation:cpp_continuation:cpp_continuation:cpp_continuation:cpp_continuation:cpp_continuation:cpp_continuation:r2r2r2r2r:slot=0:wrist_root=0,r2r2r2r2r:slot=3:wrist_root=0,True,True,True,SEARCH_BRANCH_CHANGE|BRANCH_ID_CHANGE,SEARCH_BRANCH_CHANGE
trial_0012,trial_0012_bite_010_withdrawal,trial_0012_bite_010,withdrawal,B3,43,44,15426,15427,3.120253824854121,2,-3.3716490111396418,-3.37853479041335,-0.006885779273708259,0.010211097976000234,0.027551807120818537,7,4,r2r2r2r2r:slot=7:wrist_root=0,r2r2r2r2r:slot=4:wrist_root=0,True,True,True,SEARCH_BRANCH_CHANGE|BRANCH_ID_CHANGE,SEARCH_BRANCH_CHANGE
trial_0012,trial_0012_bite_010_withdrawal,trial_0012_bite_010,withdrawal,B3,45,46,15428,15429,3.135837357284245,6,-3.386392586517353,-3.3970267204151523,-0.010634133897799101,0.009924087081878218,0.031721525714505386,4,6,cpp_continuation:r2r2r2r2r:slot=4:wrist_root=0,r2r2r2r2r:slot=6:wrist_root=0,True,True,True,SEARCH_BRANCH_CHANGE|BRANCH_ID_CHANGE,SEARCH_BRANCH_CHANGE
trial_0012,trial_0012_bite_010_withdrawal,trial_0012_bite_010,withdrawal,B3,46,47,15429,15430,3.137734034664491,4,-3.3970267204151523,-3.4015814290562347,-0.004554708641082428,0.009674363524482928,0.03295149140817494,6,7,r2r2r2r2r:slot=6:wrist_root=0,r2r2r2r2r:slot=7:wrist_root=0,True,True,True,SEARCH_BRANCH_CHANGE|BRANCH_ID_CHANGE,SEARCH_BRANCH_CHANGE
trial_0012,trial_0012_bite_010_withdrawal,trial_0012_bite_010,withdrawal,StrongLocal,22,23,15405,15406,3.057475059351482,0,-3.113535435789523,-3.130449304284693,-0.016913868495170185,0.010092195633812527,0.07428647065824343,6,3,cpp_continuation:cpp_continuation:cpp_continuation:cpp_continuation:cpp_continuation:cpp_continuation:cpp_continuation:cpp_continuation:cpp_continuation:cpp_continuation:cpp_continuation:cpp_continuation:cpp_continuation:cpp_continuation:cpp_continuation:cpp_continuation:r2r2r2r2r:slot=6:wrist_root=0,r2r2r2r2r:slot=3:wrist_root=0,True,True,True,SEARCH_BRANCH_CHANGE|BRANCH_ID_CHANGE,SEARCH_BRANCH_CHANGE
trial_0012,trial_0012_bite_010_withdrawal,trial_0012_bite_010,withdrawal,StrongLocal,23,24,15406,15407,3.125804434331433,4,-3.130449304284693,-3.1446156763628097,-0.014166372078116662,0.010121951317574823,0.06870353260978201,3,6,r2r2r2r2r:slot=3:wrist_root=0,r2r2r2r2r:slot=6:wrist_root=0,True,True,True,SEARCH_BRANCH_CHANGE|BRANCH_ID_CHANGE,SEARCH_BRANCH_CHANGE
trial_0012,trial_0012_bite_010_withdrawal,trial_0012_bite_010,withdrawal,StrongLocal,54,55,15437,15438,3.138916123306218,2,-3.504146749782855,-3.5027009485390246,0.0014458012438303136,0.007817077379838389,0.020630654884420927,2,1,cpp_continuation:cpp_continuation:cpp_continuation:cpp_continuation:cpp_continuation:cpp_continuation:cpp_continuation:cpp_continuation:cpp_continuation:cpp_continuation:cpp_continuation:cpp_continuation:cpp_continuation:cpp_continuation:cpp_continuation:cpp_continuation:r2r2r2r2r:slot=2:wrist_root=0,r2r2r2r2r:slot=1:wrist_root=0,True,True,True,SEARCH_BRANCH_CHANGE|BRANCH_ID_CHANGE,SEARCH_BRANCH_CHANGE
trial_0012,trial_0012_bite_010_withdrawal,trial_0012_bite_010,withdrawal,StrongLocal,55,56,15438,15439,3.1168326576743453,2,-3.5027009485390246,-3.497367426907222,0.005333521631802451,0.007451951729000475,0.020999296064426295,1,0,r2r2r2r2r:slot=1:wrist_root=0,r2r2r2r2r:slot=0:wrist_root=0,True,True,True,SEARCH_BRANCH_CHANGE|BRANCH_ID_CHANGE,SEARCH_BRANCH_CHANGE
trial_0012,trial_0012_bite_010_withdrawal,trial_0012_bite_010,withdrawal,H_star,41,42,15424,15425,3.138791319981036,6,-3.348886139926058,-3.3610061581095456,-0.012120018183487513,0.010535727376496619,0.025846886009937727,4,5,cpp_continuation:cpp_continuation:cpp_continuation:cpp_continuation:cpp_continuation:cpp_continuation:cpp_continuation:r2r2r2r2r:slot=4:wrist_root=0,r2r2r2r2r:slot=5:wrist_root=0,True,True,True,SEARCH_BRANCH_CHANGE|BRANCH_ID_CHANGE,SEARCH_BRANCH_CHANGE
trial_0012,trial_0012_bite_010_withdrawal,trial_0012_bite_010,withdrawal,H_star,42,43,15425,15426,3.1328436632982077,2,-3.3610061581095456,-3.371492132699122,-0.01048597458957623,0.010523133297746498,0.026277103792784674,5,6,r2r2r2r2r:slot=5:wrist_root=0,r2r2r2r2r:slot=6:wrist_root=0,True,True,True,SEARCH_BRANCH_CHANGE|BRANCH_ID_CHANGE,SEARCH_BRANCH_CHANGE
trial_0012,trial_0012_bite_010_withdrawal,trial_0012_bite_010,withdrawal,H_star,48,49,15431,15432,3.140756721842512,2,-3.431543042573205,-3.4367039910134354,-0.005160948440230406,0.009231262555024464,0.026561078275666596,6,0,cpp_continuation:cpp_continuation:cpp_continuation:cpp_continuation:cpp_continuation:r2r2r2r2r:slot=6:wrist_root=0,r2r2r2r2r:slot=0:wrist_root=0,True,True,True,SEARCH_BRANCH_CHANGE|BRANCH_ID_CHANGE,SEARCH_BRANCH_CHANGE
trial_0012,trial_0012_bite_010_withdrawal,trial_0012_bite_010,withdrawal,H_star,50,51,15433,15434,3.1166534594065967,2,-3.4509718081381835,-3.447039409108388,0.003932399029795698,0.008861334240280353,0.01657444252440165,0,1,cpp_continuation:r2r2r2r2r:slot=0:wrist_root=0,r2r2r2r2r:slot=1:wrist_root=0,True,True,True,SEARCH_BRANCH_CHANGE|BRANCH_ID_CHANGE,SEARCH_BRANCH_CHANGE
trial_0012,trial_0012_bite_010_withdrawal,trial_0012_bite_010,withdrawal,H_star,52,53,15435,15436,3.138577242340728,2,-3.452694170720634,-3.4526768174234452,1.7353297188549277e-05,0.008478864114627265,0.016406657266609434,1,2,r2r2r2r2r:slot=1:wrist_root=0,r2r2r2r2r:slot=2:wrist_root=0,True,True,True,SEARCH_BRANCH_CHANGE|BRANCH_ID_CHANGE,SEARCH_BRANCH_CHANGE
trial_0012,trial_0012_bite_011_transfer,trial_0012_bite_011,transfer,B2,128,129,16779,16780,1.662761949454483,4,-2.890511491810839,-2.890021911941066,0.0004895798697730491,0.0018318738588431662,0.003473670790041131,7,4,cpp_continuation:cpp_continuation:cpp_continuation:cpp_continuation:cpp_continuation:cpp_continuation:cpp_continuation:cpp_continuation:cpp_continuation:cpp_continuation:cpp_continuation:cpp_continuation:cpp_continuation:cpp_continuation:cpp_continuation:cpp_continuation:cpp_continuation:cpp_continuation:cpp_continuation:cpp_continuation:cpp_continuation:cpp_continuation:cpp_continuation:cpp_continuation:cpp_continuation:cpp_continuation:cpp_continuation:cpp_continuation:cpp_continuation:cpp_continuation:cpp_continuation:cpp_continuation:cpp_continuation:cpp_continuation:cpp_continuation:cpp_continuation:cpp_continuation:cpp_continuation:cpp_continuation:cpp_continuation:cpp_continuation:cpp_continuation:cpp_continuation:cpp_continuation:cpp_continuation:cpp_continuation:cpp_continuation:cpp_continuation:cpp_continuation:cpp_continuation:cpp_continuation:cpp_continuation:cpp_continuation:cpp_continuation:cpp_continuation:cpp_continuation:cpp_continuation:cpp_continuation:cpp_continuation:cpp_continuation:cpp_continuation:cpp_continuation:cpp_continuation:cpp_continuation:cpp_continuation:cpp_continuation:cpp_continuation:cpp_continuation:cpp_continuation:cpp_continuation:cpp_continuation:cpp_continuation:cpp_continuation:cpp_continuation:cpp_continuation:cpp_continuation:cpp_continuation:cpp_continuation:cpp_continuation:cpp_continuation:cpp_continuation:cpp_continuation:cpp_continuation:cpp_continuation:cpp_continuation:cpp_continuation:cpp_continuation:cpp_continuation:cpp_continuation:cpp_continuation:cpp_continuation:cpp_continuation:cpp_continuation:cpp_continuation:cpp_continuation:cpp_continuation:cpp_continuation:cpp_continuation:cpp_continuation:cpp_continuation:cpp_continuation:cpp_continuation:cpp_continuation:cpp_continuation:cpp_continuation:cpp_continuation:cpp_continuation:cpp_continuation:cpp_continuation:cpp_continuation:cpp_continuation:cpp_continuation:cpp_continuation:cpp_continuation:cpp_continuation:cpp_continuation:cpp_continuation:cpp_continuation:cpp_continuation:cpp_continuation:cpp_continuation:cpp_continuation:cpp_continuation:cpp_continuation:cpp_continuation:cpp_continuation:cpp_continuation:cpp_continuation:r2r2r2r2r:slot=7:wrist_root=0,r2r2r2r2r:slot=4:wrist_root=1,True,True,False,SEARCH_BRANCH_CHANGE|BRANCH_ID_CHANGE,SEARCH_BRANCH_CHANGE
trial_0012,trial_0012_bite_011_transfer,trial_0012_bite_011,transfer,RobotSmooth,130,131,16781,16782,3.105553300453504,6,3.1215669280778857,2.9215669280778855,-0.20000000000000018,0.001858352566154521,0.0036178863312243802,7,5,r2r2r2r2r:slot=7:wrist_root=0,r2r2r2r2r:slot=5:wrist_root=1,True,True,True,SEARCH_BRANCH_CHANGE|BRANCH_ID_CHANGE,SEARCH_BRANCH_CHANGE
trial_0012,trial_0012_bite_012_transfer,trial_0012_bite_012,transfer,HumanGT,143,144,18062,18063,1.0218367595087534,4,-3.0431384895798166,-3.0436969066879165,-0.0005584171080998956,0.0030766587400688126,0.001715033021015292,7,4,cpp_continuation:cpp_continuation:cpp_continuation:cpp_continuation:cpp_continuation:cpp_continuation:cpp_continuation:cpp_continuation:cpp_continuation:cpp_continuation:cpp_continuation:cpp_continuation:cpp_continuation:cpp_continuation:cpp_continuation:cpp_continuation:cpp_continuation:cpp_continuation:cpp_continuation:cpp_continuation:cpp_continuation:cpp_continuation:cpp_continuation:cpp_continuation:cpp_continuation:cpp_continuation:cpp_continuation:cpp_continuation:cpp_continuation:cpp_continuation:cpp_continuation:cpp_continuation:cpp_continuation:cpp_continuation:cpp_continuation:cpp_continuation:cpp_continuation:cpp_continuation:cpp_continuation:cpp_continuation:cpp_continuation:cpp_continuation:cpp_continuation:cpp_continuation:cpp_continuation:cpp_continuation:cpp_continuation:cpp_continuation:cpp_continuation:cpp_continuation:cpp_continuation:cpp_continuation:cpp_continuation:cpp_continuation:cpp_continuation:cpp_continuation:cpp_continuation:cpp_continuation:cpp_continuation:cpp_continuation:cpp_continuation:cpp_continuation:cpp_continuation:cpp_continuation:cpp_continuation:cpp_continuation:cpp_continuation:cpp_continuation:cpp_continuation:cpp_continuation:cpp_continuation:cpp_continuation:cpp_continuation:cpp_continuation:cpp_continuation:cpp_continuation:cpp_continuation:cpp_continuation:cpp_continuation:cpp_continuation:cpp_continuation:cpp_continuation:cpp_continuation:cpp_continuation:cpp_continuation:cpp_continuation:cpp_continuation:cpp_continuation:cpp_continuation:cpp_continuation:cpp_continuation:cpp_continuation:cpp_continuation:cpp_continuation:cpp_continuation:cpp_continuation:cpp_continuation:cpp_continuation:cpp_continuation:cpp_continuation:cpp_continuation:cpp_continuation:cpp_continuation:cpp_continuation:cpp_continuation:cpp_continuation:cpp_continuation:cpp_continuation:cpp_continuation:cpp_continuation:cpp_continuation:cpp_continuation:cpp_continuation:cpp_continuation:cpp_continuation:cpp_continuation:cpp_continuation:cpp_continuation:cpp_continuation:cpp_continuation:cpp_continuation:cpp_continuation:cpp_continuation:cpp_continuation:cpp_continuation:cpp_continuation:cpp_continuation:cpp_continuation:cpp_continuation:cpp_continuation:cpp_continuation:cpp_continuation:cpp_continuation:cpp_continuation:cpp_continuation:cpp_continuation:cpp_continuation:cpp_continuation:cpp_continuation:cpp_continuation:cpp_continuation:cpp_continuation:cpp_continuation:r2r2r2r2r:slot=7:wrist_root=0,r2r2r2r2r:slot=4:wrist_root=1,True,True,False,SEARCH_BRANCH_CHANGE|BRANCH_ID_CHANGE,SEARCH_BRANCH_CHANGE
trial_0012,trial_0012_bite_014_transfer,trial_0012_bite_014,transfer,B2,83,84,22119,22120,2.09275249275794,4,-2.806646132438485,-2.806458116738075,0.0001880157004099381,0.004696790204410471,0.004280926906843413,7,4,cpp_continuation:cpp_continuation:cpp_continuation:cpp_continuation:cpp_continuation:cpp_continuation:cpp_continuation:cpp_continuation:cpp_continuation:cpp_continuation:cpp_continuation:cpp_continuation:cpp_continuation:cpp_continuation:cpp_continuation:cpp_continuation:cpp_continuation:cpp_continuation:cpp_continuation:cpp_continuation:cpp_continuation:cpp_continuation:cpp_continuation:cpp_continuation:cpp_continuation:cpp_continuation:cpp_continuation:cpp_continuation:cpp_continuation:cpp_continuation:cpp_continuation:cpp_continuation:cpp_continuation:cpp_continuation:cpp_continuation:cpp_continuation:cpp_continuation:cpp_continuation:cpp_continuation:cpp_continuation:cpp_continuation:cpp_continuation:cpp_continuation:cpp_continuation:cpp_continuation:cpp_continuation:cpp_continuation:cpp_continuation:cpp_continuation:cpp_continuation:cpp_continuation:cpp_continuation:cpp_continuation:cpp_continuation:cpp_continuation:cpp_continuation:cpp_continuation:cpp_continuation:cpp_continuation:cpp_continuation:cpp_continuation:cpp_continuation:cpp_continuation:cpp_continuation:cpp_continuation:cpp_continuation:cpp_continuation:cpp_continuation:cpp_continuation:cpp_continuation:cpp_continuation:cpp_continuation:cpp_continuation:cpp_continuation:cpp_continuation:cpp_continuation:cpp_continuation:cpp_continuation:cpp_continuation:cpp_continuation:cpp_continuation:cpp_continuation:cpp_continuation:r2r2r2r2r:slot=7:wrist_root=0,r2r2r2r2r:slot=4:wrist_root=1,True,True,False,SEARCH_BRANCH_CHANGE|BRANCH_ID_CHANGE,SEARCH_BRANCH_CHANGE
trial_0012,trial_0012_bite_014_transfer,trial_0012_bite_014,transfer,B3,83,84,22119,22120,2.052178774628841,4,-2.8091025217346575,-2.8121604923612913,-0.0030579706266338214,0.004696790204410471,0.004280926906843413,7,4,cpp_continuation:cpp_continuation:cpp_continuation:cpp_continuation:cpp_continuation:cpp_continuation:cpp_continuation:cpp_continuation:cpp_continuation:cpp_continuation:cpp_continuation:cpp_continuation:cpp_continuation:cpp_continuation:cpp_continuation:cpp_continuation:cpp_continuation:cpp_continuation:cpp_continuation:cpp_continuation:cpp_continuation:cpp_continuation:cpp_continuation:cpp_continuation:cpp_continuation:cpp_continuation:cpp_continuation:cpp_continuation:cpp_continuation:cpp_continuation:cpp_continuation:cpp_continuation:cpp_continuation:cpp_continuation:cpp_continuation:cpp_continuation:cpp_continuation:cpp_continuation:cpp_continuation:cpp_continuation:cpp_continuation:cpp_continuation:cpp_continuation:cpp_continuation:cpp_continuation:cpp_continuation:cpp_continuation:cpp_continuation:cpp_continuation:cpp_continuation:cpp_continuation:cpp_continuation:cpp_continuation:cpp_continuation:cpp_continuation:cpp_continuation:cpp_continuation:cpp_continuation:cpp_continuation:cpp_continuation:cpp_continuation:cpp_continuation:cpp_continuation:cpp_continuation:cpp_continuation:cpp_continuation:cpp_continuation:cpp_continuation:cpp_continuation:cpp_continuation:cpp_continuation:cpp_continuation:cpp_continuation:cpp_continuation:cpp_continuation:cpp_continuation:cpp_continuation:cpp_continuation:cpp_continuation:cpp_continuation:cpp_continuation:cpp_continuation:cpp_continuation:r2r2r2r2r:slot=7:wrist_root=0,r2r2r2r2r:slot=4:wrist_root=1,True,True,False,SEARCH_BRANCH_CHANGE|BRANCH_ID_CHANGE,SEARCH_BRANCH_CHANGE
trial_0012,trial_0012_bite_015_transfer,trial_0012_bite_015,transfer,B3,130,131,24009,24010,1.6707096298640398,4,-2.905145303505517,-2.9090358457679524,-0.00389054226243557,0.0028569643756570003,0.009496137568312768,7,4,cpp_continuation:cpp_continuation:cpp_continuation:cpp_continuation:cpp_continuation:cpp_continuation:cpp_continuation:cpp_continuation:cpp_continuation:cpp_continuation:cpp_continuation:cpp_continuation:cpp_continuation:cpp_continuation:cpp_continuation:cpp_continuation:cpp_continuation:cpp_continuation:cpp_continuation:cpp_continuation:cpp_continuation:cpp_continuation:cpp_continuation:cpp_continuation:cpp_continuation:cpp_continuation:cpp_continuation:cpp_continuation:cpp_continuation:cpp_continuation:cpp_continuation:cpp_continuation:cpp_continuation:cpp_continuation:cpp_continuation:cpp_continuation:cpp_continuation:cpp_continuation:cpp_continuation:cpp_continuation:cpp_continuation:cpp_continuation:cpp_continuation:cpp_continuation:cpp_continuation:cpp_continuation:cpp_continuation:cpp_continuation:cpp_continuation:cpp_continuation:cpp_continuation:cpp_continuation:cpp_continuation:cpp_continuation:cpp_continuation:cpp_continuation:cpp_continuation:cpp_continuation:cpp_continuation:cpp_continuation:cpp_continuation:cpp_continuation:cpp_continuation:cpp_continuation:cpp_continuation:cpp_continuation:cpp_continuation:cpp_continuation:cpp_continuation:cpp_continuation:cpp_continuation:cpp_continuation:cpp_continuation:cpp_continuation:cpp_continuation:cpp_continuation:cpp_continuation:cpp_continuation:cpp_continuation:cpp_continuation:cpp_continuation:cpp_continuation:cpp_continuation:cpp_continuation:cpp_continuation:cpp_continuation:cpp_continuation:cpp_continuation:cpp_continuation:cpp_continuation:cpp_continuation:cpp_continuation:cpp_continuation:cpp_continuation:cpp_continuation:cpp_continuation:cpp_continuation:cpp_continuation:cpp_continuation:cpp_continuation:cpp_continuation:cpp_continuation:cpp_continuation:cpp_continuation:cpp_continuation:cpp_continuation:cpp_continuation:cpp_continuation:cpp_continuation:cpp_continuation:cpp_continuation:cpp_continuation:cpp_continuation:cpp_continuation:cpp_continuation:cpp_continuation:cpp_continuation:cpp_continuation:cpp_continuation:cpp_continuation:cpp_continuation:cpp_continuation:cpp_continuation:cpp_continuation:cpp_continuation:cpp_continuation:cpp_continuation:cpp_continuation:cpp_continuation:cpp_continuation:r2r2r2r2r:slot=7:wrist_root=0,r2r2r2r2r:slot=4:wrist_root=1,True,True,False,SEARCH_BRANCH_CHANGE|BRANCH_ID_CHANGE,SEARCH_BRANCH_CHANGE
trial_0012,trial_0012_bite_015_transfer,trial_0012_bite_015,transfer,StrongLocal,130,131,24009,24010,1.536308942295863,4,-2.9199859866073887,-2.9325188287574875,-0.012532842150098755,0.0028569643756570003,0.009496137568312768,7,4,cpp_continuation:cpp_continuation:cpp_continuation:cpp_continuation:cpp_continuation:cpp_continuation:cpp_continuation:cpp_continuation:cpp_continuation:cpp_continuation:cpp_continuation:cpp_continuation:cpp_continuation:cpp_continuation:cpp_continuation:cpp_continuation:cpp_continuation:cpp_continuation:cpp_continuation:cpp_continuation:cpp_continuation:cpp_continuation:cpp_continuation:cpp_continuation:cpp_continuation:cpp_continuation:cpp_continuation:cpp_continuation:cpp_continuation:cpp_continuation:cpp_continuation:cpp_continuation:cpp_continuation:cpp_continuation:cpp_continuation:cpp_continuation:cpp_continuation:cpp_continuation:cpp_continuation:cpp_continuation:cpp_continuation:cpp_continuation:cpp_continuation:cpp_continuation:cpp_continuation:cpp_continuation:cpp_continuation:cpp_continuation:cpp_continuation:cpp_continuation:cpp_continuation:cpp_continuation:cpp_continuation:cpp_continuation:cpp_continuation:cpp_continuation:cpp_continuation:cpp_continuation:cpp_continuation:cpp_continuation:cpp_continuation:cpp_continuation:cpp_continuation:cpp_continuation:cpp_continuation:cpp_continuation:cpp_continuation:cpp_continuation:cpp_continuation:cpp_continuation:cpp_continuation:cpp_continuation:cpp_continuation:cpp_continuation:cpp_continuation:cpp_continuation:cpp_continuation:cpp_continuation:cpp_continuation:cpp_continuation:cpp_continuation:cpp_continuation:cpp_continuation:cpp_continuation:cpp_continuation:cpp_continuation:cpp_continuation:cpp_continuation:cpp_continuation:cpp_continuation:cpp_continuation:cpp_continuation:cpp_continuation:cpp_continuation:cpp_continuation:cpp_continuation:cpp_continuation:cpp_continuation:cpp_continuation:cpp_continuation:cpp_continuation:cpp_continuation:cpp_continuation:cpp_continuation:cpp_continuation:cpp_continuation:cpp_continuation:cpp_continuation:cpp_continuation:cpp_continuation:cpp_continuation:cpp_continuation:cpp_continuation:cpp_continuation:cpp_continuation:cpp_continuation:cpp_continuation:cpp_continuation:cpp_continuation:cpp_continuation:cpp_continuation:cpp_continuation:cpp_continuation:cpp_continuation:cpp_continuation:cpp_continuation:cpp_continuation:cpp_continuation:cpp_continuation:cpp_continuation:r2r2r2r2r:slot=7:wrist_root=0,r2r2r2r2r:slot=4:wrist_root=1,True,True,False,SEARCH_BRANCH_CHANGE|BRANCH_ID_CHANGE,SEARCH_BRANCH_CHANGE
trial_0012,trial_0012_bite_015_transfer,trial_0012_bite_015,transfer,H_star,130,131,24009,24010,1.5030430454781938,4,-2.9245213030132744,-2.9385024763935923,-0.013981173380317902,0.0028569643756570003,0.009496137568312768,7,4,cpp_continuation:cpp_continuation:cpp_continuation:cpp_continuation:cpp_continuation:cpp_continuation:cpp_continuation:cpp_continuation:cpp_continuation:cpp_continuation:cpp_continuation:cpp_continuation:cpp_continuation:cpp_continuation:cpp_continuation:cpp_continuation:cpp_continuation:cpp_continuation:cpp_continuation:cpp_continuation:cpp_continuation:cpp_continuation:cpp_continuation:cpp_continuation:cpp_continuation:cpp_continuation:cpp_continuation:cpp_continuation:cpp_continuation:cpp_continuation:cpp_continuation:cpp_continuation:cpp_continuation:cpp_continuation:cpp_continuation:cpp_continuation:cpp_continuation:cpp_continuation:cpp_continuation:cpp_continuation:cpp_continuation:cpp_continuation:cpp_continuation:cpp_continuation:cpp_continuation:cpp_continuation:cpp_continuation:cpp_continuation:cpp_continuation:cpp_continuation:cpp_continuation:cpp_continuation:cpp_continuation:cpp_continuation:cpp_continuation:cpp_continuation:cpp_continuation:cpp_continuation:cpp_continuation:cpp_continuation:cpp_continuation:cpp_continuation:cpp_continuation:cpp_continuation:cpp_continuation:cpp_continuation:cpp_continuation:cpp_continuation:cpp_continuation:cpp_continuation:cpp_continuation:cpp_continuation:cpp_continuation:cpp_continuation:cpp_continuation:cpp_continuation:cpp_continuation:cpp_continuation:cpp_continuation:cpp_continuation:cpp_continuation:cpp_continuation:cpp_continuation:cpp_continuation:cpp_continuation:cpp_continuation:cpp_continuation:cpp_continuation:cpp_continuation:cpp_continuation:cpp_continuation:cpp_continuation:cpp_continuation:cpp_continuation:cpp_continuation:cpp_continuation:cpp_continuation:cpp_continuation:cpp_continuation:cpp_continuation:cpp_continuation:cpp_continuation:cpp_continuation:cpp_continuation:cpp_continuation:cpp_continuation:cpp_continuation:cpp_continuation:cpp_continuation:cpp_continuation:cpp_continuation:cpp_continuation:cpp_continuation:cpp_continuation:cpp_continuation:cpp_continuation:cpp_continuation:cpp_continuation:cpp_continuation:cpp_continuation:cpp_continuation:cpp_continuation:cpp_continuation:cpp_continuation:cpp_continuation:cpp_continuation:cpp_continuation:cpp_continuation:cpp_continuation:cpp_continuation:r2r2r2r2r:slot=7:wrist_root=0,r2r2r2r2r:slot=4:wrist_root=1,True,True,False,SEARCH_BRANCH_CHANGE|BRANCH_ID_CHANGE,SEARCH_BRANCH_CHANGE
trial_0012,trial_0012_bite_015_transfer,trial_0012_bite_015,transfer,HumanGT,129,130,24008,24009,2.4904030910942248,4,-2.7296444446458303,-2.728620118450302,0.0010243261955285021,0.003029587170914552,0.006726541479587533,7,4,r2r2r2r2r:slot=7:wrist_root=0,r2r2r2r2r:slot=4:wrist_root=1,True,True,False,SEARCH_BRANCH_CHANGE|BRANCH_ID_CHANGE,SEARCH_BRANCH_CHANGE
trial_0013,trial_0013_bite_001_transfer,trial_0013_bite_001,transfer,B0,91,92,959,960,2.384050087028924,4,-2.680369339441312,-2.680369339441312,0.0,0.0019570920828650947,0.002642061720576352,7,4,cpp_continuation:cpp_continuation:cpp_continuation:cpp_continuation:cpp_continuation:cpp_continuation:cpp_continuation:cpp_continuation:cpp_continuation:cpp_continuation:cpp_continuation:cpp_continuation:cpp_continuation:cpp_continuation:cpp_continuation:cpp_continuation:cpp_continuation:cpp_continuation:cpp_continuation:cpp_continuation:cpp_continuation:cpp_continuation:cpp_continuation:cpp_continuation:cpp_continuation:cpp_continuation:cpp_continuation:cpp_continuation:cpp_continuation:cpp_continuation:cpp_continuation:cpp_continuation:cpp_continuation:cpp_continuation:cpp_continuation:cpp_continuation:cpp_continuation:cpp_continuation:cpp_continuation:cpp_continuation:cpp_continuation:cpp_continuation:cpp_continuation:cpp_continuation:cpp_continuation:cpp_continuation:cpp_continuation:cpp_continuation:cpp_continuation:cpp_continuation:cpp_continuation:cpp_continuation:cpp_continuation:cpp_continuation:cpp_continuation:cpp_continuation:cpp_continuation:cpp_continuation:cpp_continuation:cpp_continuation:cpp_continuation:cpp_continuation:cpp_continuation:cpp_continuation:cpp_continuation:cpp_continuation:cpp_continuation:cpp_continuation:cpp_continuation:cpp_continuation:cpp_continuation:cpp_continuation:cpp_continuation:cpp_continuation:cpp_continuation:cpp_continuation:cpp_continuation:cpp_continuation:cpp_continuation:cpp_continuation:cpp_continuation:cpp_continuation:cpp_continuation:cpp_continuation:cpp_continuation:cpp_continuation:cpp_continuation:cpp_continuation:cpp_continuation:cpp_continuation:cpp_continuation:r2r2r2r2r:slot=7:wrist_root=0,r2r2r2r2r:slot=4:wrist_root=1,True,True,False,SEARCH_BRANCH_CHANGE|BRANCH_ID_CHANGE,SEARCH_BRANCH_CHANGE
trial_0013,trial_0013_bite_001_transfer,trial_0013_bite_001,transfer,B1,92,93,960,961,2.2905960123115383,4,-2.7634208892035836,-2.7643236234401303,-0.0009027342365466318,0.0017861293449204603,0.004294481959662738,7,4,cpp_continuation:cpp_continuation:cpp_continuation:cpp_continuation:cpp_continuation:cpp_continuation:cpp_continuation:cpp_continuation:cpp_continuation:cpp_continuation:cpp_continuation:cpp_continuation:cpp_continuation:cpp_continuation:cpp_continuation:cpp_continuation:cpp_continuation:cpp_continuation:cpp_continuation:cpp_continuation:cpp_continuation:cpp_continuation:cpp_continuation:cpp_continuation:cpp_continuation:cpp_continuation:cpp_continuation:cpp_continuation:cpp_continuation:cpp_continuation:cpp_continuation:cpp_continuation:cpp_continuation:cpp_continuation:cpp_continuation:cpp_continuation:cpp_continuation:cpp_continuation:cpp_continuation:cpp_continuation:cpp_continuation:cpp_continuation:cpp_continuation:cpp_continuation:cpp_continuation:cpp_continuation:cpp_continuation:cpp_continuation:cpp_continuation:cpp_continuation:cpp_continuation:cpp_continuation:cpp_continuation:cpp_continuation:cpp_continuation:cpp_continuation:cpp_continuation:cpp_continuation:cpp_continuation:cpp_continuation:cpp_continuation:cpp_continuation:cpp_continuation:cpp_continuation:cpp_continuation:cpp_continuation:cpp_continuation:cpp_continuation:cpp_continuation:cpp_continuation:cpp_continuation:cpp_continuation:cpp_continuation:cpp_continuation:cpp_continuation:cpp_continuation:cpp_continuation:cpp_continuation:cpp_continuation:cpp_continuation:cpp_continuation:cpp_continuation:cpp_continuation:cpp_continuation:cpp_continuation:cpp_continuation:cpp_continuation:cpp_continuation:cpp_continuation:cpp_continuation:cpp_continuation:cpp_continuation:r2r2r2r2r:slot=7:wrist_root=0,r2r2r2r2r:slot=4:wrist_root=1,True,True,False,SEARCH_BRANCH_CHANGE|BRANCH_ID_CHANGE,SEARCH_BRANCH_CHANGE
trial_0013,trial_0013_bite_001_transfer,trial_0013_bite_001,transfer,B2,89,90,957,958,2.4246051517420186,4,-2.5435609362122182,-2.543274424847777,0.0002865113644410222,0.001974747871787471,0.003304750726479019,7,4,cpp_continuation:cpp_continuation:cpp_continuation:cpp_continuation:cpp_continuation:cpp_continuation:cpp_continuation:cpp_continuation:cpp_continuation:cpp_continuation:cpp_continuation:cpp_continuation:cpp_continuation:cpp_continuation:cpp_continuation:cpp_continuation:cpp_continuation:cpp_continuation:cpp_continuation:cpp_continuation:cpp_continuation:cpp_continuation:cpp_continuation:cpp_continuation:cpp_continuation:cpp_continuation:cpp_continuation:cpp_continuation:cpp_continuation:cpp_continuation:cpp_continuation:cpp_continuation:cpp_continuation:cpp_continuation:cpp_continuation:cpp_continuation:cpp_continuation:cpp_continuation:cpp_continuation:cpp_continuation:cpp_continuation:cpp_continuation:cpp_continuation:cpp_continuation:cpp_continuation:cpp_continuation:cpp_continuation:cpp_continuation:cpp_continuation:cpp_continuation:cpp_continuation:cpp_continuation:cpp_continuation:cpp_continuation:cpp_continuation:cpp_continuation:cpp_continuation:cpp_continuation:cpp_continuation:cpp_continuation:cpp_continuation:cpp_continuation:cpp_continuation:cpp_continuation:cpp_continuation:cpp_continuation:cpp_continuation:cpp_continuation:cpp_continuation:cpp_continuation:cpp_continuation:cpp_continuation:cpp_continuation:cpp_continuation:cpp_continuation:cpp_continuation:cpp_continuation:cpp_continuation:cpp_continuation:cpp_continuation:cpp_continuation:cpp_continuation:cpp_continuation:cpp_continuation:cpp_continuation:cpp_continuation:cpp_continuation:cpp_continuation:cpp_continuation:r2r2r2r2r:slot=7:wrist_root=0,r2r2r2r2r:slot=4:wrist_root=1,True,True,False,SEARCH_BRANCH_CHANGE|BRANCH_ID_CHANGE,SEARCH_BRANCH_CHANGE
trial_0013,trial_0013_bite_001_transfer,trial_0013_bite_001,transfer,B3,89,90,957,958,2.3936469226697104,4,-2.5486528327248337,-2.548003812082253,0.0006490206425806555,0.001974747871787471,0.003304750726479019,7,4,cpp_continuation:cpp_continuation:cpp_continuation:cpp_continuation:cpp_continuation:cpp_continuation:cpp_continuation:cpp_continuation:cpp_continuation:cpp_continuation:cpp_continuation:cpp_continuation:cpp_continuation:cpp_continuation:cpp_continuation:cpp_continuation:cpp_continuation:cpp_continuation:cpp_continuation:cpp_continuation:cpp_continuation:cpp_continuation:cpp_continuation:cpp_continuation:cpp_continuation:cpp_continuation:cpp_continuation:cpp_continuation:cpp_continuation:cpp_continuation:cpp_continuation:cpp_continuation:cpp_continuation:cpp_continuation:cpp_continuation:cpp_continuation:cpp_continuation:cpp_continuation:cpp_continuation:cpp_continuation:cpp_continuation:cpp_continuation:cpp_continuation:cpp_continuation:cpp_continuation:cpp_continuation:cpp_continuation:cpp_continuation:cpp_continuation:cpp_continuation:cpp_continuation:cpp_continuation:cpp_continuation:cpp_continuation:cpp_continuation:cpp_continuation:cpp_continuation:cpp_continuation:cpp_continuation:cpp_continuation:cpp_continuation:cpp_continuation:cpp_continuation:cpp_continuation:cpp_continuation:cpp_continuation:cpp_continuation:cpp_continuation:cpp_continuation:cpp_continuation:cpp_continuation:cpp_continuation:cpp_continuation:cpp_continuation:cpp_continuation:cpp_continuation:cpp_continuation:cpp_continuation:cpp_continuation:cpp_continuation:cpp_continuation:cpp_continuation:cpp_continuation:cpp_continuation:cpp_continuation:cpp_continuation:cpp_continuation:cpp_continuation:cpp_continuation:r2r2r2r2r:slot=7:wrist_root=0,r2r2r2r2r:slot=4:wrist_root=1,True,True,False,SEARCH_BRANCH_CHANGE|BRANCH_ID_CHANGE,SEARCH_BRANCH_CHANGE
trial_0013,trial_0013_bite_001_transfer,trial_0013_bite_001,transfer,StrongLocal,89,90,957,958,2.261786678505834,4,-2.5726825960707895,-2.572676253360477,6.342710312523536e-06,0.001974747871787471,0.003304750726479019,7,4,cpp_continuation:cpp_continuation:cpp_continuation:cpp_continuation:cpp_continuation:cpp_continuation:cpp_continuation:cpp_continuation:cpp_continuation:cpp_continuation:cpp_continuation:cpp_continuation:cpp_continuation:cpp_continuation:cpp_continuation:cpp_continuation:cpp_continuation:cpp_continuation:cpp_continuation:cpp_continuation:cpp_continuation:cpp_continuation:cpp_continuation:cpp_continuation:cpp_continuation:cpp_continuation:cpp_continuation:cpp_continuation:cpp_continuation:cpp_continuation:cpp_continuation:cpp_continuation:cpp_continuation:cpp_continuation:cpp_continuation:cpp_continuation:cpp_continuation:cpp_continuation:cpp_continuation:cpp_continuation:cpp_continuation:cpp_continuation:cpp_continuation:cpp_continuation:cpp_continuation:cpp_continuation:cpp_continuation:cpp_continuation:cpp_continuation:cpp_continuation:cpp_continuation:cpp_continuation:cpp_continuation:cpp_continuation:cpp_continuation:cpp_continuation:cpp_continuation:cpp_continuation:cpp_continuation:cpp_continuation:cpp_continuation:cpp_continuation:cpp_continuation:cpp_continuation:cpp_continuation:cpp_continuation:cpp_continuation:cpp_continuation:cpp_continuation:cpp_continuation:cpp_continuation:cpp_continuation:cpp_continuation:cpp_continuation:cpp_continuation:cpp_continuation:cpp_continuation:cpp_continuation:cpp_continuation:cpp_continuation:cpp_continuation:cpp_continuation:cpp_continuation:cpp_continuation:cpp_continuation:cpp_continuation:cpp_continuation:cpp_continuation:cpp_continuation:r2r2r2r2r:slot=7:wrist_root=0,r2r2r2r2r:slot=4:wrist_root=1,True,True,False,SEARCH_BRANCH_CHANGE|BRANCH_ID_CHANGE,SEARCH_BRANCH_CHANGE
trial_0013,trial_0013_bite_001_transfer,trial_0013_bite_001,transfer,H_star,89,90,957,958,2.4273525439491572,4,-2.5429533496115893,-2.543237017509934,-0.0002836678983446639,0.001974747871787471,0.003304750726479019,7,4,cpp_continuation:cpp_continuation:cpp_continuation:cpp_continuation:cpp_continuation:cpp_continuation:cpp_continuation:cpp_continuation:cpp_continuation:cpp_continuation:cpp_continuation:cpp_continuation:cpp_continuation:cpp_continuation:cpp_continuation:cpp_continuation:cpp_continuation:cpp_continuation:cpp_continuation:cpp_continuation:cpp_continuation:cpp_continuation:cpp_continuation:cpp_continuation:cpp_continuation:cpp_continuation:cpp_continuation:cpp_continuation:cpp_continuation:cpp_continuation:cpp_continuation:cpp_continuation:cpp_continuation:cpp_continuation:cpp_continuation:cpp_continuation:cpp_continuation:cpp_continuation:cpp_continuation:cpp_continuation:cpp_continuation:cpp_continuation:cpp_continuation:cpp_continuation:cpp_continuation:cpp_continuation:cpp_continuation:cpp_continuation:cpp_continuation:cpp_continuation:cpp_continuation:cpp_continuation:cpp_continuation:cpp_continuation:cpp_continuation:cpp_continuation:cpp_continuation:cpp_continuation:cpp_continuation:cpp_continuation:cpp_continuation:cpp_continuation:cpp_continuation:cpp_continuation:cpp_continuation:cpp_continuation:cpp_continuation:cpp_continuation:cpp_continuation:cpp_continuation:cpp_continuation:cpp_continuation:cpp_continuation:cpp_continuation:cpp_continuation:cpp_continuation:cpp_continuation:cpp_continuation:cpp_continuation:cpp_continuation:cpp_continuation:cpp_continuation:cpp_continuation:cpp_continuation:cpp_continuation:cpp_continuation:cpp_continuation:cpp_continuation:cpp_continuation:r2r2r2r2r:slot=7:wrist_root=0,r2r2r2r2r:slot=4:wrist_root=1,True,True,False,SEARCH_BRANCH_CHANGE|BRANCH_ID_CHANGE,SEARCH_BRANCH_CHANGE
trial_0013,trial_0013_bite_001_transfer,trial_0013_bite_001,transfer,HumanGT,88,89,956,957,2.270133580667235,4,-2.498098756810465,-2.4954839396682535,0.0026148171422115674,0.0020914385064375787,0.003996541709670027,7,6,cpp_continuation:cpp_continuation:cpp_continuation:cpp_continuation:cpp_continuation:cpp_continuation:cpp_continuation:cpp_continuation:cpp_continuation:cpp_continuation:cpp_continuation:cpp_continuation:cpp_continuation:cpp_continuation:cpp_continuation:cpp_continuation:cpp_continuation:cpp_continuation:cpp_continuation:cpp_continuation:cpp_continuation:cpp_continuation:cpp_continuation:cpp_continuation:cpp_continuation:cpp_continuation:cpp_continuation:cpp_continuation:cpp_continuation:cpp_continuation:cpp_continuation:cpp_continuation:cpp_continuation:cpp_continuation:cpp_continuation:cpp_continuation:cpp_continuation:cpp_continuation:cpp_continuation:cpp_continuation:cpp_continuation:cpp_continuation:cpp_continuation:cpp_continuation:cpp_continuation:cpp_continuation:cpp_continuation:cpp_continuation:cpp_continuation:cpp_continuation:cpp_continuation:cpp_continuation:cpp_continuation:cpp_continuation:cpp_continuation:cpp_continuation:cpp_continuation:cpp_continuation:cpp_continuation:cpp_continuation:cpp_continuation:cpp_continuation:cpp_continuation:cpp_continuation:cpp_continuation:cpp_continuation:cpp_continuation:cpp_continuation:cpp_continuation:cpp_continuation:cpp_continuation:cpp_continuation:cpp_continuation:cpp_continuation:cpp_continuation:cpp_continuation:cpp_continuation:cpp_continuation:cpp_continuation:cpp_continuation:cpp_continuation:cpp_continuation:cpp_continuation:cpp_continuation:cpp_continuation:cpp_continuation:cpp_continuation:cpp_continuation:r2r2r2r2r:slot=7:wrist_root=0,r2r2r2r2r:slot=6:wrist_root=0,True,True,False,SEARCH_BRANCH_CHANGE|BRANCH_ID_CHANGE,SEARCH_BRANCH_CHANGE
trial_0013,trial_0013_bite_001_transfer,trial_0013_bite_001,transfer,RobotSmooth,96,97,964,965,0.575237356650492,2,-3.0803693394413107,3.0028159677382757,-0.19999999999999954,0.001756400150409346,0.00173424122256417,7,7,r2r2r2r2r:slot=7:wrist_root=0,r2r2r2r2r:slot=7:wrist_root=1,False,True,False,BRANCH_ID_CHANGE,BRANCH_ID_CHANGE
trial_0013,trial_0013_bite_002_transfer,trial_0013_bite_002,transfer,B0,124,125,3912,3913,1.386965143629082,2,-2.8049076105926884,-2.8049076105926884,0.0,0.000639000582789253,0.004400239093607474,6,4,r2r2r2r2r:slot=6:wrist_root=2,r2r2r2r2r:slot=4:wrist_root=0,True,True,False,SEARCH_BRANCH_CHANGE|BRANCH_ID_CHANGE,SEARCH_BRANCH_CHANGE
trial_0013,trial_0013_bite_002_transfer,trial_0013_bite_002,transfer,B1,84,85,3872,3873,1.9266484656471852,4,-2.876654150069594,-2.877508275539557,-0.0008541254699632185,0.002305034479339758,0.0020849497200470745,7,4,cpp_continuation:cpp_continuation:cpp_continuation:cpp_continuation:cpp_continuation:cpp_continuation:cpp_continuation:cpp_continuation:cpp_continuation:cpp_continuation:cpp_continuation:cpp_continuation:cpp_continuation:cpp_continuation:cpp_continuation:cpp_continuation:cpp_continuation:cpp_continuation:cpp_continuation:cpp_continuation:cpp_continuation:cpp_continuation:cpp_continuation:cpp_continuation:cpp_continuation:cpp_continuation:cpp_continuation:cpp_continuation:cpp_continuation:cpp_continuation:cpp_continuation:cpp_continuation:cpp_continuation:cpp_continuation:cpp_continuation:cpp_continuation:cpp_continuation:cpp_continuation:cpp_continuation:cpp_continuation:cpp_continuation:cpp_continuation:cpp_continuation:cpp_continuation:cpp_continuation:cpp_continuation:cpp_continuation:cpp_continuation:cpp_continuation:cpp_continuation:cpp_continuation:cpp_continuation:cpp_continuation:cpp_continuation:cpp_continuation:cpp_continuation:cpp_continuation:cpp_continuation:cpp_continuation:cpp_continuation:cpp_continuation:cpp_continuation:cpp_continuation:cpp_continuation:cpp_continuation:cpp_continuation:cpp_continuation:cpp_continuation:cpp_continuation:cpp_continuation:cpp_continuation:cpp_continuation:cpp_continuation:cpp_continuation:cpp_continuation:cpp_continuation:cpp_continuation:cpp_continuation:cpp_continuation:cpp_continuation:cpp_continuation:cpp_continuation:cpp_continuation:cpp_continuation:r2r2r2r2r:slot=7:wrist_root=0,r2r2r2r2r:slot=4:wrist_root=1,True,True,False,SEARCH_BRANCH_CHANGE|BRANCH_ID_CHANGE,SEARCH_BRANCH_CHANGE
trial_0013,trial_0013_bite_002_transfer,trial_0013_bite_002,transfer,B1,127,128,3915,3916,0.9815735940152495,4,-2.9133815452780096,-2.914235670747973,-0.0008541254699632185,0.0006552687668208956,0.005461762071811424,7,7,r2r2r2r2r:slot=7:wrist_root=2,r2r2r2r2r:slot=7:wrist_root=0,False,True,False,BRANCH_ID_CHANGE,BRANCH_ID_CHANGE
trial_0013,trial_0013_bite_002_transfer,trial_0013_bite_002,transfer,B2,82,83,3870,3871,2.1363560952747283,4,-2.6913244738309543,-2.6906147623641528,0.0007097114668015436,0.0024813154303252147,0.0019887339051195756,7,4,cpp_continuation:cpp_continuation:cpp_continuation:cpp_continuation:cpp_continuation:cpp_continuation:cpp_continuation:cpp_continuation:cpp_continuation:cpp_continuation:cpp_continuation:cpp_continuation:cpp_continuation:cpp_continuation:cpp_continuation:cpp_continuation:cpp_continuation:cpp_continuation:cpp_continuation:cpp_continuation:cpp_continuation:cpp_continuation:cpp_continuation:cpp_continuation:cpp_continuation:cpp_continuation:cpp_continuation:cpp_continuation:cpp_continuation:cpp_continuation:cpp_continuation:cpp_continuation:cpp_continuation:cpp_continuation:cpp_continuation:cpp_continuation:cpp_continuation:cpp_continuation:cpp_continuation:cpp_continuation:cpp_continuation:cpp_continuation:cpp_continuation:cpp_continuation:cpp_continuation:cpp_continuation:cpp_continuation:cpp_continuation:cpp_continuation:cpp_continuation:cpp_continuation:cpp_continuation:cpp_continuation:cpp_continuation:cpp_continuation:cpp_continuation:cpp_continuation:cpp_continuation:cpp_continuation:cpp_continuation:cpp_continuation:cpp_continuation:cpp_continuation:cpp_continuation:cpp_continuation:cpp_continuation:cpp_continuation:cpp_continuation:cpp_continuation:cpp_continuation:cpp_continuation:cpp_continuation:cpp_continuation:cpp_continuation:cpp_continuation:cpp_continuation:cpp_continuation:cpp_continuation:cpp_continuation:cpp_continuation:cpp_continuation:cpp_continuation:r2r2r2r2r:slot=7:wrist_root=0,r2r2r2r2r:slot=4:wrist_root=1,True,True,False,SEARCH_BRANCH_CHANGE|BRANCH_ID_CHANGE,SEARCH_BRANCH_CHANGE
trial_0013,trial_0013_bite_002_transfer,trial_0013_bite_002,transfer,B2,124,125,3912,3913,0.9578567030558198,2,-2.684333338872046,-2.6833709843940694,0.0009623544779766569,0.000639000582789253,0.004400239093607474,4,4,r2r2r2r2r:slot=4:wrist_root=1,r2r2r2r2r:slot=4:wrist_root=0,False,True,False,BRANCH_ID_CHANGE,BRANCH_ID_CHANGE
trial_0013,trial_0013_bite_002_transfer,trial_0013_bite_002,transfer,B3,82,83,3870,3871,2.084034545744955,4,-2.701404857613733,-2.7008389888119773,0.0005658688017557978,0.0024813154303252147,0.0019887339051195756,7,4,cpp_continuation:cpp_continuation:cpp_continuation:cpp_continuation:cpp_continuation:cpp_continuation:cpp_continuation:cpp_continuation:cpp_continuation:cpp_continuation:cpp_continuation:cpp_continuation:cpp_continuation:cpp_continuation:cpp_continuation:cpp_continuation:cpp_continuation:cpp_continuation:cpp_continuation:cpp_continuation:cpp_continuation:cpp_continuation:cpp_continuation:cpp_continuation:cpp_continuation:cpp_continuation:cpp_continuation:cpp_continuation:cpp_continuation:cpp_continuation:cpp_continuation:cpp_continuation:cpp_continuation:cpp_continuation:cpp_continuation:cpp_continuation:cpp_continuation:cpp_continuation:cpp_continuation:cpp_continuation:cpp_continuation:cpp_continuation:cpp_continuation:cpp_continuation:cpp_continuation:cpp_continuation:cpp_continuation:cpp_continuation:cpp_continuation:cpp_continuation:cpp_continuation:cpp_continuation:cpp_continuation:cpp_continuation:cpp_continuation:cpp_continuation:cpp_continuation:cpp_continuation:cpp_continuation:cpp_continuation:cpp_continuation:cpp_continuation:cpp_continuation:cpp_continuation:cpp_continuation:cpp_continuation:cpp_continuation:cpp_continuation:cpp_continuation:cpp_continuation:cpp_continuation:cpp_continuation:cpp_continuation:cpp_continuation:cpp_continuation:cpp_continuation:cpp_continuation:cpp_continuation:cpp_continuation:cpp_continuation:cpp_continuation:cpp_continuation:r2r2r2r2r:slot=7:wrist_root=0,r2r2r2r2r:slot=4:wrist_root=1,True,True,False,SEARCH_BRANCH_CHANGE|BRANCH_ID_CHANGE,SEARCH_BRANCH_CHANGE
trial_0013,trial_0013_bite_002_transfer,trial_0013_bite_002,transfer,B3,124,125,3912,3913,0.9822084995154259,2,-2.6920195097905455,-2.6891250673837033,0.002894442406842224,0.000639000582789253,0.004400239093607474,4,4,cpp_continuation:r2r2r2r2r:slot=4:wrist_root=1,r2r2r2r2r:slot=4:wrist_root=0,False,True,False,BRANCH_ID_CHANGE,BRANCH_ID_CHANGE
trial_0013,trial_0013_bite_002_transfer,trial_0013_bite_002,transfer,StrongLocal,83,84,3871,3872,2.551616834896483,4,-2.717710758244558,-2.718838135942366,-0.0011273776978080186,0.002393303131751159,0.003726799005520279,7,4,cpp_continuation:cpp_continuation:cpp_continuation:cpp_continuation:cpp_continuation:cpp_continuation:cpp_continuation:cpp_continuation:cpp_continuation:cpp_continuation:cpp_continuation:cpp_continuation:cpp_continuation:cpp_continuation:cpp_continuation:cpp_continuation:cpp_continuation:cpp_continuation:cpp_continuation:cpp_continuation:cpp_continuation:cpp_continuation:cpp_continuation:cpp_continuation:cpp_continuation:cpp_continuation:cpp_continuation:cpp_continuation:cpp_continuation:cpp_continuation:cpp_continuation:cpp_continuation:cpp_continuation:cpp_continuation:cpp_continuation:cpp_continuation:cpp_continuation:cpp_continuation:cpp_continuation:cpp_continuation:cpp_continuation:cpp_continuation:cpp_continuation:cpp_continuation:cpp_continuation:cpp_continuation:cpp_continuation:cpp_continuation:cpp_continuation:cpp_continuation:cpp_continuation:cpp_continuation:cpp_continuation:cpp_continuation:cpp_continuation:cpp_continuation:cpp_continuation:cpp_continuation:cpp_continuation:cpp_continuation:cpp_continuation:cpp_continuation:cpp_continuation:cpp_continuation:cpp_continuation:cpp_continuation:cpp_continuation:cpp_continuation:cpp_continuation:cpp_continuation:cpp_continuation:cpp_continuation:cpp_continuation:cpp_continuation:cpp_continuation:cpp_continuation:cpp_continuation:cpp_continuation:cpp_continuation:cpp_continuation:cpp_continuation:cpp_continuation:cpp_continuation:r2r2r2r2r:slot=7:wrist_root=0,r2r2r2r2r:slot=4:wrist_root=1,True,True,False,SEARCH_BRANCH_CHANGE|BRANCH_ID_CHANGE,SEARCH_BRANCH_CHANGE
trial_0013,trial_0013_bite_002_transfer,trial_0013_bite_002,transfer,StrongLocal,124,125,3912,3913,1.0758966709629334,2,-2.7159539311896843,-2.7141793138977506,0.0017746172919337333,0.000639000582789253,0.004400239093607474,4,4,cpp_continuation:cpp_continuation:cpp_continuation:r2r2r2r2r:slot=4:wrist_root=1,r2r2r2r2r:slot=4:wrist_root=0,False,True,False,BRANCH_ID_CHANGE,BRANCH_ID_CHANGE
trial_0013,trial_0013_bite_002_transfer,trial_0013_bite_002,transfer,H_star,124,125,3912,3913,1.1008743613922163,2,-2.724992966771631,-2.7204091741272567,0.004583792644374363,0.000639000582789253,0.004400239093607474,4,4,cpp_continuation:cpp_continuation:cpp_continuation:r2r2r2r2r:slot=4:wrist_root=1,r2r2r2r2r:slot=4:wrist_root=0,False,True,False,BRANCH_ID_CHANGE,BRANCH_ID_CHANGE
trial_0013,trial_0013_bite_002_transfer,trial_0013_bite_002,transfer,HumanGT,125,126,3913,3914,0.901669555704996,2,-2.641581658627699,-2.641475358072505,0.00010630055519378345,0.0005761214888041731,0.0009163529529583564,4,4,r2r2r2r2r:slot=4:wrist_root=1,r2r2r2r2r:slot=4:wrist_root=0,False,True,False,BRANCH_ID_CHANGE,BRANCH_ID_CHANGE
trial_0013,trial_0013_bite_003_transfer,trial_0013_bite_003,transfer,HumanGT,131,132,6134,6135,1.9954482541647256,4,-2.7234473102751724,-2.721398130641804,0.002049179633368592,0.002866384705183546,0.007691913608776892,7,4,cpp_continuation:cpp_continuation:cpp_continuation:cpp_continuation:cpp_continuation:cpp_continuation:cpp_continuation:cpp_continuation:cpp_continuation:cpp_continuation:cpp_continuation:cpp_continuation:cpp_continuation:cpp_continuation:cpp_continuation:cpp_continuation:cpp_continuation:cpp_continuation:cpp_continuation:cpp_continuation:cpp_continuation:cpp_continuation:cpp_continuation:cpp_continuation:cpp_continuation:cpp_continuation:cpp_continuation:cpp_continuation:cpp_continuation:cpp_continuation:cpp_continuation:cpp_continuation:cpp_continuation:cpp_continuation:cpp_continuation:cpp_continuation:cpp_continuation:cpp_continuation:cpp_continuation:cpp_continuation:cpp_continuation:cpp_continuation:cpp_continuation:cpp_continuation:cpp_continuation:cpp_continuation:cpp_continuation:cpp_continuation:cpp_continuation:cpp_continuation:cpp_continuation:cpp_continuation:cpp_continuation:cpp_continuation:cpp_continuation:cpp_continuation:cpp_continuation:cpp_continuation:cpp_continuation:cpp_continuation:cpp_continuation:cpp_continuation:cpp_continuation:cpp_continuation:cpp_continuation:cpp_continuation:cpp_continuation:cpp_continuation:cpp_continuation:cpp_continuation:cpp_continuation:cpp_continuation:cpp_continuation:cpp_continuation:cpp_continuation:cpp_continuation:cpp_continuation:cpp_continuation:cpp_continuation:cpp_continuation:cpp_continuation:cpp_continuation:cpp_continuation:cpp_continuation:cpp_continuation:cpp_continuation:cpp_continuation:cpp_continuation:cpp_continuation:cpp_continuation:cpp_continuation:cpp_continuation:cpp_continuation:cpp_continuation:cpp_continuation:cpp_continuation:cpp_continuation:cpp_continuation:cpp_continuation:cpp_continuation:cpp_continuation:cpp_continuation:cpp_continuation:cpp_continuation:cpp_continuation:cpp_continuation:cpp_continuation:cpp_continuation:cpp_continuation:cpp_continuation:cpp_continuation:cpp_continuation:cpp_continuation:cpp_continuation:cpp_continuation:cpp_continuation:cpp_continuation:cpp_continuation:cpp_continuation:cpp_continuation:cpp_continuation:cpp_continuation:cpp_continuation:cpp_continuation:cpp_continuation:cpp_continuation:cpp_continuation:cpp_continuation:cpp_continuation:cpp_continuation:cpp_continuation:r2r2r2r2r:slot=7:wrist_root=0,r2r2r2r2r:slot=4:wrist_root=1,True,True,False,SEARCH_BRANCH_CHANGE|BRANCH_ID_CHANGE,SEARCH_BRANCH_CHANGE
trial_0014,trial_0014_bite_001_transfer,trial_0014_bite_001,transfer,B0,135,136,540,541,1.843527172064497,4,-3.0561683453654713,-3.0561683453654713,0.0,0.0009968444988552613,0.001978867302230841,7,4,r2r2r2r2r:slot=7:wrist_root=0,r2r2r2r2r:slot=4:wrist_root=1,True,True,False,SEARCH_BRANCH_CHANGE|BRANCH_ID_CHANGE,SEARCH_BRANCH_CHANGE
trial_0014,trial_0014_bite_001_transfer,trial_0014_bite_001,transfer,B1,141,142,546,547,1.463174083264651,4,-3.1746826685941287,-3.175523195709225,-0.0008405271150961902,0.0006594368095769507,0.0015689093857512147,7,4,cpp_continuation:cpp_continuation:cpp_continuation:cpp_continuation:cpp_continuation:cpp_continuation:cpp_continuation:cpp_continuation:cpp_continuation:cpp_continuation:cpp_continuation:cpp_continuation:cpp_continuation:cpp_continuation:cpp_continuation:cpp_continuation:cpp_continuation:cpp_continuation:cpp_continuation:cpp_continuation:cpp_continuation:cpp_continuation:cpp_continuation:cpp_continuation:cpp_continuation:cpp_continuation:cpp_continuation:cpp_continuation:cpp_continuation:cpp_continuation:cpp_continuation:cpp_continuation:cpp_continuation:cpp_continuation:cpp_continuation:cpp_continuation:cpp_continuation:cpp_continuation:cpp_continuation:cpp_continuation:cpp_continuation:cpp_continuation:cpp_continuation:cpp_continuation:cpp_continuation:cpp_continuation:cpp_continuation:cpp_continuation:cpp_continuation:cpp_continuation:cpp_continuation:cpp_continuation:cpp_continuation:cpp_continuation:cpp_continuation:cpp_continuation:cpp_continuation:cpp_continuation:cpp_continuation:cpp_continuation:cpp_continuation:cpp_continuation:cpp_continuation:cpp_continuation:cpp_continuation:cpp_continuation:cpp_continuation:cpp_continuation:cpp_continuation:cpp_continuation:cpp_continuation:cpp_continuation:cpp_continuation:cpp_continuation:cpp_continuation:cpp_continuation:cpp_continuation:cpp_continuation:cpp_continuation:cpp_continuation:cpp_continuation:cpp_continuation:cpp_continuation:cpp_continuation:cpp_continuation:cpp_continuation:cpp_continuation:cpp_continuation:cpp_continuation:cpp_continuation:cpp_continuation:cpp_continuation:cpp_continuation:cpp_continuation:cpp_continuation:cpp_continuation:cpp_continuation:cpp_continuation:cpp_continuation:cpp_continuation:cpp_continuation:cpp_continuation:cpp_continuation:cpp_continuation:cpp_continuation:cpp_continuation:cpp_continuation:cpp_continuation:cpp_continuation:cpp_continuation:cpp_continuation:cpp_continuation:cpp_continuation:cpp_continuation:cpp_continuation:cpp_continuation:cpp_continuation:cpp_continuation:cpp_continuation:cpp_continuation:cpp_continuation:cpp_continuation:cpp_continuation:cpp_continuation:cpp_continuation:cpp_continuation:cpp_continuation:cpp_continuation:cpp_continuation:cpp_continuation:cpp_continuation:cpp_continuation:cpp_continuation:cpp_continuation:cpp_continuation:cpp_continuation:cpp_continuation:cpp_continuation:cpp_continuation:cpp_continuation:cpp_continuation:r2r2r2r2r:slot=7:wrist_root=0,r2r2r2r2r:slot=4:wrist_root=1,True,True,False,SEARCH_BRANCH_CHANGE|BRANCH_ID_CHANGE,SEARCH_BRANCH_CHANGE
trial_0014,trial_0014_bite_001_transfer,trial_0014_bite_001,transfer,B2,133,134,538,539,2.210914488198619,4,-2.956755324353412,-2.9567662268958403,-1.0902542428414817e-05,0.0012408291844105968,0.0011681349131911938,7,4,cpp_continuation:cpp_continuation:cpp_continuation:cpp_continuation:cpp_continuation:cpp_continuation:cpp_continuation:cpp_continuation:cpp_continuation:cpp_continuation:cpp_continuation:cpp_continuation:cpp_continuation:cpp_continuation:cpp_continuation:cpp_continuation:cpp_continuation:cpp_continuation:cpp_continuation:cpp_continuation:cpp_continuation:cpp_continuation:cpp_continuation:cpp_continuation:cpp_continuation:cpp_continuation:cpp_continuation:cpp_continuation:cpp_continuation:cpp_continuation:cpp_continuation:cpp_continuation:cpp_continuation:cpp_continuation:cpp_continuation:cpp_continuation:cpp_continuation:cpp_continuation:cpp_continuation:cpp_continuation:cpp_continuation:cpp_continuation:cpp_continuation:cpp_continuation:cpp_continuation:cpp_continuation:cpp_continuation:cpp_continuation:cpp_continuation:cpp_continuation:cpp_continuation:cpp_continuation:cpp_continuation:cpp_continuation:cpp_continuation:cpp_continuation:cpp_continuation:cpp_continuation:cpp_continuation:cpp_continuation:cpp_continuation:cpp_continuation:cpp_continuation:cpp_continuation:cpp_continuation:cpp_continuation:cpp_continuation:cpp_continuation:cpp_continuation:cpp_continuation:cpp_continuation:cpp_continuation:cpp_continuation:cpp_continuation:cpp_continuation:cpp_continuation:cpp_continuation:cpp_continuation:cpp_continuation:cpp_continuation:cpp_continuation:cpp_continuation:cpp_continuation:cpp_continuation:cpp_continuation:cpp_continuation:cpp_continuation:cpp_continuation:cpp_continuation:cpp_continuation:cpp_continuation:cpp_continuation:cpp_continuation:cpp_continuation:cpp_continuation:cpp_continuation:cpp_continuation:cpp_continuation:cpp_continuation:cpp_continuation:cpp_continuation:cpp_continuation:cpp_continuation:cpp_continuation:cpp_continuation:cpp_continuation:cpp_continuation:cpp_continuation:cpp_continuation:cpp_continuation:cpp_continuation:cpp_continuation:cpp_continuation:cpp_continuation:cpp_continuation:cpp_continuation:cpp_continuation:cpp_continuation:cpp_continuation:cpp_continuation:cpp_continuation:cpp_continuation:cpp_continuation:cpp_continuation:cpp_continuation:cpp_continuation:cpp_continuation:cpp_continuation:cpp_continuation:cpp_continuation:cpp_continuation:cpp_continuation:cpp_continuation:r2r2r2r2r:slot=7:wrist_root=0,r2r2r2r2r:slot=4:wrist_root=1,True,True,False,SEARCH_BRANCH_CHANGE|BRANCH_ID_CHANGE,SEARCH_BRANCH_CHANGE
trial_0014,trial_0014_bite_001_transfer,trial_0014_bite_001,transfer,B3,133,134,538,539,2.044573529692117,4,-2.9666328497202095,-2.9661204423573153,0.0005124073628941517,0.0012408291844105968,0.0011681349131911938,7,4,cpp_continuation:cpp_continuation:cpp_continuation:cpp_continuation:cpp_continuation:cpp_continuation:cpp_continuation:cpp_continuation:cpp_continuation:cpp_continuation:cpp_continuation:cpp_continuation:cpp_continuation:cpp_continuation:cpp_continuation:cpp_continuation:cpp_continuation:cpp_continuation:cpp_continuation:cpp_continuation:cpp_continuation:cpp_continuation:cpp_continuation:cpp_continuation:cpp_continuation:cpp_continuation:cpp_continuation:cpp_continuation:cpp_continuation:cpp_continuation:cpp_continuation:cpp_continuation:cpp_continuation:cpp_continuation:cpp_continuation:cpp_continuation:cpp_continuation:cpp_continuation:cpp_continuation:cpp_continuation:cpp_continuation:cpp_continuation:cpp_continuation:cpp_continuation:cpp_continuation:cpp_continuation:cpp_continuation:cpp_continuation:cpp_continuation:cpp_continuation:cpp_continuation:cpp_continuation:cpp_continuation:cpp_continuation:cpp_continuation:cpp_continuation:cpp_continuation:cpp_continuation:cpp_continuation:cpp_continuation:cpp_continuation:cpp_continuation:cpp_continuation:cpp_continuation:cpp_continuation:cpp_continuation:cpp_continuation:cpp_continuation:cpp_continuation:cpp_continuation:cpp_continuation:cpp_continuation:cpp_continuation:cpp_continuation:cpp_continuation:cpp_continuation:cpp_continuation:cpp_continuation:cpp_continuation:cpp_continuation:cpp_continuation:cpp_continuation:cpp_continuation:cpp_continuation:cpp_continuation:cpp_continuation:cpp_continuation:cpp_continuation:cpp_continuation:cpp_continuation:cpp_continuation:cpp_continuation:cpp_continuation:cpp_continuation:cpp_continuation:cpp_continuation:cpp_continuation:cpp_continuation:cpp_continuation:cpp_continuation:cpp_continuation:cpp_continuation:cpp_continuation:cpp_continuation:cpp_continuation:cpp_continuation:cpp_continuation:cpp_continuation:cpp_continuation:cpp_continuation:cpp_continuation:cpp_continuation:cpp_continuation:cpp_continuation:cpp_continuation:cpp_continuation:cpp_continuation:cpp_continuation:cpp_continuation:cpp_continuation:cpp_continuation:cpp_continuation:cpp_continuation:cpp_continuation:cpp_continuation:cpp_continuation:cpp_continuation:cpp_continuation:cpp_continuation:cpp_continuation:cpp_continuation:cpp_continuation:cpp_continuation:r2r2r2r2r:slot=7:wrist_root=0,r2r2r2r2r:slot=4:wrist_root=1,True,True,False,SEARCH_BRANCH_CHANGE|BRANCH_ID_CHANGE,SEARCH_BRANCH_CHANGE
trial_0014,trial_0014_bite_001_transfer,trial_0014_bite_001,transfer,StrongLocal,133,134,538,539,1.6985638543729824,4,-3.002457934375584,-3.0025314865889796,-7.355221339544471e-05,0.0012408291844105968,0.0011681349131911938,7,4,cpp_continuation:cpp_continuation:cpp_continuation:cpp_continuation:cpp_continuation:cpp_continuation:cpp_continuation:cpp_continuation:cpp_continuation:cpp_continuation:cpp_continuation:cpp_continuation:cpp_continuation:cpp_continuation:cpp_continuation:cpp_continuation:cpp_continuation:cpp_continuation:cpp_continuation:cpp_continuation:cpp_continuation:cpp_continuation:cpp_continuation:cpp_continuation:cpp_continuation:cpp_continuation:cpp_continuation:cpp_continuation:cpp_continuation:cpp_continuation:cpp_continuation:cpp_continuation:cpp_continuation:cpp_continuation:cpp_continuation:cpp_continuation:cpp_continuation:cpp_continuation:cpp_continuation:cpp_continuation:cpp_continuation:cpp_continuation:cpp_continuation:cpp_continuation:cpp_continuation:cpp_continuation:cpp_continuation:cpp_continuation:cpp_continuation:cpp_continuation:cpp_continuation:cpp_continuation:cpp_continuation:cpp_continuation:cpp_continuation:cpp_continuation:cpp_continuation:cpp_continuation:cpp_continuation:cpp_continuation:cpp_continuation:cpp_continuation:cpp_continuation:cpp_continuation:cpp_continuation:cpp_continuation:cpp_continuation:cpp_continuation:cpp_continuation:cpp_continuation:cpp_continuation:cpp_continuation:cpp_continuation:cpp_continuation:cpp_continuation:cpp_continuation:cpp_continuation:cpp_continuation:cpp_continuation:cpp_continuation:cpp_continuation:cpp_continuation:cpp_continuation:cpp_continuation:cpp_continuation:cpp_continuation:cpp_continuation:cpp_continuation:cpp_continuation:cpp_continuation:cpp_continuation:cpp_continuation:cpp_continuation:cpp_continuation:cpp_continuation:cpp_continuation:cpp_continuation:cpp_continuation:cpp_continuation:cpp_continuation:cpp_continuation:cpp_continuation:cpp_continuation:cpp_continuation:cpp_continuation:cpp_continuation:cpp_continuation:cpp_continuation:cpp_continuation:cpp_continuation:cpp_continuation:cpp_continuation:cpp_continuation:cpp_continuation:cpp_continuation:cpp_continuation:cpp_continuation:cpp_continuation:cpp_continuation:cpp_continuation:cpp_continuation:cpp_continuation:cpp_continuation:cpp_continuation:cpp_continuation:cpp_continuation:cpp_continuation:cpp_continuation:cpp_continuation:cpp_continuation:cpp_continuation:cpp_continuation:cpp_continuation:r2r2r2r2r:slot=7:wrist_root=0,r2r2r2r2r:slot=4:wrist_root=1,True,True,False,SEARCH_BRANCH_CHANGE|BRANCH_ID_CHANGE,SEARCH_BRANCH_CHANGE
trial_0014,trial_0014_bite_001_transfer,trial_0014_bite_001,transfer,H_star,133,134,538,539,1.8940041902919413,4,-2.979543795213827,-2.980102956308237,-0.0005591610944102321,0.0012408291844105968,0.0011681349131911938,7,4,cpp_continuation:cpp_continuation:cpp_continuation:cpp_continuation:cpp_continuation:cpp_continuation:cpp_continuation:cpp_continuation:cpp_continuation:cpp_continuation:cpp_continuation:cpp_continuation:cpp_continuation:cpp_continuation:cpp_continuation:cpp_continuation:cpp_continuation:cpp_continuation:cpp_continuation:cpp_continuation:cpp_continuation:cpp_continuation:cpp_continuation:cpp_continuation:cpp_continuation:cpp_continuation:cpp_continuation:cpp_continuation:cpp_continuation:cpp_continuation:cpp_continuation:cpp_continuation:cpp_continuation:cpp_continuation:cpp_continuation:cpp_continuation:cpp_continuation:cpp_continuation:cpp_continuation:cpp_continuation:cpp_continuation:cpp_continuation:cpp_continuation:cpp_continuation:cpp_continuation:cpp_continuation:cpp_continuation:cpp_continuation:cpp_continuation:cpp_continuation:cpp_continuation:cpp_continuation:cpp_continuation:cpp_continuation:cpp_continuation:cpp_continuation:cpp_continuation:cpp_continuation:cpp_continuation:cpp_continuation:cpp_continuation:cpp_continuation:cpp_continuation:cpp_continuation:cpp_continuation:cpp_continuation:cpp_continuation:cpp_continuation:cpp_continuation:cpp_continuation:cpp_continuation:cpp_continuation:cpp_continuation:cpp_continuation:cpp_continuation:cpp_continuation:cpp_continuation:cpp_continuation:cpp_continuation:cpp_continuation:cpp_continuation:cpp_continuation:cpp_continuation:cpp_continuation:cpp_continuation:cpp_continuation:cpp_continuation:cpp_continuation:cpp_continuation:cpp_continuation:cpp_continuation:cpp_continuation:cpp_continuation:cpp_continuation:cpp_continuation:cpp_continuation:cpp_continuation:cpp_continuation:cpp_continuation:cpp_continuation:cpp_continuation:cpp_continuation:cpp_continuation:cpp_continuation:cpp_continuation:cpp_continuation:cpp_continuation:cpp_continuation:cpp_continuation:cpp_continuation:cpp_continuation:cpp_continuation:cpp_continuation:cpp_continuation:cpp_continuation:cpp_continuation:cpp_continuation:cpp_continuation:cpp_continuation:cpp_continuation:cpp_continuation:cpp_continuation:cpp_continuation:cpp_continuation:cpp_continuation:cpp_continuation:cpp_continuation:cpp_continuation:cpp_continuation:cpp_continuation:cpp_continuation:cpp_continuation:cpp_continuation:r2r2r2r2r:slot=7:wrist_root=0,r2r2r2r2r:slot=4:wrist_root=1,True,True,False,SEARCH_BRANCH_CHANGE|BRANCH_ID_CHANGE,SEARCH_BRANCH_CHANGE
trial_0014,trial_0014_bite_001_transfer,trial_0014_bite_001,transfer,HumanGT,132,133,537,538,2.021102025054026,4,-2.892047952117169,-2.891501809848714,0.0005461422684547301,0.0012553726133180138,0.0007196588897194578,7,4,cpp_continuation:cpp_continuation:cpp_continuation:cpp_continuation:cpp_continuation:cpp_continuation:cpp_continuation:cpp_continuation:cpp_continuation:cpp_continuation:cpp_continuation:cpp_continuation:cpp_continuation:cpp_continuation:cpp_continuation:cpp_continuation:cpp_continuation:cpp_continuation:cpp_continuation:cpp_continuation:cpp_continuation:cpp_continuation:cpp_continuation:cpp_continuation:cpp_continuation:cpp_continuation:cpp_continuation:cpp_continuation:cpp_continuation:cpp_continuation:cpp_continuation:cpp_continuation:cpp_continuation:cpp_continuation:cpp_continuation:cpp_continuation:cpp_continuation:cpp_continuation:cpp_continuation:cpp_continuation:cpp_continuation:cpp_continuation:cpp_continuation:cpp_continuation:cpp_continuation:cpp_continuation:cpp_continuation:cpp_continuation:cpp_continuation:cpp_continuation:cpp_continuation:cpp_continuation:cpp_continuation:cpp_continuation:cpp_continuation:cpp_continuation:cpp_continuation:cpp_continuation:cpp_continuation:cpp_continuation:cpp_continuation:cpp_continuation:cpp_continuation:cpp_continuation:cpp_continuation:cpp_continuation:cpp_continuation:cpp_continuation:cpp_continuation:cpp_continuation:cpp_continuation:cpp_continuation:cpp_continuation:cpp_continuation:cpp_continuation:cpp_continuation:cpp_continuation:cpp_continuation:cpp_continuation:cpp_continuation:cpp_continuation:cpp_continuation:cpp_continuation:cpp_continuation:cpp_continuation:cpp_continuation:cpp_continuation:cpp_continuation:cpp_continuation:cpp_continuation:cpp_continuation:cpp_continuation:cpp_continuation:cpp_continuation:cpp_continuation:cpp_continuation:cpp_continuation:cpp_continuation:cpp_continuation:cpp_continuation:cpp_continuation:cpp_continuation:cpp_continuation:cpp_continuation:cpp_continuation:cpp_continuation:cpp_continuation:cpp_continuation:cpp_continuation:cpp_continuation:cpp_continuation:cpp_continuation:cpp_continuation:cpp_continuation:cpp_continuation:cpp_continuation:cpp_continuation:cpp_continuation:cpp_continuation:cpp_continuation:cpp_continuation:cpp_continuation:cpp_continuation:cpp_continuation:cpp_continuation:cpp_continuation:cpp_continuation:cpp_continuation:cpp_continuation:cpp_continuation:cpp_continuation:cpp_continuation:r2r2r2r2r:slot=7:wrist_root=0,r2r2r2r2r:slot=4:wrist_root=1,True,True,False,SEARCH_BRANCH_CHANGE|BRANCH_ID_CHANGE,SEARCH_BRANCH_CHANGE
trial_0014,trial_0014_bite_012_transfer,trial_0014_bite_012,transfer,B1,90,91,24537,24538,3.14146119538727,4,2.8864436730525846,2.8851664014561136,-0.0012772715964710635,0.0013967342583616055,0.0030233641290443296,7,6,cpp_continuation:cpp_continuation:cpp_continuation:cpp_continuation:cpp_continuation:cpp_continuation:r2r2r2r2r:slot=7:wrist_root=0,r2r2r2r2r:slot=6:wrist_root=0,True,True,True,SEARCH_BRANCH_CHANGE|BRANCH_ID_CHANGE,SEARCH_BRANCH_CHANGE
trial_0014,trial_0014_bite_012_transfer,trial_0014_bite_012,transfer,B1,98,99,24545,24546,3.1067405225439724,2,2.876225500280819,2.874948228684348,-0.0012772715964706194,0.0009917230937116555,0.0015908151678231933,6,5,cpp_continuation:cpp_continuation:cpp_continuation:cpp_continuation:cpp_continuation:cpp_continuation:cpp_continuation:r2r2r2r2r:slot=6:wrist_root=0,r2r2r2r2r:slot=5:wrist_root=0,True,True,True,SEARCH_BRANCH_CHANGE|BRANCH_ID_CHANGE,SEARCH_BRANCH_CHANGE
trial_0014,trial_0014_bite_020_withdrawal,trial_0014_bite_020,withdrawal,StrongLocal,101,102,41524,41525,3.1279431834880267,2,-3.5247059223026254,-3.528090518122589,-0.003384595819963643,0.0007359777170172713,0.003817026938693984,6,0,cpp_continuation:cpp_continuation:cpp_continuation:cpp_continuation:cpp_continuation:cpp_continuation:cpp_continuation:cpp_continuation:cpp_continuation:cpp_continuation:cpp_continuation:cpp_continuation:cpp_continuation:cpp_continuation:cpp_continuation:cpp_continuation:cpp_continuation:cpp_continuation:cpp_continuation:cpp_continuation:cpp_continuation:cpp_continuation:cpp_continuation:cpp_continuation:cpp_continuation:cpp_continuation:cpp_continuation:cpp_continuation:cpp_continuation:cpp_continuation:cpp_continuation:cpp_continuation:cpp_continuation:cpp_continuation:cpp_continuation:cpp_continuation:cpp_continuation:cpp_continuation:cpp_continuation:cpp_continuation:cpp_continuation:cpp_continuation:cpp_continuation:cpp_continuation:cpp_continuation:cpp_continuation:cpp_continuation:cpp_continuation:cpp_continuation:cpp_continuation:cpp_continuation:cpp_continuation:cpp_continuation:cpp_continuation:cpp_continuation:cpp_continuation:cpp_continuation:cpp_continuation:cpp_continuation:cpp_continuation:cpp_continuation:cpp_continuation:cpp_continuation:cpp_continuation:cpp_continuation:cpp_continuation:cpp_continuation:cpp_continuation:cpp_continuation:cpp_continuation:cpp_continuation:cpp_continuation:cpp_continuation:cpp_continuation:cpp_continuation:cpp_continuation:cpp_continuation:cpp_continuation:cpp_continuation:cpp_continuation:cpp_continuation:cpp_continuation:cpp_continuation:cpp_continuation:cpp_continuation:cpp_continuation:cpp_continuation:cpp_continuation:cpp_continuation:cpp_continuation:cpp_continuation:cpp_continuation:cpp_continuation:cpp_continuation:cpp_continuation:cpp_continuation:cpp_continuation:cpp_continuation:cpp_continuation:cpp_continuation:cpp_continuation:r2r2r2r2r:slot=6:wrist_root=0,r2r2r2r2r:slot=0:wrist_root=0,True,True,True,SEARCH_BRANCH_CHANGE|BRANCH_ID_CHANGE,SEARCH_BRANCH_CHANGE
trial_0015,trial_0015_bite_017_transfer,trial_0015_bite_017,transfer,B0,121,122,18439,18440,2.0931566735542155,2,-2.695725717669326,-2.695725717669326,0.0,0.0018756206978869973,0.0032393172013008543,7,4,cpp_continuation:cpp_continuation:cpp_continuation:cpp_continuation:cpp_continuation:cpp_continuation:cpp_continuation:cpp_continuation:cpp_continuation:cpp_continuation:cpp_continuation:cpp_continuation:cpp_continuation:cpp_continuation:cpp_continuation:cpp_continuation:cpp_continuation:cpp_continuation:cpp_continuation:cpp_continuation:cpp_continuation:cpp_continuation:cpp_continuation:cpp_continuation:cpp_continuation:cpp_continuation:cpp_continuation:cpp_continuation:cpp_continuation:cpp_continuation:cpp_continuation:cpp_continuation:cpp_continuation:cpp_continuation:cpp_continuation:cpp_continuation:cpp_continuation:cpp_continuation:cpp_continuation:cpp_continuation:cpp_continuation:cpp_continuation:cpp_continuation:cpp_continuation:cpp_continuation:cpp_continuation:cpp_continuation:cpp_continuation:cpp_continuation:cpp_continuation:cpp_continuation:cpp_continuation:cpp_continuation:cpp_continuation:cpp_continuation:cpp_continuation:cpp_continuation:cpp_continuation:cpp_continuation:cpp_continuation:cpp_continuation:cpp_continuation:cpp_continuation:cpp_continuation:cpp_continuation:cpp_continuation:cpp_continuation:cpp_continuation:cpp_continuation:cpp_continuation:cpp_continuation:cpp_continuation:cpp_continuation:cpp_continuation:cpp_continuation:cpp_continuation:cpp_continuation:cpp_continuation:cpp_continuation:cpp_continuation:cpp_continuation:cpp_continuation:cpp_continuation:cpp_continuation:cpp_continuation:cpp_continuation:cpp_continuation:cpp_continuation:cpp_continuation:cpp_continuation:cpp_continuation:cpp_continuation:cpp_continuation:cpp_continuation:cpp_continuation:cpp_continuation:cpp_continuation:cpp_continuation:cpp_continuation:cpp_continuation:cpp_continuation:cpp_continuation:cpp_continuation:cpp_continuation:cpp_continuation:cpp_continuation:cpp_continuation:cpp_continuation:cpp_continuation:cpp_continuation:cpp_continuation:cpp_continuation:cpp_continuation:cpp_continuation:cpp_continuation:cpp_continuation:cpp_continuation:cpp_continuation:cpp_continuation:cpp_continuation:cpp_continuation:r2r2r2r2r:slot=7:wrist_root=0,r2r2r2r2r:slot=4:wrist_root=1,True,True,False,SEARCH_BRANCH_CHANGE|BRANCH_ID_CHANGE,SEARCH_BRANCH_CHANGE
trial_0015,trial_0015_bite_017_transfer,trial_0015_bite_017,transfer,StrongLocal,121,122,18439,18440,2.27945985017277,2,-2.6701394248053725,-2.672069259561797,-0.001929834756424498,0.0018756206978869973,0.0032393172013008543,7,4,cpp_continuation:cpp_continuation:cpp_continuation:cpp_continuation:cpp_continuation:cpp_continuation:cpp_continuation:cpp_continuation:cpp_continuation:cpp_continuation:cpp_continuation:cpp_continuation:cpp_continuation:cpp_continuation:cpp_continuation:cpp_continuation:cpp_continuation:cpp_continuation:cpp_continuation:cpp_continuation:cpp_continuation:cpp_continuation:cpp_continuation:cpp_continuation:cpp_continuation:cpp_continuation:cpp_continuation:cpp_continuation:cpp_continuation:cpp_continuation:cpp_continuation:cpp_continuation:cpp_continuation:cpp_continuation:cpp_continuation:cpp_continuation:cpp_continuation:cpp_continuation:cpp_continuation:cpp_continuation:cpp_continuation:cpp_continuation:cpp_continuation:cpp_continuation:cpp_continuation:cpp_continuation:cpp_continuation:cpp_continuation:cpp_continuation:cpp_continuation:cpp_continuation:cpp_continuation:cpp_continuation:cpp_continuation:cpp_continuation:cpp_continuation:cpp_continuation:cpp_continuation:cpp_continuation:cpp_continuation:cpp_continuation:cpp_continuation:cpp_continuation:cpp_continuation:cpp_continuation:cpp_continuation:cpp_continuation:cpp_continuation:cpp_continuation:cpp_continuation:cpp_continuation:cpp_continuation:cpp_continuation:cpp_continuation:cpp_continuation:cpp_continuation:cpp_continuation:cpp_continuation:cpp_continuation:cpp_continuation:cpp_continuation:cpp_continuation:cpp_continuation:cpp_continuation:cpp_continuation:cpp_continuation:cpp_continuation:cpp_continuation:cpp_continuation:cpp_continuation:cpp_continuation:cpp_continuation:cpp_continuation:cpp_continuation:cpp_continuation:cpp_continuation:cpp_continuation:cpp_continuation:cpp_continuation:cpp_continuation:cpp_continuation:cpp_continuation:cpp_continuation:cpp_continuation:cpp_continuation:cpp_continuation:cpp_continuation:cpp_continuation:cpp_continuation:cpp_continuation:cpp_continuation:cpp_continuation:cpp_continuation:cpp_continuation:cpp_continuation:cpp_continuation:cpp_continuation:cpp_continuation:cpp_continuation:cpp_continuation:cpp_continuation:r2r2r2r2r:slot=7:wrist_root=0,r2r2r2r2r:slot=4:wrist_root=1,True,True,False,SEARCH_BRANCH_CHANGE|BRANCH_ID_CHANGE,SEARCH_BRANCH_CHANGE
trial_0015,trial_0015_bite_017_transfer,trial_0015_bite_017,transfer,H_star,121,122,18439,18440,2.2232581882550257,2,-2.6761807043696555,-2.678657479082139,-0.0024767747124836426,0.0018756206978869973,0.0032393172013008543,7,4,cpp_continuation:cpp_continuation:cpp_continuation:cpp_continuation:cpp_continuation:cpp_continuation:cpp_continuation:cpp_continuation:cpp_continuation:cpp_continuation:cpp_continuation:cpp_continuation:cpp_continuation:cpp_continuation:cpp_continuation:cpp_continuation:cpp_continuation:cpp_continuation:cpp_continuation:cpp_continuation:cpp_continuation:cpp_continuation:cpp_continuation:cpp_continuation:cpp_continuation:cpp_continuation:cpp_continuation:cpp_continuation:cpp_continuation:cpp_continuation:cpp_continuation:cpp_continuation:cpp_continuation:cpp_continuation:cpp_continuation:cpp_continuation:cpp_continuation:cpp_continuation:cpp_continuation:cpp_continuation:cpp_continuation:cpp_continuation:cpp_continuation:cpp_continuation:cpp_continuation:cpp_continuation:cpp_continuation:cpp_continuation:cpp_continuation:cpp_continuation:cpp_continuation:cpp_continuation:cpp_continuation:cpp_continuation:cpp_continuation:cpp_continuation:cpp_continuation:cpp_continuation:cpp_continuation:cpp_continuation:cpp_continuation:cpp_continuation:cpp_continuation:cpp_continuation:cpp_continuation:cpp_continuation:cpp_continuation:cpp_continuation:cpp_continuation:cpp_continuation:cpp_continuation:cpp_continuation:cpp_continuation:cpp_continuation:cpp_continuation:cpp_continuation:cpp_continuation:cpp_continuation:cpp_continuation:cpp_continuation:cpp_continuation:cpp_continuation:cpp_continuation:cpp_continuation:cpp_continuation:cpp_continuation:cpp_continuation:cpp_continuation:cpp_continuation:cpp_continuation:cpp_continuation:cpp_continuation:cpp_continuation:cpp_continuation:cpp_continuation:cpp_continuation:cpp_continuation:cpp_continuation:cpp_continuation:cpp_continuation:cpp_continuation:cpp_continuation:cpp_continuation:cpp_continuation:cpp_continuation:cpp_continuation:cpp_continuation:cpp_continuation:cpp_continuation:cpp_continuation:cpp_continuation:cpp_continuation:cpp_continuation:cpp_continuation:cpp_continuation:cpp_continuation:cpp_continuation:cpp_continuation:cpp_continuation:cpp_continuation:cpp_continuation:r2r2r2r2r:slot=7:wrist_root=0,r2r2r2r2r:slot=4:wrist_root=1,True,True,False,SEARCH_BRANCH_CHANGE|BRANCH_ID_CHANGE,SEARCH_BRANCH_CHANGE
trial_0015,trial_0015_bite_017_transfer,trial_0015_bite_017,transfer,HumanGT,121,122,18439,18440,1.9326494892774517,2,-2.7234149673054406,-2.724988652764125,-0.0015736854586845261,0.0018756206978869973,0.0032393172013008543,7,5,cpp_continuation:cpp_continuation:cpp_continuation:cpp_continuation:cpp_continuation:cpp_continuation:cpp_continuation:cpp_continuation:cpp_continuation:cpp_continuation:cpp_continuation:cpp_continuation:cpp_continuation:cpp_continuation:cpp_continuation:cpp_continuation:cpp_continuation:cpp_continuation:cpp_continuation:cpp_continuation:cpp_continuation:cpp_continuation:cpp_continuation:cpp_continuation:cpp_continuation:cpp_continuation:cpp_continuation:cpp_continuation:cpp_continuation:cpp_continuation:cpp_continuation:cpp_continuation:cpp_continuation:cpp_continuation:cpp_continuation:cpp_continuation:cpp_continuation:cpp_continuation:cpp_continuation:cpp_continuation:cpp_continuation:cpp_continuation:cpp_continuation:cpp_continuation:cpp_continuation:cpp_continuation:cpp_continuation:cpp_continuation:cpp_continuation:cpp_continuation:cpp_continuation:cpp_continuation:cpp_continuation:cpp_continuation:cpp_continuation:cpp_continuation:cpp_continuation:cpp_continuation:cpp_continuation:cpp_continuation:cpp_continuation:cpp_continuation:cpp_continuation:cpp_continuation:cpp_continuation:cpp_continuation:cpp_continuation:cpp_continuation:cpp_continuation:cpp_continuation:cpp_continuation:cpp_continuation:cpp_continuation:cpp_continuation:cpp_continuation:cpp_continuation:cpp_continuation:cpp_continuation:cpp_continuation:cpp_continuation:cpp_continuation:cpp_continuation:cpp_continuation:cpp_continuation:cpp_continuation:cpp_continuation:cpp_continuation:cpp_continuation:cpp_continuation:cpp_continuation:cpp_continuation:cpp_continuation:cpp_continuation:cpp_continuation:cpp_continuation:cpp_continuation:cpp_continuation:cpp_continuation:cpp_continuation:cpp_continuation:cpp_continuation:cpp_continuation:cpp_continuation:cpp_continuation:cpp_continuation:cpp_continuation:cpp_continuation:cpp_continuation:cpp_continuation:cpp_continuation:cpp_continuation:cpp_continuation:cpp_continuation:cpp_continuation:cpp_continuation:cpp_continuation:cpp_continuation:cpp_continuation:cpp_continuation:cpp_continuation:cpp_continuation:r2r2r2r2r:slot=7:wrist_root=0,r2r2r2r2r:slot=5:wrist_root=1,True,True,False,SEARCH_BRANCH_CHANGE|BRANCH_ID_CHANGE,SEARCH_BRANCH_CHANGE
trial_0015,trial_0015_bite_017_transfer,trial_0015_bite_017,transfer,RobotSmooth,124,125,18442,18443,0.6986935146682565,2,-3.0457257176693253,3.037459589510261,-0.19999999999999954,0.0018237056833088968,0.0021502452106502683,7,7,r2r2r2r2r:slot=7:wrist_root=0,r2r2r2r2r:slot=7:wrist_root=0,False,False,False,GLOBAL_RECOVERY_WITHOUT_RECORDED_BRANCH_CHANGE,GLOBAL_RECOVERY_WITHOUT_RECORDED_BRANCH_CHANGE
trial_0015,trial_0015_bite_018_transfer,trial_0015_bite_018,transfer,B1,72,73,19599,19600,1.8829166707866818,2,-2.9493678333104096,-2.9500653776514296,-0.0006975443410199845,0.003072103415680874,0.0032600145135587228,6,5,cpp_continuation:cpp_continuation:cpp_continuation:cpp_continuation:cpp_continuation:cpp_continuation:cpp_continuation:cpp_continuation:cpp_continuation:cpp_continuation:cpp_continuation:cpp_continuation:cpp_continuation:cpp_continuation:cpp_continuation:cpp_continuation:cpp_continuation:cpp_continuation:cpp_continuation:cpp_continuation:cpp_continuation:cpp_continuation:cpp_continuation:cpp_continuation:cpp_continuation:cpp_continuation:cpp_continuation:cpp_continuation:cpp_continuation:cpp_continuation:cpp_continuation:cpp_continuation:cpp_continuation:cpp_continuation:cpp_continuation:cpp_continuation:cpp_continuation:cpp_continuation:cpp_continuation:cpp_continuation:cpp_continuation:cpp_continuation:cpp_continuation:cpp_continuation:cpp_continuation:cpp_continuation:cpp_continuation:cpp_continuation:cpp_continuation:cpp_continuation:cpp_continuation:cpp_continuation:cpp_continuation:cpp_continuation:cpp_continuation:cpp_continuation:cpp_continuation:cpp_continuation:cpp_continuation:cpp_continuation:cpp_continuation:cpp_continuation:cpp_continuation:cpp_continuation:cpp_continuation:cpp_continuation:cpp_continuation:cpp_continuation:cpp_continuation:cpp_continuation:cpp_continuation:cpp_continuation:r2r2r2r2r:slot=6:wrist_root=0,r2r2r2r2r:slot=5:wrist_root=1,True,True,False,SEARCH_BRANCH_CHANGE|BRANCH_ID_CHANGE,SEARCH_BRANCH_CHANGE
trial_0015,trial_0015_bite_019_transfer,trial_0015_bite_019,transfer,B0,124,125,20747,20748,1.7826034925680994,4,-2.9323915220915553,-2.9323915220915553,0.0,0.0017142670679263872,0.001305894408648301,7,4,cpp_continuation:cpp_continuation:cpp_continuation:cpp_continuation:cpp_continuation:cpp_continuation:cpp_continuation:cpp_continuation:cpp_continuation:cpp_continuation:cpp_continuation:cpp_continuation:cpp_continuation:cpp_continuation:cpp_continuation:cpp_continuation:cpp_continuation:cpp_continuation:cpp_continuation:cpp_continuation:cpp_continuation:cpp_continuation:cpp_continuation:cpp_continuation:cpp_continuation:cpp_continuation:cpp_continuation:cpp_continuation:cpp_continuation:cpp_continuation:cpp_continuation:cpp_continuation:cpp_continuation:cpp_continuation:cpp_continuation:cpp_continuation:cpp_continuation:cpp_continuation:cpp_continuation:cpp_continuation:cpp_continuation:cpp_continuation:cpp_continuation:cpp_continuation:cpp_continuation:cpp_continuation:cpp_continuation:cpp_continuation:cpp_continuation:cpp_continuation:cpp_continuation:cpp_continuation:cpp_continuation:cpp_continuation:cpp_continuation:cpp_continuation:cpp_continuation:cpp_continuation:cpp_continuation:cpp_continuation:cpp_continuation:cpp_continuation:cpp_continuation:cpp_continuation:cpp_continuation:cpp_continuation:cpp_continuation:cpp_continuation:cpp_continuation:cpp_continuation:cpp_continuation:cpp_continuation:cpp_continuation:cpp_continuation:cpp_continuation:cpp_continuation:cpp_continuation:cpp_continuation:cpp_continuation:cpp_continuation:cpp_continuation:cpp_continuation:cpp_continuation:cpp_continuation:cpp_continuation:cpp_continuation:cpp_continuation:cpp_continuation:cpp_continuation:cpp_continuation:cpp_continuation:cpp_continuation:cpp_continuation:cpp_continuation:cpp_continuation:cpp_continuation:cpp_continuation:cpp_continuation:cpp_continuation:cpp_continuation:cpp_continuation:cpp_continuation:cpp_continuation:cpp_continuation:cpp_continuation:cpp_continuation:cpp_continuation:cpp_continuation:cpp_continuation:cpp_continuation:cpp_continuation:cpp_continuation:cpp_continuation:cpp_continuation:cpp_continuation:cpp_continuation:cpp_continuation:cpp_continuation:cpp_continuation:cpp_continuation:cpp_continuation:cpp_continuation:cpp_continuation:cpp_continuation:r2r2r2r2r:slot=7:wrist_root=0,r2r2r2r2r:slot=4:wrist_root=1,True,True,False,SEARCH_BRANCH_CHANGE|BRANCH_ID_CHANGE,SEARCH_BRANCH_CHANGE
trial_0015,trial_0015_bite_019_transfer,trial_0015_bite_019,transfer,B0,179,180,20802,20803,0.8660269483077108,4,-2.9323915220915553,-2.9323915220915553,0.0,0.0009946670786162883,0.007850637584122907,7,7,cpp_continuation:r2r2r2r2r:slot=7:wrist_root=2,r2r2r2r2r:slot=7:wrist_root=0,False,True,False,BRANCH_ID_CHANGE,BRANCH_ID_CHANGE
trial_0015,trial_0015_bite_019_transfer,trial_0015_bite_019,transfer,B1,125,126,20748,20749,1.798598184548377,4,-3.0034728068422254,-3.004041457120231,-0.0005686502780055669,0.0016254684302775858,0.0014795714131365949,7,4,cpp_continuation:cpp_continuation:cpp_continuation:cpp_continuation:cpp_continuation:cpp_continuation:cpp_continuation:cpp_continuation:cpp_continuation:cpp_continuation:cpp_continuation:cpp_continuation:cpp_continuation:cpp_continuation:cpp_continuation:cpp_continuation:cpp_continuation:cpp_continuation:cpp_continuation:cpp_continuation:cpp_continuation:cpp_continuation:cpp_continuation:cpp_continuation:cpp_continuation:cpp_continuation:cpp_continuation:cpp_continuation:cpp_continuation:cpp_continuation:cpp_continuation:cpp_continuation:cpp_continuation:cpp_continuation:cpp_continuation:cpp_continuation:cpp_continuation:cpp_continuation:cpp_continuation:cpp_continuation:cpp_continuation:cpp_continuation:cpp_continuation:cpp_continuation:cpp_continuation:cpp_continuation:cpp_continuation:cpp_continuation:cpp_continuation:cpp_continuation:cpp_continuation:cpp_continuation:cpp_continuation:cpp_continuation:cpp_continuation:cpp_continuation:cpp_continuation:cpp_continuation:cpp_continuation:cpp_continuation:cpp_continuation:cpp_continuation:cpp_continuation:cpp_continuation:cpp_continuation:cpp_continuation:cpp_continuation:cpp_continuation:cpp_continuation:cpp_continuation:cpp_continuation:cpp_continuation:cpp_continuation:cpp_continuation:cpp_continuation:cpp_continuation:cpp_continuation:cpp_continuation:cpp_continuation:cpp_continuation:cpp_continuation:cpp_continuation:cpp_continuation:cpp_continuation:cpp_continuation:cpp_continuation:cpp_continuation:cpp_continuation:cpp_continuation:cpp_continuation:cpp_continuation:cpp_continuation:cpp_continuation:cpp_continuation:cpp_continuation:cpp_continuation:cpp_continuation:cpp_continuation:cpp_continuation:cpp_continuation:cpp_continuation:cpp_continuation:cpp_continuation:cpp_continuation:cpp_continuation:cpp_continuation:cpp_continuation:cpp_continuation:cpp_continuation:cpp_continuation:cpp_continuation:cpp_continuation:cpp_continuation:cpp_continuation:cpp_continuation:cpp_continuation:cpp_continuation:cpp_continuation:cpp_continuation:cpp_continuation:cpp_continuation:cpp_continuation:cpp_continuation:cpp_continuation:cpp_continuation:r2r2r2r2r:slot=7:wrist_root=0,r2r2r2r2r:slot=4:wrist_root=1,True,True,False,SEARCH_BRANCH_CHANGE|BRANCH_ID_CHANGE,SEARCH_BRANCH_CHANGE
trial_0015,trial_0015_bite_019_transfer,trial_0015_bite_019,transfer,B1,179,180,20802,20803,0.6537048371938519,4,-3.0341799218545153,-3.0347485721325205,-0.0005686502780051228,0.0009946670786162883,0.007850637584122907,7,7,cpp_continuation:r2r2r2r2r:slot=7:wrist_root=2,r2r2r2r2r:slot=7:wrist_root=0,False,True,False,BRANCH_ID_CHANGE,BRANCH_ID_CHANGE
trial_0015,trial_0015_bite_019_transfer,trial_0015_bite_019,transfer,B2,123,124,20746,20747,2.2070166553276294,4,-2.80741617616802,-2.8078991309977774,-0.0004829548297573538,0.001646985431637742,0.0012000333663080784,7,4,cpp_continuation:cpp_continuation:cpp_continuation:cpp_continuation:cpp_continuation:cpp_continuation:cpp_continuation:cpp_continuation:cpp_continuation:cpp_continuation:cpp_continuation:cpp_continuation:cpp_continuation:cpp_continuation:cpp_continuation:cpp_continuation:cpp_continuation:cpp_continuation:cpp_continuation:cpp_continuation:cpp_continuation:cpp_continuation:cpp_continuation:cpp_continuation:cpp_continuation:cpp_continuation:cpp_continuation:cpp_continuation:cpp_continuation:cpp_continuation:cpp_continuation:cpp_continuation:cpp_continuation:cpp_continuation:cpp_continuation:cpp_continuation:cpp_continuation:cpp_continuation:cpp_continuation:cpp_continuation:cpp_continuation:cpp_continuation:cpp_continuation:cpp_continuation:cpp_continuation:cpp_continuation:cpp_continuation:cpp_continuation:cpp_continuation:cpp_continuation:cpp_continuation:cpp_continuation:cpp_continuation:cpp_continuation:cpp_continuation:cpp_continuation:cpp_continuation:cpp_continuation:cpp_continuation:cpp_continuation:cpp_continuation:cpp_continuation:cpp_continuation:cpp_continuation:cpp_continuation:cpp_continuation:cpp_continuation:cpp_continuation:cpp_continuation:cpp_continuation:cpp_continuation:cpp_continuation:cpp_continuation:cpp_continuation:cpp_continuation:cpp_continuation:cpp_continuation:cpp_continuation:cpp_continuation:cpp_continuation:cpp_continuation:cpp_continuation:cpp_continuation:cpp_continuation:cpp_continuation:cpp_continuation:cpp_continuation:cpp_continuation:cpp_continuation:cpp_continuation:cpp_continuation:cpp_continuation:cpp_continuation:cpp_continuation:cpp_continuation:cpp_continuation:cpp_continuation:cpp_continuation:cpp_continuation:cpp_continuation:cpp_continuation:cpp_continuation:cpp_continuation:cpp_continuation:cpp_continuation:cpp_continuation:cpp_continuation:cpp_continuation:cpp_continuation:cpp_continuation:cpp_continuation:cpp_continuation:cpp_continuation:cpp_continuation:cpp_continuation:cpp_continuation:cpp_continuation:cpp_continuation:cpp_continuation:cpp_continuation:cpp_continuation:cpp_continuation:cpp_continuation:r2r2r2r2r:slot=7:wrist_root=0,r2r2r2r2r:slot=4:wrist_root=1,True,True,False,SEARCH_BRANCH_CHANGE|BRANCH_ID_CHANGE,SEARCH_BRANCH_CHANGE
trial_0015,trial_0015_bite_019_transfer,trial_0015_bite_019,transfer,B2,179,180,20802,20803,1.1339372030087644,4,-2.8058622557640556,-2.8045800979744286,0.0012821577896269254,0.0009946670786162883,0.007850637584122907,7,7,r2r2r2r2r:slot=7:wrist_root=2,r2r2r2r2r:slot=7:wrist_root=0,False,True,False,BRANCH_ID_CHANGE,BRANCH_ID_CHANGE
trial_0015,trial_0015_bite_019_transfer,trial_0015_bite_019,transfer,B3,123,124,20746,20747,2.182647807584382,4,-2.809163915940411,-2.8102587639661336,-0.0010948480257226834,0.001646985431637742,0.0012000333663080784,7,4,cpp_continuation:cpp_continuation:cpp_continuation:cpp_continuation:cpp_continuation:cpp_continuation:cpp_continuation:cpp_continuation:cpp_continuation:cpp_continuation:cpp_continuation:cpp_continuation:cpp_continuation:cpp_continuation:cpp_continuation:cpp_continuation:cpp_continuation:cpp_continuation:cpp_continuation:cpp_continuation:cpp_continuation:cpp_continuation:cpp_continuation:cpp_continuation:cpp_continuation:cpp_continuation:cpp_continuation:cpp_continuation:cpp_continuation:cpp_continuation:cpp_continuation:cpp_continuation:cpp_continuation:cpp_continuation:cpp_continuation:cpp_continuation:cpp_continuation:cpp_continuation:cpp_continuation:cpp_continuation:cpp_continuation:cpp_continuation:cpp_continuation:cpp_continuation:cpp_continuation:cpp_continuation:cpp_continuation:cpp_continuation:cpp_continuation:cpp_continuation:cpp_continuation:cpp_continuation:cpp_continuation:cpp_continuation:cpp_continuation:cpp_continuation:cpp_continuation:cpp_continuation:cpp_continuation:cpp_continuation:cpp_continuation:cpp_continuation:cpp_continuation:cpp_continuation:cpp_continuation:cpp_continuation:cpp_continuation:cpp_continuation:cpp_continuation:cpp_continuation:cpp_continuation:cpp_continuation:cpp_continuation:cpp_continuation:cpp_continuation:cpp_continuation:cpp_continuation:cpp_continuation:cpp_continuation:cpp_continuation:cpp_continuation:cpp_continuation:cpp_continuation:cpp_continuation:cpp_continuation:cpp_continuation:cpp_continuation:cpp_continuation:cpp_continuation:cpp_continuation:cpp_continuation:cpp_continuation:cpp_continuation:cpp_continuation:cpp_continuation:cpp_continuation:cpp_continuation:cpp_continuation:cpp_continuation:cpp_continuation:cpp_continuation:cpp_continuation:cpp_continuation:cpp_continuation:cpp_continuation:cpp_continuation:cpp_continuation:cpp_continuation:cpp_continuation:cpp_continuation:cpp_continuation:cpp_continuation:cpp_continuation:cpp_continuation:cpp_continuation:cpp_continuation:cpp_continuation:cpp_continuation:cpp_continuation:cpp_continuation:cpp_continuation:cpp_continuation:cpp_continuation:r2r2r2r2r:slot=7:wrist_root=0,r2r2r2r2r:slot=4:wrist_root=1,True,True,False,SEARCH_BRANCH_CHANGE|BRANCH_ID_CHANGE,SEARCH_BRANCH_CHANGE
trial_0015,trial_0015_bite_019_transfer,trial_0015_bite_019,transfer,B3,178,179,20801,20802,1.3280352904845605,4,-2.80078034691934,-2.79824157509811,0.002538771821229968,0.0010461971524631268,0.009030687151080814,7,7,r2r2r2r2r:slot=7:wrist_root=2,r2r2r2r2r:slot=7:wrist_root=0,False,True,False,BRANCH_ID_CHANGE,BRANCH_ID_CHANGE
trial_0015,trial_0015_bite_019_transfer,trial_0015_bite_019,transfer,StrongLocal,123,124,20746,20747,2.1811397075106957,4,-2.809418482659442,-2.8102928388630772,-0.0008743562036350738,0.001646985431637742,0.0012000333663080784,7,4,cpp_continuation:cpp_continuation:cpp_continuation:cpp_continuation:cpp_continuation:cpp_continuation:cpp_continuation:cpp_continuation:cpp_continuation:cpp_continuation:cpp_continuation:cpp_continuation:cpp_continuation:cpp_continuation:cpp_continuation:cpp_continuation:cpp_continuation:cpp_continuation:cpp_continuation:cpp_continuation:cpp_continuation:cpp_continuation:cpp_continuation:cpp_continuation:cpp_continuation:cpp_continuation:cpp_continuation:cpp_continuation:cpp_continuation:cpp_continuation:cpp_continuation:cpp_continuation:cpp_continuation:cpp_continuation:cpp_continuation:cpp_continuation:cpp_continuation:cpp_continuation:cpp_continuation:cpp_continuation:cpp_continuation:cpp_continuation:cpp_continuation:cpp_continuation:cpp_continuation:cpp_continuation:cpp_continuation:cpp_continuation:cpp_continuation:cpp_continuation:cpp_continuation:cpp_continuation:cpp_continuation:cpp_continuation:cpp_continuation:cpp_continuation:cpp_continuation:cpp_continuation:cpp_continuation:cpp_continuation:cpp_continuation:cpp_continuation:cpp_continuation:cpp_continuation:cpp_continuation:cpp_continuation:cpp_continuation:cpp_continuation:cpp_continuation:cpp_continuation:cpp_continuation:cpp_continuation:cpp_continuation:cpp_continuation:cpp_continuation:cpp_continuation:cpp_continuation:cpp_continuation:cpp_continuation:cpp_continuation:cpp_continuation:cpp_continuation:cpp_continuation:cpp_continuation:cpp_continuation:cpp_continuation:cpp_continuation:cpp_continuation:cpp_continuation:cpp_continuation:cpp_continuation:cpp_continuation:cpp_continuation:cpp_continuation:cpp_continuation:cpp_continuation:cpp_continuation:cpp_continuation:cpp_continuation:cpp_continuation:cpp_continuation:cpp_continuation:cpp_continuation:cpp_continuation:cpp_continuation:cpp_continuation:cpp_continuation:cpp_continuation:cpp_continuation:cpp_continuation:cpp_continuation:cpp_continuation:cpp_continuation:cpp_continuation:cpp_continuation:cpp_continuation:cpp_continuation:cpp_continuation:cpp_continuation:cpp_continuation:cpp_continuation:cpp_continuation:cpp_continuation:r2r2r2r2r:slot=7:wrist_root=0,r2r2r2r2r:slot=4:wrist_root=1,True,True,False,SEARCH_BRANCH_CHANGE|BRANCH_ID_CHANGE,SEARCH_BRANCH_CHANGE
trial_0015,trial_0015_bite_019_transfer,trial_0015_bite_019,transfer,StrongLocal,179,180,20802,20803,1.1437918345768974,4,-2.8017829676874078,-2.799896705511684,0.0018862621757236298,0.0009946670786162883,0.007850637584122907,7,7,r2r2r2r2r:slot=7:wrist_root=2,r2r2r2r2r:slot=7:wrist_root=0,False,True,False,BRANCH_ID_CHANGE,BRANCH_ID_CHANGE
trial_0015,trial_0015_bite_019_transfer,trial_0015_bite_019,transfer,H_star,123,124,20746,20747,2.2979296211759284,4,-2.8025878714725443,-2.801022250220482,0.001565621252062499,0.001646985431637742,0.0012000333663080784,7,4,cpp_continuation:cpp_continuation:cpp_continuation:cpp_continuation:cpp_continuation:cpp_continuation:cpp_continuation:cpp_continuation:cpp_continuation:cpp_continuation:cpp_continuation:cpp_continuation:cpp_continuation:cpp_continuation:cpp_continuation:cpp_continuation:cpp_continuation:cpp_continuation:cpp_continuation:cpp_continuation:cpp_continuation:cpp_continuation:cpp_continuation:cpp_continuation:cpp_continuation:cpp_continuation:cpp_continuation:cpp_continuation:cpp_continuation:cpp_continuation:cpp_continuation:cpp_continuation:cpp_continuation:cpp_continuation:cpp_continuation:cpp_continuation:cpp_continuation:cpp_continuation:cpp_continuation:cpp_continuation:cpp_continuation:cpp_continuation:cpp_continuation:cpp_continuation:cpp_continuation:cpp_continuation:cpp_continuation:cpp_continuation:cpp_continuation:cpp_continuation:cpp_continuation:cpp_continuation:cpp_continuation:cpp_continuation:cpp_continuation:cpp_continuation:cpp_continuation:cpp_continuation:cpp_continuation:cpp_continuation:cpp_continuation:cpp_continuation:cpp_continuation:cpp_continuation:cpp_continuation:cpp_continuation:cpp_continuation:cpp_continuation:cpp_continuation:cpp_continuation:cpp_continuation:cpp_continuation:cpp_continuation:cpp_continuation:cpp_continuation:cpp_continuation:cpp_continuation:cpp_continuation:cpp_continuation:cpp_continuation:cpp_continuation:cpp_continuation:cpp_continuation:cpp_continuation:cpp_continuation:cpp_continuation:cpp_continuation:cpp_continuation:cpp_continuation:cpp_continuation:cpp_continuation:cpp_continuation:cpp_continuation:cpp_continuation:cpp_continuation:cpp_continuation:cpp_continuation:cpp_continuation:cpp_continuation:cpp_continuation:cpp_continuation:cpp_continuation:cpp_continuation:cpp_continuation:cpp_continuation:cpp_continuation:cpp_continuation:cpp_continuation:cpp_continuation:cpp_continuation:cpp_continuation:cpp_continuation:cpp_continuation:cpp_continuation:cpp_continuation:cpp_continuation:cpp_continuation:cpp_continuation:cpp_continuation:cpp_continuation:cpp_continuation:cpp_continuation:cpp_continuation:r2r2r2r2r:slot=7:wrist_root=0,r2r2r2r2r:slot=4:wrist_root=1,True,True,False,SEARCH_BRANCH_CHANGE|BRANCH_ID_CHANGE,SEARCH_BRANCH_CHANGE
trial_0015,trial_0015_bite_019_transfer,trial_0015_bite_019,transfer,H_star,179,180,20802,20803,1.2084543252190607,4,-2.770630581861468,-2.769280907638244,0.0013496742232241843,0.0009946670786162883,0.007850637584122907,7,7,r2r2r2r2r:slot=7:wrist_root=2,r2r2r2r2r:slot=7:wrist_root=0,False,True,False,BRANCH_ID_CHANGE,BRANCH_ID_CHANGE
trial_0015,trial_0015_bite_019_transfer,trial_0015_bite_019,transfer,HumanGT,122,123,20745,20746,2.0555318269331835,4,-2.7291741279784123,-2.7301385727744147,-0.0009644447960024394,0.0018665256576114798,0.0019908029229105634,7,4,cpp_continuation:cpp_continuation:cpp_continuation:cpp_continuation:cpp_continuation:cpp_continuation:cpp_continuation:cpp_continuation:cpp_continuation:cpp_continuation:cpp_continuation:cpp_continuation:cpp_continuation:cpp_continuation:cpp_continuation:cpp_continuation:cpp_continuation:cpp_continuation:cpp_continuation:cpp_continuation:cpp_continuation:cpp_continuation:cpp_continuation:cpp_continuation:cpp_continuation:cpp_continuation:cpp_continuation:cpp_continuation:cpp_continuation:cpp_continuation:cpp_continuation:cpp_continuation:cpp_continuation:cpp_continuation:cpp_continuation:cpp_continuation:cpp_continuation:cpp_continuation:cpp_continuation:cpp_continuation:cpp_continuation:cpp_continuation:cpp_continuation:cpp_continuation:cpp_continuation:cpp_continuation:cpp_continuation:cpp_continuation:cpp_continuation:cpp_continuation:cpp_continuation:cpp_continuation:cpp_continuation:cpp_continuation:cpp_continuation:cpp_continuation:cpp_continuation:cpp_continuation:cpp_continuation:cpp_continuation:cpp_continuation:cpp_continuation:cpp_continuation:cpp_continuation:cpp_continuation:cpp_continuation:cpp_continuation:cpp_continuation:cpp_continuation:cpp_continuation:cpp_continuation:cpp_continuation:cpp_continuation:cpp_continuation:cpp_continuation:cpp_continuation:cpp_continuation:cpp_continuation:cpp_continuation:cpp_continuation:cpp_continuation:cpp_continuation:cpp_continuation:cpp_continuation:cpp_continuation:cpp_continuation:cpp_continuation:cpp_continuation:cpp_continuation:cpp_continuation:cpp_continuation:cpp_continuation:cpp_continuation:cpp_continuation:cpp_continuation:cpp_continuation:cpp_continuation:cpp_continuation:cpp_continuation:cpp_continuation:cpp_continuation:cpp_continuation:cpp_continuation:cpp_continuation:cpp_continuation:cpp_continuation:cpp_continuation:cpp_continuation:cpp_continuation:cpp_continuation:cpp_continuation:cpp_continuation:cpp_continuation:cpp_continuation:cpp_continuation:cpp_continuation:cpp_continuation:cpp_continuation:cpp_continuation:cpp_continuation:cpp_continuation:cpp_continuation:r2r2r2r2r:slot=7:wrist_root=0,r2r2r2r2r:slot=4:wrist_root=1,True,True,False,SEARCH_BRANCH_CHANGE|BRANCH_ID_CHANGE,SEARCH_BRANCH_CHANGE
trial_0015,trial_0015_bite_019_transfer,trial_0015_bite_019,transfer,HumanGT,179,180,20802,20803,1.2661833773796571,4,-2.743203564807687,-2.7420039930293285,0.0011995717783586102,0.0009946670786162883,0.007850637584122907,7,7,r2r2r2r2r:slot=7:wrist_root=2,r2r2r2r2r:slot=7:wrist_root=0,False,True,False,BRANCH_ID_CHANGE,BRANCH_ID_CHANGE
trial_0017,trial_0017_bite_001_transfer,trial_0017_bite_001,transfer,B1,173,174,1025,1026,0.5548395195673057,2,-2.9346363002059817,-2.935141430730748,-0.0005051305247665283,0.002126165716572694,0.002723457958111298,7,7,cpp_continuation:cpp_continuation:cpp_continuation:cpp_continuation:cpp_continuation:cpp_continuation:cpp_continuation:cpp_continuation:cpp_continuation:cpp_continuation:cpp_continuation:cpp_continuation:cpp_continuation:cpp_continuation:cpp_continuation:cpp_continuation:cpp_continuation:cpp_continuation:cpp_continuation:cpp_continuation:cpp_continuation:cpp_continuation:cpp_continuation:cpp_continuation:cpp_continuation:cpp_continuation:cpp_continuation:cpp_continuation:cpp_continuation:cpp_continuation:cpp_continuation:cpp_continuation:cpp_continuation:cpp_continuation:cpp_continuation:cpp_continuation:cpp_continuation:cpp_continuation:cpp_continuation:cpp_continuation:cpp_continuation:cpp_continuation:cpp_continuation:cpp_continuation:cpp_continuation:cpp_continuation:cpp_continuation:cpp_continuation:cpp_continuation:cpp_continuation:cpp_continuation:cpp_continuation:cpp_continuation:cpp_continuation:cpp_continuation:cpp_continuation:cpp_continuation:cpp_continuation:cpp_continuation:cpp_continuation:cpp_continuation:cpp_continuation:cpp_continuation:cpp_continuation:cpp_continuation:cpp_continuation:cpp_continuation:cpp_continuation:cpp_continuation:cpp_continuation:cpp_continuation:cpp_continuation:cpp_continuation:cpp_continuation:cpp_continuation:cpp_continuation:cpp_continuation:cpp_continuation:cpp_continuation:cpp_continuation:cpp_continuation:cpp_continuation:cpp_continuation:cpp_continuation:cpp_continuation:cpp_continuation:cpp_continuation:cpp_continuation:cpp_continuation:cpp_continuation:cpp_continuation:cpp_continuation:cpp_continuation:cpp_continuation:cpp_continuation:cpp_continuation:cpp_continuation:cpp_continuation:cpp_continuation:cpp_continuation:cpp_continuation:cpp_continuation:cpp_continuation:cpp_continuation:cpp_continuation:cpp_continuation:cpp_continuation:cpp_continuation:cpp_continuation:cpp_continuation:cpp_continuation:cpp_continuation:cpp_continuation:cpp_continuation:cpp_continuation:cpp_continuation:cpp_continuation:cpp_continuation:cpp_continuation:cpp_continuation:cpp_continuation:cpp_continuation:cpp_continuation:cpp_continuation:cpp_continuation:cpp_continuation:cpp_continuation:cpp_continuation:cpp_continuation:cpp_continuation:cpp_continuation:cpp_continuation:cpp_continuation:cpp_continuation:cpp_continuation:cpp_continuation:cpp_continuation:cpp_continuation:cpp_continuation:cpp_continuation:cpp_continuation:cpp_continuation:cpp_continuation:cpp_continuation:cpp_continuation:cpp_continuation:cpp_continuation:cpp_continuation:cpp_continuation:cpp_continuation:cpp_continuation:cpp_continuation:cpp_continuation:cpp_continuation:cpp_continuation:cpp_continuation:cpp_continuation:cpp_continuation:cpp_continuation:cpp_continuation:cpp_continuation:cpp_continuation:cpp_continuation:cpp_continuation:cpp_continuation:cpp_continuation:cpp_continuation:cpp_continuation:cpp_continuation:cpp_continuation:cpp_continuation:cpp_continuation:cpp_continuation:r2r2r2r2r:slot=7:wrist_root=0,r2r2r2r2r:slot=7:wrist_root=0,False,True,False,BRANCH_ID_CHANGE,BRANCH_ID_CHANGE
trial_0017,trial_0017_bite_001_transfer,trial_0017_bite_001,transfer,B2,172,173,1024,1025,1.7931059424288407,4,-2.6974688885461275,-2.6973643643591254,0.00010452418700213074,0.002286358113327633,0.0018505141995366174,7,4,cpp_continuation:cpp_continuation:cpp_continuation:cpp_continuation:cpp_continuation:cpp_continuation:cpp_continuation:cpp_continuation:cpp_continuation:cpp_continuation:cpp_continuation:cpp_continuation:cpp_continuation:cpp_continuation:cpp_continuation:cpp_continuation:cpp_continuation:cpp_continuation:cpp_continuation:cpp_continuation:cpp_continuation:cpp_continuation:cpp_continuation:cpp_continuation:cpp_continuation:cpp_continuation:cpp_continuation:cpp_continuation:cpp_continuation:cpp_continuation:cpp_continuation:cpp_continuation:cpp_continuation:cpp_continuation:cpp_continuation:cpp_continuation:cpp_continuation:cpp_continuation:cpp_continuation:cpp_continuation:cpp_continuation:cpp_continuation:cpp_continuation:cpp_continuation:cpp_continuation:cpp_continuation:cpp_continuation:cpp_continuation:cpp_continuation:cpp_continuation:cpp_continuation:cpp_continuation:cpp_continuation:cpp_continuation:cpp_continuation:cpp_continuation:cpp_continuation:cpp_continuation:cpp_continuation:cpp_continuation:cpp_continuation:cpp_continuation:cpp_continuation:cpp_continuation:cpp_continuation:cpp_continuation:cpp_continuation:cpp_continuation:cpp_continuation:cpp_continuation:cpp_continuation:cpp_continuation:cpp_continuation:cpp_continuation:cpp_continuation:cpp_continuation:cpp_continuation:cpp_continuation:cpp_continuation:cpp_continuation:cpp_continuation:cpp_continuation:cpp_continuation:cpp_continuation:cpp_continuation:cpp_continuation:cpp_continuation:cpp_continuation:cpp_continuation:cpp_continuation:cpp_continuation:cpp_continuation:cpp_continuation:cpp_continuation:cpp_continuation:cpp_continuation:cpp_continuation:cpp_continuation:cpp_continuation:cpp_continuation:cpp_continuation:cpp_continuation:cpp_continuation:cpp_continuation:cpp_continuation:cpp_continuation:cpp_continuation:cpp_continuation:cpp_continuation:cpp_continuation:cpp_continuation:cpp_continuation:cpp_continuation:cpp_continuation:cpp_continuation:cpp_continuation:cpp_continuation:cpp_continuation:cpp_continuation:cpp_continuation:cpp_continuation:cpp_continuation:cpp_continuation:cpp_continuation:cpp_continuation:cpp_continuation:cpp_continuation:cpp_continuation:cpp_continuation:cpp_continuation:cpp_continuation:cpp_continuation:cpp_continuation:cpp_continuation:cpp_continuation:cpp_continuation:cpp_continuation:cpp_continuation:cpp_continuation:cpp_continuation:cpp_continuation:cpp_continuation:cpp_continuation:cpp_continuation:cpp_continuation:cpp_continuation:cpp_continuation:cpp_continuation:cpp_continuation:cpp_continuation:cpp_continuation:cpp_continuation:cpp_continuation:cpp_continuation:cpp_continuation:cpp_continuation:cpp_continuation:cpp_continuation:cpp_continuation:cpp_continuation:cpp_continuation:cpp_continuation:cpp_continuation:cpp_continuation:cpp_continuation:cpp_continuation:cpp_continuation:cpp_continuation:cpp_continuation:cpp_continuation:cpp_continuation:cpp_continuation:r2r2r2r2r:slot=7:wrist_root=0,r2r2r2r2r:slot=4:wrist_root=1,True,True,False,SEARCH_BRANCH_CHANGE|BRANCH_ID_CHANGE,SEARCH_BRANCH_CHANGE
trial_0017,trial_0017_bite_001_transfer,trial_0017_bite_001,transfer,B3,172,173,1024,1025,1.7626398066645195,4,-2.7039737977075693,-2.703154916570587,0.0008188811369822523,0.002286358113327633,0.0018505141995366174,7,4,cpp_continuation:cpp_continuation:cpp_continuation:cpp_continuation:cpp_continuation:cpp_continuation:cpp_continuation:cpp_continuation:cpp_continuation:cpp_continuation:cpp_continuation:cpp_continuation:cpp_continuation:cpp_continuation:cpp_continuation:cpp_continuation:cpp_continuation:cpp_continuation:cpp_continuation:cpp_continuation:cpp_continuation:cpp_continuation:cpp_continuation:cpp_continuation:cpp_continuation:cpp_continuation:cpp_continuation:cpp_continuation:cpp_continuation:cpp_continuation:cpp_continuation:cpp_continuation:cpp_continuation:cpp_continuation:cpp_continuation:cpp_continuation:cpp_continuation:cpp_continuation:cpp_continuation:cpp_continuation:cpp_continuation:cpp_continuation:cpp_continuation:cpp_continuation:cpp_continuation:cpp_continuation:cpp_continuation:cpp_continuation:cpp_continuation:cpp_continuation:cpp_continuation:cpp_continuation:cpp_continuation:cpp_continuation:cpp_continuation:cpp_continuation:cpp_continuation:cpp_continuation:cpp_continuation:cpp_continuation:cpp_continuation:cpp_continuation:cpp_continuation:cpp_continuation:cpp_continuation:cpp_continuation:cpp_continuation:cpp_continuation:cpp_continuation:cpp_continuation:cpp_continuation:cpp_continuation:cpp_continuation:cpp_continuation:cpp_continuation:cpp_continuation:cpp_continuation:cpp_continuation:cpp_continuation:cpp_continuation:cpp_continuation:cpp_continuation:cpp_continuation:cpp_continuation:cpp_continuation:cpp_continuation:cpp_continuation:cpp_continuation:cpp_continuation:cpp_continuation:cpp_continuation:cpp_continuation:cpp_continuation:cpp_continuation:cpp_continuation:cpp_continuation:cpp_continuation:cpp_continuation:cpp_continuation:cpp_continuation:cpp_continuation:cpp_continuation:cpp_continuation:cpp_continuation:cpp_continuation:cpp_continuation:cpp_continuation:cpp_continuation:cpp_continuation:cpp_continuation:cpp_continuation:cpp_continuation:cpp_continuation:cpp_continuation:cpp_continuation:cpp_continuation:cpp_continuation:cpp_continuation:cpp_continuation:cpp_continuation:cpp_continuation:cpp_continuation:cpp_continuation:cpp_continuation:cpp_continuation:cpp_continuation:cpp_continuation:cpp_continuation:cpp_continuation:cpp_continuation:cpp_continuation:cpp_continuation:cpp_continuation:cpp_continuation:cpp_continuation:cpp_continuation:cpp_continuation:cpp_continuation:cpp_continuation:cpp_continuation:cpp_continuation:cpp_continuation:cpp_continuation:cpp_continuation:cpp_continuation:cpp_continuation:cpp_continuation:cpp_continuation:cpp_continuation:cpp_continuation:cpp_continuation:cpp_continuation:cpp_continuation:cpp_continuation:cpp_continuation:cpp_continuation:cpp_continuation:cpp_continuation:cpp_continuation:cpp_continuation:cpp_continuation:cpp_continuation:cpp_continuation:cpp_continuation:cpp_continuation:cpp_continuation:cpp_continuation:cpp_continuation:cpp_continuation:cpp_continuation:cpp_continuation:cpp_continuation:r2r2r2r2r:slot=7:wrist_root=0,r2r2r2r2r:slot=4:wrist_root=1,True,True,False,SEARCH_BRANCH_CHANGE|BRANCH_ID_CHANGE,SEARCH_BRANCH_CHANGE
trial_0017,trial_0017_bite_001_transfer,trial_0017_bite_001,transfer,H_star,172,173,1024,1025,1.8052858395467626,4,-2.69475029753547,-2.6953329843643496,-0.0005826868288796305,0.002286358113327633,0.0018505141995366174,7,4,cpp_continuation:cpp_continuation:cpp_continuation:cpp_continuation:cpp_continuation:cpp_continuation:cpp_continuation:cpp_continuation:cpp_continuation:cpp_continuation:cpp_continuation:cpp_continuation:cpp_continuation:cpp_continuation:cpp_continuation:cpp_continuation:cpp_continuation:cpp_continuation:cpp_continuation:cpp_continuation:cpp_continuation:cpp_continuation:cpp_continuation:cpp_continuation:cpp_continuation:cpp_continuation:cpp_continuation:cpp_continuation:cpp_continuation:cpp_continuation:cpp_continuation:cpp_continuation:cpp_continuation:cpp_continuation:cpp_continuation:cpp_continuation:cpp_continuation:cpp_continuation:cpp_continuation:cpp_continuation:cpp_continuation:cpp_continuation:cpp_continuation:cpp_continuation:cpp_continuation:cpp_continuation:cpp_continuation:cpp_continuation:cpp_continuation:cpp_continuation:cpp_continuation:cpp_continuation:cpp_continuation:cpp_continuation:cpp_continuation:cpp_continuation:cpp_continuation:cpp_continuation:cpp_continuation:cpp_continuation:cpp_continuation:cpp_continuation:cpp_continuation:cpp_continuation:cpp_continuation:cpp_continuation:cpp_continuation:cpp_continuation:cpp_continuation:cpp_continuation:cpp_continuation:cpp_continuation:cpp_continuation:cpp_continuation:cpp_continuation:cpp_continuation:cpp_continuation:cpp_continuation:cpp_continuation:cpp_continuation:cpp_continuation:cpp_continuation:cpp_continuation:cpp_continuation:cpp_continuation:cpp_continuation:cpp_continuation:cpp_continuation:cpp_continuation:cpp_continuation:cpp_continuation:cpp_continuation:cpp_continuation:cpp_continuation:cpp_continuation:cpp_continuation:cpp_continuation:cpp_continuation:cpp_continuation:cpp_continuation:cpp_continuation:cpp_continuation:cpp_continuation:cpp_continuation:cpp_continuation:cpp_continuation:cpp_continuation:cpp_continuation:cpp_continuation:cpp_continuation:cpp_continuation:cpp_continuation:cpp_continuation:cpp_continuation:cpp_continuation:cpp_continuation:cpp_continuation:cpp_continuation:cpp_continuation:cpp_continuation:cpp_continuation:cpp_continuation:cpp_continuation:cpp_continuation:cpp_continuation:cpp_continuation:cpp_continuation:cpp_continuation:cpp_continuation:cpp_continuation:cpp_continuation:cpp_continuation:cpp_continuation:cpp_continuation:cpp_continuation:cpp_continuation:cpp_continuation:cpp_continuation:cpp_continuation:cpp_continuation:cpp_continuation:cpp_continuation:cpp_continuation:cpp_continuation:cpp_continuation:cpp_continuation:cpp_continuation:cpp_continuation:cpp_continuation:cpp_continuation:cpp_continuation:cpp_continuation:cpp_continuation:cpp_continuation:cpp_continuation:cpp_continuation:cpp_continuation:cpp_continuation:cpp_continuation:cpp_continuation:cpp_continuation:cpp_continuation:cpp_continuation:cpp_continuation:cpp_continuation:cpp_continuation:cpp_continuation:cpp_continuation:cpp_continuation:cpp_continuation:cpp_continuation:cpp_continuation:r2r2r2r2r:slot=7:wrist_root=0,r2r2r2r2r:slot=4:wrist_root=1,True,True,False,SEARCH_BRANCH_CHANGE|BRANCH_ID_CHANGE,SEARCH_BRANCH_CHANGE
trial_0017,trial_0017_bite_002_transfer,trial_0017_bite_002,transfer,B0,125,126,2712,2713,1.4138715172525311,4,-3.0518796115720064,-3.0518796115720064,0.0,0.0012905077778820181,0.0027777966856582935,7,4,cpp_continuation:cpp_continuation:cpp_continuation:cpp_continuation:cpp_continuation:cpp_continuation:cpp_continuation:cpp_continuation:cpp_continuation:cpp_continuation:cpp_continuation:cpp_continuation:cpp_continuation:cpp_continuation:cpp_continuation:cpp_continuation:cpp_continuation:cpp_continuation:cpp_continuation:cpp_continuation:cpp_continuation:cpp_continuation:cpp_continuation:cpp_continuation:cpp_continuation:cpp_continuation:cpp_continuation:cpp_continuation:cpp_continuation:cpp_continuation:cpp_continuation:cpp_continuation:cpp_continuation:cpp_continuation:cpp_continuation:cpp_continuation:cpp_continuation:cpp_continuation:cpp_continuation:cpp_continuation:cpp_continuation:cpp_continuation:cpp_continuation:cpp_continuation:cpp_continuation:cpp_continuation:cpp_continuation:cpp_continuation:cpp_continuation:cpp_continuation:cpp_continuation:cpp_continuation:cpp_continuation:cpp_continuation:cpp_continuation:cpp_continuation:cpp_continuation:cpp_continuation:cpp_continuation:cpp_continuation:cpp_continuation:cpp_continuation:cpp_continuation:cpp_continuation:cpp_continuation:cpp_continuation:cpp_continuation:cpp_continuation:cpp_continuation:cpp_continuation:cpp_continuation:cpp_continuation:cpp_continuation:cpp_continuation:cpp_continuation:cpp_continuation:cpp_continuation:cpp_continuation:cpp_continuation:cpp_continuation:cpp_continuation:cpp_continuation:cpp_continuation:cpp_continuation:cpp_continuation:cpp_continuation:cpp_continuation:cpp_continuation:cpp_continuation:cpp_continuation:cpp_continuation:cpp_continuation:cpp_continuation:cpp_continuation:cpp_continuation:cpp_continuation:cpp_continuation:cpp_continuation:cpp_continuation:cpp_continuation:cpp_continuation:cpp_continuation:cpp_continuation:cpp_continuation:cpp_continuation:cpp_continuation:cpp_continuation:cpp_continuation:cpp_continuation:cpp_continuation:cpp_continuation:cpp_continuation:cpp_continuation:cpp_continuation:cpp_continuation:cpp_continuation:cpp_continuation:cpp_continuation:cpp_continuation:cpp_continuation:cpp_continuation:cpp_continuation:cpp_continuation:cpp_continuation:cpp_continuation:r2r2r2r2r:slot=7:wrist_root=0,r2r2r2r2r:slot=4:wrist_root=1,True,True,False,SEARCH_BRANCH_CHANGE|BRANCH_ID_CHANGE,SEARCH_BRANCH_CHANGE
trial_0017,trial_0017_bite_002_transfer,trial_0017_bite_002,transfer,StrongLocal,122,123,2709,2710,1.7466711587235617,4,-2.9392128561051494,-2.939420091801752,-0.00020723569660274777,0.0012776951706291546,0.005504559241347793,7,4,cpp_continuation:cpp_continuation:cpp_continuation:cpp_continuation:cpp_continuation:cpp_continuation:cpp_continuation:cpp_continuation:cpp_continuation:cpp_continuation:cpp_continuation:cpp_continuation:cpp_continuation:cpp_continuation:cpp_continuation:cpp_continuation:cpp_continuation:cpp_continuation:cpp_continuation:cpp_continuation:cpp_continuation:cpp_continuation:cpp_continuation:cpp_continuation:cpp_continuation:cpp_continuation:cpp_continuation:cpp_continuation:cpp_continuation:cpp_continuation:cpp_continuation:cpp_continuation:cpp_continuation:cpp_continuation:cpp_continuation:cpp_continuation:cpp_continuation:cpp_continuation:cpp_continuation:cpp_continuation:cpp_continuation:cpp_continuation:cpp_continuation:cpp_continuation:cpp_continuation:cpp_continuation:cpp_continuation:cpp_continuation:cpp_continuation:cpp_continuation:cpp_continuation:cpp_continuation:cpp_continuation:cpp_continuation:cpp_continuation:cpp_continuation:cpp_continuation:cpp_continuation:cpp_continuation:cpp_continuation:cpp_continuation:cpp_continuation:cpp_continuation:cpp_continuation:cpp_continuation:cpp_continuation:cpp_continuation:cpp_continuation:cpp_continuation:cpp_continuation:cpp_continuation:cpp_continuation:cpp_continuation:cpp_continuation:cpp_continuation:cpp_continuation:cpp_continuation:cpp_continuation:cpp_continuation:cpp_continuation:cpp_continuation:cpp_continuation:cpp_continuation:cpp_continuation:cpp_continuation:cpp_continuation:cpp_continuation:cpp_continuation:cpp_continuation:cpp_continuation:cpp_continuation:cpp_continuation:cpp_continuation:cpp_continuation:cpp_continuation:cpp_continuation:cpp_continuation:cpp_continuation:cpp_continuation:cpp_continuation:cpp_continuation:cpp_continuation:cpp_continuation:cpp_continuation:cpp_continuation:cpp_continuation:cpp_continuation:cpp_continuation:cpp_continuation:cpp_continuation:cpp_continuation:cpp_continuation:cpp_continuation:cpp_continuation:cpp_continuation:cpp_continuation:cpp_continuation:cpp_continuation:cpp_continuation:cpp_continuation:cpp_continuation:cpp_continuation:r2r2r2r2r:slot=7:wrist_root=0,r2r2r2r2r:slot=4:wrist_root=1,True,True,False,SEARCH_BRANCH_CHANGE|BRANCH_ID_CHANGE,SEARCH_BRANCH_CHANGE
trial_0017,trial_0017_bite_002_transfer,trial_0017_bite_002,transfer,HumanGT,117,118,2704,2705,2.5733864673901246,4,-2.6521751905097215,-2.652068489195234,0.00010670131448753395,0.0013368815472542927,0.0014680619035575514,7,4,cpp_continuation:cpp_continuation:cpp_continuation:cpp_continuation:cpp_continuation:cpp_continuation:cpp_continuation:cpp_continuation:cpp_continuation:cpp_continuation:cpp_continuation:cpp_continuation:cpp_continuation:cpp_continuation:cpp_continuation:cpp_continuation:cpp_continuation:cpp_continuation:cpp_continuation:cpp_continuation:cpp_continuation:cpp_continuation:cpp_continuation:cpp_continuation:cpp_continuation:cpp_continuation:cpp_continuation:cpp_continuation:cpp_continuation:cpp_continuation:cpp_continuation:cpp_continuation:cpp_continuation:cpp_continuation:cpp_continuation:cpp_continuation:cpp_continuation:cpp_continuation:cpp_continuation:cpp_continuation:cpp_continuation:cpp_continuation:cpp_continuation:cpp_continuation:cpp_continuation:cpp_continuation:cpp_continuation:cpp_continuation:cpp_continuation:cpp_continuation:cpp_continuation:cpp_continuation:cpp_continuation:cpp_continuation:cpp_continuation:cpp_continuation:cpp_continuation:cpp_continuation:cpp_continuation:cpp_continuation:cpp_continuation:cpp_continuation:cpp_continuation:cpp_continuation:cpp_continuation:cpp_continuation:cpp_continuation:cpp_continuation:cpp_continuation:cpp_continuation:cpp_continuation:cpp_continuation:cpp_continuation:cpp_continuation:cpp_continuation:cpp_continuation:cpp_continuation:cpp_continuation:cpp_continuation:cpp_continuation:cpp_continuation:cpp_continuation:cpp_continuation:cpp_continuation:cpp_continuation:cpp_continuation:cpp_continuation:cpp_continuation:cpp_continuation:cpp_continuation:cpp_continuation:cpp_continuation:cpp_continuation:cpp_continuation:cpp_continuation:cpp_continuation:cpp_continuation:cpp_continuation:cpp_continuation:cpp_continuation:cpp_continuation:cpp_continuation:cpp_continuation:cpp_continuation:cpp_continuation:cpp_continuation:cpp_continuation:cpp_continuation:cpp_continuation:cpp_continuation:cpp_continuation:cpp_continuation:cpp_continuation:cpp_continuation:cpp_continuation:cpp_continuation:cpp_continuation:r2r2r2r2r:slot=7:wrist_root=0,r2r2r2r2r:slot=4:wrist_root=1,True,True,False,SEARCH_BRANCH_CHANGE|BRANCH_ID_CHANGE,SEARCH_BRANCH_CHANGE
trial_0017,trial_0017_bite_009_transfer,trial_0017_bite_009,transfer,B1,210,211,20102,20103,1.500850883012861,4,-2.997301098317912,-2.997775746828252,-0.00047464851034018096,0.0009227380713496603,0.0026526956023673813,7,4,cpp_continuation:cpp_continuation:cpp_continuation:cpp_continuation:cpp_continuation:cpp_continuation:cpp_continuation:cpp_continuation:cpp_continuation:cpp_continuation:cpp_continuation:cpp_continuation:cpp_continuation:cpp_continuation:cpp_continuation:cpp_continuation:cpp_continuation:cpp_continuation:cpp_continuation:cpp_continuation:cpp_continuation:cpp_continuation:cpp_continuation:cpp_continuation:cpp_continuation:cpp_continuation:cpp_continuation:cpp_continuation:cpp_continuation:cpp_continuation:cpp_continuation:cpp_continuation:cpp_continuation:cpp_continuation:cpp_continuation:cpp_continuation:cpp_continuation:cpp_continuation:cpp_continuation:cpp_continuation:cpp_continuation:cpp_continuation:cpp_continuation:cpp_continuation:cpp_continuation:cpp_continuation:cpp_continuation:cpp_continuation:cpp_continuation:cpp_continuation:cpp_continuation:cpp_continuation:cpp_continuation:cpp_continuation:cpp_continuation:cpp_continuation:cpp_continuation:cpp_continuation:cpp_continuation:cpp_continuation:cpp_continuation:cpp_continuation:cpp_continuation:cpp_continuation:cpp_continuation:cpp_continuation:cpp_continuation:cpp_continuation:cpp_continuation:cpp_continuation:cpp_continuation:cpp_continuation:cpp_continuation:cpp_continuation:cpp_continuation:cpp_continuation:cpp_continuation:cpp_continuation:cpp_continuation:cpp_continuation:cpp_continuation:cpp_continuation:cpp_continuation:cpp_continuation:cpp_continuation:cpp_continuation:cpp_continuation:cpp_continuation:cpp_continuation:cpp_continuation:cpp_continuation:cpp_continuation:cpp_continuation:cpp_continuation:cpp_continuation:cpp_continuation:cpp_continuation:cpp_continuation:cpp_continuation:cpp_continuation:cpp_continuation:cpp_continuation:cpp_continuation:cpp_continuation:cpp_continuation:cpp_continuation:cpp_continuation:cpp_continuation:cpp_continuation:cpp_continuation:cpp_continuation:cpp_continuation:cpp_continuation:cpp_continuation:cpp_continuation:cpp_continuation:cpp_continuation:cpp_continuation:cpp_continuation:cpp_continuation:cpp_continuation:cpp_continuation:cpp_continuation:cpp_continuation:cpp_continuation:cpp_continuation:cpp_continuation:cpp_continuation:cpp_continuation:cpp_continuation:cpp_continuation:cpp_continuation:cpp_continuation:cpp_continuation:cpp_continuation:cpp_continuation:cpp_continuation:cpp_continuation:cpp_continuation:cpp_continuation:cpp_continuation:cpp_continuation:cpp_continuation:cpp_continuation:cpp_continuation:cpp_continuation:cpp_continuation:cpp_continuation:cpp_continuation:cpp_continuation:cpp_continuation:cpp_continuation:cpp_continuation:cpp_continuation:cpp_continuation:cpp_continuation:cpp_continuation:cpp_continuation:cpp_continuation:cpp_continuation:cpp_continuation:cpp_continuation:cpp_continuation:cpp_continuation:cpp_continuation:cpp_continuation:cpp_continuation:cpp_continuation:cpp_continuation:cpp_continuation:cpp_continuation:cpp_continuation:cpp_continuation:cpp_continuation:cpp_continuation:cpp_continuation:cpp_continuation:cpp_continuation:cpp_continuation:cpp_continuation:cpp_continuation:cpp_continuation:cpp_continuation:cpp_continuation:cpp_continuation:cpp_continuation:cpp_continuation:cpp_continuation:cpp_continuation:cpp_continuation:cpp_continuation:cpp_continuation:cpp_continuation:cpp_continuation:cpp_continuation:cpp_continuation:cpp_continuation:cpp_continuation:cpp_continuation:cpp_continuation:cpp_continuation:cpp_continuation:cpp_continuation:cpp_continuation:cpp_continuation:cpp_continuation:cpp_continuation:cpp_continuation:cpp_continuation:cpp_continuation:r2r2r2r2r:slot=7:wrist_root=0,r2r2r2r2r:slot=4:wrist_root=1,True,True,False,SEARCH_BRANCH_CHANGE|BRANCH_ID_CHANGE,SEARCH_BRANCH_CHANGE
trial_0017,trial_0017_bite_009_transfer,trial_0017_bite_009,transfer,B2,204,205,20096,20097,2.1813053402708285,4,-2.735301102051324,-2.7352013239689885,9.977808233552209e-05,0.0013878784842150504,0.004547661298168352,7,4,cpp_continuation:cpp_continuation:cpp_continuation:cpp_continuation:cpp_continuation:cpp_continuation:cpp_continuation:cpp_continuation:cpp_continuation:cpp_continuation:cpp_continuation:cpp_continuation:cpp_continuation:cpp_continuation:cpp_continuation:cpp_continuation:cpp_continuation:cpp_continuation:cpp_continuation:cpp_continuation:cpp_continuation:cpp_continuation:cpp_continuation:cpp_continuation:cpp_continuation:cpp_continuation:cpp_continuation:cpp_continuation:cpp_continuation:cpp_continuation:cpp_continuation:cpp_continuation:cpp_continuation:cpp_continuation:cpp_continuation:cpp_continuation:cpp_continuation:cpp_continuation:cpp_continuation:cpp_continuation:cpp_continuation:cpp_continuation:cpp_continuation:cpp_continuation:cpp_continuation:cpp_continuation:cpp_continuation:cpp_continuation:cpp_continuation:cpp_continuation:cpp_continuation:cpp_continuation:cpp_continuation:cpp_continuation:cpp_continuation:cpp_continuation:cpp_continuation:cpp_continuation:cpp_continuation:cpp_continuation:cpp_continuation:cpp_continuation:cpp_continuation:cpp_continuation:cpp_continuation:cpp_continuation:cpp_continuation:cpp_continuation:cpp_continuation:cpp_continuation:cpp_continuation:cpp_continuation:cpp_continuation:cpp_continuation:cpp_continuation:cpp_continuation:cpp_continuation:cpp_continuation:cpp_continuation:cpp_continuation:cpp_continuation:cpp_continuation:cpp_continuation:cpp_continuation:cpp_continuation:cpp_continuation:cpp_continuation:cpp_continuation:cpp_continuation:cpp_continuation:cpp_continuation:cpp_continuation:cpp_continuation:cpp_continuation:cpp_continuation:cpp_continuation:cpp_continuation:cpp_continuation:cpp_continuation:cpp_continuation:cpp_continuation:cpp_continuation:cpp_continuation:cpp_continuation:cpp_continuation:cpp_continuation:cpp_continuation:cpp_continuation:cpp_continuation:cpp_continuation:cpp_continuation:cpp_continuation:cpp_continuation:cpp_continuation:cpp_continuation:cpp_continuation:cpp_continuation:cpp_continuation:cpp_continuation:cpp_continuation:cpp_continuation:cpp_continuation:cpp_continuation:cpp_continuation:cpp_continuation:cpp_continuation:cpp_continuation:cpp_continuation:cpp_continuation:cpp_continuation:cpp_continuation:cpp_continuation:cpp_continuation:cpp_continuation:cpp_continuation:cpp_continuation:cpp_continuation:cpp_continuation:cpp_continuation:cpp_continuation:cpp_continuation:cpp_continuation:cpp_continuation:cpp_continuation:cpp_continuation:cpp_continuation:cpp_continuation:cpp_continuation:cpp_continuation:cpp_continuation:cpp_continuation:cpp_continuation:cpp_continuation:cpp_continuation:cpp_continuation:cpp_continuation:cpp_continuation:cpp_continuation:cpp_continuation:cpp_continuation:cpp_continuation:cpp_continuation:cpp_continuation:cpp_continuation:cpp_continuation:cpp_continuation:cpp_continuation:cpp_continuation:cpp_continuation:cpp_continuation:cpp_continuation:cpp_continuation:cpp_continuation:cpp_continuation:cpp_continuation:cpp_continuation:cpp_continuation:cpp_continuation:cpp_continuation:cpp_continuation:cpp_continuation:cpp_continuation:cpp_continuation:cpp_continuation:cpp_continuation:cpp_continuation:cpp_continuation:cpp_continuation:cpp_continuation:cpp_continuation:cpp_continuation:cpp_continuation:cpp_continuation:cpp_continuation:cpp_continuation:cpp_continuation:cpp_continuation:cpp_continuation:cpp_continuation:cpp_continuation:cpp_continuation:cpp_continuation:cpp_continuation:cpp_continuation:r2r2r2r2r:slot=7:wrist_root=0,r2r2r2r2r:slot=4:wrist_root=1,True,True,False,SEARCH_BRANCH_CHANGE|BRANCH_ID_CHANGE,SEARCH_BRANCH_CHANGE
trial_0017,trial_0017_bite_009_transfer,trial_0017_bite_009,transfer,B3,205,206,20097,20098,2.515748268268933,4,-2.7407682081799782,-2.737972833285475,0.002795374894503322,0.0011379043016743501,0.0019662645270453415,7,4,cpp_continuation:cpp_continuation:cpp_continuation:cpp_continuation:cpp_continuation:cpp_continuation:cpp_continuation:cpp_continuation:cpp_continuation:cpp_continuation:cpp_continuation:cpp_continuation:cpp_continuation:cpp_continuation:cpp_continuation:cpp_continuation:cpp_continuation:cpp_continuation:cpp_continuation:cpp_continuation:cpp_continuation:cpp_continuation:cpp_continuation:cpp_continuation:cpp_continuation:cpp_continuation:cpp_continuation:cpp_continuation:cpp_continuation:cpp_continuation:cpp_continuation:cpp_continuation:cpp_continuation:cpp_continuation:cpp_continuation:cpp_continuation:cpp_continuation:cpp_continuation:cpp_continuation:cpp_continuation:cpp_continuation:cpp_continuation:cpp_continuation:cpp_continuation:cpp_continuation:cpp_continuation:cpp_continuation:cpp_continuation:cpp_continuation:cpp_continuation:cpp_continuation:cpp_continuation:cpp_continuation:cpp_continuation:cpp_continuation:cpp_continuation:cpp_continuation:cpp_continuation:cpp_continuation:cpp_continuation:cpp_continuation:cpp_continuation:cpp_continuation:cpp_continuation:cpp_continuation:cpp_continuation:cpp_continuation:cpp_continuation:cpp_continuation:cpp_continuation:cpp_continuation:cpp_continuation:cpp_continuation:cpp_continuation:cpp_continuation:cpp_continuation:cpp_continuation:cpp_continuation:cpp_continuation:cpp_continuation:cpp_continuation:cpp_continuation:cpp_continuation:cpp_continuation:cpp_continuation:cpp_continuation:cpp_continuation:cpp_continuation:cpp_continuation:cpp_continuation:cpp_continuation:cpp_continuation:cpp_continuation:cpp_continuation:cpp_continuation:cpp_continuation:cpp_continuation:cpp_continuation:cpp_continuation:cpp_continuation:cpp_continuation:cpp_continuation:cpp_continuation:cpp_continuation:cpp_continuation:cpp_continuation:cpp_continuation:cpp_continuation:cpp_continuation:cpp_continuation:cpp_continuation:cpp_continuation:cpp_continuation:cpp_continuation:cpp_continuation:cpp_continuation:cpp_continuation:cpp_continuation:cpp_continuation:cpp_continuation:cpp_continuation:cpp_continuation:cpp_continuation:cpp_continuation:cpp_continuation:cpp_continuation:cpp_continuation:cpp_continuation:cpp_continuation:cpp_continuation:cpp_continuation:cpp_continuation:cpp_continuation:cpp_continuation:cpp_continuation:cpp_continuation:cpp_continuation:cpp_continuation:cpp_continuation:cpp_continuation:cpp_continuation:cpp_continuation:cpp_continuation:cpp_continuation:cpp_continuation:cpp_continuation:cpp_continuation:cpp_continuation:cpp_continuation:cpp_continuation:cpp_continuation:cpp_continuation:cpp_continuation:cpp_continuation:cpp_continuation:cpp_continuation:cpp_continuation:cpp_continuation:cpp_continuation:cpp_continuation:cpp_continuation:cpp_continuation:cpp_continuation:cpp_continuation:cpp_continuation:cpp_continuation:cpp_continuation:cpp_continuation:cpp_continuation:cpp_continuation:cpp_continuation:cpp_continuation:cpp_continuation:cpp_continuation:cpp_continuation:cpp_continuation:cpp_continuation:cpp_continuation:cpp_continuation:cpp_continuation:cpp_continuation:cpp_continuation:cpp_continuation:cpp_continuation:cpp_continuation:cpp_continuation:cpp_continuation:cpp_continuation:cpp_continuation:cpp_continuation:cpp_continuation:cpp_continuation:cpp_continuation:cpp_continuation:cpp_continuation:cpp_continuation:cpp_continuation:cpp_continuation:cpp_continuation:cpp_continuation:cpp_continuation:cpp_continuation:cpp_continuation:cpp_continuation:cpp_continuation:r2r2r2r2r:slot=7:wrist_root=0,r2r2r2r2r:slot=4:wrist_root=1,True,True,False,SEARCH_BRANCH_CHANGE|BRANCH_ID_CHANGE,SEARCH_BRANCH_CHANGE
trial_0017,trial_0017_bite_009_transfer,trial_0017_bite_009,transfer,StrongLocal,207,208,20099,20100,2.5858362424578845,4,-2.767678603064316,-2.76930362839222,-0.001625025327903984,0.0010361089873685797,0.003049322796414136,7,4,cpp_continuation:r2r2r2r2r:slot=7:wrist_root=0,r2r2r2r2r:slot=4:wrist_root=1,True,True,False,SEARCH_BRANCH_CHANGE|BRANCH_ID_CHANGE,SEARCH_BRANCH_CHANGE
trial_0017,trial_0017_bite_009_transfer,trial_0017_bite_009,transfer,H_star,205,206,20097,20098,2.1384426186478667,4,-2.7546453155381,-2.753040545466872,0.0016047700712280566,0.0011379043016743501,0.0019662645270453415,7,4,r2r2r2r2r:slot=7:wrist_root=0,r2r2r2r2r:slot=4:wrist_root=1,True,True,False,SEARCH_BRANCH_CHANGE|BRANCH_ID_CHANGE,SEARCH_BRANCH_CHANGE
trial_0017,trial_0017_bite_009_transfer,trial_0017_bite_009,transfer,HumanGT,205,206,20097,20098,2.0636628271764423,4,-2.76157372058422,-2.763168559809342,-0.0015948392251217138,0.0011379043016743501,0.0019662645270453415,7,4,r2r2r2r2r:slot=7:wrist_root=0,r2r2r2r2r:slot=4:wrist_root=1,True,True,False,SEARCH_BRANCH_CHANGE|BRANCH_ID_CHANGE,SEARCH_BRANCH_CHANGE
trial_0019,trial_0019_bite_002_withdrawal,trial_0019_bite_002,withdrawal,H_star,94,95,1934,1935,3.090626108191667,2,-3.1342797369149418,-3.1435794987563543,-0.009299761841412568,0.001987701792111928,0.01389925289329948,6,5,cpp_continuation:cpp_continuation:cpp_continuation:cpp_continuation:cpp_continuation:cpp_continuation:cpp_continuation:cpp_continuation:cpp_continuation:cpp_continuation:cpp_continuation:cpp_continuation:cpp_continuation:cpp_continuation:cpp_continuation:cpp_continuation:cpp_continuation:cpp_continuation:cpp_continuation:cpp_continuation:cpp_continuation:cpp_continuation:cpp_continuation:cpp_continuation:cpp_continuation:cpp_continuation:cpp_continuation:cpp_continuation:cpp_continuation:cpp_continuation:cpp_continuation:cpp_continuation:cpp_continuation:cpp_continuation:cpp_continuation:cpp_continuation:cpp_continuation:cpp_continuation:cpp_continuation:cpp_continuation:cpp_continuation:cpp_continuation:cpp_continuation:cpp_continuation:cpp_continuation:cpp_continuation:cpp_continuation:cpp_continuation:cpp_continuation:cpp_continuation:cpp_continuation:cpp_continuation:cpp_continuation:cpp_continuation:cpp_continuation:cpp_continuation:cpp_continuation:cpp_continuation:cpp_continuation:cpp_continuation:cpp_continuation:cpp_continuation:cpp_continuation:cpp_continuation:cpp_continuation:cpp_continuation:cpp_continuation:cpp_continuation:cpp_continuation:cpp_continuation:cpp_continuation:cpp_continuation:cpp_continuation:cpp_continuation:cpp_continuation:cpp_continuation:cpp_continuation:cpp_continuation:cpp_continuation:cpp_continuation:cpp_continuation:cpp_continuation:cpp_continuation:cpp_continuation:cpp_continuation:cpp_continuation:cpp_continuation:cpp_continuation:cpp_continuation:cpp_continuation:cpp_continuation:cpp_continuation:cpp_continuation:cpp_continuation:r2r2r2r2r:slot=6:wrist_root=0,r2r2r2r2r:slot=5:wrist_root=0,True,True,True,SEARCH_BRANCH_CHANGE|BRANCH_ID_CHANGE,SEARCH_BRANCH_CHANGE
trial_0019,trial_0019_bite_003_withdrawal,trial_0019_bite_003,withdrawal,B1,80,81,3019,3020,3.087493867340648,2,-2.9477150373528462,-2.949029093047387,-0.0013140556945407944,0.0021466987343530565,0.01905714003831344,6,4,cpp_continuation:cpp_continuation:cpp_continuation:cpp_continuation:cpp_continuation:cpp_continuation:cpp_continuation:cpp_continuation:cpp_continuation:cpp_continuation:cpp_continuation:cpp_continuation:cpp_continuation:cpp_continuation:cpp_continuation:cpp_continuation:cpp_continuation:cpp_continuation:cpp_continuation:cpp_continuation:cpp_continuation:cpp_continuation:cpp_continuation:cpp_continuation:cpp_continuation:cpp_continuation:cpp_continuation:cpp_continuation:cpp_continuation:cpp_continuation:cpp_continuation:cpp_continuation:cpp_continuation:cpp_continuation:cpp_continuation:cpp_continuation:cpp_continuation:cpp_continuation:cpp_continuation:cpp_continuation:cpp_continuation:cpp_continuation:cpp_continuation:cpp_continuation:cpp_continuation:cpp_continuation:cpp_continuation:cpp_continuation:cpp_continuation:cpp_continuation:cpp_continuation:cpp_continuation:cpp_continuation:cpp_continuation:cpp_continuation:cpp_continuation:cpp_continuation:cpp_continuation:cpp_continuation:cpp_continuation:cpp_continuation:cpp_continuation:cpp_continuation:cpp_continuation:cpp_continuation:cpp_continuation:cpp_continuation:cpp_continuation:cpp_continuation:cpp_continuation:cpp_continuation:cpp_continuation:cpp_continuation:cpp_continuation:cpp_continuation:cpp_continuation:cpp_continuation:cpp_continuation:cpp_continuation:cpp_continuation:r2r2r2r2r:slot=6:wrist_root=0,r2r2r2r2r:slot=4:wrist_root=0,True,True,True,SEARCH_BRANCH_CHANGE|BRANCH_ID_CHANGE,SEARCH_BRANCH_CHANGE
trial_0019,trial_0019_bite_003_withdrawal,trial_0019_bite_003,withdrawal,HumanGT,81,82,3020,3021,3.090734951022146,2,-3.051665337724944,-3.052823391508919,-0.0011580537839752658,0.0021964477404468304,0.020509580526625455,6,4,cpp_continuation:cpp_continuation:cpp_continuation:cpp_continuation:cpp_continuation:cpp_continuation:cpp_continuation:cpp_continuation:cpp_continuation:cpp_continuation:cpp_continuation:cpp_continuation:cpp_continuation:cpp_continuation:cpp_continuation:cpp_continuation:cpp_continuation:cpp_continuation:cpp_continuation:cpp_continuation:cpp_continuation:cpp_continuation:cpp_continuation:cpp_continuation:cpp_continuation:cpp_continuation:cpp_continuation:cpp_continuation:cpp_continuation:cpp_continuation:cpp_continuation:cpp_continuation:cpp_continuation:cpp_continuation:cpp_continuation:cpp_continuation:cpp_continuation:cpp_continuation:cpp_continuation:cpp_continuation:cpp_continuation:cpp_continuation:cpp_continuation:cpp_continuation:cpp_continuation:cpp_continuation:cpp_continuation:cpp_continuation:cpp_continuation:cpp_continuation:cpp_continuation:cpp_continuation:cpp_continuation:cpp_continuation:cpp_continuation:cpp_continuation:cpp_continuation:cpp_continuation:cpp_continuation:cpp_continuation:cpp_continuation:cpp_continuation:cpp_continuation:cpp_continuation:cpp_continuation:cpp_continuation:cpp_continuation:cpp_continuation:cpp_continuation:cpp_continuation:cpp_continuation:cpp_continuation:cpp_continuation:cpp_continuation:cpp_continuation:cpp_continuation:cpp_continuation:cpp_continuation:cpp_continuation:cpp_continuation:cpp_continuation:r2r2r2r2r:slot=6:wrist_root=0,r2r2r2r2r:slot=4:wrist_root=0,True,True,True,SEARCH_BRANCH_CHANGE|BRANCH_ID_CHANGE,SEARCH_BRANCH_CHANGE
trial_0019,trial_0019_bite_007_withdrawal,trial_0019_bite_007,withdrawal,B0,64,65,7151,7152,3.0970694649963733,2,-2.7773300319520553,-2.7773300319520553,0.0,0.0015606603457495164,0.0129168562574963,4,7,cpp_continuation:cpp_continuation:cpp_continuation:cpp_continuation:cpp_continuation:cpp_continuation:cpp_continuation:cpp_continuation:cpp_continuation:cpp_continuation:cpp_continuation:cpp_continuation:cpp_continuation:cpp_continuation:cpp_continuation:cpp_continuation:cpp_continuation:cpp_continuation:cpp_continuation:cpp_continuation:cpp_continuation:cpp_continuation:cpp_continuation:cpp_continuation:cpp_continuation:cpp_continuation:cpp_continuation:cpp_continuation:cpp_continuation:cpp_continuation:cpp_continuation:cpp_continuation:cpp_continuation:cpp_continuation:cpp_continuation:cpp_continuation:cpp_continuation:cpp_continuation:r2r2r2r2r:slot=4:wrist_root=0,r2r2r2r2r:slot=7:wrist_root=0,True,True,True,SEARCH_BRANCH_CHANGE|BRANCH_ID_CHANGE,SEARCH_BRANCH_CHANGE
trial_0019,trial_0019_bite_007_withdrawal,trial_0019_bite_007,withdrawal,B0,88,89,7175,7176,3.100111316933936,2,-2.7773300319520553,-2.7773300319520553,0.0,0.0006008718405758256,0.004127705354389776,7,5,cpp_continuation:cpp_continuation:cpp_continuation:cpp_continuation:cpp_continuation:cpp_continuation:cpp_continuation:cpp_continuation:cpp_continuation:cpp_continuation:cpp_continuation:cpp_continuation:cpp_continuation:cpp_continuation:cpp_continuation:cpp_continuation:cpp_continuation:cpp_continuation:cpp_continuation:cpp_continuation:cpp_continuation:cpp_continuation:cpp_continuation:r2r2r2r2r:slot=7:wrist_root=0,r2r2r2r2r:slot=5:wrist_root=0,True,True,True,SEARCH_BRANCH_CHANGE|BRANCH_ID_CHANGE,SEARCH_BRANCH_CHANGE
trial_0019,trial_0019_bite_007_withdrawal,trial_0019_bite_007,withdrawal,B0,93,94,7180,7181,3.1020928319980827,2,-2.7773300319520553,-2.7773300319520553,0.0,0.000808160890407954,0.007896314802025623,5,7,cpp_continuation:cpp_continuation:cpp_continuation:cpp_continuation:r2r2r2r2r:slot=5:wrist_root=0,r2r2r2r2r:slot=7:wrist_root=0,True,True,True,SEARCH_BRANCH_CHANGE|BRANCH_ID_CHANGE,SEARCH_BRANCH_CHANGE
trial_0019,trial_0019_bite_007_withdrawal,trial_0019_bite_007,withdrawal,B1,85,86,7172,7173,3.0989420670661487,2,-2.843990726437745,-2.8451205687171637,-0.0011298422794188132,0.0012162476598378113,0.012836712053843853,4,7,cpp_continuation:cpp_continuation:cpp_continuation:cpp_continuation:cpp_continuation:cpp_continuation:cpp_continuation:cpp_continuation:cpp_continuation:cpp_continuation:cpp_continuation:cpp_continuation:cpp_continuation:cpp_continuation:cpp_continuation:cpp_continuation:cpp_continuation:cpp_continuation:cpp_continuation:cpp_continuation:cpp_continuation:cpp_continuation:cpp_continuation:cpp_continuation:cpp_continuation:cpp_continuation:cpp_continuation:cpp_continuation:cpp_continuation:cpp_continuation:cpp_continuation:cpp_continuation:cpp_continuation:cpp_continuation:cpp_continuation:cpp_continuation:cpp_continuation:cpp_continuation:cpp_continuation:cpp_continuation:cpp_continuation:cpp_continuation:cpp_continuation:cpp_continuation:cpp_continuation:cpp_continuation:cpp_continuation:cpp_continuation:cpp_continuation:cpp_continuation:cpp_continuation:cpp_continuation:cpp_continuation:cpp_continuation:cpp_continuation:cpp_continuation:cpp_continuation:cpp_continuation:cpp_continuation:r2r2r2r2r:slot=4:wrist_root=0,r2r2r2r2r:slot=7:wrist_root=0,True,True,True,SEARCH_BRANCH_CHANGE|BRANCH_ID_CHANGE,SEARCH_BRANCH_CHANGE
trial_0019,trial_0019_bite_008_withdrawal,trial_0019_bite_008,withdrawal,B0,104,105,8709,8710,3.1115945483501735,2,-2.8291624867761676,-2.8291624867761676,0.0,0.0018269186186226204,0.025417700439665687,6,5,cpp_continuation:cpp_continuation:cpp_continuation:cpp_continuation:cpp_continuation:cpp_continuation:cpp_continuation:cpp_continuation:cpp_continuation:cpp_continuation:cpp_continuation:cpp_continuation:cpp_continuation:cpp_continuation:cpp_continuation:cpp_continuation:cpp_continuation:cpp_continuation:cpp_continuation:cpp_continuation:cpp_continuation:cpp_continuation:cpp_continuation:cpp_continuation:cpp_continuation:cpp_continuation:cpp_continuation:cpp_continuation:cpp_continuation:cpp_continuation:cpp_continuation:cpp_continuation:cpp_continuation:cpp_continuation:cpp_continuation:cpp_continuation:cpp_continuation:cpp_continuation:cpp_continuation:cpp_continuation:cpp_continuation:cpp_continuation:cpp_continuation:cpp_continuation:cpp_continuation:cpp_continuation:cpp_continuation:cpp_continuation:cpp_continuation:cpp_continuation:cpp_continuation:cpp_continuation:cpp_continuation:cpp_continuation:cpp_continuation:cpp_continuation:cpp_continuation:cpp_continuation:cpp_continuation:cpp_continuation:cpp_continuation:cpp_continuation:cpp_continuation:cpp_continuation:cpp_continuation:cpp_continuation:cpp_continuation:cpp_continuation:cpp_continuation:cpp_continuation:cpp_continuation:cpp_continuation:cpp_continuation:cpp_continuation:cpp_continuation:cpp_continuation:cpp_continuation:cpp_continuation:cpp_continuation:cpp_continuation:cpp_continuation:cpp_continuation:cpp_continuation:cpp_continuation:cpp_continuation:cpp_continuation:cpp_continuation:cpp_continuation:cpp_continuation:cpp_continuation:cpp_continuation:cpp_continuation:cpp_continuation:cpp_continuation:cpp_continuation:cpp_continuation:cpp_continuation:cpp_continuation:cpp_continuation:cpp_continuation:cpp_continuation:cpp_continuation:cpp_continuation:cpp_continuation:r2r2r2r2r:slot=6:wrist_root=0,r2r2r2r2r:slot=5:wrist_root=0,True,True,True,SEARCH_BRANCH_CHANGE|BRANCH_ID_CHANGE,SEARCH_BRANCH_CHANGE
trial_0019,trial_0019_bite_010_withdrawal,trial_0019_bite_010,withdrawal,B1,60,61,12175,12176,3.0946995962451216,2,-2.9256415700730347,-2.9268751733781135,-0.0012336033050788233,0.005027937590962176,0.02666649874480215,6,5,cpp_continuation:cpp_continuation:cpp_continuation:cpp_continuation:cpp_continuation:cpp_continuation:cpp_continuation:cpp_continuation:cpp_continuation:cpp_continuation:cpp_continuation:cpp_continuation:cpp_continuation:cpp_continuation:cpp_continuation:cpp_continuation:cpp_continuation:cpp_continuation:cpp_continuation:cpp_continuation:cpp_continuation:cpp_continuation:cpp_continuation:cpp_continuation:cpp_continuation:cpp_continuation:cpp_continuation:cpp_continuation:cpp_continuation:cpp_continuation:cpp_continuation:cpp_continuation:cpp_continuation:cpp_continuation:cpp_continuation:cpp_continuation:cpp_continuation:cpp_continuation:cpp_continuation:cpp_continuation:cpp_continuation:cpp_continuation:cpp_continuation:cpp_continuation:cpp_continuation:cpp_continuation:cpp_continuation:cpp_continuation:cpp_continuation:cpp_continuation:cpp_continuation:cpp_continuation:cpp_continuation:cpp_continuation:cpp_continuation:cpp_continuation:cpp_continuation:cpp_continuation:cpp_continuation:cpp_continuation:r2r2r2r2r:slot=6:wrist_root=0,r2r2r2r2r:slot=5:wrist_root=0,True,True,True,SEARCH_BRANCH_CHANGE|BRANCH_ID_CHANGE,SEARCH_BRANCH_CHANGE
trial_0019,trial_0019_bite_014_withdrawal,trial_0019_bite_014,withdrawal,B0,93,94,17989,17990,3.120879837554792,4,-2.8025068166394713,-2.8025068166394713,0.0,0.002132515036151211,0.017775931620639385,6,7,cpp_continuation:cpp_continuation:cpp_continuation:cpp_continuation:cpp_continuation:cpp_continuation:cpp_continuation:cpp_continuation:cpp_continuation:cpp_continuation:cpp_continuation:cpp_continuation:cpp_continuation:cpp_continuation:cpp_continuation:cpp_continuation:cpp_continuation:cpp_continuation:cpp_continuation:cpp_continuation:cpp_continuation:cpp_continuation:cpp_continuation:cpp_continuation:cpp_continuation:cpp_continuation:cpp_continuation:cpp_continuation:cpp_continuation:cpp_continuation:cpp_continuation:cpp_continuation:cpp_continuation:cpp_continuation:cpp_continuation:cpp_continuation:cpp_continuation:cpp_continuation:cpp_continuation:cpp_continuation:cpp_continuation:cpp_continuation:cpp_continuation:cpp_continuation:cpp_continuation:cpp_continuation:cpp_continuation:cpp_continuation:cpp_continuation:cpp_continuation:cpp_continuation:cpp_continuation:cpp_continuation:cpp_continuation:cpp_continuation:cpp_continuation:cpp_continuation:cpp_continuation:cpp_continuation:cpp_continuation:cpp_continuation:cpp_continuation:cpp_continuation:cpp_continuation:cpp_continuation:cpp_continuation:cpp_continuation:cpp_continuation:cpp_continuation:cpp_continuation:cpp_continuation:cpp_continuation:cpp_continuation:cpp_continuation:cpp_continuation:cpp_continuation:cpp_continuation:cpp_continuation:cpp_continuation:cpp_continuation:cpp_continuation:cpp_continuation:cpp_continuation:cpp_continuation:cpp_continuation:cpp_continuation:cpp_continuation:cpp_continuation:cpp_continuation:cpp_continuation:cpp_continuation:cpp_continuation:cpp_continuation:r2r2r2r2r:slot=6:wrist_root=0,r2r2r2r2r:slot=7:wrist_root=0,True,True,True,SEARCH_BRANCH_CHANGE|BRANCH_ID_CHANGE,SEARCH_BRANCH_CHANGE
trial_0019,trial_0019_bite_014_withdrawal,trial_0019_bite_014,withdrawal,B0,94,95,17990,17991,3.103355785097538,2,-2.8025068166394713,-2.8025068166394713,0.0,0.0018499441495109883,0.015446655492960294,7,5,r2r2r2r2r:slot=7:wrist_root=0,r2r2r2r2r:slot=5:wrist_root=0,True,True,True,SEARCH_BRANCH_CHANGE|BRANCH_ID_CHANGE,SEARCH_BRANCH_CHANGE
trial_0019,trial_0019_bite_014_withdrawal,trial_0019_bite_014,withdrawal,B1,102,103,17998,17999,3.106180420879924,2,-2.910674348548009,-2.9117348145471125,-0.001060465999103588,0.0021512702695544524,0.016884292984498006,6,4,cpp_continuation:cpp_continuation:cpp_continuation:cpp_continuation:cpp_continuation:cpp_continuation:cpp_continuation:cpp_continuation:cpp_continuation:cpp_continuation:cpp_continuation:cpp_continuation:cpp_continuation:cpp_continuation:cpp_continuation:cpp_continuation:cpp_continuation:cpp_continuation:cpp_continuation:cpp_continuation:cpp_continuation:cpp_continuation:cpp_continuation:cpp_continuation:cpp_continuation:cpp_continuation:cpp_continuation:cpp_continuation:cpp_continuation:cpp_continuation:cpp_continuation:cpp_continuation:cpp_continuation:cpp_continuation:cpp_continuation:cpp_continuation:cpp_continuation:cpp_continuation:cpp_continuation:cpp_continuation:cpp_continuation:cpp_continuation:cpp_continuation:cpp_continuation:cpp_continuation:cpp_continuation:cpp_continuation:cpp_continuation:cpp_continuation:cpp_continuation:cpp_continuation:cpp_continuation:cpp_continuation:cpp_continuation:cpp_continuation:cpp_continuation:cpp_continuation:cpp_continuation:cpp_continuation:cpp_continuation:cpp_continuation:cpp_continuation:cpp_continuation:cpp_continuation:cpp_continuation:cpp_continuation:cpp_continuation:cpp_continuation:cpp_continuation:cpp_continuation:cpp_continuation:cpp_continuation:cpp_continuation:cpp_continuation:cpp_continuation:cpp_continuation:cpp_continuation:cpp_continuation:cpp_continuation:cpp_continuation:cpp_continuation:cpp_continuation:cpp_continuation:cpp_continuation:cpp_continuation:cpp_continuation:cpp_continuation:cpp_continuation:cpp_continuation:cpp_continuation:cpp_continuation:cpp_continuation:cpp_continuation:cpp_continuation:cpp_continuation:cpp_continuation:cpp_continuation:cpp_continuation:cpp_continuation:cpp_continuation:cpp_continuation:cpp_continuation:r2r2r2r2r:slot=6:wrist_root=0,r2r2r2r2r:slot=4:wrist_root=0,True,True,True,SEARCH_BRANCH_CHANGE|BRANCH_ID_CHANGE,SEARCH_BRANCH_CHANGE
trial_0019,trial_0019_bite_019_withdrawal,trial_0019_bite_019,withdrawal,B1,75,76,24949,24950,3.0919061073697622,2,-2.902792184997273,-2.9040514883712083,-0.0012593033739354276,0.0008189784668524067,0.006949888970565899,4,7,cpp_continuation:cpp_continuation:cpp_continuation:cpp_continuation:cpp_continuation:cpp_continuation:cpp_continuation:cpp_continuation:cpp_continuation:cpp_continuation:cpp_continuation:cpp_continuation:cpp_continuation:cpp_continuation:cpp_continuation:cpp_continuation:cpp_continuation:cpp_continuation:cpp_continuation:cpp_continuation:cpp_continuation:cpp_continuation:cpp_continuation:cpp_continuation:cpp_continuation:cpp_continuation:cpp_continuation:cpp_continuation:cpp_continuation:cpp_continuation:cpp_continuation:cpp_continuation:cpp_continuation:cpp_continuation:cpp_continuation:cpp_continuation:cpp_continuation:cpp_continuation:cpp_continuation:cpp_continuation:cpp_continuation:cpp_continuation:cpp_continuation:cpp_continuation:cpp_continuation:cpp_continuation:cpp_continuation:cpp_continuation:cpp_continuation:cpp_continuation:cpp_continuation:cpp_continuation:cpp_continuation:cpp_continuation:cpp_continuation:cpp_continuation:cpp_continuation:cpp_continuation:cpp_continuation:cpp_continuation:cpp_continuation:cpp_continuation:cpp_continuation:cpp_continuation:cpp_continuation:cpp_continuation:cpp_continuation:cpp_continuation:cpp_continuation:cpp_continuation:cpp_continuation:cpp_continuation:cpp_continuation:cpp_continuation:cpp_continuation:r2r2r2r2r:slot=4:wrist_root=0,r2r2r2r2r:slot=7:wrist_root=0,True,True,True,SEARCH_BRANCH_CHANGE|BRANCH_ID_CHANGE,SEARCH_BRANCH_CHANGE
trial_0019,trial_0019_bite_019_withdrawal,trial_0019_bite_019,withdrawal,B1,80,81,24954,24955,3.0878082474252717,2,-2.909088701866949,-2.9103480052408846,-0.0012593033739354276,0.0012384464554166302,0.016737357087324135,7,5,cpp_continuation:cpp_continuation:cpp_continuation:cpp_continuation:r2r2r2r2r:slot=7:wrist_root=0,r2r2r2r2r:slot=5:wrist_root=0,True,True,True,SEARCH_BRANCH_CHANGE|BRANCH_ID_CHANGE,SEARCH_BRANCH_CHANGE
trial_0019,trial_0019_bite_019_withdrawal,trial_0019_bite_019,withdrawal,B2,85,86,24959,24960,3.1161852621586346,4,-3.1615335005048895,-3.162913187973132,-0.0013796874682423521,0.0009005641790977667,0.030116939057982555,4,7,cpp_continuation:cpp_continuation:cpp_continuation:cpp_continuation:cpp_continuation:cpp_continuation:cpp_continuation:cpp_continuation:cpp_continuation:cpp_continuation:cpp_continuation:cpp_continuation:cpp_continuation:cpp_continuation:cpp_continuation:cpp_continuation:cpp_continuation:cpp_continuation:cpp_continuation:cpp_continuation:cpp_continuation:cpp_continuation:cpp_continuation:cpp_continuation:cpp_continuation:cpp_continuation:cpp_continuation:cpp_continuation:cpp_continuation:cpp_continuation:cpp_continuation:cpp_continuation:cpp_continuation:cpp_continuation:cpp_continuation:cpp_continuation:cpp_continuation:cpp_continuation:cpp_continuation:cpp_continuation:cpp_continuation:cpp_continuation:cpp_continuation:cpp_continuation:cpp_continuation:cpp_continuation:cpp_continuation:cpp_continuation:cpp_continuation:cpp_continuation:cpp_continuation:cpp_continuation:cpp_continuation:cpp_continuation:cpp_continuation:cpp_continuation:cpp_continuation:cpp_continuation:cpp_continuation:cpp_continuation:cpp_continuation:cpp_continuation:cpp_continuation:cpp_continuation:cpp_continuation:cpp_continuation:cpp_continuation:cpp_continuation:cpp_continuation:cpp_continuation:cpp_continuation:cpp_continuation:cpp_continuation:cpp_continuation:cpp_continuation:cpp_continuation:cpp_continuation:cpp_continuation:cpp_continuation:cpp_continuation:cpp_continuation:cpp_continuation:cpp_continuation:cpp_continuation:cpp_continuation:r2r2r2r2r:slot=4:wrist_root=0,r2r2r2r2r:slot=7:wrist_root=0,True,True,True,SEARCH_BRANCH_CHANGE|BRANCH_ID_CHANGE,SEARCH_BRANCH_CHANGE
trial_0019,trial_0019_bite_019_withdrawal,trial_0019_bite_019,withdrawal,B2,87,88,24961,24962,3.0913397186911378,2,-3.164047720637081,-3.1656719517282923,-0.0016242310912111255,0.0006808456808653585,0.012762141694342389,7,5,cpp_continuation:r2r2r2r2r:slot=7:wrist_root=0,r2r2r2r2r:slot=5:wrist_root=0,True,True,True,SEARCH_BRANCH_CHANGE|BRANCH_ID_CHANGE,SEARCH_BRANCH_CHANGE
trial_0019,trial_0019_bite_019_withdrawal,trial_0019_bite_019,withdrawal,B3,84,85,24958,24959,3.1001859361126605,4,-3.123644101511156,-3.117271918141007,0.006372183370149109,0.0006404867223893392,0.019194736749008918,4,7,cpp_continuation:cpp_continuation:cpp_continuation:cpp_continuation:cpp_continuation:cpp_continuation:cpp_continuation:cpp_continuation:cpp_continuation:cpp_continuation:cpp_continuation:cpp_continuation:cpp_continuation:cpp_continuation:cpp_continuation:cpp_continuation:cpp_continuation:cpp_continuation:cpp_continuation:cpp_continuation:cpp_continuation:cpp_continuation:cpp_continuation:cpp_continuation:cpp_continuation:cpp_continuation:cpp_continuation:cpp_continuation:cpp_continuation:cpp_continuation:cpp_continuation:cpp_continuation:cpp_continuation:cpp_continuation:cpp_continuation:cpp_continuation:cpp_continuation:cpp_continuation:cpp_continuation:cpp_continuation:cpp_continuation:cpp_continuation:cpp_continuation:cpp_continuation:cpp_continuation:cpp_continuation:cpp_continuation:cpp_continuation:cpp_continuation:cpp_continuation:cpp_continuation:cpp_continuation:cpp_continuation:cpp_continuation:cpp_continuation:cpp_continuation:cpp_continuation:cpp_continuation:cpp_continuation:cpp_continuation:cpp_continuation:cpp_continuation:cpp_continuation:cpp_continuation:cpp_continuation:cpp_continuation:cpp_continuation:cpp_continuation:cpp_continuation:cpp_continuation:cpp_continuation:cpp_continuation:cpp_continuation:cpp_continuation:cpp_continuation:cpp_continuation:cpp_continuation:cpp_continuation:cpp_continuation:cpp_continuation:cpp_continuation:cpp_continuation:cpp_continuation:cpp_continuation:r2r2r2r2r:slot=4:wrist_root=0,r2r2r2r2r:slot=7:wrist_root=0,True,True,True,SEARCH_BRANCH_CHANGE|BRANCH_ID_CHANGE,SEARCH_BRANCH_CHANGE
trial_0019,trial_0019_bite_019_withdrawal,trial_0019_bite_019,withdrawal,B3,86,87,24960,24961,3.0897989087792386,2,-3.115505807674797,-3.1181447336995913,-0.002638926024794319,0.0009199327599482253,0.02205306269405089,7,5,cpp_continuation:r2r2r2r2r:slot=7:wrist_root=0,r2r2r2r2r:slot=5:wrist_root=0,True,True,True,SEARCH_BRANCH_CHANGE|BRANCH_ID_CHANGE,SEARCH_BRANCH_CHANGE
trial_0019,trial_0019_bite_019_withdrawal,trial_0019_bite_019,withdrawal,StrongLocal,84,85,24958,24959,3.0988495755209997,4,-3.1219089321342826,-3.1175082084056385,0.004400723728644085,0.0006404867223893392,0.019194736749008918,4,7,cpp_continuation:cpp_continuation:cpp_continuation:cpp_continuation:cpp_continuation:cpp_continuation:cpp_continuation:cpp_continuation:cpp_continuation:cpp_continuation:cpp_continuation:cpp_continuation:cpp_continuation:cpp_continuation:cpp_continuation:cpp_continuation:cpp_continuation:cpp_continuation:cpp_continuation:cpp_continuation:cpp_continuation:cpp_continuation:cpp_continuation:cpp_continuation:cpp_continuation:cpp_continuation:cpp_continuation:cpp_continuation:cpp_continuation:cpp_continuation:cpp_continuation:cpp_continuation:cpp_continuation:cpp_continuation:cpp_continuation:cpp_continuation:cpp_continuation:cpp_continuation:cpp_continuation:cpp_continuation:cpp_continuation:cpp_continuation:cpp_continuation:cpp_continuation:cpp_continuation:cpp_continuation:cpp_continuation:cpp_continuation:cpp_continuation:cpp_continuation:cpp_continuation:cpp_continuation:cpp_continuation:cpp_continuation:cpp_continuation:cpp_continuation:cpp_continuation:cpp_continuation:cpp_continuation:cpp_continuation:cpp_continuation:cpp_continuation:cpp_continuation:cpp_continuation:cpp_continuation:cpp_continuation:cpp_continuation:cpp_continuation:cpp_continuation:cpp_continuation:cpp_continuation:cpp_continuation:cpp_continuation:cpp_continuation:cpp_continuation:cpp_continuation:cpp_continuation:cpp_continuation:cpp_continuation:cpp_continuation:cpp_continuation:cpp_continuation:cpp_continuation:cpp_continuation:r2r2r2r2r:slot=4:wrist_root=0,r2r2r2r2r:slot=7:wrist_root=0,True,True,True,SEARCH_BRANCH_CHANGE|BRANCH_ID_CHANGE,SEARCH_BRANCH_CHANGE
trial_0019,trial_0019_bite_019_withdrawal,trial_0019_bite_019,withdrawal,StrongLocal,87,88,24961,24962,3.087015309125156,2,-3.117620983045627,-3.1243771354084253,-0.006756152362798139,0.0006808456808653585,0.012762141694342389,6,5,r2r2r2r2r:slot=6:wrist_root=0,r2r2r2r2r:slot=5:wrist_root=0,True,True,True,SEARCH_BRANCH_CHANGE|BRANCH_ID_CHANGE,SEARCH_BRANCH_CHANGE
trial_0019,trial_0019_bite_019_withdrawal,trial_0019_bite_019,withdrawal,H_star,84,85,24958,24959,3.097559703891346,2,-3.1413272554976035,-3.1419670524679866,-0.0006397969703830774,0.0006404867223893392,0.019194736749008918,4,7,cpp_continuation:cpp_continuation:cpp_continuation:cpp_continuation:cpp_continuation:cpp_continuation:cpp_continuation:cpp_continuation:cpp_continuation:cpp_continuation:cpp_continuation:cpp_continuation:cpp_continuation:cpp_continuation:cpp_continuation:cpp_continuation:cpp_continuation:cpp_continuation:cpp_continuation:cpp_continuation:cpp_continuation:cpp_continuation:cpp_continuation:cpp_continuation:cpp_continuation:cpp_continuation:cpp_continuation:cpp_continuation:cpp_continuation:cpp_continuation:cpp_continuation:cpp_continuation:cpp_continuation:cpp_continuation:cpp_continuation:cpp_continuation:cpp_continuation:cpp_continuation:cpp_continuation:cpp_continuation:cpp_continuation:cpp_continuation:cpp_continuation:cpp_continuation:cpp_continuation:cpp_continuation:cpp_continuation:cpp_continuation:cpp_continuation:cpp_continuation:cpp_continuation:cpp_continuation:cpp_continuation:cpp_continuation:cpp_continuation:cpp_continuation:cpp_continuation:cpp_continuation:cpp_continuation:cpp_continuation:cpp_continuation:cpp_continuation:cpp_continuation:cpp_continuation:cpp_continuation:cpp_continuation:cpp_continuation:cpp_continuation:cpp_continuation:cpp_continuation:cpp_continuation:cpp_continuation:cpp_continuation:cpp_continuation:cpp_continuation:cpp_continuation:cpp_continuation:cpp_continuation:cpp_continuation:cpp_continuation:cpp_continuation:cpp_continuation:cpp_continuation:cpp_continuation:r2r2r2r2r:slot=4:wrist_root=0,r2r2r2r2r:slot=7:wrist_root=0,True,True,True,SEARCH_BRANCH_CHANGE|BRANCH_ID_CHANGE,SEARCH_BRANCH_CHANGE
trial_0019,trial_0019_bite_019_withdrawal,trial_0019_bite_019,withdrawal,H_star,86,87,24960,24961,3.094851095805541,2,-3.1454712092904886,-3.141606633258586,0.003864576031902711,0.0009199327599482253,0.02205306269405089,7,5,cpp_continuation:r2r2r2r2r:slot=7:wrist_root=0,r2r2r2r2r:slot=5:wrist_root=0,True,True,True,SEARCH_BRANCH_CHANGE|BRANCH_ID_CHANGE,SEARCH_BRANCH_CHANGE
trial_0019,trial_0019_bite_019_withdrawal,trial_0019_bite_019,withdrawal,HumanGT,85,86,24959,24960,3.1178211268421117,4,-3.2244533514005456,-3.220714862879028,0.003738488521517702,0.0009005641790977667,0.030116939057982555,4,7,cpp_continuation:cpp_continuation:cpp_continuation:cpp_continuation:cpp_continuation:cpp_continuation:cpp_continuation:cpp_continuation:cpp_continuation:cpp_continuation:cpp_continuation:cpp_continuation:cpp_continuation:cpp_continuation:cpp_continuation:cpp_continuation:cpp_continuation:cpp_continuation:cpp_continuation:cpp_continuation:cpp_continuation:cpp_continuation:cpp_continuation:cpp_continuation:cpp_continuation:cpp_continuation:cpp_continuation:cpp_continuation:cpp_continuation:cpp_continuation:cpp_continuation:cpp_continuation:cpp_continuation:cpp_continuation:cpp_continuation:cpp_continuation:cpp_continuation:cpp_continuation:cpp_continuation:cpp_continuation:cpp_continuation:cpp_continuation:cpp_continuation:cpp_continuation:cpp_continuation:cpp_continuation:cpp_continuation:cpp_continuation:cpp_continuation:cpp_continuation:cpp_continuation:cpp_continuation:cpp_continuation:cpp_continuation:cpp_continuation:cpp_continuation:cpp_continuation:cpp_continuation:cpp_continuation:cpp_continuation:cpp_continuation:cpp_continuation:cpp_continuation:cpp_continuation:cpp_continuation:cpp_continuation:cpp_continuation:cpp_continuation:cpp_continuation:cpp_continuation:cpp_continuation:cpp_continuation:cpp_continuation:cpp_continuation:cpp_continuation:cpp_continuation:cpp_continuation:cpp_continuation:cpp_continuation:cpp_continuation:cpp_continuation:cpp_continuation:cpp_continuation:cpp_continuation:cpp_continuation:r2r2r2r2r:slot=4:wrist_root=0,r2r2r2r2r:slot=7:wrist_root=0,True,True,True,SEARCH_BRANCH_CHANGE|BRANCH_ID_CHANGE,SEARCH_BRANCH_CHANGE
trial_0020,trial_0020_bite_002_withdrawal,trial_0020_bite_002,withdrawal,B0,95,96,2092,2093,3.1063806728538865,2,-2.618492503777259,-2.618492503777259,0.0,0.0013505302044252779,0.01008963647530626,7,5,cpp_continuation:cpp_continuation:cpp_continuation:cpp_continuation:cpp_continuation:cpp_continuation:cpp_continuation:cpp_continuation:cpp_continuation:cpp_continuation:cpp_continuation:cpp_continuation:cpp_continuation:cpp_continuation:cpp_continuation:cpp_continuation:cpp_continuation:cpp_continuation:cpp_continuation:cpp_continuation:cpp_continuation:cpp_continuation:cpp_continuation:cpp_continuation:cpp_continuation:cpp_continuation:cpp_continuation:cpp_continuation:cpp_continuation:cpp_continuation:cpp_continuation:cpp_continuation:cpp_continuation:cpp_continuation:cpp_continuation:cpp_continuation:cpp_continuation:cpp_continuation:cpp_continuation:cpp_continuation:cpp_continuation:cpp_continuation:cpp_continuation:cpp_continuation:cpp_continuation:cpp_continuation:cpp_continuation:cpp_continuation:cpp_continuation:cpp_continuation:cpp_continuation:cpp_continuation:cpp_continuation:cpp_continuation:cpp_continuation:cpp_continuation:cpp_continuation:cpp_continuation:cpp_continuation:cpp_continuation:cpp_continuation:cpp_continuation:cpp_continuation:cpp_continuation:cpp_continuation:cpp_continuation:cpp_continuation:cpp_continuation:cpp_continuation:cpp_continuation:cpp_continuation:cpp_continuation:cpp_continuation:cpp_continuation:cpp_continuation:cpp_continuation:cpp_continuation:cpp_continuation:cpp_continuation:cpp_continuation:cpp_continuation:cpp_continuation:cpp_continuation:cpp_continuation:cpp_continuation:cpp_continuation:cpp_continuation:cpp_continuation:cpp_continuation:cpp_continuation:cpp_continuation:cpp_continuation:cpp_continuation:cpp_continuation:cpp_continuation:r2r2r2r2r:slot=7:wrist_root=0,r2r2r2r2r:slot=5:wrist_root=0,True,True,True,SEARCH_BRANCH_CHANGE|BRANCH_ID_CHANGE,SEARCH_BRANCH_CHANGE
trial_0020,trial_0020_bite_002_withdrawal,trial_0020_bite_002,withdrawal,B1,98,99,2095,2096,3.1245743799203525,6,-2.7044591395996904,-2.705336350169307,-0.0008772105696164267,0.0015756955302452856,0.014373417416295966,7,6,cpp_continuation:cpp_continuation:cpp_continuation:cpp_continuation:cpp_continuation:cpp_continuation:cpp_continuation:cpp_continuation:cpp_continuation:cpp_continuation:cpp_continuation:cpp_continuation:cpp_continuation:cpp_continuation:cpp_continuation:cpp_continuation:cpp_continuation:cpp_continuation:cpp_continuation:cpp_continuation:cpp_continuation:cpp_continuation:cpp_continuation:cpp_continuation:cpp_continuation:cpp_continuation:cpp_continuation:cpp_continuation:cpp_continuation:cpp_continuation:cpp_continuation:cpp_continuation:cpp_continuation:cpp_continuation:cpp_continuation:cpp_continuation:cpp_continuation:cpp_continuation:cpp_continuation:cpp_continuation:cpp_continuation:cpp_continuation:cpp_continuation:cpp_continuation:cpp_continuation:cpp_continuation:cpp_continuation:cpp_continuation:cpp_continuation:cpp_continuation:cpp_continuation:cpp_continuation:cpp_continuation:cpp_continuation:cpp_continuation:cpp_continuation:cpp_continuation:cpp_continuation:cpp_continuation:cpp_continuation:cpp_continuation:cpp_continuation:cpp_continuation:cpp_continuation:cpp_continuation:cpp_continuation:cpp_continuation:cpp_continuation:cpp_continuation:cpp_continuation:cpp_continuation:cpp_continuation:cpp_continuation:cpp_continuation:cpp_continuation:cpp_continuation:cpp_continuation:cpp_continuation:cpp_continuation:cpp_continuation:cpp_continuation:cpp_continuation:cpp_continuation:cpp_continuation:cpp_continuation:cpp_continuation:cpp_continuation:cpp_continuation:cpp_continuation:cpp_continuation:cpp_continuation:cpp_continuation:cpp_continuation:cpp_continuation:cpp_continuation:cpp_continuation:cpp_continuation:cpp_continuation:r2r2r2r2r:slot=7:wrist_root=0,r2r2r2r2r:slot=6:wrist_root=0,True,True,True,SEARCH_BRANCH_CHANGE|BRANCH_ID_CHANGE,SEARCH_BRANCH_CHANGE
trial_0020,trial_0020_bite_002_withdrawal,trial_0020_bite_002,withdrawal,B1,99,100,2096,2097,3.107344899261943,2,-2.705336350169307,-2.7062135607389233,-0.0008772105696164267,0.001415803443807796,0.013394617155959302,6,4,r2r2r2r2r:slot=6:wrist_root=0,r2r2r2r2r:slot=4:wrist_root=0,True,True,True,SEARCH_BRANCH_CHANGE|BRANCH_ID_CHANGE,SEARCH_BRANCH_CHANGE
trial_0020,trial_0020_bite_008_withdrawal,trial_0020_bite_008,withdrawal,B0,94,95,13315,13316,3.124787598973177,2,-2.6996944959616807,-2.6996944959616807,0.0,0.001039447686244984,0.0058174316064059425,6,1,r2r2r2r2r:slot=6:wrist_root=0,r2r2r2r2r:slot=1:wrist_root=0,True,True,True,SEARCH_BRANCH_CHANGE|BRANCH_ID_CHANGE,SEARCH_BRANCH_CHANGE
trial_0020,trial_0020_bite_010_withdrawal,trial_0020_bite_010,withdrawal,B0,96,97,14917,14918,3.1125681371472047,2,-2.7600784042406215,-2.7600784042406215,0.0,0.001955920916120604,0.011229079034548927,6,4,cpp_continuation:cpp_continuation:cpp_continuation:cpp_continuation:cpp_continuation:cpp_continuation:cpp_continuation:cpp_continuation:cpp_continuation:cpp_continuation:cpp_continuation:cpp_continuation:cpp_continuation:cpp_continuation:cpp_continuation:cpp_continuation:cpp_continuation:cpp_continuation:cpp_continuation:cpp_continuation:cpp_continuation:cpp_continuation:cpp_continuation:cpp_continuation:cpp_continuation:cpp_continuation:cpp_continuation:cpp_continuation:cpp_continuation:cpp_continuation:cpp_continuation:cpp_continuation:cpp_continuation:cpp_continuation:cpp_continuation:cpp_continuation:cpp_continuation:cpp_continuation:cpp_continuation:cpp_continuation:cpp_continuation:cpp_continuation:cpp_continuation:cpp_continuation:cpp_continuation:cpp_continuation:cpp_continuation:cpp_continuation:cpp_continuation:cpp_continuation:cpp_continuation:cpp_continuation:cpp_continuation:cpp_continuation:cpp_continuation:cpp_continuation:cpp_continuation:cpp_continuation:cpp_continuation:cpp_continuation:cpp_continuation:cpp_continuation:cpp_continuation:cpp_continuation:cpp_continuation:cpp_continuation:cpp_continuation:cpp_continuation:cpp_continuation:cpp_continuation:cpp_continuation:cpp_continuation:cpp_continuation:cpp_continuation:cpp_continuation:cpp_continuation:cpp_continuation:cpp_continuation:cpp_continuation:cpp_continuation:cpp_continuation:cpp_continuation:cpp_continuation:cpp_continuation:cpp_continuation:cpp_continuation:cpp_continuation:cpp_continuation:cpp_continuation:cpp_continuation:cpp_continuation:cpp_continuation:cpp_continuation:cpp_continuation:cpp_continuation:cpp_continuation:r2r2r2r2r:slot=6:wrist_root=0,r2r2r2r2r:slot=4:wrist_root=0,True,True,True,SEARCH_BRANCH_CHANGE|BRANCH_ID_CHANGE,SEARCH_BRANCH_CHANGE
trial_0020,trial_0020_bite_011_withdrawal,trial_0020_bite_011,withdrawal,B0,83,84,15968,15969,3.1244642198600894,2,-2.714392293684172,-2.714392293684172,0.0,0.0017976734309503664,0.00908121987653027,7,0,cpp_continuation:r2r2r2r2r:slot=7:wrist_root=0,r2r2r2r2r:slot=0:wrist_root=0,True,True,True,SEARCH_BRANCH_CHANGE|BRANCH_ID_CHANGE,SEARCH_BRANCH_CHANGE
trial_0020,trial_0020_bite_011_withdrawal,trial_0020_bite_011,withdrawal,B1,89,90,15974,15975,3.1180602418874153,6,-2.8027158791178968,-2.803708278954231,-0.0009923998363343678,0.0018081781437947564,0.022370572876678572,7,6,cpp_continuation:cpp_continuation:cpp_continuation:cpp_continuation:cpp_continuation:cpp_continuation:cpp_continuation:cpp_continuation:cpp_continuation:cpp_continuation:cpp_continuation:cpp_continuation:cpp_continuation:cpp_continuation:cpp_continuation:cpp_continuation:cpp_continuation:cpp_continuation:cpp_continuation:cpp_continuation:cpp_continuation:cpp_continuation:cpp_continuation:cpp_continuation:cpp_continuation:cpp_continuation:cpp_continuation:cpp_continuation:cpp_continuation:cpp_continuation:cpp_continuation:cpp_continuation:cpp_continuation:cpp_continuation:cpp_continuation:cpp_continuation:cpp_continuation:cpp_continuation:cpp_continuation:cpp_continuation:cpp_continuation:cpp_continuation:cpp_continuation:cpp_continuation:cpp_continuation:cpp_continuation:cpp_continuation:cpp_continuation:cpp_continuation:cpp_continuation:cpp_continuation:cpp_continuation:cpp_continuation:cpp_continuation:cpp_continuation:cpp_continuation:cpp_continuation:cpp_continuation:cpp_continuation:cpp_continuation:cpp_continuation:cpp_continuation:cpp_continuation:cpp_continuation:cpp_continuation:cpp_continuation:cpp_continuation:cpp_continuation:cpp_continuation:cpp_continuation:cpp_continuation:cpp_continuation:cpp_continuation:cpp_continuation:cpp_continuation:cpp_continuation:cpp_continuation:cpp_continuation:cpp_continuation:cpp_continuation:cpp_continuation:cpp_continuation:cpp_continuation:cpp_continuation:cpp_continuation:cpp_continuation:cpp_continuation:cpp_continuation:cpp_continuation:r2r2r2r2r:slot=7:wrist_root=0,r2r2r2r2r:slot=6:wrist_root=0,True,True,True,SEARCH_BRANCH_CHANGE|BRANCH_ID_CHANGE,SEARCH_BRANCH_CHANGE
trial_0020,trial_0020_bite_012_withdrawal,trial_0020_bite_012,withdrawal,B0,98,99,16835,16836,3.129919314235,6,-2.7285423896011145,-2.7285423896011145,0.0,0.0013578532212964276,0.011904438616147662,7,7,cpp_continuation:cpp_continuation:cpp_continuation:cpp_continuation:cpp_continuation:cpp_continuation:cpp_continuation:cpp_continuation:cpp_continuation:cpp_continuation:cpp_continuation:cpp_continuation:cpp_continuation:cpp_continuation:cpp_continuation:cpp_continuation:cpp_continuation:cpp_continuation:cpp_continuation:cpp_continuation:cpp_continuation:cpp_continuation:cpp_continuation:cpp_continuation:cpp_continuation:cpp_continuation:cpp_continuation:cpp_continuation:cpp_continuation:cpp_continuation:cpp_continuation:cpp_continuation:cpp_continuation:cpp_continuation:cpp_continuation:cpp_continuation:cpp_continuation:cpp_continuation:cpp_continuation:cpp_continuation:cpp_continuation:cpp_continuation:cpp_continuation:cpp_continuation:cpp_continuation:cpp_continuation:cpp_continuation:cpp_continuation:cpp_continuation:cpp_continuation:cpp_continuation:cpp_continuation:cpp_continuation:cpp_continuation:cpp_continuation:cpp_continuation:cpp_continuation:cpp_continuation:cpp_continuation:cpp_continuation:cpp_continuation:cpp_continuation:cpp_continuation:cpp_continuation:cpp_continuation:cpp_continuation:cpp_continuation:cpp_continuation:cpp_continuation:cpp_continuation:cpp_continuation:cpp_continuation:cpp_continuation:cpp_continuation:cpp_continuation:cpp_continuation:cpp_continuation:cpp_continuation:cpp_continuation:cpp_continuation:cpp_continuation:cpp_continuation:cpp_continuation:cpp_continuation:cpp_continuation:cpp_continuation:cpp_continuation:cpp_continuation:cpp_continuation:cpp_continuation:cpp_continuation:cpp_continuation:cpp_continuation:cpp_continuation:cpp_continuation:cpp_continuation:cpp_continuation:cpp_continuation:r2r2r2r2r:slot=7:wrist_root=0,r2r2r2r2r:slot=7:wrist_root=0,False,True,True,BRANCH_ID_CHANGE,BRANCH_ID_CHANGE
trial_0020,trial_0020_bite_012_withdrawal,trial_0020_bite_012,withdrawal,B0,99,100,16836,16837,3.1226908113793534,2,-2.7285423896011145,-2.7285423896011145,0.0,0.0010816552563164567,0.008070908736522782,7,1,r2r2r2r2r:slot=7:wrist_root=0,r2r2r2r2r:slot=1:wrist_root=0,True,True,True,SEARCH_BRANCH_CHANGE|BRANCH_ID_CHANGE,SEARCH_BRANCH_CHANGE
trial_0020,trial_0020_bite_012_withdrawal,trial_0020_bite_012,withdrawal,B1,100,101,16837,16838,3.1407819372330303,6,-2.8084184739889717,-2.809217234832851,-0.0007987608438790872,0.0007552512711760059,0.003045006524327269,7,6,cpp_continuation:cpp_continuation:cpp_continuation:cpp_continuation:cpp_continuation:cpp_continuation:cpp_continuation:cpp_continuation:cpp_continuation:cpp_continuation:cpp_continuation:cpp_continuation:cpp_continuation:cpp_continuation:cpp_continuation:cpp_continuation:cpp_continuation:cpp_continuation:cpp_continuation:cpp_continuation:cpp_continuation:cpp_continuation:cpp_continuation:cpp_continuation:cpp_continuation:cpp_continuation:cpp_continuation:cpp_continuation:cpp_continuation:cpp_continuation:cpp_continuation:cpp_continuation:cpp_continuation:cpp_continuation:cpp_continuation:cpp_continuation:cpp_continuation:cpp_continuation:cpp_continuation:cpp_continuation:cpp_continuation:cpp_continuation:cpp_continuation:cpp_continuation:cpp_continuation:cpp_continuation:cpp_continuation:cpp_continuation:cpp_continuation:cpp_continuation:cpp_continuation:cpp_continuation:cpp_continuation:cpp_continuation:cpp_continuation:cpp_continuation:cpp_continuation:cpp_continuation:cpp_continuation:cpp_continuation:cpp_continuation:cpp_continuation:cpp_continuation:cpp_continuation:cpp_continuation:cpp_continuation:cpp_continuation:cpp_continuation:cpp_continuation:cpp_continuation:cpp_continuation:cpp_continuation:cpp_continuation:cpp_continuation:cpp_continuation:cpp_continuation:cpp_continuation:cpp_continuation:cpp_continuation:cpp_continuation:cpp_continuation:cpp_continuation:cpp_continuation:cpp_continuation:cpp_continuation:cpp_continuation:cpp_continuation:cpp_continuation:cpp_continuation:cpp_continuation:cpp_continuation:cpp_continuation:cpp_continuation:cpp_continuation:cpp_continuation:cpp_continuation:cpp_continuation:cpp_continuation:cpp_continuation:cpp_continuation:r2r2r2r2r:slot=7:wrist_root=0,r2r2r2r2r:slot=6:wrist_root=0,True,True,True,SEARCH_BRANCH_CHANGE|BRANCH_ID_CHANGE,SEARCH_BRANCH_CHANGE
trial_0020,trial_0020_bite_012_withdrawal,trial_0020_bite_012,withdrawal,B1,107,108,16844,16845,3.12539539336288,6,-2.814009799896122,-2.814808560740001,-0.0007987608438786431,0.0011513418463388555,0.011758632398903388,6,6,cpp_continuation:cpp_continuation:cpp_continuation:cpp_continuation:cpp_continuation:cpp_continuation:r2r2r2r2r:slot=6:wrist_root=0,r2r2r2r2r:slot=6:wrist_root=0,False,True,True,BRANCH_ID_CHANGE,BRANCH_ID_CHANGE
trial_0020,trial_0020_bite_012_withdrawal,trial_0020_bite_012,withdrawal,B1,108,109,16845,16846,3.1242751228857437,2,-2.814808560740001,-2.8156073215838795,-0.0007987608438786431,0.0010690978619476786,0.008969218737679065,6,0,r2r2r2r2r:slot=6:wrist_root=0,r2r2r2r2r:slot=0:wrist_root=0,True,True,True,SEARCH_BRANCH_CHANGE|BRANCH_ID_CHANGE,SEARCH_BRANCH_CHANGE
trial_0020,trial_0020_bite_013_withdrawal,trial_0020_bite_013,withdrawal,B0,140,141,18845,18846,3.1213780184746924,2,-2.7058884616331214,-2.7058884616331214,0.0,0.0009995930115847028,0.009713254644153131,6,1,cpp_continuation:cpp_continuation:cpp_continuation:cpp_continuation:cpp_continuation:cpp_continuation:cpp_continuation:cpp_continuation:cpp_continuation:cpp_continuation:cpp_continuation:cpp_continuation:cpp_continuation:cpp_continuation:cpp_continuation:cpp_continuation:cpp_continuation:cpp_continuation:cpp_continuation:cpp_continuation:cpp_continuation:cpp_continuation:cpp_continuation:cpp_continuation:cpp_continuation:cpp_continuation:cpp_continuation:cpp_continuation:cpp_continuation:cpp_continuation:cpp_continuation:cpp_continuation:cpp_continuation:cpp_continuation:cpp_continuation:cpp_continuation:cpp_continuation:cpp_continuation:cpp_continuation:cpp_continuation:cpp_continuation:cpp_continuation:cpp_continuation:cpp_continuation:cpp_continuation:cpp_continuation:cpp_continuation:cpp_continuation:cpp_continuation:cpp_continuation:cpp_continuation:cpp_continuation:cpp_continuation:cpp_continuation:cpp_continuation:cpp_continuation:cpp_continuation:cpp_continuation:cpp_continuation:cpp_continuation:cpp_continuation:cpp_continuation:cpp_continuation:cpp_continuation:cpp_continuation:cpp_continuation:cpp_continuation:cpp_continuation:cpp_continuation:cpp_continuation:cpp_continuation:cpp_continuation:cpp_continuation:cpp_continuation:cpp_continuation:cpp_continuation:cpp_continuation:cpp_continuation:cpp_continuation:cpp_continuation:cpp_continuation:cpp_continuation:cpp_continuation:cpp_continuation:cpp_continuation:cpp_continuation:cpp_continuation:cpp_continuation:cpp_continuation:cpp_continuation:cpp_continuation:cpp_continuation:cpp_continuation:cpp_continuation:cpp_continuation:cpp_continuation:cpp_continuation:cpp_continuation:cpp_continuation:cpp_continuation:cpp_continuation:cpp_continuation:cpp_continuation:cpp_continuation:cpp_continuation:cpp_continuation:cpp_continuation:cpp_continuation:cpp_continuation:cpp_continuation:cpp_continuation:cpp_continuation:cpp_continuation:cpp_continuation:cpp_continuation:cpp_continuation:cpp_continuation:cpp_continuation:cpp_continuation:cpp_continuation:cpp_continuation:cpp_continuation:cpp_continuation:cpp_continuation:cpp_continuation:cpp_continuation:cpp_continuation:cpp_continuation:cpp_continuation:cpp_continuation:cpp_continuation:cpp_continuation:cpp_continuation:cpp_continuation:cpp_continuation:cpp_continuation:cpp_continuation:cpp_continuation:cpp_continuation:cpp_continuation:r2r2r2r2r:slot=6:wrist_root=0,r2r2r2r2r:slot=1:wrist_root=0,True,True,True,SEARCH_BRANCH_CHANGE|BRANCH_ID_CHANGE,SEARCH_BRANCH_CHANGE
trial_0020,trial_0020_bite_013_withdrawal,trial_0020_bite_013,withdrawal,B1,146,147,18851,18852,3.1369958999211236,6,-2.8028083753788744,-2.8034722104045304,-0.0006638350256560345,0.0007272101120329906,0.004781158186083681,6,7,cpp_continuation:cpp_continuation:cpp_continuation:cpp_continuation:cpp_continuation:cpp_continuation:cpp_continuation:cpp_continuation:cpp_continuation:cpp_continuation:cpp_continuation:cpp_continuation:cpp_continuation:cpp_continuation:cpp_continuation:cpp_continuation:cpp_continuation:cpp_continuation:cpp_continuation:cpp_continuation:cpp_continuation:cpp_continuation:cpp_continuation:cpp_continuation:cpp_continuation:cpp_continuation:cpp_continuation:cpp_continuation:cpp_continuation:cpp_continuation:cpp_continuation:cpp_continuation:cpp_continuation:cpp_continuation:cpp_continuation:cpp_continuation:cpp_continuation:cpp_continuation:cpp_continuation:cpp_continuation:cpp_continuation:cpp_continuation:cpp_continuation:cpp_continuation:cpp_continuation:cpp_continuation:cpp_continuation:cpp_continuation:cpp_continuation:cpp_continuation:cpp_continuation:cpp_continuation:cpp_continuation:cpp_continuation:cpp_continuation:cpp_continuation:cpp_continuation:cpp_continuation:cpp_continuation:cpp_continuation:cpp_continuation:cpp_continuation:cpp_continuation:cpp_continuation:cpp_continuation:cpp_continuation:cpp_continuation:cpp_continuation:cpp_continuation:cpp_continuation:cpp_continuation:cpp_continuation:cpp_continuation:cpp_continuation:cpp_continuation:cpp_continuation:cpp_continuation:cpp_continuation:cpp_continuation:cpp_continuation:cpp_continuation:cpp_continuation:cpp_continuation:cpp_continuation:cpp_continuation:cpp_continuation:cpp_continuation:cpp_continuation:cpp_continuation:cpp_continuation:cpp_continuation:cpp_continuation:cpp_continuation:cpp_continuation:cpp_continuation:cpp_continuation:cpp_continuation:cpp_continuation:cpp_continuation:cpp_continuation:cpp_continuation:cpp_continuation:cpp_continuation:cpp_continuation:cpp_continuation:cpp_continuation:cpp_continuation:cpp_continuation:cpp_continuation:cpp_continuation:cpp_continuation:cpp_continuation:cpp_continuation:cpp_continuation:cpp_continuation:cpp_continuation:cpp_continuation:cpp_continuation:cpp_continuation:cpp_continuation:cpp_continuation:cpp_continuation:cpp_continuation:cpp_continuation:cpp_continuation:cpp_continuation:cpp_continuation:cpp_continuation:cpp_continuation:cpp_continuation:cpp_continuation:cpp_continuation:cpp_continuation:cpp_continuation:cpp_continuation:cpp_continuation:cpp_continuation:cpp_continuation:cpp_continuation:cpp_continuation:cpp_continuation:cpp_continuation:cpp_continuation:cpp_continuation:cpp_continuation:cpp_continuation:r2r2r2r2r:slot=6:wrist_root=0,r2r2r2r2r:slot=7:wrist_root=0,True,True,True,SEARCH_BRANCH_CHANGE|BRANCH_ID_CHANGE,SEARCH_BRANCH_CHANGE
trial_0020,trial_0020_bite_013_withdrawal,trial_0020_bite_013,withdrawal,B1,147,148,18852,18853,3.122163708787151,2,-2.8034722104045304,-2.8041360454301865,-0.0006638350256560345,0.0006671448121247768,0.0037519325375980914,7,5,r2r2r2r2r:slot=7:wrist_root=0,r2r2r2r2r:slot=5:wrist_root=0,True,True,True,SEARCH_BRANCH_CHANGE|BRANCH_ID_CHANGE,SEARCH_BRANCH_CHANGE
trial_0020,trial_0020_bite_014_withdrawal,trial_0020_bite_014,withdrawal,B0,91,92,20362,20363,3.12135968667098,2,-2.698142584136299,-2.698142584136299,0.0,0.002113073959987731,0.011380331057434946,7,0,cpp_continuation:cpp_continuation:cpp_continuation:cpp_continuation:cpp_continuation:cpp_continuation:cpp_continuation:cpp_continuation:cpp_continuation:cpp_continuation:cpp_continuation:cpp_continuation:cpp_continuation:cpp_continuation:cpp_continuation:cpp_continuation:cpp_continuation:cpp_continuation:cpp_continuation:cpp_continuation:cpp_continuation:cpp_continuation:cpp_continuation:cpp_continuation:cpp_continuation:cpp_continuation:cpp_continuation:cpp_continuation:cpp_continuation:cpp_continuation:cpp_continuation:cpp_continuation:cpp_continuation:cpp_continuation:cpp_continuation:cpp_continuation:cpp_continuation:cpp_continuation:cpp_continuation:cpp_continuation:cpp_continuation:cpp_continuation:cpp_continuation:cpp_continuation:cpp_continuation:cpp_continuation:cpp_continuation:cpp_continuation:cpp_continuation:cpp_continuation:cpp_continuation:cpp_continuation:cpp_continuation:cpp_continuation:cpp_continuation:cpp_continuation:cpp_continuation:cpp_continuation:cpp_continuation:cpp_continuation:cpp_continuation:cpp_continuation:cpp_continuation:cpp_continuation:cpp_continuation:cpp_continuation:cpp_continuation:cpp_continuation:cpp_continuation:cpp_continuation:cpp_continuation:cpp_continuation:cpp_continuation:cpp_continuation:cpp_continuation:cpp_continuation:cpp_continuation:cpp_continuation:cpp_continuation:cpp_continuation:cpp_continuation:cpp_continuation:cpp_continuation:cpp_continuation:cpp_continuation:cpp_continuation:cpp_continuation:cpp_continuation:cpp_continuation:cpp_continuation:cpp_continuation:r2r2r2r2r:slot=7:wrist_root=0,r2r2r2r2r:slot=0:wrist_root=0,True,True,True,SEARCH_BRANCH_CHANGE|BRANCH_ID_CHANGE,SEARCH_BRANCH_CHANGE
trial_0020,trial_0020_bite_014_withdrawal,trial_0020_bite_014,withdrawal,B1,95,96,20366,20367,3.122010605470297,2,-2.778603967418378,-2.779450929347663,-0.0008469619292852392,0.00175121479350023,0.0167180574460225,7,0,cpp_continuation:cpp_continuation:cpp_continuation:cpp_continuation:cpp_continuation:cpp_continuation:cpp_continuation:cpp_continuation:cpp_continuation:cpp_continuation:cpp_continuation:cpp_continuation:cpp_continuation:cpp_continuation:cpp_continuation:cpp_continuation:cpp_continuation:cpp_continuation:cpp_continuation:cpp_continuation:cpp_continuation:cpp_continuation:cpp_continuation:cpp_continuation:cpp_continuation:cpp_continuation:cpp_continuation:cpp_continuation:cpp_continuation:cpp_continuation:cpp_continuation:cpp_continuation:cpp_continuation:cpp_continuation:cpp_continuation:cpp_continuation:cpp_continuation:cpp_continuation:cpp_continuation:cpp_continuation:cpp_continuation:cpp_continuation:cpp_continuation:cpp_continuation:cpp_continuation:cpp_continuation:cpp_continuation:cpp_continuation:cpp_continuation:cpp_continuation:cpp_continuation:cpp_continuation:cpp_continuation:cpp_continuation:cpp_continuation:cpp_continuation:cpp_continuation:cpp_continuation:cpp_continuation:cpp_continuation:cpp_continuation:cpp_continuation:cpp_continuation:cpp_continuation:cpp_continuation:cpp_continuation:cpp_continuation:cpp_continuation:cpp_continuation:cpp_continuation:cpp_continuation:cpp_continuation:cpp_continuation:cpp_continuation:cpp_continuation:cpp_continuation:cpp_continuation:cpp_continuation:cpp_continuation:cpp_continuation:cpp_continuation:cpp_continuation:cpp_continuation:cpp_continuation:cpp_continuation:cpp_continuation:cpp_continuation:cpp_continuation:cpp_continuation:cpp_continuation:cpp_continuation:cpp_continuation:cpp_continuation:cpp_continuation:cpp_continuation:r2r2r2r2r:slot=7:wrist_root=0,r2r2r2r2r:slot=0:wrist_root=0,True,True,True,SEARCH_BRANCH_CHANGE|BRANCH_ID_CHANGE,SEARCH_BRANCH_CHANGE
trial_0020,trial_0020_bite_015_withdrawal,trial_0020_bite_015,withdrawal,B0,95,96,22496,22497,3.12029774661084,6,-2.6459579463353187,-2.6459579463353187,0.0,0.00267659355585136,0.020010619524319227,7,6,cpp_continuation:cpp_continuation:cpp_continuation:cpp_continuation:cpp_continuation:cpp_continuation:cpp_continuation:cpp_continuation:cpp_continuation:cpp_continuation:cpp_continuation:cpp_continuation:cpp_continuation:cpp_continuation:cpp_continuation:cpp_continuation:cpp_continuation:cpp_continuation:cpp_continuation:cpp_continuation:cpp_continuation:cpp_continuation:cpp_continuation:cpp_continuation:cpp_continuation:cpp_continuation:cpp_continuation:cpp_continuation:cpp_continuation:cpp_continuation:cpp_continuation:cpp_continuation:cpp_continuation:cpp_continuation:cpp_continuation:cpp_continuation:cpp_continuation:cpp_continuation:cpp_continuation:cpp_continuation:cpp_continuation:cpp_continuation:cpp_continuation:cpp_continuation:cpp_continuation:cpp_continuation:cpp_continuation:cpp_continuation:cpp_continuation:cpp_continuation:cpp_continuation:cpp_continuation:cpp_continuation:cpp_continuation:cpp_continuation:cpp_continuation:cpp_continuation:cpp_continuation:cpp_continuation:cpp_continuation:cpp_continuation:cpp_continuation:cpp_continuation:cpp_continuation:cpp_continuation:cpp_continuation:cpp_continuation:cpp_continuation:cpp_continuation:cpp_continuation:cpp_continuation:cpp_continuation:cpp_continuation:cpp_continuation:cpp_continuation:cpp_continuation:cpp_continuation:cpp_continuation:cpp_continuation:cpp_continuation:cpp_continuation:cpp_continuation:cpp_continuation:cpp_continuation:cpp_continuation:cpp_continuation:cpp_continuation:cpp_continuation:cpp_continuation:cpp_continuation:cpp_continuation:cpp_continuation:cpp_continuation:cpp_continuation:cpp_continuation:r2r2r2r2r:slot=7:wrist_root=0,r2r2r2r2r:slot=6:wrist_root=0,True,True,True,SEARCH_BRANCH_CHANGE|BRANCH_ID_CHANGE,SEARCH_BRANCH_CHANGE
trial_0020,trial_0020_bite_015_withdrawal,trial_0020_bite_015,withdrawal,B0,97,98,22498,22499,3.118681567869563,4,-2.6459579463353187,-2.6459579463353187,0.0,0.002424563400306296,0.019106336082865376,6,6,cpp_continuation:r2r2r2r2r:slot=6:wrist_root=0,r2r2r2r2r:slot=6:wrist_root=0,False,True,True,BRANCH_ID_CHANGE,BRANCH_ID_CHANGE
trial_0020,trial_0020_bite_015_withdrawal,trial_0020_bite_015,withdrawal,B0,98,99,22499,22500,3.1278632246963087,6,-2.6459579463353187,-2.6459579463353187,0.0,0.0021113874072015227,0.012284829182767937,6,7,r2r2r2r2r:slot=6:wrist_root=0,r2r2r2r2r:slot=7:wrist_root=0,True,True,True,SEARCH_BRANCH_CHANGE|BRANCH_ID_CHANGE,SEARCH_BRANCH_CHANGE
trial_0020,trial_0020_bite_015_withdrawal,trial_0020_bite_015,withdrawal,B1,101,102,22502,22503,3.1392084763091415,6,-2.7422978100586537,-2.7432516700955185,-0.0009538600368648176,0.0014066670679098643,0.007246491061294437,7,6,cpp_continuation:cpp_continuation:r2r2r2r2r:slot=7:wrist_root=0,r2r2r2r2r:slot=6:wrist_root=0,True,True,True,SEARCH_BRANCH_CHANGE|BRANCH_ID_CHANGE,SEARCH_BRANCH_CHANGE
trial_0020,trial_0020_bite_015_withdrawal,trial_0020_bite_015,withdrawal,B1,102,103,22503,22504,3.136007226675866,6,-2.7432516700955185,-2.7442055301323833,-0.0009538600368648176,0.001305283933591077,0.006915642639281036,6,7,r2r2r2r2r:slot=6:wrist_root=0,r2r2r2r2r:slot=7:wrist_root=0,True,True,True,SEARCH_BRANCH_CHANGE|BRANCH_ID_CHANGE,SEARCH_BRANCH_CHANGE
