model,parent_bite_id,take,phase,circular_mae,circular_rmse,n_frames
F_star,trial_0012_bite_001,trial_0012,transfer,0.11680753932215751,0.12062911099069432,144
F_star,trial_0012_bite_001,trial_0012,withdrawal,0.10575945824073216,0.1100768716435747,102
F_star,trial_0012_bite_002,trial_0012,transfer,0.0707956010840322,0.0826660162905301,188
F_star,trial_0012_bite_002,trial_0012,withdrawal,0.10671439799460587,0.11305004075390401,113
F_star,trial_0012_bite_003,trial_0012,transfer,0.15539432609629825,0.17540750190275617,146
F_star,trial_0012_bite_003,trial_0012,withdrawal,0.1303373348635919,0.17112076642507867,99
F_star,trial_0012_bite_004,trial_0012,transfer,0.09848141353984823,0.11169132057848931,147
F_star,trial_0012_bite_004,trial_0012,withdrawal,0.10306479059799493,0.10849660391032674,140
F_star,trial_0012_bite_005,trial_0012,transfer,0.20905786603984056,0.21915591938933043,122
F_star,trial_0012_bite_005,trial_0012,withdrawal,0.12924090531190582,0.1397089259648886,137
F_star,trial_0012_bite_006,trial_0012,transfer,0.059831591628131425,0.0766946340968984,157
F_star,trial_0012_bite_006,trial_0012,withdrawal,0.11161718432218262,0.1275115770548442,131
F_star,trial_0012_bite_007,trial_0012,transfer,0.1836799784828607,0.19795189351918227,133
F_star,trial_0012_bite_007,trial_0012,withdrawal,0.18568385299809373,0.19779523357449708,140
F_star,trial_0012_bite_008,trial_0012,transfer,0.10014766141479021,0.10641227457718348,168
F_star,trial_0012_bite_008,trial_0012,withdrawal,0.11160854288574833,0.12425342709251429,98
F_star,trial_0012_bite_009,trial_0012,transfer,0.11958419488456334,0.13153093411756844,230
F_star,trial_0012_bite_009,trial_0012,withdrawal,0.1349553533888015,0.15234695087445793,138
F_star,trial_0012_bite_010,trial_0012,transfer,0.09299349154784767,0.0995285436045672,152
F_star,trial_0012_bite_010,trial_0012,withdrawal,0.15912513030966827,0.19130526659978025,99
F_star,trial_0012_bite_011,trial_0012,transfer,0.03232347441039196,0.03560594603553482,205
F_star,trial_0012_bite_011,trial_0012,withdrawal,0.18246418158985434,0.18723215733231713,175
F_star,trial_0012_bite_012,trial_0012,transfer,0.049420236060796,0.05702004481789834,180
F_star,trial_0012_bite_012,trial_0012,withdrawal,0.14381456828713865,0.16958233457141275,97
F_star,trial_0012_bite_013,trial_0012,transfer,0.07210446164321732,0.07916238388198081,204
F_star,trial_0012_bite_013,trial_0012,withdrawal,0.09494368323059324,0.11439902903323568,120
F_star,trial_0012_bite_014,trial_0012,transfer,0.08566917267813982,0.09963708651820541,176
F_star,trial_0012_bite_014,trial_0012,withdrawal,0.20150367708374425,0.20601995545811663,120
F_star,trial_0012_bite_015,trial_0012,transfer,0.10980272632645788,0.132544401314594,151
F_star,trial_0012_bite_015,trial_0012,withdrawal,0.13904674574789655,0.14120307553850903,115
F_star,trial_0013_bite_001,trial_0013,transfer,0.030060191203571954,0.0336027275781789,124
F_star,trial_0013_bite_001,trial_0013,withdrawal,0.213761985437079,0.250263793582729,85
F_star,trial_0013_bite_002,trial_0013,transfer,0.052676575234677704,0.06350677303362821,131
F_star,trial_0013_bite_002,trial_0013,withdrawal,0.05770438684654741,0.07471242756561979,116
F_star,trial_0013_bite_003,trial_0013,transfer,0.0439877436857561,0.04948116738857829,164
F_star,trial_0013_bite_003,trial_0013,withdrawal,0.13865406357232019,0.16799297914006037,94
F_star,trial_0013_bite_004,trial_0013,transfer,0.059044538227799384,0.05908602455426013,20
F_star,trial_0013_bite_004,trial_0013,withdrawal,0.1077639565662852,0.1292990397362001,71
F_star,trial_0013_bite_005,trial_0013,transfer,0.060559664475102214,0.06694422499242872,88
F_star,trial_0013_bite_005,trial_0013,withdrawal,0.21754382770757827,0.22061092340567687,81
F_star,trial_0013_bite_006,trial_0013,transfer,0.03443303024914622,0.03696547975558401,158
F_star,trial_0013_bite_006,trial_0013,withdrawal,0.07016597752261022,0.08072749719872689,142
F_star,trial_0013_bite_007,trial_0013,transfer,0.06257661486616835,0.06275922357264854,39
F_star,trial_0013_bite_007,trial_0013,withdrawal,0.07128011666348669,0.08130964713481226,136
F_star,trial_0013_bite_008,trial_0013,transfer,0.028387561291246526,0.0375211123172685,198
F_star,trial_0013_bite_008,trial_0013,withdrawal,0.020888354607456423,0.02285180978927052,85
F_star,trial_0013_bite_009,trial_0013,transfer,0.06241828035214646,0.07702612265953221,158
F_star,trial_0013_bite_009,trial_0013,withdrawal,0.0981085932260501,0.11233691171848711,108
F_star,trial_0013_bite_010,trial_0013,transfer,0.06726132793476654,0.07464504848223635,135
F_star,trial_0013_bite_010,trial_0013,withdrawal,0.17138827793225625,0.17793007574035116,140
F_star,trial_0013_bite_011,trial_0013,transfer,0.09347904668281175,0.10059359103867298,131
F_star,trial_0013_bite_011,trial_0013,withdrawal,0.03287971187363136,0.0437632601814579,118
F_star,trial_0013_bite_012,trial_0013,transfer,0.006689122611779674,0.007978598705839213,140
F_star,trial_0013_bite_012,trial_0013,withdrawal,0.04158674376945022,0.045508829641212396,94
F_star,trial_0014_bite_001,trial_0014,transfer,0.03827767043216343,0.044546485202908805,156
F_star,trial_0014_bite_001,trial_0014,withdrawal,0.10018110770458788,0.12915740551401936,98
F_star,trial_0014_bite_002,trial_0014,transfer,0.03283570892386062,0.03920242946412298,174
F_star,trial_0014_bite_002,trial_0014,withdrawal,0.028909727330756536,0.042960358426279606,109
F_star,trial_0014_bite_003,trial_0014,transfer,0.05808831734183822,0.06768526381029512,132
F_star,trial_0014_bite_003,trial_0014,withdrawal,0.027377631358753502,0.030875575238718103,102
F_star,trial_0014_bite_004,trial_0014,transfer,0.07806386844937231,0.09208242192561536,112
F_star,trial_0014_bite_004,trial_0014,withdrawal,0.05038355815732029,0.06583149594203107,95
F_star,trial_0014_bite_005,trial_0014,transfer,0.13432669630287217,0.15841041988418642,124
F_star,trial_0014_bite_005,trial_0014,withdrawal,0.0526111970048163,0.07059369765682182,62
F_star,trial_0014_bite_006,trial_0014,transfer,0.0722979129816034,0.0887401464872298,91
F_star,trial_0014_bite_006,trial_0014,withdrawal,0.09055597280682108,0.11452319981836565,81
F_star,trial_0014_bite_007,trial_0014,transfer,0.06094733297516677,0.07493370907974135,111
F_star,trial_0014_bite_007,trial_0014,withdrawal,0.03390392950762571,0.04545728584175627,86
F_star,trial_0014_bite_008,trial_0014,transfer,0.06853093898489428,0.0846905428481679,94
F_star,trial_0014_bite_008,trial_0014,withdrawal,0.049155972990519624,0.05504910479210678,74
F_star,trial_0014_bite_009,trial_0014,transfer,0.05913279029489088,0.07442097688157945,114
F_star,trial_0014_bite_009,trial_0014,withdrawal,0.018695249509390506,0.020122325191938954,52
F_star,trial_0014_bite_010,trial_0014,transfer,0.11176537350683387,0.13158547557964423,124
F_star,trial_0014_bite_010,trial_0014,withdrawal,0.057954413196316557,0.07550941447605918,77
F_star,trial_0014_bite_011,trial_0014,transfer,0.08778862571473599,0.10608300099691692,131
F_star,trial_0014_bite_011,trial_0014,withdrawal,0.026688376854244262,0.03393154705717329,81
F_star,trial_0014_bite_012,trial_0014,transfer,0.15792433846081716,0.1866568415231898,103
F_star,trial_0014_bite_012,trial_0014,withdrawal,0.08040257100553459,0.09484109103125674,104
F_star,trial_0014_bite_013,trial_0014,transfer,0.14235419456110107,0.1655146291303189,108
F_star,trial_0014_bite_013,trial_0014,withdrawal,0.0644757406063779,0.07167758431138675,115
F_star,trial_0014_bite_014,trial_0014,transfer,0.15648788395084576,0.17100293850795062,129
F_star,trial_0014_bite_014,trial_0014,withdrawal,0.02320557051699087,0.026326913969462545,106
F_star,trial_0014_bite_015,trial_0014,transfer,0.11035371388441124,0.13112787269455647,130
F_star,trial_0014_bite_015,trial_0014,withdrawal,0.1034953352081284,0.11711018780692252,106
F_star,trial_0014_bite_016,trial_0014,transfer,0.13635436233216414,0.14674136604338744,137
F_star,trial_0014_bite_016,trial_0014,withdrawal,0.06019752710565464,0.07045476137874285,94
F_star,trial_0014_bite_017,trial_0014,transfer,0.07006071195349162,0.08110144398552205,121
F_star,trial_0014_bite_017,trial_0014,withdrawal,0.04179811155427492,0.050378090772989235,99
F_star,trial_0014_bite_018,trial_0014,transfer,0.0933347267776797,0.11028740783926251,156
F_star,trial_0014_bite_018,trial_0014,withdrawal,0.046744969011878676,0.055490129126658405,86
F_star,trial_0014_bite_019,trial_0014,transfer,0.026508162682278562,0.03169811622906929,127
F_star,trial_0014_bite_019,trial_0014,withdrawal,0.0990196776922104,0.10991841981487784,104
F_star,trial_0014_bite_020,trial_0014,transfer,0.13179071342692536,0.13961833927564196,157
F_star,trial_0014_bite_020,trial_0014,withdrawal,0.07420414709661585,0.08152391648223684,104
F_star,trial_0014_bite_021,trial_0014,transfer,0.043321839676262956,0.05166852611478448,205
F_star,trial_0014_bite_021,trial_0014,withdrawal,0.10652322928023382,0.12479593142852001,99
F_star,trial_0015_bite_001,trial_0015,transfer,0.0316302065005828,0.03552075615632316,145
F_star,trial_0015_bite_001,trial_0015,withdrawal,0.14626657797040646,0.1585746642634351,149
F_star,trial_0015_bite_002,trial_0015,transfer,0.03914629844557553,0.04659437144905577,108
F_star,trial_0015_bite_002,trial_0015,withdrawal,0.1790517918296664,0.21011645252509692,129
F_star,trial_0015_bite_003,trial_0015,transfer,0.05085558322807021,0.052654703366908744,154
F_star,trial_0015_bite_003,trial_0015,withdrawal,0.10424516250091095,0.12578473662486028,153
F_star,trial_0015_bite_004,trial_0015,transfer,0.03017777254818996,0.03370518961499589,145
F_star,trial_0015_bite_004,trial_0015,withdrawal,0.10541632537105008,0.12420985472441358,136
F_star,trial_0015_bite_005,trial_0015,transfer,0.03860507008345049,0.05111058888854692,122
F_star,trial_0015_bite_005,trial_0015,withdrawal,0.1983062220793708,0.2223538571083853,163
F_star,trial_0015_bite_006,trial_0015,transfer,0.09655906508705718,0.11926020556297377,122
F_star,trial_0015_bite_006,trial_0015,withdrawal,0.11087711225164844,0.13559537927302823,146
F_star,trial_0015_bite_007,trial_0015,transfer,0.02331782460866216,0.027648650483157903,127
F_star,trial_0015_bite_007,trial_0015,withdrawal,0.0526088972356167,0.05954413306846063,144
F_star,trial_0015_bite_008,trial_0015,transfer,0.03219344562599347,0.03811104791752447,169
F_star,trial_0015_bite_008,trial_0015,withdrawal,0.13140968133710587,0.13431658054076367,227
F_star,trial_0015_bite_009,trial_0015,transfer,0.08300705363140029,0.09023371062537089,158
F_star,trial_0015_bite_009,trial_0015,withdrawal,0.18688186490068995,0.2415421727370479,183
F_star,trial_0015_bite_010,trial_0015,transfer,0.05193964863189399,0.05955954591255641,150
F_star,trial_0015_bite_010,trial_0015,withdrawal,0.12831178630111395,0.16296998221646813,131
F_star,trial_0015_bite_011,trial_0015,transfer,0.02438819862952798,0.029611987212186566,126
F_star,trial_0015_bite_011,trial_0015,withdrawal,0.11744829698121588,0.15326724570237674,124
F_star,trial_0015_bite_012,trial_0015,transfer,0.020715532869548123,0.022084828098780748,44
F_star,trial_0015_bite_012,trial_0015,withdrawal,0.06861017412787546,0.07595678684735778,129
F_star,trial_0015_bite_013,trial_0015,transfer,0.052262883376572554,0.058781487213239815,146
F_star,trial_0015_bite_013,trial_0015,withdrawal,0.06488129453712202,0.08006049149078122,183
F_star,trial_0015_bite_014,trial_0015,transfer,0.03545580571982803,0.04157028460406168,116
F_star,trial_0015_bite_014,trial_0015,withdrawal,0.09596562010199662,0.12632670675139818,138
F_star,trial_0015_bite_015,trial_0015,transfer,0.05069661037467025,0.05856892730140528,110
F_star,trial_0015_bite_015,trial_0015,withdrawal,0.10374296436336973,0.1122854513084658,169
F_star,trial_0015_bite_016,trial_0015,transfer,0.052313927020129096,0.05964855510744627,156
F_star,trial_0015_bite_016,trial_0015,withdrawal,0.07913115104043043,0.09813327242058179,156
F_star,trial_0015_bite_017,trial_0015,transfer,0.0810180391389866,0.08160787666552098,160
F_star,trial_0015_bite_017,trial_0015,withdrawal,0.0837441532200219,0.0966671772648911,178
F_star,trial_0015_bite_018,trial_0015,transfer,0.04062828609334955,0.04171216543479814,151
F_star,trial_0015_bite_018,trial_0015,withdrawal,0.12164491428687263,0.12533504898266937,178
F_star,trial_0015_bite_019,trial_0015,transfer,0.07270792730181469,0.07620847593471718,185
F_star,trial_0015_bite_019,trial_0015,withdrawal,0.09873828389049442,0.11908954705136075,149
F_star,trial_0017_bite_001,trial_0017,transfer,0.10806113163308538,0.11869132100352348,219
F_star,trial_0017_bite_001,trial_0017,withdrawal,0.062432211436696354,0.07900453010186524,129
F_star,trial_0017_bite_002,trial_0017,transfer,0.2251092116928356,0.2407420288844593,167
F_star,trial_0017_bite_002,trial_0017,withdrawal,0.04604361164780159,0.06164531296879689,90
F_star,trial_0017_bite_003,trial_0017,transfer,0.10631843948197568,0.11015786860673983,119
F_star,trial_0017_bite_003,trial_0017,withdrawal,0.05098896026087066,0.06521436453430492,100
F_star,trial_0017_bite_004,trial_0017,transfer,0.1449403442384313,0.1477932950731859,103
F_star,trial_0017_bite_004,trial_0017,withdrawal,0.05977082253623166,0.0747344742395871,93
F_star,trial_0017_bite_005,trial_0017,transfer,0.028616355524211125,0.03517754125656619,190
F_star,trial_0017_bite_005,trial_0017,withdrawal,0.034043428119408435,0.037851032742597594,79
F_star,trial_0017_bite_006,trial_0017,transfer,0.09219104908079434,0.09676552138318385,160
F_star,trial_0017_bite_006,trial_0017,withdrawal,0.06888507403647738,0.07307090685854498,108
F_star,trial_0017_bite_007,trial_0017,transfer,0.12449411995141002,0.13757667249361955,156
F_star,trial_0017_bite_007,trial_0017,withdrawal,0.1450721633518151,0.17772376193635203,64
F_star,trial_0017_bite_008,trial_0017,transfer,0.13656399567658228,0.13679316401238872,49
F_star,trial_0017_bite_008,trial_0017,withdrawal,0.08818787711437652,0.11822155800325762,74
F_star,trial_0017_bite_009,trial_0017,transfer,0.05277105808905762,0.06034337884217183,233
F_star,trial_0017_bite_009,trial_0017,withdrawal,0.1610192178702552,0.1854866054640913,70
F_star,trial_0017_bite_010,trial_0017,transfer,0.06576983969775951,0.07761909137106457,178
F_star,trial_0017_bite_010,trial_0017,withdrawal,0.2065894873699403,0.21843771116369273,73
F_star,trial_0017_bite_011,trial_0017,transfer,0.12757971878786276,0.13224887440291425,120
F_star,trial_0017_bite_011,trial_0017,withdrawal,0.1697461810029998,0.19823637769135036,71
F_star,trial_0017_bite_012,trial_0017,transfer,0.07920527739398704,0.08919294834725228,176
F_star,trial_0017_bite_012,trial_0017,withdrawal,0.18523116106156404,0.20961368057904012,68
F_star,trial_0017_bite_013,trial_0017,transfer,0.05560690886240814,0.07822675674479466,90
F_star,trial_0017_bite_013,trial_0017,withdrawal,0.06902054931858673,0.08034997086054273,79
F_star,trial_0017_bite_014,trial_0017,transfer,0.07319484586758782,0.0882275637590778,232
F_star,trial_0017_bite_014,trial_0017,withdrawal,0.07929562138812929,0.10450982028768091,149
F_star,trial_0017_bite_015,trial_0017,transfer,0.050174421716299766,0.05722497219043108,332
F_star,trial_0017_bite_015,trial_0017,withdrawal,0.09111718795949329,0.1287822479877263,75
F_star,trial_0019_bite_001,trial_0019,transfer,0.02929730360137956,0.031807293389726196,106
F_star,trial_0019_bite_001,trial_0019,withdrawal,0.08496791522984137,0.10334834308383428,91
F_star,trial_0019_bite_002,trial_0019,transfer,0.02583963456171314,0.029893917626633005,124
F_star,trial_0019_bite_002,trial_0019,withdrawal,0.11536367688113609,0.1281716297444463,102
F_star,trial_0019_bite_003,trial_0019,transfer,0.05482545168204573,0.06060489335575325,115
F_star,trial_0019_bite_003,trial_0019,withdrawal,0.0849840966298079,0.1010322132667225,93
F_star,trial_0019_bite_004,trial_0019,transfer,0.06566097932998201,0.07184508772851562,113
F_star,trial_0019_bite_004,trial_0019,withdrawal,0.09799898347117186,0.10679023077431476,90
F_star,trial_0019_bite_005,trial_0019,transfer,0.038282720742840025,0.04126424986618248,128
F_star,trial_0019_bite_005,trial_0019,withdrawal,0.1548669408942027,0.16929977487476325,156
F_star,trial_0019_bite_006,trial_0019,transfer,0.060857813521657145,0.06315392492207693,110
F_star,trial_0019_bite_006,trial_0019,withdrawal,0.21302117427822803,0.22775101708428622,116
F_star,trial_0019_bite_007,trial_0019,transfer,0.1161232206236673,0.13216658696952124,114
F_star,trial_0019_bite_007,trial_0019,withdrawal,0.15242268359835306,0.15976020999269838,99
F_star,trial_0019_bite_008,trial_0019,transfer,0.08502705540362684,0.09094060634645901,136
F_star,trial_0019_bite_008,trial_0019,withdrawal,0.17382893306221156,0.20306769463300609,113
F_star,trial_0019_bite_009,trial_0019,transfer,0.044455466318990645,0.04757847909055936,133
F_star,trial_0019_bite_009,trial_0019,withdrawal,0.13623449543201296,0.15289631243671287,108
F_star,trial_0019_bite_010,trial_0019,transfer,0.03246457740352795,0.040402280035055936,137
F_star,trial_0019_bite_010,trial_0019,withdrawal,0.08637050755076794,0.0989537131760477,99
F_star,trial_0019_bite_011,trial_0019,transfer,0.06172811982239413,0.07123992937145517,176
F_star,trial_0019_bite_011,trial_0019,withdrawal,0.18430632182000833,0.20577153752361013,104
F_star,trial_0019_bite_012,trial_0019,transfer,0.04473601688061485,0.04801131680607871,116
F_star,trial_0019_bite_012,trial_0019,withdrawal,0.028578666400855313,0.03396231411745695,113
F_star,trial_0019_bite_013,trial_0019,transfer,0.017252756563431525,0.022541724647682834,140
F_star,trial_0019_bite_013,trial_0019,withdrawal,0.09713318908735584,0.12089785916464468,113
F_star,trial_0019_bite_014,trial_0019,transfer,0.11286577711827296,0.11674880434032088,178
F_star,trial_0019_bite_014,trial_0019,withdrawal,0.08674959396915081,0.11623981759529438,115
F_star,trial_0019_bite_015,trial_0019,transfer,0.06114243444984147,0.06445881319178648,130
F_star,trial_0019_bite_015,trial_0019,withdrawal,0.0587980771375087,0.06891155440125964,106
F_star,trial_0019_bite_016,trial_0019,transfer,0.05318715705187444,0.054882460414333326,151
F_star,trial_0019_bite_016,trial_0019,withdrawal,0.06689065570193756,0.07480137601473547,99
F_star,trial_0019_bite_017,trial_0019,transfer,0.09164157535836773,0.0944046052245161,135
F_star,trial_0019_bite_017,trial_0019,withdrawal,0.06006984234922974,0.0725041418274804,106
F_star,trial_0019_bite_018,trial_0019,transfer,0.02048467211075113,0.02223376797236765,133
F_star,trial_0019_bite_018,trial_0019,withdrawal,0.05225704738527926,0.060584689949992596,111
F_star,trial_0019_bite_019,trial_0019,transfer,0.1344074160229054,0.14318895252342423,143
F_star,trial_0019_bite_019,trial_0019,withdrawal,0.04796397182737313,0.057577295361962766,97
F_star,trial_0019_bite_020,trial_0019,transfer,0.02499911921941558,0.028080365472047553,185
F_star,trial_0019_bite_020,trial_0019,withdrawal,0.037424668919755516,0.043374668520550594,135
F_star,trial_0019_bite_021,trial_0019,transfer,0.044612074656305026,0.04505699308055989,178
F_star,trial_0019_bite_021,trial_0019,withdrawal,0.0441381870497012,0.05678050711113975,116
F_star,trial_0019_bite_022,trial_0019,transfer,0.019568569008562537,0.02430239835983603,140
F_star,trial_0019_bite_022,trial_0019,withdrawal,0.07773754627042527,0.08838895040179214,108
F_star,trial_0019_bite_023,trial_0019,transfer,0.06425705880187016,0.06514175229026595,140
F_star,trial_0019_bite_023,trial_0019,withdrawal,0.061564034632457444,0.06892355361388232,113
F_star,trial_0019_bite_024,trial_0019,transfer,0.116833214831158,0.12026672788613568,151
F_star,trial_0019_bite_024,trial_0019,withdrawal,0.17005540681524547,0.2043214670384622,113
F_star,trial_0019_bite_025,trial_0019,transfer,0.05882822168852562,0.06143147948649655,186
F_star,trial_0019_bite_025,trial_0019,withdrawal,0.04299885564489401,0.04890936916695448,108
F_star,trial_0019_bite_026,trial_0019,transfer,0.0564226839949627,0.05855102229547078,149
F_star,trial_0019_bite_026,trial_0019,withdrawal,0.16775158742864318,0.20315315242544427,120
F_star,trial_0020_bite_001,trial_0020,transfer,0.07924509840804034,0.09048387168568241,126
F_star,trial_0020_bite_001,trial_0020,withdrawal,0.11250886948780607,0.13218449613417912,96
F_star,trial_0020_bite_002,trial_0020,transfer,0.06424036637040195,0.08108669838390115,165
F_star,trial_0020_bite_002,trial_0020,withdrawal,0.1923991132675524,0.23959811990420263,113
F_star,trial_0020_bite_003,trial_0020,transfer,0.04541193152933405,0.049043203359796506,120
F_star,trial_0020_bite_003,trial_0020,withdrawal,0.08980118173519355,0.11694668537888997,76
F_star,trial_0020_bite_004,trial_0020,transfer,0.047935159148731483,0.05244320072950511,151
F_star,trial_0020_bite_004,trial_0020,withdrawal,0.12186739738928165,0.14671836616752887,97
F_star,trial_0020_bite_005,trial_0020,transfer,0.015593299398122254,0.02039722773854269,148
F_star,trial_0020_bite_005,trial_0020,withdrawal,0.06780368097109468,0.08343955619492706,104
F_star,trial_0020_bite_006,trial_0020,transfer,0.04122885251589814,0.04443508834237399,113
F_star,trial_0020_bite_006,trial_0020,withdrawal,0.12534627397102588,0.1723868293168025,62
F_star,trial_0020_bite_007,trial_0020,transfer,0.12080527799231908,0.1374407068049031,113
F_star,trial_0020_bite_007,trial_0020,withdrawal,0.07815099115603247,0.09939936735787885,98
F_star,trial_0020_bite_008,trial_0020,transfer,0.07764818621141127,0.0900917523031243,142
F_star,trial_0020_bite_008,trial_0020,withdrawal,0.09456430438444226,0.11226930236709322,100
F_star,trial_0020_bite_009,trial_0020,transfer,0.07802281702590323,0.08663247136160403,131
F_star,trial_0020_bite_009,trial_0020,withdrawal,0.09893123764272187,0.12780389584192484,111
F_star,trial_0020_bite_010,trial_0020,transfer,0.062441576504423835,0.07223535927091938,147
F_star,trial_0020_bite_010,trial_0020,withdrawal,0.12151828095190155,0.1736722294537011,102
F_star,trial_0020_bite_011,trial_0020,transfer,0.06826048037273905,0.07935422478539135,162
F_star,trial_0020_bite_011,trial_0020,withdrawal,0.08275630684826316,0.0878539698659058,100
F_star,trial_0020_bite_012,trial_0020,transfer,0.08724588374428353,0.09798571963684269,120
F_star,trial_0020_bite_012,trial_0020,withdrawal,0.2050546015144381,0.2400035541731203,124
F_star,trial_0020_bite_013,trial_0020,transfer,0.029932996969774587,0.032499184677554985,143
F_star,trial_0020_bite_013,trial_0020,withdrawal,0.16040945432957848,0.19486608294964192,149
F_star,trial_0020_bite_014,trial_0020,transfer,0.04516407979021777,0.05233813609716352,149
F_star,trial_0020_bite_014,trial_0020,withdrawal,0.16606165496351682,0.2050657127579307,117
F_star,trial_0020_bite_015,trial_0020,transfer,0.04609061528636729,0.06045881903556283,323
F_star,trial_0020_bite_015,trial_0020,withdrawal,0.17585137979857246,0.23964086861378184,104
F_star,trial_0020_bite_016,trial_0020,transfer,0.026018555645603868,0.03484745507951303,163
F_star,trial_0020_bite_016,trial_0020,withdrawal,0.11433825372751136,0.1451706433713013,95
F_star,trial_0020_bite_017,trial_0020,withdrawal,0.12941733090674964,0.17602123771231448,104
F_star,trial_0020_bite_018,trial_0020,transfer,0.014082220911940339,0.015691235002939553,201
F_star,trial_0020_bite_018,trial_0020,withdrawal,0.154240781688193,0.2242250989662319,108
F_star,trial_0020_bite_019,trial_0020,withdrawal,0.24767664995812874,0.2711239957418954,90
H_star,trial_0012_bite_001,trial_0012,transfer,0.15538033270257304,0.160180760117049,144
H_star,trial_0012_bite_001,trial_0012,withdrawal,0.11535785689104198,0.13140071351633079,102
H_star,trial_0012_bite_002,trial_0012,transfer,0.08085650604291532,0.08850473208741302,188
H_star,trial_0012_bite_002,trial_0012,withdrawal,0.12189198385701804,0.12834664672138874,113
H_star,trial_0012_bite_003,trial_0012,transfer,0.17570790684281526,0.19429284782772377,146
H_star,trial_0012_bite_003,trial_0012,withdrawal,0.12843891602928167,0.15329051840149455,99
H_star,trial_0012_bite_004,trial_0012,transfer,0.11997017226890722,0.14211698647781051,147
H_star,trial_0012_bite_004,trial_0012,withdrawal,0.11116573683299961,0.11629286089522332,140
H_star,trial_0012_bite_005,trial_0012,transfer,0.21876520952169826,0.2293755928212957,122
H_star,trial_0012_bite_005,trial_0012,withdrawal,0.09257283166490216,0.11381584696436185,137
H_star,trial_0012_bite_006,trial_0012,transfer,0.07987680083334164,0.09395714401829303,157
H_star,trial_0012_bite_006,trial_0012,withdrawal,0.07621199554681979,0.09176010563281614,131
H_star,trial_0012_bite_007,trial_0012,transfer,0.2012062694900439,0.2163921426117271,133
H_star,trial_0012_bite_007,trial_0012,withdrawal,0.1764201026052721,0.1864137241304227,140
H_star,trial_0012_bite_008,trial_0012,transfer,0.10768573679690553,0.11560352121796177,168
H_star,trial_0012_bite_008,trial_0012,withdrawal,0.11105296173476653,0.12461818593135109,98
H_star,trial_0012_bite_009,trial_0012,transfer,0.11118387446678922,0.11924311862339816,230
H_star,trial_0012_bite_009,trial_0012,withdrawal,0.15400646601022064,0.16806446173638082,138
H_star,trial_0012_bite_010,trial_0012,transfer,0.09130625015334587,0.10331361672572123,152
H_star,trial_0012_bite_010,trial_0012,withdrawal,0.15248524205146102,0.19076749088158304,99
H_star,trial_0012_bite_011,trial_0012,transfer,0.04576189850164078,0.05243384976684398,205
H_star,trial_0012_bite_011,trial_0012,withdrawal,0.16363560287027984,0.1711636653044463,175
H_star,trial_0012_bite_012,trial_0012,transfer,0.04964604298077506,0.05694879034225427,180
H_star,trial_0012_bite_012,trial_0012,withdrawal,0.16220059616143376,0.17718145215282766,97
H_star,trial_0012_bite_013,trial_0012,transfer,0.07147129687557532,0.07972222889033237,204
H_star,trial_0012_bite_013,trial_0012,withdrawal,0.10005084997836441,0.12352412933662055,120
H_star,trial_0012_bite_014,trial_0012,transfer,0.0689670789399365,0.08068246386601986,176
H_star,trial_0012_bite_014,trial_0012,withdrawal,0.2243348690252183,0.22578478226532353,120
H_star,trial_0012_bite_015,trial_0012,transfer,0.12774396598930066,0.1513295062762476,151
H_star,trial_0012_bite_015,trial_0012,withdrawal,0.15483005647651232,0.15818334326884037,115
H_star,trial_0013_bite_001,trial_0013,transfer,0.017485439918089297,0.019822433907568666,124
H_star,trial_0013_bite_001,trial_0013,withdrawal,0.23439489624106044,0.26347221658154746,85
H_star,trial_0013_bite_002,trial_0013,transfer,0.051447467489822776,0.06235411489737252,131
H_star,trial_0013_bite_002,trial_0013,withdrawal,0.066624004516449,0.08448808644291392,116
H_star,trial_0013_bite_003,trial_0013,transfer,0.03415892367183861,0.043224850332272316,164
H_star,trial_0013_bite_003,trial_0013,withdrawal,0.1441840939735955,0.1680916449171686,94
H_star,trial_0013_bite_004,trial_0013,transfer,0.05214070894451395,0.05223358631633649,20
H_star,trial_0013_bite_004,trial_0013,withdrawal,0.11216244133155243,0.13802881208602433,71
H_star,trial_0013_bite_005,trial_0013,transfer,0.04254826257308134,0.04458758291389612,88
H_star,trial_0013_bite_005,trial_0013,withdrawal,0.188224198959657,0.19856832209348507,81
H_star,trial_0013_bite_006,trial_0013,transfer,0.051659075541569,0.057347916415272454,158
H_star,trial_0013_bite_006,trial_0013,withdrawal,0.06337457301537196,0.07135651344949871,142
H_star,trial_0013_bite_007,trial_0013,transfer,0.04664129217513206,0.04728917944032317,39
H_star,trial_0013_bite_007,trial_0013,withdrawal,0.056852882237921655,0.0645065888331709,136
H_star,trial_0013_bite_008,trial_0013,transfer,0.04252552245848837,0.05013680546133897,198
H_star,trial_0013_bite_008,trial_0013,withdrawal,0.02435286658494998,0.029870123184293777,85
H_star,trial_0013_bite_009,trial_0013,transfer,0.0523016382588773,0.061521753998936723,158
H_star,trial_0013_bite_009,trial_0013,withdrawal,0.09249365898219793,0.10147745621575904,108
H_star,trial_0013_bite_010,trial_0013,transfer,0.054830159229994554,0.06574507865640658,135
H_star,trial_0013_bite_010,trial_0013,withdrawal,0.1226761031303232,0.12610488050435717,140
H_star,trial_0013_bite_011,trial_0013,transfer,0.09689890684928244,0.10639391639169589,131
H_star,trial_0013_bite_011,trial_0013,withdrawal,0.023189330621700012,0.027816766703449156,118
H_star,trial_0013_bite_012,trial_0013,transfer,0.0092228433221259,0.011076854075760926,140
H_star,trial_0013_bite_012,trial_0013,withdrawal,0.02306548984998005,0.030298042750832505,94
H_star,trial_0014_bite_001,trial_0014,transfer,0.04359653229397008,0.052063453489826265,156
H_star,trial_0014_bite_001,trial_0014,withdrawal,0.10768349273483248,0.14409925431635867,98
H_star,trial_0014_bite_002,trial_0014,transfer,0.044721283357963236,0.049882326009230385,174
H_star,trial_0014_bite_002,trial_0014,withdrawal,0.03384058254670758,0.04685473793962085,109
H_star,trial_0014_bite_003,trial_0014,transfer,0.05553341226775643,0.06399421765817141,132
H_star,trial_0014_bite_003,trial_0014,withdrawal,0.02653878064776322,0.03577175390530968,102
H_star,trial_0014_bite_004,trial_0014,transfer,0.07991850378039993,0.09237538401110143,112
H_star,trial_0014_bite_004,trial_0014,withdrawal,0.053102847766321466,0.07261485354071756,95
H_star,trial_0014_bite_005,trial_0014,transfer,0.12693645225170502,0.14978606571290282,124
H_star,trial_0014_bite_005,trial_0014,withdrawal,0.04890298159655511,0.06605286132500485,62
H_star,trial_0014_bite_006,trial_0014,transfer,0.07469554475685575,0.08699596002938838,91
H_star,trial_0014_bite_006,trial_0014,withdrawal,0.09831562643536379,0.12905975271710515,81
H_star,trial_0014_bite_007,trial_0014,transfer,0.0600689965237578,0.07141477918860728,111
H_star,trial_0014_bite_007,trial_0014,withdrawal,0.03949912207107507,0.05111639183495147,86
H_star,trial_0014_bite_008,trial_0014,transfer,0.0678143175717633,0.08096302755612501,94
H_star,trial_0014_bite_008,trial_0014,withdrawal,0.04938285677564237,0.05432608638185565,74
H_star,trial_0014_bite_009,trial_0014,transfer,0.048534519484052435,0.059298228819561385,114
H_star,trial_0014_bite_009,trial_0014,withdrawal,0.013766190159959434,0.017303431829784523,52
H_star,trial_0014_bite_010,trial_0014,transfer,0.10244808438961044,0.11645768044339377,124
H_star,trial_0014_bite_010,trial_0014,withdrawal,0.07399164073046655,0.0863752943050829,77
H_star,trial_0014_bite_011,trial_0014,transfer,0.07982366554543713,0.09652888949416516,131
H_star,trial_0014_bite_011,trial_0014,withdrawal,0.019149449805730117,0.025219437334038253,81
H_star,trial_0014_bite_012,trial_0014,transfer,0.15886150347826927,0.18651658780256217,103
H_star,trial_0014_bite_012,trial_0014,withdrawal,0.09318818386856909,0.10718942858406798,104
H_star,trial_0014_bite_013,trial_0014,transfer,0.13599513806880134,0.1556293542809224,108
H_star,trial_0014_bite_013,trial_0014,withdrawal,0.05246973242416978,0.05783957151364507,115
H_star,trial_0014_bite_014,trial_0014,transfer,0.16273891268459945,0.1743288771343275,129
H_star,trial_0014_bite_014,trial_0014,withdrawal,0.024173310333016743,0.033169022774888916,106
H_star,trial_0014_bite_015,trial_0014,transfer,0.10711280830931981,0.12457063112043706,130
H_star,trial_0014_bite_015,trial_0014,withdrawal,0.11280946143300416,0.12579233375397034,106
H_star,trial_0014_bite_016,trial_0014,transfer,0.12964881567450537,0.14009345580716961,137
H_star,trial_0014_bite_016,trial_0014,withdrawal,0.08196233498114375,0.09280548850486199,94
H_star,trial_0014_bite_017,trial_0014,transfer,0.06668197723714035,0.07473983596951428,121
H_star,trial_0014_bite_017,trial_0014,withdrawal,0.04679194041580801,0.055532935586631554,99
H_star,trial_0014_bite_018,trial_0014,transfer,0.08517562893104519,0.10150339877658185,156
H_star,trial_0014_bite_018,trial_0014,withdrawal,0.04396862414793163,0.06483521378355264,86
H_star,trial_0014_bite_019,trial_0014,transfer,0.02744413713471049,0.034582577758438024,127
H_star,trial_0014_bite_019,trial_0014,withdrawal,0.10598705829350466,0.11696165853796531,104
H_star,trial_0014_bite_020,trial_0014,transfer,0.1165261409186075,0.12598970081322344,157
H_star,trial_0014_bite_020,trial_0014,withdrawal,0.09702469484183626,0.10109279549903628,104
H_star,trial_0014_bite_021,trial_0014,transfer,0.04215336548714386,0.05163871521612047,205
H_star,trial_0014_bite_021,trial_0014,withdrawal,0.09614787812769304,0.11470685120865806,99
H_star,trial_0015_bite_001,trial_0015,transfer,0.04296855784042826,0.04626331344157587,145
H_star,trial_0015_bite_001,trial_0015,withdrawal,0.15849521971414496,0.17665020442213483,149
H_star,trial_0015_bite_002,trial_0015,transfer,0.056713686326597304,0.06004692886991384,108
H_star,trial_0015_bite_002,trial_0015,withdrawal,0.1791366797471489,0.213468420653813,129
H_star,trial_0015_bite_003,trial_0015,transfer,0.0451612978796985,0.049843039607374684,154
H_star,trial_0015_bite_003,trial_0015,withdrawal,0.11316363940337343,0.1434881950170195,153
H_star,trial_0015_bite_004,trial_0015,transfer,0.025086037329117707,0.03240046421870357,145
H_star,trial_0015_bite_004,trial_0015,withdrawal,0.10311426383759553,0.12629336391638782,136
H_star,trial_0015_bite_005,trial_0015,transfer,0.027836630654801447,0.032228819036430253,122
H_star,trial_0015_bite_005,trial_0015,withdrawal,0.2231524598612984,0.2582041891202793,163
H_star,trial_0015_bite_006,trial_0015,transfer,0.11569817644778876,0.13882180557819124,122
H_star,trial_0015_bite_006,trial_0015,withdrawal,0.1388652702993536,0.1696040645878495,146
H_star,trial_0015_bite_007,trial_0015,transfer,0.029145673646480956,0.03264125149934441,127
H_star,trial_0015_bite_007,trial_0015,withdrawal,0.05470190785991284,0.06291603594805727,144
H_star,trial_0015_bite_008,trial_0015,transfer,0.021012619811251233,0.023677024174064292,169
H_star,trial_0015_bite_008,trial_0015,withdrawal,0.13490290382028508,0.13708498436759925,227
H_star,trial_0015_bite_009,trial_0015,transfer,0.061772565040327514,0.07264689150728805,158
H_star,trial_0015_bite_009,trial_0015,withdrawal,0.1725147025324832,0.22437488854825804,183
H_star,trial_0015_bite_010,trial_0015,transfer,0.028743887542135388,0.03507411797009949,150
H_star,trial_0015_bite_010,trial_0015,withdrawal,0.13319403957407094,0.17045185083991288,131
H_star,trial_0015_bite_011,trial_0015,transfer,0.013724059515779239,0.017435817927837757,126
H_star,trial_0015_bite_011,trial_0015,withdrawal,0.12268589987005234,0.16017462668586438,124
H_star,trial_0015_bite_012,trial_0015,transfer,0.043761764271775076,0.04516787306233501,44
H_star,trial_0015_bite_012,trial_0015,withdrawal,0.06946647196575892,0.08803386359418854,129
H_star,trial_0015_bite_013,trial_0015,transfer,0.03828755992428417,0.042100078847204,146
H_star,trial_0015_bite_013,trial_0015,withdrawal,0.060207702069218855,0.07204214621495433,183
H_star,trial_0015_bite_014,trial_0015,transfer,0.0224627550044221,0.02704419720879765,116
H_star,trial_0015_bite_014,trial_0015,withdrawal,0.07453970569988629,0.08007569829214482,138
H_star,trial_0015_bite_015,trial_0015,transfer,0.0860541904923563,0.08868844676501937,110
H_star,trial_0015_bite_015,trial_0015,withdrawal,0.09170314535551446,0.0983082561055948,169
H_star,trial_0015_bite_016,trial_0015,transfer,0.06891758635665762,0.07964195428175047,156
H_star,trial_0015_bite_016,trial_0015,withdrawal,0.07217535134730958,0.08618985402670963,156
H_star,trial_0015_bite_017,trial_0015,transfer,0.06923553058708835,0.07384034582611039,160
H_star,trial_0015_bite_017,trial_0015,withdrawal,0.08756316934009453,0.11053818059914158,178
H_star,trial_0015_bite_018,trial_0015,transfer,0.03770489302703426,0.040886661550471895,151
H_star,trial_0015_bite_018,trial_0015,withdrawal,0.15259399791139733,0.15574332531146381,178
H_star,trial_0015_bite_019,trial_0015,transfer,0.05692827641704767,0.06346409563809999,185
H_star,trial_0015_bite_019,trial_0015,withdrawal,0.06074010781109278,0.07238656306635477,149
H_star,trial_0017_bite_001,trial_0017,transfer,0.07101694772426632,0.08421109092816675,219
H_star,trial_0017_bite_001,trial_0017,withdrawal,0.05591243269609838,0.06981568199356529,129
H_star,trial_0017_bite_002,trial_0017,transfer,0.19324963946037663,0.212856618284716,167
H_star,trial_0017_bite_002,trial_0017,withdrawal,0.046260981264226744,0.05714174645556117,90
H_star,trial_0017_bite_003,trial_0017,transfer,0.12868857806632267,0.13079868794301733,119
H_star,trial_0017_bite_003,trial_0017,withdrawal,0.03535539279449804,0.041738241052371006,100
H_star,trial_0017_bite_004,trial_0017,transfer,0.1471746840289125,0.14871584963209977,103
H_star,trial_0017_bite_004,trial_0017,withdrawal,0.06941944447709454,0.07944679199707182,93
H_star,trial_0017_bite_005,trial_0017,transfer,0.014030531627239645,0.016437140871937893,190
H_star,trial_0017_bite_005,trial_0017,withdrawal,0.044930427847684695,0.05126417228661369,79
H_star,trial_0017_bite_006,trial_0017,transfer,0.12657256105618947,0.1414079862345007,160
H_star,trial_0017_bite_006,trial_0017,withdrawal,0.02777502663565264,0.040635662940652864,108
H_star,trial_0017_bite_007,trial_0017,transfer,0.13144208935537371,0.14924073767021268,156
H_star,trial_0017_bite_007,trial_0017,withdrawal,0.16138888953552677,0.2001093132541212,64
H_star,trial_0017_bite_008,trial_0017,transfer,0.14385266124143828,0.14399883818044,49
H_star,trial_0017_bite_008,trial_0017,withdrawal,0.09670072197837135,0.12349626425310371,74
H_star,trial_0017_bite_009,trial_0017,transfer,0.03218718751511444,0.03751873872390326,233
H_star,trial_0017_bite_009,trial_0017,withdrawal,0.17244050536598018,0.19667500302797855,70
H_star,trial_0017_bite_010,trial_0017,transfer,0.07100400894143617,0.0808567352217098,178
H_star,trial_0017_bite_010,trial_0017,withdrawal,0.24242983921562183,0.26126576668885776,73
H_star,trial_0017_bite_011,trial_0017,transfer,0.13912539579087094,0.14363711545320654,120
H_star,trial_0017_bite_011,trial_0017,withdrawal,0.17492171714445842,0.20788203595457921,71
H_star,trial_0017_bite_012,trial_0017,transfer,0.08139009680616954,0.09208129352141216,176
H_star,trial_0017_bite_012,trial_0017,withdrawal,0.19534975403831006,0.2259172058080644,68
H_star,trial_0017_bite_013,trial_0017,transfer,0.05734856028964585,0.0780956865924207,90
H_star,trial_0017_bite_013,trial_0017,withdrawal,0.09345647589349516,0.10285667548836022,79
H_star,trial_0017_bite_014,trial_0017,transfer,0.0475661745882993,0.0617689560631908,232
H_star,trial_0017_bite_014,trial_0017,withdrawal,0.08097664132161012,0.09353504104663485,149
H_star,trial_0017_bite_015,trial_0017,transfer,0.040004538218370085,0.04547557476821516,332
H_star,trial_0017_bite_015,trial_0017,withdrawal,0.1101201912723352,0.15857868383293344,75
H_star,trial_0019_bite_001,trial_0019,transfer,0.06324287048965054,0.06762860913946335,106
H_star,trial_0019_bite_001,trial_0019,withdrawal,0.08096994974919343,0.10466179916962352,91
H_star,trial_0019_bite_002,trial_0019,transfer,0.018881046236098098,0.021814939759811636,124
H_star,trial_0019_bite_002,trial_0019,withdrawal,0.10401361653376706,0.12129369322872233,102
H_star,trial_0019_bite_003,trial_0019,transfer,0.06812302749407449,0.07651712473558454,115
H_star,trial_0019_bite_003,trial_0019,withdrawal,0.07209144670720208,0.09043997547938133,93
H_star,trial_0019_bite_004,trial_0019,transfer,0.0693399648779189,0.07468531735453582,113
H_star,trial_0019_bite_004,trial_0019,withdrawal,0.07063071756206608,0.08260826262767723,90
H_star,trial_0019_bite_005,trial_0019,transfer,0.03172313744696821,0.036062967029506794,128
H_star,trial_0019_bite_005,trial_0019,withdrawal,0.10435204146396543,0.11716568392804186,156
H_star,trial_0019_bite_006,trial_0019,transfer,0.04132489169323432,0.04432032612360567,110
H_star,trial_0019_bite_006,trial_0019,withdrawal,0.18746473549767245,0.20175130910460748,116
H_star,trial_0019_bite_007,trial_0019,transfer,0.09738455713933462,0.11398295430002592,114
H_star,trial_0019_bite_007,trial_0019,withdrawal,0.14071144070194536,0.1470585411623643,99
H_star,trial_0019_bite_008,trial_0019,transfer,0.07355727195075945,0.07853917284754161,136
H_star,trial_0019_bite_008,trial_0019,withdrawal,0.16287929864742373,0.19537523675765295,113
H_star,trial_0019_bite_009,trial_0019,transfer,0.039545127119148794,0.0416785777074555,133
H_star,trial_0019_bite_009,trial_0019,withdrawal,0.11105386905847292,0.13583347128943626,108
H_star,trial_0019_bite_010,trial_0019,transfer,0.021415856194933153,0.027309314911091825,137
H_star,trial_0019_bite_010,trial_0019,withdrawal,0.09084380544060514,0.09939542431909865,99
H_star,trial_0019_bite_011,trial_0019,transfer,0.04987641431234977,0.05657338063496159,176
H_star,trial_0019_bite_011,trial_0019,withdrawal,0.17653557304167772,0.20039186448440194,104
H_star,trial_0019_bite_012,trial_0019,transfer,0.022892671576169484,0.02699872186941183,116
H_star,trial_0019_bite_012,trial_0019,withdrawal,0.03893368448994543,0.046793363467449105,113
H_star,trial_0019_bite_013,trial_0019,transfer,0.02190055900862066,0.02517813861933173,140
H_star,trial_0019_bite_013,trial_0019,withdrawal,0.09705895063542395,0.1133228056049437,113
H_star,trial_0019_bite_014,trial_0019,transfer,0.1113834910653261,0.11602503368626259,178
H_star,trial_0019_bite_014,trial_0019,withdrawal,0.0764538774534198,0.09690792910106229,115
H_star,trial_0019_bite_015,trial_0019,transfer,0.055226311754048144,0.057843900429048224,130
H_star,trial_0019_bite_015,trial_0019,withdrawal,0.05745249591406895,0.06609150911574861,106
H_star,trial_0019_bite_016,trial_0019,transfer,0.043509670641488175,0.045251895181546174,151
H_star,trial_0019_bite_016,trial_0019,withdrawal,0.08224902374251732,0.09417109500491562,99
H_star,trial_0019_bite_017,trial_0019,transfer,0.08582583713771877,0.08779329947903314,135
H_star,trial_0019_bite_017,trial_0019,withdrawal,0.05303415299003725,0.061960902914777224,106
H_star,trial_0019_bite_018,trial_0019,transfer,0.015262280304255126,0.02171266567520756,133
H_star,trial_0019_bite_018,trial_0019,withdrawal,0.06772196189792244,0.07364023483724028,111
H_star,trial_0019_bite_019,trial_0019,transfer,0.1215336909201736,0.12943585952189807,143
H_star,trial_0019_bite_019,trial_0019,withdrawal,0.039789965232330506,0.04342100768795525,97
H_star,trial_0019_bite_020,trial_0019,transfer,0.023875836205783114,0.028534216704131758,185
H_star,trial_0019_bite_020,trial_0019,withdrawal,0.042694442343317415,0.05178689138410061,135
H_star,trial_0019_bite_021,trial_0019,transfer,0.018496624154789837,0.02018954802710688,178
H_star,trial_0019_bite_021,trial_0019,withdrawal,0.03500804974509521,0.04037134450297976,116
H_star,trial_0019_bite_022,trial_0019,transfer,0.024339136019407924,0.026953829843130828,140
H_star,trial_0019_bite_022,trial_0019,withdrawal,0.05301056751610112,0.06402837702115613,108
H_star,trial_0019_bite_023,trial_0019,transfer,0.04210633377457986,0.044966700394096636,140
H_star,trial_0019_bite_023,trial_0019,withdrawal,0.03276279887164639,0.04195324677837119,113
H_star,trial_0019_bite_024,trial_0019,transfer,0.09165536532847915,0.0945642869832007,151
H_star,trial_0019_bite_024,trial_0019,withdrawal,0.13556409773289782,0.178087551845517,113
H_star,trial_0019_bite_025,trial_0019,transfer,0.03159849288315819,0.03335464805771686,186
H_star,trial_0019_bite_025,trial_0019,withdrawal,0.055752423535372804,0.0639440590517413,108
H_star,trial_0019_bite_026,trial_0019,transfer,0.04529377115412769,0.04734880160018951,149
H_star,trial_0019_bite_026,trial_0019,withdrawal,0.1564260241535281,0.18821139937297396,120
H_star,trial_0020_bite_001,trial_0020,transfer,0.05122941202372374,0.05996944606850079,126
H_star,trial_0020_bite_001,trial_0020,withdrawal,0.08756755184868419,0.10217834183521698,96
H_star,trial_0020_bite_002,trial_0020,transfer,0.06776621332871167,0.08910457491038896,165
H_star,trial_0020_bite_002,trial_0020,withdrawal,0.17284646575957086,0.21850831962705547,113
H_star,trial_0020_bite_003,trial_0020,transfer,0.03835848902361858,0.0442773795190766,120
H_star,trial_0020_bite_003,trial_0020,withdrawal,0.0922580305604696,0.11282268062065386,76
H_star,trial_0020_bite_004,trial_0020,transfer,0.03142537769403525,0.03362501796102308,151
H_star,trial_0020_bite_004,trial_0020,withdrawal,0.12122227866205787,0.138348797420791,97
H_star,trial_0020_bite_005,trial_0020,transfer,0.016154069934374873,0.019123535926405182,148
H_star,trial_0020_bite_005,trial_0020,withdrawal,0.06669049332131867,0.07679120346003228,104
H_star,trial_0020_bite_006,trial_0020,transfer,0.02802036713002467,0.03386960706382185,113
H_star,trial_0020_bite_006,trial_0020,withdrawal,0.14737662425259032,0.19624772389630818,62
H_star,trial_0020_bite_007,trial_0020,transfer,0.1243928805888969,0.13934324101076404,113
H_star,trial_0020_bite_007,trial_0020,withdrawal,0.07463478879135882,0.08679860615915044,98
H_star,trial_0020_bite_008,trial_0020,transfer,0.0694781358154929,0.08302336698652818,142
H_star,trial_0020_bite_008,trial_0020,withdrawal,0.0887819854789455,0.10594875091217328,100
H_star,trial_0020_bite_009,trial_0020,transfer,0.07848455747710292,0.09190108104747957,131
H_star,trial_0020_bite_009,trial_0020,withdrawal,0.1038351516134829,0.12856206968479048,111
H_star,trial_0020_bite_010,trial_0020,transfer,0.06056808076446262,0.07442030230883698,147
H_star,trial_0020_bite_010,trial_0020,withdrawal,0.11947839403327758,0.15272791936223085,102
H_star,trial_0020_bite_011,trial_0020,transfer,0.07085835525903403,0.0838169500082467,162
H_star,trial_0020_bite_011,trial_0020,withdrawal,0.07293082660838864,0.08530864176209639,100
H_star,trial_0020_bite_012,trial_0020,transfer,0.08361726523299651,0.09597974183642792,120
H_star,trial_0020_bite_012,trial_0020,withdrawal,0.18532607413117935,0.22152154492528142,124
H_star,trial_0020_bite_013,trial_0020,transfer,0.0288405114814567,0.03388842174792308,143
H_star,trial_0020_bite_013,trial_0020,withdrawal,0.15458898522990702,0.19255168861327698,149
H_star,trial_0020_bite_014,trial_0020,transfer,0.042468256011241684,0.049552995237086034,149
H_star,trial_0020_bite_014,trial_0020,withdrawal,0.14763660781586418,0.1799496263729987,117
H_star,trial_0020_bite_015,trial_0020,transfer,0.06014157927510858,0.08116189196050765,323
H_star,trial_0020_bite_015,trial_0020,withdrawal,0.16463295020744187,0.21505528031117593,104
H_star,trial_0020_bite_016,trial_0020,transfer,0.027024891697866985,0.03424375091053065,163
H_star,trial_0020_bite_016,trial_0020,withdrawal,0.10176888109970911,0.12333451764987038,95
H_star,trial_0020_bite_017,trial_0020,withdrawal,0.12021837556878667,0.15891995481812682,104
H_star,trial_0020_bite_018,trial_0020,transfer,0.029081140882440723,0.03424999852332389,201
H_star,trial_0020_bite_018,trial_0020,withdrawal,0.15482067470906782,0.21573178790356534,108
H_star,trial_0020_bite_019,trial_0020,withdrawal,0.22186037637630798,0.2470719389203082,90
L0_kinematic,trial_0012_bite_001,trial_0012,transfer,0.06333543561315316,0.06596964125628335,144
L0_kinematic,trial_0012_bite_001,trial_0012,withdrawal,0.03297193313419542,0.040334703714267534,102
L0_kinematic,trial_0012_bite_002,trial_0012,transfer,0.048005436132558386,0.05982475213631618,188
L0_kinematic,trial_0012_bite_002,trial_0012,withdrawal,0.11905357616220603,0.16060082093130476,113
L0_kinematic,trial_0012_bite_003,trial_0012,transfer,0.1395619464022729,0.15213313200243475,146
L0_kinematic,trial_0012_bite_003,trial_0012,withdrawal,0.16882680726669608,0.2080605436588313,99
L0_kinematic,trial_0012_bite_004,trial_0012,transfer,0.07681063490918877,0.09209448500565132,147
L0_kinematic,trial_0012_bite_004,trial_0012,withdrawal,0.1325597546342902,0.16384464997456438,140
L0_kinematic,trial_0012_bite_005,trial_0012,transfer,0.1493137593694212,0.1601371901957135,122
L0_kinematic,trial_0012_bite_005,trial_0012,withdrawal,0.20348919770362472,0.2341229265914499,137
L0_kinematic,trial_0012_bite_006,trial_0012,transfer,0.0435299294176005,0.05608774041148063,157
L0_kinematic,trial_0012_bite_006,trial_0012,withdrawal,0.15824086436067172,0.18411404025781872,131
L0_kinematic,trial_0012_bite_007,trial_0012,transfer,0.14180602825870967,0.15289960201388203,133
L0_kinematic,trial_0012_bite_007,trial_0012,withdrawal,0.19919756137876757,0.2546333142798401,140
L0_kinematic,trial_0012_bite_008,trial_0012,transfer,0.07992975904873884,0.0858227744635464,168
L0_kinematic,trial_0012_bite_008,trial_0012,withdrawal,0.1759506405134896,0.20179776467899427,98
L0_kinematic,trial_0012_bite_009,trial_0012,transfer,0.06892259552297392,0.08058969553498396,230
L0_kinematic,trial_0012_bite_009,trial_0012,withdrawal,0.09907433258701334,0.162747211140157,138
L0_kinematic,trial_0012_bite_010,trial_0012,transfer,0.05963104732165788,0.06632750232246128,152
L0_kinematic,trial_0012_bite_010,trial_0012,withdrawal,0.22699287803663798,0.26170820839199477,99
L0_kinematic,trial_0012_bite_011,trial_0012,transfer,0.024983595331235474,0.0274953557660304,205
L0_kinematic,trial_0012_bite_011,trial_0012,withdrawal,0.031913543293871235,0.039552465199161495,175
L0_kinematic,trial_0012_bite_012,trial_0012,transfer,0.03977993608967144,0.045670327274835096,180
L0_kinematic,trial_0012_bite_012,trial_0012,withdrawal,0.1516181219592565,0.211933468284806,97
L0_kinematic,trial_0012_bite_013,trial_0012,transfer,0.06239855860129361,0.07139643567736573,204
L0_kinematic,trial_0012_bite_013,trial_0012,withdrawal,0.08887012514328321,0.11510695099611433,120
L0_kinematic,trial_0012_bite_014,trial_0012,transfer,0.12288389543715171,0.13807780498675243,176
L0_kinematic,trial_0012_bite_014,trial_0012,withdrawal,0.06279672720924458,0.07584220584817378,120
L0_kinematic,trial_0012_bite_015,trial_0012,transfer,0.13515656600471435,0.15602616031215907,151
L0_kinematic,trial_0012_bite_015,trial_0012,withdrawal,0.03273318000053336,0.04113207595643184,115
L0_kinematic,trial_0013_bite_001,trial_0013,transfer,0.03570252234060962,0.04096608033171789,124
L0_kinematic,trial_0013_bite_001,trial_0013,withdrawal,0.2513141512375665,0.2867911905247212,85
L0_kinematic,trial_0013_bite_002,trial_0013,transfer,0.04922190982785145,0.056109592417590615,131
L0_kinematic,trial_0013_bite_002,trial_0013,withdrawal,0.04622988647452535,0.05772606389967243,116
L0_kinematic,trial_0013_bite_003,trial_0013,transfer,0.03469131637914108,0.04227576817824209,164
L0_kinematic,trial_0013_bite_003,trial_0013,withdrawal,0.13872876095229356,0.16316067452578223,94
L0_kinematic,trial_0013_bite_004,trial_0013,transfer,0.08306826737335811,0.08314117196170366,20
L0_kinematic,trial_0013_bite_004,trial_0013,withdrawal,0.07900487620374688,0.0909050503886927,71
L0_kinematic,trial_0013_bite_005,trial_0013,transfer,0.053300011158259775,0.05925156775031622,88
L0_kinematic,trial_0013_bite_005,trial_0013,withdrawal,0.05252144108958488,0.05824731565826924,81
L0_kinematic,trial_0013_bite_006,trial_0013,transfer,0.041966679045897355,0.04589640176132865,158
L0_kinematic,trial_0013_bite_006,trial_0013,withdrawal,0.09977709249994067,0.11854207984887363,142
L0_kinematic,trial_0013_bite_007,trial_0013,transfer,0.06334588954441846,0.0640975831011786,39
L0_kinematic,trial_0013_bite_007,trial_0013,withdrawal,0.041640787950249274,0.05297188773642547,136
L0_kinematic,trial_0013_bite_008,trial_0013,transfer,0.018739990375575288,0.022375612142082474,198
L0_kinematic,trial_0013_bite_008,trial_0013,withdrawal,0.020170119389255635,0.02624155308951254,85
L0_kinematic,trial_0013_bite_009,trial_0013,transfer,0.07369851103053628,0.08626685476821606,158
L0_kinematic,trial_0013_bite_009,trial_0013,withdrawal,0.06590852381650293,0.07820345566203196,108
L0_kinematic,trial_0013_bite_010,trial_0013,transfer,0.04934353474859183,0.05328402429514737,135
L0_kinematic,trial_0013_bite_010,trial_0013,withdrawal,0.021175763132575055,0.026817630216961947,140
L0_kinematic,trial_0013_bite_011,trial_0013,transfer,0.08725353624848958,0.09657671955642215,131
L0_kinematic,trial_0013_bite_011,trial_0013,withdrawal,0.042074663153418616,0.05058249781369265,118
L0_kinematic,trial_0013_bite_012,trial_0013,transfer,0.025706426564250633,0.030674106209016044,140
L0_kinematic,trial_0013_bite_012,trial_0013,withdrawal,0.07053102954891823,0.09037570985231609,94
L0_kinematic,trial_0014_bite_001,trial_0014,transfer,0.054761393048936145,0.06309356023314386,156
L0_kinematic,trial_0014_bite_001,trial_0014,withdrawal,0.11738123391957672,0.15874945564852336,98
L0_kinematic,trial_0014_bite_002,trial_0014,transfer,0.031691158185453275,0.04015034686019941,174
L0_kinematic,trial_0014_bite_002,trial_0014,withdrawal,0.03942671839207427,0.052106552723456,109
L0_kinematic,trial_0014_bite_003,trial_0014,transfer,0.06014289998182241,0.07129157049183728,132
L0_kinematic,trial_0014_bite_003,trial_0014,withdrawal,0.021197932036225504,0.02619999089750781,102
L0_kinematic,trial_0014_bite_004,trial_0014,transfer,0.09028572636005647,0.10504999650726626,112
L0_kinematic,trial_0014_bite_004,trial_0014,withdrawal,0.054870037293348245,0.07257502858134574,95
L0_kinematic,trial_0014_bite_005,trial_0014,transfer,0.12992586342878126,0.15358505824515278,124
L0_kinematic,trial_0014_bite_005,trial_0014,withdrawal,0.04743429405403931,0.06410053177092144,62
L0_kinematic,trial_0014_bite_006,trial_0014,transfer,0.07980221084460355,0.09364080997761065,91
L0_kinematic,trial_0014_bite_006,trial_0014,withdrawal,0.10663878222870331,0.14111330192803542,81
L0_kinematic,trial_0014_bite_007,trial_0014,transfer,0.0648244639111039,0.07814458255039422,111
L0_kinematic,trial_0014_bite_007,trial_0014,withdrawal,0.03091547966997058,0.04268295584443817,86
L0_kinematic,trial_0014_bite_008,trial_0014,transfer,0.07180146949797903,0.08596688796450574,94
L0_kinematic,trial_0014_bite_008,trial_0014,withdrawal,0.04157486614345521,0.049433919068883836,74
L0_kinematic,trial_0014_bite_009,trial_0014,transfer,0.05543879223362718,0.06607326470862895,114
L0_kinematic,trial_0014_bite_009,trial_0014,withdrawal,0.01462853534723438,0.019477870336082892,52
L0_kinematic,trial_0014_bite_010,trial_0014,transfer,0.11345933084256724,0.1292076782533873,124
L0_kinematic,trial_0014_bite_010,trial_0014,withdrawal,0.06792827053623694,0.09106388098154324,77
L0_kinematic,trial_0014_bite_011,trial_0014,transfer,0.08189343586457627,0.0998129565279368,131
L0_kinematic,trial_0014_bite_011,trial_0014,withdrawal,0.023497013698072344,0.03314744072296391,81
L0_kinematic,trial_0014_bite_012,trial_0014,transfer,0.1611567347617823,0.1890534344122875,103
L0_kinematic,trial_0014_bite_012,trial_0014,withdrawal,0.0855416373616659,0.10105011075497398,104
L0_kinematic,trial_0014_bite_013,trial_0014,transfer,0.14244878907485073,0.1648577135400378,108
L0_kinematic,trial_0014_bite_013,trial_0014,withdrawal,0.04811871594603741,0.054226963580537815,115
L0_kinematic,trial_0014_bite_014,trial_0014,transfer,0.1632598404772397,0.17579701901171424,129
L0_kinematic,trial_0014_bite_014,trial_0014,withdrawal,0.01909211623864801,0.022728966652299804,106
L0_kinematic,trial_0014_bite_015,trial_0014,transfer,0.11401653952020674,0.1317794303696282,130
L0_kinematic,trial_0014_bite_015,trial_0014,withdrawal,0.10543034956443419,0.12129351357509902,106
L0_kinematic,trial_0014_bite_016,trial_0014,transfer,0.13524394056320233,0.14684504653741326,137
L0_kinematic,trial_0014_bite_016,trial_0014,withdrawal,0.0690835627192537,0.07723095274434451,94
L0_kinematic,trial_0014_bite_017,trial_0014,transfer,0.0746489495606362,0.08242684225424074,121
L0_kinematic,trial_0014_bite_017,trial_0014,withdrawal,0.05532181303770418,0.06309304389431947,99
L0_kinematic,trial_0014_bite_018,trial_0014,transfer,0.09101915010793392,0.10673041474761867,156
L0_kinematic,trial_0014_bite_018,trial_0014,withdrawal,0.03518444803997935,0.04982190263984677,86
L0_kinematic,trial_0014_bite_019,trial_0014,transfer,0.022218824442834205,0.024388390549964552,127
L0_kinematic,trial_0014_bite_019,trial_0014,withdrawal,0.101592122699951,0.11293798974692382,104
L0_kinematic,trial_0014_bite_020,trial_0014,transfer,0.12683570399466662,0.1368714216247129,157
L0_kinematic,trial_0014_bite_020,trial_0014,withdrawal,0.06848727123482636,0.0745871860886196,104
L0_kinematic,trial_0014_bite_021,trial_0014,transfer,0.04521634822007465,0.055818286315776,205
L0_kinematic,trial_0014_bite_021,trial_0014,withdrawal,0.11201591925743874,0.13561958183027248,99
L0_kinematic,trial_0015_bite_001,trial_0015,transfer,0.041952239668867096,0.04379784778359995,145
L0_kinematic,trial_0015_bite_001,trial_0015,withdrawal,0.17638068223017345,0.19372009764679388,149
L0_kinematic,trial_0015_bite_002,trial_0015,transfer,0.03156787851415306,0.03961059651309841,108
L0_kinematic,trial_0015_bite_002,trial_0015,withdrawal,0.19397647487622954,0.2297200593855638,129
L0_kinematic,trial_0015_bite_003,trial_0015,transfer,0.035700154445427755,0.03850446136734503,154
L0_kinematic,trial_0015_bite_003,trial_0015,withdrawal,0.12625760769214187,0.1546675541607921,153
L0_kinematic,trial_0015_bite_004,trial_0015,transfer,0.06761633358101393,0.07810153712851708,145
L0_kinematic,trial_0015_bite_004,trial_0015,withdrawal,0.12198796228415061,0.14857806986344352,136
L0_kinematic,trial_0015_bite_005,trial_0015,transfer,0.056707586026730546,0.07060141692429736,122
L0_kinematic,trial_0015_bite_005,trial_0015,withdrawal,0.2443625764686102,0.2761205071012642,163
L0_kinematic,trial_0015_bite_006,trial_0015,transfer,0.13637700664083988,0.161405447566691,122
L0_kinematic,trial_0015_bite_006,trial_0015,withdrawal,0.13645947535451836,0.17330532577641652,146
L0_kinematic,trial_0015_bite_007,trial_0015,transfer,0.05393858506122921,0.058580627185808705,127
L0_kinematic,trial_0015_bite_007,trial_0015,withdrawal,0.07841991527378106,0.09595335511480613,144
L0_kinematic,trial_0015_bite_008,trial_0015,transfer,0.025032795919144066,0.03487324206727892,169
L0_kinematic,trial_0015_bite_008,trial_0015,withdrawal,0.023248877110661127,0.026876385278902685,227
L0_kinematic,trial_0015_bite_009,trial_0015,transfer,0.06947015415077532,0.08222313063718711,158
L0_kinematic,trial_0015_bite_009,trial_0015,withdrawal,0.186532222595021,0.2487267878386781,183
L0_kinematic,trial_0015_bite_010,trial_0015,transfer,0.0385561390026864,0.04398458401964144,150
L0_kinematic,trial_0015_bite_010,trial_0015,withdrawal,0.14835892812624116,0.1917751224134973,131
L0_kinematic,trial_0015_bite_011,trial_0015,transfer,0.05454500178111431,0.057540255697493534,126
L0_kinematic,trial_0015_bite_011,trial_0015,withdrawal,0.14296400011205176,0.19181616460725115,124
L0_kinematic,trial_0015_bite_012,trial_0015,transfer,0.05666261450804443,0.05855840221554271,44
L0_kinematic,trial_0015_bite_012,trial_0015,withdrawal,0.08405919103137498,0.11134097874667162,129
L0_kinematic,trial_0015_bite_013,trial_0015,transfer,0.09187245787910125,0.10529929336941285,146
L0_kinematic,trial_0015_bite_013,trial_0015,withdrawal,0.037880889709575344,0.041902725492898404,183
L0_kinematic,trial_0015_bite_014,trial_0015,transfer,0.042100235243627715,0.053653851511528586,116
L0_kinematic,trial_0015_bite_014,trial_0015,withdrawal,0.08621250661473333,0.09932876763097713,138
L0_kinematic,trial_0015_bite_015,trial_0015,transfer,0.03767859766954408,0.046275348483925796,110
L0_kinematic,trial_0015_bite_015,trial_0015,withdrawal,0.032941075997868545,0.041411085436816014,169
L0_kinematic,trial_0015_bite_016,trial_0015,transfer,0.05619252084900177,0.06468854482729099,156
L0_kinematic,trial_0015_bite_016,trial_0015,withdrawal,0.06308243331434718,0.07341570118583687,156
L0_kinematic,trial_0015_bite_017,trial_0015,transfer,0.03143462432390341,0.03646020401920584,160
L0_kinematic,trial_0015_bite_017,trial_0015,withdrawal,0.07155580667709376,0.08203028171976397,178
L0_kinematic,trial_0015_bite_018,trial_0015,transfer,0.01513484747302522,0.01761315582400956,151
L0_kinematic,trial_0015_bite_018,trial_0015,withdrawal,0.032600844096912586,0.042320417237896236,178
L0_kinematic,trial_0015_bite_019,trial_0015,transfer,0.08016131288850414,0.08386403829733849,185
L0_kinematic,trial_0015_bite_019,trial_0015,withdrawal,0.0517279430358366,0.06445935404995666,149
L0_kinematic,trial_0017_bite_001,trial_0017,transfer,0.09985026423874992,0.1122337758983,219
L0_kinematic,trial_0017_bite_001,trial_0017,withdrawal,0.06032281716725515,0.07413980305451125,129
L0_kinematic,trial_0017_bite_002,trial_0017,transfer,0.22301761695899627,0.2444725348619277,167
L0_kinematic,trial_0017_bite_002,trial_0017,withdrawal,0.04781041818514629,0.056050153647775144,90
L0_kinematic,trial_0017_bite_003,trial_0017,transfer,0.09476080191422823,0.10132762578171657,119
L0_kinematic,trial_0017_bite_003,trial_0017,withdrawal,0.05598946082209934,0.06662239057352291,100
L0_kinematic,trial_0017_bite_004,trial_0017,transfer,0.15682861089517017,0.16060184952410245,103
L0_kinematic,trial_0017_bite_004,trial_0017,withdrawal,0.06227171420253491,0.08294194743251397,93
L0_kinematic,trial_0017_bite_005,trial_0017,transfer,0.015587187623612232,0.019124032116633168,190
L0_kinematic,trial_0017_bite_005,trial_0017,withdrawal,0.05628939762621138,0.06788256945692445,79
L0_kinematic,trial_0017_bite_006,trial_0017,transfer,0.10706161603437543,0.11811306359499703,160
L0_kinematic,trial_0017_bite_006,trial_0017,withdrawal,0.05302710489136672,0.0663160632308226,108
L0_kinematic,trial_0017_bite_007,trial_0017,transfer,0.12809043700578693,0.14750514273478707,156
L0_kinematic,trial_0017_bite_007,trial_0017,withdrawal,0.14713262363493992,0.1761836445104,64
L0_kinematic,trial_0017_bite_008,trial_0017,transfer,0.1497076840755855,0.15012777385187298,49
L0_kinematic,trial_0017_bite_008,trial_0017,withdrawal,0.10041041087411826,0.1261327951519952,74
L0_kinematic,trial_0017_bite_009,trial_0017,transfer,0.03869798319804961,0.04441224509240891,233
L0_kinematic,trial_0017_bite_009,trial_0017,withdrawal,0.1652075388305156,0.18975686305730083,70
L0_kinematic,trial_0017_bite_010,trial_0017,transfer,0.07218805163462959,0.08324008918465793,178
L0_kinematic,trial_0017_bite_010,trial_0017,withdrawal,0.210165968486594,0.22979682468945326,73
L0_kinematic,trial_0017_bite_011,trial_0017,transfer,0.13822850763336395,0.14442038810721128,120
L0_kinematic,trial_0017_bite_011,trial_0017,withdrawal,0.1690764124626747,0.19707336864360317,71
L0_kinematic,trial_0017_bite_012,trial_0017,transfer,0.09609343048265706,0.10780800886696336,176
L0_kinematic,trial_0017_bite_012,trial_0017,withdrawal,0.18150400648657206,0.2106224165869943,68
L0_kinematic,trial_0017_bite_013,trial_0017,transfer,0.06740761475326995,0.08923703883026916,90
L0_kinematic,trial_0017_bite_013,trial_0017,withdrawal,0.08075847219913587,0.09369038640000266,79
L0_kinematic,trial_0017_bite_014,trial_0017,transfer,0.08879783324685504,0.10650861080607305,232
L0_kinematic,trial_0017_bite_014,trial_0017,withdrawal,0.06660717145156396,0.08944572825500682,149
L0_kinematic,trial_0017_bite_015,trial_0017,transfer,0.05423031232921815,0.06577441508734647,332
L0_kinematic,trial_0017_bite_015,trial_0017,withdrawal,0.09844869837020398,0.12932036168355837,75
L0_kinematic,trial_0019_bite_001,trial_0019,transfer,0.05054167204531619,0.055466495383278754,106
L0_kinematic,trial_0019_bite_001,trial_0019,withdrawal,0.07439216540584347,0.09536956972025161,91
L0_kinematic,trial_0019_bite_002,trial_0019,transfer,0.027307161584687985,0.03283879562609784,124
L0_kinematic,trial_0019_bite_002,trial_0019,withdrawal,0.12190998138695436,0.14005298103988306,102
L0_kinematic,trial_0019_bite_003,trial_0019,transfer,0.0629593613466089,0.07135263037022439,115
L0_kinematic,trial_0019_bite_003,trial_0019,withdrawal,0.09193917451600525,0.11197567844613866,93
L0_kinematic,trial_0019_bite_004,trial_0019,transfer,0.06375081880930457,0.07056995289313704,113
L0_kinematic,trial_0019_bite_004,trial_0019,withdrawal,0.08852787858419381,0.09895094207429009,90
L0_kinematic,trial_0019_bite_005,trial_0019,transfer,0.03150100468149385,0.0347850757882881,128
L0_kinematic,trial_0019_bite_005,trial_0019,withdrawal,0.11656320202159912,0.13134512232063336,156
L0_kinematic,trial_0019_bite_006,trial_0019,transfer,0.052175179552855,0.05668816993288585,110
L0_kinematic,trial_0019_bite_006,trial_0019,withdrawal,0.2059500125083004,0.22294929813910297,116
L0_kinematic,trial_0019_bite_007,trial_0019,transfer,0.1138652820050852,0.13433375246033438,114
L0_kinematic,trial_0019_bite_007,trial_0019,withdrawal,0.16425629757672966,0.17404090408288989,99
L0_kinematic,trial_0019_bite_008,trial_0019,transfer,0.08818521380177968,0.09450655173556345,136
L0_kinematic,trial_0019_bite_008,trial_0019,withdrawal,0.16679764420121174,0.20411834313011634,113
L0_kinematic,trial_0019_bite_009,trial_0019,transfer,0.05825360382293615,0.06111110757079112,133
L0_kinematic,trial_0019_bite_009,trial_0019,withdrawal,0.13025821907046528,0.15408453545537804,108
L0_kinematic,trial_0019_bite_010,trial_0019,transfer,0.03190011687326983,0.041031016620505414,137
L0_kinematic,trial_0019_bite_010,trial_0019,withdrawal,0.08416439584584012,0.0977015582505116,99
L0_kinematic,trial_0019_bite_011,trial_0019,transfer,0.06694989297684269,0.07666270034323912,176
L0_kinematic,trial_0019_bite_011,trial_0019,withdrawal,0.17579858448814728,0.20445858686615875,104
L0_kinematic,trial_0019_bite_012,trial_0019,transfer,0.03442884160837855,0.03708557392758674,116
L0_kinematic,trial_0019_bite_012,trial_0019,withdrawal,0.03783814766033561,0.0455336816902804,113
L0_kinematic,trial_0019_bite_013,trial_0019,transfer,0.019937426763203897,0.025584370184247047,140
L0_kinematic,trial_0019_bite_013,trial_0019,withdrawal,0.1001590023274047,0.12342806693572574,113
L0_kinematic,trial_0019_bite_014,trial_0019,transfer,0.11129358902408379,0.1167519434793634,178
L0_kinematic,trial_0019_bite_014,trial_0019,withdrawal,0.07916256918745893,0.10241794301289076,115
L0_kinematic,trial_0019_bite_015,trial_0019,transfer,0.06437312308667785,0.06685047004366405,130
L0_kinematic,trial_0019_bite_015,trial_0019,withdrawal,0.06733033198048134,0.080851126504522,106
L0_kinematic,trial_0019_bite_016,trial_0019,transfer,0.049654139536679784,0.05181589495641251,151
L0_kinematic,trial_0019_bite_016,trial_0019,withdrawal,0.0800878261964875,0.09310501234174746,99
L0_kinematic,trial_0019_bite_017,trial_0019,transfer,0.09298115416707195,0.09557119117226079,135
L0_kinematic,trial_0019_bite_017,trial_0019,withdrawal,0.04683194969362977,0.057418700103048725,106
L0_kinematic,trial_0019_bite_018,trial_0019,transfer,0.01865256162029741,0.02232479589704851,133
L0_kinematic,trial_0019_bite_018,trial_0019,withdrawal,0.0666249730305169,0.07788873876758687,111
L0_kinematic,trial_0019_bite_019,trial_0019,transfer,0.13304575519034734,0.14202501300224435,143
L0_kinematic,trial_0019_bite_019,trial_0019,withdrawal,0.04315511410452758,0.05879181052850123,97
L0_kinematic,trial_0019_bite_020,trial_0019,transfer,0.020808513387148377,0.025174620957812775,185
L0_kinematic,trial_0019_bite_020,trial_0019,withdrawal,0.04074550712243666,0.05674002584218556,135
L0_kinematic,trial_0019_bite_021,trial_0019,transfer,0.0401984385834458,0.04153969365014214,178
L0_kinematic,trial_0019_bite_021,trial_0019,withdrawal,0.02992860284564656,0.036675618366248365,116
L0_kinematic,trial_0019_bite_022,trial_0019,transfer,0.021907925790460126,0.02481419124521744,140
L0_kinematic,trial_0019_bite_022,trial_0019,withdrawal,0.0428675934424719,0.053336490641434094,108
L0_kinematic,trial_0019_bite_023,trial_0019,transfer,0.05367158017508801,0.05484932675642305,140
L0_kinematic,trial_0019_bite_023,trial_0019,withdrawal,0.038921570582186434,0.04742126122876121,113
L0_kinematic,trial_0019_bite_024,trial_0019,transfer,0.10186544461444612,0.10656954462154102,151
L0_kinematic,trial_0019_bite_024,trial_0019,withdrawal,0.15134681858523952,0.1990689327487931,113
L0_kinematic,trial_0019_bite_025,trial_0019,transfer,0.05810009150077734,0.0641316058490514,186
L0_kinematic,trial_0019_bite_025,trial_0019,withdrawal,0.04089516014824722,0.04834880492184962,108
L0_kinematic,trial_0019_bite_026,trial_0019,transfer,0.05174333024517617,0.0543834837601466,149
L0_kinematic,trial_0019_bite_026,trial_0019,withdrawal,0.17577999012629816,0.218043923208219,120
L0_kinematic,trial_0020_bite_001,trial_0020,transfer,0.08233259045950951,0.09404221637675136,126
L0_kinematic,trial_0020_bite_001,trial_0020,withdrawal,0.12292613591923979,0.15067894603956386,96
L0_kinematic,trial_0020_bite_002,trial_0020,transfer,0.06574758088172909,0.08125719037264001,165
L0_kinematic,trial_0020_bite_002,trial_0020,withdrawal,0.1899964971963662,0.24301492649609427,113
L0_kinematic,trial_0020_bite_003,trial_0020,transfer,0.052419617973699296,0.05817018943961737,120
L0_kinematic,trial_0020_bite_003,trial_0020,withdrawal,0.09963165812125868,0.12668472467618336,76
L0_kinematic,trial_0020_bite_004,trial_0020,transfer,0.05248649614264906,0.0592984771550588,151
L0_kinematic,trial_0020_bite_004,trial_0020,withdrawal,0.12960644355341155,0.15671517648576683,97
L0_kinematic,trial_0020_bite_005,trial_0020,transfer,0.01421167164640155,0.017158787496879786,148
L0_kinematic,trial_0020_bite_005,trial_0020,withdrawal,0.07427682356745738,0.09055105826566395,104
L0_kinematic,trial_0020_bite_006,trial_0020,transfer,0.051992541656832515,0.05725920529108785,113
L0_kinematic,trial_0020_bite_006,trial_0020,withdrawal,0.11113424079046508,0.1542027072845352,62
L0_kinematic,trial_0020_bite_007,trial_0020,transfer,0.14149102235297312,0.1558242425520667,113
L0_kinematic,trial_0020_bite_007,trial_0020,withdrawal,0.08596502042854971,0.11029001480897126,98
L0_kinematic,trial_0020_bite_008,trial_0020,transfer,0.08401058054889791,0.09630214785058633,142
L0_kinematic,trial_0020_bite_008,trial_0020,withdrawal,0.0934791967061978,0.11346827117818137,100
L0_kinematic,trial_0020_bite_009,trial_0020,transfer,0.08649998740202523,0.09508864560714649,131
L0_kinematic,trial_0020_bite_009,trial_0020,withdrawal,0.10703915769539109,0.13788900108843224,111
L0_kinematic,trial_0020_bite_010,trial_0020,transfer,0.07193426339316934,0.08385714078523072,147
L0_kinematic,trial_0020_bite_010,trial_0020,withdrawal,0.13238729371188895,0.1813930366734693,102
L0_kinematic,trial_0020_bite_011,trial_0020,transfer,0.07417047041206978,0.08550917420621386,162
L0_kinematic,trial_0020_bite_011,trial_0020,withdrawal,0.07355237250203035,0.08701896290768439,100
L0_kinematic,trial_0020_bite_012,trial_0020,transfer,0.09962755998339182,0.11080192485543719,120
L0_kinematic,trial_0020_bite_012,trial_0020,withdrawal,0.20176781741870486,0.24779479943579746,124
L0_kinematic,trial_0020_bite_013,trial_0020,transfer,0.035727604683332026,0.039037906361141246,143
L0_kinematic,trial_0020_bite_013,trial_0020,withdrawal,0.15526052245769648,0.19727688303447297,149
L0_kinematic,trial_0020_bite_014,trial_0020,transfer,0.04499617259546431,0.05446549383820154,149
L0_kinematic,trial_0020_bite_014,trial_0020,withdrawal,0.16718903994449558,0.21357955228097242,117
L0_kinematic,trial_0020_bite_015,trial_0020,transfer,0.04166629684822561,0.057992486173140824,323
L0_kinematic,trial_0020_bite_015,trial_0020,withdrawal,0.1850259083841205,0.2540001077833641,104
L0_kinematic,trial_0020_bite_016,trial_0020,transfer,0.018715751312702523,0.02432010218656964,163
L0_kinematic,trial_0020_bite_016,trial_0020,withdrawal,0.1295819431108499,0.17111582292934696,95
L0_kinematic,trial_0020_bite_017,trial_0020,withdrawal,0.13065499111910076,0.1830479277381356,104
L0_kinematic,trial_0020_bite_018,trial_0020,transfer,0.008358109154376068,0.009911727986125662,201
L0_kinematic,trial_0020_bite_018,trial_0020,withdrawal,0.16224627287756055,0.2366495684673941,108
L0_kinematic,trial_0020_bite_019,trial_0020,withdrawal,0.2556944052651621,0.28756408888110613,90
L1_temporal,trial_0012_bite_001,trial_0012,transfer,0.06323231831902375,0.06426206547203259,144
L1_temporal,trial_0012_bite_001,trial_0012,withdrawal,0.038986990231027197,0.04650686770254907,102
L1_temporal,trial_0012_bite_002,trial_0012,transfer,0.04788195884530962,0.05724678115172366,188
L1_temporal,trial_0012_bite_002,trial_0012,withdrawal,0.12111238829604937,0.1639303003036143,113
L1_temporal,trial_0012_bite_003,trial_0012,transfer,0.13894821071911284,0.14843454840806308,146
L1_temporal,trial_0012_bite_003,trial_0012,withdrawal,0.1691323286648313,0.211282652851104,99
L1_temporal,trial_0012_bite_004,trial_0012,transfer,0.07577539258064636,0.08845424522219604,147
L1_temporal,trial_0012_bite_004,trial_0012,withdrawal,0.12952355020021927,0.1597478433080594,140
L1_temporal,trial_0012_bite_005,trial_0012,transfer,0.1484106773752287,0.15657637104923514,122
L1_temporal,trial_0012_bite_005,trial_0012,withdrawal,0.19617908183057237,0.22507068712014522,137
L1_temporal,trial_0012_bite_006,trial_0012,transfer,0.04328923201674904,0.05242598462940081,157
L1_temporal,trial_0012_bite_006,trial_0012,withdrawal,0.14983527935187477,0.1753246163550266,131
L1_temporal,trial_0012_bite_007,trial_0012,transfer,0.14009092312659532,0.14843314345464514,133
L1_temporal,trial_0012_bite_007,trial_0012,withdrawal,0.19326440504955916,0.2511095038804566,140
L1_temporal,trial_0012_bite_008,trial_0012,transfer,0.0780813638052171,0.08153113394751228,168
L1_temporal,trial_0012_bite_008,trial_0012,withdrawal,0.17459601033031677,0.20001549647108402,98
L1_temporal,trial_0012_bite_009,trial_0012,transfer,0.07245476964335779,0.07921383912569582,230
L1_temporal,trial_0012_bite_009,trial_0012,withdrawal,0.10985442719378968,0.17666290425134748,138
L1_temporal,trial_0012_bite_010,trial_0012,transfer,0.06080095096148751,0.06437579827295108,152
L1_temporal,trial_0012_bite_010,trial_0012,withdrawal,0.2204246542306443,0.2580529491631835,99
L1_temporal,trial_0012_bite_011,trial_0012,transfer,0.027239836284204715,0.030486267559067377,205
L1_temporal,trial_0012_bite_011,trial_0012,withdrawal,0.02662606655704685,0.03168931283095508,175
L1_temporal,trial_0012_bite_012,trial_0012,transfer,0.042343541847594084,0.045796031937891474,180
L1_temporal,trial_0012_bite_012,trial_0012,withdrawal,0.1514335929532266,0.2152936220146896,97
L1_temporal,trial_0012_bite_013,trial_0012,transfer,0.062327719722878226,0.06664144551354059,204
L1_temporal,trial_0012_bite_013,trial_0012,withdrawal,0.08668567062008453,0.11247563140597606,120
L1_temporal,trial_0012_bite_014,trial_0012,transfer,0.12141776870450488,0.13746851918069355,176
L1_temporal,trial_0012_bite_014,trial_0012,withdrawal,0.05707309405192075,0.06791913718476006,120
L1_temporal,trial_0012_bite_015,trial_0012,transfer,0.138065159790169,0.16160042642292266,151
L1_temporal,trial_0012_bite_015,trial_0012,withdrawal,0.035271536408245735,0.04167707735826602,115
L1_temporal,trial_0013_bite_001,trial_0013,transfer,0.03916655097771243,0.04341847923930551,124
L1_temporal,trial_0013_bite_001,trial_0013,withdrawal,0.25182168389034304,0.28820334196112607,85
L1_temporal,trial_0013_bite_002,trial_0013,transfer,0.053523268736444675,0.05814545100215944,131
L1_temporal,trial_0013_bite_002,trial_0013,withdrawal,0.04874716660359485,0.05649910016377947,116
L1_temporal,trial_0013_bite_003,trial_0013,transfer,0.03830977247393194,0.04589173595765736,164
L1_temporal,trial_0013_bite_003,trial_0013,withdrawal,0.13566387243923309,0.16254005869094967,94
L1_temporal,trial_0013_bite_004,trial_0013,transfer,0.08097900198266694,0.08102369529455677,20
L1_temporal,trial_0013_bite_004,trial_0013,withdrawal,0.08239011187725208,0.09761178642282725,71
L1_temporal,trial_0013_bite_005,trial_0013,transfer,0.0594123536562511,0.06300850212347717,88
L1_temporal,trial_0013_bite_005,trial_0013,withdrawal,0.06651646388368974,0.07065501679473567,81
L1_temporal,trial_0013_bite_006,trial_0013,transfer,0.04422802465026654,0.04720434625645226,158
L1_temporal,trial_0013_bite_006,trial_0013,withdrawal,0.09254439184068605,0.10861276364564922,142
L1_temporal,trial_0013_bite_007,trial_0013,transfer,0.061643342655852786,0.06237684454906638,39
L1_temporal,trial_0013_bite_007,trial_0013,withdrawal,0.0427561745771227,0.05334065941471332,136
L1_temporal,trial_0013_bite_008,trial_0013,transfer,0.015530057547006815,0.019254750786363028,198
L1_temporal,trial_0013_bite_008,trial_0013,withdrawal,0.024519382487448716,0.028756710928197253,85
L1_temporal,trial_0013_bite_009,trial_0013,transfer,0.0818866397850461,0.08935814893432725,158
L1_temporal,trial_0013_bite_009,trial_0013,withdrawal,0.05697882554176153,0.06616551969284526,108
L1_temporal,trial_0013_bite_010,trial_0013,transfer,0.058616282962045095,0.060319207377175534,135
L1_temporal,trial_0013_bite_010,trial_0013,withdrawal,0.031088662222283656,0.03331856440910845,140
L1_temporal,trial_0013_bite_011,trial_0013,transfer,0.09257398392350259,0.09762515810873712,131
L1_temporal,trial_0013_bite_011,trial_0013,withdrawal,0.03764060831352426,0.04443263484332229,118
L1_temporal,trial_0013_bite_012,trial_0013,transfer,0.026617136708650072,0.0305410519486906,140
L1_temporal,trial_0013_bite_012,trial_0013,withdrawal,0.05991800783760647,0.0746016720894545,94
L1_temporal,trial_0014_bite_001,trial_0014,transfer,0.05650636866956175,0.06576189541921573,156
L1_temporal,trial_0014_bite_001,trial_0014,withdrawal,0.10643619786663693,0.140176929315175,98
L1_temporal,trial_0014_bite_002,trial_0014,transfer,0.038319107807646045,0.04387506372204995,174
L1_temporal,trial_0014_bite_002,trial_0014,withdrawal,0.047409667846840656,0.06061738653216025,109
L1_temporal,trial_0014_bite_003,trial_0014,transfer,0.07073104717389223,0.07938171143679026,132
L1_temporal,trial_0014_bite_003,trial_0014,withdrawal,0.023961898639365747,0.03001863229620966,102
L1_temporal,trial_0014_bite_004,trial_0014,transfer,0.09488267047503705,0.1076775106990916,112
L1_temporal,trial_0014_bite_004,trial_0014,withdrawal,0.06059305671765577,0.07962234643730622,95
L1_temporal,trial_0014_bite_005,trial_0014,transfer,0.13973373475579454,0.1610170933280025,124
L1_temporal,trial_0014_bite_005,trial_0014,withdrawal,0.046857464541264326,0.06329600370128548,62
L1_temporal,trial_0014_bite_006,trial_0014,transfer,0.08788612599484946,0.10029615648432046,91
L1_temporal,trial_0014_bite_006,trial_0014,withdrawal,0.10040559992776281,0.12992476249708187,81
L1_temporal,trial_0014_bite_007,trial_0014,transfer,0.07411338482158884,0.08574614992774433,111
L1_temporal,trial_0014_bite_007,trial_0014,withdrawal,0.03349511278208806,0.044116549742690546,86
L1_temporal,trial_0014_bite_008,trial_0014,transfer,0.08155404789905495,0.09395847809749742,94
L1_temporal,trial_0014_bite_008,trial_0014,withdrawal,0.04330506937539782,0.04898370850864626,74
L1_temporal,trial_0014_bite_009,trial_0014,transfer,0.0661111772028666,0.07596814752592766,114
L1_temporal,trial_0014_bite_009,trial_0014,withdrawal,0.01583805007579938,0.02061319191018812,52
L1_temporal,trial_0014_bite_010,trial_0014,transfer,0.12382426599914399,0.13709309562461722,124
L1_temporal,trial_0014_bite_010,trial_0014,withdrawal,0.06445031429199855,0.08185291981828414,77
L1_temporal,trial_0014_bite_011,trial_0014,transfer,0.09328464078623666,0.10824492457494811,131
L1_temporal,trial_0014_bite_011,trial_0014,withdrawal,0.02318638825749461,0.03060710191661704,81
L1_temporal,trial_0014_bite_012,trial_0014,transfer,0.16704750679246613,0.19444567234021554,103
L1_temporal,trial_0014_bite_012,trial_0014,withdrawal,0.08638340571224397,0.09837721887291295,104
L1_temporal,trial_0014_bite_013,trial_0014,transfer,0.15154411924688485,0.1723377645702763,108
L1_temporal,trial_0014_bite_013,trial_0014,withdrawal,0.05596376122543483,0.06196017002430244,115
L1_temporal,trial_0014_bite_014,trial_0014,transfer,0.16636188973279334,0.1778907938028198,129
L1_temporal,trial_0014_bite_014,trial_0014,withdrawal,0.021676905045338157,0.027946780472898076,106
L1_temporal,trial_0014_bite_015,trial_0014,transfer,0.11811870482884264,0.13476188844381562,130
L1_temporal,trial_0014_bite_015,trial_0014,withdrawal,0.10931843035798078,0.12436975478513951,106
L1_temporal,trial_0014_bite_016,trial_0014,transfer,0.13631872154307406,0.14713889932745838,137
L1_temporal,trial_0014_bite_016,trial_0014,withdrawal,0.06960702723534126,0.07883861758053476,94
L1_temporal,trial_0014_bite_017,trial_0014,transfer,0.08222586605398091,0.08942948977534032,121
L1_temporal,trial_0014_bite_017,trial_0014,withdrawal,0.05328416611987127,0.06034107298464758,99
L1_temporal,trial_0014_bite_018,trial_0014,transfer,0.09722187223691123,0.11018398331329383,156
L1_temporal,trial_0014_bite_018,trial_0014,withdrawal,0.03998073116265101,0.056328722263273026,86
L1_temporal,trial_0014_bite_019,trial_0014,transfer,0.02970476425316432,0.03319627328652166,127
L1_temporal,trial_0014_bite_019,trial_0014,withdrawal,0.1102275494140156,0.11960591218711274,104
L1_temporal,trial_0014_bite_020,trial_0014,transfer,0.13196453321916518,0.1395543185098178,157
L1_temporal,trial_0014_bite_020,trial_0014,withdrawal,0.07146714620419244,0.07578018858807739,104
L1_temporal,trial_0014_bite_021,trial_0014,transfer,0.05069778083476956,0.05869680151921788,205
L1_temporal,trial_0014_bite_021,trial_0014,withdrawal,0.10959907690985568,0.13103059509732778,99
L1_temporal,trial_0015_bite_001,trial_0015,transfer,0.037540766797156955,0.03984175097201427,145
L1_temporal,trial_0015_bite_001,trial_0015,withdrawal,0.1703001817704207,0.1878564941129791,149
L1_temporal,trial_0015_bite_002,trial_0015,transfer,0.03284971843108811,0.04147046037409759,108
L1_temporal,trial_0015_bite_002,trial_0015,withdrawal,0.19006178644926533,0.22490023390414218,129
L1_temporal,trial_0015_bite_003,trial_0015,transfer,0.03306589076887645,0.038294546853992216,154
L1_temporal,trial_0015_bite_003,trial_0015,withdrawal,0.12382519930563642,0.1511908089891216,153
L1_temporal,trial_0015_bite_004,trial_0015,transfer,0.062460162323200355,0.07578029206213684,145
L1_temporal,trial_0015_bite_004,trial_0015,withdrawal,0.11850169688674121,0.1434571478408988,136
L1_temporal,trial_0015_bite_005,trial_0015,transfer,0.053016398002739364,0.07083155201426901,122
L1_temporal,trial_0015_bite_005,trial_0015,withdrawal,0.24230598431851247,0.2739678757951129,163
L1_temporal,trial_0015_bite_006,trial_0015,transfer,0.13145683432469882,0.15989600293457604,122
L1_temporal,trial_0015_bite_006,trial_0015,withdrawal,0.13709002964485406,0.17056672138243215,146
L1_temporal,trial_0015_bite_007,trial_0015,transfer,0.0484531806114527,0.055613471686017116,127
L1_temporal,trial_0015_bite_007,trial_0015,withdrawal,0.07607313284587006,0.09206482785101967,144
L1_temporal,trial_0015_bite_008,trial_0015,transfer,0.02483148281640211,0.03277698214463078,169
L1_temporal,trial_0015_bite_008,trial_0015,withdrawal,0.02290055080703536,0.027138913053896485,227
L1_temporal,trial_0015_bite_009,trial_0015,transfer,0.06968827252804609,0.08422760201615442,158
L1_temporal,trial_0015_bite_009,trial_0015,withdrawal,0.184853972743226,0.24325829888495723,183
L1_temporal,trial_0015_bite_010,trial_0015,transfer,0.040432203282169114,0.046261078474290986,150
L1_temporal,trial_0015_bite_010,trial_0015,withdrawal,0.14517570788782935,0.18604793502033048,131
L1_temporal,trial_0015_bite_011,trial_0015,transfer,0.05166928672204565,0.05640042752285585,126
L1_temporal,trial_0015_bite_011,trial_0015,withdrawal,0.13912837892561652,0.18588528244196334,124
L1_temporal,trial_0015_bite_012,trial_0015,transfer,0.051543903586277466,0.05381604488540726,44
L1_temporal,trial_0015_bite_012,trial_0015,withdrawal,0.08073784898936691,0.10540413905695942,129
L1_temporal,trial_0015_bite_013,trial_0015,transfer,0.08710294615608655,0.10284715299911103,146
L1_temporal,trial_0015_bite_013,trial_0015,withdrawal,0.03693557436234326,0.0422256120019257,183
L1_temporal,trial_0015_bite_014,trial_0015,transfer,0.045737320605928285,0.05627455650953076,116
L1_temporal,trial_0015_bite_014,trial_0015,withdrawal,0.08552404381473405,0.09606620397679944,138
L1_temporal,trial_0015_bite_015,trial_0015,transfer,0.03931860577322814,0.04921607594067986,110
L1_temporal,trial_0015_bite_015,trial_0015,withdrawal,0.03709260817436802,0.048605315777065394,169
L1_temporal,trial_0015_bite_016,trial_0015,transfer,0.050909505700141494,0.06182650959846416,156
L1_temporal,trial_0015_bite_016,trial_0015,withdrawal,0.06520494343671938,0.07275193689915627,156
L1_temporal,trial_0015_bite_017,trial_0015,transfer,0.035478957279216544,0.040360978346887115,160
L1_temporal,trial_0015_bite_017,trial_0015,withdrawal,0.07482292002136838,0.08288145512581695,178
L1_temporal,trial_0015_bite_018,trial_0015,transfer,0.01587381455722895,0.019448929858417875,151
L1_temporal,trial_0015_bite_018,trial_0015,withdrawal,0.03803085692695373,0.04875167334815725,178
L1_temporal,trial_0015_bite_019,trial_0015,transfer,0.0745905252794004,0.07946793658677695,185
L1_temporal,trial_0015_bite_019,trial_0015,withdrawal,0.052815217634352984,0.061556179360899056,149
L1_temporal,trial_0017_bite_001,trial_0017,transfer,0.09476170610142429,0.111085510037832,219
L1_temporal,trial_0017_bite_001,trial_0017,withdrawal,0.06148718492280721,0.07069187441220733,129
L1_temporal,trial_0017_bite_002,trial_0017,transfer,0.22031465174888806,0.24257225096100565,167
L1_temporal,trial_0017_bite_002,trial_0017,withdrawal,0.04938436617972158,0.05475856640460992,90
L1_temporal,trial_0017_bite_003,trial_0017,transfer,0.09913197282430698,0.10448355148785657,119
L1_temporal,trial_0017_bite_003,trial_0017,withdrawal,0.05284939030888085,0.060547357041980256,100
L1_temporal,trial_0017_bite_004,trial_0017,transfer,0.1541076919958933,0.15781143424899383,103
L1_temporal,trial_0017_bite_004,trial_0017,withdrawal,0.061691932746626675,0.07817484274995196,93
L1_temporal,trial_0017_bite_005,trial_0017,transfer,0.017511005902971596,0.020227144730455823,190
L1_temporal,trial_0017_bite_005,trial_0017,withdrawal,0.05743787363359127,0.06608937229644586,79
L1_temporal,trial_0017_bite_006,trial_0017,transfer,0.10898205241403265,0.11521754264084572,160
L1_temporal,trial_0017_bite_006,trial_0017,withdrawal,0.050298991827839895,0.060060966755553814,108
L1_temporal,trial_0017_bite_007,trial_0017,transfer,0.13043384585746493,0.1457843410682387,156
L1_temporal,trial_0017_bite_007,trial_0017,withdrawal,0.15583348414599596,0.1828081571937538,64
L1_temporal,trial_0017_bite_008,trial_0017,transfer,0.1449262561885435,0.1453134956236702,49
L1_temporal,trial_0017_bite_008,trial_0017,withdrawal,0.1071326009313594,0.12708602886579443,74
L1_temporal,trial_0017_bite_009,trial_0017,transfer,0.032325741624115445,0.037639506433614064,233
L1_temporal,trial_0017_bite_009,trial_0017,withdrawal,0.17346784891095507,0.19620309171033018,70
L1_temporal,trial_0017_bite_010,trial_0017,transfer,0.07832099178931877,0.08497306454361438,178
L1_temporal,trial_0017_bite_010,trial_0017,withdrawal,0.20907671531358898,0.2272572610788111,73
L1_temporal,trial_0017_bite_011,trial_0017,transfer,0.13784906599981103,0.14204949202641082,120
L1_temporal,trial_0017_bite_011,trial_0017,withdrawal,0.1771434005180561,0.20340142327415192,71
L1_temporal,trial_0017_bite_012,trial_0017,transfer,0.1018699348996122,0.1085564275127813,176
L1_temporal,trial_0017_bite_012,trial_0017,withdrawal,0.18611484172162793,0.21321532336958912,68
L1_temporal,trial_0017_bite_013,trial_0017,transfer,0.0697413761630186,0.08647517860731692,90
L1_temporal,trial_0017_bite_013,trial_0017,withdrawal,0.07996385848995263,0.08799557232408692,79
L1_temporal,trial_0017_bite_014,trial_0017,transfer,0.09288390701833475,0.1046346166013847,232
L1_temporal,trial_0017_bite_014,trial_0017,withdrawal,0.06961117757460282,0.09261854230262441,149
L1_temporal,trial_0017_bite_015,trial_0017,transfer,0.04903538249009587,0.06257626405120874,332
L1_temporal,trial_0017_bite_015,trial_0017,withdrawal,0.10446816739133025,0.1326637136614647,75
L1_temporal,trial_0019_bite_001,trial_0019,transfer,0.048616144913201945,0.05291829366048932,106
L1_temporal,trial_0019_bite_001,trial_0019,withdrawal,0.07362231256752512,0.09052636268963901,91
L1_temporal,trial_0019_bite_002,trial_0019,transfer,0.03019664638785921,0.034901523855344015,124
L1_temporal,trial_0019_bite_002,trial_0019,withdrawal,0.12264766735693332,0.1349266804286797,102
L1_temporal,trial_0019_bite_003,trial_0019,transfer,0.06728476540885563,0.07397077530387534,115
L1_temporal,trial_0019_bite_003,trial_0019,withdrawal,0.0834432656825525,0.10368787462010651,93
L1_temporal,trial_0019_bite_004,trial_0019,transfer,0.0715000761181597,0.0789694584507085,113
L1_temporal,trial_0019_bite_004,trial_0019,withdrawal,0.08687148496048303,0.09272904940826417,90
L1_temporal,trial_0019_bite_005,trial_0019,transfer,0.03923262554345805,0.042628176921917664,128
L1_temporal,trial_0019_bite_005,trial_0019,withdrawal,0.13492138915389806,0.14938897164333978,156
L1_temporal,trial_0019_bite_006,trial_0019,transfer,0.051934214217648475,0.05658468935166677,110
L1_temporal,trial_0019_bite_006,trial_0019,withdrawal,0.19889026369798202,0.21468210379608424,116
L1_temporal,trial_0019_bite_007,trial_0019,transfer,0.11301579826217936,0.130680726953024,114
L1_temporal,trial_0019_bite_007,trial_0019,withdrawal,0.15696590201059765,0.16542348967738926,99
L1_temporal,trial_0019_bite_008,trial_0019,transfer,0.09296214762988893,0.0962305315293725,136
L1_temporal,trial_0019_bite_008,trial_0019,withdrawal,0.16706484344318917,0.20015931323689007,113
L1_temporal,trial_0019_bite_009,trial_0019,transfer,0.05696402408982704,0.0590343481291708,133
L1_temporal,trial_0019_bite_009,trial_0019,withdrawal,0.12480878022635,0.1476883845015638,108
L1_temporal,trial_0019_bite_010,trial_0019,transfer,0.0282892371122576,0.03914841631006961,137
L1_temporal,trial_0019_bite_010,trial_0019,withdrawal,0.08338731947993808,0.09184029378658005,99
L1_temporal,trial_0019_bite_011,trial_0019,transfer,0.07619436526005088,0.08205677717880999,176
L1_temporal,trial_0019_bite_011,trial_0019,withdrawal,0.1792054898540905,0.20296445548944816,104
L1_temporal,trial_0019_bite_012,trial_0019,transfer,0.03473528904007175,0.03762087107592427,116
L1_temporal,trial_0019_bite_012,trial_0019,withdrawal,0.038119884471936705,0.04358423259975127,113
L1_temporal,trial_0019_bite_013,trial_0019,transfer,0.02283752710327445,0.030657037631267627,140
L1_temporal,trial_0019_bite_013,trial_0019,withdrawal,0.09970817788468914,0.11985737172817851,113
L1_temporal,trial_0019_bite_014,trial_0019,transfer,0.12071581398330705,0.12398982696654681,178
L1_temporal,trial_0019_bite_014,trial_0019,withdrawal,0.07913856118259414,0.099648535798614,115
L1_temporal,trial_0019_bite_015,trial_0019,transfer,0.06701473098255079,0.06811457651183164,130
L1_temporal,trial_0019_bite_015,trial_0019,withdrawal,0.06626137574625446,0.07602348948895214,106
L1_temporal,trial_0019_bite_016,trial_0019,transfer,0.05390003204563886,0.05561085344751585,151
L1_temporal,trial_0019_bite_016,trial_0019,withdrawal,0.07950906678728584,0.09014380053934906,99
L1_temporal,trial_0019_bite_017,trial_0019,transfer,0.09438958502343932,0.0958392506858155,135
L1_temporal,trial_0019_bite_017,trial_0019,withdrawal,0.05038182606098817,0.05590759851660791,106
L1_temporal,trial_0019_bite_018,trial_0019,transfer,0.019454540532355066,0.022334998847606785,133
L1_temporal,trial_0019_bite_018,trial_0019,withdrawal,0.06774027248968337,0.0750949394556077,111
L1_temporal,trial_0019_bite_019,trial_0019,transfer,0.13834336359145788,0.14477605846646543,143
L1_temporal,trial_0019_bite_019,trial_0019,withdrawal,0.047313455429287186,0.05866051939447298,97
L1_temporal,trial_0019_bite_020,trial_0019,transfer,0.02916819156052144,0.03541117652805228,185
L1_temporal,trial_0019_bite_020,trial_0019,withdrawal,0.04340567451057283,0.05194478725877863,135
L1_temporal,trial_0019_bite_021,trial_0019,transfer,0.04462037564787711,0.04521707527914756,178
L1_temporal,trial_0019_bite_021,trial_0019,withdrawal,0.02827177172202025,0.03246522523911156,116
L1_temporal,trial_0019_bite_022,trial_0019,transfer,0.025071339127720013,0.029149107647090413,140
L1_temporal,trial_0019_bite_022,trial_0019,withdrawal,0.04923250565921443,0.059268649742591925,108
L1_temporal,trial_0019_bite_023,trial_0019,transfer,0.056704290639640505,0.05727442717020881,140
L1_temporal,trial_0019_bite_023,trial_0019,withdrawal,0.04581769055807136,0.05039287069158535,113
L1_temporal,trial_0019_bite_024,trial_0019,transfer,0.10849205140035457,0.11176146531921195,151
L1_temporal,trial_0019_bite_024,trial_0019,withdrawal,0.14997305142121775,0.19569700107581864,113
L1_temporal,trial_0019_bite_025,trial_0019,transfer,0.06607004905025611,0.06832611719787957,186
L1_temporal,trial_0019_bite_025,trial_0019,withdrawal,0.037957645973393385,0.04461522625690718,108
L1_temporal,trial_0019_bite_026,trial_0019,transfer,0.05568812047131011,0.058372635230028495,149
L1_temporal,trial_0019_bite_026,trial_0019,withdrawal,0.1717615327745454,0.20706905231963516,120
L1_temporal,trial_0020_bite_001,trial_0020,transfer,0.0846460108490264,0.0959948550926779,126
L1_temporal,trial_0020_bite_001,trial_0020,withdrawal,0.11536764354182234,0.1377704774730066,96
L1_temporal,trial_0020_bite_002,trial_0020,transfer,0.07428564005785049,0.08823217436670985,165
L1_temporal,trial_0020_bite_002,trial_0020,withdrawal,0.19190350660818167,0.24432480534416146,113
L1_temporal,trial_0020_bite_003,trial_0020,transfer,0.05667019408219384,0.060899035698557424,120
L1_temporal,trial_0020_bite_003,trial_0020,withdrawal,0.10330350592983495,0.1313610877518529,76
L1_temporal,trial_0020_bite_004,trial_0020,transfer,0.0561504853039908,0.05973123210286733,151
L1_temporal,trial_0020_bite_004,trial_0020,withdrawal,0.13670965435202823,0.16206235481296152,97
L1_temporal,trial_0020_bite_005,trial_0020,transfer,0.024247336218837713,0.029124331488780072,148
L1_temporal,trial_0020_bite_005,trial_0020,withdrawal,0.07665192330471889,0.09371191436419796,104
L1_temporal,trial_0020_bite_006,trial_0020,transfer,0.05510314300315812,0.05879895497337603,113
L1_temporal,trial_0020_bite_006,trial_0020,withdrawal,0.12060969550037663,0.16668697646114863,62
L1_temporal,trial_0020_bite_007,trial_0020,transfer,0.1434816738701311,0.15843587723833755,113
L1_temporal,trial_0020_bite_007,trial_0020,withdrawal,0.08601529701746873,0.10868758542631533,98
L1_temporal,trial_0020_bite_008,trial_0020,transfer,0.08984566659521542,0.10066766958617285,142
L1_temporal,trial_0020_bite_008,trial_0020,withdrawal,0.09844613347038286,0.1186840065434451,100
L1_temporal,trial_0020_bite_009,trial_0020,transfer,0.08939378282467603,0.09712467383738305,131
L1_temporal,trial_0020_bite_009,trial_0020,withdrawal,0.10717716738032339,0.13781523652560965,111
L1_temporal,trial_0020_bite_010,trial_0020,transfer,0.07482688835365277,0.0853440811824871,147
L1_temporal,trial_0020_bite_010,trial_0020,withdrawal,0.13647290608032578,0.18326070612513864,102
L1_temporal,trial_0020_bite_011,trial_0020,transfer,0.08167217873125761,0.09052438922407333,162
L1_temporal,trial_0020_bite_011,trial_0020,withdrawal,0.0806458198573527,0.09561021834180698,100
L1_temporal,trial_0020_bite_012,trial_0020,transfer,0.10317334056878034,0.11346361996434397,120
L1_temporal,trial_0020_bite_012,trial_0020,withdrawal,0.2050540104201559,0.24959648043593644,124
L1_temporal,trial_0020_bite_013,trial_0020,transfer,0.03846210801829045,0.04053326399519744,143
L1_temporal,trial_0020_bite_013,trial_0020,withdrawal,0.16024550974647622,0.2007761551951481,149
L1_temporal,trial_0020_bite_014,trial_0020,transfer,0.05387298543380556,0.06113271962826677,149
L1_temporal,trial_0020_bite_014,trial_0020,withdrawal,0.17070307092848777,0.21682066088230278,117
L1_temporal,trial_0020_bite_015,trial_0020,transfer,0.05093567915429695,0.06707769507112285,323
L1_temporal,trial_0020_bite_015,trial_0020,withdrawal,0.18682430230331987,0.2538096855525452,104
L1_temporal,trial_0020_bite_016,trial_0020,transfer,0.027284206805457182,0.03565180596938961,163
L1_temporal,trial_0020_bite_016,trial_0020,withdrawal,0.12186521184767206,0.15799328390050077,95
L1_temporal,trial_0020_bite_017,trial_0020,withdrawal,0.13238496944250142,0.182917273229533,104
L1_temporal,trial_0020_bite_018,trial_0020,transfer,0.014259295467368321,0.01880654667788489,201
L1_temporal,trial_0020_bite_018,trial_0020,withdrawal,0.1628813141663539,0.23441296914853096,108
L1_temporal,trial_0020_bite_019,trial_0020,withdrawal,0.2616713062180599,0.29045381290024574,90
L2_temporal_psi0,trial_0012_bite_001,trial_0012,transfer,0.027107849056278024,0.031524026079889536,144
L2_temporal_psi0,trial_0012_bite_001,trial_0012,withdrawal,0.04452039858230405,0.05116448880527687,102
L2_temporal_psi0,trial_0012_bite_002,trial_0012,transfer,0.02193915477263542,0.02522322119555039,188
L2_temporal_psi0,trial_0012_bite_002,trial_0012,withdrawal,0.10578177871370724,0.13628014276820238,113
L2_temporal_psi0,trial_0012_bite_003,trial_0012,transfer,0.0969403684848735,0.09980433838729473,146
L2_temporal_psi0,trial_0012_bite_003,trial_0012,withdrawal,0.16059394609992786,0.18391663574886466,99
L2_temporal_psi0,trial_0012_bite_004,trial_0012,transfer,0.035765330713611244,0.04018508108091759,147
L2_temporal_psi0,trial_0012_bite_004,trial_0012,withdrawal,0.10356181435113263,0.12664999317352216,140
L2_temporal_psi0,trial_0012_bite_005,trial_0012,transfer,0.11386985181999583,0.12249689372815797,122
L2_temporal_psi0,trial_0012_bite_005,trial_0012,withdrawal,0.14556948760630173,0.18645185374435175,137
L2_temporal_psi0,trial_0012_bite_006,trial_0012,transfer,0.04243158910099684,0.053299730249402835,157
L2_temporal_psi0,trial_0012_bite_006,trial_0012,withdrawal,0.11708749023851882,0.13600515516111936,131
L2_temporal_psi0,trial_0012_bite_007,trial_0012,transfer,0.10396432069206933,0.10834179286978998,133
L2_temporal_psi0,trial_0012_bite_007,trial_0012,withdrawal,0.13731055930173514,0.17706952734484532,140
L2_temporal_psi0,trial_0012_bite_008,trial_0012,transfer,0.043217065452559184,0.047132767848242836,168
L2_temporal_psi0,trial_0012_bite_008,trial_0012,withdrawal,0.13406129565510963,0.14540503880634378,98
L2_temporal_psi0,trial_0012_bite_009,trial_0012,transfer,0.049311317842366816,0.054197402317937925,230
L2_temporal_psi0,trial_0012_bite_009,trial_0012,withdrawal,0.10889584972053454,0.15838585249931797,138
L2_temporal_psi0,trial_0012_bite_010,trial_0012,transfer,0.04960650996811434,0.05374853237147864,152
L2_temporal_psi0,trial_0012_bite_010,trial_0012,withdrawal,0.1545894719411196,0.1833030288992364,99
L2_temporal_psi0,trial_0012_bite_011,trial_0012,transfer,0.01844745548317059,0.023713631646371327,205
L2_temporal_psi0,trial_0012_bite_011,trial_0012,withdrawal,0.059984926825202345,0.06410125810647185,175
L2_temporal_psi0,trial_0012_bite_012,trial_0012,transfer,0.03796042556716855,0.04184145245378561,180
L2_temporal_psi0,trial_0012_bite_012,trial_0012,withdrawal,0.11504033042836147,0.16601846175113083,97
L2_temporal_psi0,trial_0012_bite_013,trial_0012,transfer,0.048119852609084086,0.0501622999897926,204
L2_temporal_psi0,trial_0012_bite_013,trial_0012,withdrawal,0.0671988866559332,0.08993418455094722,120
L2_temporal_psi0,trial_0012_bite_014,trial_0012,transfer,0.1324508568722326,0.14845807262740593,176
L2_temporal_psi0,trial_0012_bite_014,trial_0012,withdrawal,0.07308771554944259,0.08846923814834999,120
L2_temporal_psi0,trial_0012_bite_015,trial_0012,transfer,0.13569783248805803,0.15973287398885855,151
L2_temporal_psi0,trial_0012_bite_015,trial_0012,withdrawal,0.060091334555375395,0.07024670233026716,115
L2_temporal_psi0,trial_0013_bite_001,trial_0013,transfer,0.05087202863147566,0.05629691195192477,124
L2_temporal_psi0,trial_0013_bite_001,trial_0013,withdrawal,0.2496827605833067,0.28995010752105366,85
L2_temporal_psi0,trial_0013_bite_002,trial_0013,transfer,0.05340143634132296,0.05716393100488658,131
L2_temporal_psi0,trial_0013_bite_002,trial_0013,withdrawal,0.0373795077278966,0.0483754446905394,116
L2_temporal_psi0,trial_0013_bite_003,trial_0013,transfer,0.031209840419622555,0.03590370279857502,164
L2_temporal_psi0,trial_0013_bite_003,trial_0013,withdrawal,0.11392805086525339,0.13913840352439802,94
L2_temporal_psi0,trial_0013_bite_004,trial_0013,transfer,0.08626034046698598,0.08629896208147646,20
L2_temporal_psi0,trial_0013_bite_004,trial_0013,withdrawal,0.07605004933739727,0.091594711535686,71
L2_temporal_psi0,trial_0013_bite_005,trial_0013,transfer,0.0654780869115351,0.0683679060994044,88
L2_temporal_psi0,trial_0013_bite_005,trial_0013,withdrawal,0.03969585430564855,0.04341361852515132,81
L2_temporal_psi0,trial_0013_bite_006,trial_0013,transfer,0.052936528081998106,0.05633217914454101,158
L2_temporal_psi0,trial_0013_bite_006,trial_0013,withdrawal,0.105157704579125,0.12941022447270661,142
L2_temporal_psi0,trial_0013_bite_007,trial_0013,transfer,0.08276795999420161,0.08321396156810983,39
L2_temporal_psi0,trial_0013_bite_007,trial_0013,withdrawal,0.01978758864646902,0.022006354025645214,136
L2_temporal_psi0,trial_0013_bite_008,trial_0013,transfer,0.029523754876914998,0.03456711951731583,198
L2_temporal_psi0,trial_0013_bite_008,trial_0013,withdrawal,0.03151329181618451,0.0441914662447923,85
L2_temporal_psi0,trial_0013_bite_009,trial_0013,transfer,0.0794272760841324,0.08495860484114734,158
L2_temporal_psi0,trial_0013_bite_009,trial_0013,withdrawal,0.0791878782699813,0.09674249798557627,108
L2_temporal_psi0,trial_0013_bite_010,trial_0013,transfer,0.04695601504790665,0.049197627527578,135
L2_temporal_psi0,trial_0013_bite_010,trial_0013,withdrawal,0.039282015318622306,0.04364563904544477,140
L2_temporal_psi0,trial_0013_bite_011,trial_0013,transfer,0.09129151795906205,0.09510581139063536,131
L2_temporal_psi0,trial_0013_bite_011,trial_0013,withdrawal,0.07402364762157371,0.09388388872952652,118
L2_temporal_psi0,trial_0013_bite_012,trial_0013,transfer,0.04676654363688569,0.05081654345612281,140
L2_temporal_psi0,trial_0013_bite_012,trial_0013,withdrawal,0.07179481530989225,0.08846350093884336,94
L2_temporal_psi0,trial_0014_bite_001,trial_0014,transfer,0.04673204486805033,0.04975823973590333,156
L2_temporal_psi0,trial_0014_bite_001,trial_0014,withdrawal,0.11730592118492786,0.1569490406722636,98
L2_temporal_psi0,trial_0014_bite_002,trial_0014,transfer,0.0458373762060702,0.05047050695355556,174
L2_temporal_psi0,trial_0014_bite_002,trial_0014,withdrawal,0.034508755756901724,0.045645048119237704,109
L2_temporal_psi0,trial_0014_bite_003,trial_0014,transfer,0.7229246182290057,0.7255764804654762,132
L2_temporal_psi0,trial_0014_bite_003,trial_0014,withdrawal,0.023337276831745354,0.033568839816715046,102
L2_temporal_psi0,trial_0014_bite_004,trial_0014,transfer,0.08149140681015045,0.08988734972503405,112
L2_temporal_psi0,trial_0014_bite_004,trial_0014,withdrawal,0.054493971881542265,0.07282062219928452,95
L2_temporal_psi0,trial_0014_bite_005,trial_0014,transfer,0.7950967238124593,0.8011794499841958,124
L2_temporal_psi0,trial_0014_bite_005,trial_0014,withdrawal,0.04974164165224248,0.06809894041683005,62
L2_temporal_psi0,trial_0014_bite_006,trial_0014,transfer,0.07474145155606217,0.08327388055223806,91
L2_temporal_psi0,trial_0014_bite_006,trial_0014,withdrawal,0.10486044450076042,0.13736594436002383,81
L2_temporal_psi0,trial_0014_bite_007,trial_0014,transfer,0.06153224111478481,0.0672231715564585,111
L2_temporal_psi0,trial_0014_bite_007,trial_0014,withdrawal,0.030485960348743756,0.0384328075988469,86
L2_temporal_psi0,trial_0014_bite_008,trial_0014,transfer,0.07350659812655148,0.08266722905052164,94
L2_temporal_psi0,trial_0014_bite_008,trial_0014,withdrawal,0.044830284509342365,0.05028798223965843,74
L2_temporal_psi0,trial_0014_bite_009,trial_0014,transfer,0.05774542956537383,0.06329973739170472,114
L2_temporal_psi0,trial_0014_bite_009,trial_0014,withdrawal,0.015387007214524991,0.021603757255135702,52
L2_temporal_psi0,trial_0014_bite_010,trial_0014,transfer,0.7812810486464589,0.786171008102619,124
L2_temporal_psi0,trial_0014_bite_010,trial_0014,withdrawal,0.053683712600126623,0.07466250188333858,77
L2_temporal_psi0,trial_0014_bite_011,trial_0014,transfer,0.08161643731753593,0.09100585348648009,131
L2_temporal_psi0,trial_0014_bite_011,trial_0014,withdrawal,0.025698668576958388,0.03413297409471091,81
L2_temporal_psi0,trial_0014_bite_012,trial_0014,transfer,0.8215557664101852,0.8287830320147236,103
L2_temporal_psi0,trial_0014_bite_012,trial_0014,withdrawal,0.07596454100239264,0.08873014750922138,104
L2_temporal_psi0,trial_0014_bite_013,trial_0014,transfer,0.8030957909188362,0.8088708393831462,108
L2_temporal_psi0,trial_0014_bite_013,trial_0014,withdrawal,0.047437748673240146,0.054398779864702124,115
L2_temporal_psi0,trial_0014_bite_014,trial_0014,transfer,0.14568551943254684,0.1548953829899989,129
L2_temporal_psi0,trial_0014_bite_014,trial_0014,withdrawal,0.022342261075778278,0.027402669529919082,106
L2_temporal_psi0,trial_0014_bite_015,trial_0014,transfer,0.09902983878916306,0.11092619555733425,130
L2_temporal_psi0,trial_0014_bite_015,trial_0014,withdrawal,0.10915377392161824,0.12585591652890665,106
L2_temporal_psi0,trial_0014_bite_016,trial_0014,transfer,0.11587228455599033,0.12387547370714176,137
L2_temporal_psi0,trial_0014_bite_016,trial_0014,withdrawal,0.06827583693549895,0.07792330479081386,94
L2_temporal_psi0,trial_0014_bite_017,trial_0014,transfer,0.06434498009875277,0.06960529459831928,121
L2_temporal_psi0,trial_0014_bite_017,trial_0014,withdrawal,0.04112272547583299,0.049883847370938934,99
L2_temporal_psi0,trial_0014_bite_018,trial_0014,transfer,0.7592463052267233,0.7622505335530878,156
L2_temporal_psi0,trial_0014_bite_018,trial_0014,withdrawal,0.03845359961754188,0.049787787108035685,86
L2_temporal_psi0,trial_0014_bite_019,trial_0014,transfer,0.041725368553176864,0.05080724354653821,127
L2_temporal_psi0,trial_0014_bite_019,trial_0014,withdrawal,0.08478214451976365,0.09452670264173722,104
L2_temporal_psi0,trial_0014_bite_020,trial_0014,transfer,0.5383714600925119,0.5403284704029568,157
L2_temporal_psi0,trial_0014_bite_020,trial_0014,withdrawal,0.040136026917576305,0.04518309286399779,104
L2_temporal_psi0,trial_0014_bite_021,trial_0014,transfer,0.0444710532613255,0.04676401821180524,205
L2_temporal_psi0,trial_0014_bite_021,trial_0014,withdrawal,0.12631257524896372,0.14931144103652114,99
L2_temporal_psi0,trial_0015_bite_001,trial_0015,transfer,0.023540761862867982,0.025957893246948884,145
L2_temporal_psi0,trial_0015_bite_001,trial_0015,withdrawal,0.11038803871422205,0.1253170436110732,149
L2_temporal_psi0,trial_0015_bite_002,trial_0015,transfer,0.0719571753632371,0.08010453326231796,108
L2_temporal_psi0,trial_0015_bite_002,trial_0015,withdrawal,0.16201204015362494,0.19979160064017348,129
L2_temporal_psi0,trial_0015_bite_003,trial_0015,transfer,0.058257086186368545,0.06387880210039731,154
L2_temporal_psi0,trial_0015_bite_003,trial_0015,withdrawal,0.08812337610853158,0.1109491476044843,153
L2_temporal_psi0,trial_0015_bite_004,trial_0015,transfer,0.07618574547800162,0.08917226579992099,145
L2_temporal_psi0,trial_0015_bite_004,trial_0015,withdrawal,0.0698896089398281,0.08493054307345756,136
L2_temporal_psi0,trial_0015_bite_005,trial_0015,transfer,0.08334946236769204,0.09786456379979186,122
L2_temporal_psi0,trial_0015_bite_005,trial_0015,withdrawal,0.17954090484067006,0.20769189602187915,163
L2_temporal_psi0,trial_0015_bite_006,trial_0015,transfer,0.0983834896397843,0.11194579261900851,122
L2_temporal_psi0,trial_0015_bite_006,trial_0015,withdrawal,0.09302587130982741,0.10883049922877817,146
L2_temporal_psi0,trial_0015_bite_007,trial_0015,transfer,0.04148123259299565,0.04475575690147499,127
L2_temporal_psi0,trial_0015_bite_007,trial_0015,withdrawal,0.04050983604866617,0.049483583685096484,144
L2_temporal_psi0,trial_0015_bite_008,trial_0015,transfer,0.025696054900998102,0.030790954901955582,169
L2_temporal_psi0,trial_0015_bite_008,trial_0015,withdrawal,0.04732561976992551,0.05008389979506663,227
L2_temporal_psi0,trial_0015_bite_009,trial_0015,transfer,0.15190067507746802,0.17445693696245423,158
L2_temporal_psi0,trial_0015_bite_009,trial_0015,withdrawal,0.14948788327810247,0.20207514887573438,183
L2_temporal_psi0,trial_0015_bite_010,trial_0015,transfer,0.029953881979050252,0.03541620375286323,150
L2_temporal_psi0,trial_0015_bite_010,trial_0015,withdrawal,0.08990696113844962,0.11643895563775211,131
L2_temporal_psi0,trial_0015_bite_011,trial_0015,transfer,0.07808570802494073,0.08502268715357698,126
L2_temporal_psi0,trial_0015_bite_011,trial_0015,withdrawal,0.12101013564486918,0.15828973712598798,124
L2_temporal_psi0,trial_0015_bite_012,trial_0015,transfer,0.07623117367514075,0.08164694399211875,44
L2_temporal_psi0,trial_0015_bite_012,trial_0015,withdrawal,0.07310073436159772,0.09462435451237748,129
L2_temporal_psi0,trial_0015_bite_013,trial_0015,transfer,0.11938734777866739,0.13339937523190581,146
L2_temporal_psi0,trial_0015_bite_013,trial_0015,withdrawal,0.062017761691302645,0.06958336526793904,183
L2_temporal_psi0,trial_0015_bite_014,trial_0015,transfer,0.0814005952056924,0.08985440953699683,116
L2_temporal_psi0,trial_0015_bite_014,trial_0015,withdrawal,0.04846105874501964,0.05197684251532198,138
L2_temporal_psi0,trial_0015_bite_015,trial_0015,transfer,0.08169121816249685,0.08835142795612651,110
L2_temporal_psi0,trial_0015_bite_015,trial_0015,withdrawal,0.058720765747434685,0.07324107550067772,169
L2_temporal_psi0,trial_0015_bite_016,trial_0015,transfer,0.030377157980275286,0.03456940931263176,156
L2_temporal_psi0,trial_0015_bite_016,trial_0015,withdrawal,0.08519851876283892,0.09417873600946845,156
L2_temporal_psi0,trial_0015_bite_017,trial_0015,transfer,0.060767656726516586,0.06667059358933392,160
L2_temporal_psi0,trial_0015_bite_017,trial_0015,withdrawal,0.09012885554751886,0.10061508319821041,178
L2_temporal_psi0,trial_0015_bite_018,trial_0015,transfer,0.034901718995278976,0.039561913104089304,151
L2_temporal_psi0,trial_0015_bite_018,trial_0015,withdrawal,0.061143543150765305,0.07034845435188922,178
L2_temporal_psi0,trial_0015_bite_019,trial_0015,transfer,0.11532782381096002,0.12327318330449888,185
L2_temporal_psi0,trial_0015_bite_019,trial_0015,withdrawal,0.0601334196569444,0.06818939940891018,149
L2_temporal_psi0,trial_0017_bite_001,trial_0017,transfer,0.11548659952867324,0.134163061871412,219
L2_temporal_psi0,trial_0017_bite_001,trial_0017,withdrawal,0.10678635349148032,0.14100633055320683,129
L2_temporal_psi0,trial_0017_bite_002,trial_0017,transfer,0.24314665993256526,0.2669450011817574,167
L2_temporal_psi0,trial_0017_bite_002,trial_0017,withdrawal,0.08780424422289264,0.10772280204385995,90
L2_temporal_psi0,trial_0017_bite_003,trial_0017,transfer,0.11142680372729935,0.11660262755886408,119
L2_temporal_psi0,trial_0017_bite_003,trial_0017,withdrawal,0.0909650012018015,0.11724518214542232,100
L2_temporal_psi0,trial_0017_bite_004,trial_0017,transfer,0.1485329120751122,0.1536131206471689,103
L2_temporal_psi0,trial_0017_bite_004,trial_0017,withdrawal,0.0666312140923179,0.08054684832026236,93
L2_temporal_psi0,trial_0017_bite_005,trial_0017,transfer,0.04648389016337988,0.04953929997744317,190
L2_temporal_psi0,trial_0017_bite_005,trial_0017,withdrawal,0.06199761640124531,0.07025483171864305,79
L2_temporal_psi0,trial_0017_bite_006,trial_0017,transfer,0.0625638006668104,0.0635305379816973,160
L2_temporal_psi0,trial_0017_bite_006,trial_0017,withdrawal,0.11817452617555696,0.1361166764929363,108
L2_temporal_psi0,trial_0017_bite_007,trial_0017,transfer,0.10275991317173112,0.11322944256889429,156
L2_temporal_psi0,trial_0017_bite_007,trial_0017,withdrawal,0.109347541989125,0.12395773002124769,64
L2_temporal_psi0,trial_0017_bite_008,trial_0017,transfer,0.11596292774872725,0.11626524706128745,49
L2_temporal_psi0,trial_0017_bite_008,trial_0017,withdrawal,0.06885473366568919,0.08738995276634812,74
L2_temporal_psi0,trial_0017_bite_009,trial_0017,transfer,0.052420215658652354,0.05915128632847206,233
L2_temporal_psi0,trial_0017_bite_009,trial_0017,withdrawal,0.12096897605233854,0.13342931802031813,70
L2_temporal_psi0,trial_0017_bite_010,trial_0017,transfer,0.07031693857762054,0.07433442853382076,178
L2_temporal_psi0,trial_0017_bite_010,trial_0017,withdrawal,0.1247773061042782,0.13706692551427868,73
L2_temporal_psi0,trial_0017_bite_011,trial_0017,transfer,0.10150256384146418,0.10385432144615828,120
L2_temporal_psi0,trial_0017_bite_011,trial_0017,withdrawal,0.14380191733589437,0.16325952451368086,71
L2_temporal_psi0,trial_0017_bite_012,trial_0017,transfer,0.08921644335801758,0.09302865645633568,176
L2_temporal_psi0,trial_0017_bite_012,trial_0017,withdrawal,0.13289698614221424,0.15062767710848723,68
L2_temporal_psi0,trial_0017_bite_013,trial_0017,transfer,0.059847459948101395,0.06910144281506712,90
L2_temporal_psi0,trial_0017_bite_013,trial_0017,withdrawal,0.034366218189704895,0.0469303360961291,79
L2_temporal_psi0,trial_0017_bite_014,trial_0017,transfer,0.09028175026422472,0.0958520001675293,232
L2_temporal_psi0,trial_0017_bite_014,trial_0017,withdrawal,0.1149539468381764,0.14277980893686973,149
L2_temporal_psi0,trial_0017_bite_015,trial_0017,transfer,0.04414568409366425,0.05348553657670572,332
L2_temporal_psi0,trial_0017_bite_015,trial_0017,withdrawal,0.06435070519111676,0.07140487724441356,75
L2_temporal_psi0,trial_0019_bite_001,trial_0019,transfer,0.03740916424794356,0.046114110234585025,106
L2_temporal_psi0,trial_0019_bite_001,trial_0019,withdrawal,0.07743152406349321,0.09820411727215689,91
L2_temporal_psi0,trial_0019_bite_002,trial_0019,transfer,0.03027538919620917,0.03540134769961928,124
L2_temporal_psi0,trial_0019_bite_002,trial_0019,withdrawal,0.12456310466963186,0.14200213418212798,102
L2_temporal_psi0,trial_0019_bite_003,trial_0019,transfer,0.06224668359727246,0.0678328417765036,115
L2_temporal_psi0,trial_0019_bite_003,trial_0019,withdrawal,0.08329610145749357,0.09121198554366104,93
L2_temporal_psi0,trial_0019_bite_004,trial_0019,transfer,0.08807422257257319,0.09632303186648943,113
L2_temporal_psi0,trial_0019_bite_004,trial_0019,withdrawal,0.09790129500329393,0.11390320141260664,90
L2_temporal_psi0,trial_0019_bite_005,trial_0019,transfer,0.06458981744797025,0.06831194925461884,128
L2_temporal_psi0,trial_0019_bite_005,trial_0019,withdrawal,0.15310581197777365,0.170271793438908,156
L2_temporal_psi0,trial_0019_bite_006,trial_0019,transfer,0.051416816463131156,0.055517137828239325,110
L2_temporal_psi0,trial_0019_bite_006,trial_0019,withdrawal,0.18195341258410586,0.19106783889477147,116
L2_temporal_psi0,trial_0019_bite_007,trial_0019,transfer,0.10975005442486727,0.1266194075090061,114
L2_temporal_psi0,trial_0019_bite_007,trial_0019,withdrawal,0.1370984227943504,0.14350685867272991,99
L2_temporal_psi0,trial_0019_bite_008,trial_0019,transfer,0.09110491940578468,0.09313689316621473,136
L2_temporal_psi0,trial_0019_bite_008,trial_0019,withdrawal,0.15864334940491634,0.18218597438726947,113
L2_temporal_psi0,trial_0019_bite_009,trial_0019,transfer,0.04862120380247528,0.04985113975013767,133
L2_temporal_psi0,trial_0019_bite_009,trial_0019,withdrawal,0.11536948683080019,0.12539287075563108,108
L2_temporal_psi0,trial_0019_bite_010,trial_0019,transfer,0.0204766736973426,0.02972376220032926,137
L2_temporal_psi0,trial_0019_bite_010,trial_0019,withdrawal,0.06727917562456147,0.09185274728665119,99
L2_temporal_psi0,trial_0019_bite_011,trial_0019,transfer,0.08584080600342073,0.09035594193538242,176
L2_temporal_psi0,trial_0019_bite_011,trial_0019,withdrawal,0.17162150664533754,0.20108178949037722,104
L2_temporal_psi0,trial_0019_bite_012,trial_0019,transfer,0.032267449290628386,0.03685564901650976,116
L2_temporal_psi0,trial_0019_bite_012,trial_0019,withdrawal,0.053998455947949185,0.05893008935773192,113
L2_temporal_psi0,trial_0019_bite_013,trial_0019,transfer,0.028491740225986363,0.03221039765559221,140
L2_temporal_psi0,trial_0019_bite_013,trial_0019,withdrawal,0.1290316554534368,0.15658424816409294,113
L2_temporal_psi0,trial_0019_bite_014,trial_0019,transfer,0.1249877774136022,0.12813905932099787,178
L2_temporal_psi0,trial_0019_bite_014,trial_0019,withdrawal,0.09726036960433065,0.11342912698646675,115
L2_temporal_psi0,trial_0019_bite_015,trial_0019,transfer,0.05829889644044147,0.06022366688061542,130
L2_temporal_psi0,trial_0019_bite_015,trial_0019,withdrawal,0.0822140431232286,0.09434385013328858,106
L2_temporal_psi0,trial_0019_bite_016,trial_0019,transfer,0.043897302494024064,0.04735723067738604,151
L2_temporal_psi0,trial_0019_bite_016,trial_0019,withdrawal,0.10289570078262192,0.11579528726205109,99
L2_temporal_psi0,trial_0019_bite_017,trial_0019,transfer,0.0761429644902584,0.07677056494917177,135
L2_temporal_psi0,trial_0019_bite_017,trial_0019,withdrawal,0.06413738406105603,0.07304384292057442,106
L2_temporal_psi0,trial_0019_bite_018,trial_0019,transfer,0.01861375833429553,0.024487330966563046,133
L2_temporal_psi0,trial_0019_bite_018,trial_0019,withdrawal,0.095112435453924,0.1104759235119499,111
L2_temporal_psi0,trial_0019_bite_019,trial_0019,transfer,0.12106218342800659,0.12582340686092058,143
L2_temporal_psi0,trial_0019_bite_019,trial_0019,withdrawal,0.07543908086304493,0.09350451324261573,97
L2_temporal_psi0,trial_0019_bite_020,trial_0019,transfer,0.02940080505007106,0.03461609615806391,185
L2_temporal_psi0,trial_0019_bite_020,trial_0019,withdrawal,0.05697424804749572,0.06698425370440246,135
L2_temporal_psi0,trial_0019_bite_021,trial_0019,transfer,0.04601348449364017,0.0462949069484404,178
L2_temporal_psi0,trial_0019_bite_021,trial_0019,withdrawal,0.04125430788984143,0.04688882335769437,116
L2_temporal_psi0,trial_0019_bite_022,trial_0019,transfer,0.02985719099820623,0.033989763619627404,140
L2_temporal_psi0,trial_0019_bite_022,trial_0019,withdrawal,0.05442161723704774,0.0654050202968474,108
L2_temporal_psi0,trial_0019_bite_023,trial_0019,transfer,0.06051567372328263,0.061634957900070106,140
L2_temporal_psi0,trial_0019_bite_023,trial_0019,withdrawal,0.052139618405903004,0.06230705276879295,113
L2_temporal_psi0,trial_0019_bite_024,trial_0019,transfer,0.11441282738676384,0.11687072103916862,151
L2_temporal_psi0,trial_0019_bite_024,trial_0019,withdrawal,0.14028379548605743,0.16738984930394232,113
L2_temporal_psi0,trial_0019_bite_025,trial_0019,transfer,0.06969021159713855,0.07131464904884251,186
L2_temporal_psi0,trial_0019_bite_025,trial_0019,withdrawal,0.038842496029411276,0.0437872743099989,108
L2_temporal_psi0,trial_0019_bite_026,trial_0019,transfer,0.044014551345539304,0.04830165763800316,149
L2_temporal_psi0,trial_0019_bite_026,trial_0019,withdrawal,0.20138890858902433,0.2437221365446774,120
L2_temporal_psi0,trial_0020_bite_001,trial_0020,transfer,0.10754987579083074,0.12251427746071201,126
L2_temporal_psi0,trial_0020_bite_001,trial_0020,withdrawal,0.13800866742726636,0.1663035839479708,96
L2_temporal_psi0,trial_0020_bite_002,trial_0020,transfer,0.08627536420157858,0.10141375027326342,165
L2_temporal_psi0,trial_0020_bite_002,trial_0020,withdrawal,0.22746974415078253,0.29147259585513485,113
L2_temporal_psi0,trial_0020_bite_003,trial_0020,transfer,0.06904169748088504,0.07502330628851951,120
L2_temporal_psi0,trial_0020_bite_003,trial_0020,withdrawal,0.11041542922812175,0.14331940714728425,76
L2_temporal_psi0,trial_0020_bite_004,trial_0020,transfer,0.08660103662980702,0.09215338921878215,151
L2_temporal_psi0,trial_0020_bite_004,trial_0020,withdrawal,0.15380191812665855,0.18641107328752632,97
L2_temporal_psi0,trial_0020_bite_005,trial_0020,transfer,0.0325330815956258,0.0362657919584754,148
L2_temporal_psi0,trial_0020_bite_005,trial_0020,withdrawal,0.08981893449439135,0.11137965634533166,104
L2_temporal_psi0,trial_0020_bite_006,trial_0020,transfer,0.07122594049850918,0.076493139784577,113
L2_temporal_psi0,trial_0020_bite_006,trial_0020,withdrawal,0.11352657169076917,0.15461279819301516,62
L2_temporal_psi0,trial_0020_bite_007,trial_0020,transfer,0.1563740541175912,0.17138775081510413,113
L2_temporal_psi0,trial_0020_bite_007,trial_0020,withdrawal,0.09670379244932506,0.12316342101631218,98
L2_temporal_psi0,trial_0020_bite_008,trial_0020,transfer,0.1067881349132495,0.11992974271001976,142
L2_temporal_psi0,trial_0020_bite_008,trial_0020,withdrawal,0.10620509903907889,0.13647159697213163,100
L2_temporal_psi0,trial_0020_bite_009,trial_0020,transfer,0.09608669692445791,0.10407325335605623,131
L2_temporal_psi0,trial_0020_bite_009,trial_0020,withdrawal,0.11123780914910196,0.14855020307693365,111
L2_temporal_psi0,trial_0020_bite_010,trial_0020,transfer,0.08672375272530873,0.09897419814296551,147
L2_temporal_psi0,trial_0020_bite_010,trial_0020,withdrawal,0.1584179524058431,0.21467516199095563,102
L2_temporal_psi0,trial_0020_bite_011,trial_0020,transfer,0.09820451915264111,0.10951604852359245,162
L2_temporal_psi0,trial_0020_bite_011,trial_0020,withdrawal,0.1009835697748263,0.12061907625618654,100
L2_temporal_psi0,trial_0020_bite_012,trial_0020,transfer,0.1183434881394177,0.12997667535741195,120
L2_temporal_psi0,trial_0020_bite_012,trial_0020,withdrawal,0.23103714312368856,0.2846053857845314,124
L2_temporal_psi0,trial_0020_bite_013,trial_0020,transfer,0.04840018919509511,0.05103367281798479,143
L2_temporal_psi0,trial_0020_bite_013,trial_0020,withdrawal,0.18197924502484622,0.23458869869374155,149
L2_temporal_psi0,trial_0020_bite_014,trial_0020,transfer,0.06422233417793334,0.07291659386607778,149
L2_temporal_psi0,trial_0020_bite_014,trial_0020,withdrawal,0.19692400648590616,0.2523950298244096,117
L2_temporal_psi0,trial_0020_bite_015,trial_0020,transfer,0.053963196325150994,0.06923187018286323,323
L2_temporal_psi0,trial_0020_bite_015,trial_0020,withdrawal,0.20707923139044943,0.28329338146770966,104
L2_temporal_psi0,trial_0020_bite_016,trial_0020,transfer,0.03362253574817086,0.03936926539096355,163
L2_temporal_psi0,trial_0020_bite_016,trial_0020,withdrawal,0.1342300909033742,0.17320046920435794,95
L2_temporal_psi0,trial_0020_bite_017,trial_0020,withdrawal,0.1575036544396915,0.21835939145570968,104
L2_temporal_psi0,trial_0020_bite_018,trial_0020,transfer,0.02601435013782385,0.02844413641487686,201
L2_temporal_psi0,trial_0020_bite_018,trial_0020,withdrawal,0.18072351375992837,0.2600520350570645,108
L2_temporal_psi0,trial_0020_bite_019,trial_0020,withdrawal,0.27697905682571144,0.31396396686056716,90
L3_temporal_plate,trial_0012_bite_001,trial_0012,transfer,0.14259428930729567,0.14434981188218216,144
L3_temporal_plate,trial_0012_bite_001,trial_0012,withdrawal,0.12679358784660416,0.13283045409100996,102
L3_temporal_plate,trial_0012_bite_002,trial_0012,transfer,0.08869075018738848,0.09904610076199938,188
L3_temporal_plate,trial_0012_bite_002,trial_0012,withdrawal,0.1186225494750599,0.12626250330517527,113
L3_temporal_plate,trial_0012_bite_003,trial_0012,transfer,0.16943561481301478,0.18466520384094162,146
L3_temporal_plate,trial_0012_bite_003,trial_0012,withdrawal,0.13112425226657298,0.16326843689359627,99
L3_temporal_plate,trial_0012_bite_004,trial_0012,transfer,0.11038309314403186,0.12578085235679828,147
L3_temporal_plate,trial_0012_bite_004,trial_0012,withdrawal,0.10920187774495137,0.11445593439913494,140
L3_temporal_plate,trial_0012_bite_005,trial_0012,transfer,0.22011209275892057,0.22895220362564278,122
L3_temporal_plate,trial_0012_bite_005,trial_0012,withdrawal,0.12520692828184338,0.13552134836627022,137
L3_temporal_plate,trial_0012_bite_006,trial_0012,transfer,0.0796215888319499,0.09570182365347972,157
L3_temporal_plate,trial_0012_bite_006,trial_0012,withdrawal,0.10204105031104409,0.11182133221921788,131
L3_temporal_plate,trial_0012_bite_007,trial_0012,transfer,0.1993409469195119,0.21089164321787507,133
L3_temporal_plate,trial_0012_bite_007,trial_0012,withdrawal,0.18504245704064343,0.19787670400599644,140
L3_temporal_plate,trial_0012_bite_008,trial_0012,transfer,0.11701283502088618,0.12352398141452353,168
L3_temporal_plate,trial_0012_bite_008,trial_0012,withdrawal,0.12061515435536835,0.13446999051178593,98
L3_temporal_plate,trial_0012_bite_009,trial_0012,transfer,0.11945082427747086,0.1315005947918553,230
L3_temporal_plate,trial_0012_bite_009,trial_0012,withdrawal,0.15336879918717247,0.17109791092088755,138
L3_temporal_plate,trial_0012_bite_010,trial_0012,transfer,0.1001252867137098,0.1077244559137206,152
L3_temporal_plate,trial_0012_bite_010,trial_0012,withdrawal,0.15923261840469796,0.18972107388922504,99
L3_temporal_plate,trial_0012_bite_011,trial_0012,transfer,0.058874962080853126,0.06115356075095035,205
L3_temporal_plate,trial_0012_bite_011,trial_0012,withdrawal,0.13211421510695165,0.13628951382746868,175
L3_temporal_plate,trial_0012_bite_012,trial_0012,transfer,0.062208436498991666,0.06851422979618779,180
L3_temporal_plate,trial_0012_bite_012,trial_0012,withdrawal,0.1631003917867287,0.18185297728042593,97
L3_temporal_plate,trial_0012_bite_013,trial_0012,transfer,0.0772447275347486,0.08669948783908543,204
L3_temporal_plate,trial_0012_bite_013,trial_0012,withdrawal,0.09718007675165109,0.12028329157175435,120
L3_temporal_plate,trial_0012_bite_014,trial_0012,transfer,0.07246630199825758,0.0821339348870585,176
L3_temporal_plate,trial_0012_bite_014,trial_0012,withdrawal,0.22081548714587634,0.2217561862791922,120
L3_temporal_plate,trial_0012_bite_015,trial_0012,transfer,0.12201421811571199,0.14310808804652125,151
L3_temporal_plate,trial_0012_bite_015,trial_0012,withdrawal,0.14926631647210176,0.15131661872458987,115
L3_temporal_plate,trial_0013_bite_001,trial_0013,transfer,0.03532428324449062,0.03886365993274212,124
L3_temporal_plate,trial_0013_bite_001,trial_0013,withdrawal,0.24503692468767962,0.27909483966628423,85
L3_temporal_plate,trial_0013_bite_002,trial_0013,transfer,0.05163261017476089,0.0577852901525405,131
L3_temporal_plate,trial_0013_bite_002,trial_0013,withdrawal,0.042477791994599924,0.054405357081750615,116
L3_temporal_plate,trial_0013_bite_003,trial_0013,transfer,0.03248966967124663,0.039809881366459555,164
L3_temporal_plate,trial_0013_bite_003,trial_0013,withdrawal,0.1399215626075588,0.1636676034951729,94
L3_temporal_plate,trial_0013_bite_004,trial_0013,transfer,0.07754892226865162,0.07758999117071998,20
L3_temporal_plate,trial_0013_bite_004,trial_0013,withdrawal,0.08420558319454897,0.10184183459503579,71
L3_temporal_plate,trial_0013_bite_005,trial_0013,transfer,0.05402241071930541,0.058625225966158975,88
L3_temporal_plate,trial_0013_bite_005,trial_0013,withdrawal,0.11649977920909406,0.11923431746652635,81
L3_temporal_plate,trial_0013_bite_006,trial_0013,transfer,0.043227873678938954,0.04691873284604626,158
L3_temporal_plate,trial_0013_bite_006,trial_0013,withdrawal,0.08657969781850748,0.10323530111867785,142
L3_temporal_plate,trial_0013_bite_007,trial_0013,transfer,0.058082029899875036,0.05861919914720971,39
L3_temporal_plate,trial_0013_bite_007,trial_0013,withdrawal,0.05080579198616995,0.06142090592410999,136
L3_temporal_plate,trial_0013_bite_008,trial_0013,transfer,0.01684144698612724,0.019966575485742818,198
L3_temporal_plate,trial_0013_bite_008,trial_0013,withdrawal,0.016816292755899,0.022973890228029044,85
L3_temporal_plate,trial_0013_bite_009,trial_0013,transfer,0.06719066196743896,0.07775493536052742,158
L3_temporal_plate,trial_0013_bite_009,trial_0013,withdrawal,0.06393703578917816,0.07023986004221935,108
L3_temporal_plate,trial_0013_bite_010,trial_0013,transfer,0.050642240523482235,0.05366421235897459,135
L3_temporal_plate,trial_0013_bite_010,trial_0013,withdrawal,0.06829919396594511,0.0698536078506459,140
L3_temporal_plate,trial_0013_bite_011,trial_0013,transfer,0.09100355230455694,0.09776790879406594,131
L3_temporal_plate,trial_0013_bite_011,trial_0013,withdrawal,0.034524054619123196,0.04097810470488149,118
L3_temporal_plate,trial_0013_bite_012,trial_0013,transfer,0.025597974958762086,0.02902507049177335,140
L3_temporal_plate,trial_0013_bite_012,trial_0013,withdrawal,0.05113628517452892,0.06429156057369947,94
L3_temporal_plate,trial_0014_bite_001,trial_0014,transfer,0.04281597781026995,0.0517630744023931,156
L3_temporal_plate,trial_0014_bite_001,trial_0014,withdrawal,0.09935596263942485,0.13365840149089755,98
L3_temporal_plate,trial_0014_bite_002,trial_0014,transfer,0.05619982135963703,0.06125094548741918,174
L3_temporal_plate,trial_0014_bite_002,trial_0014,withdrawal,0.030410255939434805,0.041426741029185817,109
L3_temporal_plate,trial_0014_bite_003,trial_0014,transfer,0.05716927567138284,0.06517008875387603,132
L3_temporal_plate,trial_0014_bite_003,trial_0014,withdrawal,0.02613910533798093,0.030145399998085926,102
L3_temporal_plate,trial_0014_bite_004,trial_0014,transfer,0.07864218161494659,0.09087059409236588,112
L3_temporal_plate,trial_0014_bite_004,trial_0014,withdrawal,0.055025640792622545,0.07428688947782994,95
L3_temporal_plate,trial_0014_bite_005,trial_0014,transfer,0.12680909017448525,0.15142123522555231,124
L3_temporal_plate,trial_0014_bite_005,trial_0014,withdrawal,0.04716347305669668,0.06353035105660729,62
L3_temporal_plate,trial_0014_bite_006,trial_0014,transfer,0.07358366163894714,0.08793697175304285,91
L3_temporal_plate,trial_0014_bite_006,trial_0014,withdrawal,0.09108054105117329,0.11602335203753239,81
L3_temporal_plate,trial_0014_bite_007,trial_0014,transfer,0.05828082923466474,0.07218708662322325,111
L3_temporal_plate,trial_0014_bite_007,trial_0014,withdrawal,0.03981627721428759,0.05066802777477551,86
L3_temporal_plate,trial_0014_bite_008,trial_0014,transfer,0.07063274259201621,0.08495984750220524,94
L3_temporal_plate,trial_0014_bite_008,trial_0014,withdrawal,0.05778137255832678,0.06499516494441855,74
L3_temporal_plate,trial_0014_bite_009,trial_0014,transfer,0.0555121515262558,0.06573081864186309,114
L3_temporal_plate,trial_0014_bite_009,trial_0014,withdrawal,0.019683052972800066,0.02205187544349896,52
L3_temporal_plate,trial_0014_bite_010,trial_0014,transfer,0.10676326022709755,0.12418018717549266,124
L3_temporal_plate,trial_0014_bite_010,trial_0014,withdrawal,0.08239585871788117,0.09760543736041319,77
L3_temporal_plate,trial_0014_bite_011,trial_0014,transfer,0.08007169125619107,0.09765061971411398,131
L3_temporal_plate,trial_0014_bite_011,trial_0014,withdrawal,0.019692881937820563,0.02540824588597177,81
L3_temporal_plate,trial_0014_bite_012,trial_0014,transfer,0.1550984149587189,0.18558889178660762,103
L3_temporal_plate,trial_0014_bite_012,trial_0014,withdrawal,0.09276698903455563,0.10761382762955679,104
L3_temporal_plate,trial_0014_bite_013,trial_0014,transfer,0.13514320747066982,0.15871450980048885,108
L3_temporal_plate,trial_0014_bite_013,trial_0014,withdrawal,0.06493310704671644,0.07179262324773877,115
L3_temporal_plate,trial_0014_bite_014,trial_0014,transfer,0.17273562334551978,0.18803768540557125,129
L3_temporal_plate,trial_0014_bite_014,trial_0014,withdrawal,0.027364777144648605,0.03371572522178935,106
L3_temporal_plate,trial_0014_bite_015,trial_0014,transfer,0.10871862985903431,0.12907874823050458,130
L3_temporal_plate,trial_0014_bite_015,trial_0014,withdrawal,0.09825912540391807,0.10658700090945221,106
L3_temporal_plate,trial_0014_bite_016,trial_0014,transfer,0.13051079370950536,0.14256614519356317,137
L3_temporal_plate,trial_0014_bite_016,trial_0014,withdrawal,0.09313217285580917,0.10249285970449142,94
L3_temporal_plate,trial_0014_bite_017,trial_0014,transfer,0.06911482910103581,0.07714543912556417,121
L3_temporal_plate,trial_0014_bite_017,trial_0014,withdrawal,0.05101108533666664,0.062479116839656866,99
L3_temporal_plate,trial_0014_bite_018,trial_0014,transfer,0.0803608914033237,0.09298001907141815,156
L3_temporal_plate,trial_0014_bite_018,trial_0014,withdrawal,0.057302369698133154,0.07926562761228051,86
L3_temporal_plate,trial_0014_bite_019,trial_0014,transfer,0.03917191058688613,0.045850429186404654,127
L3_temporal_plate,trial_0014_bite_019,trial_0014,withdrawal,0.12313513173433802,0.13604239691214046,104
L3_temporal_plate,trial_0014_bite_020,trial_0014,transfer,0.12694960027743285,0.1357466844613739,157
L3_temporal_plate,trial_0014_bite_020,trial_0014,withdrawal,0.12972016875114226,0.13450072919178557,104
L3_temporal_plate,trial_0014_bite_021,trial_0014,transfer,0.04415028070409725,0.05396616059827951,205
L3_temporal_plate,trial_0014_bite_021,trial_0014,withdrawal,0.08420409525360457,0.09864967186626414,99
L3_temporal_plate,trial_0015_bite_001,trial_0015,transfer,0.02164648356657924,0.024952512898261153,145
L3_temporal_plate,trial_0015_bite_001,trial_0015,withdrawal,0.1516665627162949,0.1672287088773649,149
L3_temporal_plate,trial_0015_bite_002,trial_0015,transfer,0.03533346080344598,0.043578756093427595,108
L3_temporal_plate,trial_0015_bite_002,trial_0015,withdrawal,0.17738864029187387,0.21134529267962204,129
L3_temporal_plate,trial_0015_bite_003,trial_0015,transfer,0.04102398934646522,0.044384331833922,154
L3_temporal_plate,trial_0015_bite_003,trial_0015,withdrawal,0.10735313567532369,0.1332210950581328,153
L3_temporal_plate,trial_0015_bite_004,trial_0015,transfer,0.03671554211235369,0.040311263431700294,145
L3_temporal_plate,trial_0015_bite_004,trial_0015,withdrawal,0.09642056162966332,0.11570689247531919,136
L3_temporal_plate,trial_0015_bite_005,trial_0015,transfer,0.04168365520561307,0.054536765648320724,122
L3_temporal_plate,trial_0015_bite_005,trial_0015,withdrawal,0.21000307328290277,0.23875044998779796,163
L3_temporal_plate,trial_0015_bite_006,trial_0015,transfer,0.1133431416789859,0.1396985659394067,122
L3_temporal_plate,trial_0015_bite_006,trial_0015,withdrawal,0.12070105616255647,0.14683137316681522,146
L3_temporal_plate,trial_0015_bite_007,trial_0015,transfer,0.031060326792093234,0.03785765544733883,127
L3_temporal_plate,trial_0015_bite_007,trial_0015,withdrawal,0.05051060049056822,0.05892052417249102,144
L3_temporal_plate,trial_0015_bite_008,trial_0015,transfer,0.023440121347064437,0.033107721985335105,169
L3_temporal_plate,trial_0015_bite_008,trial_0015,withdrawal,0.10238903163432211,0.104555375290645,227
L3_temporal_plate,trial_0015_bite_009,trial_0015,transfer,0.08132818134277862,0.0954236086701393,158
L3_temporal_plate,trial_0015_bite_009,trial_0015,withdrawal,0.16944714802540253,0.22975776639099094,183
L3_temporal_plate,trial_0015_bite_010,trial_0015,transfer,0.040209837332149355,0.04603678093387214,150
L3_temporal_plate,trial_0015_bite_010,trial_0015,withdrawal,0.12324049802002221,0.16059871962100566,131
L3_temporal_plate,trial_0015_bite_011,trial_0015,transfer,0.024850307818807805,0.029764296177865628,126
L3_temporal_plate,trial_0015_bite_011,trial_0015,withdrawal,0.11538804113169197,0.15556105733570139,124
L3_temporal_plate,trial_0015_bite_012,trial_0015,transfer,0.012609960018135807,0.014860995089448588,44
L3_temporal_plate,trial_0015_bite_012,trial_0015,withdrawal,0.06161011379509673,0.07916374862807185,129
L3_temporal_plate,trial_0015_bite_013,trial_0015,transfer,0.05816692283809768,0.06726460547450114,146
L3_temporal_plate,trial_0015_bite_013,trial_0015,withdrawal,0.04427672305178198,0.05187384050264926,183
L3_temporal_plate,trial_0015_bite_014,trial_0015,transfer,0.03902601907354924,0.04774338706867528,116
L3_temporal_plate,trial_0015_bite_014,trial_0015,withdrawal,0.06268148441605934,0.06834577309545345,138
L3_temporal_plate,trial_0015_bite_015,trial_0015,transfer,0.04511947685889649,0.0542124002024209,110
L3_temporal_plate,trial_0015_bite_015,trial_0015,withdrawal,0.06979641724427485,0.07391429544926575,169
L3_temporal_plate,trial_0015_bite_016,trial_0015,transfer,0.053633914343977816,0.057808598907232236,156
L3_temporal_plate,trial_0015_bite_016,trial_0015,withdrawal,0.0588460967777295,0.07007191465129245,156
L3_temporal_plate,trial_0015_bite_017,trial_0015,transfer,0.052057928370093154,0.05565751003894953,160
L3_temporal_plate,trial_0015_bite_017,trial_0015,withdrawal,0.08184791650178878,0.09333964543232957,178
L3_temporal_plate,trial_0015_bite_018,trial_0015,transfer,0.022741907668414326,0.027943797234551142,151
L3_temporal_plate,trial_0015_bite_018,trial_0015,withdrawal,0.10830161229608462,0.11103082969374849,178
L3_temporal_plate,trial_0015_bite_019,trial_0015,transfer,0.07870693681720392,0.08223291999676081,185
L3_temporal_plate,trial_0015_bite_019,trial_0015,withdrawal,0.04672858057587608,0.05620090984616529,149
L3_temporal_plate,trial_0017_bite_001,trial_0017,transfer,0.09214752239177004,0.10724166477479968,219
L3_temporal_plate,trial_0017_bite_001,trial_0017,withdrawal,0.06287630605304112,0.08280856875290032,129
L3_temporal_plate,trial_0017_bite_002,trial_0017,transfer,0.21070643630820762,0.23262410118053015,167
L3_temporal_plate,trial_0017_bite_002,trial_0017,withdrawal,0.04826727082246411,0.06255996127979624,90
L3_temporal_plate,trial_0017_bite_003,trial_0017,transfer,0.11980601820987893,0.12410363271356019,119
L3_temporal_plate,trial_0017_bite_003,trial_0017,withdrawal,0.048597968936552445,0.06499486740126287,100
L3_temporal_plate,trial_0017_bite_004,trial_0017,transfer,0.15389035003539148,0.15743395679111727,103
L3_temporal_plate,trial_0017_bite_004,trial_0017,withdrawal,0.05101262832777542,0.0683101841203875,93
L3_temporal_plate,trial_0017_bite_005,trial_0017,transfer,0.015698709430862372,0.01862767660001234,190
L3_temporal_plate,trial_0017_bite_005,trial_0017,withdrawal,0.04584819012375367,0.05464988195060981,79
L3_temporal_plate,trial_0017_bite_006,trial_0017,transfer,0.10449409149312305,0.11292126755139921,160
L3_temporal_plate,trial_0017_bite_006,trial_0017,withdrawal,0.05418460632619069,0.0638297773004443,108
L3_temporal_plate,trial_0017_bite_007,trial_0017,transfer,0.12386248208319006,0.1416481954489834,156
L3_temporal_plate,trial_0017_bite_007,trial_0017,withdrawal,0.13791672578896633,0.16826856651565442,64
L3_temporal_plate,trial_0017_bite_008,trial_0017,transfer,0.14078848157742063,0.1411207458844395,49
L3_temporal_plate,trial_0017_bite_008,trial_0017,withdrawal,0.08707598315200551,0.11130020683913197,74
L3_temporal_plate,trial_0017_bite_009,trial_0017,transfer,0.03674792610915578,0.04233835085633571,233
L3_temporal_plate,trial_0017_bite_009,trial_0017,withdrawal,0.14466266614092055,0.1693335481848357,70
L3_temporal_plate,trial_0017_bite_010,trial_0017,transfer,0.07753858167562522,0.08619742034578222,178
L3_temporal_plate,trial_0017_bite_010,trial_0017,withdrawal,0.19452528608578312,0.21168976572230785,73
L3_temporal_plate,trial_0017_bite_011,trial_0017,transfer,0.1327440671959566,0.1376404044873323,120
L3_temporal_plate,trial_0017_bite_011,trial_0017,withdrawal,0.16199125133053344,0.1916823958653402,71
L3_temporal_plate,trial_0017_bite_012,trial_0017,transfer,0.09198623252801698,0.10072289966631914,176
L3_temporal_plate,trial_0017_bite_012,trial_0017,withdrawal,0.16795695282126594,0.19683812312428925,68
L3_temporal_plate,trial_0017_bite_013,trial_0017,transfer,0.06384493744880342,0.08535571107316932,90
L3_temporal_plate,trial_0017_bite_013,trial_0017,withdrawal,0.06100207811947523,0.07267447114039918,79
L3_temporal_plate,trial_0017_bite_014,trial_0017,transfer,0.08832998620976153,0.10302987901754362,232
L3_temporal_plate,trial_0017_bite_014,trial_0017,withdrawal,0.07466852993760553,0.10138393336285673,149
L3_temporal_plate,trial_0017_bite_015,trial_0017,transfer,0.05088384932955202,0.06254880658064668,332
L3_temporal_plate,trial_0017_bite_015,trial_0017,withdrawal,0.09274895772219978,0.12608110172113343,75
L3_temporal_plate,trial_0019_bite_001,trial_0019,transfer,0.04977255786460664,0.05342465831087859,106
L3_temporal_plate,trial_0019_bite_001,trial_0019,withdrawal,0.07826686400852388,0.09863639463740322,91
L3_temporal_plate,trial_0019_bite_002,trial_0019,transfer,0.022644066121086097,0.026038128559628594,124
L3_temporal_plate,trial_0019_bite_002,trial_0019,withdrawal,0.10988685048182405,0.12551204352623727,102
L3_temporal_plate,trial_0019_bite_003,trial_0019,transfer,0.06686661719840718,0.07448718485126607,115
L3_temporal_plate,trial_0019_bite_003,trial_0019,withdrawal,0.07515658729091698,0.0939977244881963,93
L3_temporal_plate,trial_0019_bite_004,trial_0019,transfer,0.07366382102521232,0.08067604235470563,113
L3_temporal_plate,trial_0019_bite_004,trial_0019,withdrawal,0.0778340749491781,0.08760909142584203,90
L3_temporal_plate,trial_0019_bite_005,trial_0019,transfer,0.0389829469241924,0.042321765866008595,128
L3_temporal_plate,trial_0019_bite_005,trial_0019,withdrawal,0.11863395036122651,0.1341039207119334,156
L3_temporal_plate,trial_0019_bite_006,trial_0019,transfer,0.04708705808237148,0.051628088335950624,110
L3_temporal_plate,trial_0019_bite_006,trial_0019,withdrawal,0.19501549924732586,0.21103037633193245,116
L3_temporal_plate,trial_0019_bite_007,trial_0019,transfer,0.10183842381895124,0.1199894375092282,114
L3_temporal_plate,trial_0019_bite_007,trial_0019,withdrawal,0.15844377456328018,0.16707424806467486,99
L3_temporal_plate,trial_0019_bite_008,trial_0019,transfer,0.08140187366204658,0.08579720350877049,136
L3_temporal_plate,trial_0019_bite_008,trial_0019,withdrawal,0.16832293229493092,0.20284620147697335,113
L3_temporal_plate,trial_0019_bite_009,trial_0019,transfer,0.044862463740881396,0.047326133164708545,133
L3_temporal_plate,trial_0019_bite_009,trial_0019,withdrawal,0.11297306575015906,0.1368028489026983,108
L3_temporal_plate,trial_0019_bite_010,trial_0019,transfer,0.021923555664136576,0.03211858220049348,137
L3_temporal_plate,trial_0019_bite_010,trial_0019,withdrawal,0.08568856503492259,0.09529460097962325,99
L3_temporal_plate,trial_0019_bite_011,trial_0019,transfer,0.06423771996012244,0.07198179509045702,176
L3_temporal_plate,trial_0019_bite_011,trial_0019,withdrawal,0.17500306831504686,0.19958787806863137,104
L3_temporal_plate,trial_0019_bite_012,trial_0019,transfer,0.02886860542519995,0.03222888575025785,116
L3_temporal_plate,trial_0019_bite_012,trial_0019,withdrawal,0.03928116346155049,0.0457602443510286,113
L3_temporal_plate,trial_0019_bite_013,trial_0019,transfer,0.020940820221303655,0.026243948057897416,140
L3_temporal_plate,trial_0019_bite_013,trial_0019,withdrawal,0.10229404724211658,0.12151173543092925,113
L3_temporal_plate,trial_0019_bite_014,trial_0019,transfer,0.12204569544381369,0.12579836776111616,178
L3_temporal_plate,trial_0019_bite_014,trial_0019,withdrawal,0.07604016006549218,0.09796158516894357,115
L3_temporal_plate,trial_0019_bite_015,trial_0019,transfer,0.05940961589068954,0.06123093166218383,130
L3_temporal_plate,trial_0019_bite_015,trial_0019,withdrawal,0.06532308621759786,0.07526629006077987,106
L3_temporal_plate,trial_0019_bite_016,trial_0019,transfer,0.04671069831605619,0.04846725862454686,151
L3_temporal_plate,trial_0019_bite_016,trial_0019,withdrawal,0.08261250473341133,0.09346861046545733,99
L3_temporal_plate,trial_0019_bite_017,trial_0019,transfer,0.0880014447046275,0.08964380832670307,135
L3_temporal_plate,trial_0019_bite_017,trial_0019,withdrawal,0.05239735674722251,0.061109012766756725,106
L3_temporal_plate,trial_0019_bite_018,trial_0019,transfer,0.018256152250090082,0.023143273598553293,133
L3_temporal_plate,trial_0019_bite_018,trial_0019,withdrawal,0.0660275192790965,0.07165572775722585,111
L3_temporal_plate,trial_0019_bite_019,trial_0019,transfer,0.12804601278034172,0.1357349424295252,143
L3_temporal_plate,trial_0019_bite_019,trial_0019,withdrawal,0.04522201224854272,0.05234532391644851,97
L3_temporal_plate,trial_0019_bite_020,trial_0019,transfer,0.024470319731535427,0.030132137563541463,185
L3_temporal_plate,trial_0019_bite_020,trial_0019,withdrawal,0.044095823451054644,0.05289029381056533,135
L3_temporal_plate,trial_0019_bite_021,trial_0019,transfer,0.03630462305142711,0.036910035303477626,178
L3_temporal_plate,trial_0019_bite_021,trial_0019,withdrawal,0.034420618677025144,0.03969112103758301,116
L3_temporal_plate,trial_0019_bite_022,trial_0019,transfer,0.02407850077809624,0.02760143160192497,140
L3_temporal_plate,trial_0019_bite_022,trial_0019,withdrawal,0.05089522435782623,0.06107490139471246,108
L3_temporal_plate,trial_0019_bite_023,trial_0019,transfer,0.05587547237102327,0.05661667934424553,140
L3_temporal_plate,trial_0019_bite_023,trial_0019,withdrawal,0.03476525826118928,0.04359013489131934,113
L3_temporal_plate,trial_0019_bite_024,trial_0019,transfer,0.10541090681600124,0.10899578561255459,151
L3_temporal_plate,trial_0019_bite_024,trial_0019,withdrawal,0.14683636871862585,0.1941294337730878,113
L3_temporal_plate,trial_0019_bite_025,trial_0019,transfer,0.05654213896110319,0.059787089963131944,186
L3_temporal_plate,trial_0019_bite_025,trial_0019,withdrawal,0.04000765974637905,0.04775793867605927,108
L3_temporal_plate,trial_0019_bite_026,trial_0019,transfer,0.04769000881235237,0.050348185886491974,149
L3_temporal_plate,trial_0019_bite_026,trial_0019,withdrawal,0.16825489952245515,0.20412333058774346,120
L3_temporal_plate,trial_0020_bite_001,trial_0020,transfer,0.07952334071466337,0.09030680160057197,126
L3_temporal_plate,trial_0020_bite_001,trial_0020,withdrawal,0.11051911340890731,0.13330302243820003,96
L3_temporal_plate,trial_0020_bite_002,trial_0020,transfer,0.07226459208279173,0.08706269445547639,165
L3_temporal_plate,trial_0020_bite_002,trial_0020,withdrawal,0.18669964804154857,0.23776863925712446,113
L3_temporal_plate,trial_0020_bite_003,trial_0020,transfer,0.05383775834700455,0.05780480726983707,120
L3_temporal_plate,trial_0020_bite_003,trial_0020,withdrawal,0.0976129755521082,0.1251195496021018,76
L3_temporal_plate,trial_0020_bite_004,trial_0020,transfer,0.053498417136813574,0.057037230740015085,151
L3_temporal_plate,trial_0020_bite_004,trial_0020,withdrawal,0.12921550007350202,0.15353668381790755,97
L3_temporal_plate,trial_0020_bite_005,trial_0020,transfer,0.020699029142239,0.02527710336308888,148
L3_temporal_plate,trial_0020_bite_005,trial_0020,withdrawal,0.07334038779110438,0.08979132355382251,104
L3_temporal_plate,trial_0020_bite_006,trial_0020,transfer,0.05215802013911518,0.05552255929611534,113
L3_temporal_plate,trial_0020_bite_006,trial_0020,withdrawal,0.12440228350692803,0.17208392509683856,62
L3_temporal_plate,trial_0020_bite_007,trial_0020,transfer,0.1411224545280843,0.15635964071291814,113
L3_temporal_plate,trial_0020_bite_007,trial_0020,withdrawal,0.08166175273560956,0.10122826981321553,98
L3_temporal_plate,trial_0020_bite_008,trial_0020,transfer,0.08723973724481866,0.09805755861197168,142
L3_temporal_plate,trial_0020_bite_008,trial_0020,withdrawal,0.09260301493940622,0.11237940345679724,100
L3_temporal_plate,trial_0020_bite_009,trial_0020,transfer,0.08789567688280431,0.09574665183302641,131
L3_temporal_plate,trial_0020_bite_009,trial_0020,withdrawal,0.10097463516003855,0.12948523742103002,111
L3_temporal_plate,trial_0020_bite_010,trial_0020,transfer,0.07294026185042003,0.08352929699165033,147
L3_temporal_plate,trial_0020_bite_010,trial_0020,withdrawal,0.131187678426348,0.17570474270820846,102
L3_temporal_plate,trial_0020_bite_011,trial_0020,transfer,0.07869587192276017,0.08752834180303214,162
L3_temporal_plate,trial_0020_bite_011,trial_0020,withdrawal,0.07623439196556457,0.09107438528524882,100
L3_temporal_plate,trial_0020_bite_012,trial_0020,transfer,0.10057573313443124,0.11092893581621961,120
L3_temporal_plate,trial_0020_bite_012,trial_0020,withdrawal,0.19562756846987261,0.23816570630263537,124
L3_temporal_plate,trial_0020_bite_013,trial_0020,transfer,0.03835211233925268,0.04045926455804356,143
L3_temporal_plate,trial_0020_bite_013,trial_0020,withdrawal,0.15323983380574274,0.1921078746344809,149
L3_temporal_plate,trial_0020_bite_014,trial_0020,transfer,0.05291318485888186,0.06077769654675252,149
L3_temporal_plate,trial_0020_bite_014,trial_0020,withdrawal,0.16232172172458212,0.20492586043044195,117
L3_temporal_plate,trial_0020_bite_015,trial_0020,transfer,0.04980117911722482,0.0677536109590134,323
L3_temporal_plate,trial_0020_bite_015,trial_0020,withdrawal,0.17833031491440884,0.24113847874712235,104
L3_temporal_plate,trial_0020_bite_016,trial_0020,transfer,0.02706149834454545,0.03468553111017403,163
L3_temporal_plate,trial_0020_bite_016,trial_0020,withdrawal,0.11530722758403765,0.14851735514087347,95
L3_temporal_plate,trial_0020_bite_017,trial_0020,withdrawal,0.12397432377230973,0.17048301112659156,104
L3_temporal_plate,trial_0020_bite_018,trial_0020,transfer,0.013912739363112018,0.017615306188142308,201
L3_temporal_plate,trial_0020_bite_018,trial_0020,withdrawal,0.15641510554107438,0.223413424482139,108
L3_temporal_plate,trial_0020_bite_019,trial_0020,withdrawal,0.239356161446093,0.26867910406497725,90
L4_current_m3,trial_0012_bite_001,trial_0012,transfer,0.02067241547147184,0.026004433606760517,144
L4_current_m3,trial_0012_bite_001,trial_0012,withdrawal,0.04082505926390284,0.04466762423985365,102
L4_current_m3,trial_0012_bite_002,trial_0012,transfer,0.02184364092032159,0.025500947324516493,188
L4_current_m3,trial_0012_bite_002,trial_0012,withdrawal,0.11864628045099909,0.14471642468225399,113
L4_current_m3,trial_0012_bite_003,trial_0012,transfer,0.09795548322344311,0.10022779805832871,146
L4_current_m3,trial_0012_bite_003,trial_0012,withdrawal,0.17325860933638473,0.1934950637009428,99
L4_current_m3,trial_0012_bite_004,trial_0012,transfer,0.03666691544258207,0.04101642313283761,147
L4_current_m3,trial_0012_bite_004,trial_0012,withdrawal,0.11662874755567523,0.13555105849099922,140
L4_current_m3,trial_0012_bite_005,trial_0012,transfer,0.11150325520372167,0.1199387815719878,122
L4_current_m3,trial_0012_bite_005,trial_0012,withdrawal,0.15834655471609554,0.19534335461439972,137
L4_current_m3,trial_0012_bite_006,trial_0012,transfer,0.04381222716114609,0.05484432401366354,157
L4_current_m3,trial_0012_bite_006,trial_0012,withdrawal,0.12928707832346378,0.1449359868710718,131
L4_current_m3,trial_0012_bite_007,trial_0012,transfer,0.10357119672723092,0.10736237865939838,133
L4_current_m3,trial_0012_bite_007,trial_0012,withdrawal,0.14841489297181135,0.18530651236555032,140
L4_current_m3,trial_0012_bite_008,trial_0012,transfer,0.04506677041934896,0.04911938273358264,168
L4_current_m3,trial_0012_bite_008,trial_0012,withdrawal,0.14446192477560876,0.15395136889515276,98
L4_current_m3,trial_0012_bite_009,trial_0012,transfer,0.05253301274449096,0.05694377936111854,230
L4_current_m3,trial_0012_bite_009,trial_0012,withdrawal,0.1166564461111078,0.1642215133169866,138
L4_current_m3,trial_0012_bite_010,trial_0012,transfer,0.049298228140573296,0.05282372018332736,152
L4_current_m3,trial_0012_bite_010,trial_0012,withdrawal,0.16749048391688043,0.1938755610676413,99
L4_current_m3,trial_0012_bite_011,trial_0012,transfer,0.019150280267240968,0.02537962500091629,205
L4_current_m3,trial_0012_bite_011,trial_0012,withdrawal,0.056179700270358006,0.05963051073827636,175
L4_current_m3,trial_0012_bite_012,trial_0012,transfer,0.03886859306500942,0.04276210836024503,180
L4_current_m3,trial_0012_bite_012,trial_0012,withdrawal,0.1278667623484999,0.1747015898114983,97
L4_current_m3,trial_0012_bite_013,trial_0012,transfer,0.05123352473859111,0.052730724095325976,204
L4_current_m3,trial_0012_bite_013,trial_0012,withdrawal,0.07319715504117578,0.09370522307491176,120
L4_current_m3,trial_0012_bite_014,trial_0012,transfer,0.1344353799110062,0.15037196122283972,176
L4_current_m3,trial_0012_bite_014,trial_0012,withdrawal,0.07282399282256699,0.08588078789331961,120
L4_current_m3,trial_0012_bite_015,trial_0012,transfer,0.13732878388757538,0.1610225655322137,151
L4_current_m3,trial_0012_bite_015,trial_0012,withdrawal,0.06860122851105885,0.07636876288793115,115
L4_current_m3,trial_0013_bite_001,trial_0013,transfer,0.051992235960396434,0.05759362984297215,124
L4_current_m3,trial_0013_bite_001,trial_0013,withdrawal,0.25155713359156495,0.2923139613680006,85
L4_current_m3,trial_0013_bite_002,trial_0013,transfer,0.054038918246970505,0.057716865737171934,131
L4_current_m3,trial_0013_bite_002,trial_0013,withdrawal,0.03902116056926387,0.04861815742408506,116
L4_current_m3,trial_0013_bite_003,trial_0013,transfer,0.03191592004780892,0.036420831941928584,164
L4_current_m3,trial_0013_bite_003,trial_0013,withdrawal,0.11758265233862568,0.14334755973148766,94
L4_current_m3,trial_0013_bite_004,trial_0013,transfer,0.08610782918661705,0.08614640738553474,20
L4_current_m3,trial_0013_bite_004,trial_0013,withdrawal,0.07568947307642315,0.09125216520321293,71
L4_current_m3,trial_0013_bite_005,trial_0013,transfer,0.06609697751462473,0.06883696094648689,88
L4_current_m3,trial_0013_bite_005,trial_0013,withdrawal,0.04763675086902989,0.05043021458597096,81
L4_current_m3,trial_0013_bite_006,trial_0013,transfer,0.05243744603931846,0.05555676400254225,158
L4_current_m3,trial_0013_bite_006,trial_0013,withdrawal,0.10445090254498678,0.12846815011148668,142
L4_current_m3,trial_0013_bite_007,trial_0013,transfer,0.08278635587397377,0.0832609557855832,39
L4_current_m3,trial_0013_bite_007,trial_0013,withdrawal,0.021980591880150162,0.024017001551227303,136
L4_current_m3,trial_0013_bite_008,trial_0013,transfer,0.030920364748513184,0.03588543863316914,198
L4_current_m3,trial_0013_bite_008,trial_0013,withdrawal,0.032759743105080744,0.04384715739785576,85
L4_current_m3,trial_0013_bite_009,trial_0013,transfer,0.0815708737330587,0.0865761295571039,158
L4_current_m3,trial_0013_bite_009,trial_0013,withdrawal,0.07790466512104602,0.09277440714761533,108
L4_current_m3,trial_0013_bite_010,trial_0013,transfer,0.0481988407933423,0.050222568916829816,135
L4_current_m3,trial_0013_bite_010,trial_0013,withdrawal,0.037584807427546676,0.04090705455567878,140
L4_current_m3,trial_0013_bite_011,trial_0013,transfer,0.09018034682302267,0.09380437834360894,131
L4_current_m3,trial_0013_bite_011,trial_0013,withdrawal,0.073459194055139,0.092147134062826,118
L4_current_m3,trial_0013_bite_012,trial_0013,transfer,0.04628952153420777,0.05030817155675725,140
L4_current_m3,trial_0013_bite_012,trial_0013,withdrawal,0.07246432082652964,0.08854173147616422,94
L4_current_m3,trial_0014_bite_001,trial_0014,transfer,0.04030251154865026,0.04285849082265228,156
L4_current_m3,trial_0014_bite_001,trial_0014,withdrawal,0.11675743248233415,0.1540370862552511,98
L4_current_m3,trial_0014_bite_002,trial_0014,transfer,0.04591435787612059,0.05050220002822217,174
L4_current_m3,trial_0014_bite_002,trial_0014,withdrawal,0.031464832147194824,0.04037997492734056,109
L4_current_m3,trial_0014_bite_003,trial_0014,transfer,0.6387891647186333,0.6414560108927494,132
L4_current_m3,trial_0014_bite_003,trial_0014,withdrawal,0.023480340521121742,0.03229563453046546,102
L4_current_m3,trial_0014_bite_004,trial_0014,transfer,0.07792936295654304,0.08661461846354573,112
L4_current_m3,trial_0014_bite_004,trial_0014,withdrawal,0.050220386979353486,0.06575289315478472,95
L4_current_m3,trial_0014_bite_005,trial_0014,transfer,0.7159012442054783,0.7221494407228408,124
L4_current_m3,trial_0014_bite_005,trial_0014,withdrawal,0.049059867327713155,0.06612967919788777,62
L4_current_m3,trial_0014_bite_006,trial_0014,transfer,0.07224626396339548,0.08189796813145854,91
L4_current_m3,trial_0014_bite_006,trial_0014,withdrawal,0.09926583322193669,0.13207406205016,81
L4_current_m3,trial_0014_bite_007,trial_0014,transfer,0.05919051436854033,0.06652753384335196,111
L4_current_m3,trial_0014_bite_007,trial_0014,withdrawal,0.029892678247572083,0.0386861590409963,86
L4_current_m3,trial_0014_bite_008,trial_0014,transfer,0.07100064144297812,0.08120832783804587,94
L4_current_m3,trial_0014_bite_008,trial_0014,withdrawal,0.049346785543787866,0.0555367995146483,74
L4_current_m3,trial_0014_bite_009,trial_0014,transfer,0.05699948501961458,0.06316840808649662,114
L4_current_m3,trial_0014_bite_009,trial_0014,withdrawal,0.013578828069012791,0.017961405413214095,52
L4_current_m3,trial_0014_bite_010,trial_0014,transfer,0.7021194625454241,0.7070748185359801,124
L4_current_m3,trial_0014_bite_010,trial_0014,withdrawal,0.05721566501302292,0.07809381259449184,77
L4_current_m3,trial_0014_bite_011,trial_0014,transfer,0.07944932356778724,0.09101826894759915,131
L4_current_m3,trial_0014_bite_011,trial_0014,withdrawal,0.02510797042610189,0.033067176926387165,81
L4_current_m3,trial_0014_bite_012,trial_0014,transfer,0.7405765024642144,0.7481778659652999,103
L4_current_m3,trial_0014_bite_012,trial_0014,withdrawal,0.07882881349517704,0.09132428904719603,104
L4_current_m3,trial_0014_bite_013,trial_0014,transfer,0.7235091867190916,0.7295401888215081,108
L4_current_m3,trial_0014_bite_013,trial_0014,withdrawal,0.05541958858835295,0.0627275063002987,115
L4_current_m3,trial_0014_bite_014,trial_0014,transfer,0.15119799251566768,0.1619600657387835,129
L4_current_m3,trial_0014_bite_014,trial_0014,withdrawal,0.021711571248965684,0.02613325391911411,106
L4_current_m3,trial_0014_bite_015,trial_0014,transfer,0.10217360049906067,0.11648391410004423,130
L4_current_m3,trial_0014_bite_015,trial_0014,withdrawal,0.09906645381735675,0.11247249163051891,106
L4_current_m3,trial_0014_bite_016,trial_0014,transfer,0.1215487479865139,0.1310462997959751,137
L4_current_m3,trial_0014_bite_016,trial_0014,withdrawal,0.07506695129802081,0.0848259893882979,94
L4_current_m3,trial_0014_bite_017,trial_0014,transfer,0.06428758213934534,0.06944498748630332,121
L4_current_m3,trial_0014_bite_017,trial_0014,withdrawal,0.039138315359629944,0.04709260745692347,99
L4_current_m3,trial_0014_bite_018,trial_0014,transfer,0.6726436438475125,0.6758650897210278,156
L4_current_m3,trial_0014_bite_018,trial_0014,withdrawal,0.03837015854177137,0.05058599241256784,86
L4_current_m3,trial_0014_bite_019,trial_0014,transfer,0.0419969948099986,0.05023788982280232,127
L4_current_m3,trial_0014_bite_019,trial_0014,withdrawal,0.09055361103321902,0.10023872656319195,104
L4_current_m3,trial_0014_bite_020,trial_0014,transfer,0.4590672883974982,0.4615141796632881,157
L4_current_m3,trial_0014_bite_020,trial_0014,withdrawal,0.05591607841278992,0.06147246313697224,104
L4_current_m3,trial_0014_bite_021,trial_0014,transfer,0.04241622001630723,0.04515484755360556,205
L4_current_m3,trial_0014_bite_021,trial_0014,withdrawal,0.11219027305480371,0.1350236696914924,99
L4_current_m3,trial_0015_bite_001,trial_0015,transfer,0.02560168908842947,0.0280993858790221,145
L4_current_m3,trial_0015_bite_001,trial_0015,withdrawal,0.10883070173273766,0.12378201787721807,149
L4_current_m3,trial_0015_bite_002,trial_0015,transfer,0.07309621511154048,0.08137268586388231,108
L4_current_m3,trial_0015_bite_002,trial_0015,withdrawal,0.1604978385002683,0.19716378942175733,129
L4_current_m3,trial_0015_bite_003,trial_0015,transfer,0.06023481502911574,0.066060573564979,154
L4_current_m3,trial_0015_bite_003,trial_0015,withdrawal,0.08879447907312929,0.11010092484795762,153
L4_current_m3,trial_0015_bite_004,trial_0015,transfer,0.07940599600451506,0.09308958067455524,145
L4_current_m3,trial_0015_bite_004,trial_0015,withdrawal,0.0706855047609592,0.08525874788769722,136
L4_current_m3,trial_0015_bite_005,trial_0015,transfer,0.08563235951092087,0.10063779294096091,122
L4_current_m3,trial_0015_bite_005,trial_0015,withdrawal,0.18029064561632996,0.20820093150648797,163
L4_current_m3,trial_0015_bite_006,trial_0015,transfer,0.10139274408903089,0.11561460695355762,122
L4_current_m3,trial_0015_bite_006,trial_0015,withdrawal,0.09452373968126454,0.1100017743371844,146
L4_current_m3,trial_0015_bite_007,trial_0015,transfer,0.043614988861605676,0.04709335688146933,127
L4_current_m3,trial_0015_bite_007,trial_0015,withdrawal,0.04151129204893284,0.050752168700988004,144
L4_current_m3,trial_0015_bite_008,trial_0015,transfer,0.025636729968769926,0.030761235545290488,169
L4_current_m3,trial_0015_bite_008,trial_0015,withdrawal,0.04521804333489677,0.047935017055150936,227
L4_current_m3,trial_0015_bite_009,trial_0015,transfer,0.15279275360068903,0.17510139212285256,158
L4_current_m3,trial_0015_bite_009,trial_0015,withdrawal,0.15085509473260883,0.2019720774653035,183
L4_current_m3,trial_0015_bite_010,trial_0015,transfer,0.03048858707132112,0.03542766271590224,150
L4_current_m3,trial_0015_bite_010,trial_0015,withdrawal,0.09128691311849917,0.11817505784758892,131
L4_current_m3,trial_0015_bite_011,trial_0015,transfer,0.08246407198901293,0.08974541666993452,126
L4_current_m3,trial_0015_bite_011,trial_0015,withdrawal,0.12195571279627446,0.15841587498620466,124
L4_current_m3,trial_0015_bite_012,trial_0015,transfer,0.06906113482588196,0.07508869458308377,44
L4_current_m3,trial_0015_bite_012,trial_0015,withdrawal,0.07427752513314359,0.09458376357761485,129
L4_current_m3,trial_0015_bite_013,trial_0015,transfer,0.12129764650076476,0.13550598904926217,146
L4_current_m3,trial_0015_bite_013,trial_0015,withdrawal,0.059465168604150125,0.06759902843459721,183
L4_current_m3,trial_0015_bite_014,trial_0015,transfer,0.08416600589553123,0.0929807653123785,116
L4_current_m3,trial_0015_bite_014,trial_0015,withdrawal,0.05016491928690052,0.05365605938793448,138
L4_current_m3,trial_0015_bite_015,trial_0015,transfer,0.08339094400690852,0.09024198613867893,110
L4_current_m3,trial_0015_bite_015,trial_0015,withdrawal,0.05997896558082123,0.07460225855628012,169
L4_current_m3,trial_0015_bite_016,trial_0015,transfer,0.02980734205312256,0.03445948828459709,156
L4_current_m3,trial_0015_bite_016,trial_0015,withdrawal,0.08615155954497297,0.09551823477772795,156
L4_current_m3,trial_0015_bite_017,trial_0015,transfer,0.05851854323783404,0.0644640128510645,160
L4_current_m3,trial_0015_bite_017,trial_0015,withdrawal,0.09082352251132525,0.10155849943641097,178
L4_current_m3,trial_0015_bite_018,trial_0015,transfer,0.034878633855722395,0.03977309776492292,151
L4_current_m3,trial_0015_bite_018,trial_0015,withdrawal,0.061299175375240746,0.07006987174278896,178
L4_current_m3,trial_0015_bite_019,trial_0015,transfer,0.1126276532713396,0.12054455561890573,185
L4_current_m3,trial_0015_bite_019,trial_0015,withdrawal,0.061283056930573315,0.06979368236840507,149
L4_current_m3,trial_0017_bite_001,trial_0017,transfer,0.1171218998540623,0.1361785659036794,219
L4_current_m3,trial_0017_bite_001,trial_0017,withdrawal,0.1081426978383748,0.13556897957256153,129
L4_current_m3,trial_0017_bite_002,trial_0017,transfer,0.24412419564693896,0.2676958356029168,167
L4_current_m3,trial_0017_bite_002,trial_0017,withdrawal,0.09035093419445239,0.10676983338033101,90
L4_current_m3,trial_0017_bite_003,trial_0017,transfer,0.10421247262397104,0.10973705822195887,119
L4_current_m3,trial_0017_bite_003,trial_0017,withdrawal,0.09249685070188228,0.11539564532605194,100
L4_current_m3,trial_0017_bite_004,trial_0017,transfer,0.1469688323275371,0.15212626692072398,103
L4_current_m3,trial_0017_bite_004,trial_0017,withdrawal,0.06775575329998683,0.08016929018986345,93
L4_current_m3,trial_0017_bite_005,trial_0017,transfer,0.046461305325833736,0.0492331980958783,190
L4_current_m3,trial_0017_bite_005,trial_0017,withdrawal,0.06980694731875935,0.07637993088848616,79
L4_current_m3,trial_0017_bite_006,trial_0017,transfer,0.06511329798561206,0.06584525913582275,160
L4_current_m3,trial_0017_bite_006,trial_0017,withdrawal,0.11723870084331701,0.13280813821922513,108
L4_current_m3,trial_0017_bite_007,trial_0017,transfer,0.10598783997233123,0.11548418851166324,156
L4_current_m3,trial_0017_bite_007,trial_0017,withdrawal,0.11702885974270255,0.12997616168363363,64
L4_current_m3,trial_0017_bite_008,trial_0017,transfer,0.11742141132170857,0.11773067853442604,49
L4_current_m3,trial_0017_bite_008,trial_0017,withdrawal,0.07478314721701304,0.09130914960120852,74
L4_current_m3,trial_0017_bite_009,trial_0017,transfer,0.049154801713939204,0.056520009112930286,233
L4_current_m3,trial_0017_bite_009,trial_0017,withdrawal,0.12934999593621607,0.1403291490093309,70
L4_current_m3,trial_0017_bite_010,trial_0017,transfer,0.07065439616494318,0.0744474392729312,178
L4_current_m3,trial_0017_bite_010,trial_0017,withdrawal,0.1299168686506945,0.14122480905665163,73
L4_current_m3,trial_0017_bite_011,trial_0017,transfer,0.10439564350318249,0.10649185776108913,120
L4_current_m3,trial_0017_bite_011,trial_0017,withdrawal,0.14959996061391478,0.1675892767271518,71
L4_current_m3,trial_0017_bite_012,trial_0017,transfer,0.09271272079489506,0.09592510989955291,176
L4_current_m3,trial_0017_bite_012,trial_0017,withdrawal,0.13983532668774046,0.15589609325117834,68
L4_current_m3,trial_0017_bite_013,trial_0017,transfer,0.06399640503838953,0.07163050966824923,90
L4_current_m3,trial_0017_bite_013,trial_0017,withdrawal,0.037862970205870816,0.05025879508673199,79
L4_current_m3,trial_0017_bite_014,trial_0017,transfer,0.09262986609628986,0.09762874727985488,232
L4_current_m3,trial_0017_bite_014,trial_0017,withdrawal,0.11340048259907642,0.13913212090450047,149
L4_current_m3,trial_0017_bite_015,trial_0017,transfer,0.044258965376719625,0.054253434920298785,332
L4_current_m3,trial_0017_bite_015,trial_0017,withdrawal,0.07034760799668728,0.07610622139797994,75
L4_current_m3,trial_0019_bite_001,trial_0019,transfer,0.03786214068954631,0.04717517044630311,106
L4_current_m3,trial_0019_bite_001,trial_0019,withdrawal,0.07815630150163845,0.09779911838798751,91
L4_current_m3,trial_0019_bite_002,trial_0019,transfer,0.03276147984190832,0.03860487646911043,124
L4_current_m3,trial_0019_bite_002,trial_0019,withdrawal,0.12779680454623038,0.14349626556592798,102
L4_current_m3,trial_0019_bite_003,trial_0019,transfer,0.06204629909337155,0.06729708286067179,115
L4_current_m3,trial_0019_bite_003,trial_0019,withdrawal,0.08154941389056879,0.0888050145843354,93
L4_current_m3,trial_0019_bite_004,trial_0019,transfer,0.08689198524575856,0.09493636070290715,113
L4_current_m3,trial_0019_bite_004,trial_0019,withdrawal,0.09839689458236871,0.11326627464849755,90
L4_current_m3,trial_0019_bite_005,trial_0019,transfer,0.06358608825898282,0.06698006102012732,128
L4_current_m3,trial_0019_bite_005,trial_0019,withdrawal,0.1582381046847143,0.17462992857618131,156
L4_current_m3,trial_0019_bite_006,trial_0019,transfer,0.052157132003551536,0.05636526593148535,110
L4_current_m3,trial_0019_bite_006,trial_0019,withdrawal,0.1833080959234792,0.1917699780007392,116
L4_current_m3,trial_0019_bite_007,trial_0019,transfer,0.11182952037377088,0.1281836541605394,114
L4_current_m3,trial_0019_bite_007,trial_0019,withdrawal,0.13620786286996428,0.14209120869252717,99
L4_current_m3,trial_0019_bite_008,trial_0019,transfer,0.09514102797477328,0.09690518349865908,136
L4_current_m3,trial_0019_bite_008,trial_0019,withdrawal,0.16032758319060528,0.18248271313010422,113
L4_current_m3,trial_0019_bite_009,trial_0019,transfer,0.05220858217271223,0.05364032426829599,133
L4_current_m3,trial_0019_bite_009,trial_0019,withdrawal,0.11627559535342627,0.12561479918213536,108
L4_current_m3,trial_0019_bite_010,trial_0019,transfer,0.022605618012158712,0.03241866580530464,137
L4_current_m3,trial_0019_bite_010,trial_0019,withdrawal,0.0688108426511951,0.09251636582046978,99
L4_current_m3,trial_0019_bite_011,trial_0019,transfer,0.08754906741611132,0.09159893235841896,176
L4_current_m3,trial_0019_bite_011,trial_0019,withdrawal,0.175072092995441,0.20300410889202603,104
L4_current_m3,trial_0019_bite_012,trial_0019,transfer,0.03401501663765228,0.03864466687979627,116
L4_current_m3,trial_0019_bite_012,trial_0019,withdrawal,0.0547624699614459,0.059050591064169634,113
L4_current_m3,trial_0019_bite_013,trial_0019,transfer,0.028422576486406694,0.033640585917689904,140
L4_current_m3,trial_0019_bite_013,trial_0019,withdrawal,0.12956159865807057,0.15556966816098605,113
L4_current_m3,trial_0019_bite_014,trial_0019,transfer,0.12370376796606072,0.12668982139082333,178
L4_current_m3,trial_0019_bite_014,trial_0019,withdrawal,0.0984489212348657,0.11434111791805598,115
L4_current_m3,trial_0019_bite_015,trial_0019,transfer,0.06058043041212571,0.06232759156395156,130
L4_current_m3,trial_0019_bite_015,trial_0019,withdrawal,0.08339351053360004,0.09472729269482504,106
L4_current_m3,trial_0019_bite_016,trial_0019,transfer,0.047059973590526626,0.05065927657945766,151
L4_current_m3,trial_0019_bite_016,trial_0019,withdrawal,0.10318220668885314,0.11527911780400568,99
L4_current_m3,trial_0019_bite_017,trial_0019,transfer,0.07944780335468049,0.08008609866898699,135
L4_current_m3,trial_0019_bite_017,trial_0019,withdrawal,0.06635340225166918,0.07386647610305608,106
L4_current_m3,trial_0019_bite_018,trial_0019,transfer,0.017168315902505518,0.023982860393282773,133
L4_current_m3,trial_0019_bite_018,trial_0019,withdrawal,0.0961144440054942,0.11001693775854439,111
L4_current_m3,trial_0019_bite_019,trial_0019,transfer,0.12545941360703253,0.1297884704928571,143
L4_current_m3,trial_0019_bite_019,trial_0019,withdrawal,0.07692467851931487,0.093700690038562,97
L4_current_m3,trial_0019_bite_020,trial_0019,transfer,0.030270634505261622,0.03721225743311993,185
L4_current_m3,trial_0019_bite_020,trial_0019,withdrawal,0.058376799975812764,0.06734109265322552,135
L4_current_m3,trial_0019_bite_021,trial_0019,transfer,0.04878174050608012,0.049178256998277395,178
L4_current_m3,trial_0019_bite_021,trial_0019,withdrawal,0.041866329675387955,0.047071129228170416,116
L4_current_m3,trial_0019_bite_022,trial_0019,transfer,0.029925751617639263,0.03472139332533954,140
L4_current_m3,trial_0019_bite_022,trial_0019,withdrawal,0.056586046783942336,0.06713643270471181,108
L4_current_m3,trial_0019_bite_023,trial_0019,transfer,0.06263384384869031,0.06372589700501048,140
L4_current_m3,trial_0019_bite_023,trial_0019,withdrawal,0.052630181815082715,0.062139660990097226,113
L4_current_m3,trial_0019_bite_024,trial_0019,transfer,0.11772985644539283,0.12000796099810918,151
L4_current_m3,trial_0019_bite_024,trial_0019,withdrawal,0.1402316354410526,0.16674925412137367,113
L4_current_m3,trial_0019_bite_025,trial_0019,transfer,0.07246715389870809,0.07370230722562345,186
L4_current_m3,trial_0019_bite_025,trial_0019,withdrawal,0.03924105630398155,0.044089670080461794,108
L4_current_m3,trial_0019_bite_026,trial_0019,transfer,0.047384850683730974,0.05183485075705255,149
L4_current_m3,trial_0019_bite_026,trial_0019,withdrawal,0.20154596790373352,0.24207463494984796,120
L4_current_m3,trial_0020_bite_001,trial_0020,transfer,0.10710165784051716,0.12161133598686781,126
L4_current_m3,trial_0020_bite_001,trial_0020,withdrawal,0.13987519377666402,0.16777943005552431,96
L4_current_m3,trial_0020_bite_002,trial_0020,transfer,0.0861042792179679,0.09943139873189576,165
L4_current_m3,trial_0020_bite_002,trial_0020,withdrawal,0.2299183381758444,0.2936933853827433,113
L4_current_m3,trial_0020_bite_003,trial_0020,transfer,0.06891766685097146,0.0745807648170692,120
L4_current_m3,trial_0020_bite_003,trial_0020,withdrawal,0.11390873091511278,0.14645157006390255,76
L4_current_m3,trial_0020_bite_004,trial_0020,transfer,0.08536880190155265,0.0904291266430086,151
L4_current_m3,trial_0020_bite_004,trial_0020,withdrawal,0.1565830698015397,0.1882342489462228,97
L4_current_m3,trial_0020_bite_005,trial_0020,transfer,0.0340315899420455,0.03855774306141447,148
L4_current_m3,trial_0020_bite_005,trial_0020,withdrawal,0.09237392794894618,0.1134147463277261,104
L4_current_m3,trial_0020_bite_006,trial_0020,transfer,0.07051770233734868,0.07542837845547115,113
L4_current_m3,trial_0020_bite_006,trial_0020,withdrawal,0.11309229247885205,0.1534011365836885,62
L4_current_m3,trial_0020_bite_007,trial_0020,transfer,0.15450938014526702,0.16908533920954152,113
L4_current_m3,trial_0020_bite_007,trial_0020,withdrawal,0.09916151283457897,0.12565786645284374,98
L4_current_m3,trial_0020_bite_008,trial_0020,transfer,0.10549057632339431,0.11781228852230978,142
L4_current_m3,trial_0020_bite_008,trial_0020,withdrawal,0.10923695749278986,0.13924657410210758,100
L4_current_m3,trial_0020_bite_009,trial_0020,transfer,0.09461995774963919,0.10189782913222654,131
L4_current_m3,trial_0020_bite_009,trial_0020,withdrawal,0.11443052516612966,0.15161051278497903,111
L4_current_m3,trial_0020_bite_010,trial_0020,transfer,0.08594325134663305,0.09750177996021582,147
L4_current_m3,trial_0020_bite_010,trial_0020,withdrawal,0.16123734676006518,0.21737487827410626,102
L4_current_m3,trial_0020_bite_011,trial_0020,transfer,0.09727456233821721,0.1073616554596995,162
L4_current_m3,trial_0020_bite_011,trial_0020,withdrawal,0.10439201479380607,0.12391647322345746,100
L4_current_m3,trial_0020_bite_012,trial_0020,transfer,0.11685992048951124,0.12799073563234192,120
L4_current_m3,trial_0020_bite_012,trial_0020,withdrawal,0.2336463652559527,0.2867913750439665,124
L4_current_m3,trial_0020_bite_013,trial_0020,transfer,0.04760753022473905,0.05009970062188788,143
L4_current_m3,trial_0020_bite_013,trial_0020,withdrawal,0.18436729954900896,0.23611939221938238,149
L4_current_m3,trial_0020_bite_014,trial_0020,transfer,0.0642486477600044,0.07218589306221718,149
L4_current_m3,trial_0020_bite_014,trial_0020,withdrawal,0.19973432768029808,0.2553422355849755,117
L4_current_m3,trial_0020_bite_015,trial_0020,transfer,0.05535945845826042,0.06896549370829233,323
L4_current_m3,trial_0020_bite_015,trial_0020,withdrawal,0.20949297721924676,0.28507999219309943,104
L4_current_m3,trial_0020_bite_016,trial_0020,transfer,0.03347026604325376,0.040189132356567854,163
L4_current_m3,trial_0020_bite_016,trial_0020,withdrawal,0.13715530139874343,0.17638685450603736,95
L4_current_m3,trial_0020_bite_017,trial_0020,withdrawal,0.15995434125324232,0.2207620656248469,104
L4_current_m3,trial_0020_bite_018,trial_0020,transfer,0.02434211904286789,0.02709678811783097,201
L4_current_m3,trial_0020_bite_018,trial_0020,withdrawal,0.1827112071621856,0.2614882733995585,108
L4_current_m3,trial_0020_bite_019,trial_0020,withdrawal,0.28135730718537594,0.318194561758852,90
M2_pose_velocity,trial_0012_bite_001,trial_0012,transfer,0.06333543561315311,0.06596964125628331,144
M2_pose_velocity,trial_0012_bite_001,trial_0012,withdrawal,0.03297193313419537,0.0403347037142675,102
M2_pose_velocity,trial_0012_bite_002,trial_0012,transfer,0.048005436132558345,0.05982475213631615,188
M2_pose_velocity,trial_0012_bite_002,trial_0012,withdrawal,0.11905357616220598,0.16060082093130476,113
M2_pose_velocity,trial_0012_bite_003,trial_0012,transfer,0.13956194640227285,0.1521331320024347,146
M2_pose_velocity,trial_0012_bite_003,trial_0012,withdrawal,0.16882680726669605,0.20806054365883128,99
M2_pose_velocity,trial_0012_bite_004,trial_0012,transfer,0.07681063490918871,0.09209448500565129,147
M2_pose_velocity,trial_0012_bite_004,trial_0012,withdrawal,0.13255975463429018,0.16384464997456435,140
M2_pose_velocity,trial_0012_bite_005,trial_0012,transfer,0.14931375936942115,0.16013719019571349,122
M2_pose_velocity,trial_0012_bite_005,trial_0012,withdrawal,0.2034891977036247,0.2341229265914499,137
M2_pose_velocity,trial_0012_bite_006,trial_0012,transfer,0.043529929417600456,0.056087740411480604,157
M2_pose_velocity,trial_0012_bite_006,trial_0012,withdrawal,0.1582408643606717,0.1841140402578187,131
M2_pose_velocity,trial_0012_bite_007,trial_0012,transfer,0.14180602825870964,0.15289960201388197,133
M2_pose_velocity,trial_0012_bite_007,trial_0012,withdrawal,0.1991975613787675,0.2546333142798401,140
M2_pose_velocity,trial_0012_bite_008,trial_0012,transfer,0.07992975904873878,0.08582277446354636,168
M2_pose_velocity,trial_0012_bite_008,trial_0012,withdrawal,0.17595064051348955,0.20179776467899424,98
M2_pose_velocity,trial_0012_bite_009,trial_0012,transfer,0.06892259552297388,0.08058969553498394,230
M2_pose_velocity,trial_0012_bite_009,trial_0012,withdrawal,0.0990743325870133,0.16274721114015694,138
M2_pose_velocity,trial_0012_bite_010,trial_0012,transfer,0.059631047321657846,0.06632750232246125,152
M2_pose_velocity,trial_0012_bite_010,trial_0012,withdrawal,0.22699287803663795,0.26170820839199477,99
M2_pose_velocity,trial_0012_bite_011,trial_0012,transfer,0.024983595331235425,0.02749535576603036,205
M2_pose_velocity,trial_0012_bite_011,trial_0012,withdrawal,0.03191354329387118,0.03955246519916145,175
M2_pose_velocity,trial_0012_bite_012,trial_0012,transfer,0.03977993608967139,0.04567032727483507,180
M2_pose_velocity,trial_0012_bite_012,trial_0012,withdrawal,0.15161812195925647,0.211933468284806,97
M2_pose_velocity,trial_0012_bite_013,trial_0012,transfer,0.06239855860129356,0.07139643567736569,204
M2_pose_velocity,trial_0012_bite_013,trial_0012,withdrawal,0.08887012514328316,0.11510695099611429,120
M2_pose_velocity,trial_0012_bite_014,trial_0012,transfer,0.12288389543715167,0.13807780498675243,176
M2_pose_velocity,trial_0012_bite_014,trial_0012,withdrawal,0.06279672720924452,0.07584220584817374,120
M2_pose_velocity,trial_0012_bite_015,trial_0012,transfer,0.1351565660047143,0.15602616031215902,151
M2_pose_velocity,trial_0012_bite_015,trial_0012,withdrawal,0.03273318000053331,0.0411320759564318,115
M2_pose_velocity,trial_0013_bite_001,trial_0013,transfer,0.035702522340609576,0.04096608033171785,124
M2_pose_velocity,trial_0013_bite_001,trial_0013,withdrawal,0.25131415123756645,0.2867911905247212,85
M2_pose_velocity,trial_0013_bite_002,trial_0013,transfer,0.0492219098278514,0.056109592417590566,131
M2_pose_velocity,trial_0013_bite_002,trial_0013,withdrawal,0.0462298864745253,0.05772606389967239,116
M2_pose_velocity,trial_0013_bite_003,trial_0013,transfer,0.03469131637914103,0.04227576817824205,164
M2_pose_velocity,trial_0013_bite_003,trial_0013,withdrawal,0.1387287609522935,0.1631606745257822,94
M2_pose_velocity,trial_0013_bite_004,trial_0013,transfer,0.08306826737335807,0.08314117196170362,20
M2_pose_velocity,trial_0013_bite_004,trial_0013,withdrawal,0.07900487620374684,0.09090505038869266,71
M2_pose_velocity,trial_0013_bite_005,trial_0013,transfer,0.05330001115825973,0.05925156775031618,88
M2_pose_velocity,trial_0013_bite_005,trial_0013,withdrawal,0.052521441089584855,0.05824731565826921,81
M2_pose_velocity,trial_0013_bite_006,trial_0013,transfer,0.04196667904589731,0.04589640176132861,158
M2_pose_velocity,trial_0013_bite_006,trial_0013,withdrawal,0.09977709249994064,0.1185420798488736,142
M2_pose_velocity,trial_0013_bite_007,trial_0013,transfer,0.06334588954441842,0.06409758310117859,39
M2_pose_velocity,trial_0013_bite_007,trial_0013,withdrawal,0.041640787950249225,0.05297188773642543,136
M2_pose_velocity,trial_0013_bite_008,trial_0013,transfer,0.018739990375575243,0.022375612142082436,198
M2_pose_velocity,trial_0013_bite_008,trial_0013,withdrawal,0.020170119389255583,0.026241553089512495,85
M2_pose_velocity,trial_0013_bite_009,trial_0013,transfer,0.07369851103053622,0.08626685476821602,158
M2_pose_velocity,trial_0013_bite_009,trial_0013,withdrawal,0.06590852381650289,0.07820345566203193,108
M2_pose_velocity,trial_0013_bite_010,trial_0013,transfer,0.049343534748591794,0.053284024295147336,135
M2_pose_velocity,trial_0013_bite_010,trial_0013,withdrawal,0.021175763132575003,0.026817630216961905,140
M2_pose_velocity,trial_0013_bite_011,trial_0013,transfer,0.08725353624848953,0.09657671955642212,131
M2_pose_velocity,trial_0013_bite_011,trial_0013,withdrawal,0.04207466315341856,0.05058249781369261,118
M2_pose_velocity,trial_0013_bite_012,trial_0013,transfer,0.025706426564250585,0.030674106209016005,140
M2_pose_velocity,trial_0013_bite_012,trial_0013,withdrawal,0.07053102954891818,0.09037570985231606,94
M2_pose_velocity,trial_0014_bite_001,trial_0014,transfer,0.054761393048936104,0.06309356023314383,156
M2_pose_velocity,trial_0014_bite_001,trial_0014,withdrawal,0.1173812339195767,0.15874945564852333,98
M2_pose_velocity,trial_0014_bite_002,trial_0014,transfer,0.03169115818545323,0.04015034686019937,174
M2_pose_velocity,trial_0014_bite_002,trial_0014,withdrawal,0.03942671839207422,0.052106552723455955,109
M2_pose_velocity,trial_0014_bite_003,trial_0014,transfer,0.060142899981822366,0.07129157049183724,132
M2_pose_velocity,trial_0014_bite_003,trial_0014,withdrawal,0.021197932036225456,0.02619999089750777,102
M2_pose_velocity,trial_0014_bite_004,trial_0014,transfer,0.09028572636005641,0.10504999650726622,112
M2_pose_velocity,trial_0014_bite_004,trial_0014,withdrawal,0.054870037293348196,0.07257502858134571,95
M2_pose_velocity,trial_0014_bite_005,trial_0014,transfer,0.12992586342878124,0.15358505824515276,124
M2_pose_velocity,trial_0014_bite_005,trial_0014,withdrawal,0.04743429405403927,0.06410053177092141,62
M2_pose_velocity,trial_0014_bite_006,trial_0014,transfer,0.07980221084460351,0.09364080997761061,91
M2_pose_velocity,trial_0014_bite_006,trial_0014,withdrawal,0.10663878222870327,0.1411133019280354,81
M2_pose_velocity,trial_0014_bite_007,trial_0014,transfer,0.06482446391110384,0.07814458255039418,111
M2_pose_velocity,trial_0014_bite_007,trial_0014,withdrawal,0.030915479669970533,0.04268295584443814,86
M2_pose_velocity,trial_0014_bite_008,trial_0014,transfer,0.07180146949797898,0.0859668879645057,94
M2_pose_velocity,trial_0014_bite_008,trial_0014,withdrawal,0.04157486614345516,0.04943391906888379,74
M2_pose_velocity,trial_0014_bite_009,trial_0014,transfer,0.05543879223362713,0.06607326470862891,114
M2_pose_velocity,trial_0014_bite_009,trial_0014,withdrawal,0.014628535347234331,0.019477870336082854,52
M2_pose_velocity,trial_0014_bite_010,trial_0014,transfer,0.11345933084256721,0.12920767825338728,124
M2_pose_velocity,trial_0014_bite_010,trial_0014,withdrawal,0.0679282705362369,0.09106388098154318,77
M2_pose_velocity,trial_0014_bite_011,trial_0014,transfer,0.08189343586457623,0.09981295652793676,131
M2_pose_velocity,trial_0014_bite_011,trial_0014,withdrawal,0.023497013698072295,0.03314744072296388,81
M2_pose_velocity,trial_0014_bite_012,trial_0014,transfer,0.16115673476178227,0.18905343441228745,103
M2_pose_velocity,trial_0014_bite_012,trial_0014,withdrawal,0.08554163736166585,0.10105011075497396,104
M2_pose_velocity,trial_0014_bite_013,trial_0014,transfer,0.14244878907485067,0.16485771354003778,108
M2_pose_velocity,trial_0014_bite_013,trial_0014,withdrawal,0.04811871594603735,0.05422696358053778,115
M2_pose_velocity,trial_0014_bite_014,trial_0014,transfer,0.16325984047723968,0.1757970190117142,129
M2_pose_velocity,trial_0014_bite_014,trial_0014,withdrawal,0.01909211623864797,0.022728966652299763,106
M2_pose_velocity,trial_0014_bite_015,trial_0014,transfer,0.1140165395202067,0.13177943036962816,130
M2_pose_velocity,trial_0014_bite_015,trial_0014,withdrawal,0.10543034956443416,0.12129351357509899,106
M2_pose_velocity,trial_0014_bite_016,trial_0014,transfer,0.13524394056320233,0.14684504653741323,137
M2_pose_velocity,trial_0014_bite_016,trial_0014,withdrawal,0.06908356271925364,0.07723095274434448,94
M2_pose_velocity,trial_0014_bite_017,trial_0014,transfer,0.07464894956063615,0.08242684225424071,121
M2_pose_velocity,trial_0014_bite_017,trial_0014,withdrawal,0.05532181303770413,0.06309304389431943,99
M2_pose_velocity,trial_0014_bite_018,trial_0014,transfer,0.09101915010793388,0.10673041474761863,156
M2_pose_velocity,trial_0014_bite_018,trial_0014,withdrawal,0.03518444803997931,0.04982190263984673,86
M2_pose_velocity,trial_0014_bite_019,trial_0014,transfer,0.022218824442834156,0.024388390549964507,127
M2_pose_velocity,trial_0014_bite_019,trial_0014,withdrawal,0.10159212269995098,0.11293798974692378,104
M2_pose_velocity,trial_0014_bite_020,trial_0014,transfer,0.12683570399466657,0.13687142162471289,157
M2_pose_velocity,trial_0014_bite_020,trial_0014,withdrawal,0.06848727123482631,0.07458718608861956,104
M2_pose_velocity,trial_0014_bite_021,trial_0014,transfer,0.0452163482200746,0.05581828631577596,205
M2_pose_velocity,trial_0014_bite_021,trial_0014,withdrawal,0.1120159192574387,0.13561958183027245,99
M2_pose_velocity,trial_0015_bite_001,trial_0015,transfer,0.04195223966886705,0.0437978477835999,145
M2_pose_velocity,trial_0015_bite_001,trial_0015,withdrawal,0.17638068223017342,0.19372009764679385,149
M2_pose_velocity,trial_0015_bite_002,trial_0015,transfer,0.03156787851415301,0.03961059651309837,108
M2_pose_velocity,trial_0015_bite_002,trial_0015,withdrawal,0.19397647487622952,0.2297200593855638,129
M2_pose_velocity,trial_0015_bite_003,trial_0015,transfer,0.0357001544454277,0.038504461367344985,154
M2_pose_velocity,trial_0015_bite_003,trial_0015,withdrawal,0.12625760769214184,0.15466755416079206,153
M2_pose_velocity,trial_0015_bite_004,trial_0015,transfer,0.06761633358101389,0.07810153712851706,145
M2_pose_velocity,trial_0015_bite_004,trial_0015,withdrawal,0.12198796228415058,0.1485780698634435,136
M2_pose_velocity,trial_0015_bite_005,trial_0015,transfer,0.0567075860267305,0.07060141692429733,122
M2_pose_velocity,trial_0015_bite_005,trial_0015,withdrawal,0.24436257646861015,0.2761205071012642,163
M2_pose_velocity,trial_0015_bite_006,trial_0015,transfer,0.13637700664083985,0.161405447566691,122
M2_pose_velocity,trial_0015_bite_006,trial_0015,withdrawal,0.13645947535451833,0.17330532577641647,146
M2_pose_velocity,trial_0015_bite_007,trial_0015,transfer,0.05393858506122916,0.058580627185808656,127
M2_pose_velocity,trial_0015_bite_007,trial_0015,withdrawal,0.07841991527378102,0.09595335511480609,144
M2_pose_velocity,trial_0015_bite_008,trial_0015,transfer,0.025032795919144018,0.03487324206727888,169
M2_pose_velocity,trial_0015_bite_008,trial_0015,withdrawal,0.02324887711066108,0.026876385278902643,227
M2_pose_velocity,trial_0015_bite_009,trial_0015,transfer,0.06947015415077527,0.08222313063718707,158
M2_pose_velocity,trial_0015_bite_009,trial_0015,withdrawal,0.18653222259502097,0.24872678783867805,183
M2_pose_velocity,trial_0015_bite_010,trial_0015,transfer,0.038556139002686354,0.0439845840196414,150
M2_pose_velocity,trial_0015_bite_010,trial_0015,withdrawal,0.14835892812624113,0.19177512241349728,131
M2_pose_velocity,trial_0015_bite_011,trial_0015,transfer,0.05454500178111426,0.057540255697493506,126
M2_pose_velocity,trial_0015_bite_011,trial_0015,withdrawal,0.14296400011205174,0.19181616460725115,124
M2_pose_velocity,trial_0015_bite_012,trial_0015,transfer,0.05666261450804438,0.05855840221554266,44
M2_pose_velocity,trial_0015_bite_012,trial_0015,withdrawal,0.08405919103137494,0.1113409787466716,129
M2_pose_velocity,trial_0015_bite_013,trial_0015,transfer,0.0918724578791012,0.10529929336941281,146
M2_pose_velocity,trial_0015_bite_013,trial_0015,withdrawal,0.037880889709575295,0.04190272549289836,183
M2_pose_velocity,trial_0015_bite_014,trial_0015,transfer,0.042100235243627666,0.053653851511528544,116
M2_pose_velocity,trial_0015_bite_014,trial_0015,withdrawal,0.08621250661473329,0.09932876763097709,138
M2_pose_velocity,trial_0015_bite_015,trial_0015,transfer,0.03767859766954403,0.046275348483925755,110
M2_pose_velocity,trial_0015_bite_015,trial_0015,withdrawal,0.032941075997868496,0.04141108543681597,169
M2_pose_velocity,trial_0015_bite_016,trial_0015,transfer,0.05619252084900172,0.06468854482729094,156
M2_pose_velocity,trial_0015_bite_016,trial_0015,withdrawal,0.06308243331434712,0.07341570118583683,156
M2_pose_velocity,trial_0015_bite_017,trial_0015,transfer,0.03143462432390337,0.0364602040192058,160
M2_pose_velocity,trial_0015_bite_017,trial_0015,withdrawal,0.07155580667709371,0.08203028171976394,178
M2_pose_velocity,trial_0015_bite_018,trial_0015,transfer,0.015134847473025171,0.017613155824009522,151
M2_pose_velocity,trial_0015_bite_018,trial_0015,withdrawal,0.03260084409691253,0.04232041723789621,178
M2_pose_velocity,trial_0015_bite_019,trial_0015,transfer,0.08016131288850409,0.08386403829733843,185
M2_pose_velocity,trial_0015_bite_019,trial_0015,withdrawal,0.051727943035836554,0.06445935404995662,149
M2_pose_velocity,trial_0017_bite_001,trial_0017,transfer,0.09985026423874989,0.11223377589829994,219
M2_pose_velocity,trial_0017_bite_001,trial_0017,withdrawal,0.0603228171672551,0.07413980305451122,129
M2_pose_velocity,trial_0017_bite_002,trial_0017,transfer,0.22301761695899622,0.24447253486192766,167
M2_pose_velocity,trial_0017_bite_002,trial_0017,withdrawal,0.04781041818514624,0.05605015364777512,90
M2_pose_velocity,trial_0017_bite_003,trial_0017,transfer,0.09476080191422817,0.10132762578171653,119
M2_pose_velocity,trial_0017_bite_003,trial_0017,withdrawal,0.055989460822099296,0.06662239057352287,100
M2_pose_velocity,trial_0017_bite_004,trial_0017,transfer,0.15682861089517014,0.1606018495241024,103
M2_pose_velocity,trial_0017_bite_004,trial_0017,withdrawal,0.06227171420253486,0.08294194743251396,93
M2_pose_velocity,trial_0017_bite_005,trial_0017,transfer,0.015587187623612185,0.01912403211663313,190
M2_pose_velocity,trial_0017_bite_005,trial_0017,withdrawal,0.05628939762621133,0.06788256945692442,79
M2_pose_velocity,trial_0017_bite_006,trial_0017,transfer,0.10706161603437539,0.11811306359499701,160
M2_pose_velocity,trial_0017_bite_006,trial_0017,withdrawal,0.05302710489136668,0.06631606323082258,108
M2_pose_velocity,trial_0017_bite_007,trial_0017,transfer,0.12809043700578687,0.14750514273478704,156
M2_pose_velocity,trial_0017_bite_007,trial_0017,withdrawal,0.1471326236349399,0.17618364451039997,64
M2_pose_velocity,trial_0017_bite_008,trial_0017,transfer,0.14970768407558543,0.15012777385187295,49
M2_pose_velocity,trial_0017_bite_008,trial_0017,withdrawal,0.10041041087411821,0.12613279515199516,74
M2_pose_velocity,trial_0017_bite_009,trial_0017,transfer,0.038697983198049554,0.04441224509240887,233
M2_pose_velocity,trial_0017_bite_009,trial_0017,withdrawal,0.16520753883051556,0.1897568630573008,70
M2_pose_velocity,trial_0017_bite_010,trial_0017,transfer,0.07218805163462955,0.08324008918465789,178
M2_pose_velocity,trial_0017_bite_010,trial_0017,withdrawal,0.21016596848659394,0.2297968246894532,73
M2_pose_velocity,trial_0017_bite_011,trial_0017,transfer,0.13822850763336392,0.14442038810721125,120
M2_pose_velocity,trial_0017_bite_011,trial_0017,withdrawal,0.16907641246267469,0.19707336864360314,71
M2_pose_velocity,trial_0017_bite_012,trial_0017,transfer,0.09609343048265702,0.10780800886696332,176
M2_pose_velocity,trial_0017_bite_012,trial_0017,withdrawal,0.181504006486572,0.21062241658699427,68
M2_pose_velocity,trial_0017_bite_013,trial_0017,transfer,0.0674076147532699,0.08923703883026912,90
M2_pose_velocity,trial_0017_bite_013,trial_0017,withdrawal,0.08075847219913584,0.09369038640000263,79
M2_pose_velocity,trial_0017_bite_014,trial_0017,transfer,0.08879783324685499,0.106508610806073,232
M2_pose_velocity,trial_0017_bite_014,trial_0017,withdrawal,0.06660717145156392,0.08944572825500678,149
M2_pose_velocity,trial_0017_bite_015,trial_0017,transfer,0.05423031232921811,0.06577441508734642,332
M2_pose_velocity,trial_0017_bite_015,trial_0017,withdrawal,0.09844869837020395,0.12932036168355834,75
M2_pose_velocity,trial_0019_bite_001,trial_0019,transfer,0.05054167204531614,0.05546649538327871,106
M2_pose_velocity,trial_0019_bite_001,trial_0019,withdrawal,0.07439216540584344,0.09536956972025157,91
M2_pose_velocity,trial_0019_bite_002,trial_0019,transfer,0.027307161584687944,0.0328387956260978,124
M2_pose_velocity,trial_0019_bite_002,trial_0019,withdrawal,0.12190998138695433,0.14005298103988303,102
M2_pose_velocity,trial_0019_bite_003,trial_0019,transfer,0.06295936134660886,0.07135263037022435,115
M2_pose_velocity,trial_0019_bite_003,trial_0019,withdrawal,0.09193917451600521,0.11197567844613861,93
M2_pose_velocity,trial_0019_bite_004,trial_0019,transfer,0.06375081880930451,0.070569952893137,113
M2_pose_velocity,trial_0019_bite_004,trial_0019,withdrawal,0.08852787858419378,0.09895094207429006,90
M2_pose_velocity,trial_0019_bite_005,trial_0019,transfer,0.0315010046814938,0.03478507578828806,128
M2_pose_velocity,trial_0019_bite_005,trial_0019,withdrawal,0.11656320202159907,0.13134512232063333,156
M2_pose_velocity,trial_0019_bite_006,trial_0019,transfer,0.05217517955285495,0.056688169932885814,110
M2_pose_velocity,trial_0019_bite_006,trial_0019,withdrawal,0.20595001250830036,0.22294929813910294,116
M2_pose_velocity,trial_0019_bite_007,trial_0019,transfer,0.11386528200508514,0.13433375246033435,114
M2_pose_velocity,trial_0019_bite_007,trial_0019,withdrawal,0.16425629757672963,0.17404090408288986,99
M2_pose_velocity,trial_0019_bite_008,trial_0019,transfer,0.08818521380177965,0.0945065517355634,136
M2_pose_velocity,trial_0019_bite_008,trial_0019,withdrawal,0.1667976442012117,0.20411834313011631,113
M2_pose_velocity,trial_0019_bite_009,trial_0019,transfer,0.058253603822936116,0.06111110757079108,133
M2_pose_velocity,trial_0019_bite_009,trial_0019,withdrawal,0.13025821907046525,0.154084535455378,108
M2_pose_velocity,trial_0019_bite_010,trial_0019,transfer,0.03190011687326979,0.04103101662050538,137
M2_pose_velocity,trial_0019_bite_010,trial_0019,withdrawal,0.0841643958458401,0.09770155825051158,99
M2_pose_velocity,trial_0019_bite_011,trial_0019,transfer,0.06694989297684263,0.07666270034323906,176
M2_pose_velocity,trial_0019_bite_011,trial_0019,withdrawal,0.17579858448814725,0.20445858686615873,104
M2_pose_velocity,trial_0019_bite_012,trial_0019,transfer,0.03442884160837851,0.037085573927586706,116
M2_pose_velocity,trial_0019_bite_012,trial_0019,withdrawal,0.03783814766033556,0.04553368169028036,113
M2_pose_velocity,trial_0019_bite_013,trial_0019,transfer,0.01993742676320385,0.02558437018424701,140
M2_pose_velocity,trial_0019_bite_013,trial_0019,withdrawal,0.10015900232740467,0.12342806693572572,113
M2_pose_velocity,trial_0019_bite_014,trial_0019,transfer,0.11129358902408375,0.11675194347936335,178
M2_pose_velocity,trial_0019_bite_014,trial_0019,withdrawal,0.07916256918745888,0.10241794301289071,115
M2_pose_velocity,trial_0019_bite_015,trial_0019,transfer,0.0643731230866778,0.066850470043664,130
M2_pose_velocity,trial_0019_bite_015,trial_0019,withdrawal,0.0673303319804813,0.08085112650452198,106
M2_pose_velocity,trial_0019_bite_016,trial_0019,transfer,0.049654139536679735,0.05181589495641247,151
M2_pose_velocity,trial_0019_bite_016,trial_0019,withdrawal,0.08008782619648744,0.09310501234174744,99
M2_pose_velocity,trial_0019_bite_017,trial_0019,transfer,0.0929811541670719,0.09557119117226075,135
M2_pose_velocity,trial_0019_bite_017,trial_0019,withdrawal,0.04683194969362973,0.05741870010304869,106
M2_pose_velocity,trial_0019_bite_018,trial_0019,transfer,0.018652561620297364,0.022324795897048475,133
M2_pose_velocity,trial_0019_bite_018,trial_0019,withdrawal,0.06662497303051684,0.07788873876758683,111
M2_pose_velocity,trial_0019_bite_019,trial_0019,transfer,0.13304575519034728,0.14202501300224435,143
M2_pose_velocity,trial_0019_bite_019,trial_0019,withdrawal,0.04315511410452753,0.0587918105285012,97
M2_pose_velocity,trial_0019_bite_020,trial_0019,transfer,0.020808513387148328,0.02517462095781274,185
M2_pose_velocity,trial_0019_bite_020,trial_0019,withdrawal,0.04074550712243661,0.05674002584218552,135
M2_pose_velocity,trial_0019_bite_021,trial_0019,transfer,0.04019843858344575,0.041539693650142095,178
M2_pose_velocity,trial_0019_bite_021,trial_0019,withdrawal,0.029928602845646513,0.03667561836624834,116
M2_pose_velocity,trial_0019_bite_022,trial_0019,transfer,0.021907925790460074,0.024814191245217398,140
M2_pose_velocity,trial_0019_bite_022,trial_0019,withdrawal,0.04286759344247186,0.05333649064143406,108
M2_pose_velocity,trial_0019_bite_023,trial_0019,transfer,0.05367158017508796,0.054849326756423004,140
M2_pose_velocity,trial_0019_bite_023,trial_0019,withdrawal,0.038921570582186385,0.047421261228761176,113
M2_pose_velocity,trial_0019_bite_024,trial_0019,transfer,0.10186544461444609,0.10656954462154096,151
M2_pose_velocity,trial_0019_bite_024,trial_0019,withdrawal,0.15134681858523946,0.1990689327487931,113
M2_pose_velocity,trial_0019_bite_025,trial_0019,transfer,0.0581000915007773,0.06413160584905135,186
M2_pose_velocity,trial_0019_bite_025,trial_0019,withdrawal,0.04089516014824717,0.048348804921849585,108
M2_pose_velocity,trial_0019_bite_026,trial_0019,transfer,0.051743330245176127,0.05438348376014657,149
M2_pose_velocity,trial_0019_bite_026,trial_0019,withdrawal,0.17577999012629814,0.21804392320821897,120
M2_pose_velocity,trial_0020_bite_001,trial_0020,transfer,0.08233259045950947,0.09404221637675134,126
M2_pose_velocity,trial_0020_bite_001,trial_0020,withdrawal,0.12292613591923973,0.1506789460395638,96
M2_pose_velocity,trial_0020_bite_002,trial_0020,transfer,0.06574758088172905,0.08125719037263997,165
M2_pose_velocity,trial_0020_bite_002,trial_0020,withdrawal,0.18999649719636616,0.24301492649609427,113
M2_pose_velocity,trial_0020_bite_003,trial_0020,transfer,0.05241961797369925,0.05817018943961733,120
M2_pose_velocity,trial_0020_bite_003,trial_0020,withdrawal,0.09963165812125865,0.12668472467618333,76
M2_pose_velocity,trial_0020_bite_004,trial_0020,transfer,0.05248649614264902,0.05929847715505876,151
M2_pose_velocity,trial_0020_bite_004,trial_0020,withdrawal,0.12960644355341153,0.1567151764857668,97
M2_pose_velocity,trial_0020_bite_005,trial_0020,transfer,0.014211671646401506,0.017158787496879747,148
M2_pose_velocity,trial_0020_bite_005,trial_0020,withdrawal,0.07427682356745732,0.09055105826566393,104
M2_pose_velocity,trial_0020_bite_006,trial_0020,transfer,0.05199254165683247,0.05725920529108781,113
M2_pose_velocity,trial_0020_bite_006,trial_0020,withdrawal,0.11113424079046505,0.1542027072845352,62
M2_pose_velocity,trial_0020_bite_007,trial_0020,transfer,0.14149102235297306,0.15582424255206667,113
M2_pose_velocity,trial_0020_bite_007,trial_0020,withdrawal,0.08596502042854967,0.11029001480897123,98
M2_pose_velocity,trial_0020_bite_008,trial_0020,transfer,0.08401058054889787,0.0963021478505863,142
M2_pose_velocity,trial_0020_bite_008,trial_0020,withdrawal,0.09347919670619774,0.11346827117818134,100
M2_pose_velocity,trial_0020_bite_009,trial_0020,transfer,0.0864999874020252,0.09508864560714646,131
M2_pose_velocity,trial_0020_bite_009,trial_0020,withdrawal,0.10703915769539105,0.13788900108843222,111
M2_pose_velocity,trial_0020_bite_010,trial_0020,transfer,0.0719342633931693,0.0838571407852307,147
M2_pose_velocity,trial_0020_bite_010,trial_0020,withdrawal,0.1323872937118889,0.18139303667346923,102
M2_pose_velocity,trial_0020_bite_011,trial_0020,transfer,0.07417047041206973,0.08550917420621382,162
M2_pose_velocity,trial_0020_bite_011,trial_0020,withdrawal,0.0735523725020303,0.08701896290768435,100
M2_pose_velocity,trial_0020_bite_012,trial_0020,transfer,0.09962755998339178,0.11080192485543716,120
M2_pose_velocity,trial_0020_bite_012,trial_0020,withdrawal,0.20176781741870484,0.24779479943579744,124
M2_pose_velocity,trial_0020_bite_013,trial_0020,transfer,0.03572760468333198,0.0390379063611412,143
M2_pose_velocity,trial_0020_bite_013,trial_0020,withdrawal,0.15526052245769645,0.1972768830344729,149
M2_pose_velocity,trial_0020_bite_014,trial_0020,transfer,0.04499617259546427,0.05446549383820151,149
M2_pose_velocity,trial_0020_bite_014,trial_0020,withdrawal,0.16718903994449552,0.2135795522809724,117
M2_pose_velocity,trial_0020_bite_015,trial_0020,transfer,0.041666296848225565,0.057992486173140796,323
M2_pose_velocity,trial_0020_bite_015,trial_0020,withdrawal,0.18502590838412047,0.25400010778336407,104
M2_pose_velocity,trial_0020_bite_016,trial_0020,transfer,0.018715751312702474,0.024320102186569603,163
M2_pose_velocity,trial_0020_bite_016,trial_0020,withdrawal,0.12958194311084983,0.17111582292934693,95
M2_pose_velocity,trial_0020_bite_017,trial_0020,withdrawal,0.13065499111910073,0.18304792773813558,104
M2_pose_velocity,trial_0020_bite_018,trial_0020,transfer,0.008358109154376018,0.009911727986125619,201
M2_pose_velocity,trial_0020_bite_018,trial_0020,withdrawal,0.16224627287756047,0.23664956846739407,108
M2_pose_velocity,trial_0020_bite_019,trial_0020,withdrawal,0.255694405265162,0.28756408888110613,90
M3_strong_local,trial_0012_bite_001,trial_0012,transfer,0.02067241547147179,0.026004433606760483,144
M3_strong_local,trial_0012_bite_001,trial_0012,withdrawal,0.04082505926390279,0.0446676242398536,102
M3_strong_local,trial_0012_bite_002,trial_0012,transfer,0.02184364092032154,0.025500947324516448,188
M3_strong_local,trial_0012_bite_002,trial_0012,withdrawal,0.11864628045099904,0.14471642468225396,113
M3_strong_local,trial_0012_bite_003,trial_0012,transfer,0.09795548322344305,0.10022779805832867,146
M3_strong_local,trial_0012_bite_003,trial_0012,withdrawal,0.17325860933638468,0.1934950637009428,99
M3_strong_local,trial_0012_bite_004,trial_0012,transfer,0.03666691544258202,0.04101642313283757,147
M3_strong_local,trial_0012_bite_004,trial_0012,withdrawal,0.1166287475556752,0.13555105849099916,140
M3_strong_local,trial_0012_bite_005,trial_0012,transfer,0.11150325520372163,0.11993878157198776,122
M3_strong_local,trial_0012_bite_005,trial_0012,withdrawal,0.15834655471609554,0.1953433546143997,137
M3_strong_local,trial_0012_bite_006,trial_0012,transfer,0.04381222716114605,0.054844324013663515,157
M3_strong_local,trial_0012_bite_006,trial_0012,withdrawal,0.12928707832346373,0.14493598687107176,131
M3_strong_local,trial_0012_bite_007,trial_0012,transfer,0.10357119672723088,0.10736237865939834,133
M3_strong_local,trial_0012_bite_007,trial_0012,withdrawal,0.14841489297181132,0.18530651236555032,140
M3_strong_local,trial_0012_bite_008,trial_0012,transfer,0.04506677041934891,0.04911938273358261,168
M3_strong_local,trial_0012_bite_008,trial_0012,withdrawal,0.14446192477560874,0.15395136889515273,98
M3_strong_local,trial_0012_bite_009,trial_0012,transfer,0.05253301274449091,0.056943779361118496,230
M3_strong_local,trial_0012_bite_009,trial_0012,withdrawal,0.11665644611110774,0.16422151331698656,138
M3_strong_local,trial_0012_bite_010,trial_0012,transfer,0.049298228140573254,0.052823720183327316,152
M3_strong_local,trial_0012_bite_010,trial_0012,withdrawal,0.1674904839168804,0.19387556106764126,99
M3_strong_local,trial_0012_bite_011,trial_0012,transfer,0.019150280267240923,0.02537962500091625,205
M3_strong_local,trial_0012_bite_011,trial_0012,withdrawal,0.056179700270357964,0.05963051073827633,175
M3_strong_local,trial_0012_bite_012,trial_0012,transfer,0.03886859306500937,0.04276210836024499,180
M3_strong_local,trial_0012_bite_012,trial_0012,withdrawal,0.12786676234849984,0.1747015898114983,97
M3_strong_local,trial_0012_bite_013,trial_0012,transfer,0.05123352473859105,0.05273072409532593,204
M3_strong_local,trial_0012_bite_013,trial_0012,withdrawal,0.07319715504117573,0.09370522307491172,120
M3_strong_local,trial_0012_bite_014,trial_0012,transfer,0.13443537991100618,0.1503719612228397,176
M3_strong_local,trial_0012_bite_014,trial_0012,withdrawal,0.07282399282256696,0.08588078789331959,120
M3_strong_local,trial_0012_bite_015,trial_0012,transfer,0.13732878388757533,0.16102256553221364,151
M3_strong_local,trial_0012_bite_015,trial_0012,withdrawal,0.06860122851105879,0.07636876288793111,115
M3_strong_local,trial_0013_bite_001,trial_0013,transfer,0.05199223596039639,0.05759362984297211,124
M3_strong_local,trial_0013_bite_001,trial_0013,withdrawal,0.25155713359156495,0.2923139613680006,85
M3_strong_local,trial_0013_bite_002,trial_0013,transfer,0.05403891824697046,0.05771686573717189,131
M3_strong_local,trial_0013_bite_002,trial_0013,withdrawal,0.03902116056926383,0.04861815742408501,116
M3_strong_local,trial_0013_bite_003,trial_0013,transfer,0.031915920047808875,0.03642083194192855,164
M3_strong_local,trial_0013_bite_003,trial_0013,withdrawal,0.11758265233862564,0.14334755973148763,94
M3_strong_local,trial_0013_bite_004,trial_0013,transfer,0.08610782918661701,0.08614640738553471,20
M3_strong_local,trial_0013_bite_004,trial_0013,withdrawal,0.07568947307642311,0.0912521652032129,71
M3_strong_local,trial_0013_bite_005,trial_0013,transfer,0.06609697751462468,0.06883696094648685,88
M3_strong_local,trial_0013_bite_005,trial_0013,withdrawal,0.04763675086902984,0.050430214585970926,81
M3_strong_local,trial_0013_bite_006,trial_0013,transfer,0.05243744603931841,0.055556764002542204,158
M3_strong_local,trial_0013_bite_006,trial_0013,withdrawal,0.10445090254498673,0.12846815011148668,142
M3_strong_local,trial_0013_bite_007,trial_0013,transfer,0.08278635587397372,0.08326095578558314,39
M3_strong_local,trial_0013_bite_007,trial_0013,withdrawal,0.021980591880150117,0.024017001551227258,136
M3_strong_local,trial_0013_bite_008,trial_0013,transfer,0.030920364748513136,0.03588543863316909,198
M3_strong_local,trial_0013_bite_008,trial_0013,withdrawal,0.032759743105080695,0.04384715739785571,85
M3_strong_local,trial_0013_bite_009,trial_0013,transfer,0.08157087373305864,0.08657612955710386,158
M3_strong_local,trial_0013_bite_009,trial_0013,withdrawal,0.07790466512104599,0.0927744071476153,108
M3_strong_local,trial_0013_bite_010,trial_0013,transfer,0.048198840793342246,0.05022256891682977,135
M3_strong_local,trial_0013_bite_010,trial_0013,withdrawal,0.03758480742754663,0.04090705455567874,140
M3_strong_local,trial_0013_bite_011,trial_0013,transfer,0.09018034682302263,0.0938043783436089,131
M3_strong_local,trial_0013_bite_011,trial_0013,withdrawal,0.07345919405513895,0.09214713406282599,118
M3_strong_local,trial_0013_bite_012,trial_0013,transfer,0.04628952153420773,0.05030817155675721,140
M3_strong_local,trial_0013_bite_012,trial_0013,withdrawal,0.0724643208265296,0.08854173147616419,94
M3_strong_local,trial_0014_bite_001,trial_0014,transfer,0.040302511548650215,0.04285849082265224,156
M3_strong_local,trial_0014_bite_001,trial_0014,withdrawal,0.11675743248233411,0.15403708625525106,98
M3_strong_local,trial_0014_bite_002,trial_0014,transfer,0.04591435787612055,0.05050220002822213,174
M3_strong_local,trial_0014_bite_002,trial_0014,withdrawal,0.031464832147194775,0.04037997492734052,109
M3_strong_local,trial_0014_bite_003,trial_0014,transfer,0.6387891647186333,0.6414560108927494,132
M3_strong_local,trial_0014_bite_003,trial_0014,withdrawal,0.023480340521121693,0.032295634530465425,102
M3_strong_local,trial_0014_bite_004,trial_0014,transfer,0.07792936295654299,0.08661461846354568,112
M3_strong_local,trial_0014_bite_004,trial_0014,withdrawal,0.050220386979353444,0.06575289315478469,95
M3_strong_local,trial_0014_bite_005,trial_0014,transfer,0.7159012442054783,0.7221494407228408,124
M3_strong_local,trial_0014_bite_005,trial_0014,withdrawal,0.049059867327713114,0.06612967919788774,62
M3_strong_local,trial_0014_bite_006,trial_0014,transfer,0.07224626396339542,0.0818979681314585,91
M3_strong_local,trial_0014_bite_006,trial_0014,withdrawal,0.09926583322193665,0.13207406205015998,81
M3_strong_local,trial_0014_bite_007,trial_0014,transfer,0.05919051436854029,0.06652753384335193,111
M3_strong_local,trial_0014_bite_007,trial_0014,withdrawal,0.029892678247572038,0.038686159040996274,86
M3_strong_local,trial_0014_bite_008,trial_0014,transfer,0.07100064144297807,0.08120832783804582,94
M3_strong_local,trial_0014_bite_008,trial_0014,withdrawal,0.049346785543787824,0.05553679951464826,74
M3_strong_local,trial_0014_bite_009,trial_0014,transfer,0.05699948501961455,0.06316840808649658,114
M3_strong_local,trial_0014_bite_009,trial_0014,withdrawal,0.013578828069012743,0.017961405413214056,52
M3_strong_local,trial_0014_bite_010,trial_0014,transfer,0.7021194625454241,0.7070748185359801,124
M3_strong_local,trial_0014_bite_010,trial_0014,withdrawal,0.05721566501302287,0.0780938125944918,77
M3_strong_local,trial_0014_bite_011,trial_0014,transfer,0.0794493235677872,0.09101826894759912,131
M3_strong_local,trial_0014_bite_011,trial_0014,withdrawal,0.025107970426101845,0.03306717692638713,81
M3_strong_local,trial_0014_bite_012,trial_0014,transfer,0.7405765024642144,0.7481778659652999,103
M3_strong_local,trial_0014_bite_012,trial_0014,withdrawal,0.07882881349517698,0.091324289047196,104
M3_strong_local,trial_0014_bite_013,trial_0014,transfer,0.7235091867190916,0.7295401888215081,108
M3_strong_local,trial_0014_bite_013,trial_0014,withdrawal,0.0554195885883529,0.06272750630029866,115
M3_strong_local,trial_0014_bite_014,trial_0014,transfer,0.15119799251566768,0.16196006573878347,129
M3_strong_local,trial_0014_bite_014,trial_0014,withdrawal,0.021711571248965635,0.026133253919114065,106
M3_strong_local,trial_0014_bite_015,trial_0014,transfer,0.10217360049906063,0.11648391410004419,130
M3_strong_local,trial_0014_bite_015,trial_0014,withdrawal,0.09906645381735671,0.11247249163051888,106
M3_strong_local,trial_0014_bite_016,trial_0014,transfer,0.12154874798651384,0.13104629979597507,137
M3_strong_local,trial_0014_bite_016,trial_0014,withdrawal,0.07506695129802077,0.08482598938829786,94
M3_strong_local,trial_0014_bite_017,trial_0014,transfer,0.0642875821393453,0.0694449874863033,121
M3_strong_local,trial_0014_bite_017,trial_0014,withdrawal,0.0391383153596299,0.04709260745692344,99
M3_strong_local,trial_0014_bite_018,trial_0014,transfer,0.6726436438475125,0.6758650897210278,156
M3_strong_local,trial_0014_bite_018,trial_0014,withdrawal,0.03837015854177133,0.0505859924125678,86
M3_strong_local,trial_0014_bite_019,trial_0014,transfer,0.04199699480999856,0.05023788982280228,127
M3_strong_local,trial_0014_bite_019,trial_0014,withdrawal,0.09055361103321899,0.10023872656319192,104
M3_strong_local,trial_0014_bite_020,trial_0014,transfer,0.4590672883974982,0.46151417966328806,157
M3_strong_local,trial_0014_bite_020,trial_0014,withdrawal,0.05591607841278988,0.0614724631369722,104
M3_strong_local,trial_0014_bite_021,trial_0014,transfer,0.04241622001630719,0.04515484755360552,205
M3_strong_local,trial_0014_bite_021,trial_0014,withdrawal,0.11219027305480367,0.13502366969149238,99
M3_strong_local,trial_0015_bite_001,trial_0015,transfer,0.02560168908842942,0.028099385879022054,145
M3_strong_local,trial_0015_bite_001,trial_0015,withdrawal,0.10883070173273762,0.12378201787721804,149
M3_strong_local,trial_0015_bite_002,trial_0015,transfer,0.07309621511154044,0.08137268586388229,108
M3_strong_local,trial_0015_bite_002,trial_0015,withdrawal,0.16049783850026825,0.1971637894217573,129
M3_strong_local,trial_0015_bite_003,trial_0015,transfer,0.0602348150291157,0.06606057356497896,154
M3_strong_local,trial_0015_bite_003,trial_0015,withdrawal,0.08879447907312926,0.11010092484795757,153
M3_strong_local,trial_0015_bite_004,trial_0015,transfer,0.07940599600451502,0.0930895806745552,145
M3_strong_local,trial_0015_bite_004,trial_0015,withdrawal,0.07068550476095914,0.08525874788769718,136
M3_strong_local,trial_0015_bite_005,trial_0015,transfer,0.08563235951092082,0.10063779294096085,122
M3_strong_local,trial_0015_bite_005,trial_0015,withdrawal,0.1802906456163299,0.20820093150648794,163
M3_strong_local,trial_0015_bite_006,trial_0015,transfer,0.10139274408903085,0.11561460695355759,122
M3_strong_local,trial_0015_bite_006,trial_0015,withdrawal,0.09452373968126451,0.11000177433718437,146
M3_strong_local,trial_0015_bite_007,trial_0015,transfer,0.043614988861605634,0.04709335688146928,127
M3_strong_local,trial_0015_bite_007,trial_0015,withdrawal,0.041511292048932794,0.050752168700987955,144
M3_strong_local,trial_0015_bite_008,trial_0015,transfer,0.02563672996876988,0.03076123554529045,169
M3_strong_local,trial_0015_bite_008,trial_0015,withdrawal,0.04521804333489672,0.047935017055150894,227
M3_strong_local,trial_0015_bite_009,trial_0015,transfer,0.152792753600689,0.17510139212285253,158
M3_strong_local,trial_0015_bite_009,trial_0015,withdrawal,0.1508550947326088,0.20197207746530343,183
M3_strong_local,trial_0015_bite_010,trial_0015,transfer,0.03048858707132107,0.035427662715902204,150
M3_strong_local,trial_0015_bite_010,trial_0015,withdrawal,0.09128691311849912,0.11817505784758889,131
M3_strong_local,trial_0015_bite_011,trial_0015,transfer,0.08246407198901289,0.08974541666993449,126
M3_strong_local,trial_0015_bite_011,trial_0015,withdrawal,0.12195571279627443,0.15841587498620463,124
M3_strong_local,trial_0015_bite_012,trial_0015,transfer,0.0690611348258819,0.07508869458308373,44
M3_strong_local,trial_0015_bite_012,trial_0015,withdrawal,0.07427752513314356,0.09458376357761482,129
M3_strong_local,trial_0015_bite_013,trial_0015,transfer,0.12129764650076473,0.13550598904926214,146
M3_strong_local,trial_0015_bite_013,trial_0015,withdrawal,0.05946516860415008,0.06759902843459717,183
M3_strong_local,trial_0015_bite_014,trial_0015,transfer,0.0841660058955312,0.09298076531237845,116
M3_strong_local,trial_0015_bite_014,trial_0015,withdrawal,0.05016491928690047,0.05365605938793444,138
M3_strong_local,trial_0015_bite_015,trial_0015,transfer,0.08339094400690848,0.09024198613867888,110
M3_strong_local,trial_0015_bite_015,trial_0015,withdrawal,0.05997896558082118,0.0746022585562801,169
M3_strong_local,trial_0015_bite_016,trial_0015,transfer,0.029807342053122514,0.03445948828459705,156
M3_strong_local,trial_0015_bite_016,trial_0015,withdrawal,0.08615155954497293,0.0955182347777279,156
M3_strong_local,trial_0015_bite_017,trial_0015,transfer,0.05851854323783399,0.06446401285106446,160
M3_strong_local,trial_0015_bite_017,trial_0015,withdrawal,0.09082352251132521,0.10155849943641093,178
M3_strong_local,trial_0015_bite_018,trial_0015,transfer,0.034878633855722346,0.039773097764922875,151
M3_strong_local,trial_0015_bite_018,trial_0015,withdrawal,0.061299175375240704,0.07006987174278893,178
M3_strong_local,trial_0015_bite_019,trial_0015,transfer,0.11262765327133954,0.12054455561890569,185
M3_strong_local,trial_0015_bite_019,trial_0015,withdrawal,0.06128305693057327,0.06979368236840502,149
M3_strong_local,trial_0017_bite_001,trial_0017,transfer,0.11712189985406225,0.13617856590367938,219
M3_strong_local,trial_0017_bite_001,trial_0017,withdrawal,0.10814269783837475,0.13556897957256148,129
M3_strong_local,trial_0017_bite_002,trial_0017,transfer,0.24412419564693896,0.2676958356029168,167
M3_strong_local,trial_0017_bite_002,trial_0017,withdrawal,0.09035093419445235,0.10676983338033098,90
M3_strong_local,trial_0017_bite_003,trial_0017,transfer,0.104212472623971,0.10973705822195884,119
M3_strong_local,trial_0017_bite_003,trial_0017,withdrawal,0.09249685070188224,0.1153956453260519,100
M3_strong_local,trial_0017_bite_004,trial_0017,transfer,0.14696883232753707,0.15212626692072392,103
M3_strong_local,trial_0017_bite_004,trial_0017,withdrawal,0.06775575329998677,0.0801692901898634,93
M3_strong_local,trial_0017_bite_005,trial_0017,transfer,0.04646130532583369,0.04923319809587826,190
M3_strong_local,trial_0017_bite_005,trial_0017,withdrawal,0.0698069473187593,0.07637993088848612,79
M3_strong_local,trial_0017_bite_006,trial_0017,transfer,0.06511329798561202,0.06584525913582272,160
M3_strong_local,trial_0017_bite_006,trial_0017,withdrawal,0.11723870084331699,0.13280813821922507,108
M3_strong_local,trial_0017_bite_007,trial_0017,transfer,0.10598783997233117,0.1154841885116632,156
M3_strong_local,trial_0017_bite_007,trial_0017,withdrawal,0.11702885974270251,0.1299761616836336,64
M3_strong_local,trial_0017_bite_008,trial_0017,transfer,0.11742141132170852,0.117730678534426,49
M3_strong_local,trial_0017_bite_008,trial_0017,withdrawal,0.07478314721701299,0.09130914960120849,74
M3_strong_local,trial_0017_bite_009,trial_0017,transfer,0.049154801713939156,0.056520009112930245,233
M3_strong_local,trial_0017_bite_009,trial_0017,withdrawal,0.12934999593621602,0.14032914900933086,70
M3_strong_local,trial_0017_bite_010,trial_0017,transfer,0.07065439616494314,0.07444743927293115,178
M3_strong_local,trial_0017_bite_010,trial_0017,withdrawal,0.12991686865069446,0.1412248090566516,73
M3_strong_local,trial_0017_bite_011,trial_0017,transfer,0.10439564350318245,0.10649185776108909,120
M3_strong_local,trial_0017_bite_011,trial_0017,withdrawal,0.14959996061391476,0.16758927672715176,71
M3_strong_local,trial_0017_bite_012,trial_0017,transfer,0.09271272079489502,0.09592510989955287,176
M3_strong_local,trial_0017_bite_012,trial_0017,withdrawal,0.13983532668774043,0.15589609325117829,68
M3_strong_local,trial_0017_bite_013,trial_0017,transfer,0.06399640503838949,0.07163050966824919,90
M3_strong_local,trial_0017_bite_013,trial_0017,withdrawal,0.03786297020587077,0.05025879508673195,79
M3_strong_local,trial_0017_bite_014,trial_0017,transfer,0.09262986609628983,0.09762874727985484,232
M3_strong_local,trial_0017_bite_014,trial_0017,withdrawal,0.1134004825990764,0.13913212090450044,149
M3_strong_local,trial_0017_bite_015,trial_0017,transfer,0.044258965376719576,0.05425343492029875,332
M3_strong_local,trial_0017_bite_015,trial_0017,withdrawal,0.07034760799668724,0.07610622139797991,75
M3_strong_local,trial_0019_bite_001,trial_0019,transfer,0.03786214068954626,0.04717517044630307,106
M3_strong_local,trial_0019_bite_001,trial_0019,withdrawal,0.07815630150163841,0.09779911838798745,91
M3_strong_local,trial_0019_bite_002,trial_0019,transfer,0.032761479841908275,0.038604876469110386,124
M3_strong_local,trial_0019_bite_002,trial_0019,withdrawal,0.12779680454623032,0.14349626556592793,102
M3_strong_local,trial_0019_bite_003,trial_0019,transfer,0.06204629909337151,0.06729708286067175,115
M3_strong_local,trial_0019_bite_003,trial_0019,withdrawal,0.08154941389056874,0.08880501458433535,93
M3_strong_local,trial_0019_bite_004,trial_0019,transfer,0.0868919852457585,0.09493636070290709,113
M3_strong_local,trial_0019_bite_004,trial_0019,withdrawal,0.09839689458236865,0.1132662746484975,90
M3_strong_local,trial_0019_bite_005,trial_0019,transfer,0.06358608825898278,0.06698006102012728,128
M3_strong_local,trial_0019_bite_005,trial_0019,withdrawal,0.1582381046847143,0.1746299285761813,156
M3_strong_local,trial_0019_bite_006,trial_0019,transfer,0.05215713200355149,0.05636526593148532,110
M3_strong_local,trial_0019_bite_006,trial_0019,withdrawal,0.18330809592347916,0.19176997800073917,116
M3_strong_local,trial_0019_bite_007,trial_0019,transfer,0.11182952037377082,0.12818365416053934,114
M3_strong_local,trial_0019_bite_007,trial_0019,withdrawal,0.13620786286996422,0.14209120869252712,99
M3_strong_local,trial_0019_bite_008,trial_0019,transfer,0.09514102797477324,0.09690518349865902,136
M3_strong_local,trial_0019_bite_008,trial_0019,withdrawal,0.16032758319060525,0.1824827131301042,113
M3_strong_local,trial_0019_bite_009,trial_0019,transfer,0.05220858217271218,0.05364032426829596,133
M3_strong_local,trial_0019_bite_009,trial_0019,withdrawal,0.11627559535342623,0.1256147991821353,108
M3_strong_local,trial_0019_bite_010,trial_0019,transfer,0.022605618012158664,0.03241866580530461,137
M3_strong_local,trial_0019_bite_010,trial_0019,withdrawal,0.06881084265119505,0.09251636582046975,99
M3_strong_local,trial_0019_bite_011,trial_0019,transfer,0.08754906741611126,0.09159893235841891,176
M3_strong_local,trial_0019_bite_011,trial_0019,withdrawal,0.17507209299544096,0.203004108892026,104
M3_strong_local,trial_0019_bite_012,trial_0019,transfer,0.034015016637652225,0.03864466687979624,116
M3_strong_local,trial_0019_bite_012,trial_0019,withdrawal,0.05476246996144586,0.05905059106416959,113
M3_strong_local,trial_0019_bite_013,trial_0019,transfer,0.02842257648640665,0.03364058591768986,140
M3_strong_local,trial_0019_bite_013,trial_0019,withdrawal,0.12956159865807051,0.15556966816098605,113
M3_strong_local,trial_0019_bite_014,trial_0019,transfer,0.12370376796606068,0.12668982139082327,178
M3_strong_local,trial_0019_bite_014,trial_0019,withdrawal,0.09844892123486565,0.11434111791805594,115
M3_strong_local,trial_0019_bite_015,trial_0019,transfer,0.06058043041212567,0.06232759156395152,130
M3_strong_local,trial_0019_bite_015,trial_0019,withdrawal,0.0833935105336,0.094727292694825,106
M3_strong_local,trial_0019_bite_016,trial_0019,transfer,0.04705997359052658,0.05065927657945762,151
M3_strong_local,trial_0019_bite_016,trial_0019,withdrawal,0.1031822066888531,0.11527911780400565,99
M3_strong_local,trial_0019_bite_017,trial_0019,transfer,0.07944780335468046,0.08008609866898694,135
M3_strong_local,trial_0019_bite_017,trial_0019,withdrawal,0.06635340225166914,0.07386647610305602,106
M3_strong_local,trial_0019_bite_018,trial_0019,transfer,0.01716831590250547,0.02398286039328274,133
M3_strong_local,trial_0019_bite_018,trial_0019,withdrawal,0.09611444400549415,0.11001693775854436,111
M3_strong_local,trial_0019_bite_019,trial_0019,transfer,0.1254594136070325,0.12978847049285705,143
M3_strong_local,trial_0019_bite_019,trial_0019,withdrawal,0.07692467851931482,0.09370069003856198,97
M3_strong_local,trial_0019_bite_020,trial_0019,transfer,0.030270634505261573,0.03721225743311989,185
M3_strong_local,trial_0019_bite_020,trial_0019,withdrawal,0.05837679997581272,0.06734109265322548,135
M3_strong_local,trial_0019_bite_021,trial_0019,transfer,0.04878174050608008,0.04917825699827735,178
M3_strong_local,trial_0019_bite_021,trial_0019,withdrawal,0.041866329675387906,0.047071129228170375,116
M3_strong_local,trial_0019_bite_022,trial_0019,transfer,0.029925751617639218,0.03472139332533951,140
M3_strong_local,trial_0019_bite_022,trial_0019,withdrawal,0.0565860467839423,0.06713643270471178,108
M3_strong_local,trial_0019_bite_023,trial_0019,transfer,0.06263384384869025,0.06372589700501043,140
M3_strong_local,trial_0019_bite_023,trial_0019,withdrawal,0.05263018181508267,0.062139660990097184,113
M3_strong_local,trial_0019_bite_024,trial_0019,transfer,0.11772985644539279,0.12000796099810913,151
M3_strong_local,trial_0019_bite_024,trial_0019,withdrawal,0.14023163544105258,0.16674925412137365,113
M3_strong_local,trial_0019_bite_025,trial_0019,transfer,0.07246715389870803,0.07370230722562342,186
M3_strong_local,trial_0019_bite_025,trial_0019,withdrawal,0.03924105630398151,0.04408967008046176,108
M3_strong_local,trial_0019_bite_026,trial_0019,transfer,0.047384850683730925,0.05183485075705252,149
M3_strong_local,trial_0019_bite_026,trial_0019,withdrawal,0.2015459679037335,0.24207463494984796,120
M3_strong_local,trial_0020_bite_001,trial_0020,transfer,0.10710165784051712,0.12161133598686777,126
M3_strong_local,trial_0020_bite_001,trial_0020,withdrawal,0.139875193776664,0.1677794300555243,96
M3_strong_local,trial_0020_bite_002,trial_0020,transfer,0.08610427921796784,0.09943139873189571,165
M3_strong_local,trial_0020_bite_002,trial_0020,withdrawal,0.22991833817584437,0.2936933853827433,113
M3_strong_local,trial_0020_bite_003,trial_0020,transfer,0.06891766685097142,0.07458076481706916,120
M3_strong_local,trial_0020_bite_003,trial_0020,withdrawal,0.11390873091511274,0.14645157006390255,76
M3_strong_local,trial_0020_bite_004,trial_0020,transfer,0.08536880190155259,0.09042912664300856,151
M3_strong_local,trial_0020_bite_004,trial_0020,withdrawal,0.15658306980153966,0.18823424894622276,97
M3_strong_local,trial_0020_bite_005,trial_0020,transfer,0.03403158994204545,0.03855774306141443,148
M3_strong_local,trial_0020_bite_005,trial_0020,withdrawal,0.09237392794894614,0.11341474632772607,104
M3_strong_local,trial_0020_bite_006,trial_0020,transfer,0.07051770233734864,0.07542837845547112,113
M3_strong_local,trial_0020_bite_006,trial_0020,withdrawal,0.11309229247885201,0.15340113658368848,62
M3_strong_local,trial_0020_bite_007,trial_0020,transfer,0.154509380145267,0.16908533920954147,113
M3_strong_local,trial_0020_bite_007,trial_0020,withdrawal,0.09916151283457891,0.12565786645284371,98
M3_strong_local,trial_0020_bite_008,trial_0020,transfer,0.10549057632339429,0.11781228852230975,142
M3_strong_local,trial_0020_bite_008,trial_0020,withdrawal,0.10923695749278982,0.13924657410210758,100
M3_strong_local,trial_0020_bite_009,trial_0020,transfer,0.09461995774963915,0.10189782913222649,131
M3_strong_local,trial_0020_bite_009,trial_0020,withdrawal,0.11443052516612962,0.151610512784979,111
M3_strong_local,trial_0020_bite_010,trial_0020,transfer,0.08594325134663301,0.09750177996021578,147
M3_strong_local,trial_0020_bite_010,trial_0020,withdrawal,0.16123734676006515,0.21737487827410623,102
M3_strong_local,trial_0020_bite_011,trial_0020,transfer,0.09727456233821717,0.10736165545969946,162
M3_strong_local,trial_0020_bite_011,trial_0020,withdrawal,0.10439201479380604,0.12391647322345743,100
M3_strong_local,trial_0020_bite_012,trial_0020,transfer,0.11685992048951119,0.12799073563234187,120
M3_strong_local,trial_0020_bite_012,trial_0020,withdrawal,0.23364636525595264,0.28679137504396646,124
M3_strong_local,trial_0020_bite_013,trial_0020,transfer,0.047607530224739,0.050099700621887844,143
M3_strong_local,trial_0020_bite_013,trial_0020,withdrawal,0.1843672995490089,0.23611939221938236,149
M3_strong_local,trial_0020_bite_014,trial_0020,transfer,0.06424864776000436,0.07218589306221714,149
M3_strong_local,trial_0020_bite_014,trial_0020,withdrawal,0.19973432768029806,0.25534223558497543,117
M3_strong_local,trial_0020_bite_015,trial_0020,transfer,0.05535945845826038,0.0689654937082923,323
M3_strong_local,trial_0020_bite_015,trial_0020,withdrawal,0.20949297721924673,0.28507999219309943,104
M3_strong_local,trial_0020_bite_016,trial_0020,transfer,0.03347026604325372,0.04018913235656782,163
M3_strong_local,trial_0020_bite_016,trial_0020,withdrawal,0.13715530139874338,0.17638685450603733,95
M3_strong_local,trial_0020_bite_017,trial_0020,withdrawal,0.1599543412532423,0.2207620656248469,104
M3_strong_local,trial_0020_bite_018,trial_0020,transfer,0.02434211904286784,0.02709678811783093,201
M3_strong_local,trial_0020_bite_018,trial_0020,withdrawal,0.18271120716218558,0.2614882733995585,108
M3_strong_local,trial_0020_bite_019,trial_0020,withdrawal,0.28135730718537594,0.318194561758852,90
M4_history,trial_0012_bite_001,trial_0012,transfer,0.040573857703984785,0.041157840031511086,144
M4_history,trial_0012_bite_001,trial_0012,withdrawal,0.04925454329568412,0.05655044140230256,102
M4_history,trial_0012_bite_002,trial_0012,transfer,0.033552832835240354,0.04319905687783575,188
M4_history,trial_0012_bite_002,trial_0012,withdrawal,0.11822159888853961,0.1570365588799017,113
M4_history,trial_0012_bite_003,trial_0012,transfer,0.11490020326228137,0.12334539842775155,146
M4_history,trial_0012_bite_003,trial_0012,withdrawal,0.16835085471316627,0.19857891971273028,99
M4_history,trial_0012_bite_004,trial_0012,transfer,0.05529685658966283,0.06839877318634134,147
M4_history,trial_0012_bite_004,trial_0012,withdrawal,0.13235314499543566,0.15884637156597603,140
M4_history,trial_0012_bite_005,trial_0012,transfer,0.12952183843371454,0.14380140588711784,122
M4_history,trial_0012_bite_005,trial_0012,withdrawal,0.19412957218407817,0.2181221321919537,137
M4_history,trial_0012_bite_006,trial_0012,transfer,0.04804429324909685,0.055315748209234475,157
M4_history,trial_0012_bite_006,trial_0012,withdrawal,0.15769478542538073,0.1807191197194835,131
M4_history,trial_0012_bite_007,trial_0012,transfer,0.12338522586379236,0.13193334913298627,133
M4_history,trial_0012_bite_007,trial_0012,withdrawal,0.1923055919163632,0.26155023927340065,140
M4_history,trial_0012_bite_008,trial_0012,transfer,0.06934325199634875,0.07725436724837384,168
M4_history,trial_0012_bite_008,trial_0012,withdrawal,0.15248646066579966,0.17313152679806784,98
M4_history,trial_0012_bite_009,trial_0012,transfer,0.06300804409673084,0.07054490292466262,230
M4_history,trial_0012_bite_009,trial_0012,withdrawal,0.12189081450404687,0.18630261980868945,138
M4_history,trial_0012_bite_010,trial_0012,transfer,0.05968336935030544,0.0675204477877471,152
M4_history,trial_0012_bite_010,trial_0012,withdrawal,0.19712196945018368,0.24547364091322094,99
M4_history,trial_0012_bite_011,trial_0012,transfer,0.02683798292602318,0.029174185636493537,205
M4_history,trial_0012_bite_011,trial_0012,withdrawal,0.02505182519566429,0.029356506150274072,175
M4_history,trial_0012_bite_012,trial_0012,transfer,0.042159014337066245,0.0462039971800973,180
M4_history,trial_0012_bite_012,trial_0012,withdrawal,0.135841935104988,0.20437575320635926,97
M4_history,trial_0012_bite_013,trial_0012,transfer,0.06589322239759361,0.07298228471536419,204
M4_history,trial_0012_bite_013,trial_0012,withdrawal,0.07380964656239121,0.09659405517937529,120
M4_history,trial_0012_bite_014,trial_0012,transfer,0.12319795899909854,0.1379618661683172,176
M4_history,trial_0012_bite_014,trial_0012,withdrawal,0.06411519531844963,0.07584912882670279,120
M4_history,trial_0012_bite_015,trial_0012,transfer,0.12517919179602147,0.14778683262684678,151
M4_history,trial_0012_bite_015,trial_0012,withdrawal,0.05181475400019452,0.06127159327087666,115
M4_history,trial_0013_bite_001,trial_0013,transfer,0.03978282399822625,0.04452471500542311,124
M4_history,trial_0013_bite_001,trial_0013,withdrawal,0.2521186405279192,0.2895401413639207,85
M4_history,trial_0013_bite_002,trial_0013,transfer,0.04674017448094444,0.051297519667002085,131
M4_history,trial_0013_bite_002,trial_0013,withdrawal,0.03666394903969212,0.046934751934998686,116
M4_history,trial_0013_bite_003,trial_0013,transfer,0.02632128578988791,0.03049497073679844,164
M4_history,trial_0013_bite_003,trial_0013,withdrawal,0.12221856818563505,0.14923536212992472,94
M4_history,trial_0013_bite_004,trial_0013,transfer,0.09226572390547562,0.09230495674150241,20
M4_history,trial_0013_bite_004,trial_0013,withdrawal,0.07888767941294152,0.09379573522847767,71
M4_history,trial_0013_bite_005,trial_0013,transfer,0.04930541327766527,0.05310709175853376,88
M4_history,trial_0013_bite_005,trial_0013,withdrawal,0.04182567461464558,0.044424694705560146,81
M4_history,trial_0013_bite_006,trial_0013,transfer,0.046553039518930965,0.05056817669840703,158
M4_history,trial_0013_bite_006,trial_0013,withdrawal,0.10060934578585863,0.12136872849456581,142
M4_history,trial_0013_bite_007,trial_0013,transfer,0.07874275408184525,0.07920145553441575,39
M4_history,trial_0013_bite_007,trial_0013,withdrawal,0.04077495415491368,0.051337436157949,136
M4_history,trial_0013_bite_008,trial_0013,transfer,0.020663554445822897,0.026796753867247676,198
M4_history,trial_0013_bite_008,trial_0013,withdrawal,0.030777031668739976,0.04107689395448588,85
M4_history,trial_0013_bite_009,trial_0013,transfer,0.07274466135270558,0.08032908451610937,158
M4_history,trial_0013_bite_009,trial_0013,withdrawal,0.06547306648052008,0.0757633040612545,108
M4_history,trial_0013_bite_010,trial_0013,transfer,0.038673570566327274,0.0422257381561127,135
M4_history,trial_0013_bite_010,trial_0013,withdrawal,0.0266427721519637,0.030343602857663618,140
M4_history,trial_0013_bite_011,trial_0013,transfer,0.08931793037141585,0.09612971290783419,131
M4_history,trial_0013_bite_011,trial_0013,withdrawal,0.045432758983559855,0.05678650140390117,118
M4_history,trial_0013_bite_012,trial_0013,transfer,0.0377052964605326,0.043654322543686674,140
M4_history,trial_0013_bite_012,trial_0013,withdrawal,0.07348460407440818,0.08773167325537566,94
M4_history,trial_0014_bite_001,trial_0014,transfer,0.03803698092157587,0.040895336178987336,156
M4_history,trial_0014_bite_001,trial_0014,withdrawal,0.11837341896192696,0.1546479406745309,98
M4_history,trial_0014_bite_002,trial_0014,transfer,0.05131501601562699,0.05546461055327852,174
M4_history,trial_0014_bite_002,trial_0014,withdrawal,0.02774751987833906,0.037687358443181586,109
M4_history,trial_0014_bite_003,trial_0014,transfer,0.6234535105384561,0.6253388174005647,132
M4_history,trial_0014_bite_003,trial_0014,withdrawal,0.02418245630152478,0.03657476314849213,102
M4_history,trial_0014_bite_004,trial_0014,transfer,0.06782193693069834,0.07657375516278311,112
M4_history,trial_0014_bite_004,trial_0014,withdrawal,0.05252371553279504,0.07073365267924105,95
M4_history,trial_0014_bite_005,trial_0014,transfer,0.6998723979069985,0.704885598786443,124
M4_history,trial_0014_bite_005,trial_0014,withdrawal,0.05091097049284801,0.06909916907889087,62
M4_history,trial_0014_bite_006,trial_0014,transfer,0.06257599735929448,0.07171200378601811,91
M4_history,trial_0014_bite_006,trial_0014,withdrawal,0.10158050715439954,0.1338602028661703,81
M4_history,trial_0014_bite_007,trial_0014,transfer,0.04667111185942787,0.052961810354593436,111
M4_history,trial_0014_bite_007,trial_0014,withdrawal,0.03587958424773476,0.04489467689388159,86
M4_history,trial_0014_bite_008,trial_0014,transfer,0.06104398569160428,0.07158962313676259,94
M4_history,trial_0014_bite_008,trial_0014,withdrawal,0.04948882039316455,0.054577958549052716,74
M4_history,trial_0014_bite_009,trial_0014,transfer,0.04313228414744216,0.049083060285822995,114
M4_history,trial_0014_bite_009,trial_0014,withdrawal,0.013000620007850908,0.016677991948054516,52
M4_history,trial_0014_bite_010,trial_0014,transfer,0.6783641827003893,0.6816648679522264,124
M4_history,trial_0014_bite_010,trial_0014,withdrawal,0.06624788640865761,0.07996014171094863,77
M4_history,trial_0014_bite_011,trial_0014,transfer,0.06862537184603264,0.07982491298019646,131
M4_history,trial_0014_bite_011,trial_0014,withdrawal,0.022677439742570214,0.028317249716825955,81
M4_history,trial_0014_bite_012,trial_0014,transfer,0.728420812055321,0.7348449307862455,103
M4_history,trial_0014_bite_012,trial_0014,withdrawal,0.08609384828948612,0.09953051878560211,104
M4_history,trial_0014_bite_013,trial_0014,transfer,0.7042849578203002,0.7086672734772879,108
M4_history,trial_0014_bite_013,trial_0014,withdrawal,0.043856037508703656,0.04979421832598072,115
M4_history,trial_0014_bite_014,trial_0014,transfer,0.14382796570308728,0.1537059723424101,129
M4_history,trial_0014_bite_014,trial_0014,withdrawal,0.024877509072580135,0.03251666324838024,106
M4_history,trial_0014_bite_015,trial_0014,transfer,0.08857223752855599,0.10257336123854087,130
M4_history,trial_0014_bite_015,trial_0014,withdrawal,0.11250394865771941,0.12739593771407143,106
M4_history,trial_0014_bite_016,trial_0014,transfer,0.11014682144756695,0.1186805283386443,137
M4_history,trial_0014_bite_016,trial_0014,withdrawal,0.0817449046163224,0.09327424320493918,94
M4_history,trial_0014_bite_017,trial_0014,transfer,0.05129769756849927,0.057153660673819016,121
M4_history,trial_0014_bite_017,trial_0014,withdrawal,0.042539258905567326,0.0510898651398465,99
M4_history,trial_0014_bite_018,trial_0014,transfer,0.6615737465527667,0.6644950488190756,156
M4_history,trial_0014_bite_018,trial_0014,withdrawal,0.044258711149339484,0.061307096349933254,86
M4_history,trial_0014_bite_019,trial_0014,transfer,0.046453071368124925,0.05371433345274627,127
M4_history,trial_0014_bite_019,trial_0014,withdrawal,0.08608306359030686,0.09627658651234541,104
M4_history,trial_0014_bite_020,trial_0014,transfer,0.46149474473681956,0.46409668402794596,157
M4_history,trial_0014_bite_020,trial_0014,withdrawal,0.06601441154218984,0.07231312044479168,104
M4_history,trial_0014_bite_021,trial_0014,transfer,0.03713215669524434,0.03978037811889601,205
M4_history,trial_0014_bite_021,trial_0014,withdrawal,0.10786135897635435,0.1296723827309675,99
M4_history,trial_0015_bite_001,trial_0015,transfer,0.028549090727600545,0.03146223154439258,145
M4_history,trial_0015_bite_001,trial_0015,withdrawal,0.11426144311345772,0.12717630212159192,149
M4_history,trial_0015_bite_002,trial_0015,transfer,0.054380978019027,0.06129109792833168,108
M4_history,trial_0015_bite_002,trial_0015,withdrawal,0.16227526665934355,0.19833775845418108,129
M4_history,trial_0015_bite_003,trial_0015,transfer,0.05127569026189019,0.05959817605049361,154
M4_history,trial_0015_bite_003,trial_0015,withdrawal,0.08681412633218326,0.11113857805392825,153
M4_history,trial_0015_bite_004,trial_0015,transfer,0.07445007166240665,0.08849239081776475,145
M4_history,trial_0015_bite_004,trial_0015,withdrawal,0.07321010586450165,0.09080248915052982,136
M4_history,trial_0015_bite_005,trial_0015,transfer,0.07671321614510812,0.09243792172753786,122
M4_history,trial_0015_bite_005,trial_0015,withdrawal,0.17396163394934272,0.19950664550914837,163
M4_history,trial_0015_bite_006,trial_0015,transfer,0.10190876447392906,0.11826178291888863,122
M4_history,trial_0015_bite_006,trial_0015,withdrawal,0.09517854362450767,0.11329027507277063,146
M4_history,trial_0015_bite_007,trial_0015,transfer,0.04187273547168932,0.046637116262381685,127
M4_history,trial_0015_bite_007,trial_0015,withdrawal,0.041390611966053294,0.0520135544402943,144
M4_history,trial_0015_bite_008,trial_0015,transfer,0.016223779329544056,0.018944679238100372,169
M4_history,trial_0015_bite_008,trial_0015,withdrawal,0.04710242460422831,0.05256122785773409,227
M4_history,trial_0015_bite_009,trial_0015,transfer,0.1340616870465886,0.15554364543950386,158
M4_history,trial_0015_bite_009,trial_0015,withdrawal,0.15152196319217803,0.20603590830076007,183
M4_history,trial_0015_bite_010,trial_0015,transfer,0.01793108479731777,0.023582432497086376,150
M4_history,trial_0015_bite_010,trial_0015,withdrawal,0.09419858739048508,0.12623871615673649,131
M4_history,trial_0015_bite_011,trial_0015,transfer,0.07268101682078823,0.08015877832685431,126
M4_history,trial_0015_bite_011,trial_0015,withdrawal,0.12223470311053924,0.16294865758073154,124
M4_history,trial_0015_bite_012,trial_0015,transfer,0.0611839269923292,0.06625687718899007,44
M4_history,trial_0015_bite_012,trial_0015,withdrawal,0.07252072773977403,0.0958115297753207,129
M4_history,trial_0015_bite_013,trial_0015,transfer,0.11406173317989735,0.12729547327017807,146
M4_history,trial_0015_bite_013,trial_0015,withdrawal,0.05442723186315525,0.06321594292381484,183
M4_history,trial_0015_bite_014,trial_0015,transfer,0.07074018805340133,0.07883804377886984,116
M4_history,trial_0015_bite_014,trial_0015,withdrawal,0.04622066058406081,0.049672783501267706,138
M4_history,trial_0015_bite_015,trial_0015,transfer,0.060719804182223225,0.06815820629292965,110
M4_history,trial_0015_bite_015,trial_0015,withdrawal,0.05433651093953454,0.06743215981421803,169
M4_history,trial_0015_bite_016,trial_0015,transfer,0.041405487899439104,0.048541347176609774,156
M4_history,trial_0015_bite_016,trial_0015,withdrawal,0.07507417990826995,0.08248821922540919,156
M4_history,trial_0015_bite_017,trial_0015,transfer,0.054460335479020114,0.06349307752732197,160
M4_history,trial_0015_bite_017,trial_0015,withdrawal,0.08047120011533333,0.0892687305901119,178
M4_history,trial_0015_bite_018,trial_0015,transfer,0.031195758932087023,0.037033095832681495,151
M4_history,trial_0015_bite_018,trial_0015,withdrawal,0.04483852682664938,0.056332651609557576,178
M4_history,trial_0015_bite_019,trial_0015,transfer,0.10720261209487597,0.11479592886228637,185
M4_history,trial_0015_bite_019,trial_0015,withdrawal,0.05253042383071204,0.06166928491370267,149
M4_history,trial_0017_bite_001,trial_0017,transfer,0.10648992100729311,0.1225173090502254,219
M4_history,trial_0017_bite_001,trial_0017,withdrawal,0.08979103484289418,0.11450745056935654,129
M4_history,trial_0017_bite_002,trial_0017,transfer,0.23227374177538473,0.25497340884355896,167
M4_history,trial_0017_bite_002,trial_0017,withdrawal,0.07791908293622116,0.0931988617381962,90
M4_history,trial_0017_bite_003,trial_0017,transfer,0.10630844531133815,0.11242611545320107,119
M4_history,trial_0017_bite_003,trial_0017,withdrawal,0.07800985135788988,0.09635567477192963,100
M4_history,trial_0017_bite_004,trial_0017,transfer,0.15578074108616335,0.16165060633379136,103
M4_history,trial_0017_bite_004,trial_0017,withdrawal,0.04186318372375929,0.054219418242109255,93
M4_history,trial_0017_bite_005,trial_0017,transfer,0.029196964168844174,0.03701628175223166,190
M4_history,trial_0017_bite_005,trial_0017,withdrawal,0.05855436624101115,0.06738077535461484,79
M4_history,trial_0017_bite_006,trial_0017,transfer,0.08454098767221906,0.08914619170278615,160
M4_history,trial_0017_bite_006,trial_0017,withdrawal,0.07358098218665106,0.0818404168180948,108
M4_history,trial_0017_bite_007,trial_0017,transfer,0.11704588602319432,0.1329582654483858,156
M4_history,trial_0017_bite_007,trial_0017,withdrawal,0.12655989743664217,0.14802225972604918,64
M4_history,trial_0017_bite_008,trial_0017,transfer,0.1372063794980644,0.13762181157436185,49
M4_history,trial_0017_bite_008,trial_0017,withdrawal,0.07689410812535821,0.09060287887039298,74
M4_history,trial_0017_bite_009,trial_0017,transfer,0.043974934514731605,0.05249297877070063,233
M4_history,trial_0017_bite_009,trial_0017,withdrawal,0.14375905434051867,0.16156234105521927,70
M4_history,trial_0017_bite_010,trial_0017,transfer,0.07312567743630478,0.08118533515867726,178
M4_history,trial_0017_bite_010,trial_0017,withdrawal,0.1672671001403399,0.1809974457952199,73
M4_history,trial_0017_bite_011,trial_0017,transfer,0.11886183325706039,0.12343979891469148,120
M4_history,trial_0017_bite_011,trial_0017,withdrawal,0.163493238028317,0.1895669410781777,71
M4_history,trial_0017_bite_012,trial_0017,transfer,0.0896729518801447,0.09511623963133436,176
M4_history,trial_0017_bite_012,trial_0017,withdrawal,0.1568693073094148,0.18070390585741788,68
M4_history,trial_0017_bite_013,trial_0017,transfer,0.06408378030101822,0.0810233795479163,90
M4_history,trial_0017_bite_013,trial_0017,withdrawal,0.04801943134697286,0.05635917416099401,79
M4_history,trial_0017_bite_014,trial_0017,transfer,0.09384859971807635,0.10448392354444266,232
M4_history,trial_0017_bite_014,trial_0017,withdrawal,0.07741727884276345,0.1079960165487797,149
M4_history,trial_0017_bite_015,trial_0017,transfer,0.05021748324745228,0.061783787205029736,332
M4_history,trial_0017_bite_015,trial_0017,withdrawal,0.06868334911659528,0.08070529608280458,75
M4_history,trial_0019_bite_001,trial_0019,transfer,0.030294030498058788,0.041388853631677665,106
M4_history,trial_0019_bite_001,trial_0019,withdrawal,0.07638579568304335,0.0944515976493544,91
M4_history,trial_0019_bite_002,trial_0019,transfer,0.03286543081168055,0.03892616507788147,124
M4_history,trial_0019_bite_002,trial_0019,withdrawal,0.12378846970347634,0.14031835721707236,102
M4_history,trial_0019_bite_003,trial_0019,transfer,0.058162426012591056,0.06481535752234008,115
M4_history,trial_0019_bite_003,trial_0019,withdrawal,0.08880853119351302,0.10437296715676471,93
M4_history,trial_0019_bite_004,trial_0019,transfer,0.07678935040336077,0.0840739580366607,113
M4_history,trial_0019_bite_004,trial_0019,withdrawal,0.09126132661305682,0.10564049260918706,90
M4_history,trial_0019_bite_005,trial_0019,transfer,0.048714640674154465,0.05386209208273152,128
M4_history,trial_0019_bite_005,trial_0019,withdrawal,0.14235946303016941,0.16017777778249484,156
M4_history,trial_0019_bite_006,trial_0019,transfer,0.05321719468733797,0.060241860570154224,110
M4_history,trial_0019_bite_006,trial_0019,withdrawal,0.20402887233526024,0.22005337673365793,116
M4_history,trial_0019_bite_007,trial_0019,transfer,0.11872367290677523,0.14073891738004818,114
M4_history,trial_0019_bite_007,trial_0019,withdrawal,0.16475743165492143,0.17353670701466034,99
M4_history,trial_0019_bite_008,trial_0019,transfer,0.08974393234080649,0.0937992478782942,136
M4_history,trial_0019_bite_008,trial_0019,withdrawal,0.1663751434730698,0.1973501656071749,113
M4_history,trial_0019_bite_009,trial_0019,transfer,0.056514637020802894,0.059141025440458815,133
M4_history,trial_0019_bite_009,trial_0019,withdrawal,0.12508119623414451,0.1463079273498398,108
M4_history,trial_0019_bite_010,trial_0019,transfer,0.02582998226309089,0.03742159961281369,137
M4_history,trial_0019_bite_010,trial_0019,withdrawal,0.0789638848323403,0.09157776016573226,99
M4_history,trial_0019_bite_011,trial_0019,transfer,0.08326985863408866,0.09027137697911423,176
M4_history,trial_0019_bite_011,trial_0019,withdrawal,0.18322901229497573,0.20752990390990794,104
M4_history,trial_0019_bite_012,trial_0019,transfer,0.03573605851989685,0.03764421779117292,116
M4_history,trial_0019_bite_012,trial_0019,withdrawal,0.0446623327931638,0.05287675841865325,113
M4_history,trial_0019_bite_013,trial_0019,transfer,0.019238086077550093,0.023979576347155872,140
M4_history,trial_0019_bite_013,trial_0019,withdrawal,0.1137150209331236,0.13530687045757273,113
M4_history,trial_0019_bite_014,trial_0019,transfer,0.12031935419601134,0.1242225321608474,178
M4_history,trial_0019_bite_014,trial_0019,withdrawal,0.07253466062727858,0.09528892552332294,115
M4_history,trial_0019_bite_015,trial_0019,transfer,0.06137506402496249,0.0628832013755959,130
M4_history,trial_0019_bite_015,trial_0019,withdrawal,0.07712876853127418,0.090458604123846,106
M4_history,trial_0019_bite_016,trial_0019,transfer,0.050155238292660116,0.05231128794495407,151
M4_history,trial_0019_bite_016,trial_0019,withdrawal,0.09577367148107219,0.10991095539191756,99
M4_history,trial_0019_bite_017,trial_0019,transfer,0.08387258364889011,0.0860854228214242,135
M4_history,trial_0019_bite_017,trial_0019,withdrawal,0.06158098445116766,0.07100318087970858,106
M4_history,trial_0019_bite_018,trial_0019,transfer,0.018127699084680145,0.023878642078245166,133
M4_history,trial_0019_bite_018,trial_0019,withdrawal,0.08625814181072862,0.09964450170060739,111
M4_history,trial_0019_bite_019,trial_0019,transfer,0.1266494511676362,0.13460028616087588,143
M4_history,trial_0019_bite_019,trial_0019,withdrawal,0.06276655016698383,0.07909589587906606,97
M4_history,trial_0019_bite_020,trial_0019,transfer,0.020695963731846692,0.026893741245327035,185
M4_history,trial_0019_bite_020,trial_0019,withdrawal,0.05116143768569473,0.06460573015745438,135
M4_history,trial_0019_bite_021,trial_0019,transfer,0.05341271981045473,0.054484029654125965,178
M4_history,trial_0019_bite_021,trial_0019,withdrawal,0.03634902118595126,0.04226437971867083,116
M4_history,trial_0019_bite_022,trial_0019,transfer,0.025391019073518543,0.028825553797736228,140
M4_history,trial_0019_bite_022,trial_0019,withdrawal,0.054514464403191826,0.06785198202297701,108
M4_history,trial_0019_bite_023,trial_0019,transfer,0.06474843495761588,0.06551886692689572,140
M4_history,trial_0019_bite_023,trial_0019,withdrawal,0.04137870439498202,0.05356231069442212,113
M4_history,trial_0019_bite_024,trial_0019,transfer,0.11374553633255079,0.1177965381606411,151
M4_history,trial_0019_bite_024,trial_0019,withdrawal,0.1445061943222183,0.18700672914890523,113
M4_history,trial_0019_bite_025,trial_0019,transfer,0.07420137749630237,0.07808336067118199,186
M4_history,trial_0019_bite_025,trial_0019,withdrawal,0.034316507155035474,0.03865538847097353,108
M4_history,trial_0019_bite_026,trial_0019,transfer,0.049786939451985715,0.05338489435141593,149
M4_history,trial_0019_bite_026,trial_0019,withdrawal,0.19592263716091524,0.2365625039362786,120
M4_history,trial_0020_bite_001,trial_0020,transfer,0.0985634557342651,0.1119368662671219,126
M4_history,trial_0020_bite_001,trial_0020,withdrawal,0.1343021418060469,0.15845523020264304,96
M4_history,trial_0020_bite_002,trial_0020,transfer,0.07801317530169948,0.09107646751163585,165
M4_history,trial_0020_bite_002,trial_0020,withdrawal,0.2176584182764241,0.27473431943458515,113
M4_history,trial_0020_bite_003,trial_0020,transfer,0.06264631324990341,0.06865122119630021,120
M4_history,trial_0020_bite_003,trial_0020,withdrawal,0.11946235597047282,0.15370341126264062,76
M4_history,trial_0020_bite_004,trial_0020,transfer,0.07456650154359856,0.08037223867487708,151
M4_history,trial_0020_bite_004,trial_0020,withdrawal,0.15128580624063656,0.17883399851104476,97
M4_history,trial_0020_bite_005,trial_0020,transfer,0.026898410402325663,0.03126171707257167,148
M4_history,trial_0020_bite_005,trial_0020,withdrawal,0.09107899136020844,0.11267590473000805,104
M4_history,trial_0020_bite_006,trial_0020,transfer,0.06359211147668664,0.06870661580797884,113
M4_history,trial_0020_bite_006,trial_0020,withdrawal,0.11234834939728292,0.15330015255084192,62
M4_history,trial_0020_bite_007,trial_0020,transfer,0.14935011020022865,0.16340839535916854,113
M4_history,trial_0020_bite_007,trial_0020,withdrawal,0.09871601877832258,0.12544413351032244,98
M4_history,trial_0020_bite_008,trial_0020,transfer,0.0955493721024109,0.1075154283407379,142
M4_history,trial_0020_bite_008,trial_0020,withdrawal,0.10902852502453159,0.13378555430117062,100
M4_history,trial_0020_bite_009,trial_0020,transfer,0.08897824518965465,0.09653237041315255,131
M4_history,trial_0020_bite_009,trial_0020,withdrawal,0.11150717941130757,0.1471689395886552,111
M4_history,trial_0020_bite_010,trial_0020,transfer,0.0816729059073434,0.09375976294324924,147
M4_history,trial_0020_bite_010,trial_0020,withdrawal,0.15692838055324945,0.21126519658399034,102
M4_history,trial_0020_bite_011,trial_0020,transfer,0.08643958326637868,0.09614008206818622,162
M4_history,trial_0020_bite_011,trial_0020,withdrawal,0.10165082070726417,0.12160075703218488,100
M4_history,trial_0020_bite_012,trial_0020,transfer,0.11145499178127602,0.12252320690485793,120
M4_history,trial_0020_bite_012,trial_0020,withdrawal,0.21830393873963527,0.2653653407084866,124
M4_history,trial_0020_bite_013,trial_0020,transfer,0.04124003826164946,0.04388060886603958,143
M4_history,trial_0020_bite_013,trial_0020,withdrawal,0.16770032231065787,0.2125824003340503,149
M4_history,trial_0020_bite_014,trial_0020,transfer,0.05960522736541543,0.06671156139387743,149
M4_history,trial_0020_bite_014,trial_0020,withdrawal,0.1925862309260034,0.24373819292815008,117
M4_history,trial_0020_bite_015,trial_0020,transfer,0.04948662440854145,0.06610157101621282,323
M4_history,trial_0020_bite_015,trial_0020,withdrawal,0.2049365276921002,0.27774313811396134,104
M4_history,trial_0020_bite_016,trial_0020,transfer,0.025022126108947725,0.03237151987268515,163
M4_history,trial_0020_bite_016,trial_0020,withdrawal,0.13342888120206706,0.1721388863880638,95
M4_history,trial_0020_bite_017,trial_0020,withdrawal,0.15020683450372158,0.20579155024068915,104
M4_history,trial_0020_bite_018,trial_0020,transfer,0.015618132998873217,0.01785389033301989,201
M4_history,trial_0020_bite_018,trial_0020,withdrawal,0.17862006211665465,0.25527504304532006,108
M4_history,trial_0020_bite_019,trial_0020,withdrawal,0.27429042768382916,0.30778053046805703,90
M5_future,trial_0012_bite_001,trial_0012,transfer,0.009683393300816759,0.011149501281377469,144
M5_future,trial_0012_bite_001,trial_0012,withdrawal,0.043511053550316425,0.05039144999260936,102
M5_future,trial_0012_bite_002,trial_0012,transfer,0.016427174025274143,0.018856009203823732,188
M5_future,trial_0012_bite_002,trial_0012,withdrawal,0.11475286066233996,0.1510675462936914,113
M5_future,trial_0012_bite_003,trial_0012,transfer,0.08471276240646675,0.09395091560105681,146
M5_future,trial_0012_bite_003,trial_0012,withdrawal,0.16818370122382845,0.19980036666350917,99
M5_future,trial_0012_bite_004,trial_0012,transfer,0.03553223765453506,0.03838105934072327,147
M5_future,trial_0012_bite_004,trial_0012,withdrawal,0.11034654809708563,0.1375261375535574,140
M5_future,trial_0012_bite_005,trial_0012,transfer,0.10692451307964876,0.11750609239730932,122
M5_future,trial_0012_bite_005,trial_0012,withdrawal,0.15668255382480184,0.19926824648459276,137
M5_future,trial_0012_bite_006,trial_0012,transfer,0.04234161880878386,0.05222402547760627,157
M5_future,trial_0012_bite_006,trial_0012,withdrawal,0.13014658440960536,0.15043389635445445,131
M5_future,trial_0012_bite_007,trial_0012,transfer,0.09694974219762058,0.10560006394935896,133
M5_future,trial_0012_bite_007,trial_0012,withdrawal,0.1440368975887985,0.18842070114182408,140
M5_future,trial_0012_bite_008,trial_0012,transfer,0.03735822220075942,0.04219265540133926,168
M5_future,trial_0012_bite_008,trial_0012,withdrawal,0.14438151863775991,0.15820976049150814,98
M5_future,trial_0012_bite_009,trial_0012,transfer,0.04663827942284869,0.05168513097085637,230
M5_future,trial_0012_bite_009,trial_0012,withdrawal,0.10834253570376591,0.16853041686559145,138
M5_future,trial_0012_bite_010,trial_0012,transfer,0.04511203400062178,0.05222254785950851,152
M5_future,trial_0012_bite_010,trial_0012,withdrawal,0.17098083407495862,0.20333283802107396,99
M5_future,trial_0012_bite_011,trial_0012,transfer,0.010504622695061257,0.01264708088251027,205
M5_future,trial_0012_bite_011,trial_0012,withdrawal,0.03583163356752441,0.04105238075281883,175
M5_future,trial_0012_bite_012,trial_0012,transfer,0.03082048450561733,0.0365986276991561,180
M5_future,trial_0012_bite_012,trial_0012,withdrawal,0.1331890285276413,0.18592156671840784,97
M5_future,trial_0012_bite_013,trial_0012,transfer,0.04458548237787536,0.04996786059008588,204
M5_future,trial_0012_bite_013,trial_0012,withdrawal,0.07247292898287425,0.0986173544059609,120
M5_future,trial_0012_bite_014,trial_0012,transfer,0.13713419983140074,0.15396534078689061,176
M5_future,trial_0012_bite_014,trial_0012,withdrawal,0.06252227974159678,0.07492895652325081,120
M5_future,trial_0012_bite_015,trial_0012,transfer,0.13116542382074517,0.15370728168116118,151
M5_future,trial_0012_bite_015,trial_0012,withdrawal,0.05651780133592437,0.06409760094592548,115
M5_future,trial_0013_bite_001,trial_0013,transfer,0.04503374392882769,0.052749677983730314,124
M5_future,trial_0013_bite_001,trial_0013,withdrawal,0.2541687241357188,0.2880761314831011,85
M5_future,trial_0013_bite_002,trial_0013,transfer,0.045275323308624243,0.050871810780911055,131
M5_future,trial_0013_bite_002,trial_0013,withdrawal,0.0379444039344961,0.04720529986881861,116
M5_future,trial_0013_bite_003,trial_0013,transfer,0.027005219525843876,0.03071266697584151,164
M5_future,trial_0013_bite_003,trial_0013,withdrawal,0.1146839245687345,0.13968221992304225,94
M5_future,trial_0013_bite_004,trial_0013,transfer,0.08812485933523712,0.08815691751444515,20
M5_future,trial_0013_bite_004,trial_0013,withdrawal,0.08665613939511066,0.10110684831962385,71
M5_future,trial_0013_bite_005,trial_0013,transfer,0.06843910144607566,0.07298683975151021,88
M5_future,trial_0013_bite_005,trial_0013,withdrawal,0.04132192131044372,0.04653339211677155,81
M5_future,trial_0013_bite_006,trial_0013,transfer,0.04789723948384656,0.05130621123256677,158
M5_future,trial_0013_bite_006,trial_0013,withdrawal,0.11579812446887942,0.12958891051182253,142
M5_future,trial_0013_bite_007,trial_0013,transfer,0.09249886457044965,0.09271142745038975,39
M5_future,trial_0013_bite_007,trial_0013,withdrawal,0.028031854408479367,0.03218583313726741,136
M5_future,trial_0013_bite_008,trial_0013,transfer,0.02808653784454136,0.033766565209988865,198
M5_future,trial_0013_bite_008,trial_0013,withdrawal,0.026324156875062996,0.03654658928531905,85
M5_future,trial_0013_bite_009,trial_0013,transfer,0.07701294087982252,0.08682750415833251,158
M5_future,trial_0013_bite_009,trial_0013,withdrawal,0.0661065536355717,0.08553314277095285,108
M5_future,trial_0013_bite_010,trial_0013,transfer,0.04616187010060813,0.05195123479919115,135
M5_future,trial_0013_bite_010,trial_0013,withdrawal,0.023823006544882314,0.027180971101055686,140
M5_future,trial_0013_bite_011,trial_0013,transfer,0.08714794505364915,0.09384244699954855,131
M5_future,trial_0013_bite_011,trial_0013,withdrawal,0.06939316494570268,0.08509158823306819,118
M5_future,trial_0013_bite_012,trial_0013,transfer,0.036764115183163026,0.04114981726746575,140
M5_future,trial_0013_bite_012,trial_0013,withdrawal,0.0687267168749522,0.08400663282162896,94
M5_future,trial_0014_bite_001,trial_0014,transfer,0.03324660446325335,0.036149695626935596,156
M5_future,trial_0014_bite_001,trial_0014,withdrawal,0.10392793318188599,0.13792984241529124,98
M5_future,trial_0014_bite_002,trial_0014,transfer,0.03823542718047065,0.04432945336702225,174
M5_future,trial_0014_bite_002,trial_0014,withdrawal,0.02893646733869076,0.03566870719989449,109
M5_future,trial_0014_bite_003,trial_0014,transfer,0.6980813713802198,0.699979158707832,132
M5_future,trial_0014_bite_003,trial_0014,withdrawal,0.03497184509201137,0.039213575617587176,102
M5_future,trial_0014_bite_004,trial_0014,transfer,0.06569349767739467,0.07431445380822148,112
M5_future,trial_0014_bite_004,trial_0014,withdrawal,0.05103140834978999,0.06495365857510962,95
M5_future,trial_0014_bite_005,trial_0014,transfer,0.7824167099000829,0.7868789834753301,124
M5_future,trial_0014_bite_005,trial_0014,withdrawal,0.05502319607185618,0.07298438509587675,62
M5_future,trial_0014_bite_006,trial_0014,transfer,0.060333690420868676,0.07096873490488219,91
M5_future,trial_0014_bite_006,trial_0014,withdrawal,0.09139102520278239,0.11721529602139358,81
M5_future,trial_0014_bite_007,trial_0014,transfer,0.04531309400457389,0.053101472910860134,111
M5_future,trial_0014_bite_007,trial_0014,withdrawal,0.03309946195639551,0.04122366048588158,86
M5_future,trial_0014_bite_008,trial_0014,transfer,0.06142001678594534,0.07304142986985604,94
M5_future,trial_0014_bite_008,trial_0014,withdrawal,0.04941748787958234,0.05568412809424084,74
M5_future,trial_0014_bite_009,trial_0014,transfer,0.051976102327494035,0.059233234179974024,114
M5_future,trial_0014_bite_009,trial_0014,withdrawal,0.01900787676303126,0.020424305968401477,52
M5_future,trial_0014_bite_010,trial_0014,transfer,0.7668339950825174,0.7701395472260217,124
M5_future,trial_0014_bite_010,trial_0014,withdrawal,0.05124564966308584,0.06952565621617025,77
M5_future,trial_0014_bite_011,trial_0014,transfer,0.07069951356934893,0.0847127538042336,131
M5_future,trial_0014_bite_011,trial_0014,withdrawal,0.031886991227553715,0.03845670538846434,81
M5_future,trial_0014_bite_012,trial_0014,transfer,0.7988715133778792,0.8048505866690925,103
M5_future,trial_0014_bite_012,trial_0014,withdrawal,0.07658426603563183,0.08960164750364326,104
M5_future,trial_0014_bite_013,trial_0014,transfer,0.7830656044344343,0.7874512400704035,108
M5_future,trial_0014_bite_013,trial_0014,withdrawal,0.05403280615133325,0.06285157998702129,115
M5_future,trial_0014_bite_014,trial_0014,transfer,0.13211459538243617,0.14494933534424312,129
M5_future,trial_0014_bite_014,trial_0014,withdrawal,0.022220192675441976,0.024723740327105326,106
M5_future,trial_0014_bite_015,trial_0014,transfer,0.08865554342211167,0.10458427127379667,130
M5_future,trial_0014_bite_015,trial_0014,withdrawal,0.1066993138451726,0.12063815008878309,106
M5_future,trial_0014_bite_016,trial_0014,transfer,0.11045475540298128,0.12120515074338559,137
M5_future,trial_0014_bite_016,trial_0014,withdrawal,0.061722407146203244,0.07191502656363293,94
M5_future,trial_0014_bite_017,trial_0014,transfer,0.05517909922922245,0.060434607019905495,121
M5_future,trial_0014_bite_017,trial_0014,withdrawal,0.03922758938723264,0.04671542166139143,99
M5_future,trial_0014_bite_018,trial_0014,transfer,0.7470121564780487,0.7492850856036878,156
M5_future,trial_0014_bite_018,trial_0014,withdrawal,0.05159814948620856,0.05586306232578182,86
M5_future,trial_0014_bite_019,trial_0014,transfer,0.044556171105737966,0.05187754809152845,127
M5_future,trial_0014_bite_019,trial_0014,withdrawal,0.08051266106426273,0.08681180822592452,104
M5_future,trial_0014_bite_020,trial_0014,transfer,0.5183568679529311,0.5203291099413113,157
M5_future,trial_0014_bite_020,trial_0014,withdrawal,0.05008504883095069,0.05500660175432654,104
M5_future,trial_0014_bite_021,trial_0014,transfer,0.0379806963092758,0.0399740382326777,205
M5_future,trial_0014_bite_021,trial_0014,withdrawal,0.1254422312495387,0.142123034155632,99
M5_future,trial_0015_bite_001,trial_0015,transfer,0.044687164182871913,0.04808102500555662,145
M5_future,trial_0015_bite_001,trial_0015,withdrawal,0.15946847406705444,0.17344932048877257,149
M5_future,trial_0015_bite_002,trial_0015,transfer,0.044189346236614094,0.05144933426288,108
M5_future,trial_0015_bite_002,trial_0015,withdrawal,0.18708829505623753,0.21958147168961664,129
M5_future,trial_0015_bite_003,trial_0015,transfer,0.05260855897603686,0.05549513796327803,154
M5_future,trial_0015_bite_003,trial_0015,withdrawal,0.11573616821423212,0.13929379473138767,153
M5_future,trial_0015_bite_004,trial_0015,transfer,0.029796918081143972,0.03489940313867822,145
M5_future,trial_0015_bite_004,trial_0015,withdrawal,0.11538203289285848,0.13407093486154903,136
M5_future,trial_0015_bite_005,trial_0015,transfer,0.034118517195717596,0.04579275233921235,122
M5_future,trial_0015_bite_005,trial_0015,withdrawal,0.21414305150193347,0.238941481608273,163
M5_future,trial_0015_bite_006,trial_0015,transfer,0.10036298131209331,0.12180559902791806,122
M5_future,trial_0015_bite_006,trial_0015,withdrawal,0.12343913148121052,0.14849932910053973,146
M5_future,trial_0015_bite_007,trial_0015,transfer,0.02492303382147706,0.030333884226355193,127
M5_future,trial_0015_bite_007,trial_0015,withdrawal,0.05355203529332621,0.061886551506029,144
M5_future,trial_0015_bite_008,trial_0015,transfer,0.029066753239217515,0.034633172687518095,169
M5_future,trial_0015_bite_008,trial_0015,withdrawal,0.1522006718050312,0.1576069591793978,227
M5_future,trial_0015_bite_009,trial_0015,transfer,0.0862744053083568,0.09101293958259725,158
M5_future,trial_0015_bite_009,trial_0015,withdrawal,0.19918777582611316,0.25011199616309,183
M5_future,trial_0015_bite_010,trial_0015,transfer,0.046420261934817596,0.05247481141795852,150
M5_future,trial_0015_bite_010,trial_0015,withdrawal,0.13909512400747795,0.17127534959448024,131
M5_future,trial_0015_bite_011,trial_0015,transfer,0.020846907930748275,0.026234108686525256,126
M5_future,trial_0015_bite_011,trial_0015,withdrawal,0.12494414493509265,0.15787384949284583,124
M5_future,trial_0015_bite_012,trial_0015,transfer,0.02796133773640962,0.028593035096003732,44
M5_future,trial_0015_bite_012,trial_0015,withdrawal,0.07454899639927096,0.08145097949574327,129
M5_future,trial_0015_bite_013,trial_0015,transfer,0.05085208820915977,0.055422884654406236,146
M5_future,trial_0015_bite_013,trial_0015,withdrawal,0.07605756397970656,0.0941740627465956,183
M5_future,trial_0015_bite_014,trial_0015,transfer,0.03511885608852696,0.04002669154279051,116
M5_future,trial_0015_bite_014,trial_0015,withdrawal,0.11357512680343801,0.15406404855140615,138
M5_future,trial_0015_bite_015,trial_0015,transfer,0.062320771682094274,0.06821224939239183,110
M5_future,trial_0015_bite_015,trial_0015,withdrawal,0.12175851680730365,0.13106658563169613,169
M5_future,trial_0015_bite_016,trial_0015,transfer,0.051096023339263205,0.058130892982186155,156
M5_future,trial_0015_bite_016,trial_0015,withdrawal,0.09974599976782805,0.12389584195418361,156
M5_future,trial_0015_bite_017,trial_0015,transfer,0.08860435020809462,0.08902500678465133,160
M5_future,trial_0015_bite_017,trial_0015,withdrawal,0.09724624128918673,0.11517452568986311,178
M5_future,trial_0015_bite_018,trial_0015,transfer,0.04860317113307421,0.049575926120623816,151
M5_future,trial_0015_bite_018,trial_0015,withdrawal,0.15205371540567764,0.154995482540426,178
M5_future,trial_0015_bite_019,trial_0015,transfer,0.07208133747575657,0.07610046015356776,185
M5_future,trial_0015_bite_019,trial_0015,withdrawal,0.12690449390124242,0.14551882211911452,149
M5_future,trial_0017_bite_001,trial_0017,transfer,0.12338218367745436,0.13786484826132087,219
M5_future,trial_0017_bite_001,trial_0017,withdrawal,0.0884665681657714,0.1264389228743832,129
M5_future,trial_0017_bite_002,trial_0017,transfer,0.24598130593313286,0.26720379044994047,167
M5_future,trial_0017_bite_002,trial_0017,withdrawal,0.07098073389473955,0.09376585876789637,90
M5_future,trial_0017_bite_003,trial_0017,transfer,0.10237579093201984,0.10749179511753368,119
M5_future,trial_0017_bite_003,trial_0017,withdrawal,0.07068063199886053,0.10419378212588619,100
M5_future,trial_0017_bite_004,trial_0017,transfer,0.15014467056201863,0.15456359873561418,103
M5_future,trial_0017_bite_004,trial_0017,withdrawal,0.055353940884979407,0.0724440726910286,93
M5_future,trial_0017_bite_005,trial_0017,transfer,0.04542006253678088,0.0502707976677403,190
M5_future,trial_0017_bite_005,trial_0017,withdrawal,0.041502285736916805,0.04792451326440644,79
M5_future,trial_0017_bite_006,trial_0017,transfer,0.05149079799882687,0.056725922182907,160
M5_future,trial_0017_bite_006,trial_0017,withdrawal,0.10317062621935713,0.12442325609117005,108
M5_future,trial_0017_bite_007,trial_0017,transfer,0.1013203621990856,0.11609128559479083,156
M5_future,trial_0017_bite_007,trial_0017,withdrawal,0.11324025232914114,0.13715996466772926,64
M5_future,trial_0017_bite_008,trial_0017,transfer,0.12065264356168234,0.12088566580455547,49
M5_future,trial_0017_bite_008,trial_0017,withdrawal,0.06917504606070025,0.09302019047406661,74
M5_future,trial_0017_bite_009,trial_0017,transfer,0.059730415021436035,0.06529180879208277,233
M5_future,trial_0017_bite_009,trial_0017,withdrawal,0.1300397501553181,0.15248779377134886,70
M5_future,trial_0017_bite_010,trial_0017,transfer,0.06295071234063634,0.0708451894073176,178
M5_future,trial_0017_bite_010,trial_0017,withdrawal,0.1387688667153743,0.15201890276931126,73
M5_future,trial_0017_bite_011,trial_0017,transfer,0.10210166390590383,0.10637607149723484,120
M5_future,trial_0017_bite_011,trial_0017,withdrawal,0.14868682226141525,0.1758660920960123,71
M5_future,trial_0017_bite_012,trial_0017,transfer,0.07708872852765307,0.08588252531389182,176
M5_future,trial_0017_bite_012,trial_0017,withdrawal,0.14450889862273142,0.16779706493409635,68
M5_future,trial_0017_bite_013,trial_0017,transfer,0.05588303351060695,0.068607399036571,90
M5_future,trial_0017_bite_013,trial_0017,withdrawal,0.031263055853580475,0.047156635865898175,79
M5_future,trial_0017_bite_014,trial_0017,transfer,0.07817921675812659,0.08906471756867519,232
M5_future,trial_0017_bite_014,trial_0017,withdrawal,0.10076696452157897,0.1336917938937464,149
M5_future,trial_0017_bite_015,trial_0017,transfer,0.0456612042198565,0.05425952549382053,332
M5_future,trial_0017_bite_015,trial_0017,withdrawal,0.055790364560888685,0.07316942404784689,75
M5_future,trial_0019_bite_001,trial_0019,transfer,0.024819067919392486,0.029417722066463686,106
M5_future,trial_0019_bite_001,trial_0019,withdrawal,0.0721303630089827,0.09450110660146693,91
M5_future,trial_0019_bite_002,trial_0019,transfer,0.027569766155008515,0.031835626745857604,124
M5_future,trial_0019_bite_002,trial_0019,withdrawal,0.12514478602282583,0.14204532025269218,102
M5_future,trial_0019_bite_003,trial_0019,transfer,0.052735739952917235,0.05884341887835905,115
M5_future,trial_0019_bite_003,trial_0019,withdrawal,0.08747448436418194,0.09713229772676298,93
M5_future,trial_0019_bite_004,trial_0019,transfer,0.08263657464536996,0.0894403001267256,113
M5_future,trial_0019_bite_004,trial_0019,withdrawal,0.10682524482239175,0.12223744752033454,90
M5_future,trial_0019_bite_005,trial_0019,transfer,0.05875223684022944,0.06331862069882245,128
M5_future,trial_0019_bite_005,trial_0019,withdrawal,0.1744221380366915,0.19311453148868962,156
M5_future,trial_0019_bite_006,trial_0019,transfer,0.05389418108541188,0.05802215196146501,110
M5_future,trial_0019_bite_006,trial_0019,withdrawal,0.19209812341810825,0.2033416289345999,116
M5_future,trial_0019_bite_007,trial_0019,transfer,0.11240197642101755,0.1319459262896353,114
M5_future,trial_0019_bite_007,trial_0019,withdrawal,0.13445066141078735,0.1420951065199719,99
M5_future,trial_0019_bite_008,trial_0019,transfer,0.08764018633593564,0.09189972352477332,136
M5_future,trial_0019_bite_008,trial_0019,withdrawal,0.1627547801598676,0.1863497903655672,113
M5_future,trial_0019_bite_009,trial_0019,transfer,0.04485318119114782,0.04637167024114805,133
M5_future,trial_0019_bite_009,trial_0019,withdrawal,0.13002995457417488,0.1403448289110507,108
M5_future,trial_0019_bite_010,trial_0019,transfer,0.02615897842097162,0.035225743522196915,137
M5_future,trial_0019_bite_010,trial_0019,withdrawal,0.06297567757946573,0.08907927474876856,99
M5_future,trial_0019_bite_011,trial_0019,transfer,0.08164020267916171,0.08897542584781859,176
M5_future,trial_0019_bite_011,trial_0019,withdrawal,0.171283252333108,0.20155266282723447,104
M5_future,trial_0019_bite_012,trial_0019,transfer,0.034309812279749344,0.03639757353969611,116
M5_future,trial_0019_bite_012,trial_0019,withdrawal,0.03883557243903681,0.04525309562964248,113
M5_future,trial_0019_bite_013,trial_0019,transfer,0.018524462884381844,0.020318755140480513,140
M5_future,trial_0019_bite_013,trial_0019,withdrawal,0.11358453590145333,0.1480432605093172,113
M5_future,trial_0019_bite_014,trial_0019,transfer,0.11425118209692305,0.11810123615434968,178
M5_future,trial_0019_bite_014,trial_0019,withdrawal,0.0985777607077485,0.11791189971873742,115
M5_future,trial_0019_bite_015,trial_0019,transfer,0.053998645968630916,0.056295694370870245,130
M5_future,trial_0019_bite_015,trial_0019,withdrawal,0.06721557390363697,0.08225601325900542,106
M5_future,trial_0019_bite_016,trial_0019,transfer,0.04173730878048941,0.04328079382115362,151
M5_future,trial_0019_bite_016,trial_0019,withdrawal,0.08751848206714787,0.10109074812420445,99
M5_future,trial_0019_bite_017,trial_0019,transfer,0.07256913863891953,0.07452285176245026,135
M5_future,trial_0019_bite_017,trial_0019,withdrawal,0.0582891523272311,0.06764984541062746,106
M5_future,trial_0019_bite_018,trial_0019,transfer,0.015832112840196,0.022535142323122724,133
M5_future,trial_0019_bite_018,trial_0019,withdrawal,0.0837354859794617,0.10082357451134981,111
M5_future,trial_0019_bite_019,trial_0019,transfer,0.12016551573510625,0.12797633262181252,143
M5_future,trial_0019_bite_019,trial_0019,withdrawal,0.06784402850769886,0.0898533616503974,97
M5_future,trial_0019_bite_020,trial_0019,transfer,0.017807048388058667,0.020089624871100425,185
M5_future,trial_0019_bite_020,trial_0019,withdrawal,0.04106865722879181,0.050419137181043065,135
M5_future,trial_0019_bite_021,trial_0019,transfer,0.043730183469221175,0.04420612574484596,178
M5_future,trial_0019_bite_021,trial_0019,withdrawal,0.03411785127324247,0.044173579091298175,116
M5_future,trial_0019_bite_022,trial_0019,transfer,0.021829708867446142,0.02502899157053229,140
M5_future,trial_0019_bite_022,trial_0019,withdrawal,0.04852191578222365,0.06352175076572875,108
M5_future,trial_0019_bite_023,trial_0019,transfer,0.05857294613526962,0.059575994142501316,140
M5_future,trial_0019_bite_023,trial_0019,withdrawal,0.0609158196961391,0.06977194069032562,113
M5_future,trial_0019_bite_024,trial_0019,transfer,0.11565969102948048,0.11961398149318953,151
M5_future,trial_0019_bite_024,trial_0019,withdrawal,0.15890234208635381,0.1795530530713649,113
M5_future,trial_0019_bite_025,trial_0019,transfer,0.06729402607629399,0.07080983835208554,186
M5_future,trial_0019_bite_025,trial_0019,withdrawal,0.029396899845379312,0.03462346282933905,108
M5_future,trial_0019_bite_026,trial_0019,transfer,0.042292779222089905,0.04448479768829108,149
M5_future,trial_0019_bite_026,trial_0019,withdrawal,0.19171979984534396,0.2338504458633475,120
M5_future,trial_0020_bite_001,trial_0020,transfer,0.10587946963644992,0.1215041920548585,126
M5_future,trial_0020_bite_001,trial_0020,withdrawal,0.13902352703133572,0.161993835889105,96
M5_future,trial_0020_bite_002,trial_0020,transfer,0.07834031645055459,0.09559182198131622,165
M5_future,trial_0020_bite_002,trial_0020,withdrawal,0.22925096607436232,0.29269655090000923,113
M5_future,trial_0020_bite_003,trial_0020,transfer,0.06278841314582698,0.06927749412395776,120
M5_future,trial_0020_bite_003,trial_0020,withdrawal,0.10731021182297487,0.13993950850763118,76
M5_future,trial_0020_bite_004,trial_0020,transfer,0.08173125852754025,0.08856706244427705,151
M5_future,trial_0020_bite_004,trial_0020,withdrawal,0.15158805376009452,0.18367958971157922,97
M5_future,trial_0020_bite_005,trial_0020,transfer,0.023726330846613342,0.026287775504605256,148
M5_future,trial_0020_bite_005,trial_0020,withdrawal,0.08707047432503222,0.10891111481579106,104
M5_future,trial_0020_bite_006,trial_0020,transfer,0.06414817395863702,0.07007103441502507,113
M5_future,trial_0020_bite_006,trial_0020,withdrawal,0.11174515442062577,0.15460735330712885,62
M5_future,trial_0020_bite_007,trial_0020,transfer,0.14566031380892783,0.16099959850835438,113
M5_future,trial_0020_bite_007,trial_0020,withdrawal,0.09469019547401337,0.12414456518675777,98
M5_future,trial_0020_bite_008,trial_0020,transfer,0.09985824344664829,0.1145853868964014,142
M5_future,trial_0020_bite_008,trial_0020,withdrawal,0.11283529059514243,0.13943211371433006,100
M5_future,trial_0020_bite_009,trial_0020,transfer,0.08835991752254539,0.0977422991918571,131
M5_future,trial_0020_bite_009,trial_0020,withdrawal,0.11217693024705379,0.14970276605952312,111
M5_future,trial_0020_bite_010,trial_0020,transfer,0.08035963378687068,0.0928777189017314,147
M5_future,trial_0020_bite_010,trial_0020,withdrawal,0.1508939264217766,0.21412025947737237,102
M5_future,trial_0020_bite_011,trial_0020,transfer,0.08954306083624829,0.10360300274200263,162
M5_future,trial_0020_bite_011,trial_0020,withdrawal,0.10554324796173185,0.12105218614317538,100
M5_future,trial_0020_bite_012,trial_0020,transfer,0.11088282929010829,0.12276082219509345,120
M5_future,trial_0020_bite_012,trial_0020,withdrawal,0.24188342715930497,0.2868135039052649,124
M5_future,trial_0020_bite_013,trial_0020,transfer,0.041305588227242396,0.04413226185000708,143
M5_future,trial_0020_bite_013,trial_0020,withdrawal,0.1865174354014361,0.23542253981217154,149
M5_future,trial_0020_bite_014,trial_0020,transfer,0.057197233251736514,0.06663547655398339,149
M5_future,trial_0020_bite_014,trial_0020,withdrawal,0.19998683111272533,0.2546913558875344,117
M5_future,trial_0020_bite_015,trial_0020,transfer,0.05027656074470503,0.06444300109790102,323
M5_future,trial_0020_bite_015,trial_0020,withdrawal,0.20936910493218658,0.28361171854715045,104
M5_future,trial_0020_bite_016,trial_0020,transfer,0.027282544902546065,0.0324976487139014,163
M5_future,trial_0020_bite_016,trial_0020,withdrawal,0.13086438047943844,0.17043159314539652,95
M5_future,trial_0020_bite_017,trial_0020,withdrawal,0.15628177332597087,0.22001745959014157,104
M5_future,trial_0020_bite_018,trial_0020,transfer,0.018304959010121708,0.021089216960963175,201
M5_future,trial_0020_bite_018,trial_0020,withdrawal,0.17603830183373242,0.259878508682848,108
M5_future,trial_0020_bite_019,trial_0020,withdrawal,0.287988966539781,0.3175230485117894,90
M6_full_plan,trial_0012_bite_001,trial_0012,transfer,0.11345095473363855,0.11538618740637704,144
M6_full_plan,trial_0012_bite_001,trial_0012,withdrawal,0.0422612995346757,0.04524298889164417,102
M6_full_plan,trial_0012_bite_002,trial_0012,transfer,0.0914069063217724,0.09450123129087494,188
M6_full_plan,trial_0012_bite_002,trial_0012,withdrawal,0.13095911053427525,0.152102362978741,113
M6_full_plan,trial_0012_bite_003,trial_0012,transfer,0.13532340369412696,0.13631744146490457,146
M6_full_plan,trial_0012_bite_003,trial_0012,withdrawal,0.15119268264884805,0.1707775218732281,99
M6_full_plan,trial_0012_bite_004,trial_0012,transfer,0.11041196414708117,0.11552017057124839,147
M6_full_plan,trial_0012_bite_004,trial_0012,withdrawal,0.12094671737569172,0.1339349728817061,140
M6_full_plan,trial_0012_bite_005,trial_0012,transfer,0.15409844372429948,0.1601488187038262,122
M6_full_plan,trial_0012_bite_005,trial_0012,withdrawal,0.14485264682173266,0.17964015964337113,137
M6_full_plan,trial_0012_bite_006,trial_0012,transfer,0.05121655033717714,0.05845891259325043,157
M6_full_plan,trial_0012_bite_006,trial_0012,withdrawal,0.10186782885320654,0.11479606101737609,131
M6_full_plan,trial_0012_bite_007,trial_0012,transfer,0.16817371383686988,0.16988997289908322,133
M6_full_plan,trial_0012_bite_007,trial_0012,withdrawal,0.18572969513768292,0.21578510844569643,140
M6_full_plan,trial_0012_bite_008,trial_0012,transfer,0.0739786930573467,0.07743900848841344,168
M6_full_plan,trial_0012_bite_008,trial_0012,withdrawal,0.1412644523773652,0.14749604173715125,98
M6_full_plan,trial_0012_bite_009,trial_0012,transfer,0.05468171073994227,0.05877262999219326,230
M6_full_plan,trial_0012_bite_009,trial_0012,withdrawal,0.13511407632198727,0.18091837702557512,138
M6_full_plan,trial_0012_bite_010,trial_0012,transfer,0.058030055164755186,0.06148027875023082,152
M6_full_plan,trial_0012_bite_010,trial_0012,withdrawal,0.15621608623576544,0.18477205576446573,99
M6_full_plan,trial_0012_bite_011,trial_0012,transfer,0.04247700926049939,0.04774821725620231,205
M6_full_plan,trial_0012_bite_011,trial_0012,withdrawal,0.05929440223335199,0.06412166116155059,175
M6_full_plan,trial_0012_bite_012,trial_0012,transfer,0.033901102008410136,0.038528873081717846,180
M6_full_plan,trial_0012_bite_012,trial_0012,withdrawal,0.135708537141605,0.18042390922856216,97
M6_full_plan,trial_0012_bite_013,trial_0012,transfer,0.053176119330078375,0.05449008108317488,204
M6_full_plan,trial_0012_bite_013,trial_0012,withdrawal,0.08540467619605475,0.10025134983488297,120
M6_full_plan,trial_0012_bite_014,trial_0012,transfer,0.10194373596590589,0.11254873077502682,176
M6_full_plan,trial_0012_bite_014,trial_0012,withdrawal,0.07744362231570233,0.08850650426721979,120
M6_full_plan,trial_0012_bite_015,trial_0012,transfer,0.14603125141693385,0.17074704808835697,151
M6_full_plan,trial_0012_bite_015,trial_0012,withdrawal,0.061507571305913666,0.07418585826547171,115
M6_full_plan,trial_0013_bite_001,trial_0013,transfer,0.034505160260902126,0.04457221380187032,124
M6_full_plan,trial_0013_bite_001,trial_0013,withdrawal,0.2606175905365996,0.3008289307995132,85
M6_full_plan,trial_0013_bite_002,trial_0013,transfer,0.05062145720608847,0.05344190225434981,131
M6_full_plan,trial_0013_bite_002,trial_0013,withdrawal,0.04776790398504792,0.0589827808209473,116
M6_full_plan,trial_0013_bite_003,trial_0013,transfer,0.04001006078279485,0.04742084368095962,164
M6_full_plan,trial_0013_bite_003,trial_0013,withdrawal,0.14542286463372858,0.17189378030805302,94
M6_full_plan,trial_0013_bite_004,trial_0013,transfer,0.0941970165859776,0.09422374123472137,20
M6_full_plan,trial_0013_bite_004,trial_0013,withdrawal,0.07205266214142834,0.08513610305095574,71
M6_full_plan,trial_0013_bite_005,trial_0013,transfer,0.032558498624784445,0.037958910712235644,88
M6_full_plan,trial_0013_bite_005,trial_0013,withdrawal,0.04918241665245184,0.05139617011994211,81
M6_full_plan,trial_0013_bite_006,trial_0013,transfer,0.05335960053856194,0.05626196503853879,158
M6_full_plan,trial_0013_bite_006,trial_0013,withdrawal,0.107686151706742,0.1313940863986264,142
M6_full_plan,trial_0013_bite_007,trial_0013,transfer,0.07557751762937927,0.07614332419360363,39
M6_full_plan,trial_0013_bite_007,trial_0013,withdrawal,0.057206691916482116,0.05849977331929559,136
M6_full_plan,trial_0013_bite_008,trial_0013,transfer,0.03864797834648827,0.04323083192846934,198
M6_full_plan,trial_0013_bite_008,trial_0013,withdrawal,0.041240263986328865,0.04760836327335561,85
M6_full_plan,trial_0013_bite_009,trial_0013,transfer,0.055881250262195564,0.062411411861057815,158
M6_full_plan,trial_0013_bite_009,trial_0013,withdrawal,0.07630138808798487,0.08459966404421422,108
M6_full_plan,trial_0013_bite_010,trial_0013,transfer,0.012769116008315392,0.014939478142245301,135
M6_full_plan,trial_0013_bite_010,trial_0013,withdrawal,0.034141635559975556,0.04345182850640234,140
M6_full_plan,trial_0013_bite_011,trial_0013,transfer,0.07624354690990692,0.08027204458091174,131
M6_full_plan,trial_0013_bite_011,trial_0013,withdrawal,0.07318186893875478,0.08068575044683671,118
M6_full_plan,trial_0013_bite_012,trial_0013,transfer,0.03659016910504821,0.041855819951541466,140
M6_full_plan,trial_0013_bite_012,trial_0013,withdrawal,0.0725518268310392,0.0865453979641183,94
M6_full_plan,trial_0014_bite_001,trial_0014,transfer,0.06723717774185717,0.07763261034681236,156
M6_full_plan,trial_0014_bite_001,trial_0014,withdrawal,0.10536334598065206,0.14001376635594187,98
M6_full_plan,trial_0014_bite_002,trial_0014,transfer,0.058599867537440696,0.06318070619691908,174
M6_full_plan,trial_0014_bite_002,trial_0014,withdrawal,0.07672962200475192,0.08411855587302718,109
M6_full_plan,trial_0014_bite_003,trial_0014,transfer,0.35333792720175633,0.3609973583646307,132
M6_full_plan,trial_0014_bite_003,trial_0014,withdrawal,0.05923513824145982,0.06362784482476075,102
M6_full_plan,trial_0014_bite_004,trial_0014,transfer,0.08828653416632622,0.09636990206490843,112
M6_full_plan,trial_0014_bite_004,trial_0014,withdrawal,0.038655282724508855,0.042869826658940645,95
M6_full_plan,trial_0014_bite_005,trial_0014,transfer,0.47292388148074826,0.4858751012374666,124
M6_full_plan,trial_0014_bite_005,trial_0014,withdrawal,0.066994867673865,0.07651846000970804,62
M6_full_plan,trial_0014_bite_006,trial_0014,transfer,0.09049851717613654,0.10076952812879433,91
M6_full_plan,trial_0014_bite_006,trial_0014,withdrawal,0.10552301243946378,0.13203611161659137,81
M6_full_plan,trial_0014_bite_007,trial_0014,transfer,0.08299225343429611,0.09202618153921023,111
M6_full_plan,trial_0014_bite_007,trial_0014,withdrawal,0.03515796443237472,0.03890143843544078,86
M6_full_plan,trial_0014_bite_008,trial_0014,transfer,0.08784042021096297,0.09842964494219059,94
M6_full_plan,trial_0014_bite_008,trial_0014,withdrawal,0.06664516428122509,0.07399647675696232,74
M6_full_plan,trial_0014_bite_009,trial_0014,transfer,0.07072454396860473,0.07804822088530339,114
M6_full_plan,trial_0014_bite_009,trial_0014,withdrawal,0.014577437111861633,0.017075627508126832,52
M6_full_plan,trial_0014_bite_010,trial_0014,transfer,0.4409728144079956,0.45249868485848876,124
M6_full_plan,trial_0014_bite_010,trial_0014,withdrawal,0.08223729139222392,0.09687774000388963,77
M6_full_plan,trial_0014_bite_011,trial_0014,transfer,0.12485427740728874,0.1445175072939204,131
M6_full_plan,trial_0014_bite_011,trial_0014,withdrawal,0.05130456464795625,0.06879318600547084,81
M6_full_plan,trial_0014_bite_012,trial_0014,transfer,0.4803260663716301,0.4951612229288619,103
M6_full_plan,trial_0014_bite_012,trial_0014,withdrawal,0.042542493507677845,0.056276859639277955,104
M6_full_plan,trial_0014_bite_013,trial_0014,transfer,0.44523510110309367,0.4594449769144002,108
M6_full_plan,trial_0014_bite_013,trial_0014,withdrawal,0.03567403899040443,0.04294826273767119,115
M6_full_plan,trial_0014_bite_014,trial_0014,transfer,0.14848938891677235,0.15622663630184255,129
M6_full_plan,trial_0014_bite_014,trial_0014,withdrawal,0.045721071848893895,0.062272783097076755,106
M6_full_plan,trial_0014_bite_015,trial_0014,transfer,0.11791061066076725,0.130862620011425,130
M6_full_plan,trial_0014_bite_015,trial_0014,withdrawal,0.14758979250184875,0.17160544626069324,106
M6_full_plan,trial_0014_bite_016,trial_0014,transfer,0.12785948621238344,0.13552750497162705,137
M6_full_plan,trial_0014_bite_016,trial_0014,withdrawal,0.061652148641535925,0.06288381563360458,94
M6_full_plan,trial_0014_bite_017,trial_0014,transfer,0.07522100347125263,0.08085984785982528,121
M6_full_plan,trial_0014_bite_017,trial_0014,withdrawal,0.03516513528468597,0.04413333580697339,99
M6_full_plan,trial_0014_bite_018,trial_0014,transfer,0.41548154305726814,0.42332251161659096,156
M6_full_plan,trial_0014_bite_018,trial_0014,withdrawal,0.03881902290351329,0.04528085448404366,86
M6_full_plan,trial_0014_bite_019,trial_0014,transfer,0.043459633707779784,0.05436940733391114,127
M6_full_plan,trial_0014_bite_019,trial_0014,withdrawal,0.07990345412306861,0.09132120564185696,104
M6_full_plan,trial_0014_bite_020,trial_0014,transfer,0.21934745304357597,0.22506243761808636,157
M6_full_plan,trial_0014_bite_020,trial_0014,withdrawal,0.057032769808108744,0.06773661704443397,104
M6_full_plan,trial_0014_bite_021,trial_0014,transfer,0.055385880068127454,0.05896676633117114,205
M6_full_plan,trial_0014_bite_021,trial_0014,withdrawal,0.1334432118923761,0.1575461650673583,99
M6_full_plan,trial_0015_bite_001,trial_0015,transfer,0.029014421969498196,0.03319999745689818,145
M6_full_plan,trial_0015_bite_001,trial_0015,withdrawal,0.10679701556587574,0.12201502898758768,149
M6_full_plan,trial_0015_bite_002,trial_0015,transfer,0.06759716228766553,0.07240677765567585,108
M6_full_plan,trial_0015_bite_002,trial_0015,withdrawal,0.16797534518706428,0.20526125567918163,129
M6_full_plan,trial_0015_bite_003,trial_0015,transfer,0.08050548977876111,0.09083470745556228,154
M6_full_plan,trial_0015_bite_003,trial_0015,withdrawal,0.10045899673414577,0.12817664411665222,153
M6_full_plan,trial_0015_bite_004,trial_0015,transfer,0.07906833163338252,0.09100722100428528,145
M6_full_plan,trial_0015_bite_004,trial_0015,withdrawal,0.08356273654636866,0.10463310022379178,136
M6_full_plan,trial_0015_bite_005,trial_0015,transfer,0.09350181928969911,0.1086345128707975,122
M6_full_plan,trial_0015_bite_005,trial_0015,withdrawal,0.1881302066124014,0.21583128503533777,163
M6_full_plan,trial_0015_bite_006,trial_0015,transfer,0.13155876786329226,0.15148034907730792,122
M6_full_plan,trial_0015_bite_006,trial_0015,withdrawal,0.10346100586980587,0.12431416594160148,146
M6_full_plan,trial_0015_bite_007,trial_0015,transfer,0.061006674128044044,0.06704992164387966,127
M6_full_plan,trial_0015_bite_007,trial_0015,withdrawal,0.0633122292118444,0.08015438674065538,144
M6_full_plan,trial_0015_bite_008,trial_0015,transfer,0.03296223204939964,0.040277385737965264,169
M6_full_plan,trial_0015_bite_008,trial_0015,withdrawal,0.0364062880690553,0.03896947179268254,227
M6_full_plan,trial_0015_bite_009,trial_0015,transfer,0.17440793529048312,0.20111947806491243,158
M6_full_plan,trial_0015_bite_009,trial_0015,withdrawal,0.15845168665710738,0.22032447105690947,183
M6_full_plan,trial_0015_bite_010,trial_0015,transfer,0.05454321443894354,0.06577020586355353,150
M6_full_plan,trial_0015_bite_010,trial_0015,withdrawal,0.10747003613587186,0.1496602302157063,131
M6_full_plan,trial_0015_bite_011,trial_0015,transfer,0.08209737339572738,0.08878174315980313,126
M6_full_plan,trial_0015_bite_011,trial_0015,withdrawal,0.12909423274415033,0.17145614375046062,124
M6_full_plan,trial_0015_bite_012,trial_0015,transfer,0.03761674543262244,0.0466166232744987,44
M6_full_plan,trial_0015_bite_012,trial_0015,withdrawal,0.07800579152141339,0.10338889230624412,129
M6_full_plan,trial_0015_bite_013,trial_0015,transfer,0.11719394834496,0.13021477822906316,146
M6_full_plan,trial_0015_bite_013,trial_0015,withdrawal,0.03286464007753172,0.0461539903622121,183
M6_full_plan,trial_0015_bite_014,trial_0015,transfer,0.0798274769109504,0.08628235397620779,116
M6_full_plan,trial_0015_bite_014,trial_0015,withdrawal,0.05636733310237069,0.0617967619400762,138
M6_full_plan,trial_0015_bite_015,trial_0015,transfer,0.059579658210704205,0.06612637283213461,110
M6_full_plan,trial_0015_bite_015,trial_0015,withdrawal,0.060111640372759303,0.06913820700650962,169
M6_full_plan,trial_0015_bite_016,trial_0015,transfer,0.03352547125544759,0.03723546765754864,156
M6_full_plan,trial_0015_bite_016,trial_0015,withdrawal,0.09075145057743772,0.10473568852787471,156
M6_full_plan,trial_0015_bite_017,trial_0015,transfer,0.03753444374167142,0.045970813771305456,160
M6_full_plan,trial_0015_bite_017,trial_0015,withdrawal,0.09557720229213787,0.10804565999833736,178
M6_full_plan,trial_0015_bite_018,trial_0015,transfer,0.034039820023319,0.04246339691596726,151
M6_full_plan,trial_0015_bite_018,trial_0015,withdrawal,0.06315933700239125,0.07213813511689471,178
M6_full_plan,trial_0015_bite_019,trial_0015,transfer,0.09895275985896156,0.10615120125050155,185
M6_full_plan,trial_0015_bite_019,trial_0015,withdrawal,0.0645050371831268,0.07796812023017854,149
M6_full_plan,trial_0017_bite_001,trial_0017,transfer,0.09731011773781388,0.11290095287557,219
M6_full_plan,trial_0017_bite_001,trial_0017,withdrawal,0.11475222403450462,0.1326901983212566,129
M6_full_plan,trial_0017_bite_002,trial_0017,transfer,0.2204906372305398,0.23905620923937837,167
M6_full_plan,trial_0017_bite_002,trial_0017,withdrawal,0.09640899734511908,0.11254703711332598,90
M6_full_plan,trial_0017_bite_003,trial_0017,transfer,0.08777469090923305,0.09444290513996208,119
M6_full_plan,trial_0017_bite_003,trial_0017,withdrawal,0.10036582968495793,0.11891303054490933,100
M6_full_plan,trial_0017_bite_004,trial_0017,transfer,0.11031320140855606,0.11749187374234761,103
M6_full_plan,trial_0017_bite_004,trial_0017,withdrawal,0.07624460972635758,0.08716000163234756,93
M6_full_plan,trial_0017_bite_005,trial_0017,transfer,0.033932699287001246,0.043123917546625826,190
M6_full_plan,trial_0017_bite_005,trial_0017,withdrawal,0.08709658511587068,0.09138242281196206,79
M6_full_plan,trial_0017_bite_006,trial_0017,transfer,0.09552443453459772,0.09594050354559464,160
M6_full_plan,trial_0017_bite_006,trial_0017,withdrawal,0.12017180957998079,0.12967028629764263,108
M6_full_plan,trial_0017_bite_007,trial_0017,transfer,0.10600451143011703,0.11427583105883478,156
M6_full_plan,trial_0017_bite_007,trial_0017,withdrawal,0.14131340011294513,0.14953635198033985,64
M6_full_plan,trial_0017_bite_008,trial_0017,transfer,0.10810055580083464,0.10843251604229592,49
M6_full_plan,trial_0017_bite_008,trial_0017,withdrawal,0.08819820839169738,0.10005102735293243,74
M6_full_plan,trial_0017_bite_009,trial_0017,transfer,0.06970101207805786,0.07721711658770508,233
M6_full_plan,trial_0017_bite_009,trial_0017,withdrawal,0.15976716747853179,0.16611647990306952,70
M6_full_plan,trial_0017_bite_010,trial_0017,transfer,0.10453056737047545,0.10694796730494777,178
M6_full_plan,trial_0017_bite_010,trial_0017,withdrawal,0.16894718538452178,0.1753342236271704,73
M6_full_plan,trial_0017_bite_011,trial_0017,transfer,0.06778831986637256,0.07030804021882944,120
M6_full_plan,trial_0017_bite_011,trial_0017,withdrawal,0.17231412794493256,0.1850787800672241,71
M6_full_plan,trial_0017_bite_012,trial_0017,transfer,0.07852079059983438,0.0813303688950837,176
M6_full_plan,trial_0017_bite_012,trial_0017,withdrawal,0.18564440979890767,0.1951866023437732,68
M6_full_plan,trial_0017_bite_013,trial_0017,transfer,0.038938022109751835,0.047155943445443695,90
M6_full_plan,trial_0017_bite_013,trial_0017,withdrawal,0.06086080584763066,0.07276111418625726,79
M6_full_plan,trial_0017_bite_014,trial_0017,transfer,0.0837713362563557,0.08837633738313047,232
M6_full_plan,trial_0017_bite_014,trial_0017,withdrawal,0.11811329791182346,0.1414567718551767,149
M6_full_plan,trial_0017_bite_015,trial_0017,transfer,0.050014012558227114,0.0620952918014536,332
M6_full_plan,trial_0017_bite_015,trial_0017,withdrawal,0.0720680394064688,0.07607186950139963,75
M6_full_plan,trial_0019_bite_001,trial_0019,transfer,0.04763258348176109,0.0655219838776382,106
M6_full_plan,trial_0019_bite_001,trial_0019,withdrawal,0.08521821117645338,0.10379632687723245,91
M6_full_plan,trial_0019_bite_002,trial_0019,transfer,0.025960951347973077,0.030080407781807584,124
M6_full_plan,trial_0019_bite_002,trial_0019,withdrawal,0.1071928541544342,0.1206345622886972,102
M6_full_plan,trial_0019_bite_003,trial_0019,transfer,0.0718334843434288,0.07786303835039554,115
M6_full_plan,trial_0019_bite_003,trial_0019,withdrawal,0.07339884174105231,0.07691862635966772,93
M6_full_plan,trial_0019_bite_004,trial_0019,transfer,0.07275976352045128,0.07928896072971164,113
M6_full_plan,trial_0019_bite_004,trial_0019,withdrawal,0.08000616716531285,0.09661533885924349,90
M6_full_plan,trial_0019_bite_005,trial_0019,transfer,0.048961052634583786,0.053502414454558396,128
M6_full_plan,trial_0019_bite_005,trial_0019,withdrawal,0.12722589797964456,0.14723962899747173,156
M6_full_plan,trial_0019_bite_006,trial_0019,transfer,0.06113055797700396,0.06540297346881527,110
M6_full_plan,trial_0019_bite_006,trial_0019,withdrawal,0.22268806784641804,0.22690318955722164,116
M6_full_plan,trial_0019_bite_007,trial_0019,transfer,0.10814635033104601,0.12388288318563503,114
M6_full_plan,trial_0019_bite_007,trial_0019,withdrawal,0.1555368867625576,0.15809633241988538,99
M6_full_plan,trial_0019_bite_008,trial_0019,transfer,0.06721902900593302,0.06922603457901842,136
M6_full_plan,trial_0019_bite_008,trial_0019,withdrawal,0.20548049359210294,0.216908706106856,113
M6_full_plan,trial_0019_bite_009,trial_0019,transfer,0.05422811512027078,0.056380990571890215,133
M6_full_plan,trial_0019_bite_009,trial_0019,withdrawal,0.1604843917170855,0.16418137944207814,108
M6_full_plan,trial_0019_bite_010,trial_0019,transfer,0.021957625486257928,0.02947261124419123,137
M6_full_plan,trial_0019_bite_010,trial_0019,withdrawal,0.07055514720415418,0.09155370558209283,99
M6_full_plan,trial_0019_bite_011,trial_0019,transfer,0.09412933594463571,0.09738570099734516,176
M6_full_plan,trial_0019_bite_011,trial_0019,withdrawal,0.1646113302058459,0.18866882803273172,104
M6_full_plan,trial_0019_bite_012,trial_0019,transfer,0.05126226622845151,0.05457666952254179,116
M6_full_plan,trial_0019_bite_012,trial_0019,withdrawal,0.05778663982625557,0.06151978278510441,113
M6_full_plan,trial_0019_bite_013,trial_0019,transfer,0.028496009555248874,0.041471617835773696,140
M6_full_plan,trial_0019_bite_013,trial_0019,withdrawal,0.1366831403578755,0.15428007802090044,113
M6_full_plan,trial_0019_bite_014,trial_0019,transfer,0.09288736750585017,0.09632521899231837,178
M6_full_plan,trial_0019_bite_014,trial_0019,withdrawal,0.11769854235081613,0.13913312613262366,115
M6_full_plan,trial_0019_bite_015,trial_0019,transfer,0.06858293249004273,0.07000014464778792,130
M6_full_plan,trial_0019_bite_015,trial_0019,withdrawal,0.08657022101275004,0.09627049858963466,106
M6_full_plan,trial_0019_bite_016,trial_0019,transfer,0.04259937436082709,0.04744632612157704,151
M6_full_plan,trial_0019_bite_016,trial_0019,withdrawal,0.09593410875016209,0.10015450324445341,99
M6_full_plan,trial_0019_bite_017,trial_0019,transfer,0.09560453522010588,0.09625144622986864,135
M6_full_plan,trial_0019_bite_017,trial_0019,withdrawal,0.08236987103850599,0.08799407386032886,106
M6_full_plan,trial_0019_bite_018,trial_0019,transfer,0.021363264921809802,0.026785545192981843,133
M6_full_plan,trial_0019_bite_018,trial_0019,withdrawal,0.10859388672460543,0.11529967722584678,111
M6_full_plan,trial_0019_bite_019,trial_0019,transfer,0.11621044844667079,0.12036379757795979,143
M6_full_plan,trial_0019_bite_019,trial_0019,withdrawal,0.08798412646083394,0.09391444192804586,97
M6_full_plan,trial_0019_bite_020,trial_0019,transfer,0.03317638143737863,0.03996759326278216,185
M6_full_plan,trial_0019_bite_020,trial_0019,withdrawal,0.06753965898664421,0.07386453527125743,135
M6_full_plan,trial_0019_bite_021,trial_0019,transfer,0.03220219178601768,0.03330951792721158,178
M6_full_plan,trial_0019_bite_021,trial_0019,withdrawal,0.05101092138017464,0.055287276959003505,116
M6_full_plan,trial_0019_bite_022,trial_0019,transfer,0.035150489738966006,0.038756308497562106,140
M6_full_plan,trial_0019_bite_022,trial_0019,withdrawal,0.06170483885157673,0.07079326379889475,108
M6_full_plan,trial_0019_bite_023,trial_0019,transfer,0.0617667327653467,0.06284122197052584,140
M6_full_plan,trial_0019_bite_023,trial_0019,withdrawal,0.07028889141921003,0.0809957679038656,113
M6_full_plan,trial_0019_bite_024,trial_0019,transfer,0.11319503955095069,0.1154278097009264,151
M6_full_plan,trial_0019_bite_024,trial_0019,withdrawal,0.1926338003502505,0.20762227453641216,113
M6_full_plan,trial_0019_bite_025,trial_0019,transfer,0.05482048852675676,0.05580930642801989,186
M6_full_plan,trial_0019_bite_025,trial_0019,withdrawal,0.037443645077957007,0.042237995161329214,108
M6_full_plan,trial_0019_bite_026,trial_0019,transfer,0.05333489762695449,0.05826151490838604,149
M6_full_plan,trial_0019_bite_026,trial_0019,withdrawal,0.20183138931452843,0.2395677406039408,120
M6_full_plan,trial_0020_bite_001,trial_0020,transfer,0.0908907913192402,0.10099103571826927,126
M6_full_plan,trial_0020_bite_001,trial_0020,withdrawal,0.13398672217910498,0.1570924384362835,96
M6_full_plan,trial_0020_bite_002,trial_0020,transfer,0.09281664666754406,0.1089184090135817,165
M6_full_plan,trial_0020_bite_002,trial_0020,withdrawal,0.22614136911728355,0.28091341727806,113
M6_full_plan,trial_0020_bite_003,trial_0020,transfer,0.05943428479600848,0.06311666333929013,120
M6_full_plan,trial_0020_bite_003,trial_0020,withdrawal,0.12119551224738362,0.15212547758380207,76
M6_full_plan,trial_0020_bite_004,trial_0020,transfer,0.07822676477959856,0.0817303907039769,151
M6_full_plan,trial_0020_bite_004,trial_0020,withdrawal,0.16764729838361758,0.19901137486477372,97
M6_full_plan,trial_0020_bite_005,trial_0020,transfer,0.04316471200836223,0.04731450085017767,148
M6_full_plan,trial_0020_bite_005,trial_0020,withdrawal,0.09453592265752925,0.10917218708092939,104
M6_full_plan,trial_0020_bite_006,trial_0020,transfer,0.06300812516999134,0.06644748553122208,113
M6_full_plan,trial_0020_bite_006,trial_0020,withdrawal,0.1255510684399606,0.16231108496375923,62
M6_full_plan,trial_0020_bite_007,trial_0020,transfer,0.14997030786242593,0.16336233942541442,113
M6_full_plan,trial_0020_bite_007,trial_0020,withdrawal,0.09975318884039641,0.11951172121738707,98
M6_full_plan,trial_0020_bite_008,trial_0020,transfer,0.09936569436505173,0.10906098803020736,142
M6_full_plan,trial_0020_bite_008,trial_0020,withdrawal,0.11742886886309002,0.1470346325952053,100
M6_full_plan,trial_0020_bite_009,trial_0020,transfer,0.07872567218255803,0.08217607758627944,131
M6_full_plan,trial_0020_bite_009,trial_0020,withdrawal,0.12322784759080205,0.1616672539659383,111
M6_full_plan,trial_0020_bite_010,trial_0020,transfer,0.08085422370390855,0.08976759829788603,147
M6_full_plan,trial_0020_bite_010,trial_0020,withdrawal,0.16638647667512485,0.2158817836317147,102
M6_full_plan,trial_0020_bite_011,trial_0020,transfer,0.09304458877474941,0.09986459843932645,162
M6_full_plan,trial_0020_bite_011,trial_0020,withdrawal,0.10939770902009384,0.12658249250580456,100
M6_full_plan,trial_0020_bite_012,trial_0020,transfer,0.10574880033543907,0.11399156541831543,120
M6_full_plan,trial_0020_bite_012,trial_0020,withdrawal,0.23569364848294427,0.2856423969332198,124
M6_full_plan,trial_0020_bite_013,trial_0020,transfer,0.03679316587023402,0.04178071547114819,143
M6_full_plan,trial_0020_bite_013,trial_0020,withdrawal,0.1959964494118146,0.24960333236831903,149
M6_full_plan,trial_0020_bite_014,trial_0020,transfer,0.06540473982988529,0.07250888797939568,149
M6_full_plan,trial_0020_bite_014,trial_0020,withdrawal,0.19920581654578612,0.24738214561457328,117
M6_full_plan,trial_0020_bite_015,trial_0020,transfer,0.05819726695552259,0.07238203954340042,323
M6_full_plan,trial_0020_bite_015,trial_0020,withdrawal,0.21118210320237488,0.27950693486532757,104
M6_full_plan,trial_0020_bite_016,trial_0020,transfer,0.03130865437504997,0.043665711964188655,163
M6_full_plan,trial_0020_bite_016,trial_0020,withdrawal,0.14385446202813473,0.18319058603918156,95
M6_full_plan,trial_0020_bite_017,trial_0020,withdrawal,0.16766511351453978,0.2294710540715635,104
M6_full_plan,trial_0020_bite_018,trial_0020,transfer,0.02065454081308107,0.031013063183796076,201
M6_full_plan,trial_0020_bite_018,trial_0020,withdrawal,0.18974250277362006,0.2703945008380935,108
M6_full_plan,trial_0020_bite_019,trial_0020,withdrawal,0.2649713544823964,0.30094323132304623,90
P_star,trial_0012_bite_001,trial_0012,transfer,0.1475039490997357,0.1478593789550425,144
P_star,trial_0012_bite_001,trial_0012,withdrawal,0.042186622637952476,0.050156716904512434,102
P_star,trial_0012_bite_002,trial_0012,transfer,0.15709594131718527,0.16017210582573688,188
P_star,trial_0012_bite_002,trial_0012,withdrawal,0.12706623574753625,0.17088605433326473,113
P_star,trial_0012_bite_003,trial_0012,transfer,0.16185548113524714,0.17005446042175112,146
P_star,trial_0012_bite_003,trial_0012,withdrawal,0.1420685923578554,0.17382118744967945,99
P_star,trial_0012_bite_004,trial_0012,transfer,0.17460711108020366,0.18127943041017058,147
P_star,trial_0012_bite_004,trial_0012,withdrawal,0.1209976610644267,0.1391464751664337,140
P_star,trial_0012_bite_005,trial_0012,transfer,0.17078385666032792,0.1813409458699273,122
P_star,trial_0012_bite_005,trial_0012,withdrawal,0.12027116713881211,0.14779660350172233,137
P_star,trial_0012_bite_006,trial_0012,transfer,0.05977236236487769,0.07521802874335928,157
P_star,trial_0012_bite_006,trial_0012,withdrawal,0.10121137346012792,0.10637152887617954,131
P_star,trial_0012_bite_007,trial_0012,transfer,0.2186308193231006,0.22510585541018627,133
P_star,trial_0012_bite_007,trial_0012,withdrawal,0.18015950970309252,0.22834761007162924,140
P_star,trial_0012_bite_008,trial_0012,transfer,0.12070497222324364,0.12517489821404246,168
P_star,trial_0012_bite_008,trial_0012,withdrawal,0.1182437302323077,0.1324323662680119,98
P_star,trial_0012_bite_009,trial_0012,transfer,0.06661254620875827,0.076818987183007,230
P_star,trial_0012_bite_009,trial_0012,withdrawal,0.11379135144994056,0.18147878500667722,138
P_star,trial_0012_bite_010,trial_0012,transfer,0.057359623703047986,0.06753037173152329,152
P_star,trial_0012_bite_010,trial_0012,withdrawal,0.15235065383802143,0.18472797774386285,99
P_star,trial_0012_bite_011,trial_0012,transfer,0.05596223626292012,0.05684153571952276,205
P_star,trial_0012_bite_011,trial_0012,withdrawal,0.11131994567269404,0.11511001947856504,175
P_star,trial_0012_bite_012,trial_0012,transfer,0.0383255868517938,0.04547499083316451,180
P_star,trial_0012_bite_012,trial_0012,withdrawal,0.13139610788689524,0.1975695634155686,97
P_star,trial_0012_bite_013,trial_0012,transfer,0.0875651087003781,0.09412412881827474,204
P_star,trial_0012_bite_013,trial_0012,withdrawal,0.07301870795672741,0.08262495379484343,120
P_star,trial_0012_bite_014,trial_0012,transfer,0.07489030138894498,0.08309121288444547,176
P_star,trial_0012_bite_014,trial_0012,withdrawal,0.07294653254180386,0.0811435379717825,120
P_star,trial_0012_bite_015,trial_0012,transfer,0.13251812270991967,0.15199299991193774,151
P_star,trial_0012_bite_015,trial_0012,withdrawal,0.040347055868694935,0.05147043556873023,115
P_star,trial_0013_bite_001,trial_0013,transfer,0.05480875236531359,0.06056923815464233,124
P_star,trial_0013_bite_001,trial_0013,withdrawal,0.21026238876043324,0.24555583709121365,85
P_star,trial_0013_bite_002,trial_0013,transfer,0.07012456276044433,0.08053940907203659,131
P_star,trial_0013_bite_002,trial_0013,withdrawal,0.048789057475614656,0.06052433398320738,116
P_star,trial_0013_bite_003,trial_0013,transfer,0.044928198113598904,0.057318059573344654,164
P_star,trial_0013_bite_003,trial_0013,withdrawal,0.1647830330321094,0.18639735966277973,94
P_star,trial_0013_bite_004,trial_0013,transfer,0.06197020126322681,0.06201848882886406,20
P_star,trial_0013_bite_004,trial_0013,withdrawal,0.1115750176903762,0.13981908110550015,71
P_star,trial_0013_bite_005,trial_0013,transfer,0.025825405158857184,0.030789311158853614,88
P_star,trial_0013_bite_005,trial_0013,withdrawal,0.2192587287459021,0.22413650372398017,81
P_star,trial_0013_bite_006,trial_0013,transfer,0.009553032628470149,0.01406710845030822,158
P_star,trial_0013_bite_006,trial_0013,withdrawal,0.09011103532334606,0.10121828826264033,142
P_star,trial_0013_bite_007,trial_0013,transfer,0.08003483949549223,0.0800884463310792,39
P_star,trial_0013_bite_007,trial_0013,withdrawal,0.05544408117118283,0.07301893674417645,136
P_star,trial_0013_bite_008,trial_0013,transfer,0.07495476365006219,0.0788427508921793,198
P_star,trial_0013_bite_008,trial_0013,withdrawal,0.03431086467393375,0.037069761013997414,85
P_star,trial_0013_bite_009,trial_0013,transfer,0.045092129330590425,0.054726544758597874,158
P_star,trial_0013_bite_009,trial_0013,withdrawal,0.10791296824096051,0.11830882860081715,108
P_star,trial_0013_bite_010,trial_0013,transfer,0.02885655399707265,0.041323717552495365,135
P_star,trial_0013_bite_010,trial_0013,withdrawal,0.1556458366683564,0.15934502187140448,140
P_star,trial_0013_bite_011,trial_0013,transfer,0.06853603686238942,0.07677588639255886,131
P_star,trial_0013_bite_011,trial_0013,withdrawal,0.028968168066390097,0.037836883280508035,118
P_star,trial_0013_bite_012,trial_0013,transfer,0.018731343478437,0.021159025356817414,140
P_star,trial_0013_bite_012,trial_0013,withdrawal,0.040706466999920886,0.04861397799705971,94
P_star,trial_0014_bite_001,trial_0014,transfer,0.06597367640852947,0.07629257769788117,156
P_star,trial_0014_bite_001,trial_0014,withdrawal,0.09105205034428428,0.10825047323625649,98
P_star,trial_0014_bite_002,trial_0014,transfer,0.07029514764879197,0.07286182418463284,174
P_star,trial_0014_bite_002,trial_0014,withdrawal,0.059295835570012806,0.07526057009916215,109
P_star,trial_0014_bite_003,trial_0014,transfer,0.055879261643981847,0.05915228439583707,132
P_star,trial_0014_bite_003,trial_0014,withdrawal,0.023246438616924655,0.029834722954576235,102
P_star,trial_0014_bite_004,trial_0014,transfer,0.0722813328858113,0.07951403801736298,112
P_star,trial_0014_bite_004,trial_0014,withdrawal,0.04358444453377556,0.05298217641917805,95
P_star,trial_0014_bite_005,trial_0014,transfer,0.14972222984522035,0.17503906214349457,124
P_star,trial_0014_bite_005,trial_0014,withdrawal,0.05062533351763286,0.06552766063837624,62
P_star,trial_0014_bite_006,trial_0014,transfer,0.07945344676398775,0.09211246438844961,91
P_star,trial_0014_bite_006,trial_0014,withdrawal,0.08542584302007535,0.10318352034498539,81
P_star,trial_0014_bite_007,trial_0014,transfer,0.06129469473103724,0.07055644821647455,111
P_star,trial_0014_bite_007,trial_0014,withdrawal,0.0475057378402809,0.057202828973203855,86
P_star,trial_0014_bite_008,trial_0014,transfer,0.0718304656345682,0.08381903223548322,94
P_star,trial_0014_bite_008,trial_0014,withdrawal,0.04773794595318095,0.054193199570067345,74
P_star,trial_0014_bite_009,trial_0014,transfer,0.05371637550241571,0.059345870507235506,114
P_star,trial_0014_bite_009,trial_0014,withdrawal,0.013678298056583552,0.01665433948801586,52
P_star,trial_0014_bite_010,trial_0014,transfer,0.1206073951761435,0.13521255418937161,124
P_star,trial_0014_bite_010,trial_0014,withdrawal,0.10395872818826374,0.11720908942334247,77
P_star,trial_0014_bite_011,trial_0014,transfer,0.12450794606494234,0.14230568800671178,131
P_star,trial_0014_bite_011,trial_0014,withdrawal,0.01903365380239282,0.02878279961122377,81
P_star,trial_0014_bite_012,trial_0014,transfer,0.15739176724417633,0.18382491292087616,103
P_star,trial_0014_bite_012,trial_0014,withdrawal,0.054037126827252806,0.06000483387189123,104
P_star,trial_0014_bite_013,trial_0014,transfer,0.13035986349259687,0.14784629325595042,108
P_star,trial_0014_bite_013,trial_0014,withdrawal,0.024709151768396335,0.03378425392853048,115
P_star,trial_0014_bite_014,trial_0014,transfer,0.14593635599727064,0.15585642834463942,129
P_star,trial_0014_bite_014,trial_0014,withdrawal,0.05058984195402317,0.05585043994145431,106
P_star,trial_0014_bite_015,trial_0014,transfer,0.10423566524274112,0.11878319225964636,130
P_star,trial_0014_bite_015,trial_0014,withdrawal,0.1934380742645973,0.20237308282632216,106
P_star,trial_0014_bite_016,trial_0014,transfer,0.10414373441189524,0.11115767805512348,137
P_star,trial_0014_bite_016,trial_0014,withdrawal,0.05977294027433019,0.0673765172984053,94
P_star,trial_0014_bite_017,trial_0014,transfer,0.0559239966170786,0.06079420471850807,121
P_star,trial_0014_bite_017,trial_0014,withdrawal,0.045245005556019145,0.0523415718009092,99
P_star,trial_0014_bite_018,trial_0014,transfer,0.1057439265023352,0.12298969528889643,156
P_star,trial_0014_bite_018,trial_0014,withdrawal,0.060030783349534204,0.07110520656991898,86
P_star,trial_0014_bite_019,trial_0014,transfer,0.04411001013168481,0.05238884441873565,127
P_star,trial_0014_bite_019,trial_0014,withdrawal,0.07205498946974619,0.07859299294075042,104
P_star,trial_0014_bite_020,trial_0014,transfer,0.08339471635410055,0.09640510615829084,157
P_star,trial_0014_bite_020,trial_0014,withdrawal,0.0816702946715156,0.0858245338978665,104
P_star,trial_0014_bite_021,trial_0014,transfer,0.0436589153186213,0.04961733032021507,205
P_star,trial_0014_bite_021,trial_0014,withdrawal,0.1020924678620397,0.12446345135370439,99
P_star,trial_0015_bite_001,trial_0015,transfer,0.01387882113118932,0.01724589908281507,145
P_star,trial_0015_bite_001,trial_0015,withdrawal,0.1357391881898494,0.1511613031993456,149
P_star,trial_0015_bite_002,trial_0015,transfer,0.07254314892995015,0.07661812143208992,108
P_star,trial_0015_bite_002,trial_0015,withdrawal,0.24044523743023294,0.2683207877389267,129
P_star,trial_0015_bite_003,trial_0015,transfer,0.038904231653946346,0.040774202087720535,154
P_star,trial_0015_bite_003,trial_0015,withdrawal,0.2283692339941907,0.24465393923432527,153
P_star,trial_0015_bite_004,trial_0015,transfer,0.04125922975709875,0.04753257452028022,145
P_star,trial_0015_bite_004,trial_0015,withdrawal,0.15113262303764083,0.17133759744211846,136
P_star,trial_0015_bite_005,trial_0015,transfer,0.04123509682198996,0.048633267309641424,122
P_star,trial_0015_bite_005,trial_0015,withdrawal,0.2563348906723433,0.28014911189110436,163
P_star,trial_0015_bite_006,trial_0015,transfer,0.09313101064103808,0.11052801389325097,122
P_star,trial_0015_bite_006,trial_0015,withdrawal,0.16118535681697863,0.19721682145996777,146
P_star,trial_0015_bite_007,trial_0015,transfer,0.016411479450548976,0.020351191959500012,127
P_star,trial_0015_bite_007,trial_0015,withdrawal,0.12278030804056647,0.1345720921204608,144
P_star,trial_0015_bite_008,trial_0015,transfer,0.035708148706762824,0.041868056872652284,169
P_star,trial_0015_bite_008,trial_0015,withdrawal,0.17083471531411035,0.1718470563851572,227
P_star,trial_0015_bite_009,trial_0015,transfer,0.12681934297160366,0.1351590171845582,158
P_star,trial_0015_bite_009,trial_0015,withdrawal,0.2492246534353404,0.3072522520799696,183
P_star,trial_0015_bite_010,trial_0015,transfer,0.22756096011027768,0.23026732763054591,150
P_star,trial_0015_bite_010,trial_0015,withdrawal,0.2005836229929697,0.23340135194926775,131
P_star,trial_0015_bite_011,trial_0015,transfer,0.04373267814891042,0.04735052175890386,126
P_star,trial_0015_bite_011,trial_0015,withdrawal,0.1624934831194155,0.20834238226948054,124
P_star,trial_0015_bite_012,trial_0015,transfer,0.04403126447774311,0.04631047485369978,44
P_star,trial_0015_bite_012,trial_0015,withdrawal,0.08486088523731868,0.11486913297439026,129
P_star,trial_0015_bite_013,trial_0015,transfer,0.045097287997622686,0.05109847270169146,146
P_star,trial_0015_bite_013,trial_0015,withdrawal,0.04387977130818056,0.05425454866571691,183
P_star,trial_0015_bite_014,trial_0015,transfer,0.03532156523371698,0.04364914219650837,116
P_star,trial_0015_bite_014,trial_0015,withdrawal,0.06806683728489504,0.07486980102707867,138
P_star,trial_0015_bite_015,trial_0015,transfer,0.10815873288832187,0.1106144896737441,110
P_star,trial_0015_bite_015,trial_0015,withdrawal,0.044684482805795754,0.05764331317236,169
P_star,trial_0015_bite_016,trial_0015,transfer,0.05198234666591899,0.05604732231828048,156
P_star,trial_0015_bite_016,trial_0015,withdrawal,0.071708963425508,0.0803318764036173,156
P_star,trial_0015_bite_017,trial_0015,transfer,0.08757165342860895,0.0908616812653373,160
P_star,trial_0015_bite_017,trial_0015,withdrawal,0.07889276120512628,0.08477563098151927,178
P_star,trial_0015_bite_018,trial_0015,transfer,0.08431419802503083,0.08634324854560042,151
P_star,trial_0015_bite_018,trial_0015,withdrawal,0.0340744186511024,0.03945385205426292,178
P_star,trial_0015_bite_019,trial_0015,transfer,0.03534105242308864,0.0385737236218884,185
P_star,trial_0015_bite_019,trial_0015,withdrawal,0.06343056957413074,0.07525119113634257,149
P_star,trial_0017_bite_001,trial_0017,transfer,0.06971336323347851,0.08213797321702121,219
P_star,trial_0017_bite_001,trial_0017,withdrawal,0.06863653951846838,0.0751199919830681,129
P_star,trial_0017_bite_002,trial_0017,transfer,0.18575756229941298,0.20315445507300992,167
P_star,trial_0017_bite_002,trial_0017,withdrawal,0.0532435350976193,0.06731795816398586,90
P_star,trial_0017_bite_003,trial_0017,transfer,0.0908696289388327,0.09654289369162206,119
P_star,trial_0017_bite_003,trial_0017,withdrawal,0.059465726993678886,0.0797350163490592,100
P_star,trial_0017_bite_004,trial_0017,transfer,0.12553089373894333,0.13076578097020056,103
P_star,trial_0017_bite_004,trial_0017,withdrawal,0.06462580781246478,0.08151036347999813,93
P_star,trial_0017_bite_005,trial_0017,transfer,0.034408672167499786,0.03982421447461389,190
P_star,trial_0017_bite_005,trial_0017,withdrawal,0.07129539569122817,0.08289071079520682,79
P_star,trial_0017_bite_006,trial_0017,transfer,0.12242778171750679,0.1284552833323298,160
P_star,trial_0017_bite_006,trial_0017,withdrawal,0.0773102687982283,0.08906150993409825,108
P_star,trial_0017_bite_007,trial_0017,transfer,0.12143933821497381,0.1396567818732037,156
P_star,trial_0017_bite_007,trial_0017,withdrawal,0.18924098388214802,0.21216539482578614,64
P_star,trial_0017_bite_008,trial_0017,transfer,0.14253453467724528,0.14277928714020177,49
P_star,trial_0017_bite_008,trial_0017,withdrawal,0.10746748488370375,0.12851327848047975,74
P_star,trial_0017_bite_009,trial_0017,transfer,0.09378756887654817,0.09794850443299094,233
P_star,trial_0017_bite_009,trial_0017,withdrawal,0.18071011438135848,0.20352972576132522,70
P_star,trial_0017_bite_010,trial_0017,transfer,0.10977730464465146,0.11565572985748723,178
P_star,trial_0017_bite_010,trial_0017,withdrawal,0.21922903915750394,0.23597880082441325,73
P_star,trial_0017_bite_011,trial_0017,transfer,0.06485908013188928,0.06830929852950668,120
P_star,trial_0017_bite_011,trial_0017,withdrawal,0.18554943303912666,0.21593012247380944,71
P_star,trial_0017_bite_012,trial_0017,transfer,0.07744882223821131,0.08679011241399955,176
P_star,trial_0017_bite_012,trial_0017,withdrawal,0.21241985961065507,0.23928372531009798,68
P_star,trial_0017_bite_013,trial_0017,transfer,0.05925105806556821,0.08068637150182842,90
P_star,trial_0017_bite_013,trial_0017,withdrawal,0.08022894177421931,0.08922058402566914,79
P_star,trial_0017_bite_014,trial_0017,transfer,0.0826268215884774,0.09809093449372916,232
P_star,trial_0017_bite_014,trial_0017,withdrawal,0.07437871248067561,0.10177112829806423,149
P_star,trial_0017_bite_015,trial_0017,transfer,0.05221855450610296,0.056878890717832156,332
P_star,trial_0017_bite_015,trial_0017,withdrawal,0.10932711041313055,0.13512931836912342,75
P_star,trial_0019_bite_001,trial_0019,transfer,0.042051296784051284,0.04611739792937232,106
P_star,trial_0019_bite_001,trial_0019,withdrawal,0.07733719332133002,0.09830062384678975,91
P_star,trial_0019_bite_002,trial_0019,transfer,0.037488216501895856,0.041847883556428676,124
P_star,trial_0019_bite_002,trial_0019,withdrawal,0.07800858433926545,0.08319964011253271,102
P_star,trial_0019_bite_003,trial_0019,transfer,0.07555533201222539,0.08422633790289105,115
P_star,trial_0019_bite_003,trial_0019,withdrawal,0.056942819181815346,0.06926256514609708,93
P_star,trial_0019_bite_004,trial_0019,transfer,0.055536917019259335,0.06038115346591945,113
P_star,trial_0019_bite_004,trial_0019,withdrawal,0.034588246040443034,0.04545625623866059,90
P_star,trial_0019_bite_005,trial_0019,transfer,0.018786306782160457,0.025301600637472384,128
P_star,trial_0019_bite_005,trial_0019,withdrawal,0.12143982159843301,0.13710653158838085,156
P_star,trial_0019_bite_006,trial_0019,transfer,0.06174749019398977,0.06638513741847644,110
P_star,trial_0019_bite_006,trial_0019,withdrawal,0.21853350312587982,0.23542807468091562,116
P_star,trial_0019_bite_007,trial_0019,transfer,0.10454582533075117,0.12303169895287712,114
P_star,trial_0019_bite_007,trial_0019,withdrawal,0.14506088638682313,0.15406137099020664,99
P_star,trial_0019_bite_008,trial_0019,transfer,0.03684351772386963,0.04152223673757934,136
P_star,trial_0019_bite_008,trial_0019,withdrawal,0.1626702521965954,0.20078435009816312,113
P_star,trial_0019_bite_009,trial_0019,transfer,0.038488959601984694,0.04189064576691682,133
P_star,trial_0019_bite_009,trial_0019,withdrawal,0.14601744609672096,0.16869031577981045,108
P_star,trial_0019_bite_010,trial_0019,transfer,0.025418012456967627,0.03313999561110453,137
P_star,trial_0019_bite_010,trial_0019,withdrawal,0.05919142835060085,0.06925046135060947,99
P_star,trial_0019_bite_011,trial_0019,transfer,0.06837401921218379,0.07686661736442942,176
P_star,trial_0019_bite_011,trial_0019,withdrawal,0.14649503034270348,0.16942088215583356,104
P_star,trial_0019_bite_012,trial_0019,transfer,0.04685415438764124,0.04803955444854488,116
P_star,trial_0019_bite_012,trial_0019,withdrawal,0.03744064294698781,0.044137352259412295,113
P_star,trial_0019_bite_013,trial_0019,transfer,0.01884618515720765,0.02420590685855326,140
P_star,trial_0019_bite_013,trial_0019,withdrawal,0.10249727640524868,0.12351986340036437,113
P_star,trial_0019_bite_014,trial_0019,transfer,0.06028616031262786,0.06393469602447957,178
P_star,trial_0019_bite_014,trial_0019,withdrawal,0.09008795822502627,0.112507549937825,115
P_star,trial_0019_bite_015,trial_0019,transfer,0.05004237846207087,0.05240254228871637,130
P_star,trial_0019_bite_015,trial_0019,withdrawal,0.06426449660966294,0.07196523865457544,106
P_star,trial_0019_bite_016,trial_0019,transfer,0.03615603253182068,0.03804351650509618,151
P_star,trial_0019_bite_016,trial_0019,withdrawal,0.06702417161966767,0.07408746287665736,99
P_star,trial_0019_bite_017,trial_0019,transfer,0.09110116283884172,0.09303868875754086,135
P_star,trial_0019_bite_017,trial_0019,withdrawal,0.06527430353317375,0.08479172285700722,106
P_star,trial_0019_bite_018,trial_0019,transfer,0.01871784541660774,0.023477709397371708,133
P_star,trial_0019_bite_018,trial_0019,withdrawal,0.06669114222336553,0.07439064792355517,111
P_star,trial_0019_bite_019,trial_0019,transfer,0.09995260014674087,0.11095906456754538,143
P_star,trial_0019_bite_019,trial_0019,withdrawal,0.04713141308300705,0.05180299147849744,97
P_star,trial_0019_bite_020,trial_0019,transfer,0.02453986289749039,0.02988094703154484,185
P_star,trial_0019_bite_020,trial_0019,withdrawal,0.0485123215072666,0.055180654872777596,135
P_star,trial_0019_bite_021,trial_0019,transfer,0.00902449239539151,0.011522056606642938,178
P_star,trial_0019_bite_021,trial_0019,withdrawal,0.033593277231358694,0.04045497772013899,116
P_star,trial_0019_bite_022,trial_0019,transfer,0.030438221999836555,0.03500463057400354,140
P_star,trial_0019_bite_022,trial_0019,withdrawal,0.0768698998060561,0.0920571385803593,108
P_star,trial_0019_bite_023,trial_0019,transfer,0.046489101674585594,0.047768742635826686,140
P_star,trial_0019_bite_023,trial_0019,withdrawal,0.07433350203927833,0.0794202351736342,113
P_star,trial_0019_bite_024,trial_0019,transfer,0.08938556513657325,0.09432525219540948,151
P_star,trial_0019_bite_024,trial_0019,withdrawal,0.1246073938338976,0.1784323265892906,113
P_star,trial_0019_bite_025,trial_0019,transfer,0.030809629520138958,0.03159699124905563,186
P_star,trial_0019_bite_025,trial_0019,withdrawal,0.03509500005412048,0.04021620374338768,108
P_star,trial_0019_bite_026,trial_0019,transfer,0.05470757494008068,0.05659498118458185,149
P_star,trial_0019_bite_026,trial_0019,withdrawal,0.179675154990172,0.22059864508752236,120
P_star,trial_0020_bite_001,trial_0020,transfer,0.0763832795812695,0.08671808070596991,126
P_star,trial_0020_bite_001,trial_0020,withdrawal,0.1062327361378746,0.12771229514874557,96
P_star,trial_0020_bite_002,trial_0020,transfer,0.08073672006354554,0.10183625064931624,165
P_star,trial_0020_bite_002,trial_0020,withdrawal,0.18719567364621684,0.23844868064970368,113
P_star,trial_0020_bite_003,trial_0020,transfer,0.04021243793405824,0.046095304104887436,120
P_star,trial_0020_bite_003,trial_0020,withdrawal,0.09141355633462744,0.11547998936794164,76
P_star,trial_0020_bite_004,trial_0020,transfer,0.050855503438385546,0.053392672083499744,151
P_star,trial_0020_bite_004,trial_0020,withdrawal,0.1478274682079796,0.16798787071499557,97
P_star,trial_0020_bite_005,trial_0020,transfer,0.023859863026806042,0.02682350123022731,148
P_star,trial_0020_bite_005,trial_0020,withdrawal,0.05787091707098087,0.06636978437786696,104
P_star,trial_0020_bite_006,trial_0020,transfer,0.046788045667628356,0.04907789235494877,113
P_star,trial_0020_bite_006,trial_0020,withdrawal,0.13621447893790894,0.18814370460915775,62
P_star,trial_0020_bite_007,trial_0020,transfer,0.12533557601108078,0.13795464260147297,113
P_star,trial_0020_bite_007,trial_0020,withdrawal,0.0714970530426386,0.08866098956129292,98
P_star,trial_0020_bite_008,trial_0020,transfer,0.08215826851637295,0.09148490709807355,142
P_star,trial_0020_bite_008,trial_0020,withdrawal,0.11633478934960988,0.12811067659513686,100
P_star,trial_0020_bite_009,trial_0020,transfer,0.07627580282743493,0.08145191139703972,131
P_star,trial_0020_bite_009,trial_0020,withdrawal,0.11510189129277937,0.1395811011576826,111
P_star,trial_0020_bite_010,trial_0020,transfer,0.06645121551156245,0.07423303444060048,147
P_star,trial_0020_bite_010,trial_0020,withdrawal,0.13119306804210265,0.17796950685454313,102
P_star,trial_0020_bite_011,trial_0020,transfer,0.0728018186677284,0.07875021906021415,162
P_star,trial_0020_bite_011,trial_0020,withdrawal,0.11662606275039708,0.12405717684332078,100
P_star,trial_0020_bite_012,trial_0020,transfer,0.07704226703794399,0.08223716663135747,120
P_star,trial_0020_bite_012,trial_0020,withdrawal,0.20097025236279134,0.24206440917172345,124
P_star,trial_0020_bite_013,trial_0020,transfer,0.022825917954128003,0.032408172059037274,143
P_star,trial_0020_bite_013,trial_0020,withdrawal,0.21219630484821647,0.24190647241482396,149
P_star,trial_0020_bite_014,trial_0020,transfer,0.05075508177303363,0.055596219235748444,149
P_star,trial_0020_bite_014,trial_0020,withdrawal,0.15560717546801744,0.19661580483598515,117
P_star,trial_0020_bite_015,trial_0020,transfer,0.04878244408707048,0.053980840032512384,323
P_star,trial_0020_bite_015,trial_0020,withdrawal,0.16870303552653768,0.22558558466440554,104
P_star,trial_0020_bite_016,trial_0020,transfer,0.030309962449654823,0.04084804787394835,163
P_star,trial_0020_bite_016,trial_0020,withdrawal,0.1181649563045444,0.15387072745682898,95
P_star,trial_0020_bite_017,trial_0020,withdrawal,0.1393922136046558,0.18931963174749714,104
P_star,trial_0020_bite_018,trial_0020,transfer,0.02078765131602217,0.025683096985169393,201
P_star,trial_0020_bite_018,trial_0020,withdrawal,0.1655321672711629,0.23541064558464103,108
P_star,trial_0020_bite_019,trial_0020,withdrawal,0.20270690933313157,0.22842789049714302,90
StrongLocal_star,trial_0012_bite_001,trial_0012,transfer,0.14259428930729567,0.14434981188218216,144
StrongLocal_star,trial_0012_bite_001,trial_0012,withdrawal,0.12679358784660416,0.13283045409100996,102
StrongLocal_star,trial_0012_bite_002,trial_0012,transfer,0.08869075018738848,0.09904610076199938,188
StrongLocal_star,trial_0012_bite_002,trial_0012,withdrawal,0.1186225494750599,0.12626250330517527,113
StrongLocal_star,trial_0012_bite_003,trial_0012,transfer,0.16943561481301478,0.18466520384094162,146
StrongLocal_star,trial_0012_bite_003,trial_0012,withdrawal,0.13112425226657298,0.16326843689359627,99
StrongLocal_star,trial_0012_bite_004,trial_0012,transfer,0.11038309314403186,0.12578085235679828,147
StrongLocal_star,trial_0012_bite_004,trial_0012,withdrawal,0.10920187774495137,0.11445593439913494,140
StrongLocal_star,trial_0012_bite_005,trial_0012,transfer,0.22011209275892057,0.22895220362564278,122
StrongLocal_star,trial_0012_bite_005,trial_0012,withdrawal,0.12520692828184338,0.13552134836627022,137
StrongLocal_star,trial_0012_bite_006,trial_0012,transfer,0.0796215888319499,0.09570182365347972,157
StrongLocal_star,trial_0012_bite_006,trial_0012,withdrawal,0.10204105031104409,0.11182133221921788,131
StrongLocal_star,trial_0012_bite_007,trial_0012,transfer,0.1993409469195119,0.21089164321787507,133
StrongLocal_star,trial_0012_bite_007,trial_0012,withdrawal,0.18504245704064343,0.19787670400599644,140
StrongLocal_star,trial_0012_bite_008,trial_0012,transfer,0.11701283502088618,0.12352398141452353,168
StrongLocal_star,trial_0012_bite_008,trial_0012,withdrawal,0.12061515435536835,0.13446999051178593,98
StrongLocal_star,trial_0012_bite_009,trial_0012,transfer,0.11945082427747086,0.1315005947918553,230
StrongLocal_star,trial_0012_bite_009,trial_0012,withdrawal,0.15336879918717247,0.17109791092088755,138
StrongLocal_star,trial_0012_bite_010,trial_0012,transfer,0.1001252867137098,0.1077244559137206,152
StrongLocal_star,trial_0012_bite_010,trial_0012,withdrawal,0.15923261840469796,0.18972107388922504,99
StrongLocal_star,trial_0012_bite_011,trial_0012,transfer,0.058874962080853126,0.06115356075095035,205
StrongLocal_star,trial_0012_bite_011,trial_0012,withdrawal,0.13211421510695165,0.13628951382746868,175
StrongLocal_star,trial_0012_bite_012,trial_0012,transfer,0.062208436498991666,0.06851422979618779,180
StrongLocal_star,trial_0012_bite_012,trial_0012,withdrawal,0.1631003917867287,0.18185297728042593,97
StrongLocal_star,trial_0012_bite_013,trial_0012,transfer,0.0772447275347486,0.08669948783908543,204
StrongLocal_star,trial_0012_bite_013,trial_0012,withdrawal,0.09718007675165109,0.12028329157175435,120
StrongLocal_star,trial_0012_bite_014,trial_0012,transfer,0.07246630199825758,0.0821339348870585,176
StrongLocal_star,trial_0012_bite_014,trial_0012,withdrawal,0.22081548714587634,0.2217561862791922,120
StrongLocal_star,trial_0012_bite_015,trial_0012,transfer,0.12201421811571199,0.14310808804652125,151
StrongLocal_star,trial_0012_bite_015,trial_0012,withdrawal,0.14926631647210176,0.15131661872458987,115
StrongLocal_star,trial_0013_bite_001,trial_0013,transfer,0.03532428324449062,0.03886365993274212,124
StrongLocal_star,trial_0013_bite_001,trial_0013,withdrawal,0.24503692468767962,0.27909483966628423,85
StrongLocal_star,trial_0013_bite_002,trial_0013,transfer,0.05163261017476089,0.0577852901525405,131
StrongLocal_star,trial_0013_bite_002,trial_0013,withdrawal,0.042477791994599924,0.054405357081750615,116
StrongLocal_star,trial_0013_bite_003,trial_0013,transfer,0.03248966967124663,0.039809881366459555,164
StrongLocal_star,trial_0013_bite_003,trial_0013,withdrawal,0.1399215626075588,0.1636676034951729,94
StrongLocal_star,trial_0013_bite_004,trial_0013,transfer,0.07754892226865162,0.07758999117071998,20
StrongLocal_star,trial_0013_bite_004,trial_0013,withdrawal,0.08420558319454897,0.10184183459503579,71
StrongLocal_star,trial_0013_bite_005,trial_0013,transfer,0.05402241071930541,0.058625225966158975,88
StrongLocal_star,trial_0013_bite_005,trial_0013,withdrawal,0.11649977920909406,0.11923431746652635,81
StrongLocal_star,trial_0013_bite_006,trial_0013,transfer,0.043227873678938954,0.04691873284604626,158
StrongLocal_star,trial_0013_bite_006,trial_0013,withdrawal,0.08657969781850748,0.10323530111867785,142
StrongLocal_star,trial_0013_bite_007,trial_0013,transfer,0.058082029899875036,0.05861919914720971,39
StrongLocal_star,trial_0013_bite_007,trial_0013,withdrawal,0.05080579198616995,0.06142090592410999,136
StrongLocal_star,trial_0013_bite_008,trial_0013,transfer,0.01684144698612724,0.019966575485742818,198
StrongLocal_star,trial_0013_bite_008,trial_0013,withdrawal,0.016816292755899,0.022973890228029044,85
StrongLocal_star,trial_0013_bite_009,trial_0013,transfer,0.06719066196743896,0.07775493536052742,158
StrongLocal_star,trial_0013_bite_009,trial_0013,withdrawal,0.06393703578917816,0.07023986004221935,108
StrongLocal_star,trial_0013_bite_010,trial_0013,transfer,0.050642240523482235,0.05366421235897459,135
StrongLocal_star,trial_0013_bite_010,trial_0013,withdrawal,0.06829919396594511,0.0698536078506459,140
StrongLocal_star,trial_0013_bite_011,trial_0013,transfer,0.09100355230455694,0.09776790879406594,131
StrongLocal_star,trial_0013_bite_011,trial_0013,withdrawal,0.034524054619123196,0.04097810470488149,118
StrongLocal_star,trial_0013_bite_012,trial_0013,transfer,0.025597974958762086,0.02902507049177335,140
StrongLocal_star,trial_0013_bite_012,trial_0013,withdrawal,0.05113628517452892,0.06429156057369947,94
StrongLocal_star,trial_0014_bite_001,trial_0014,transfer,0.04281597781026995,0.0517630744023931,156
StrongLocal_star,trial_0014_bite_001,trial_0014,withdrawal,0.09935596263942485,0.13365840149089755,98
StrongLocal_star,trial_0014_bite_002,trial_0014,transfer,0.05619982135963703,0.06125094548741918,174
StrongLocal_star,trial_0014_bite_002,trial_0014,withdrawal,0.030410255939434805,0.041426741029185817,109
StrongLocal_star,trial_0014_bite_003,trial_0014,transfer,0.05716927567138284,0.06517008875387603,132
StrongLocal_star,trial_0014_bite_003,trial_0014,withdrawal,0.02613910533798093,0.030145399998085926,102
StrongLocal_star,trial_0014_bite_004,trial_0014,transfer,0.07864218161494659,0.09087059409236588,112
StrongLocal_star,trial_0014_bite_004,trial_0014,withdrawal,0.055025640792622545,0.07428688947782994,95
StrongLocal_star,trial_0014_bite_005,trial_0014,transfer,0.12680909017448525,0.15142123522555231,124
StrongLocal_star,trial_0014_bite_005,trial_0014,withdrawal,0.04716347305669668,0.06353035105660729,62
StrongLocal_star,trial_0014_bite_006,trial_0014,transfer,0.07358366163894714,0.08793697175304285,91
StrongLocal_star,trial_0014_bite_006,trial_0014,withdrawal,0.09108054105117329,0.11602335203753239,81
StrongLocal_star,trial_0014_bite_007,trial_0014,transfer,0.05828082923466474,0.07218708662322325,111
StrongLocal_star,trial_0014_bite_007,trial_0014,withdrawal,0.03981627721428759,0.05066802777477551,86
StrongLocal_star,trial_0014_bite_008,trial_0014,transfer,0.07063274259201621,0.08495984750220524,94
StrongLocal_star,trial_0014_bite_008,trial_0014,withdrawal,0.05778137255832678,0.06499516494441855,74
StrongLocal_star,trial_0014_bite_009,trial_0014,transfer,0.0555121515262558,0.06573081864186309,114
StrongLocal_star,trial_0014_bite_009,trial_0014,withdrawal,0.019683052972800066,0.02205187544349896,52
StrongLocal_star,trial_0014_bite_010,trial_0014,transfer,0.10676326022709755,0.12418018717549266,124
StrongLocal_star,trial_0014_bite_010,trial_0014,withdrawal,0.08239585871788117,0.09760543736041319,77
StrongLocal_star,trial_0014_bite_011,trial_0014,transfer,0.08007169125619107,0.09765061971411398,131
StrongLocal_star,trial_0014_bite_011,trial_0014,withdrawal,0.019692881937820563,0.02540824588597177,81
StrongLocal_star,trial_0014_bite_012,trial_0014,transfer,0.1550984149587189,0.18558889178660762,103
StrongLocal_star,trial_0014_bite_012,trial_0014,withdrawal,0.09276698903455563,0.10761382762955679,104
StrongLocal_star,trial_0014_bite_013,trial_0014,transfer,0.13514320747066982,0.15871450980048885,108
StrongLocal_star,trial_0014_bite_013,trial_0014,withdrawal,0.06493310704671644,0.07179262324773877,115
StrongLocal_star,trial_0014_bite_014,trial_0014,transfer,0.17273562334551978,0.18803768540557125,129
StrongLocal_star,trial_0014_bite_014,trial_0014,withdrawal,0.027364777144648605,0.03371572522178935,106
StrongLocal_star,trial_0014_bite_015,trial_0014,transfer,0.10871862985903431,0.12907874823050458,130
StrongLocal_star,trial_0014_bite_015,trial_0014,withdrawal,0.09825912540391807,0.10658700090945221,106
StrongLocal_star,trial_0014_bite_016,trial_0014,transfer,0.13051079370950536,0.14256614519356317,137
StrongLocal_star,trial_0014_bite_016,trial_0014,withdrawal,0.09313217285580917,0.10249285970449142,94
StrongLocal_star,trial_0014_bite_017,trial_0014,transfer,0.06911482910103581,0.07714543912556417,121
StrongLocal_star,trial_0014_bite_017,trial_0014,withdrawal,0.05101108533666664,0.062479116839656866,99
StrongLocal_star,trial_0014_bite_018,trial_0014,transfer,0.0803608914033237,0.09298001907141815,156
StrongLocal_star,trial_0014_bite_018,trial_0014,withdrawal,0.057302369698133154,0.07926562761228051,86
StrongLocal_star,trial_0014_bite_019,trial_0014,transfer,0.03917191058688613,0.045850429186404654,127
StrongLocal_star,trial_0014_bite_019,trial_0014,withdrawal,0.12313513173433802,0.13604239691214046,104
StrongLocal_star,trial_0014_bite_020,trial_0014,transfer,0.12694960027743285,0.1357466844613739,157
StrongLocal_star,trial_0014_bite_020,trial_0014,withdrawal,0.12972016875114226,0.13450072919178557,104
StrongLocal_star,trial_0014_bite_021,trial_0014,transfer,0.04415028070409725,0.05396616059827951,205
StrongLocal_star,trial_0014_bite_021,trial_0014,withdrawal,0.08420409525360457,0.09864967186626414,99
StrongLocal_star,trial_0015_bite_001,trial_0015,transfer,0.02164648356657924,0.024952512898261153,145
StrongLocal_star,trial_0015_bite_001,trial_0015,withdrawal,0.1516665627162949,0.1672287088773649,149
StrongLocal_star,trial_0015_bite_002,trial_0015,transfer,0.03533346080344598,0.043578756093427595,108
StrongLocal_star,trial_0015_bite_002,trial_0015,withdrawal,0.17738864029187387,0.21134529267962204,129
StrongLocal_star,trial_0015_bite_003,trial_0015,transfer,0.04102398934646522,0.044384331833922,154
StrongLocal_star,trial_0015_bite_003,trial_0015,withdrawal,0.10735313567532369,0.1332210950581328,153
StrongLocal_star,trial_0015_bite_004,trial_0015,transfer,0.03671554211235369,0.040311263431700294,145
StrongLocal_star,trial_0015_bite_004,trial_0015,withdrawal,0.09642056162966332,0.11570689247531919,136
StrongLocal_star,trial_0015_bite_005,trial_0015,transfer,0.04168365520561307,0.054536765648320724,122
StrongLocal_star,trial_0015_bite_005,trial_0015,withdrawal,0.21000307328290277,0.23875044998779796,163
StrongLocal_star,trial_0015_bite_006,trial_0015,transfer,0.1133431416789859,0.1396985659394067,122
StrongLocal_star,trial_0015_bite_006,trial_0015,withdrawal,0.12070105616255647,0.14683137316681522,146
StrongLocal_star,trial_0015_bite_007,trial_0015,transfer,0.031060326792093234,0.03785765544733883,127
StrongLocal_star,trial_0015_bite_007,trial_0015,withdrawal,0.05051060049056822,0.05892052417249102,144
StrongLocal_star,trial_0015_bite_008,trial_0015,transfer,0.023440121347064437,0.033107721985335105,169
StrongLocal_star,trial_0015_bite_008,trial_0015,withdrawal,0.10238903163432211,0.104555375290645,227
StrongLocal_star,trial_0015_bite_009,trial_0015,transfer,0.08132818134277862,0.0954236086701393,158
StrongLocal_star,trial_0015_bite_009,trial_0015,withdrawal,0.16944714802540253,0.22975776639099094,183
StrongLocal_star,trial_0015_bite_010,trial_0015,transfer,0.040209837332149355,0.04603678093387214,150
StrongLocal_star,trial_0015_bite_010,trial_0015,withdrawal,0.12324049802002221,0.16059871962100566,131
StrongLocal_star,trial_0015_bite_011,trial_0015,transfer,0.024850307818807805,0.029764296177865628,126
StrongLocal_star,trial_0015_bite_011,trial_0015,withdrawal,0.11538804113169197,0.15556105733570139,124
StrongLocal_star,trial_0015_bite_012,trial_0015,transfer,0.012609960018135807,0.014860995089448588,44
StrongLocal_star,trial_0015_bite_012,trial_0015,withdrawal,0.06161011379509673,0.07916374862807185,129
StrongLocal_star,trial_0015_bite_013,trial_0015,transfer,0.05816692283809768,0.06726460547450114,146
StrongLocal_star,trial_0015_bite_013,trial_0015,withdrawal,0.04427672305178198,0.05187384050264926,183
StrongLocal_star,trial_0015_bite_014,trial_0015,transfer,0.03902601907354924,0.04774338706867528,116
StrongLocal_star,trial_0015_bite_014,trial_0015,withdrawal,0.06268148441605934,0.06834577309545345,138
StrongLocal_star,trial_0015_bite_015,trial_0015,transfer,0.04511947685889649,0.0542124002024209,110
StrongLocal_star,trial_0015_bite_015,trial_0015,withdrawal,0.06979641724427485,0.07391429544926575,169
StrongLocal_star,trial_0015_bite_016,trial_0015,transfer,0.053633914343977816,0.057808598907232236,156
StrongLocal_star,trial_0015_bite_016,trial_0015,withdrawal,0.0588460967777295,0.07007191465129245,156
StrongLocal_star,trial_0015_bite_017,trial_0015,transfer,0.052057928370093154,0.05565751003894953,160
StrongLocal_star,trial_0015_bite_017,trial_0015,withdrawal,0.08184791650178878,0.09333964543232957,178
StrongLocal_star,trial_0015_bite_018,trial_0015,transfer,0.022741907668414326,0.027943797234551142,151
StrongLocal_star,trial_0015_bite_018,trial_0015,withdrawal,0.10830161229608462,0.11103082969374849,178
StrongLocal_star,trial_0015_bite_019,trial_0015,transfer,0.07870693681720392,0.08223291999676081,185
StrongLocal_star,trial_0015_bite_019,trial_0015,withdrawal,0.04672858057587608,0.05620090984616529,149
StrongLocal_star,trial_0017_bite_001,trial_0017,transfer,0.09214752239177004,0.10724166477479968,219
StrongLocal_star,trial_0017_bite_001,trial_0017,withdrawal,0.06287630605304112,0.08280856875290032,129
StrongLocal_star,trial_0017_bite_002,trial_0017,transfer,0.21070643630820762,0.23262410118053015,167
StrongLocal_star,trial_0017_bite_002,trial_0017,withdrawal,0.04826727082246411,0.06255996127979624,90
StrongLocal_star,trial_0017_bite_003,trial_0017,transfer,0.11980601820987893,0.12410363271356019,119
StrongLocal_star,trial_0017_bite_003,trial_0017,withdrawal,0.048597968936552445,0.06499486740126287,100
StrongLocal_star,trial_0017_bite_004,trial_0017,transfer,0.15389035003539148,0.15743395679111727,103
StrongLocal_star,trial_0017_bite_004,trial_0017,withdrawal,0.05101262832777542,0.0683101841203875,93
StrongLocal_star,trial_0017_bite_005,trial_0017,transfer,0.015698709430862372,0.01862767660001234,190
StrongLocal_star,trial_0017_bite_005,trial_0017,withdrawal,0.04584819012375367,0.05464988195060981,79
StrongLocal_star,trial_0017_bite_006,trial_0017,transfer,0.10449409149312305,0.11292126755139921,160
StrongLocal_star,trial_0017_bite_006,trial_0017,withdrawal,0.05418460632619069,0.0638297773004443,108
StrongLocal_star,trial_0017_bite_007,trial_0017,transfer,0.12386248208319006,0.1416481954489834,156
StrongLocal_star,trial_0017_bite_007,trial_0017,withdrawal,0.13791672578896633,0.16826856651565442,64
StrongLocal_star,trial_0017_bite_008,trial_0017,transfer,0.14078848157742063,0.1411207458844395,49
StrongLocal_star,trial_0017_bite_008,trial_0017,withdrawal,0.08707598315200551,0.11130020683913197,74
StrongLocal_star,trial_0017_bite_009,trial_0017,transfer,0.03674792610915578,0.04233835085633571,233
StrongLocal_star,trial_0017_bite_009,trial_0017,withdrawal,0.14466266614092055,0.1693335481848357,70
StrongLocal_star,trial_0017_bite_010,trial_0017,transfer,0.07753858167562522,0.08619742034578222,178
StrongLocal_star,trial_0017_bite_010,trial_0017,withdrawal,0.19452528608578312,0.21168976572230785,73
StrongLocal_star,trial_0017_bite_011,trial_0017,transfer,0.1327440671959566,0.1376404044873323,120
StrongLocal_star,trial_0017_bite_011,trial_0017,withdrawal,0.16199125133053344,0.1916823958653402,71
StrongLocal_star,trial_0017_bite_012,trial_0017,transfer,0.09198623252801698,0.10072289966631914,176
StrongLocal_star,trial_0017_bite_012,trial_0017,withdrawal,0.16795695282126594,0.19683812312428925,68
StrongLocal_star,trial_0017_bite_013,trial_0017,transfer,0.06384493744880342,0.08535571107316932,90
StrongLocal_star,trial_0017_bite_013,trial_0017,withdrawal,0.06100207811947523,0.07267447114039918,79
StrongLocal_star,trial_0017_bite_014,trial_0017,transfer,0.08832998620976153,0.10302987901754362,232
StrongLocal_star,trial_0017_bite_014,trial_0017,withdrawal,0.07466852993760553,0.10138393336285673,149
StrongLocal_star,trial_0017_bite_015,trial_0017,transfer,0.05088384932955202,0.06254880658064668,332
StrongLocal_star,trial_0017_bite_015,trial_0017,withdrawal,0.09274895772219978,0.12608110172113343,75
StrongLocal_star,trial_0019_bite_001,trial_0019,transfer,0.04977255786460664,0.05342465831087859,106
StrongLocal_star,trial_0019_bite_001,trial_0019,withdrawal,0.07826686400852388,0.09863639463740322,91
StrongLocal_star,trial_0019_bite_002,trial_0019,transfer,0.022644066121086097,0.026038128559628594,124
StrongLocal_star,trial_0019_bite_002,trial_0019,withdrawal,0.10988685048182405,0.12551204352623727,102
StrongLocal_star,trial_0019_bite_003,trial_0019,transfer,0.06686661719840718,0.07448718485126607,115
StrongLocal_star,trial_0019_bite_003,trial_0019,withdrawal,0.07515658729091698,0.0939977244881963,93
StrongLocal_star,trial_0019_bite_004,trial_0019,transfer,0.07366382102521232,0.08067604235470563,113
StrongLocal_star,trial_0019_bite_004,trial_0019,withdrawal,0.0778340749491781,0.08760909142584203,90
StrongLocal_star,trial_0019_bite_005,trial_0019,transfer,0.0389829469241924,0.042321765866008595,128
StrongLocal_star,trial_0019_bite_005,trial_0019,withdrawal,0.11863395036122651,0.1341039207119334,156
StrongLocal_star,trial_0019_bite_006,trial_0019,transfer,0.04708705808237148,0.051628088335950624,110
StrongLocal_star,trial_0019_bite_006,trial_0019,withdrawal,0.19501549924732586,0.21103037633193245,116
StrongLocal_star,trial_0019_bite_007,trial_0019,transfer,0.10183842381895124,0.1199894375092282,114
StrongLocal_star,trial_0019_bite_007,trial_0019,withdrawal,0.15844377456328018,0.16707424806467486,99
StrongLocal_star,trial_0019_bite_008,trial_0019,transfer,0.08140187366204658,0.08579720350877049,136
StrongLocal_star,trial_0019_bite_008,trial_0019,withdrawal,0.16832293229493092,0.20284620147697335,113
StrongLocal_star,trial_0019_bite_009,trial_0019,transfer,0.044862463740881396,0.047326133164708545,133
StrongLocal_star,trial_0019_bite_009,trial_0019,withdrawal,0.11297306575015906,0.1368028489026983,108
StrongLocal_star,trial_0019_bite_010,trial_0019,transfer,0.021923555664136576,0.03211858220049348,137
StrongLocal_star,trial_0019_bite_010,trial_0019,withdrawal,0.08568856503492259,0.09529460097962325,99
StrongLocal_star,trial_0019_bite_011,trial_0019,transfer,0.06423771996012244,0.07198179509045702,176
StrongLocal_star,trial_0019_bite_011,trial_0019,withdrawal,0.17500306831504686,0.19958787806863137,104
StrongLocal_star,trial_0019_bite_012,trial_0019,transfer,0.02886860542519995,0.03222888575025785,116
StrongLocal_star,trial_0019_bite_012,trial_0019,withdrawal,0.03928116346155049,0.0457602443510286,113
StrongLocal_star,trial_0019_bite_013,trial_0019,transfer,0.020940820221303655,0.026243948057897416,140
StrongLocal_star,trial_0019_bite_013,trial_0019,withdrawal,0.10229404724211658,0.12151173543092925,113
StrongLocal_star,trial_0019_bite_014,trial_0019,transfer,0.12204569544381369,0.12579836776111616,178
StrongLocal_star,trial_0019_bite_014,trial_0019,withdrawal,0.07604016006549218,0.09796158516894357,115
StrongLocal_star,trial_0019_bite_015,trial_0019,transfer,0.05940961589068954,0.06123093166218383,130
StrongLocal_star,trial_0019_bite_015,trial_0019,withdrawal,0.06532308621759786,0.07526629006077987,106
StrongLocal_star,trial_0019_bite_016,trial_0019,transfer,0.04671069831605619,0.04846725862454686,151
StrongLocal_star,trial_0019_bite_016,trial_0019,withdrawal,0.08261250473341133,0.09346861046545733,99
StrongLocal_star,trial_0019_bite_017,trial_0019,transfer,0.0880014447046275,0.08964380832670307,135
StrongLocal_star,trial_0019_bite_017,trial_0019,withdrawal,0.05239735674722251,0.061109012766756725,106
StrongLocal_star,trial_0019_bite_018,trial_0019,transfer,0.018256152250090082,0.023143273598553293,133
StrongLocal_star,trial_0019_bite_018,trial_0019,withdrawal,0.0660275192790965,0.07165572775722585,111
StrongLocal_star,trial_0019_bite_019,trial_0019,transfer,0.12804601278034172,0.1357349424295252,143
StrongLocal_star,trial_0019_bite_019,trial_0019,withdrawal,0.04522201224854272,0.05234532391644851,97
StrongLocal_star,trial_0019_bite_020,trial_0019,transfer,0.024470319731535427,0.030132137563541463,185
StrongLocal_star,trial_0019_bite_020,trial_0019,withdrawal,0.044095823451054644,0.05289029381056533,135
StrongLocal_star,trial_0019_bite_021,trial_0019,transfer,0.03630462305142711,0.036910035303477626,178
StrongLocal_star,trial_0019_bite_021,trial_0019,withdrawal,0.034420618677025144,0.03969112103758301,116
StrongLocal_star,trial_0019_bite_022,trial_0019,transfer,0.02407850077809624,0.02760143160192497,140
StrongLocal_star,trial_0019_bite_022,trial_0019,withdrawal,0.05089522435782623,0.06107490139471246,108
StrongLocal_star,trial_0019_bite_023,trial_0019,transfer,0.05587547237102327,0.05661667934424553,140
StrongLocal_star,trial_0019_bite_023,trial_0019,withdrawal,0.03476525826118928,0.04359013489131934,113
StrongLocal_star,trial_0019_bite_024,trial_0019,transfer,0.10541090681600124,0.10899578561255459,151
StrongLocal_star,trial_0019_bite_024,trial_0019,withdrawal,0.14683636871862585,0.1941294337730878,113
StrongLocal_star,trial_0019_bite_025,trial_0019,transfer,0.05654213896110319,0.059787089963131944,186
StrongLocal_star,trial_0019_bite_025,trial_0019,withdrawal,0.04000765974637905,0.04775793867605927,108
StrongLocal_star,trial_0019_bite_026,trial_0019,transfer,0.04769000881235237,0.050348185886491974,149
StrongLocal_star,trial_0019_bite_026,trial_0019,withdrawal,0.16825489952245515,0.20412333058774346,120
StrongLocal_star,trial_0020_bite_001,trial_0020,transfer,0.07952334071466337,0.09030680160057197,126
StrongLocal_star,trial_0020_bite_001,trial_0020,withdrawal,0.11051911340890731,0.13330302243820003,96
StrongLocal_star,trial_0020_bite_002,trial_0020,transfer,0.07226459208279173,0.08706269445547639,165
StrongLocal_star,trial_0020_bite_002,trial_0020,withdrawal,0.18669964804154857,0.23776863925712446,113
StrongLocal_star,trial_0020_bite_003,trial_0020,transfer,0.05383775834700455,0.05780480726983707,120
StrongLocal_star,trial_0020_bite_003,trial_0020,withdrawal,0.0976129755521082,0.1251195496021018,76
StrongLocal_star,trial_0020_bite_004,trial_0020,transfer,0.053498417136813574,0.057037230740015085,151
StrongLocal_star,trial_0020_bite_004,trial_0020,withdrawal,0.12921550007350202,0.15353668381790755,97
StrongLocal_star,trial_0020_bite_005,trial_0020,transfer,0.020699029142239,0.02527710336308888,148
StrongLocal_star,trial_0020_bite_005,trial_0020,withdrawal,0.07334038779110438,0.08979132355382251,104
StrongLocal_star,trial_0020_bite_006,trial_0020,transfer,0.05215802013911518,0.05552255929611534,113
StrongLocal_star,trial_0020_bite_006,trial_0020,withdrawal,0.12440228350692803,0.17208392509683856,62
StrongLocal_star,trial_0020_bite_007,trial_0020,transfer,0.1411224545280843,0.15635964071291814,113
StrongLocal_star,trial_0020_bite_007,trial_0020,withdrawal,0.08166175273560956,0.10122826981321553,98
StrongLocal_star,trial_0020_bite_008,trial_0020,transfer,0.08723973724481866,0.09805755861197168,142
StrongLocal_star,trial_0020_bite_008,trial_0020,withdrawal,0.09260301493940622,0.11237940345679724,100
StrongLocal_star,trial_0020_bite_009,trial_0020,transfer,0.08789567688280431,0.09574665183302641,131
StrongLocal_star,trial_0020_bite_009,trial_0020,withdrawal,0.10097463516003855,0.12948523742103002,111
StrongLocal_star,trial_0020_bite_010,trial_0020,transfer,0.07294026185042003,0.08352929699165033,147
StrongLocal_star,trial_0020_bite_010,trial_0020,withdrawal,0.131187678426348,0.17570474270820846,102
StrongLocal_star,trial_0020_bite_011,trial_0020,transfer,0.07869587192276017,0.08752834180303214,162
StrongLocal_star,trial_0020_bite_011,trial_0020,withdrawal,0.07623439196556457,0.09107438528524882,100
StrongLocal_star,trial_0020_bite_012,trial_0020,transfer,0.10057573313443124,0.11092893581621961,120
StrongLocal_star,trial_0020_bite_012,trial_0020,withdrawal,0.19562756846987261,0.23816570630263537,124
StrongLocal_star,trial_0020_bite_013,trial_0020,transfer,0.03835211233925268,0.04045926455804356,143
StrongLocal_star,trial_0020_bite_013,trial_0020,withdrawal,0.15323983380574274,0.1921078746344809,149
StrongLocal_star,trial_0020_bite_014,trial_0020,transfer,0.05291318485888186,0.06077769654675252,149
StrongLocal_star,trial_0020_bite_014,trial_0020,withdrawal,0.16232172172458212,0.20492586043044195,117
StrongLocal_star,trial_0020_bite_015,trial_0020,transfer,0.04980117911722482,0.0677536109590134,323
StrongLocal_star,trial_0020_bite_015,trial_0020,withdrawal,0.17833031491440884,0.24113847874712235,104
StrongLocal_star,trial_0020_bite_016,trial_0020,transfer,0.02706149834454545,0.03468553111017403,163
StrongLocal_star,trial_0020_bite_016,trial_0020,withdrawal,0.11530722758403765,0.14851735514087347,95
StrongLocal_star,trial_0020_bite_017,trial_0020,withdrawal,0.12397432377230973,0.17048301112659156,104
StrongLocal_star,trial_0020_bite_018,trial_0020,transfer,0.013912739363112018,0.017615306188142308,201
StrongLocal_star,trial_0020_bite_018,trial_0020,withdrawal,0.15641510554107438,0.223413424482139,108
StrongLocal_star,trial_0020_bite_019,trial_0020,withdrawal,0.239356161446093,0.26867910406497725,90
