record_id,parent_bite_id,take,phase,generator,first_delta_correction_rad,generated_vs_measured_reference_delta_psi_rmse_rad,generated_vs_measured_reference_delta_psi_mae_rad,generated_vs_measured_reference_delta_psi_p95_rad,generated_vs_measured_reference_delta_psi_max_rad,end_to_end_coordination_deviation_rmse_rad,end_to_end_coordination_deviation_mae_rad,coordination_success
trial_0012_bite_001_transfer,trial_0012_bite_001,trial_0012,transfer,retrieval,0.06329862038950626,0.058616109744044596,0.05538035016944375,0.07803158493900482,0.08366406372414953,0.029465488460897988,0.024748840946871645,True
trial_0012_bite_001_transfer,trial_0012_bite_001,trial_0012,transfer,contextual_promp,0.06329862038950626,0.07099725360809304,0.06808734618718383,0.08965282644330906,0.09456929718145068,0.013463325521949086,0.01134730708809948,True
trial_0012_bite_001_withdrawal,trial_0012_bite_001,trial_0012,withdrawal,retrieval,0.1438217505375632,0.08283793853132633,0.06444085294743233,0.17323625074133442,0.18227769081847017,0.12199306832455004,0.09515069777675701,True
trial_0012_bite_001_withdrawal,trial_0012_bite_001,trial_0012,withdrawal,contextual_promp,0.1438217505375632,0.07437168310678599,0.054722973206589726,0.16335305231363062,0.16830476562124547,0.11356157433171678,0.08480802594896793,True
trial_0012_bite_002_transfer,trial_0012_bite_002,trial_0012,transfer,retrieval,0.012109597917868862,0.06637560372880473,0.060040477093355506,0.11790956337398337,0.12815389400965715,0.05757548573085751,0.05227781722862317,True
trial_0012_bite_002_transfer,trial_0012_bite_002,trial_0012,transfer,contextual_promp,0.012109597917868862,0.04014283778736582,0.034680027554420054,0.0670239147987664,0.07132077308894101,0.06340307170582948,0.05396966036837051,True
trial_0012_bite_002_withdrawal,trial_0012_bite_002,trial_0012,withdrawal,retrieval,0.16976829558597284,0.22007598831183178,0.1865842815490133,0.348183158519964,0.3632122313089148,0.4085936878278099,0.34387507371399745,True
trial_0012_bite_002_withdrawal,trial_0012_bite_002,trial_0012,withdrawal,contextual_promp,0.16976829558597284,0.05248588447924712,0.041904545999874684,0.09827716376002499,0.10876876655730294,0.24311220599570668,0.20137416174402747,True
trial_0012_bite_003_transfer,trial_0012_bite_003,trial_0012,transfer,retrieval,0.008327527658813475,0.015034079703542924,0.0111797405691973,0.030884018727139098,0.04368760033366881,0.17371979968423884,0.15483930218408273,True
trial_0012_bite_003_transfer,trial_0012_bite_003,trial_0012,transfer,contextual_promp,0.008327527658813475,0.0642909371129102,0.05859756199605596,0.08041352348210598,0.08419798540801873,0.11440924166818414,0.1047790802544998,True
trial_0012_bite_003_withdrawal,trial_0012_bite_003,trial_0012,withdrawal,retrieval,0.12677551227429829,0.18235018239954537,0.13238386372741545,0.36279301533757297,0.3851043681705848,0.37174455618351726,0.3262421710360228,True
trial_0012_bite_003_withdrawal,trial_0012_bite_003,trial_0012,withdrawal,contextual_promp,0.12677551227429829,0.0672005757224657,0.05155396847338006,0.1372015822730419,0.14373117853238088,0.2911374339003442,0.24608108210069315,True
trial_0012_bite_004_transfer,trial_0012_bite_004,trial_0012,transfer,retrieval,0.001976292237154535,0.03475466789549009,0.02773811712302058,0.06787762642007059,0.07348933227855947,0.12025385570475573,0.09987982404019734,True
trial_0012_bite_004_transfer,trial_0012_bite_004,trial_0012,transfer,contextual_promp,0.001976292237154535,0.0745199199653995,0.07012273743494638,0.1008289392406404,0.10244984281351786,0.06599558502048171,0.05576653412468941,True
trial_0012_bite_004_withdrawal,trial_0012_bite_004,trial_0012,withdrawal,retrieval,0.14834723820143822,0.05607936412229753,0.043532119806427634,0.11070936752078941,0.12222258261397101,0.1665072927131783,0.14323205714036763,True
trial_0012_bite_004_withdrawal,trial_0012_bite_004,trial_0012,withdrawal,contextual_promp,0.14834723820143822,0.06770838374124925,0.051800838903510914,0.13997503790799704,0.14712216106007847,0.15453282975927718,0.1348432830227034,True
trial_0012_bite_005_transfer,trial_0012_bite_005,trial_0012,transfer,retrieval,0.03659086387131922,0.05118382824652178,0.04420768485450588,0.08926204157348698,0.0920090086757252,0.19378663853508088,0.16197759399293896,True
trial_0012_bite_005_transfer,trial_0012_bite_005,trial_0012,transfer,contextual_promp,0.03659086387131922,0.028218731379629894,0.021060907803186098,0.053058927479795404,0.058577503197096585,0.17814895989264712,0.15868049506417667,True
trial_0012_bite_005_withdrawal,trial_0012_bite_005,trial_0012,withdrawal,retrieval,0.17943907340119727,0.16764215002563138,0.1452076371299321,0.2778059992116585,0.29422385582215793,0.12460036723888823,0.10858762893249775,True
trial_0012_bite_005_withdrawal,trial_0012_bite_005,trial_0012,withdrawal,contextual_promp,0.17943907340119727,0.1469233930433869,0.12864436988941602,0.22813071285353692,0.24233231739738337,0.13713764493210034,0.12515554096390533,True
trial_0012_bite_006_transfer,trial_0012_bite_006,trial_0012,transfer,retrieval,0.019169089379747803,0.08402899790256382,0.07751324643449063,0.13225127106113904,0.13827061136725444,0.07398078408057451,0.06658731202947757,True
trial_0012_bite_006_transfer,trial_0012_bite_006,trial_0012,transfer,contextual_promp,0.019169089379747803,0.04923091158743089,0.045944958318001494,0.07031016969951992,0.07336031117787935,0.05542293422471694,0.04918915073947293,True
trial_0012_bite_006_withdrawal,trial_0012_bite_006,trial_0012,withdrawal,retrieval,0.16526913850164426,0.10879809275683953,0.08274819636350478,0.22473230541756994,0.2526449724543606,0.1552589967768136,0.10970604048135887,True
trial_0012_bite_006_withdrawal,trial_0012_bite_006,trial_0012,withdrawal,contextual_promp,0.16526913850164426,0.11392524357495351,0.0969780929315992,0.16289814941512007,0.17184319098039416,0.10827538324858163,0.09632383050666475,True
trial_0012_bite_007_transfer,trial_0012_bite_007,trial_0012,transfer,retrieval,0.025543196890301975,0.05363410919261973,0.04918564229004612,0.08768624697833724,0.09452095239261006,0.14321558555384006,0.12554661926889357,True
trial_0012_bite_007_transfer,trial_0012_bite_007,trial_0012,transfer,contextual_promp,0.025543196890301975,0.022391561328392415,0.01990202398508432,0.03689066875566549,0.04372263245841779,0.1661845330659588,0.15144356586148464,True
trial_0012_bite_007_withdrawal,trial_0012_bite_007,trial_0012,withdrawal,retrieval,0.20597485613539968,0.05073790529506992,0.04117151200142362,0.09346921607038494,0.10176745347087125,0.359811157925336,0.28311003719266625,True
trial_0012_bite_007_withdrawal,trial_0012_bite_007,trial_0012,withdrawal,contextual_promp,0.20597485613539968,0.14525328926410183,0.11665430590430827,0.2506207693595715,0.30294878865523045,0.23274788320345788,0.16959157443146755,True
trial_0012_bite_008_transfer,trial_0012_bite_008,trial_0012,transfer,retrieval,0.0039970490488888104,0.07168380290353518,0.04963367783968295,0.14872198984233617,0.1584329274851679,0.09863592139789955,0.08072102058401237,True
trial_0012_bite_008_transfer,trial_0012_bite_008,trial_0012,transfer,contextual_promp,0.0039970490488888104,0.03742053422043904,0.026946930525613935,0.08261986198940452,0.09038575508100453,0.1166939124562613,0.10344907010705673,True
trial_0012_bite_008_withdrawal,trial_0012_bite_008,trial_0012,withdrawal,retrieval,0.21041281489037855,0.12914915679948386,0.11000215892865998,0.22185154830986356,0.227718025487873,0.3858266570003067,0.3377033278154653,True
trial_0012_bite_008_withdrawal,trial_0012_bite_008,trial_0012,withdrawal,contextual_promp,0.21041281489037855,0.04607534620771261,0.035190476093843404,0.0809593615484967,0.0843281781081241,0.22979604116661784,0.20453516630072938,True
trial_0012_bite_009_transfer,trial_0012_bite_009,trial_0012,transfer,retrieval,0.020817602019602213,0.042416706013372725,0.032938325525615,0.08795199637475173,0.10567023939587343,0.1301599759644609,0.11240280018018946,True
trial_0012_bite_009_transfer,trial_0012_bite_009,trial_0012,transfer,contextual_promp,0.020817602019602213,0.06925328703080623,0.04844506699207346,0.15044082898398303,0.1741280603080469,0.16418314834184392,0.15276656126490815,True
trial_0012_bite_009_withdrawal,trial_0012_bite_009,trial_0012,withdrawal,retrieval,0.21599283740602537,0.17814555247719774,0.145860062986439,0.29297848605164145,0.35553095488444697,0.417230967760085,0.3287490307809401,True
trial_0012_bite_009_withdrawal,trial_0012_bite_009,trial_0012,withdrawal,contextual_promp,0.21599283740602537,0.08035433756842816,0.06328328282979619,0.147613735019978,0.19727327443931342,0.2992852279175556,0.19397951901078114,True
trial_0012_bite_010_transfer,trial_0012_bite_010,trial_0012,transfer,retrieval,0.019510061283626284,0.04946356245286964,0.04410376004708575,0.07704538875084826,0.0850585766151567,0.12404275441276817,0.10041341991346002,True
trial_0012_bite_010_transfer,trial_0012_bite_010,trial_0012,transfer,contextual_promp,0.019510061283626284,0.020254884067390715,0.017755823167401184,0.0316216367049873,0.03637880585177217,0.09629751554636011,0.08280049802300639,True
trial_0012_bite_010_withdrawal,trial_0012_bite_010,trial_0012,withdrawal,retrieval,0.21264586560223517,0.0971234183599761,0.07129470164642009,0.17798464331245809,0.1819741589301529,0.42682342255505296,0.3496992509445788,True
trial_0012_bite_010_withdrawal,trial_0012_bite_010,trial_0012,withdrawal,contextual_promp,0.21264586560223517,0.10837503162188299,0.07830813282712329,0.2092618430346585,0.22063904213558672,0.2912166050899489,0.21811699325271153,True
trial_0012_bite_011_transfer,trial_0012_bite_011,trial_0012,transfer,retrieval,0.017003873035442707,0.04448661573118096,0.033099577878818426,0.08741204780812246,0.09676153101520706,0.040256491171293825,0.03486429409117339,True
trial_0012_bite_011_transfer,trial_0012_bite_011,trial_0012,transfer,contextual_promp,0.017003873035442707,0.022638068579481696,0.020442225541015813,0.03536381038477936,0.045834383799528915,0.0539153873306964,0.05040433617478987,True
trial_0012_bite_011_withdrawal,trial_0012_bite_011,trial_0012,withdrawal,retrieval,0.17888795781661498,0.20198288617540222,0.18469176116043012,0.26184897664339735,0.2665850782053413,0.21888332557464513,0.17278002339705756,True
trial_0012_bite_011_withdrawal,trial_0012_bite_011,trial_0012,withdrawal,contextual_promp,0.17888795781661498,0.11502336516113107,0.08896945143183559,0.2332468097851936,0.24575747288388738,0.09080073875483118,0.07447826330341133,True
trial_0012_bite_012_transfer,trial_0012_bite_012,trial_0012,transfer,retrieval,0.008102657087274074,0.0363725169393646,0.030812019659423776,0.05794848530343455,0.06168277314863663,0.09901386716374726,0.08879547334488401,True
trial_0012_bite_012_transfer,trial_0012_bite_012,trial_0012,transfer,contextual_promp,0.008102657087274074,0.02336863010243481,0.01847957732529189,0.04653497423035744,0.04953926592531034,0.08403857107254582,0.07651327802988223,True
trial_0012_bite_012_withdrawal,trial_0012_bite_012,trial_0012,withdrawal,retrieval,0.2098836990812283,0.16200273858201333,0.14097345200775455,0.22388984612131263,0.23903446357655878,0.4214275780710975,0.3463934097075883,True
trial_0012_bite_012_withdrawal,trial_0012_bite_012,trial_0012,withdrawal,contextual_promp,0.2098836990812283,0.016892441635372766,0.01392240550683277,0.03278633550044008,0.04002849174437095,0.28713493424337916,0.2148394500861507,True
trial_0012_bite_013_transfer,trial_0012_bite_013,trial_0012,transfer,retrieval,-0.0003565475811862801,0.02624283023700902,0.01929992252296096,0.06089055962122145,0.06415428865079915,0.08543734996281596,0.07445190931614173,True
trial_0012_bite_013_transfer,trial_0012_bite_013,trial_0012,transfer,contextual_promp,-0.0003565475811862801,0.020903245268322036,0.015281108662815766,0.042453630018631144,0.04768622680411477,0.10477090437476955,0.0960755065752738,True
trial_0012_bite_013_withdrawal,trial_0012_bite_013,trial_0012,withdrawal,retrieval,0.1923640883693361,0.13438376968861435,0.10603269465714357,0.24869664129699853,0.27529537403028315,0.2716193766093481,0.2251661494199201,True
trial_0012_bite_013_withdrawal,trial_0012_bite_013,trial_0012,withdrawal,contextual_promp,0.1923640883693361,0.05675220876262855,0.045278015095823666,0.09858748393981548,0.1065836294752125,0.11660595820144688,0.09441531474905747,True
trial_0012_bite_014_transfer,trial_0012_bite_014,trial_0012,transfer,retrieval,0.05351146442941547,0.031086349418917487,0.027390204566675496,0.05030095678390138,0.05838330943472865,0.12493784472510029,0.11336882914260359,True
trial_0012_bite_014_transfer,trial_0012_bite_014,trial_0012,transfer,contextual_promp,0.05351146442941547,0.05517557010562744,0.05124584844666552,0.08555602614447551,0.10202877768718797,0.17043612914022774,0.1530710071341823,True
trial_0012_bite_014_withdrawal,trial_0012_bite_014,trial_0012,withdrawal,retrieval,0.2099090335419114,0.034955855701359194,0.028794600259115656,0.07035182336411773,0.082272796575446,0.04358367512516021,0.0368175253027079,True
trial_0012_bite_014_withdrawal,trial_0012_bite_014,trial_0012,withdrawal,contextual_promp,0.2099090335419114,0.07374927352668001,0.06590825238933865,0.10182706146712645,0.11079588707245036,0.06497644927640465,0.05958096153327107,True
trial_0012_bite_015_transfer,trial_0012_bite_015,trial_0012,transfer,retrieval,0.013832268731124432,0.05544486283874746,0.04715618349084223,0.08503253449356757,0.142979005154124,0.1621045395319595,0.14020378779471843,True
trial_0012_bite_015_transfer,trial_0012_bite_015,trial_0012,transfer,contextual_promp,0.013832268731124432,0.02227515044542874,0.01801274436895426,0.036332239276198844,0.09336628726260468,0.15682212718166552,0.134021017025721,True
trial_0012_bite_015_withdrawal,trial_0012_bite_015,trial_0012,withdrawal,retrieval,0.18925927569374995,0.3184357038041388,0.27531513532361357,0.46420789172190785,0.4783845206899155,0.3660218853867288,0.3172421342618994,True
trial_0012_bite_015_withdrawal,trial_0012_bite_015,trial_0012,withdrawal,contextual_promp,0.18925927569374995,0.14422082057489377,0.1277837923972856,0.20132869304850887,0.2056028912982511,0.19242175693739272,0.1706142158090075,True
trial_0013_bite_001_transfer,trial_0013_bite_001,trial_0013,transfer,retrieval,0.02237264721083857,0.024881248015828642,0.022711063108098645,0.03800946360818819,0.043872601729893324,0.0784391142965925,0.07167925447059799,True
trial_0013_bite_001_transfer,trial_0013_bite_001,trial_0013,transfer,contextual_promp,0.02237264721083857,0.0030810075850564852,0.0025767965402665864,0.005575681701484397,0.007212883941115605,0.05660656520515044,0.049689370477389125,True
trial_0013_bite_001_withdrawal,trial_0013_bite_001,trial_0013,withdrawal,retrieval,0.004431170514339021,0.12513904360708858,0.10703566091962406,0.19119021000375405,0.20360231507750137,0.15730164131173158,0.1390926875419869,True
trial_0013_bite_001_withdrawal,trial_0013_bite_001,trial_0013,withdrawal,contextual_promp,0.004431170514339021,0.053479164413791545,0.037924522228572684,0.1122252326343398,0.12302209987700921,0.23768142314820162,0.2126476546823144,True
trial_0013_bite_002_transfer,trial_0013_bite_002,trial_0013,transfer,retrieval,0.011067914422143665,0.01561473623474929,0.01313766218069636,0.02879564246044071,0.03427522252012802,0.07711170535563021,0.06863411627663378,True
trial_0013_bite_002_transfer,trial_0013_bite_002,trial_0013,transfer,contextual_promp,0.011067914422143665,0.013987109058582635,0.013290662826816636,0.01885869778622565,0.020139861052217968,0.07876414257421539,0.06874431757429078,True
trial_0013_bite_002_withdrawal,trial_0013_bite_002,trial_0013,withdrawal,retrieval,-0.0012628406394033162,0.023415157493330858,0.019699769788628946,0.043631612610331105,0.055442761838536136,0.05206138414455004,0.038812221363197556,True
trial_0013_bite_002_withdrawal,trial_0013_bite_002,trial_0013,withdrawal,contextual_promp,-0.0012628406394033162,0.07074787783627619,0.05133910932744228,0.1307004155400488,0.13422576789165633,0.05290245948005515,0.04354600677604451,True
trial_0013_bite_003_transfer,trial_0013_bite_003,trial_0013,transfer,retrieval,0.01990236521003201,0.012926772374174573,0.010931607135138164,0.020738387726170177,0.02233544734483566,0.049104004456991854,0.03802716957508761,True
trial_0013_bite_003_transfer,trial_0013_bite_003,trial_0013,transfer,contextual_promp,0.01990236521003201,0.008378304080697362,0.0064568591300625195,0.01804941468299485,0.020772224758766163,0.05042157036015225,0.04039761216920323,True
trial_0013_bite_003_withdrawal,trial_0013_bite_003,trial_0013,withdrawal,retrieval,0.012900671741817124,0.11369734959074285,0.09064118301408246,0.18972544735044822,0.19782424467488519,0.08273202108895222,0.06302862100603879,True
trial_0013_bite_003_withdrawal,trial_0013_bite_003,trial_0013,withdrawal,contextual_promp,0.012900671741817124,0.06207492265301031,0.04209325917727637,0.12912676316420924,0.13086642345181532,0.12472165955243007,0.09413834920646663,True
trial_0013_bite_004_withdrawal,trial_0013_bite_004,trial_0013,withdrawal,retrieval,-0.006188256131415902,0.028469313376793825,0.023881526294582192,0.052125298157863126,0.05722109881248373,0.10653281205655521,0.08618223940082574,True
trial_0013_bite_004_withdrawal,trial_0013_bite_004,trial_0013,withdrawal,contextual_promp,-0.006188256131415902,0.08614830917925004,0.0714440993712743,0.13821505527986935,0.14792744149688333,0.0499173254198237,0.040750734439053776,True
trial_0013_bite_005_transfer,trial_0013_bite_005,trial_0013,transfer,retrieval,0.014137347355555059,0.03674714271043403,0.03571173002099399,0.044699874917609655,0.04737576573269551,0.11581946460869207,0.10692733060025951,True
trial_0013_bite_005_transfer,trial_0013_bite_005,trial_0013,transfer,contextual_promp,0.014137347355555059,0.01609161148746119,0.014870413604937035,0.023464020217976597,0.026196650420336517,0.09696501492219288,0.08608601418420259,True
trial_0013_bite_005_withdrawal,trial_0013_bite_005,trial_0013,withdrawal,retrieval,-0.05995783128243234,0.15644782837797352,0.1278366216026896,0.22500221793146252,0.23087697241816188,0.2547520955274372,0.2164949830510694,True
trial_0013_bite_005_withdrawal,trial_0013_bite_005,trial_0013,withdrawal,contextual_promp,-0.05995783128243234,0.1423701215654463,0.11712916151683749,0.20215462928214714,0.20384791098086932,0.24141897192079065,0.20640175387113135,True
trial_0013_bite_006_transfer,trial_0013_bite_006,trial_0013,transfer,retrieval,0.015041742549641454,0.01937546399864319,0.015673245571323227,0.036003501640895635,0.0377482309604808,0.04605854195996693,0.04202197036366786,True
trial_0013_bite_006_transfer,trial_0013_bite_006,trial_0013,transfer,contextual_promp,0.015041742549641454,0.013146905917095893,0.01171527574251125,0.021109050545724567,0.022415254312893675,0.04880682793884942,0.044338120928653205,True
trial_0013_bite_006_withdrawal,trial_0013_bite_006,trial_0013,withdrawal,retrieval,-0.004247634987651919,0.11505319705573333,0.08504837752507817,0.20968390582307073,0.23093389483903434,0.07767250495138592,0.0648032251695902,True
trial_0013_bite_006_withdrawal,trial_0013_bite_006,trial_0013,withdrawal,contextual_promp,-0.004247634987651919,0.07471935082461756,0.05231124022456694,0.14754702452986335,0.1538327775187237,0.049719651236758665,0.042151264725104165,True
trial_0013_bite_007_withdrawal,trial_0013_bite_007,trial_0013,withdrawal,retrieval,-0.015583262841658778,0.08955574740298165,0.0654815208125695,0.17373455529852747,0.18448363150495872,0.0827952491488619,0.06597621706284186,True
trial_0013_bite_007_withdrawal,trial_0013_bite_007,trial_0013,withdrawal,contextual_promp,-0.015583262841658778,0.08947666364030377,0.07582519848899529,0.13775896670693552,0.14338278174124128,0.060177336273195034,0.04331445738730568,True
trial_0013_bite_008_transfer,trial_0013_bite_008,trial_0013,transfer,retrieval,0.01264145237289483,0.017417245431426493,0.01397854512984304,0.03213373998603929,0.03585667669092966,0.012881733476297091,0.009439744149171795,True
trial_0013_bite_008_transfer,trial_0013_bite_008,trial_0013,transfer,contextual_promp,0.01264145237289483,0.03421441902547452,0.03135832379970238,0.05449175421986016,0.057194621610668184,0.02276937156970726,0.01811707753888066,True
trial_0013_bite_008_withdrawal,trial_0013_bite_008,trial_0013,withdrawal,retrieval,-0.00893776518576709,0.04243008308160221,0.03302184694580128,0.0779604818687131,0.08857753328335158,0.03365940860910569,0.026801288425936546,True
trial_0013_bite_008_withdrawal,trial_0013_bite_008,trial_0013,withdrawal,contextual_promp,-0.00893776518576709,0.011485070499632549,0.009491645615619621,0.021379434074993434,0.023979763644040083,0.034968815216473166,0.025872836236278056,True
trial_0013_bite_009_transfer,trial_0013_bite_009,trial_0013,transfer,retrieval,0.009100484044750598,0.044056808263554986,0.04145041704497364,0.06612092462608267,0.07157104254458288,0.10487666892726791,0.10022131934105562,True
trial_0013_bite_009_transfer,trial_0013_bite_009,trial_0013,transfer,contextual_promp,0.009100484044750598,0.00994379303925202,0.008726614990320253,0.01594798376268209,0.01865321699661468,0.07910430033652903,0.06736302027070187,True
trial_0013_bite_009_withdrawal,trial_0013_bite_009,trial_0013,withdrawal,retrieval,-0.04618999456045487,0.07558657592248393,0.06301349281136888,0.12790083773017016,0.13299853440329096,0.025911602251165584,0.02148846340491101,True
trial_0013_bite_009_withdrawal,trial_0013_bite_009,trial_0013,withdrawal,contextual_promp,-0.04618999456045487,0.062394325724833034,0.05114291723415744,0.10689904709557685,0.1076787813577128,0.027135127060652908,0.02334846798949885,True
trial_0013_bite_010_transfer,trial_0013_bite_010,trial_0013,transfer,retrieval,0.012806947423975049,0.02684763760907959,0.021887617240419058,0.04626195270789946,0.0471424720536165,0.06519261453052763,0.05673773013588099,True
trial_0013_bite_010_transfer,trial_0013_bite_010,trial_0013,transfer,contextual_promp,0.012806947423975049,0.02472875560033302,0.021693226839530594,0.03772649690667077,0.03970158032222438,0.06105138274719335,0.052588928645660234,True
trial_0013_bite_010_withdrawal,trial_0013_bite_010,trial_0013,withdrawal,retrieval,-0.04610705103515422,0.09491741318165835,0.07233571754693657,0.19166560183132167,0.202469447986311,0.07944466032464584,0.06102919605009502,True
trial_0013_bite_010_withdrawal,trial_0013_bite_010,trial_0013,withdrawal,contextual_promp,-0.04610705103515422,0.08482101376698518,0.07001043929358686,0.13605608694060842,0.14986934092138532,0.08569389744307018,0.06512729819215195,True
trial_0013_bite_011_transfer,trial_0013_bite_011,trial_0013,transfer,retrieval,0.015909324806393628,0.019353984382584677,0.01580987475416936,0.037698732084709405,0.040148685216359635,0.09481034975497896,0.09017865274237372,True
trial_0013_bite_011_transfer,trial_0013_bite_011,trial_0013,transfer,contextual_promp,0.015909324806393628,0.00591447595975443,0.004994475351929313,0.010620234170606098,0.012932109669301445,0.07957801433737055,0.07175132402130709,True
trial_0013_bite_011_withdrawal,trial_0013_bite_011,trial_0013,withdrawal,retrieval,-0.010197877400727862,0.07585550384278654,0.06277689273424766,0.1213872172081174,0.13788280996066823,0.034759914736408645,0.02674592537464218,True
trial_0013_bite_011_withdrawal,trial_0013_bite_011,trial_0013,withdrawal,contextual_promp,-0.010197877400727862,0.06096256946360834,0.04244601907085171,0.13626312142419503,0.15632512248479344,0.07351431552829511,0.05945799943740201,True
trial_0013_bite_012_transfer,trial_0013_bite_012,trial_0013,transfer,retrieval,0.012407184380823555,0.019463725965776734,0.0169966287889674,0.031869607187104215,0.037395334689734015,0.0572495867377768,0.04978935132446612,True
trial_0013_bite_012_transfer,trial_0013_bite_012,trial_0013,transfer,contextual_promp,0.012407184380823555,0.030952536359928822,0.029724474855241278,0.040417230721686875,0.042337898483403524,0.06814788792605199,0.06179746400491893,True
trial_0013_bite_012_withdrawal,trial_0013_bite_012,trial_0013,withdrawal,retrieval,-0.017506189926369035,0.164631031069112,0.1514378943220281,0.22435248634871824,0.22621496186096207,0.0849004398110999,0.07841385889889887,True
trial_0013_bite_012_withdrawal,trial_0013_bite_012,trial_0013,withdrawal,contextual_promp,-0.017506189926369035,0.09994379366641744,0.09249290747932891,0.14511158889104878,0.14713372449338125,0.03596012632310136,0.02814361410880907,True
trial_0014_bite_001_transfer,trial_0014_bite_001,trial_0014,transfer,retrieval,0.028950026011338906,0.029154581784874175,0.026386981221176872,0.04000254608045161,0.04256579722005271,0.0995119587529545,0.08403256019844016,True
trial_0014_bite_001_transfer,trial_0014_bite_001,trial_0014,transfer,contextual_promp,0.028950026011338906,0.031354986185573815,0.027518126740593715,0.049092083777907886,0.050833915449163276,0.10278048554787961,0.08465595601540203,True
trial_0014_bite_001_withdrawal,trial_0014_bite_001,trial_0014,withdrawal,retrieval,-0.003018933160150665,0.05456030610423507,0.04649152111480718,0.08852048655024974,0.09310146090982774,0.1041870292917149,0.08062042261215713,True
trial_0014_bite_001_withdrawal,trial_0014_bite_001,trial_0014,withdrawal,contextual_promp,-0.003018933160150665,0.0844735042397006,0.06960713740609872,0.12938594766573588,0.13201937263678432,0.05990513982778539,0.047166494897164166,True
trial_0014_bite_002_transfer,trial_0014_bite_002,trial_0014,transfer,retrieval,0.012506901038588987,0.03523741629219307,0.03356958963497823,0.04779638315509122,0.051582442749226035,0.027329538520245288,0.0223843591985588,True
trial_0014_bite_002_transfer,trial_0014_bite_002,trial_0014,transfer,contextual_promp,0.012506901038588987,0.024408974272394985,0.0227611610135322,0.036337555349508784,0.038228871133369424,0.03208206893903536,0.024562607549300317,True
trial_0014_bite_002_withdrawal,trial_0014_bite_002,trial_0014,withdrawal,retrieval,0.03964804413245784,0.06872885621672407,0.05033838582814217,0.1435886505260029,0.15220823543559164,0.12714011662883165,0.09209130146164696,True
trial_0014_bite_002_withdrawal,trial_0014_bite_002,trial_0014,withdrawal,contextual_promp,0.03964804413245784,0.06955698174326232,0.05379630101195252,0.12241825920825002,0.12595522836334677,0.13291727390007604,0.10230536452234537,True
trial_0014_bite_003_transfer,trial_0014_bite_003,trial_0014,transfer,retrieval,0.005768465803150456,0.027741959499553683,0.024193610821555776,0.0489398660754041,0.050345162711711994,0.08737262019103073,0.07247777229555304,True
trial_0014_bite_003_transfer,trial_0014_bite_003,trial_0014,transfer,contextual_promp,0.005768465803150456,0.010933479212353577,0.009075641861801568,0.020342742683062853,0.022247802232490066,0.07191783532402544,0.06063537314159024,True
trial_0014_bite_003_withdrawal,trial_0014_bite_003,trial_0014,withdrawal,retrieval,0.008816484243526677,0.14414610468906427,0.13281346657175683,0.20083884195501436,0.2129708590656001,0.1358150591744744,0.12032383267081176,True
trial_0014_bite_003_withdrawal,trial_0014_bite_003,trial_0014,withdrawal,contextual_promp,0.008816484243526677,0.09252393657963703,0.07229989371816305,0.1545607191087222,0.16160755398583276,0.083044734870329,0.07178939514310173,True
trial_0014_bite_004_transfer,trial_0014_bite_004,trial_0014,transfer,retrieval,0.014410228161587817,0.014852124165311327,0.011557371305382811,0.03159842722609016,0.04027454448454517,0.10995995111473879,0.09775716522635425,True
trial_0014_bite_004_transfer,trial_0014_bite_004,trial_0014,transfer,contextual_promp,0.014410228161587817,0.00874539520296639,0.0063574896854394596,0.016749425237892634,0.01778139551227076,0.11082584247510355,0.09562891047442867,True
trial_0014_bite_004_withdrawal,trial_0014_bite_004,trial_0014,withdrawal,retrieval,0.031147959882453106,0.03180292612173383,0.026926881604743422,0.05506628654566934,0.06526613937060892,0.07718162997469678,0.05527211360433477,True
trial_0014_bite_004_withdrawal,trial_0014_bite_004,trial_0014,withdrawal,contextual_promp,0.031147959882453106,0.05068774229448921,0.03889395907400739,0.10238941073454422,0.10620809946909288,0.04654254897942949,0.039017660081584866,True
trial_0014_bite_005_transfer,trial_0014_bite_005,trial_0014,transfer,retrieval,-0.0031258860822755904,0.00794470248578547,0.007102431480806321,0.01421789464049017,0.0160530322583875,0.14851410639905122,0.1257446382220777,True
trial_0014_bite_005_transfer,trial_0014_bite_005,trial_0014,transfer,contextual_promp,-0.0031258860822755904,0.010410446356259363,0.008802975395701067,0.017893941071688235,0.022475577442135908,0.1437917913994566,0.12244507688028965,True
trial_0014_bite_005_withdrawal,trial_0014_bite_005,trial_0014,withdrawal,retrieval,0.0032094228792226773,0.053684351836324896,0.045465231359027324,0.08764110356791519,0.09116124333602352,0.11485879345099763,0.09792667975789286,True
trial_0014_bite_005_withdrawal,trial_0014_bite_005,trial_0014,withdrawal,contextual_promp,0.0032094228792226773,0.035848311002454426,0.028211733369335804,0.06298045216785508,0.06702980224296673,0.06672562475313444,0.055631102389238865,True
trial_0014_bite_006_transfer,trial_0014_bite_006,trial_0014,transfer,retrieval,0.011142262177825414,0.00792499515482766,0.00674343824072281,0.013800153419437994,0.016302079251708436,0.09435109960703227,0.07964623354120108,True
trial_0014_bite_006_transfer,trial_0014_bite_006,trial_0014,transfer,contextual_promp,0.011142262177825414,0.006718464325732012,0.0051389151744669,0.012793748113009151,0.013762907013526449,0.10111018838376248,0.0877765667477393,True
trial_0014_bite_006_withdrawal,trial_0014_bite_006,trial_0014,withdrawal,retrieval,-0.012891127959245706,0.056562239595671186,0.05044966088446195,0.08368055397582042,0.08958143276977418,0.11344079289313316,0.09808734071212889,True
trial_0014_bite_006_withdrawal,trial_0014_bite_006,trial_0014,withdrawal,contextual_promp,-0.012891127959245706,0.07021848771670833,0.05617718155948657,0.10619861360272628,0.11018219702838916,0.06191400775418922,0.04341091676871538,True
trial_0014_bite_007_transfer,trial_0014_bite_007,trial_0014,transfer,retrieval,0.003214771263658607,0.02286291197389315,0.019619160152926075,0.03909182281231868,0.040346078965506876,0.09242642949501054,0.08017787701860454,True
trial_0014_bite_007_transfer,trial_0014_bite_007,trial_0014,transfer,contextual_promp,0.003214771263658607,0.007066421726400381,0.006233908110172796,0.011943395950335223,0.013353492906013564,0.07706378316708823,0.06498039998843985,True
trial_0014_bite_007_withdrawal,trial_0014_bite_007,trial_0014,withdrawal,retrieval,-0.015827299270315447,0.07251892754924966,0.057144412739338624,0.14092346011990803,0.15383512878726813,0.04578632346626576,0.03800699929609476,True
trial_0014_bite_007_withdrawal,trial_0014_bite_007,trial_0014,withdrawal,contextual_promp,-0.015827299270315447,0.051935048568888934,0.04376356267622862,0.08705407570542609,0.09486645451047568,0.030394897318054084,0.025624413655132187,True
trial_0014_bite_008_transfer,trial_0014_bite_008,trial_0014,transfer,retrieval,0.011121192397306433,0.013410156368278045,0.011712043407547083,0.02063964929649205,0.02291839808079493,0.09222989515401019,0.08034358475150785,True
trial_0014_bite_008_transfer,trial_0014_bite_008,trial_0014,transfer,contextual_promp,0.011121192397306433,0.008711865008986103,0.00815167708750251,0.013354680035352784,0.014121152888629585,0.09159928642899669,0.07816605081058989,True
trial_0014_bite_008_withdrawal,trial_0014_bite_008,trial_0014,withdrawal,retrieval,-0.0210216241694065,0.11563254830508683,0.08305603532460164,0.2129705546175956,0.21810452531131955,0.13441328539323755,0.10036395545217519,True
trial_0014_bite_008_withdrawal,trial_0014_bite_008,trial_0014,withdrawal,contextual_promp,-0.0210216241694065,0.04856505307437335,0.037649862242107465,0.09669845395407052,0.10205905684005556,0.06071454448089273,0.04848499336706584,True
trial_0014_bite_009_transfer,trial_0014_bite_009,trial_0014,transfer,retrieval,0.0003600694395706136,0.008065552869188537,0.00623300579502066,0.015527056287855586,0.017389885488361678,0.07254095422756768,0.05849679640142078,True
trial_0014_bite_009_transfer,trial_0014_bite_009,trial_0014,transfer,contextual_promp,0.0003600694395706136,0.016053927449949837,0.015263048952388326,0.022208030117495642,0.023898384796119138,0.056597140283086725,0.04702430675957158,True
trial_0014_bite_009_withdrawal,trial_0014_bite_009,trial_0014,withdrawal,retrieval,-0.007575255551705441,0.04435615836880991,0.03104969483636334,0.08868915662162963,0.09410134208546585,0.060345048240178605,0.04642836447123551,True
trial_0014_bite_009_withdrawal,trial_0014_bite_009,trial_0014,withdrawal,contextual_promp,-0.007575255551705441,0.06876593011813728,0.05732827660020435,0.1092217452838975,0.11371172835199908,0.04930138943054121,0.037550385638962326,True
trial_0014_bite_010_transfer,trial_0014_bite_010,trial_0014,transfer,retrieval,-0.010607523803180759,0.020236529492577038,0.014275163936986223,0.03954819008724755,0.05390779016600986,0.1251297813130069,0.11136712836785304,True
trial_0014_bite_010_transfer,trial_0014_bite_010,trial_0014,transfer,contextual_promp,-0.010607523803180759,0.019133510154389795,0.01615969883681859,0.033205668520478265,0.03713722062725031,0.11455911002589106,0.10137065998570655,True
trial_0014_bite_010_withdrawal,trial_0014_bite_010,trial_0014,withdrawal,retrieval,0.00440170023122665,0.1012459250997908,0.07611760042955455,0.19664408964584185,0.20675893226481487,0.04722791138330799,0.036830978866094155,True
trial_0014_bite_010_withdrawal,trial_0014_bite_010,trial_0014,withdrawal,contextual_promp,0.00440170023122665,0.09383516168752004,0.08488207757414067,0.13281496483544686,0.1374575214389288,0.02802400965952872,0.0218543024855121,True
trial_0014_bite_011_transfer,trial_0014_bite_011,trial_0014,transfer,retrieval,0.0046110261903473185,0.023469262736215402,0.020670201650492593,0.035279852570861275,0.036392330640892256,0.12480338067687066,0.10463752090904141,True
trial_0014_bite_011_transfer,trial_0014_bite_011,trial_0014,transfer,contextual_promp,0.0046110261903473185,0.015700374479091263,0.011518207296561814,0.032782775126874004,0.034783968239919305,0.10324590164953522,0.087907294625549,True
trial_0014_bite_011_withdrawal,trial_0014_bite_011,trial_0014,withdrawal,retrieval,0.0008471054967045463,0.029652537135711577,0.023622685951462826,0.05884382877402117,0.0763202555526643,0.03189379896363619,0.025296931108640876,True
trial_0014_bite_011_withdrawal,trial_0014_bite_011,trial_0014,withdrawal,contextual_promp,0.0008471054967045463,0.04823207287315031,0.03534061686431261,0.09403117681075607,0.1003186761144148,0.06346166840469974,0.041795498327315876,True
trial_0014_bite_012_transfer,trial_0014_bite_012,trial_0014,transfer,retrieval,0.0001975446273976625,0.030180637090692273,0.027532736756693273,0.043785505929218954,0.04590987326763474,0.21874345611640286,0.18926317169302473,True
trial_0014_bite_012_transfer,trial_0014_bite_012,trial_0014,transfer,contextual_promp,0.0001975446273976625,0.00638389086476788,0.0054633009624261274,0.012402224699884558,0.016434054213340932,0.18813849884671166,0.1621639050605568,True
trial_0014_bite_012_withdrawal,trial_0014_bite_012,trial_0014,withdrawal,retrieval,-0.0028982521526492652,0.07233310747102153,0.056897712283231025,0.13652792892190027,0.14554154667224764,0.04396450511120163,0.03752029989526106,True
trial_0014_bite_012_withdrawal,trial_0014_bite_012,trial_0014,withdrawal,contextual_promp,-0.0028982521526492652,0.061899131107499956,0.046791684717432426,0.12497845060523803,0.1324681626394615,0.04844466062663363,0.042279523307583805,True
trial_0014_bite_013_transfer,trial_0014_bite_013,trial_0014,transfer,retrieval,-0.002731944904223342,0.0447959494167111,0.0395481163687312,0.06595251107413666,0.06933693475371366,0.19833391809110734,0.17752183189507306,True
trial_0014_bite_013_transfer,trial_0014_bite_013,trial_0014,transfer,contextual_promp,-0.002731944904223342,0.015845902252034222,0.013657193893253152,0.026242520892889754,0.03179966371090004,0.16866401063189695,0.15056972830451504,True
trial_0014_bite_013_withdrawal,trial_0014_bite_013,trial_0014,withdrawal,retrieval,-0.024955171540468828,0.05179185761387818,0.04553755355451895,0.08553408942443327,0.09036529909639204,0.09885901209559618,0.08626197302524716,True
trial_0014_bite_013_withdrawal,trial_0014_bite_013,trial_0014,withdrawal,contextual_promp,-0.024955171540468828,0.017368506475986444,0.012979461693817742,0.031831625806645995,0.03656932988043782,0.06152722049715914,0.05290456136382865,True
trial_0014_bite_014_transfer,trial_0014_bite_014,trial_0014,transfer,retrieval,-0.0059478408295055366,0.055505087184836224,0.0514611141253014,0.08774918636209054,0.08896208552501383,0.23280637466329074,0.2188730923922078,True
trial_0014_bite_014_transfer,trial_0014_bite_014,trial_0014,transfer,contextual_promp,-0.0059478408295055366,0.032544053233825435,0.026706444913195,0.05884065331452003,0.06327534496256758,0.1896248861857436,0.18004037401815304,True
trial_0014_bite_014_withdrawal,trial_0014_bite_014,trial_0014,withdrawal,retrieval,-0.013207997344466267,0.14607593416812803,0.11365685669041171,0.2661872043686978,0.2833891497618369,0.1615436290268929,0.11845013606046771,True
trial_0014_bite_014_withdrawal,trial_0014_bite_014,trial_0014,withdrawal,contextual_promp,-0.013207997344466267,0.14049901446964944,0.12489200378756418,0.22057029352287494,0.2299196198943399,0.14655946492694838,0.12536652164235795,True
trial_0014_bite_015_transfer,trial_0014_bite_015,trial_0014,transfer,retrieval,-0.004317113966307094,0.039583060539490705,0.03798313617331963,0.04826530339437529,0.050872585122575836,0.16321704393347633,0.1420885728140805,True
trial_0014_bite_015_transfer,trial_0014_bite_015,trial_0014,transfer,contextual_promp,-0.004317113966307094,0.011983601473745418,0.009362782654090171,0.020971426707768415,0.024316743596554016,0.12918800900444283,0.11223545331449444,True
trial_0014_bite_015_withdrawal,trial_0014_bite_015,trial_0014,withdrawal,retrieval,-0.04706343200017184,0.07204374079951817,0.059923950420888036,0.1269230303002693,0.14155604002538102,0.21464362615737745,0.18545538982953977,True
trial_0014_bite_015_withdrawal,trial_0014_bite_015,trial_0014,withdrawal,contextual_promp,-0.04706343200017184,0.08988348005908288,0.073071461940168,0.1531388552964186,0.15955916119191463,0.22901956066118148,0.19866913483960078,True
trial_0014_bite_016_transfer,trial_0014_bite_016,trial_0014,transfer,retrieval,-0.007185951248092855,0.04559056501267161,0.04455661832246799,0.05573469354381594,0.05888360007482559,0.18026754748918997,0.1686869505376465,True
trial_0014_bite_016_transfer,trial_0014_bite_016,trial_0014,transfer,contextual_promp,-0.007185951248092855,0.021924899173591965,0.018031835018158176,0.03979867062008128,0.044003474359293734,0.1511715881389003,0.1421847434906137,True
trial_0014_bite_016_withdrawal,trial_0014_bite_016,trial_0014,withdrawal,retrieval,-0.025140254937141567,0.1346619735057361,0.11324818354284323,0.2275369880044124,0.24546087698975386,0.05924863487088784,0.05113328899605929,True
trial_0014_bite_016_withdrawal,trial_0014_bite_016,trial_0014,withdrawal,contextual_promp,-0.025140254937141567,0.1072047361132708,0.09586848614389516,0.1398054906874285,0.14279681970503755,0.04840930314045049,0.034525586610204176,True
trial_0014_bite_017_transfer,trial_0014_bite_017,trial_0014,transfer,retrieval,0.007255387309355217,0.020949392303294116,0.019190990452515714,0.03132279056296705,0.03448703249064,0.06499986323464267,0.057313728843092986,True
trial_0014_bite_017_transfer,trial_0014_bite_017,trial_0014,transfer,contextual_promp,0.007255387309355217,0.03261966989003417,0.028749055622210147,0.04635478215506264,0.05297783734458805,0.05188765412560786,0.04622408119847869,True
trial_0014_bite_017_withdrawal,trial_0014_bite_017,trial_0014,withdrawal,retrieval,0.012117225838018365,0.14022410962302354,0.12491728498142585,0.2361739725215944,0.24967797719412166,0.09258750338970372,0.07143655977866596,True
trial_0014_bite_017_withdrawal,trial_0014_bite_017,trial_0014,withdrawal,contextual_promp,0.012117225838018365,0.12608620342512714,0.11233698664619673,0.19333869780549223,0.20917036354619814,0.07210191379885435,0.05495561594781844,True
trial_0014_bite_018_transfer,trial_0014_bite_018,trial_0014,transfer,retrieval,0.013061427736113997,0.02299808237501124,0.020300495463264775,0.04373417784191101,0.04773072751593628,0.10584567529551893,0.09321707931631056,True
trial_0014_bite_018_transfer,trial_0014_bite_018,trial_0014,transfer,contextual_promp,0.013061427736113997,0.014741103450677168,0.012058136868906905,0.02515332674239618,0.033011876989257956,0.09250047595300308,0.07694063868377962,True
trial_0014_bite_018_withdrawal,trial_0014_bite_018,trial_0014,withdrawal,retrieval,-0.01273524812371208,0.13957298843492985,0.09775286197908954,0.258256480818551,0.27173675987450185,0.0815585969282789,0.06287390230325514,True
trial_0014_bite_018_withdrawal,trial_0014_bite_018,trial_0014,withdrawal,contextual_promp,-0.01273524812371208,0.07492904343870742,0.05135196330772749,0.13695464689931805,0.14966467264800457,0.020101349259358133,0.017178294775694745,True
trial_0014_bite_019_transfer,trial_0014_bite_019,trial_0014,transfer,retrieval,0.019294944257409533,0.02484054486465647,0.018398322855135155,0.053871860056402814,0.06222015539313141,0.03031912411137496,0.025694054590242692,True
trial_0014_bite_019_transfer,trial_0014_bite_019,trial_0014,transfer,contextual_promp,0.019294944257409533,0.02100955271545656,0.01431171395531478,0.048240990988663135,0.05417226398758789,0.025318258677965375,0.02017873737935403,True
trial_0014_bite_019_withdrawal,trial_0014_bite_019,trial_0014,withdrawal,retrieval,-0.009188219518879388,0.13655724160080607,0.11505586143749068,0.24357845788589835,0.2493089493353396,0.04385526301139889,0.03478905733113133,True
trial_0014_bite_019_withdrawal,trial_0014_bite_019,trial_0014,withdrawal,contextual_promp,-0.009188219518879388,0.07198957698749567,0.05313018996562355,0.1452390274023081,0.14830278028987398,0.07069457278000714,0.060498254266380204,True
trial_0014_bite_020_transfer,trial_0014_bite_020,trial_0014,transfer,retrieval,0.00910769186646656,0.026469815934282596,0.021812380517745575,0.0502096088110639,0.05472067034836057,0.15149374946779734,0.13981121745647504,True
trial_0014_bite_020_transfer,trial_0014_bite_020,trial_0014,transfer,contextual_promp,0.00910769186646656,0.06123937523323123,0.05458890796662404,0.1033238315953623,0.10812517219814331,0.18689573496173043,0.17268742267592438,True
trial_0014_bite_020_withdrawal,trial_0014_bite_020,trial_0014,withdrawal,retrieval,-0.0414888723087771,0.2018179430365457,0.1777004878576134,0.3130141191519085,0.3275833349266964,0.11533551691308293,0.09243769368110381,True
trial_0014_bite_020_withdrawal,trial_0014_bite_020,trial_0014,withdrawal,contextual_promp,-0.0414888723087771,0.16324455056572412,0.14769460043517946,0.21833895668434833,0.22810047749249499,0.07297919488782738,0.06351998640916312,True
trial_0014_bite_021_transfer,trial_0014_bite_021,trial_0014,transfer,retrieval,0.010287985739552911,0.03229183176976849,0.03007956123355523,0.0458408917922096,0.04808631934298123,0.07941098995142376,0.07165139100909716,True
trial_0014_bite_021_transfer,trial_0014_bite_021,trial_0014,transfer,contextual_promp,0.010287985739552911,0.01649043549542471,0.014450451025371607,0.026707803110599306,0.02908162256985336,0.07260443989764752,0.05814292610791192,True
trial_0014_bite_021_withdrawal,trial_0014_bite_021,trial_0014,withdrawal,retrieval,-0.02481232207423837,0.054868444663453975,0.047129644912478626,0.08944522351205594,0.094321200103013,0.17129115650982862,0.1463775668461226,True
trial_0014_bite_021_withdrawal,trial_0014_bite_021,trial_0014,withdrawal,contextual_promp,-0.02481232207423837,0.050589088909191386,0.03976691996130894,0.08793644102171785,0.10287182941547979,0.150691056891417,0.1275226676702477,True
trial_0015_bite_001_transfer,trial_0015_bite_001,trial_0015,transfer,retrieval,0.045820715927838956,0.017739195141463226,0.015312646436675006,0.027607975452201436,0.031195500510448115,0.029765534990726924,0.023346369308370564,True
trial_0015_bite_001_transfer,trial_0015_bite_001,trial_0015,transfer,contextual_promp,0.045820715927838956,0.020233799655889687,0.017963339177790527,0.03263652079389881,0.03519449834718022,0.02927152667986649,0.02067822617189977,True
trial_0015_bite_001_withdrawal,trial_0015_bite_001,trial_0015,withdrawal,retrieval,-0.020320147865992736,0.11856656931989311,0.10021167399865483,0.180888283974082,0.19371516900442143,0.08330937598868242,0.07224815840634524,True
trial_0015_bite_001_withdrawal,trial_0015_bite_001,trial_0015,withdrawal,contextual_promp,-0.020320147865992736,0.04526481218902475,0.03768652314063612,0.07463035927983569,0.07755762161037598,0.14288668119702444,0.13292874744354977,True
trial_0015_bite_002_transfer,trial_0015_bite_002,trial_0015,transfer,retrieval,-0.01401049581717426,0.0730528896312491,0.06321314415833577,0.12130929513340931,0.12464914426661437,0.036135097885015906,0.02485055021847231,True
trial_0015_bite_002_transfer,trial_0015_bite_002,trial_0015,transfer,contextual_promp,-0.01401049581717426,0.019794438075705387,0.015672269334065816,0.033258264403344534,0.044023517002811846,0.04672013781830718,0.035405702061245534,True
trial_0015_bite_002_withdrawal,trial_0015_bite_002,trial_0015,withdrawal,retrieval,-0.009834200899541453,0.12960530236281592,0.11396924415645072,0.18051378869986454,0.18359748162449213,0.1013965552080919,0.07061369893270068,True
trial_0015_bite_002_withdrawal,trial_0015_bite_002,trial_0015,withdrawal,contextual_promp,-0.009834200899541453,0.06036904558071395,0.05175205583586672,0.0864092511596995,0.08863045775055237,0.1555654127093901,0.131781685753084,True
trial_0015_bite_003_transfer,trial_0015_bite_003,trial_0015,transfer,retrieval,-0.013809575913232678,0.04378485950340683,0.0357412961312779,0.08267626380767285,0.09152885558161566,0.051309902565137795,0.03545018589133342,True
trial_0015_bite_003_transfer,trial_0015_bite_003,trial_0015,transfer,contextual_promp,-0.013809575913232678,0.04779642107664147,0.04343352060951045,0.07918957299636925,0.08458353125589035,0.033514946365353564,0.024713581824541763,True
trial_0015_bite_003_withdrawal,trial_0015_bite_003,trial_0015,withdrawal,retrieval,-0.020772289044439295,0.12565408776248954,0.10590018883190148,0.20634606554107066,0.22003680241205692,0.06754395895684093,0.056049929825250144,True
trial_0015_bite_003_withdrawal,trial_0015_bite_003,trial_0015,withdrawal,contextual_promp,-0.020772289044439295,0.06350133655345988,0.054935671512809404,0.09166144595398307,0.10141552413727684,0.0839759992873176,0.06354204229426073,True
trial_0015_bite_004_transfer,trial_0015_bite_004,trial_0015,transfer,retrieval,0.03443241253240262,0.012930162639418215,0.009633124360173351,0.028947933509091583,0.033622095861155415,0.06735572274960965,0.05333132963322209,True
trial_0015_bite_004_transfer,trial_0015_bite_004,trial_0015,transfer,contextual_promp,0.03443241253240262,0.015335498587866855,0.011975903056730871,0.02915999777783662,0.03193961994712349,0.06578968171605665,0.055235229393822645,True
trial_0015_bite_004_withdrawal,trial_0015_bite_004,trial_0015,withdrawal,retrieval,-0.028752374616217904,0.03742774593007668,0.02891928018424477,0.07188510053034575,0.07942307507834306,0.11216589930041455,0.09412602810718827,True
trial_0015_bite_004_withdrawal,trial_0015_bite_004,trial_0015,withdrawal,contextual_promp,-0.028752374616217904,0.09259832283881245,0.07721747945130296,0.15247618207084557,0.15372122668325328,0.05310481467393216,0.03605290057274768,True
trial_0015_bite_005_transfer,trial_0015_bite_005,trial_0015,transfer,retrieval,0.010063701872583593,0.02148464197375246,0.019212317548852505,0.03453025116141742,0.03721702056131135,0.05960608003040579,0.04985084758476912,True
trial_0015_bite_005_transfer,trial_0015_bite_005,trial_0015,transfer,contextual_promp,0.010063701872583593,0.036088117094045906,0.026819233163662293,0.06852543579430836,0.06949111826356075,0.06546777094269912,0.06012585669449129,True
trial_0015_bite_005_withdrawal,trial_0015_bite_005,trial_0015,withdrawal,retrieval,-0.04051698481982742,0.051195353866878,0.04130118191736062,0.08504900251486203,0.09011313537618665,0.22438188738460596,0.2039036994065607,True
trial_0015_bite_005_withdrawal,trial_0015_bite_005,trial_0015,withdrawal,contextual_promp,-0.04051698481982742,0.046120161122539756,0.037733478405533094,0.08654640219543774,0.0909884226305945,0.2816506148571906,0.24964608191233417,True
trial_0015_bite_006_transfer,trial_0015_bite_006,trial_0015,transfer,retrieval,0.01626924868469146,0.045102750725675475,0.03633007407228003,0.07649110483568294,0.08068016003799452,0.11091430007257914,0.09226096282196035,True
trial_0015_bite_006_transfer,trial_0015_bite_006,trial_0015,transfer,contextual_promp,0.01626924868469146,0.04320191620571031,0.0409579238229625,0.062441510030698755,0.06565613224197346,0.11381882859927665,0.09513428158005272,True
trial_0015_bite_006_withdrawal,trial_0015_bite_006,trial_0015,withdrawal,retrieval,-0.0347723740189705,0.13006476692079644,0.10655171871339847,0.2273108812494283,0.23938196164452064,0.11272236720206072,0.09392554765816896,True
trial_0015_bite_006_withdrawal,trial_0015_bite_006,trial_0015,withdrawal,contextual_promp,-0.0347723740189705,0.08883018970242172,0.07794066942441201,0.1350540380307943,0.13721148540203185,0.09600699763072064,0.07708704389212484,True
trial_0015_bite_007_transfer,trial_0015_bite_007,trial_0015,transfer,retrieval,0.01361148825941354,0.02578345036150269,0.022601868464005487,0.04100214206163994,0.043139622023597855,0.025070890102656753,0.020993553592785014,True
trial_0015_bite_007_transfer,trial_0015_bite_007,trial_0015,transfer,contextual_promp,0.01361148825941354,0.026727094058921742,0.025906655466669662,0.034619093079700236,0.036897197679713,0.030192684873080383,0.024335829819800436,True
trial_0015_bite_007_withdrawal,trial_0015_bite_007,trial_0015,withdrawal,retrieval,-0.054621753362071424,0.08414309388536831,0.06566413351802161,0.14723978304060395,0.15002505358621795,0.05634551270515218,0.04755412263793962,True
trial_0015_bite_007_withdrawal,trial_0015_bite_007,trial_0015,withdrawal,contextual_promp,-0.054621753362071424,0.06820060767639045,0.0533109533595677,0.11681875486002877,0.12029497073569258,0.06071412959345704,0.04995221657581818,True
trial_0015_bite_008_transfer,trial_0015_bite_008,trial_0015,transfer,retrieval,-0.009255745856066578,0.02739827804125343,0.02261012391863134,0.04378923339458696,0.05007733539012889,0.03853134809048357,0.033638108445950124,True
trial_0015_bite_008_transfer,trial_0015_bite_008,trial_0015,transfer,contextual_promp,-0.009255745856066578,0.02517395826962123,0.019788553458565897,0.04489863280229037,0.047511502285266946,0.047000409410631154,0.043594496049005206,True
trial_0015_bite_008_withdrawal,trial_0015_bite_008,trial_0015,withdrawal,retrieval,-0.10293169586207403,0.12259656114119998,0.09175594358824041,0.2178866870031996,0.2208547560497493,0.12979644248742525,0.09525031709829467,True
trial_0015_bite_008_withdrawal,trial_0015_bite_008,trial_0015,withdrawal,contextual_promp,-0.10293169586207403,0.13383109193878703,0.10775941911055036,0.2252096959318,0.2272268185534519,0.13816731752624045,0.11088107851000334,True
trial_0015_bite_009_transfer,trial_0015_bite_009,trial_0015,transfer,retrieval,-0.026474540437162363,0.0788354455048095,0.06095553106240113,0.1411049318667106,0.14870997541733658,0.12274576280363922,0.1027543727638117,True
trial_0015_bite_009_transfer,trial_0015_bite_009,trial_0015,transfer,contextual_promp,-0.026474540437162363,0.028571515034142732,0.020472764748802132,0.067468541541471,0.07685014658165565,0.08313883231353912,0.07678975621889905,True
trial_0015_bite_009_withdrawal,trial_0015_bite_009,trial_0015,withdrawal,retrieval,-0.00892021229883461,0.09337569660016938,0.07363624911062895,0.16488047124478858,0.17100687117217916,0.16297669886540864,0.11057065126426442,True
trial_0015_bite_009_withdrawal,trial_0015_bite_009,trial_0015,withdrawal,contextual_promp,-0.00892021229883461,0.12072027756356751,0.10142605711948038,0.1917545125979928,0.194343169218086,0.1492297345765092,0.11175440197885061,True
trial_0015_bite_010_transfer,trial_0015_bite_010,trial_0015,transfer,retrieval,-0.0030333557481587066,0.041229102751824336,0.03480824221493957,0.06701157201112648,0.06948656495108838,0.013283141597681868,0.011144553597520623,True
trial_0015_bite_010_transfer,trial_0015_bite_010,trial_0015,transfer,contextual_promp,-0.0030333557481587066,0.037296328983628696,0.03466432153378741,0.04928215691996374,0.05404234798732523,0.03676085535995653,0.02945434120805916,True
trial_0015_bite_010_withdrawal,trial_0015_bite_010,trial_0015,withdrawal,retrieval,-0.030566319930332177,0.09450920207354227,0.07641706962430751,0.16030262769006323,0.1637861701414835,0.1035056785656033,0.06367452583977742,True
trial_0015_bite_010_withdrawal,trial_0015_bite_010,trial_0015,withdrawal,contextual_promp,-0.030566319930332177,0.08604618308126624,0.0717874634989188,0.13441751901211,0.13853005636331178,0.10302438986539875,0.0681576992766528,True
trial_0015_bite_011_transfer,trial_0015_bite_011,trial_0015,transfer,retrieval,0.010426012398484851,0.03939533529497988,0.03358435372559764,0.05970507767362045,0.06174709169816135,0.06739055778949321,0.06269649437609952,True
trial_0015_bite_011_transfer,trial_0015_bite_011,trial_0015,transfer,contextual_promp,0.010426012398484851,0.019584789115343098,0.017156884024388502,0.0345664655707823,0.03663088212067489,0.05593863000865996,0.052548076354854964,True
trial_0015_bite_011_withdrawal,trial_0015_bite_011,trial_0015,withdrawal,retrieval,-0.03142521182103941,0.06096365837467514,0.05172315919256612,0.10961675623782641,0.11167700418401114,0.18362451942270258,0.1342881871045821,True
trial_0015_bite_011_withdrawal,trial_0015_bite_011,trial_0015,withdrawal,contextual_promp,-0.03142521182103941,0.060729653509947745,0.054621389788122955,0.09845889112393755,0.10050118182741294,0.14205099641734736,0.10493311591466026,True
trial_0015_bite_012_withdrawal,trial_0015_bite_012,trial_0015,withdrawal,retrieval,-0.029325755356868346,0.15081408164101792,0.1262178181047843,0.2405878560298954,0.2571233082311114,0.09414683195095747,0.06739691136640663,True
trial_0015_bite_012_withdrawal,trial_0015_bite_012,trial_0015,withdrawal,contextual_promp,-0.029325755356868346,0.09872106434955916,0.0828409292999813,0.13728236366048607,0.1396667598714748,0.042640555914754914,0.035990267841610114,True
trial_0015_bite_013_transfer,trial_0015_bite_013,trial_0015,transfer,retrieval,0.03016468554217649,0.01860324413767646,0.016006707404184854,0.030687693967899665,0.034320919871967226,0.10194426555036562,0.08984581902124274,True
trial_0015_bite_013_transfer,trial_0015_bite_013,trial_0015,transfer,contextual_promp,0.03016468554217649,0.03031976917233478,0.025683927334875376,0.04690130246435098,0.049045218795084444,0.11491672565447451,0.1009712378926522,True
trial_0015_bite_013_withdrawal,trial_0015_bite_013,trial_0015,withdrawal,retrieval,-0.04510354827444753,0.055171970648152095,0.04861299522433458,0.07654867404139781,0.08029838295819443,0.05477495593123198,0.05057091245136353,True
trial_0015_bite_013_withdrawal,trial_0015_bite_013,trial_0015,withdrawal,contextual_promp,-0.04510354827444753,0.10962389270870583,0.09407743484611936,0.17072557906804964,0.17785729993797317,0.10707438886108603,0.09606295739954276,True
trial_0015_bite_014_transfer,trial_0015_bite_014,trial_0015,transfer,retrieval,0.0012104478596214711,0.02384563238931893,0.021071414504844503,0.038180760001591096,0.039483865936917995,0.05036737621190331,0.04235686114611567,True
trial_0015_bite_014_transfer,trial_0015_bite_014,trial_0015,transfer,contextual_promp,0.0012104478596214711,0.009498199810249339,0.007619861322287564,0.017400151149899405,0.021249422080440727,0.04938482684746946,0.04244919955844047,True
trial_0015_bite_014_withdrawal,trial_0015_bite_014,trial_0015,withdrawal,retrieval,-0.046485456412339476,0.17599808472997616,0.13781103363248462,0.2692953066602558,0.28066064459411266,0.10047700247172865,0.08516975897817809,True
trial_0015_bite_014_withdrawal,trial_0015_bite_014,trial_0015,withdrawal,contextual_promp,-0.046485456412339476,0.13413804721452435,0.10788767625459081,0.2063497718825717,0.2098623256973811,0.062421304386600825,0.057270343004280244,True
trial_0015_bite_015_transfer,trial_0015_bite_015,trial_0015,transfer,retrieval,-0.007831991066542105,0.0659794576453118,0.05762413477787847,0.10356806726791556,0.10582253888099173,0.027066809819270968,0.022655022143949346,True
trial_0015_bite_015_transfer,trial_0015_bite_015,trial_0015,transfer,contextual_promp,-0.007831991066542105,0.04531075393884392,0.04239156186001879,0.06601537261467821,0.0688984716565295,0.017968491064557387,0.014654580055718942,True
trial_0015_bite_015_withdrawal,trial_0015_bite_015,trial_0015,withdrawal,retrieval,-0.04051664418173728,0.1046791607646098,0.08524107535014967,0.1922455102804348,0.19846006989858728,0.1345500797109963,0.12146130396776958,True
trial_0015_bite_015_withdrawal,trial_0015_bite_015,trial_0015,withdrawal,contextual_promp,-0.04051664418173728,0.10050196271605297,0.09038613187738914,0.1407226622829003,0.1429322756014903,0.13521374594185703,0.12660947613125345,True
trial_0015_bite_016_transfer,trial_0015_bite_016,trial_0015,transfer,retrieval,-0.02966526997325829,0.03273261476776968,0.02684287240247572,0.054133797633588,0.058284263020126126,0.046137744287236965,0.03781392073996659,True
trial_0015_bite_016_transfer,trial_0015_bite_016,trial_0015,transfer,contextual_promp,-0.02966526997325829,0.02812049067726412,0.025171807534934188,0.042492506658455415,0.04391823054935451,0.04676159707646495,0.03749715624484368,True
trial_0015_bite_016_withdrawal,trial_0015_bite_016,trial_0015,withdrawal,retrieval,-0.06895741246062062,0.05408892112465636,0.042997763919494086,0.09230765002164222,0.09822414721142891,0.05632278107019564,0.04501972161607249,True
trial_0015_bite_016_withdrawal,trial_0015_bite_016,trial_0015,withdrawal,contextual_promp,-0.06895741246062062,0.06220063923734298,0.055382077421317046,0.09919724839744282,0.10426506879343675,0.059654555386665094,0.049756752908717235,True
trial_0015_bite_017_transfer,trial_0015_bite_017,trial_0015,transfer,retrieval,0.01407363181979043,0.020675069053003505,0.016691561833802493,0.04044623660886236,0.04252529968497769,0.06121004677940881,0.05496744003737158,True
trial_0015_bite_017_transfer,trial_0015_bite_017,trial_0015,transfer,contextual_promp,0.01407363181979043,0.010868212797755723,0.008863825363967374,0.02335129117432545,0.027630580867981296,0.048488336403732804,0.04319207424447408,True
trial_0015_bite_017_withdrawal,trial_0015_bite_017,trial_0015,withdrawal,retrieval,-0.07637356162710666,0.1874466141137491,0.17005716877811977,0.2717194368843261,0.27514108953334204,0.18323533009344165,0.15530946618353159,True
trial_0015_bite_017_withdrawal,trial_0015_bite_017,trial_0015,withdrawal,contextual_promp,-0.07637356162710666,0.08231568424224987,0.07552644379772566,0.11857319069909078,0.12286041285929356,0.09171970150610118,0.07615057936159295,True
trial_0015_bite_018_transfer,trial_0015_bite_018,trial_0015,transfer,retrieval,0.005225883459320981,0.011284842543075518,0.010078007129895051,0.017322946395130975,0.01979458507120102,0.02816757332079769,0.02033030030081876,True
trial_0015_bite_018_transfer,trial_0015_bite_018,trial_0015,transfer,contextual_promp,0.005225883459320981,0.03160298784471925,0.028651496213456844,0.04534520051513241,0.048784060984071426,0.03682312448950392,0.033387023636308855,True
trial_0015_bite_018_withdrawal,trial_0015_bite_018,trial_0015,withdrawal,retrieval,-0.07430468519881825,0.030182182680513914,0.022116872002880705,0.06607069295440487,0.06910860109507555,0.04299025567704951,0.030728482447783412,True
trial_0015_bite_018_withdrawal,trial_0015_bite_018,trial_0015,withdrawal,contextual_promp,-0.07430468519881825,0.01964036811701375,0.01655203552220664,0.03354177374456821,0.03768372766908032,0.05531797993619759,0.04350988074532972,True
trial_0015_bite_019_transfer,trial_0015_bite_019,trial_0015,transfer,retrieval,-0.014790635083040255,0.01566688273538159,0.013476269432924301,0.026762338966343086,0.04088862793799422,0.07335856691996868,0.06598655581601366,True
trial_0015_bite_019_transfer,trial_0015_bite_019,trial_0015,transfer,contextual_promp,-0.014790635083040255,0.040733485328114084,0.038772173649441764,0.05649987423976133,0.06374661923271191,0.1063653593381383,0.10056938470217011,True
trial_0015_bite_019_withdrawal,trial_0015_bite_019,trial_0015,withdrawal,retrieval,-0.06408656643946341,0.04758893598204347,0.03530328499304664,0.10763185490490779,0.1127487749500623,0.038204317095750916,0.03003556546579278,True
trial_0015_bite_019_withdrawal,trial_0015_bite_019,trial_0015,withdrawal,contextual_promp,-0.06408656643946341,0.04516555658258518,0.03334196219208588,0.09087174644298707,0.0938830640154531,0.038860060977747524,0.032251183425511906,True
trial_0017_bite_001_transfer,trial_0017_bite_001,trial_0017,transfer,retrieval,0.019245547261552517,0.025469199456887116,0.023225690817827698,0.03849235828507869,0.04492951598456735,0.10074213977007049,0.08303711480650917,True
trial_0017_bite_001_transfer,trial_0017_bite_001,trial_0017,transfer,contextual_promp,0.019245547261552517,0.024343626952196034,0.0221511699234114,0.03536058200959727,0.04156430140233684,0.10227688562922987,0.08427548888963474,True
trial_0017_bite_001_withdrawal,trial_0017_bite_001,trial_0017,withdrawal,retrieval,0.01660494752903842,0.09764353338559305,0.07451194833054067,0.1977250084259069,0.20390178970015882,0.1421781694610916,0.11378325971816558,True
trial_0017_bite_001_withdrawal,trial_0017_bite_001,trial_0017,withdrawal,contextual_promp,0.01660494752903842,0.04863365488341891,0.03809419846776821,0.09407119878500611,0.09864319143880527,0.1107370531212668,0.09103686384305615,True
trial_0017_bite_002_transfer,trial_0017_bite_002,trial_0017,transfer,retrieval,0.02201725477572613,0.008803979574311158,0.006584974290705833,0.018417791150371454,0.019653995628148346,0.2543532582969449,0.2320826719939433,True
trial_0017_bite_002_transfer,trial_0017_bite_002,trial_0017,transfer,contextual_promp,0.02201725477572613,0.012785433287700501,0.010564827839581094,0.024358046390506788,0.027021544821100838,0.25947643412903604,0.2360685455765815,True
trial_0017_bite_002_withdrawal,trial_0017_bite_002,trial_0017,withdrawal,retrieval,0.022234711809007365,0.16372800178360702,0.13668049631703078,0.29337751337651513,0.30425786732452564,0.1773110335819855,0.13012325643143913,True
trial_0017_bite_002_withdrawal,trial_0017_bite_002,trial_0017,withdrawal,contextual_promp,0.022234711809007365,0.05474327892962015,0.040703942677361334,0.11316886874321284,0.1203663846785712,0.10266636513401395,0.08805195945967212,True
trial_0017_bite_003_withdrawal,trial_0017_bite_003,trial_0017,withdrawal,retrieval,0.01550932650294014,0.07946827059382931,0.05930675788752644,0.1543498559688025,0.1601711583668657,0.13798185577767055,0.10757290569317833,True
trial_0017_bite_003_withdrawal,trial_0017_bite_003,trial_0017,withdrawal,contextual_promp,0.01550932650294014,0.057570698270745305,0.04820612896049419,0.10640746140773381,0.1120517607446178,0.1181624396383687,0.09862351285005229,True
trial_0017_bite_004_withdrawal,trial_0017_bite_004,trial_0017,withdrawal,retrieval,0.010368197358778171,0.111650581516568,0.08520783219457644,0.2101430674646075,0.2199558598012072,0.15069887116224154,0.12414620160835395,True
trial_0017_bite_004_withdrawal,trial_0017_bite_004,trial_0017,withdrawal,contextual_promp,0.010368197358778171,0.0671477057496641,0.05706507638764701,0.10247124997280692,0.10775074136241146,0.13682850287570403,0.11266569458313748,True
trial_0017_bite_005_transfer,trial_0017_bite_005,trial_0017,transfer,retrieval,0.01088584905961302,0.01342349162349145,0.011258934863249337,0.023015504383316746,0.02616094057006038,0.03213841134282197,0.02463689261283993,True
trial_0017_bite_005_transfer,trial_0017_bite_005,trial_0017,transfer,contextual_promp,0.01088584905961302,0.012420705394806353,0.01114319109857795,0.021313555163691753,0.02316388015369701,0.03131184229707224,0.02478125919088302,True
trial_0017_bite_005_withdrawal,trial_0017_bite_005,trial_0017,withdrawal,retrieval,0.014210544144030628,0.020608666806525285,0.01856437677870769,0.032752413079406184,0.036372608191901704,0.09153871300230944,0.08420265274198532,True
trial_0017_bite_005_withdrawal,trial_0017_bite_005,trial_0017,withdrawal,contextual_promp,0.014210544144030628,0.05653470679582546,0.05181147660201342,0.08226000031448183,0.08516587423888414,0.15341204876825962,0.13770148942472624,True
trial_0017_bite_006_transfer,trial_0017_bite_006,trial_0017,transfer,retrieval,0.00874264165348348,0.023434208857583454,0.021142512015050526,0.035777386726356886,0.03865538455970452,0.025790601977529443,0.01948793053261074,True
trial_0017_bite_006_transfer,trial_0017_bite_006,trial_0017,transfer,contextual_promp,0.00874264165348348,0.020842136200124754,0.019581808082575605,0.027931262034871618,0.029267018914328587,0.029372866793633885,0.019962000157492162,True
trial_0017_bite_006_withdrawal,trial_0017_bite_006,trial_0017,withdrawal,retrieval,0.021789625339524138,0.17468936787581207,0.1450178742000162,0.30330533802491516,0.30706556437882726,0.3331064190441051,0.2796156204196063,True
trial_0017_bite_006_withdrawal,trial_0017_bite_006,trial_0017,withdrawal,contextual_promp,0.021789625339524138,0.11555686595419433,0.09885510290239952,0.18945299242744293,0.19833108020835608,0.2790664291865365,0.2349431947688639,True
trial_0017_bite_007_transfer,trial_0017_bite_007,trial_0017,transfer,retrieval,0.009302244668492452,0.01200226731751233,0.010489373311883732,0.019755003816636613,0.025385610003601865,0.04365591834377359,0.032117684840197405,True
trial_0017_bite_007_transfer,trial_0017_bite_007,trial_0017,transfer,contextual_promp,0.009302244668492452,0.012939986660303925,0.010074783840394666,0.023969828117428316,0.025503281044264435,0.046694648993149436,0.034642999966553435,True
trial_0017_bite_007_withdrawal,trial_0017_bite_007,trial_0017,withdrawal,retrieval,0.007853620897530696,0.035211826381287954,0.027564306798186475,0.06521811403899624,0.07211797312491564,0.08319538005413687,0.06790166741642198,True
trial_0017_bite_007_withdrawal,trial_0017_bite_007,trial_0017,withdrawal,contextual_promp,0.007853620897530696,0.029750406297571155,0.025799280960925847,0.052752950473135385,0.05686048845667896,0.07531026279017211,0.06871635568934562,True
trial_0017_bite_008_withdrawal,trial_0017_bite_008,trial_0017,withdrawal,retrieval,0.008834028570502287,0.17171073360268158,0.11883354162157801,0.3064087859634197,0.31746116237306476,0.1661476343321017,0.12054538968102842,True
trial_0017_bite_008_withdrawal,trial_0017_bite_008,trial_0017,withdrawal,contextual_promp,0.008834028570502287,0.042721597718282156,0.034024553571287745,0.08126471759085749,0.08577091434245851,0.0678011820250926,0.059345479649830994,True
trial_0017_bite_009_transfer,trial_0017_bite_009,trial_0017,transfer,retrieval,0.012368632358303254,0.0173332629923553,0.013764984905655035,0.032071405113501525,0.03626555946116124,0.05770145871501083,0.04821464920410543,True
trial_0017_bite_009_transfer,trial_0017_bite_009,trial_0017,transfer,contextual_promp,0.012368632358303254,0.019648875095252625,0.014613862912613247,0.04226634526034927,0.04542276693829778,0.0452294954445698,0.03580136740451818,True
trial_0017_bite_009_withdrawal,trial_0017_bite_009,trial_0017,withdrawal,retrieval,0.019434246924806664,0.06094358982898119,0.04800039024955433,0.11297337919728104,0.12637780664474418,0.08901353155862655,0.07547999033853675,True
trial_0017_bite_009_withdrawal,trial_0017_bite_009,trial_0017,withdrawal,contextual_promp,0.019434246924806664,0.02198538998416473,0.0197366416726163,0.03886049502928074,0.042921996955826644,0.05154564892111152,0.04677030608451445,True
trial_0017_bite_010_transfer,trial_0017_bite_010,trial_0017,transfer,retrieval,0.012044420476962867,0.00976825680136218,0.008128576549480404,0.01812632035685975,0.023467584190025315,0.02750191910838135,0.024686935286847494,True
trial_0017_bite_010_transfer,trial_0017_bite_010,trial_0017,transfer,contextual_promp,0.012044420476962867,0.010634539200621778,0.0077424043963377565,0.025076647970476082,0.02766885110509701,0.03043147781282179,0.027353384579325526,True
trial_0017_bite_010_withdrawal,trial_0017_bite_010,trial_0017,withdrawal,retrieval,0.014198710601551133,0.05612246647199266,0.05061864816097731,0.08021920581347267,0.08517448882977317,0.18052497640265927,0.160020651962971,True
trial_0017_bite_010_withdrawal,trial_0017_bite_010,trial_0017,withdrawal,contextual_promp,0.014198710601551133,0.11262914012839259,0.09630601470548644,0.1749158626957367,0.18261982851508948,0.2377958528445607,0.2057485191619215,True
trial_0017_bite_011_transfer,trial_0017_bite_011,trial_0017,transfer,retrieval,0.010091629082176543,0.012450439084758213,0.010385433177809869,0.024646691032805708,0.029848397759319925,0.02712560942413448,0.020223259347558423,True
trial_0017_bite_011_transfer,trial_0017_bite_011,trial_0017,transfer,contextual_promp,0.010091629082176543,0.011786659444197588,0.009210290612113311,0.02527129455027735,0.03468374732903169,0.02744160572596029,0.019486859195088874,True
trial_0017_bite_011_withdrawal,trial_0017_bite_011,trial_0017,withdrawal,retrieval,0.0016771441792606968,0.05823986822515967,0.047369651020998146,0.09153570437081297,0.09578694218234893,0.0442586119893071,0.037641449046175925,True
trial_0017_bite_011_withdrawal,trial_0017_bite_011,trial_0017,withdrawal,contextual_promp,0.0016771441792606968,0.017945226819832034,0.014729316759505175,0.03344148977766098,0.03998815736753525,0.031759934640268925,0.027438732594643883,True
trial_0017_bite_012_transfer,trial_0017_bite_012,trial_0017,transfer,retrieval,0.009268368114382227,0.036585460122753974,0.03430070664761284,0.05310079659352704,0.06082179764169249,0.12779347549382739,0.11899600362328597,True
trial_0017_bite_012_transfer,trial_0017_bite_012,trial_0017,transfer,contextual_promp,0.009268368114382227,0.03438614038079776,0.03214190942660972,0.04906147822177048,0.053005585264731356,0.1251621246653744,0.11683720640228283,True
trial_0017_bite_012_withdrawal,trial_0017_bite_012,trial_0017,withdrawal,retrieval,0.007140627742407398,0.053008497087074925,0.04376923015017897,0.09269758447334984,0.10096611041584716,0.09342273183840348,0.07868285765100785,True
trial_0017_bite_012_withdrawal,trial_0017_bite_012,trial_0017,withdrawal,contextual_promp,0.007140627742407398,0.011438642940327131,0.00951080078767598,0.02126108330429829,0.024733180694129678,0.05025363213523756,0.04387714611179188,True
trial_0017_bite_013_transfer,trial_0017_bite_013,trial_0017,transfer,retrieval,0.012909013372621432,0.025191278952601683,0.020886568140256048,0.04368138764830167,0.046215373977660006,0.02593881905101639,0.02340469570338366,True
trial_0017_bite_013_transfer,trial_0017_bite_013,trial_0017,transfer,contextual_promp,0.012909013372621432,0.033035816883532736,0.026687628967564964,0.05577074103923126,0.059100909969795605,0.036005131398250075,0.032283894933172554,True
trial_0017_bite_013_withdrawal,trial_0017_bite_013,trial_0017,withdrawal,retrieval,0.014029906573920893,0.060711989984249405,0.04501324699010699,0.11788301282258899,0.12873234311240098,0.13090808756078384,0.10972693982413756,True
trial_0017_bite_013_withdrawal,trial_0017_bite_013,trial_0017,withdrawal,contextual_promp,0.014029906573920893,0.04477626585338683,0.032986773947318526,0.0856357236185182,0.09619289197613963,0.1231293052753037,0.10173228849544023,True
trial_0017_bite_014_transfer,trial_0017_bite_014,trial_0017,transfer,retrieval,0.011600427959188602,0.015434539475857906,0.013188341405647426,0.026933034620299282,0.029501134251849748,0.1064193786822003,0.09364301105655105,True
trial_0017_bite_014_transfer,trial_0017_bite_014,trial_0017,transfer,contextual_promp,0.011600427959188602,0.023362741076098714,0.02158293329143838,0.0393841213395023,0.0412195953095876,0.1133180977856821,0.10214717728181212,True
trial_0017_bite_014_withdrawal,trial_0017_bite_014,trial_0017,withdrawal,retrieval,0.007437411880110977,0.1606954223161817,0.10850772521585782,0.32735662303151275,0.34468866477337784,0.23264477346264786,0.17012831133186432,True
trial_0017_bite_014_withdrawal,trial_0017_bite_014,trial_0017,withdrawal,contextual_promp,0.007437411880110977,0.10756083050012602,0.07023833283471385,0.22616998286299494,0.24453267083613126,0.1765256977535827,0.13192009374485283,True
trial_0017_bite_015_transfer,trial_0017_bite_015,trial_0017,transfer,retrieval,0.012618824152673397,0.014610318088103265,0.011600470861334783,0.026809822943143893,0.03393709161487128,0.05608826098207717,0.047576869847563444,True
trial_0017_bite_015_transfer,trial_0017_bite_015,trial_0017,transfer,contextual_promp,0.012618824152673397,0.01507092800920668,0.01127019619276855,0.030000858058929446,0.03655627277789249,0.05515785424916808,0.048152446990859896,True
trial_0017_bite_015_withdrawal,trial_0017_bite_015,trial_0017,withdrawal,retrieval,0.006275168506482855,0.03304878122808451,0.024591675224503153,0.07383035528605364,0.08149938835270251,0.5607995830544076,0.21501285915532514,True
trial_0017_bite_015_withdrawal,trial_0017_bite_015,trial_0017,withdrawal,contextual_promp,0.006275168506482855,0.05569103452427679,0.04915696154406546,0.08998999702291416,0.09250889526846223,0.5605680809933301,0.22040461233595304,True
trial_0019_bite_001_transfer,trial_0019_bite_001,trial_0019,transfer,retrieval,0.02154304175086475,0.03352824049968663,0.029622568516791258,0.04757504334397747,0.05327257781573496,0.04494454008740163,0.03597897706512663,True
trial_0019_bite_001_transfer,trial_0019_bite_001,trial_0019,transfer,contextual_promp,0.02154304175086475,0.026970413458728984,0.024781881942983905,0.03591389256476091,0.03764868123585777,0.042579475860584526,0.030903017073484904,True
trial_0019_bite_001_withdrawal,trial_0019_bite_001,trial_0019,withdrawal,retrieval,0.008047132679320662,0.02266805084618477,0.019345451027983667,0.040697520881015185,0.04473680338610486,0.07524100788517338,0.05938553619339355,True
trial_0019_bite_001_withdrawal,trial_0019_bite_001,trial_0019,withdrawal,contextual_promp,0.008047132679320662,0.025664030342199613,0.02028007686958654,0.044254332824535184,0.04581239458006221,0.09389733785673751,0.0739868268636189,True
trial_0019_bite_002_transfer,trial_0019_bite_002,trial_0019,transfer,retrieval,0.012293478782153583,0.028136010291647726,0.020746654181904304,0.05344640515922162,0.05560868455251351,0.038585523168545265,0.028820680903346486,True
trial_0019_bite_002_transfer,trial_0019_bite_002,trial_0019,transfer,contextual_promp,0.012293478782153583,0.008296706694646582,0.007594229555344359,0.01284389059002411,0.01580702774849974,0.022800398340266665,0.01987054388593398,True
trial_0019_bite_002_withdrawal,trial_0019_bite_002,trial_0019,withdrawal,retrieval,0.009540139676487739,0.04235023815557484,0.03340560226972868,0.0804930294859129,0.08711170406857327,0.10193283898979907,0.08592978871052019,True
trial_0019_bite_002_withdrawal,trial_0019_bite_002,trial_0019,withdrawal,contextual_promp,0.009540139676487739,0.03307295728407572,0.026443040072999486,0.06080091908804519,0.06866250884915187,0.1269379002822839,0.1065646103920496,True
trial_0019_bite_003_transfer,trial_0019_bite_003,trial_0019,transfer,retrieval,0.015601818890752588,0.028643010817611555,0.022098649882519004,0.049953853158673595,0.052700198519652706,0.11248519991605786,0.10068789398791514,True
trial_0019_bite_003_transfer,trial_0019_bite_003,trial_0019,transfer,contextual_promp,0.015601818890752588,0.023997953632974328,0.021113984226920225,0.03573018026335138,0.03623551528522695,0.11214844984833863,0.10041688363881728,True
trial_0019_bite_003_withdrawal,trial_0019_bite_003,trial_0019,withdrawal,retrieval,0.009064282007081226,0.1229253930096766,0.10391110746128221,0.18653386540942762,0.19455225465927672,0.06345243767865756,0.04775452577182174,True
trial_0019_bite_003_withdrawal,trial_0019_bite_003,trial_0019,withdrawal,contextual_promp,0.009064282007081226,0.094237534489489,0.07958087916124203,0.13489888149758106,0.1376721468361591,0.033257839492677445,0.026924348808725813,True
trial_0019_bite_004_transfer,trial_0019_bite_004,trial_0019,transfer,retrieval,0.014286612943093248,0.017791195666306086,0.015168823860652847,0.027437287911386957,0.028803053265861675,0.11171514002555742,0.1046217550340517,True
trial_0019_bite_004_transfer,trial_0019_bite_004,trial_0019,transfer,contextual_promp,0.014286612943093248,0.014183446061172304,0.01272676514512368,0.02189446101422471,0.02286499580588089,0.1109248017134591,0.10280901481830663,True
trial_0019_bite_004_withdrawal,trial_0019_bite_004,trial_0019,withdrawal,retrieval,0.003788302367000356,0.017445061565507108,0.013306731494790952,0.036983972225319184,0.04154749900690452,0.09170684931523003,0.07977903033042248,True
trial_0019_bite_004_withdrawal,trial_0019_bite_004,trial_0019,withdrawal,contextual_promp,0.003788302367000356,0.03399062354665714,0.028890056194462364,0.05534344444286783,0.06093172999641651,0.10847356460892936,0.08817731363799475,True
trial_0019_bite_005_transfer,trial_0019_bite_005,trial_0019,transfer,retrieval,0.014787964635237247,0.008877697793417905,0.007820587501773885,0.013786224843914575,0.014973780560217156,0.06188367333633414,0.05523139967911564,True
trial_0019_bite_005_transfer,trial_0019_bite_005,trial_0019,transfer,contextual_promp,0.014787964635237247,0.01255695826484001,0.011055008806100044,0.01949113413747329,0.01999532005658186,0.06815513774831343,0.06186202731889326,True
trial_0019_bite_005_withdrawal,trial_0019_bite_005,trial_0019,withdrawal,retrieval,0.009674799550879751,0.13980259979649387,0.10450183791321283,0.3076517110311707,0.340384449480441,0.25662135662782376,0.18878436593883566,True
trial_0019_bite_005_withdrawal,trial_0019_bite_005,trial_0019,withdrawal,contextual_promp,0.009674799550879751,0.19231537705948687,0.14560388611460728,0.3079324197931748,0.31199645922963337,0.3290848166260609,0.2736854627498618,True
trial_0019_bite_006_transfer,trial_0019_bite_006,trial_0019,transfer,retrieval,0.01797168257262593,0.02579892616890077,0.01833886873476963,0.04512493217541858,0.04974201684801987,0.040725772830856516,0.03656126315444778,True
trial_0019_bite_006_transfer,trial_0019_bite_006,trial_0019,transfer,contextual_promp,0.01797168257262593,0.009057831988427729,0.006843906658420856,0.018102324779934852,0.02078150013958107,0.03284557384843237,0.02555047334049654,True
trial_0019_bite_006_withdrawal,trial_0019_bite_006,trial_0019,withdrawal,retrieval,-0.0024737002195131027,0.1351385603639862,0.10905892154375342,0.24045168216871204,0.244662555869484,0.12145096238945276,0.09067059168786931,True
trial_0019_bite_006_withdrawal,trial_0019_bite_006,trial_0019,withdrawal,contextual_promp,-0.0024737002195131027,0.13247598240693662,0.111905823528072,0.20291689580058275,0.2260121132741681,0.09648462695083777,0.0827332830861312,True
trial_0019_bite_007_transfer,trial_0019_bite_007,trial_0019,transfer,retrieval,0.01236082064343637,0.02899762277896508,0.024649855515656304,0.042103876419584886,0.04490004052567867,0.0555154799558721,0.043308256111304094,True
trial_0019_bite_007_transfer,trial_0019_bite_007,trial_0019,transfer,contextual_promp,0.01236082064343637,0.00943348699948133,0.008471859629196983,0.013721508650003378,0.01475933154097301,0.03225164986089332,0.02780158805637253,True
trial_0019_bite_007_withdrawal,trial_0019_bite_007,trial_0019,withdrawal,retrieval,-0.007806889364133802,0.16805526050291753,0.13488036571765838,0.28071215537234956,0.28666090801505534,0.14660707568500278,0.11586482687528844,True
trial_0019_bite_007_withdrawal,trial_0019_bite_007,trial_0019,withdrawal,contextual_promp,-0.007806889364133802,0.15675797260372554,0.13574557235221152,0.23632589317651942,0.24299742516186654,0.12655261930032255,0.11404217047844484,True
trial_0019_bite_008_transfer,trial_0019_bite_008,trial_0019,transfer,retrieval,0.013964547055650528,0.011714789381024255,0.008317024088413059,0.02405460232669937,0.029782472880384145,0.06520636294392403,0.059924259594944955,True
trial_0019_bite_008_transfer,trial_0019_bite_008,trial_0019,transfer,contextual_promp,0.013964547055650528,0.010565324997268127,0.00849071036182986,0.020940906891435903,0.022377976437275626,0.07038453210065691,0.06739215838046443,True
trial_0019_bite_008_withdrawal,trial_0019_bite_008,trial_0019,withdrawal,retrieval,-0.01072303888448362,0.14620818453464113,0.11622521919308129,0.23511948877540967,0.24565887779442908,0.09050163255465492,0.054710240523334,True
trial_0019_bite_008_withdrawal,trial_0019_bite_008,trial_0019,withdrawal,contextual_promp,-0.01072303888448362,0.05324085323178592,0.041687074208850435,0.09492415075389316,0.09685002761047846,0.15160337944121063,0.128041422650419,True
trial_0019_bite_009_transfer,trial_0019_bite_009,trial_0019,transfer,retrieval,0.0127325125310762,0.015871553516499357,0.01402734495426977,0.025261571388343146,0.025775181622591833,0.025344234781475353,0.0201078783094366,True
trial_0019_bite_009_transfer,trial_0019_bite_009,trial_0019,transfer,contextual_promp,0.0127325125310762,0.0077037278902642005,0.006883763228784362,0.012539674388577476,0.013768018367147332,0.03317322796706204,0.03134527196438681,True
trial_0019_bite_009_withdrawal,trial_0019_bite_009,trial_0019,withdrawal,retrieval,0.005089470821220384,0.09248005430405042,0.07117632643180144,0.18093132672243745,0.1855707611055477,0.08515159725496782,0.06762789603259853,True
trial_0019_bite_009_withdrawal,trial_0019_bite_009,trial_0019,withdrawal,contextual_promp,0.005089470821220384,0.09711862350591122,0.0752301878501289,0.15032109987988176,0.15328936581078845,0.06179627077642747,0.049505323390090644,True
trial_0019_bite_010_transfer,trial_0019_bite_010,trial_0019,transfer,retrieval,0.01179182698905728,0.02266804730191007,0.015982549396131196,0.04812154952065338,0.052419795181368106,0.04368304475684224,0.036949679376424266,True
trial_0019_bite_010_transfer,trial_0019_bite_010,trial_0019,transfer,contextual_promp,0.01179182698905728,0.011179220741265214,0.009992556356561785,0.018453855528969436,0.01957832147952123,0.02890329593377499,0.024642951069989937,True
trial_0019_bite_010_withdrawal,trial_0019_bite_010,trial_0019,withdrawal,retrieval,-0.010342914958834331,0.1237551541346938,0.09962113690045606,0.2130077906007558,0.2180870180811934,0.07295583426744116,0.06061110653806556,True
trial_0019_bite_010_withdrawal,trial_0019_bite_010,trial_0019,withdrawal,contextual_promp,-0.010342914958834331,0.032817033737179015,0.02410194819774571,0.0670369153205308,0.0770769887708202,0.07068973506083559,0.056367285986153544,True
trial_0019_bite_011_transfer,trial_0019_bite_011,trial_0019,transfer,retrieval,0.014845560146271032,0.01859611789891993,0.015298019653645694,0.03710387618072707,0.040912493301161305,0.08887548911126604,0.07892201850901014,True
trial_0019_bite_011_transfer,trial_0019_bite_011,trial_0019,transfer,contextual_promp,0.014845560146271032,0.015999193113316636,0.013060547602883612,0.027749210314951686,0.0332153759813207,0.078990804116039,0.0684576894330004,True
trial_0019_bite_011_withdrawal,trial_0019_bite_011,trial_0019,withdrawal,retrieval,-0.007431796744196631,0.08749728755296038,0.07000899689809867,0.16865999482065283,0.1745194146437521,0.13234957436321093,0.11556101089949604,True
trial_0019_bite_011_withdrawal,trial_0019_bite_011,trial_0019,withdrawal,contextual_promp,-0.007431796744196631,0.04875889749388335,0.03902894023372338,0.08829385384515533,0.10325834540692441,0.23114732781178135,0.205732290548996,True
trial_0019_bite_012_transfer,trial_0019_bite_012,trial_0019,transfer,retrieval,0.017734604917908403,0.01281909067590967,0.010086214042360667,0.025293746070588298,0.028949653446370252,0.021238280205987867,0.0166501162798898,True
trial_0019_bite_012_transfer,trial_0019_bite_012,trial_0019,transfer,contextual_promp,0.017734604917908403,0.01323358296069969,0.011631289575025468,0.02253819179922162,0.02404064320533528,0.011176198731381924,0.009738269651084912,True
trial_0019_bite_012_withdrawal,trial_0019_bite_012,trial_0019,withdrawal,retrieval,-0.00729888381101342,0.07090131640784426,0.061108271871813856,0.12379169195847733,0.13339130378112346,0.10794787411936614,0.08323254042948824,True
trial_0019_bite_012_withdrawal,trial_0019_bite_012,trial_0019,withdrawal,contextual_promp,-0.00729888381101342,0.04069497613377498,0.03085762739446956,0.06815969902892788,0.06958799238187365,0.0286033382630638,0.025155313574798284,True
trial_0019_bite_013_transfer,trial_0019_bite_013,trial_0019,transfer,retrieval,0.017217765285133295,0.027593855858686903,0.022735625487904865,0.04725879293449255,0.05088427406811709,0.03569026898225473,0.031796514045934386,True
trial_0019_bite_013_transfer,trial_0019_bite_013,trial_0019,transfer,contextual_promp,0.017217765285133295,0.010104789941204667,0.008831216324825782,0.01711654983802355,0.020438610053514383,0.029411835089169062,0.02657270529755206,True
trial_0019_bite_013_withdrawal,trial_0019_bite_013,trial_0019,withdrawal,retrieval,-0.011241386592059572,0.0496318731829016,0.03817123856598218,0.08776879090979561,0.1012579366718041,0.13727080600975128,0.11345759826855961,True
trial_0019_bite_013_withdrawal,trial_0019_bite_013,trial_0019,withdrawal,contextual_promp,-0.011241386592059572,0.020738232970615278,0.01718379793548983,0.03646042223183743,0.05137894566431441,0.13711966118844757,0.11215126932308525,True
trial_0019_bite_014_transfer,trial_0019_bite_014,trial_0019,transfer,retrieval,0.02635076724912392,0.031203008779875092,0.030154310595374312,0.03911794525234307,0.0407848010018422,0.1320376551834047,0.127101385045819,True
trial_0019_bite_014_transfer,trial_0019_bite_014,trial_0019,transfer,contextual_promp,0.02635076724912392,0.0177094426615699,0.01487454119995602,0.031940841680005556,0.032222705789032156,0.1085293472304947,0.10272013244084201,True
trial_0019_bite_014_withdrawal,trial_0019_bite_014,trial_0019,withdrawal,retrieval,-0.006303706501476608,0.09878959728822495,0.07773677532694087,0.18553467748985675,0.19055144368737725,0.07931099636532751,0.06999061785371637,True
trial_0019_bite_014_withdrawal,trial_0019_bite_014,trial_0019,withdrawal,contextual_promp,-0.006303706501476608,0.09269619933480738,0.0750371803903907,0.13989640845937668,0.1459708932282795,0.10690780107143762,0.0934404167851206,True
trial_0019_bite_015_transfer,trial_0019_bite_015,trial_0019,transfer,retrieval,0.01606513367680005,0.02347696344086296,0.018784050386939415,0.04336120945723796,0.04719160133408301,0.026009358879159394,0.022936922765659312,True
trial_0019_bite_015_transfer,trial_0019_bite_015,trial_0019,transfer,contextual_promp,0.01606513367680005,0.011030394318292966,0.009760477798375357,0.019667124529041402,0.021698575210054305,0.03437490758889017,0.03218231440248885,True
trial_0019_bite_015_withdrawal,trial_0019_bite_015,trial_0019,withdrawal,retrieval,-0.007218944761837506,0.09096224030351674,0.06296434512144028,0.17559831081742217,0.18072744262762377,0.07159222223299899,0.0590960164648222,True
trial_0019_bite_015_withdrawal,trial_0019_bite_015,trial_0019,withdrawal,contextual_promp,-0.007218944761837506,0.06964262486307429,0.05009116244172906,0.1325496980764615,0.14509413119495085,0.04663810235986417,0.04028973424395705,True
trial_0019_bite_016_transfer,trial_0019_bite_016,trial_0019,transfer,retrieval,0.018670085858337904,0.01828488806501778,0.01695947394745621,0.026948015146496876,0.02830867127288274,0.038573462872189955,0.03513023412870947,True
trial_0019_bite_016_transfer,trial_0019_bite_016,trial_0019,transfer,contextual_promp,0.018670085858337904,0.0056922533611044905,0.004763871594902115,0.010172572943408535,0.012130645340191093,0.028751855118921907,0.025733762125524164,True
trial_0019_bite_016_withdrawal,trial_0019_bite_016,trial_0019,withdrawal,retrieval,-0.008752877716263324,0.04283623112018328,0.03443950202418518,0.07694892252053037,0.09514806567339551,0.1387444749180018,0.1182559724790971,True
trial_0019_bite_016_withdrawal,trial_0019_bite_016,trial_0019,withdrawal,contextual_promp,-0.008752877716263324,0.02333953810208771,0.01820039583289744,0.049190179744199036,0.060731746323908105,0.11800210534534565,0.10254824567739981,True
trial_0019_bite_017_transfer,trial_0019_bite_017,trial_0019,transfer,retrieval,0.018383050415026636,0.036721372670006025,0.03405881702788769,0.05197566006528094,0.054054909221465774,0.04093867605196491,0.03402467039132089,True
trial_0019_bite_017_transfer,trial_0019_bite_017,trial_0019,transfer,contextual_promp,0.018383050415026636,0.013598017658719437,0.012393283859256383,0.02143034891695958,0.0244759883954849,0.05852658155590295,0.05595179401682587,True
trial_0019_bite_017_withdrawal,trial_0019_bite_017,trial_0019,withdrawal,retrieval,-0.0071685019998287604,0.039273079553285725,0.03627247845502602,0.0633375432659209,0.06776720165539743,0.059649365213193487,0.04615654186975233,True
trial_0019_bite_017_withdrawal,trial_0019_bite_017,trial_0019,withdrawal,contextual_promp,-0.0071685019998287604,0.06241287463117609,0.05059367653721144,0.10379226686973549,0.1084868845414042,0.09192296871134106,0.06446396554027391,True
trial_0019_bite_018_transfer,trial_0019_bite_018,trial_0019,transfer,retrieval,0.01822012717446623,0.023287256851896764,0.021253469285682672,0.03789975170356235,0.04093974800075268,0.035671928336882236,0.02334646833442309,True
trial_0019_bite_018_transfer,trial_0019_bite_018,trial_0019,transfer,contextual_promp,0.01822012717446623,0.011309495427481138,0.00957886870491068,0.019121452556766422,0.023341518901688174,0.038863603117383204,0.03239164136362933,True
trial_0019_bite_018_withdrawal,trial_0019_bite_018,trial_0019,withdrawal,retrieval,-0.0261225832155281,0.03048839582186455,0.023553994479376967,0.05774432338768691,0.0617766084883339,0.09732014696755603,0.07945951022803473,True
trial_0019_bite_018_withdrawal,trial_0019_bite_018,trial_0019,withdrawal,contextual_promp,-0.0261225832155281,0.02718189077947887,0.023028607780761257,0.04622037466091,0.05004769385711105,0.10244986830549922,0.08753923409888176,True
trial_0019_bite_019_transfer,trial_0019_bite_019,trial_0019,transfer,retrieval,0.016183846795224215,0.021536443134271267,0.014942879299591396,0.04838123443183178,0.05132279183941803,0.12005466209264896,0.10321804815873016,True
trial_0019_bite_019_transfer,trial_0019_bite_019,trial_0019,transfer,contextual_promp,0.016183846795224215,0.010308449381737715,0.008498353955716482,0.02069359750961674,0.021652806973803417,0.11747985133599236,0.10581065689838869,True
trial_0019_bite_019_withdrawal,trial_0019_bite_019,trial_0019,withdrawal,retrieval,-0.024469253217528707,0.03799703810239884,0.027178870769959472,0.07297661619930754,0.08448861124918033,0.08171854265270019,0.06435206440451752,True
trial_0019_bite_019_withdrawal,trial_0019_bite_019,trial_0019,withdrawal,contextual_promp,-0.024469253217528707,0.024664227817951974,0.018862835070513673,0.04893913128668548,0.0659593872396701,0.06003782009628324,0.04629448667800057,True
trial_0019_bite_020_transfer,trial_0019_bite_020,trial_0019,transfer,retrieval,0.02160097304805915,0.012323059153133859,0.010816236302785153,0.019377272748123224,0.02167526239843507,0.02728402920045005,0.0213494426176096,True
trial_0019_bite_020_transfer,trial_0019_bite_020,trial_0019,transfer,contextual_promp,0.02160097304805915,0.009665247307852422,0.008211236964380444,0.016492656386637744,0.020495396092094345,0.02434955002113376,0.021995186339148296,True
trial_0019_bite_020_withdrawal,trial_0019_bite_020,trial_0019,withdrawal,retrieval,-0.0184118454838021,0.1869315533405867,0.15016106197257836,0.3141790276308004,0.3266518841335445,0.16805363412605193,0.1285859046813562,True
trial_0019_bite_020_withdrawal,trial_0019_bite_020,trial_0019,withdrawal,contextual_promp,-0.0184118454838021,0.10964512416321433,0.09021622798607971,0.1690646139539727,0.1760929581805968,0.08424936515394361,0.06942593535720117,True
trial_0019_bite_021_transfer,trial_0019_bite_021,trial_0019,transfer,retrieval,0.020345713842766032,0.023541146719898483,0.017981382577739388,0.04436687290637454,0.0461477472010014,0.02126105102838444,0.018482016101855393,True
trial_0019_bite_021_transfer,trial_0019_bite_021,trial_0019,transfer,contextual_promp,0.020345713842766032,0.007593807420673419,0.0062990881924601515,0.013488790922131441,0.015629215200373192,0.014574207724036998,0.01247598793706936,True
trial_0019_bite_021_withdrawal,trial_0019_bite_021,trial_0019,withdrawal,retrieval,-0.008622679652307423,0.04027764387666672,0.033638125244815055,0.07687234259349472,0.08039080146253184,0.040836192263081494,0.03353093249835185,True
trial_0019_bite_021_withdrawal,trial_0019_bite_021,trial_0019,withdrawal,contextual_promp,-0.008622679652307423,0.07049577382344138,0.05752775161065491,0.12221350055012246,0.13290233298673831,0.06788350153155323,0.0554560419301559,True
trial_0019_bite_022_transfer,trial_0019_bite_022,trial_0019,transfer,retrieval,0.022033931881570934,0.012317242380830224,0.00967406135112468,0.0276993075133881,0.03323455467399701,0.045278144881382355,0.04081679674717919,True
trial_0019_bite_022_transfer,trial_0019_bite_022,trial_0019,transfer,contextual_promp,0.022033931881570934,0.0145076853355222,0.013526944135181598,0.022425539517127953,0.02342720203632504,0.04975741741847348,0.04415147254368457,True
trial_0019_bite_022_withdrawal,trial_0019_bite_022,trial_0019,withdrawal,retrieval,-0.015350412792946,0.10926848192890315,0.06852396785858784,0.21822897941712652,0.22239376949249368,0.1315200421204168,0.08481102705810686,True
trial_0019_bite_022_withdrawal,trial_0019_bite_022,trial_0019,withdrawal,contextual_promp,-0.015350412792946,0.09072735483507097,0.06618220149419647,0.16592242308530744,0.1717694368888497,0.11584768876592345,0.0832663545406668,True
trial_0019_bite_023_transfer,trial_0019_bite_023,trial_0019,transfer,retrieval,0.02422546762081016,0.026677156912302862,0.024927571340967878,0.03660508210721458,0.03858197295899654,0.05792093626317543,0.05563513448347665,True
trial_0019_bite_023_transfer,trial_0019_bite_023,trial_0019,transfer,contextual_promp,0.02422546762081016,0.0034940465002530835,0.0029275219887739375,0.005935913781824036,0.0068766516724241555,0.03514997634329419,0.03357019445365573,True
trial_0019_bite_023_withdrawal,trial_0019_bite_023,trial_0019,withdrawal,retrieval,0.001390092326700976,0.049875351574721935,0.03963719145109688,0.08864989831264151,0.09916480395239285,0.08863765645367462,0.06773912980828234,True
trial_0019_bite_023_withdrawal,trial_0019_bite_023,trial_0019,withdrawal,contextual_promp,0.001390092326700976,0.057643903607222866,0.0432187163899139,0.10518453936572646,0.1138333668972237,0.09791253605702364,0.07470843878206337,True
trial_0019_bite_024_transfer,trial_0019_bite_024,trial_0019,transfer,retrieval,0.022808784350375373,0.01387506982528132,0.01065486215571167,0.03278089443408219,0.03664425469975283,0.09537455945166023,0.09199456270527795,True
trial_0019_bite_024_transfer,trial_0019_bite_024,trial_0019,transfer,contextual_promp,0.022808784350375373,0.011843840319985354,0.010365199695026053,0.017944854802939066,0.01960722676049432,0.07654131491205644,0.07288705689685442,True
trial_0019_bite_024_withdrawal,trial_0019_bite_024,trial_0019,withdrawal,retrieval,-0.008693214768404655,0.09545109631730296,0.07552368732107131,0.1609989938400652,0.16413306911854933,0.1146181954684663,0.0807503468412301,True
trial_0019_bite_024_withdrawal,trial_0019_bite_024,trial_0019,withdrawal,contextual_promp,-0.008693214768404655,0.08874328651859004,0.061470346107892745,0.1632116265439333,0.1705112370723819,0.10745440098000401,0.0847195957536014,True
trial_0019_bite_025_transfer,trial_0019_bite_025,trial_0019,transfer,retrieval,0.020016294844320666,0.01927979499138096,0.018135822402541128,0.028409130473145937,0.03620728862385885,0.06040814041711416,0.05643622882432914,True
trial_0019_bite_025_transfer,trial_0019_bite_025,trial_0019,transfer,contextual_promp,0.020016294844320666,0.006474637377009659,0.005669484547711604,0.01094033552636965,0.012881334752218691,0.043709895419556555,0.03799703855850176,True
trial_0019_bite_025_withdrawal,trial_0019_bite_025,trial_0019,withdrawal,retrieval,-0.005025625550426868,0.14920573261182063,0.12371526463413589,0.214544183388027,0.2180602943970457,0.11143706202264046,0.09303376273989666,True
trial_0019_bite_025_withdrawal,trial_0019_bite_025,trial_0019,withdrawal,contextual_promp,-0.005025625550426868,0.07170335318194228,0.05260353382347096,0.12698470106414228,0.13365142406859318,0.05368187320222197,0.04067001725932932,True
trial_0019_bite_026_transfer,trial_0019_bite_026,trial_0019,transfer,retrieval,0.017066081265195696,0.026867309453645884,0.020390953691071967,0.05227503873265302,0.05509386487257774,0.028978313863021816,0.023826100160021173,True
trial_0019_bite_026_transfer,trial_0019_bite_026,trial_0019,transfer,contextual_promp,0.017066081265195696,0.008402679134270676,0.006404939805773681,0.017079028635889282,0.01796532674179835,0.03174702809379205,0.0264797942030341,True
trial_0019_bite_026_withdrawal,trial_0019_bite_026,trial_0019,withdrawal,retrieval,-0.007518522528437021,0.1384804574871099,0.11986312461496879,0.20018895091222325,0.20418307893426113,0.08249914646690862,0.07530599496194314,True
trial_0019_bite_026_withdrawal,trial_0019_bite_026,trial_0019,withdrawal,contextual_promp,-0.007518522528437021,0.08541267356227558,0.06539172211176403,0.1382227774477786,0.14100425529046676,0.1288000385202296,0.1114119807771252,True
trial_0020_bite_001_transfer,trial_0020_bite_001,trial_0020,transfer,retrieval,0.03447750675468464,0.012179385241070933,0.010449200976507434,0.019277125046909982,0.021487793482154516,0.13144267324120412,0.11625559425360091,True
trial_0020_bite_001_transfer,trial_0020_bite_001,trial_0020,transfer,contextual_promp,0.03447750675468464,0.015604307695641268,0.014177507487779527,0.022372171661229623,0.02312219072769922,0.13477311719679957,0.12193059807260459,True
trial_0020_bite_001_withdrawal,trial_0020_bite_001,trial_0020,withdrawal,retrieval,0.006406758636869617,0.025104776357081162,0.020952682526730444,0.04484892225230334,0.04947196975255949,0.15110223438752712,0.12756645964545857,True
trial_0020_bite_001_withdrawal,trial_0020_bite_001,trial_0020,withdrawal,contextual_promp,0.006406758636869617,0.026106657480959552,0.021767990482579415,0.046499998664486175,0.053927811042676854,0.10908683842379757,0.09386813641865072,True
trial_0020_bite_002_transfer,trial_0020_bite_002,trial_0020,transfer,retrieval,0.027872449134556637,0.00982394024979436,0.008562146756727153,0.01584380407925981,0.019718552531806835,0.11250987277889136,0.09138755960492374,True
trial_0020_bite_002_transfer,trial_0020_bite_002,trial_0020,transfer,contextual_promp,0.027872449134556637,0.017053753056241256,0.01595320475490867,0.025439214343533724,0.028289309869748473,0.09519740563691906,0.07744673081971955,True
trial_0020_bite_002_withdrawal,trial_0020_bite_002,trial_0020,withdrawal,retrieval,0.0060894494267935756,0.05118498529139642,0.04176751425115634,0.08575027291140645,0.094855690768419,0.2663838324197232,0.19783268706327573,True
trial_0020_bite_002_withdrawal,trial_0020_bite_002,trial_0020,withdrawal,contextual_promp,0.0060894494267935756,0.08500857907383351,0.06485351410597259,0.12802790152615443,0.1346368477152856,0.31585438970027846,0.24660411965391804,True
trial_0020_bite_003_transfer,trial_0020_bite_003,trial_0020,transfer,retrieval,0.03038530875335396,0.010539130767270246,0.008366567684124752,0.02269020150668666,0.026732834747957682,0.08676503971145619,0.07827595103849139,True
trial_0020_bite_003_transfer,trial_0020_bite_003,trial_0020,transfer,contextual_promp,0.03038530875335396,0.006629166824002893,0.006006864809277796,0.00999670213865421,0.010633717115534264,0.08588747700478229,0.07609285617059783,True
trial_0020_bite_003_withdrawal,trial_0020_bite_003,trial_0020,withdrawal,retrieval,0.004292789137723455,0.0612667507320282,0.04405106596309178,0.12661051043452295,0.13278105587652045,0.177430993289969,0.12866347047015333,True
trial_0020_bite_003_withdrawal,trial_0020_bite_003,trial_0020,withdrawal,contextual_promp,0.004292789137723455,0.0359403295644044,0.029261601337441732,0.0635345780837797,0.06746209847613373,0.14794569837188531,0.10738550641035327,True
trial_0020_bite_004_transfer,trial_0020_bite_004,trial_0020,transfer,retrieval,0.029044787263019,0.04973112679108236,0.04478373455186943,0.07102239382523429,0.07238513665059079,0.12968361146318091,0.11927059397259637,True
trial_0020_bite_004_transfer,trial_0020_bite_004,trial_0020,transfer,contextual_promp,0.029044787263019,0.023453053935505525,0.021881646576478165,0.034044323595177284,0.035161210561098416,0.10396328061759555,0.09638547360798168,True
trial_0020_bite_004_withdrawal,trial_0020_bite_004,trial_0020,withdrawal,retrieval,0.001468682073069812,0.07407088981119588,0.05916091859196124,0.1171227289502785,0.11984019140084376,0.22774015901949418,0.18980557484680338,True
trial_0020_bite_004_withdrawal,trial_0020_bite_004,trial_0020,withdrawal,contextual_promp,0.001468682073069812,0.04654393840820849,0.03750221723523977,0.07817140708058498,0.08483906486738554,0.19934409866010422,0.16741541101060392,True
trial_0020_bite_005_transfer,trial_0020_bite_005,trial_0020,transfer,retrieval,0.028883752460339873,0.007876624862664505,0.006465337189888095,0.013950281483349813,0.017475679062957054,0.03706532920896032,0.03274223549365018,True
trial_0020_bite_005_transfer,trial_0020_bite_005,trial_0020,transfer,contextual_promp,0.028883752460339873,0.014185523302826214,0.013293531132425982,0.021427348998116408,0.027049150227760183,0.028528983943021734,0.02563940941682764,True
trial_0020_bite_005_withdrawal,trial_0020_bite_005,trial_0020,withdrawal,retrieval,0.004420042416666831,0.0745990588770863,0.05954521114564022,0.1334202214862642,0.15229897304643839,0.1481486474230648,0.11124566302894859,True
trial_0020_bite_005_withdrawal,trial_0020_bite_005,trial_0020,withdrawal,contextual_promp,0.004420042416666831,0.04277381948585384,0.03671488684132508,0.06711090633373856,0.07219395285894192,0.11559286333679314,0.08962638685626291,True
trial_0020_bite_006_transfer,trial_0020_bite_006,trial_0020,transfer,retrieval,0.031263766756439736,0.010814775930479192,0.008443430951451798,0.021384253135307483,0.022368401204079066,0.09015047419815302,0.0818408410285592,True
trial_0020_bite_006_transfer,trial_0020_bite_006,trial_0020,transfer,contextual_promp,0.031263766756439736,0.016048821710232437,0.01280693174247772,0.02874188386512471,0.030639230009306878,0.09187881943971721,0.08542331678083609,True
trial_0020_bite_006_withdrawal,trial_0020_bite_006,trial_0020,withdrawal,retrieval,-0.0016535032704265231,0.05017203696322869,0.034526107707969815,0.1208110321159409,0.1283584154801948,0.16369536474925497,0.1324368619794392,True
trial_0020_bite_006_withdrawal,trial_0020_bite_006,trial_0020,withdrawal,contextual_promp,-0.0016535032704265231,0.021507997955572636,0.016378751536811464,0.04263101750740758,0.056434416099953276,0.12081377399962323,0.09607784379420262,True
trial_0020_bite_007_transfer,trial_0020_bite_007,trial_0020,transfer,retrieval,0.0291202678699261,0.028406583380398257,0.02522046086326727,0.041457525844373566,0.04268292559511466,0.21196440140207842,0.19283147782204482,True
trial_0020_bite_007_transfer,trial_0020_bite_007,trial_0020,transfer,contextual_promp,0.0291202678699261,0.013513568072696821,0.011411728042588574,0.021148610994274248,0.0264997316288642,0.18614607522609353,0.17285471151011222,True
trial_0020_bite_007_withdrawal,trial_0020_bite_007,trial_0020,withdrawal,retrieval,-0.0013699736180894765,0.09510046714651914,0.08058177729457454,0.17209631034510506,0.17756235243317278,0.07091082849298067,0.06346016619603938,True
trial_0020_bite_007_withdrawal,trial_0020_bite_007,trial_0020,withdrawal,contextual_promp,-0.0013699736180894765,0.04042620805055042,0.03209639612369538,0.07094736345963912,0.0831684957765211,0.12206383880297848,0.09096198028373632,True
trial_0020_bite_008_transfer,trial_0020_bite_008,trial_0020,transfer,retrieval,0.030280884562797965,0.013298239078696605,0.011706813015404683,0.02122028056500061,0.021946909963588224,0.13445015250453515,0.11889757228213038,True
trial_0020_bite_008_transfer,trial_0020_bite_008,trial_0020,transfer,contextual_promp,0.030280884562797965,0.01268871367104583,0.01049815788399826,0.021375741077423113,0.024371745848079704,0.12832815892690436,0.11502898293762434,True
trial_0020_bite_008_withdrawal,trial_0020_bite_008,trial_0020,withdrawal,retrieval,0.0029787332802873176,0.10099007992025863,0.0800199278799076,0.18697979456413033,0.1965100828411468,0.20820431498370914,0.17134606400659802,True
trial_0020_bite_008_withdrawal,trial_0020_bite_008,trial_0020,withdrawal,contextual_promp,0.0029787332802873176,0.05076135074819654,0.03942853926179513,0.08174462924427793,0.09250046234603343,0.15572650467135815,0.12167069789446568,True
trial_0020_bite_009_transfer,trial_0020_bite_009,trial_0020,transfer,retrieval,0.030608968468029376,0.021573846067197536,0.01974931002367904,0.029448249538653465,0.03244993706643991,0.14249246496245638,0.1277279294739805,True
trial_0020_bite_009_transfer,trial_0020_bite_009,trial_0020,transfer,contextual_promp,0.030608968468029376,0.01712401882332404,0.01485175545169502,0.029190008255948613,0.031030401652929807,0.12023938803018822,0.10924927389209604,True
trial_0020_bite_009_withdrawal,trial_0020_bite_009,trial_0020,withdrawal,retrieval,-0.0017318677771667155,0.055881415318713476,0.04477741115182506,0.09174904313566351,0.10129800378790921,0.18406646931543527,0.14181604774237794,True
trial_0020_bite_009_withdrawal,trial_0020_bite_009,trial_0020,withdrawal,contextual_promp,-0.0017318677771667155,0.025739023419502585,0.02243970506122387,0.04498528849140093,0.04806115770475922,0.14365873985516375,0.10398223592059318,True
trial_0020_bite_010_transfer,trial_0020_bite_010,trial_0020,transfer,retrieval,0.030242774201922003,0.014726714473537544,0.010911432550392773,0.03326945738057352,0.0378274897975617,0.10548245578494811,0.09131068638753534,True
trial_0020_bite_010_transfer,trial_0020_bite_010,trial_0020,transfer,contextual_promp,0.030242774201922003,0.006390592825178647,0.005494361167886633,0.010751752518587773,0.01388299823770045,0.11000565259158447,0.09523293441826061,True
trial_0020_bite_010_withdrawal,trial_0020_bite_010,trial_0020,withdrawal,retrieval,0.00042951526535885717,0.09593323129583495,0.07402612756036686,0.16632720487151767,0.1737626284729201,0.2680887474563701,0.20300294120935342,True
trial_0020_bite_010_withdrawal,trial_0020_bite_010,trial_0020,withdrawal,contextual_promp,0.00042951526535885717,0.0618625141066442,0.048670204001005225,0.10506719741947754,0.10923903277088273,0.2348059008457462,0.1740891012071125,True
trial_0020_bite_011_transfer,trial_0020_bite_011,trial_0020,transfer,retrieval,0.030669267211615562,0.017118052247008183,0.01332126952768327,0.03220146736573967,0.03633721093378315,0.11790815124822443,0.10515154036885663,True
trial_0020_bite_011_transfer,trial_0020_bite_011,trial_0020,transfer,contextual_promp,0.030669267211615562,0.014844575235085944,0.01233786589682695,0.026310854272036055,0.027555684709011152,0.11123908848869922,0.0970140482514293,True
trial_0020_bite_011_withdrawal,trial_0020_bite_011,trial_0020,withdrawal,retrieval,0.004946257506532255,0.06318781707768978,0.047795591370984776,0.1241925262207927,0.13653839117987898,0.1444309885351546,0.12161513950084406,True
trial_0020_bite_011_withdrawal,trial_0020_bite_011,trial_0020,withdrawal,contextual_promp,0.004946257506532255,0.07343590561709805,0.05378988509902015,0.1386792513350318,0.14661360907088888,0.15182069988851987,0.1253839696370256,True
trial_0020_bite_012_transfer,trial_0020_bite_012,trial_0020,transfer,retrieval,0.030294489027879092,0.025049153272157974,0.021482285020743595,0.037405171685196636,0.038718041062134056,0.16254190902826618,0.14563638840738247,True
trial_0020_bite_012_transfer,trial_0020_bite_012,trial_0020,transfer,contextual_promp,0.030294489027879092,0.012012541372187336,0.010526902348604185,0.019928679644554567,0.023215726660942067,0.13768229984547525,0.12640038216875898,True
trial_0020_bite_012_withdrawal,trial_0020_bite_012,trial_0020,withdrawal,retrieval,-0.002765226201518781,0.022958230634399033,0.016734345938513577,0.04562228845631036,0.0636830719985261,0.2379300888162617,0.18856792678495,True
trial_0020_bite_012_withdrawal,trial_0020_bite_012,trial_0020,withdrawal,contextual_promp,-0.002765226201518781,0.05782042323970754,0.04753678504260881,0.09423389076015332,0.10591296355130148,0.29283378637264784,0.2409163135402529,True
trial_0020_bite_013_transfer,trial_0020_bite_013,trial_0020,transfer,retrieval,0.027149494105758173,0.03678590929278372,0.035455995032062426,0.046123550589743156,0.04795426334966159,0.09582058658441267,0.08862465480908811,True
trial_0020_bite_013_transfer,trial_0020_bite_013,trial_0020,transfer,contextual_promp,0.027149494105758173,0.021614910973303623,0.020224957665009348,0.03232741744355096,0.03465530450271169,0.08018906148832697,0.0742830701898938,True
trial_0020_bite_013_withdrawal,trial_0020_bite_013,trial_0020,withdrawal,retrieval,0.001382979340642072,0.12226159502601076,0.0962719870892437,0.224116476129063,0.2387739713464793,0.29826883170819757,0.24050422610607364,True
trial_0020_bite_013_withdrawal,trial_0020_bite_013,trial_0020,withdrawal,contextual_promp,0.001382979340642072,0.07464455045875765,0.05990751376886793,0.13770444272402554,0.1505974589297286,0.2536677688397308,0.20274337124224498,True
trial_0020_bite_014_transfer,trial_0020_bite_014,trial_0020,transfer,retrieval,0.02860298499641028,0.031112324953082204,0.026609775253994588,0.043492479265340646,0.04539040118141244,0.1095805120477378,0.09027836195014556,True
trial_0020_bite_014_transfer,trial_0020_bite_014,trial_0020,transfer,contextual_promp,0.02860298499641028,0.010935820399128302,0.009936547983097427,0.015426311595281295,0.017039059869283075,0.08967861773136761,0.07466325900983017,True
trial_0020_bite_014_withdrawal,trial_0020_bite_014,trial_0020,withdrawal,retrieval,-0.005372586994484385,0.12332205965849244,0.09726113861394722,0.21215061560878393,0.25587235900267846,0.324507566281858,0.25973652911921163,True
trial_0020_bite_014_withdrawal,trial_0020_bite_014,trial_0020,withdrawal,contextual_promp,-0.005372586994484385,0.06955264690360885,0.05345397802978604,0.10786314575401776,0.13806417839133459,0.2745979510520023,0.21474926004022019,True
trial_0020_bite_015_transfer,trial_0020_bite_015,trial_0020,transfer,retrieval,0.02669734466219214,0.0260531382121011,0.024256615506195404,0.039073491263829134,0.042598841298549316,0.09167959694704313,0.06632613904781455,True
trial_0020_bite_015_transfer,trial_0020_bite_015,trial_0020,transfer,contextual_promp,0.02669734466219214,0.03833333916673805,0.03398958034474289,0.06615051751027028,0.0720968452277506,0.06336050601622507,0.046062221319203796,True
trial_0020_bite_015_withdrawal,trial_0020_bite_015,trial_0020,withdrawal,retrieval,-0.008170734621174808,0.014723153307411878,0.010817289583592566,0.03023809726830176,0.0487871140509987,0.2523528715046147,0.18920744346571253,True
trial_0020_bite_015_withdrawal,trial_0020_bite_015,trial_0020,withdrawal,contextual_promp,-0.008170734621174808,0.039007533698608834,0.029840741202087462,0.06810244063943693,0.07307563628950714,0.2839536097542344,0.20610155448956835,True
trial_0020_bite_016_transfer,trial_0020_bite_016,trial_0020,transfer,retrieval,0.02801656123106163,0.02809347216279945,0.025890730504126075,0.04050813597344639,0.04487465553411841,0.06546079431370773,0.059992944607505275,True
trial_0020_bite_016_transfer,trial_0020_bite_016,trial_0020,transfer,contextual_promp,0.02801656123106163,0.009987689687623282,0.007971311743062407,0.019613681256158776,0.02420942181790419,0.03835637345993059,0.03544658247801024,True
trial_0020_bite_016_withdrawal,trial_0020_bite_016,trial_0020,withdrawal,retrieval,-0.002120308568720049,0.08677243332111377,0.06164507531307851,0.15853159856580606,0.16917020991293613,0.07352855813408221,0.05913756056166523,True
trial_0020_bite_016_withdrawal,trial_0020_bite_016,trial_0020,withdrawal,contextual_promp,-0.002120308568720049,0.03038898000700142,0.02445005924542926,0.05089083118924778,0.05235861592151697,0.12176708136085265,0.09374409832240131,True
trial_0020_bite_017_withdrawal,trial_0020_bite_017,trial_0020,withdrawal,retrieval,-0.0051572174531879554,0.09339983340178103,0.07398880403642397,0.16380928554674806,0.16934825154162314,0.2567575273046874,0.1965764964202112,True
trial_0020_bite_017_withdrawal,trial_0020_bite_017,trial_0020,withdrawal,contextual_promp,-0.0051572174531879554,0.03899542961643316,0.030231796845031127,0.06651524401751202,0.07799319874298791,0.21160998761637873,0.1538324589953259,True
trial_0020_bite_018_transfer,trial_0020_bite_018,trial_0020,transfer,retrieval,0.025241906064099998,0.03683186067356853,0.03530425779775167,0.047067717098494444,0.050227175758071785,0.06682695439685547,0.06068679893670149,True
trial_0020_bite_018_transfer,trial_0020_bite_018,trial_0020,transfer,contextual_promp,0.025241906064099998,0.02477647212618754,0.01894676237374039,0.04600224843334921,0.0496870150737096,0.04616717527047383,0.043505751477174524,True
trial_0020_bite_018_withdrawal,trial_0020_bite_018,trial_0020,withdrawal,retrieval,-0.005819991653169108,0.052724533613319094,0.040822944460458976,0.0901870606907498,0.09763235113469365,0.2755005626982868,0.19831189307986333,True
trial_0020_bite_018_withdrawal,trial_0020_bite_018,trial_0020,withdrawal,contextual_promp,-0.005819991653169108,0.029046895954715494,0.0243415301744747,0.04625432355492602,0.054580391824940906,0.24459312945477202,0.17166222567115,True
trial_0020_bite_019_withdrawal,trial_0020_bite_019,trial_0020,withdrawal,retrieval,-0.01421115684076389,0.06088956344087694,0.03838172486868446,0.1334024123822118,0.13819197096715669,0.32266904546969405,0.29209142528631443,True
trial_0020_bite_019_withdrawal,trial_0020_bite_019,trial_0020,withdrawal,contextual_promp,-0.01421115684076389,0.05791314613138197,0.05112165157472194,0.0995977027410712,0.1054998648975848,0.33853674199483436,0.30714635870774154,True
