record_id,parent_bite_id,take,phase,generator,tool_rms_position_error_m,tool_rms_orientation_error_rad,tool_final_position_error_m,tool_path_length_absolute_error_m,first_delta_correction_rad,generated_vs_measured_reference_delta_psi_rmse_rad,generated_vs_measured_reference_delta_psi_mae_rad,generated_vs_measured_reference_delta_psi_p95_rad,generated_vs_measured_reference_delta_psi_max_rad,end_to_end_coordination_deviation_rmse_rad,end_to_end_coordination_deviation_mae_rad,coordination_success,common_success_frames,end_to_end_q_rms_deviation_rad,end_to_end_elbow_mean_deviation_m,end_to_end_elbow_rms_deviation_m,end_to_end_arm_plane_mean_deviation_rad,generated_joint_travel_common_support_rad,measured_reference_joint_travel_common_support_rad,joint_travel_difference_rad,stronglocal_frame_success_rate,stronglocal_complete_trajectory_success,stronglocal_continuity_violations,stronglocal_complete_pipeline_success
trial_0012_bite_001_transfer,trial_0012_bite_001,trial_0012,transfer,retrieval,0.0504103244413166,0.2003926236796887,0.0543523134899672,0.0590743614838701,0.06329862038950626,0.058616109744044596,0.05538035016944375,0.07803158493900482,0.08366406372414953,0.029465488460897988,0.024748840946871645,True,71,0.09560166499139017,0.05042342676682859,0.053637787341646384,0.09525926202542273,5.083792672693739,3.0195883129776613,2.0642043597160775,0.7029702970297029,False,0,False
trial_0012_bite_001_transfer,trial_0012_bite_001,trial_0012,transfer,contextual_promp,0.0463935708330787,0.1720680644080474,0.0534839787040713,0.0228737686029339,0.06329862038950626,0.07099725360809304,0.06808734618718383,0.08965282644330906,0.09456929718145068,0.013463325521949086,0.01134730708809948,True,59,0.12508131997588,0.01883624922101178,0.025716664385265316,0.025287365637859414,4.253293784988285,2.413018173100089,1.8402756118881962,0.5841584158415841,False,0,False
trial_0012_bite_001_withdrawal,trial_0012_bite_001,trial_0012,withdrawal,retrieval,0.1223030847921654,0.7228048780250717,0.2789467522747936,0.0564945547617575,0.1438217505375632,0.08283793853132633,0.06444085294743233,0.17323625074133442,0.18227769081847017,0.12199306832455004,0.09515069777675701,True,101,0.4435176210536608,0.10454474507824567,0.13934405184064869,0.17313484870867715,6.860383253539339,5.748583846937589,1.11179940660175,1.0,True,0,True
trial_0012_bite_001_withdrawal,trial_0012_bite_001,trial_0012,withdrawal,contextual_promp,0.117141300229392,0.6908099259880068,0.2376509814674671,0.0919546637719213,0.1438217505375632,0.07437168310678599,0.054722973206589726,0.16335305231363062,0.16830476562124547,0.11356157433171678,0.08480802594896793,True,101,0.4694940404540265,0.08275804993945868,0.10624264085854486,0.14445797685060366,6.659772540260385,5.748583846937589,0.9111886933227957,1.0,True,0,True
trial_0012_bite_002_transfer,trial_0012_bite_002,trial_0012,transfer,retrieval,0.0918551278655298,0.3213794368114721,0.0367273901539031,0.0027992357453,0.012109597917868862,0.06637560372880473,0.060040477093355506,0.11790956337398337,0.12815389400965715,0.05757548573085751,0.05227781722862317,True,66,0.1833288708916016,0.06561417686747044,0.07457149794707665,0.11199654499327533,6.644176375073645,3.8934432758832678,2.750733099190377,0.6534653465346535,False,0,False
trial_0012_bite_002_transfer,trial_0012_bite_002,trial_0012,transfer,contextual_promp,0.0761719315908974,0.1644268888818362,0.0291125644140968,0.0417452804605782,0.012109597917868862,0.04014283778736582,0.034680027554420054,0.0670239147987664,0.07132077308894101,0.06340307170582948,0.05396966036837051,True,82,0.1140521754861667,0.05082759304169639,0.05936570409256058,0.08020087648460844,5.88522998901184,5.3020435472723095,0.5831864417395307,0.8118811881188119,False,0,False
trial_0012_bite_002_withdrawal,trial_0012_bite_002,trial_0012,withdrawal,retrieval,0.1404228250050888,0.6010155116981486,0.1379994835981747,0.0710284033514705,0.16976829558597284,0.22007598831183178,0.1865842815490133,0.348183158519964,0.3632122313089148,0.4085936878278099,0.34387507371399745,True,101,0.3641711748569068,0.1591062705254055,0.1823080326437267,0.21247195857066606,7.5687698409322355,7.884359395844232,-0.3155895549119965,1.0,True,0,True
trial_0012_bite_002_withdrawal,trial_0012_bite_002,trial_0012,withdrawal,contextual_promp,0.0783685664827163,0.1788315583864069,0.0725849162391558,0.0224807232397864,0.16976829558597284,0.05248588447924712,0.041904545999874684,0.09827716376002499,0.10876876655730294,0.24311220599570668,0.20137416174402747,True,101,0.20481703139340507,0.07363394478290823,0.07944967654832805,0.08261308978236159,6.850289140531867,7.884359395844232,-1.0340702553123648,1.0,True,0,True
trial_0012_bite_003_transfer,trial_0012_bite_003,trial_0012,transfer,retrieval,0.0425763514798717,0.1912962414135141,0.0377754894220987,0.019666081665756,0.008327527658813475,0.015034079703542924,0.0111797405691973,0.030884018727139098,0.04368760033366881,0.17371979968423884,0.15483930218408273,True,70,0.22826782750938976,0.055500983148781526,0.07045949000672576,0.0642761646334582,6.059945630790178,4.23029931635497,1.829646314435208,0.693069306930693,False,1,False
trial_0012_bite_003_transfer,trial_0012_bite_003,trial_0012,transfer,contextual_promp,0.0482409741695462,0.2328036989424129,0.0407610184403339,0.04888255218941,0.008327527658813475,0.0642909371129102,0.05859756199605596,0.08041352348210598,0.08419798540801873,0.11440924166818414,0.1047790802544998,True,79,0.1802642568259408,0.03686808348901828,0.04096406689324425,0.060781395793450495,6.024340894392202,4.728990780765505,1.2953501136266965,0.7821782178217822,False,0,False
trial_0012_bite_003_withdrawal,trial_0012_bite_003,trial_0012,withdrawal,retrieval,0.1350367847089661,0.7158148101347701,0.1326413199439764,0.0149954323189539,0.12677551227429829,0.18235018239954537,0.13238386372741545,0.36279301533757297,0.3851043681705848,0.37174455618351726,0.3262421710360228,True,101,0.409694586824714,0.1351077575333203,0.15680930894661413,0.19730712887644128,9.046559963704054,7.380191848307907,1.6663681153961463,1.0,True,0,True
trial_0012_bite_003_withdrawal,trial_0012_bite_003,trial_0012,withdrawal,contextual_promp,0.1090618541788732,0.4377358064759322,0.1902610061688574,0.0481890824007479,0.12677551227429829,0.0672005757224657,0.05155396847338006,0.1372015822730419,0.14373117853238088,0.2911374339003442,0.24608108210069315,True,101,0.3035480406741041,0.10570619224959883,0.14030798110281031,0.09732558117488906,7.301434916150024,7.380191848307907,-0.0787569321578836,1.0,True,0,True
trial_0012_bite_004_transfer,trial_0012_bite_004,trial_0012,transfer,retrieval,0.0382308544401368,0.13901523913431,0.0324315077650262,0.0169022830406393,0.001976292237154535,0.03475466789549009,0.02773811712302058,0.06787762642007059,0.07348933227855947,0.12025385570475573,0.09987982404019734,True,65,0.12410785338297077,0.03192952602616576,0.03832325469334913,0.05295622186384592,5.716505864307385,3.953267481112935,1.7632383831944503,0.6435643564356436,False,0,False
trial_0012_bite_004_transfer,trial_0012_bite_004,trial_0012,transfer,contextual_promp,0.0646530915675037,0.2151466307303774,0.0430765460958735,0.0507118938309211,0.001976292237154535,0.0745199199653995,0.07012273743494638,0.1008289392406404,0.10244984281351786,0.06599558502048171,0.05576653412468941,True,74,0.10093977594148823,0.040308480622661284,0.046742697540337684,0.06097872273100513,5.097418542483766,4.393279805452368,0.7041387370313981,0.7326732673267327,False,0,False
trial_0012_bite_004_withdrawal,trial_0012_bite_004,trial_0012,withdrawal,retrieval,0.0625509144024544,0.3614504915488015,0.0900834549367015,0.0409744117305208,0.14834723820143822,0.05607936412229753,0.043532119806427634,0.11070936752078941,0.12222258261397101,0.1665072927131783,0.14323205714036763,True,101,0.20338369289524635,0.08997160394631272,0.10750832336436136,0.13054248711170538,7.319926622459542,9.01584947112056,-1.6959228486610183,1.0,True,0,True
trial_0012_bite_004_withdrawal,trial_0012_bite_004,trial_0012,withdrawal,contextual_promp,0.0450683470816152,0.3557997972140092,0.0429505847214422,0.0045850218242219,0.14834723820143822,0.06770838374124925,0.051800838903510914,0.13997503790799704,0.14712216106007847,0.15453282975927718,0.1348432830227034,True,101,0.18307434616773813,0.08233941552912069,0.1007992199246107,0.11552230812156473,7.130380726783846,9.01584947112056,-1.8854687443367144,1.0,True,0,True
trial_0012_bite_005_transfer,trial_0012_bite_005,trial_0012,transfer,retrieval,0.0725876307684048,0.1292436180786422,0.014522298840596,0.0210981908635399,0.03659086387131922,0.05118382824652178,0.04420768485450588,0.08926204157348698,0.0920090086757252,0.19378663853508088,0.16197759399293896,True,101,0.19111945657810706,0.06632495953589611,0.07589748869649783,0.09897630167125168,7.762567356926176,5.097136079538873,2.6654312773873032,1.0,True,1,False
trial_0012_bite_005_transfer,trial_0012_bite_005,trial_0012,transfer,contextual_promp,0.0571772828481878,0.0842726685424548,0.0408411731709304,0.0423510731762326,0.03659086387131922,0.028218731379629894,0.021060907803186098,0.053058927479795404,0.058577503197096585,0.17814895989264712,0.15868049506417667,True,101,0.12507516571423397,0.06717994460611462,0.07238309836359078,0.06150363712516454,4.068021532194477,5.128780075105552,-1.060758542911075,1.0,True,0,True
trial_0012_bite_005_withdrawal,trial_0012_bite_005,trial_0012,withdrawal,retrieval,0.1122497740773433,0.9249920925448613,0.0774334852696572,0.0325076371271706,0.17943907340119727,0.16764215002563138,0.1452076371299321,0.2778059992116585,0.29422385582215793,0.12460036723888823,0.10858762893249775,True,101,0.4189485168696972,0.13380397814891531,0.14538323081656024,0.17978140951409108,8.553581798996227,11.080266907258087,-2.5266851082618604,1.0,True,0,True
trial_0012_bite_005_withdrawal,trial_0012_bite_005,trial_0012,withdrawal,contextual_promp,0.0780722351665205,0.8713963926758653,0.0680559882822875,0.0041183441828497,0.17943907340119727,0.1469233930433869,0.12864436988941602,0.22813071285353692,0.24233231739738337,0.13713764493210034,0.12515554096390533,True,101,0.3854365095297911,0.13802814512180003,0.15625179536566525,0.17479555845311662,6.508826535156565,11.080266907258087,-4.571440372101522,1.0,True,0,True
trial_0012_bite_006_transfer,trial_0012_bite_006,trial_0012,transfer,retrieval,0.0740181629667766,0.2764347053115387,0.0563751592100516,0.000651275144712,0.019169089379747803,0.08402899790256382,0.07751324643449063,0.13225127106113904,0.13827061136725444,0.07398078408057451,0.06658731202947757,True,57,0.13419267583450148,0.038090209619381435,0.042836187120128925,0.06687312406679424,4.981040220607902,3.588921546164248,1.3921186744436538,0.5643564356435643,False,0,False
trial_0012_bite_006_transfer,trial_0012_bite_006,trial_0012,transfer,contextual_promp,0.063145031380469,0.139839295257847,0.0327468889748864,0.0428438797454886,0.019169089379747803,0.04923091158743089,0.045944958318001494,0.07031016969951992,0.07336031117787935,0.05542293422471694,0.04918915073947293,True,70,0.12085309177466125,0.041461843199442745,0.051822465007796505,0.047072943486392335,4.448047599400899,4.736021800760392,-0.2879742013594928,0.693069306930693,False,1,False
trial_0012_bite_006_withdrawal,trial_0012_bite_006,trial_0012,withdrawal,retrieval,0.0818144134391729,0.9947034412358898,0.0367179641084602,0.0486799056630691,0.16526913850164426,0.10879809275683953,0.08274819636350478,0.22473230541756994,0.2526449724543606,0.1552589967768136,0.10970604048135887,True,101,0.5216814836475542,0.1353546840838381,0.158530008509989,0.17805193210199965,8.022993613172265,10.866078209146695,-2.84308459597443,1.0,True,0,True
trial_0012_bite_006_withdrawal,trial_0012_bite_006,trial_0012,withdrawal,contextual_promp,0.0650346513397552,0.906540719467448,0.0223794891724771,0.0094649326567763,0.16526913850164426,0.11392524357495351,0.0969780929315992,0.16289814941512007,0.17184319098039416,0.10827538324858163,0.09632383050666475,True,101,0.5006229074971598,0.14455476245546314,0.1651348248307237,0.1900031362601993,6.145537386899518,10.866078209146695,-4.720540822247177,1.0,True,0,True
trial_0012_bite_007_transfer,trial_0012_bite_007,trial_0012,transfer,retrieval,0.051548234166093,0.1832581922001795,0.0268774742079012,0.0302568281923534,0.025543196890301975,0.05363410919261973,0.04918564229004612,0.08768624697833724,0.09452095239261006,0.14321558555384006,0.12554661926889357,True,61,0.13370989656870297,0.029605025950302698,0.03464291461229768,0.024373078860322084,5.11526071534197,3.27544255330898,1.8398181620329899,0.6039603960396039,False,1,False
trial_0012_bite_007_transfer,trial_0012_bite_007,trial_0012,transfer,contextual_promp,0.053331598703288,0.0714209464048508,0.0338087489917602,0.0167040319868354,0.025543196890301975,0.022391561328392415,0.01990202398508432,0.03689066875566549,0.04372263245841779,0.1661845330659588,0.15144356586148464,True,69,0.13714305143616679,0.05897207162428157,0.06933834631058647,0.04869947405240372,3.2851157510745193,5.273178648157293,-1.9880628970827736,1.0,True,0,True
trial_0012_bite_007_withdrawal,trial_0012_bite_007,trial_0012,withdrawal,retrieval,0.0676024115607373,0.3693734013738837,0.0592739055589021,0.0730920472552671,0.20597485613539968,0.05073790529506992,0.04117151200142362,0.09346921607038494,0.10176745347087125,0.359811157925336,0.28311003719266625,True,95,1.9147047625626654,0.07323451598670079,0.07728406704271687,0.10608200233385331,7.831816709429098,10.221807290517255,-2.389990581088157,0.9504950495049505,False,0,False
trial_0012_bite_007_withdrawal,trial_0012_bite_007,trial_0012,withdrawal,contextual_promp,0.0800834127059006,0.6922413448162297,0.0395545491570067,0.0476829146827386,0.20597485613539968,0.14525328926410183,0.11665430590430827,0.2506207693595715,0.30294878865523045,0.23274788320345788,0.16959157443146755,True,95,1.8880976480985558,0.10297118749987856,0.11482256229316885,0.1539813154733499,7.042820154269068,10.221807290517255,-3.178987136248187,0.9603960396039604,False,1,False
trial_0012_bite_008_transfer,trial_0012_bite_008,trial_0012,transfer,retrieval,0.07974105605025,0.2070998487094081,0.024358385133296,0.0088667322397034,0.0039970490488888104,0.07168380290353518,0.04963367783968295,0.14872198984233617,0.1584329274851679,0.09863592139789955,0.08072102058401237,True,58,0.24086555794764744,0.1054101645532982,0.1279621796761976,0.055079610357530194,3.9463537103777586,5.863269655710013,-1.9169159453322546,0.8514851485148515,False,1,False
trial_0012_bite_008_transfer,trial_0012_bite_008,trial_0012,transfer,contextual_promp,0.091756771031073,0.2026265277608812,0.0573331731513839,0.0325441206236301,0.0039970490488888104,0.03742053422043904,0.026946930525613935,0.08261986198940452,0.09038575508100453,0.1166939124562613,0.10344907010705673,True,58,0.2767080834800254,0.11410214193438581,0.1409863508363584,0.06641788785127606,2.963106452598957,5.863269655710013,-2.900163203111056,1.0,True,0,True
trial_0012_bite_008_withdrawal,trial_0012_bite_008,trial_0012,withdrawal,retrieval,0.1008171239087943,0.253695981035722,0.0990798075870172,0.0142077237861766,0.21041281489037855,0.12914915679948386,0.11000215892865998,0.22185154830986356,0.227718025487873,0.3858266570003067,0.3377033278154653,True,88,0.22806387416935334,0.12407871235356199,0.12757553039661632,0.15894691630490707,7.971064610080562,8.875666783806047,-0.9046021737254843,0.9108910891089109,False,0,False
trial_0012_bite_008_withdrawal,trial_0012_bite_008,trial_0012,withdrawal,contextual_promp,0.0663687738962904,0.3659126977411451,0.0631882938213257,0.0355192781479231,0.21041281489037855,0.04607534620771261,0.035190476093843404,0.0809593615484967,0.0843281781081241,0.22979604116661784,0.20453516630072938,True,88,0.23953156247435695,0.12392900510209381,0.1298388329642714,0.19735391159962343,5.698968550396566,8.875666783806047,-3.17669823340948,0.9306930693069307,False,0,False
trial_0012_bite_009_transfer,trial_0012_bite_009,trial_0012,transfer,retrieval,0.0765244877851598,0.2792472141147576,0.003737667545789,0.0243571177627759,0.020817602019602213,0.042416706013372725,0.032938325525615,0.08795199637475173,0.10567023939587343,0.1301599759644609,0.11240280018018946,True,72,0.14786202931659406,0.05264840330827879,0.0625148219670658,0.05739269626052436,6.608752782131153,4.16472100447641,2.444031777654743,0.7128712871287128,False,0,False
trial_0012_bite_009_transfer,trial_0012_bite_009,trial_0012,transfer,contextual_promp,0.0719599871843574,0.1909272359303909,0.0636890866884905,0.069584071907801,0.020817602019602213,0.06925328703080623,0.04844506699207346,0.15044082898398303,0.1741280603080469,0.16418314834184392,0.15276656126490815,True,79,0.19490561979549625,0.029449886806900933,0.03865661630435241,0.03157381312250586,3.9181912419379756,5.431946067978018,-1.5137548260400422,1.0,True,0,True
trial_0012_bite_009_withdrawal,trial_0012_bite_009,trial_0012,withdrawal,retrieval,0.1773154850159722,0.9174164808197076,0.2485925342942001,0.2407485158582566,0.21599283740602537,0.17814555247719774,0.145860062986439,0.29297848605164145,0.35553095488444697,0.417230967760085,0.3287490307809401,True,84,1.2154034697875158,0.28635326660022226,0.3146505234692081,0.3499451479883101,7.2439664416825815,9.892339796174845,-2.6483733544922634,0.9207920792079208,False,4,False
trial_0012_bite_009_withdrawal,trial_0012_bite_009,trial_0012,withdrawal,contextual_promp,0.1567194796280628,0.5390809693968628,0.225133240455832,0.2319213218201141,0.21599283740602537,0.08035433756842816,0.06328328282979619,0.147613735019978,0.19727327443931342,0.2992852279175556,0.19397951901078114,True,86,1.6525870020239752,0.23527492140736023,0.264301479418039,0.3220934773976874,6.853181603796564,10.543562261123201,-3.690380657326637,0.9306930693069307,False,2,False
trial_0012_bite_010_transfer,trial_0012_bite_010,trial_0012,transfer,retrieval,0.0622664435886131,0.2275714253834554,0.0422142176171947,0.0507468315992873,0.019510061283626284,0.04946356245286964,0.04410376004708575,0.07704538875084826,0.0850585766151567,0.12404275441276817,0.10041341991346002,True,65,0.2059713694376316,0.08756802628257597,0.10478230694907428,0.10377191697367123,3.206927698507766,5.061523269679715,-1.854595571171949,1.0,True,0,True
trial_0012_bite_010_transfer,trial_0012_bite_010,trial_0012,transfer,contextual_promp,0.0590835642311553,0.1243153148151147,0.0618346482490842,0.0529564199781534,0.019510061283626284,0.020254884067390715,0.017755823167401184,0.0316216367049873,0.03637880585177217,0.09629751554636011,0.08280049802300639,True,65,0.18791663903511746,0.056743266473345946,0.0751071797325976,0.025825031117984214,3.3505760711152757,5.061523269679715,-1.7109471985644396,1.0,True,0,True
trial_0012_bite_010_withdrawal,trial_0012_bite_010,trial_0012,withdrawal,retrieval,0.0945112465963368,0.4162865987142149,0.1296925632490964,0.0061388226095907,0.21264586560223517,0.0971234183599761,0.07129470164642009,0.17798464331245809,0.1819741589301529,0.42682342255505296,0.3496992509445788,True,94,2.1491523726172423,0.12449321283459626,0.13214508912546505,0.19869428494942076,9.637562534838086,9.19046298546423,0.4470995493738563,0.9306930693069307,False,2,False
trial_0012_bite_010_withdrawal,trial_0012_bite_010,trial_0012,withdrawal,contextual_promp,0.0719481103815206,0.6649592250587196,0.0899025315812043,0.0069619324035927,0.21264586560223517,0.10837503162188299,0.07830813282712329,0.2092618430346585,0.22063904213558672,0.2912166050899489,0.21811699325271153,True,94,0.9392043305675051,0.10361458979709791,0.12380589277481943,0.17892723854505532,8.056141523874516,9.411003831813492,-1.3548623079389763,0.9306930693069307,False,0,False
trial_0012_bite_011_transfer,trial_0012_bite_011,trial_0012,transfer,retrieval,0.0745265407753573,0.1630415736724968,0.0075744251883658,0.0024452955636574,0.017003873035442707,0.04448661573118096,0.033099577878818426,0.08741204780812246,0.09676153101520706,0.040256491171293825,0.03486429409117339,True,64,0.182653900342204,0.09534035528240792,0.1111699703772445,0.08281852765584964,4.278209707944933,6.16533484597465,-1.8871251380297167,0.7623762376237624,False,1,False
trial_0012_bite_011_transfer,trial_0012_bite_011,trial_0012,transfer,contextual_promp,0.0747784329573442,0.1428838005737292,0.0387800190683663,0.0301103442922815,0.017003873035442707,0.022638068579481696,0.020442225541015813,0.03536381038477936,0.045834383799528915,0.0539153873306964,0.05040433617478987,True,64,0.22974236615955806,0.10321871707357491,0.1191461835812222,0.05717212874388811,3.245303846660737,6.16533484597465,-2.920030999313913,1.0,True,0,True
trial_0012_bite_011_withdrawal,trial_0012_bite_011,trial_0012,withdrawal,retrieval,0.2211038810750677,0.9597750740624128,0.2538096938738802,0.1770057239104933,0.17888795781661498,0.20198288617540222,0.18469176116043012,0.26184897664339735,0.2665850782053413,0.21888332557464513,0.17278002339705756,True,101,0.6601891233553294,0.23434722273185232,0.2645129662835649,0.4125994789420733,7.795024890435402,8.504847125383513,-0.7098222349481116,1.0,True,0,True
trial_0012_bite_011_withdrawal,trial_0012_bite_011,trial_0012,withdrawal,contextual_promp,0.1912656254113929,0.6096621670562195,0.1851611972331669,0.1421045321400151,0.17888795781661498,0.11502336516113107,0.08896945143183559,0.2332468097851936,0.24575747288388738,0.09080073875483118,0.07447826330341133,True,101,0.550783007698784,0.15703644314803666,0.17529632571507275,0.2672922402238449,6.476700314517572,8.504847125383513,-2.028146810865941,1.0,True,0,True
trial_0012_bite_012_transfer,trial_0012_bite_012,trial_0012,transfer,retrieval,0.0355203148545053,0.1571651154479877,0.0270183955041672,0.0110714516374293,0.008102657087274074,0.0363725169393646,0.030812019659423776,0.05794848530343455,0.06168277314863663,0.09901386716374726,0.08879547334488401,True,81,0.15459375630990754,0.02537932746607688,0.02975275627462331,0.017902951573970174,5.143087602420415,5.850620355045613,-0.7075327526251973,1.0,True,0,True
trial_0012_bite_012_transfer,trial_0012_bite_012,trial_0012,transfer,contextual_promp,0.0435073318264125,0.1181126323340669,0.0544587099097167,0.0263099938596583,0.008102657087274074,0.02336863010243481,0.01847957732529189,0.04653497423035744,0.04953926592531034,0.08403857107254582,0.07651327802988223,True,81,0.18157609716900838,0.056406211343515374,0.06495349527333603,0.034119264919296906,4.360525265263944,5.850620355045613,-1.4900950897816685,1.0,True,0,True
trial_0012_bite_012_withdrawal,trial_0012_bite_012,trial_0012,withdrawal,retrieval,0.1184128194943982,0.356325706775795,0.1563854046528885,0.0283593490321465,0.2098836990812283,0.16200273858201333,0.14097345200775455,0.22388984612131263,0.23903446357655878,0.4214275780710975,0.3463934097075883,True,101,0.2536388730861823,0.12738984115020266,0.14253116376103614,0.14546515597719462,9.592424745072847,9.86868744679845,-0.27626270172560297,1.0,True,0,True
trial_0012_bite_012_withdrawal,trial_0012_bite_012,trial_0012,withdrawal,contextual_promp,0.0913657326162943,0.2793579969153031,0.1619534709116824,0.015584629978717,0.2098836990812283,0.016892441635372766,0.01392240550683277,0.03278633550044008,0.04002849174437095,0.28713493424337916,0.2148394500861507,True,101,0.19366740193606435,0.06669992394651193,0.07353735148262716,0.05679014190292046,7.886393202355277,9.86868744679845,-1.9822942444431728,1.0,True,0,True
trial_0012_bite_013_transfer,trial_0012_bite_013,trial_0012,transfer,retrieval,0.0272762612554799,0.2017942741564368,0.0304265821891594,0.0224406250278471,-0.0003565475811862801,0.02624283023700902,0.01929992252296096,0.06089055962122145,0.06415428865079915,0.08543734996281596,0.07445190931614173,True,75,0.1388332449346413,0.02836549779872231,0.031018462820479323,0.06086086314095921,5.571418265724234,5.303296849993055,0.2681214157311791,0.7920792079207921,False,0,False
trial_0012_bite_013_transfer,trial_0012_bite_013,trial_0012,transfer,contextual_promp,0.0526031166775854,0.2335885484035701,0.0649829258778588,0.0084878978642322,-0.0003565475811862801,0.020903245268322036,0.015281108662815766,0.042453630018631144,0.04768622680411477,0.10477090437476955,0.0960755065752738,True,75,0.21666356278016669,0.055400435386879346,0.06658139513996558,0.0951800160095142,4.016544081544232,5.303296849993055,-1.2867527684488227,1.0,True,0,True
trial_0012_bite_013_withdrawal,trial_0012_bite_013,trial_0012,withdrawal,retrieval,0.0917642473248203,0.3000619089572889,0.0356136561770388,0.0667552804536271,0.1923640883693361,0.13438376968861435,0.10603269465714357,0.24869664129699853,0.27529537403028315,0.2716193766093481,0.2251661494199201,True,101,0.2287382091060731,0.08712091455978309,0.09810178651061781,0.141207241903296,7.4900327607453585,7.62492216186517,-0.1348894011198114,1.0,True,0,True
trial_0012_bite_013_withdrawal,trial_0012_bite_013,trial_0012,withdrawal,contextual_promp,0.0485349144397229,0.3212036982233113,0.0774146336609692,0.0381193607851859,0.1923640883693361,0.05675220876262855,0.045278015095823666,0.09858748393981548,0.1065836294752125,0.11660595820144688,0.09441531474905747,True,101,0.16517193274721859,0.07712288898542673,0.08576429679110743,0.1134340919711352,6.061828702402256,7.62492216186517,-1.5630934594629142,1.0,True,0,True
trial_0012_bite_014_transfer,trial_0012_bite_014,trial_0012,transfer,retrieval,0.0855648498860921,0.268577409626536,0.0317564976924918,0.0251347037311091,0.05351146442941547,0.031086349418917487,0.027390204566675496,0.05030095678390138,0.05838330943472865,0.12493784472510029,0.11336882914260359,True,48,0.15482202801464712,0.08377144694428429,0.10012664822736222,0.08823847244621452,1.9069427225855988,3.605157314463062,-1.6982145918774632,0.7623762376237624,False,0,False
trial_0012_bite_014_transfer,trial_0012_bite_014,trial_0012,transfer,contextual_promp,0.0607953261267794,0.1794451073145046,0.0471491198240481,0.0098061680679916,0.05351146442941547,0.05517557010562744,0.05124584844666552,0.08555602614447551,0.10202877768718797,0.17043612914022774,0.1530710071341823,True,48,0.12591839153859236,0.04632359111871117,0.0578050610471131,0.05687239225683138,2.234791207426799,3.605157314463062,-1.3703661070362632,0.6336633663366337,False,1,False
trial_0012_bite_014_withdrawal,trial_0012_bite_014,trial_0012,withdrawal,retrieval,0.0595014051855609,0.2410824802727293,0.0311109361944681,0.0080539907193954,0.2099090335419114,0.034955855701359194,0.028794600259115656,0.07035182336411773,0.082272796575446,0.04358367512516021,0.0368175253027079,True,101,0.1227144839379201,0.04499011670097038,0.05299206411160382,0.03269398518591613,6.380157387224713,6.008740948863565,0.37141643836114824,1.0,True,0,True
trial_0012_bite_014_withdrawal,trial_0012_bite_014,trial_0012,withdrawal,contextual_promp,0.1019395601980911,0.3866207602941205,0.1715372643863084,0.1194151444960983,0.2099090335419114,0.07374927352668001,0.06590825238933865,0.10182706146712645,0.11079588707245036,0.06497644927640465,0.05958096153327107,True,101,0.27698681850585816,0.09172511079191846,0.1055299922148474,0.157449760986735,5.796479030946628,6.008740948863565,-0.21226191791693694,1.0,True,0,True
trial_0012_bite_015_transfer,trial_0012_bite_015,trial_0012,transfer,retrieval,0.1205432182024359,0.3679046713192109,0.058947166630251,0.0272721905779032,0.013832268731124432,0.05544486283874746,0.04715618349084223,0.08503253449356757,0.142979005154124,0.1621045395319595,0.14020378779471843,True,88,0.2969468179244405,0.12965075757736877,0.1482691044645665,0.08816076338648603,5.226298918198946,7.15908716195505,-1.9327882437561037,1.0,True,0,True
trial_0012_bite_015_transfer,trial_0012_bite_015,trial_0012,transfer,contextual_promp,0.0611202205701856,0.2754871567771133,0.0754178331924308,0.0160435242196068,0.013832268731124432,0.02227515044542874,0.01801274436895426,0.036332239276198844,0.09336628726260468,0.15682212718166552,0.134021017025721,True,88,0.2516212731453938,0.053382049212442516,0.06001061398471999,0.09810103675116567,4.77608718928456,7.15908716195505,-2.38299997267049,1.0,True,0,True
trial_0012_bite_015_withdrawal,trial_0012_bite_015,trial_0012,withdrawal,retrieval,0.1811130162951177,1.068245179183455,0.2717800313979456,0.2306393626403001,0.18925927569374995,0.3184357038041388,0.27531513532361357,0.46420789172190785,0.4783845206899155,0.3660218853867288,0.3172421342618994,True,101,0.496462009807113,0.1483152357413256,0.1851684313985483,0.3501055204713352,7.301842512972635,6.577140001229299,0.7247025117433354,1.0,True,0,True
trial_0012_bite_015_withdrawal,trial_0012_bite_015,trial_0012,withdrawal,contextual_promp,0.1180061057532981,0.6010811590479028,0.1930458018396417,0.1851500639393243,0.18925927569374995,0.14422082057489377,0.1277837923972856,0.20132869304850887,0.2056028912982511,0.19242175693739272,0.1706142158090075,True,101,0.2964417182039233,0.10921238136410746,0.12795000669277468,0.1583045625770231,5.720789540023815,6.577140001229299,-0.8563504612054844,1.0,True,0,True
trial_0013_bite_001_transfer,trial_0013_bite_001,trial_0013,transfer,retrieval,0.0661268890482112,0.2029980169505263,0.0600276625139711,0.0746400213605255,0.02237264721083857,0.024881248015828642,0.022711063108098645,0.03800946360818819,0.043872601729893324,0.0784391142965925,0.07167925447059799,True,75,0.2363148378828106,0.08029188310642867,0.08591436336073989,0.10332339365040129,3.6341466401130766,5.157021022798844,-1.5228743826857674,0.7623762376237624,False,0,False
trial_0013_bite_001_transfer,trial_0013_bite_001,trial_0013,transfer,contextual_promp,0.0312336008834103,0.1380535774342213,0.0293446854564917,0.0153383249142285,0.02237264721083857,0.0030810075850564852,0.0025767965402665864,0.005575681701484397,0.007212883941115605,0.05660656520515044,0.049689370477389125,True,75,0.18216135727511615,0.0420567819412731,0.04418764232501996,0.0579801614287996,2.651236524971873,5.157021022798844,-2.505784497826971,1.0,True,0,True
trial_0013_bite_001_withdrawal,trial_0013_bite_001,trial_0013,withdrawal,retrieval,0.223261010420162,1.069342458136802,0.3936698216200278,0.2667395080850708,0.004431170514339021,0.12513904360708858,0.10703566091962406,0.19119021000375405,0.20360231507750137,0.15730164131173158,0.1390926875419869,True,101,0.5287346367300794,0.14462613523201875,0.18533387825898742,0.4111654991508009,6.088280021469622,5.42719903930154,0.6610809821680821,1.0,True,0,True
trial_0013_bite_001_withdrawal,trial_0013_bite_001,trial_0013,withdrawal,contextual_promp,0.116348867175903,0.4444410214647933,0.2189602741835097,0.1998804799438366,0.004431170514339021,0.053479164413791545,0.037924522228572684,0.1122252326343398,0.12302209987700921,0.23768142314820162,0.2126476546823144,True,101,0.26327679266381654,0.0566428847067661,0.07607537217594867,0.15787892346387425,3.851330078682586,5.42719903930154,-1.5758689606189535,1.0,True,0,True
trial_0013_bite_002_transfer,trial_0013_bite_002,trial_0013,transfer,retrieval,0.0470271213515766,0.1253461970134946,0.0336436607794549,0.0418985701575642,0.011067914422143665,0.01561473623474929,0.01313766218069636,0.02879564246044071,0.03427522252012802,0.07711170535563021,0.06863411627663378,True,72,0.17776080414049966,0.05604804807220379,0.06334681459418982,0.05720721143734932,4.264537016682446,6.507817685778583,-2.243280669096137,0.8910891089108911,False,1,False
trial_0013_bite_002_transfer,trial_0013_bite_002,trial_0013,transfer,contextual_promp,0.0528449786136333,0.0494816637771283,0.0130929859825143,0.0132641662299112,0.011067914422143665,0.013987109058582635,0.013290662826816636,0.01885869778622565,0.020139861052217968,0.07876414257421539,0.06874431757429078,True,65,0.12382385901668119,0.052811377780247006,0.059095971286400276,0.04430405827894849,2.7418280163767577,5.365304656895721,-2.6234766405189633,0.693069306930693,False,0,False
trial_0013_bite_002_withdrawal,trial_0013_bite_002,trial_0013,withdrawal,retrieval,0.0632657213595708,0.4503740177075786,0.0731862853401111,0.0333656466436546,-0.0012628406394033162,0.023415157493330858,0.019699769788628946,0.043631612610331105,0.055442761838536136,0.05206138414455004,0.038812221363197556,True,101,0.2813880783169748,0.04387881687451495,0.05301866697180608,0.07573229370313521,4.430730962847818,6.646365580353219,-2.215634617505401,1.0,True,0,True
trial_0013_bite_002_withdrawal,trial_0013_bite_002,trial_0013,withdrawal,contextual_promp,0.0885335684455025,0.3141239904553867,0.0643293818147825,0.0832513946182558,-0.0012628406394033162,0.07074787783627619,0.05133910932744228,0.1307004155400488,0.13422576789165633,0.05290245948005515,0.04354600677604451,True,101,0.1865272534933398,0.0627300642162867,0.06798837702890283,0.10171852965474326,3.7332484994499056,6.646365580353219,-2.9131170809033136,1.0,True,0,True
trial_0013_bite_003_transfer,trial_0013_bite_003,trial_0013,transfer,retrieval,0.0517955855876838,0.1538659149415416,0.0371181992641154,0.0113099500407424,0.01990236521003201,0.012926772374174573,0.010931607135138164,0.020738387726170177,0.02233544734483566,0.049104004456991854,0.03802716957508761,True,82,0.10285390566935448,0.03534317909268567,0.03975947148880748,0.06659324096229775,3.1541395851169955,5.308083836862989,-2.153944251745993,1.0,True,0,True
trial_0013_bite_003_transfer,trial_0013_bite_003,trial_0013,transfer,contextual_promp,0.0483722248440203,0.1165924866677128,0.0337543723062014,0.000421564660175,0.01990236521003201,0.008378304080697362,0.0064568591300625195,0.01804941468299485,0.020772224758766163,0.05042157036015225,0.04039761216920323,True,82,0.10860522916191083,0.03010312027179206,0.03465954644309837,0.06082881786606038,3.0410265376285643,5.308083836862989,-2.2670572992344242,1.0,True,0,True
trial_0013_bite_003_withdrawal,trial_0013_bite_003,trial_0013,withdrawal,retrieval,0.1335709458791075,0.9555760740947732,0.2317404010117124,0.0426737798410983,0.012900671741817124,0.11369734959074285,0.09064118301408246,0.18972544735044822,0.19782424467488519,0.08273202108895222,0.06302862100603879,True,101,0.8254861070820786,0.07609478668038472,0.08960015425701885,0.2625999036412225,8.55538772444298,4.587151348050449,3.9682363763925306,1.0,True,1,False
trial_0013_bite_003_withdrawal,trial_0013_bite_003,trial_0013,withdrawal,contextual_promp,0.1058806153230874,0.4400519303725763,0.1677474494823513,0.1129957744002395,0.012900671741817124,0.06207492265301031,0.04209325917727637,0.12912676316420924,0.13086642345181532,0.12472165955243007,0.09413834920646663,True,101,0.3182996748435896,0.07679825634650218,0.09169349131088599,0.16791591915383686,5.120007307790075,4.623434522394337,0.49657278539573824,1.0,True,0,True
trial_0013_bite_004_withdrawal,trial_0013_bite_004,trial_0013,withdrawal,retrieval,0.0527814331831941,0.118997739470144,0.0675080154273112,0.015280840011444,-0.006188256131415902,0.028469313376793825,0.023881526294582192,0.052125298157863126,0.05722109881248373,0.10653281205655521,0.08618223940082574,True,101,0.11605952432755548,0.03964980764952045,0.04961934382220223,0.044456559795675005,5.036855798704911,4.15493187506643,0.8819239236384808,1.0,True,0,True
trial_0013_bite_004_withdrawal,trial_0013_bite_004,trial_0013,withdrawal,contextual_promp,0.1010903620460534,0.5390569982164488,0.1825322708239852,0.1305855632961619,-0.006188256131415902,0.08614830917925004,0.0714440993712743,0.13821505527986935,0.14792744149688333,0.0499173254198237,0.040750734439053776,True,101,0.2952869848592666,0.06677577322802739,0.07842749357443637,0.18431758145302693,3.4921366329951313,4.15493187506643,-0.662795242071299,1.0,True,0,True
trial_0013_bite_005_transfer,trial_0013_bite_005,trial_0013,transfer,retrieval,0.069483112855314,0.3279295542688267,0.0978148388797635,0.0827586655586585,0.014137347355555059,0.03674714271043403,0.03571173002099399,0.044699874917609655,0.04737576573269551,0.11581946460869207,0.10692733060025951,True,101,0.16065833824670245,0.07237167613440286,0.08419888994318948,0.15997313044119385,3.2503697279754116,4.463718564281572,-1.2133488363061602,1.0,True,0,True
trial_0013_bite_005_transfer,trial_0013_bite_005,trial_0013,transfer,contextual_promp,0.0622418123247098,0.3983853978343261,0.118189906951901,0.0960277948023339,0.014137347355555059,0.01609161148746119,0.014870413604937035,0.023464020217976597,0.026196650420336517,0.09696501492219288,0.08608601418420259,True,101,0.23272688523603238,0.06999374646709138,0.08187937597783983,0.17195505028787036,2.784733129069364,4.463718564281572,-1.6789854352122076,1.0,True,0,True
trial_0013_bite_005_withdrawal,trial_0013_bite_005,trial_0013,withdrawal,retrieval,0.2005641335834963,0.9907928932683766,0.283477475846408,0.0105860920786837,-0.05995783128243234,0.15644782837797352,0.1278366216026896,0.22500221793146252,0.23087697241816188,0.2547520955274372,0.2164949830510694,True,73,0.5329358832256716,0.20819604941603426,0.2578497011604053,0.3678349479832809,6.344616824108192,5.302258431664371,1.0423583924438207,0.7227722772277227,False,0,False
trial_0013_bite_005_withdrawal,trial_0013_bite_005,trial_0013,withdrawal,contextual_promp,0.155844987071319,0.7347880863819001,0.1672284099838904,0.1586741745620085,-0.05995783128243234,0.1423701215654463,0.11712916151683749,0.20215462928214714,0.20384791098086932,0.24141897192079065,0.20640175387113135,True,101,0.44018276221700975,0.21382228474744708,0.24578067951437033,0.2877170731010819,4.763583412555635,6.9254816207361465,-2.161898208180512,1.0,True,0,True
trial_0013_bite_006_transfer,trial_0013_bite_006,trial_0013,transfer,retrieval,0.038410101744215,0.1548975555054139,0.0152579770307637,0.0088597834903438,0.015041742549641454,0.01937546399864319,0.015673245571323227,0.036003501640895635,0.0377482309604808,0.04605854195996693,0.04202197036366786,True,78,0.19906139012621757,0.05497120860371782,0.06398044881210854,0.03438981921455712,4.83815092973459,2.9135879959225846,1.9245629338120058,0.7722772277227723,False,1,False
trial_0013_bite_006_transfer,trial_0013_bite_006,trial_0013,transfer,contextual_promp,0.0372687512838755,0.0992543409029909,0.007096947464361,0.0092011968489272,0.015041742549641454,0.013146905917095893,0.01171527574251125,0.021109050545724567,0.022415254312893675,0.04880682793884942,0.044338120928653205,True,101,0.05368119017374039,0.02699925733761236,0.03163693514690347,0.027447525793353085,3.0910870589179256,3.6985098457044687,-0.6074227867865432,1.0,True,0,True
trial_0013_bite_006_withdrawal,trial_0013_bite_006,trial_0013,withdrawal,retrieval,0.1932006332937629,1.08710348243695,0.3063155776688145,0.1438433424698794,-0.004247634987651919,0.11505319705573333,0.08504837752507817,0.20968390582307073,0.23093389483903434,0.07767250495138592,0.0648032251695902,True,101,0.4898445677960664,0.12837833765899906,0.15712581666658648,0.28863925324883255,6.988249822601253,4.968956562404935,2.019293260196317,1.0,True,0,True
trial_0013_bite_006_withdrawal,trial_0013_bite_006,trial_0013,withdrawal,contextual_promp,0.158119181328541,0.779325013972382,0.2530710522581188,0.1987239324796954,-0.004247634987651919,0.07471935082461756,0.05231124022456694,0.14754702452986335,0.1538327775187237,0.049719651236758665,0.042151264725104165,True,101,0.4255372435067691,0.10061517399324427,0.11923268273641531,0.2375667979340562,4.540891290607825,4.968956562404935,-0.4280652717971103,1.0,True,0,True
trial_0013_bite_007_withdrawal,trial_0013_bite_007,trial_0013,withdrawal,retrieval,0.1073081049811197,0.4443490342409275,0.0726865446101196,0.0609678352659595,-0.015583262841658778,0.08955574740298165,0.0654815208125695,0.17373455529852747,0.18448363150495872,0.0827952491488619,0.06597621706284186,True,101,0.2753090667103651,0.09363205616185279,0.10401677947658948,0.14629377690465364,6.604761592117747,7.586955332954194,-0.982193740836447,1.0,True,0,True
trial_0013_bite_007_withdrawal,trial_0013_bite_007,trial_0013,withdrawal,contextual_promp,0.1111736871232086,0.5671912041301769,0.0611015097014918,0.1119420909488402,-0.015583262841658778,0.08947666364030377,0.07582519848899529,0.13775896670693552,0.14338278174124128,0.060177336273195034,0.04331445738730568,True,101,0.33942825353017364,0.11666188957865531,0.1257203972574505,0.1828752099501361,4.563201869158462,7.586955332954194,-3.0237534637957317,1.0,True,0,True
trial_0013_bite_008_transfer,trial_0013_bite_008,trial_0013,transfer,retrieval,0.0458056112309929,0.1968098961555482,0.0284794347805426,0.0232040764617631,0.01264145237289483,0.017417245431426493,0.01397854512984304,0.03213373998603929,0.03585667669092966,0.012881733476297091,0.009439744149171795,True,101,0.09383690979518453,0.041444448813278446,0.04783100686757984,0.06873669722197158,4.503956511199057,4.376375017191646,0.12758149400741114,1.0,True,0,True
trial_0013_bite_008_transfer,trial_0013_bite_008,trial_0013,transfer,contextual_promp,0.0804805658359642,0.1278416723018197,0.0094882770801375,0.0348829111036161,0.01264145237289483,0.03421441902547452,0.03135832379970238,0.05449175421986016,0.057194621610668184,0.02276937156970726,0.01811707753888066,True,101,0.0952218476969331,0.03821493288255848,0.04695382700329176,0.0576196006426233,3.0494011267211167,4.376375017191646,-1.326973890470529,1.0,True,0,True
trial_0013_bite_008_withdrawal,trial_0013_bite_008,trial_0013,withdrawal,retrieval,0.0972073686872036,0.2034743229419181,0.0741581712415448,0.1493930998867743,-0.00893776518576709,0.04243008308160221,0.03302184694580128,0.0779604818687131,0.08857753328335158,0.03365940860910569,0.026801288425936546,True,101,0.19909658446774126,0.11746482011171072,0.13540761505726454,0.2015281813887705,6.893087974163414,5.9111938115143445,0.9818941626490698,1.0,True,0,True
trial_0013_bite_008_withdrawal,trial_0013_bite_008,trial_0013,withdrawal,contextual_promp,0.0403547419422173,0.1941425640088062,0.0288616190703797,0.0049743108523659,-0.00893776518576709,0.011485070499632549,0.009491645615619621,0.021379434074993434,0.023979763644040083,0.034968815216473166,0.025872836236278056,True,101,0.0969167692702563,0.037262739883805684,0.04418733184409791,0.05159822647505612,4.423885019159481,5.9111938115143445,-1.4873087923548631,1.0,True,0,True
trial_0013_bite_009_transfer,trial_0013_bite_009,trial_0013,transfer,retrieval,0.0788569706198573,0.2357153454919026,0.0847354990109583,0.0551008889802095,0.009100484044750598,0.044056808263554986,0.04145041704497364,0.06612092462608267,0.07157104254458288,0.10487666892726791,0.10022131934105562,True,101,0.13396265420176345,0.07221861278707357,0.08410970150743267,0.1297817547865127,3.4454487505058093,4.471697856489984,-1.0262491059841743,1.0,True,0,True
trial_0013_bite_009_transfer,trial_0013_bite_009,trial_0013,transfer,contextual_promp,0.0442123238459295,0.2526685301933759,0.0914274253512072,0.0788464561787158,0.009100484044750598,0.00994379303925202,0.008726614990320253,0.01594798376268209,0.01865321699661468,0.07910430033652903,0.06736302027070187,True,101,0.1571381926064764,0.04987839827483016,0.06311204134373363,0.11935160508300216,2.685934905623439,4.471697856489984,-1.7857629508665447,1.0,True,0,True
trial_0013_bite_009_withdrawal,trial_0013_bite_009,trial_0013,withdrawal,retrieval,0.0837077595911824,0.4350172733727918,0.1464781205639378,0.1158579655145282,-0.04618999456045487,0.07558657592248393,0.06301349281136888,0.12790083773017016,0.13299853440329096,0.025911602251165584,0.02148846340491101,True,90,1.17122111015437,0.12447804088485562,0.14177644952498153,0.20782911802930581,7.384473199536808,4.9294651421755855,2.4550080573612227,0.8910891089108911,False,0,False
trial_0013_bite_009_withdrawal,trial_0013_bite_009,trial_0013,withdrawal,contextual_promp,0.0578388354427706,0.2780402275403029,0.0838468066818288,0.0165919802290548,-0.04618999456045487,0.062394325724833034,0.05114291723415744,0.10689904709557685,0.1076787813577128,0.027135127060652908,0.02334846798949885,True,101,0.17092884674944975,0.07595951382453303,0.08524780421713969,0.1253469288447324,4.940591131843073,5.602165684232694,-0.661574552389621,1.0,True,0,True
trial_0013_bite_010_transfer,trial_0013_bite_010,trial_0013,transfer,retrieval,0.0591757008603115,0.3312218464238936,0.0795630154942759,0.0950170420252881,0.012806947423975049,0.02684763760907959,0.021887617240419058,0.04626195270789946,0.0471424720536165,0.06519261453052763,0.05673773013588099,True,101,0.1855117837657183,0.08581202170903927,0.09511780278870093,0.19852968525628345,3.371903551825259,4.685884348711063,-1.3139807968858044,1.0,True,0,True
trial_0013_bite_010_transfer,trial_0013_bite_010,trial_0013,transfer,contextual_promp,0.077333441353364,0.461864349306679,0.1144519948246532,0.116299114910974,0.012806947423975049,0.02472875560033302,0.021693226839530594,0.03772649690667077,0.03970158032222438,0.06105138274719335,0.052588928645660234,True,101,0.26298333735832646,0.09977093091939149,0.11272166520953529,0.2472820312836815,2.6161983793425954,4.685884348711063,-2.069685969368468,1.0,True,0,True
trial_0013_bite_010_withdrawal,trial_0013_bite_010,trial_0013,withdrawal,retrieval,0.1008538511132499,0.5357701755728415,0.0897839755620393,0.0865618668322615,-0.04610705103515422,0.09491741318165835,0.07233571754693657,0.19166560183132167,0.202469447986311,0.07944466032464584,0.06102919605009502,True,101,0.2752838585738903,0.09000786868212836,0.10327989322342741,0.16001730530145233,8.36432920576096,6.0980912088738455,2.2662379968871145,1.0,True,0,True
trial_0013_bite_010_withdrawal,trial_0013_bite_010,trial_0013,withdrawal,contextual_promp,0.1095818824962074,0.3841120073128541,0.0744587621422713,0.0899905233300482,-0.04610705103515422,0.08482101376698518,0.07001043929358686,0.13605608694060842,0.14986934092138532,0.08569389744307018,0.06512729819215195,True,79,0.23508989823879628,0.1165440567093674,0.13462890192627885,0.14086983845547946,4.130156226173476,5.264504462118133,-1.1343482359446568,0.7821782178217822,False,0,False
trial_0013_bite_011_transfer,trial_0013_bite_011,trial_0013,transfer,retrieval,0.0491160721825035,0.1186472384988959,0.0322701164012539,0.0200318834744735,0.015909324806393628,0.019353984382584677,0.01580987475416936,0.037698732084709405,0.040148685216359635,0.09481034975497896,0.09017865274237372,True,101,0.08338299697865847,0.028721872020061538,0.03152071317613374,0.056287903872915344,3.581892232222759,3.439843608317034,0.14204862390572526,1.0,True,0,True
trial_0013_bite_011_transfer,trial_0013_bite_011,trial_0013,transfer,contextual_promp,0.0240873703295506,0.0712826480667136,0.0205118557639301,0.0130883305967323,0.015909324806393628,0.00591447595975443,0.004994475351929313,0.010620234170606098,0.012932109669301445,0.07957801433737055,0.07175132402130709,True,101,0.04461548577149655,0.014514486139251784,0.01621393841295891,0.03340070173605372,2.840554499386052,3.439843608317034,-0.5992891089309818,1.0,True,0,True
trial_0013_bite_011_withdrawal,trial_0013_bite_011,trial_0013,withdrawal,retrieval,0.0930659489422519,0.3550087809769692,0.1340669040731197,0.010997777953609,-0.010197877400727862,0.07585550384278654,0.06277689273424766,0.1213872172081174,0.13788280996066823,0.034759914736408645,0.02674592537464218,True,101,1.1640837559015138,0.11082207099143015,0.14051586935780222,0.2526798351825575,7.726241553802351,6.688845744115806,1.0373958096865445,1.0,True,1,False
trial_0013_bite_011_withdrawal,trial_0013_bite_011,trial_0013,withdrawal,contextual_promp,0.0662600646495325,0.2880379145568613,0.0469753961867382,0.1163145296304258,-0.010197877400727862,0.06096256946360834,0.04244601907085171,0.13626312142419503,0.15632512248479344,0.07351431552829511,0.05945799943740201,True,101,0.17824001787666713,0.0535001692628369,0.06264043526037524,0.08846917293927323,4.176766893416794,6.712902397528647,-2.5361355041118534,1.0,True,0,True
trial_0013_bite_012_transfer,trial_0013_bite_012,trial_0013,transfer,retrieval,0.0200422551408586,0.1394720884446427,0.0119847778520256,0.006814151284323,0.012407184380823555,0.019463725965776734,0.0169966287889674,0.031869607187104215,0.037395334689734015,0.0572495867377768,0.04978935132446612,True,101,0.08566112720675714,0.026441826345351246,0.027711675203009947,0.0316556978395164,3.5136481944113633,3.4960490076039026,0.017599186807460754,1.0,True,0,True
trial_0013_bite_012_transfer,trial_0013_bite_012,trial_0013,transfer,contextual_promp,0.0495547968098475,0.2467081306043975,0.0338368199772968,0.0216647434643661,0.012407184380823555,0.030952536359928822,0.029724474855241278,0.040417230721686875,0.042337898483403524,0.06814788792605199,0.06179746400491893,True,101,0.18298246607230073,0.03861406404615302,0.04294763794120688,0.056330899756348016,2.7933107098427383,3.4960490076039026,-0.7027382977611643,1.0,True,0,True
trial_0013_bite_012_withdrawal,trial_0013_bite_012,trial_0013,withdrawal,retrieval,0.2710404145185836,1.1963872761814776,0.3769385979914651,0.1875752051690564,-0.017506189926369035,0.164631031069112,0.1514378943220281,0.22435248634871824,0.22621496186096207,0.0849004398110999,0.07841385889889887,True,101,1.0702599855607504,0.21619641264401332,0.24592022623331147,0.5492618480281165,6.760206772383658,4.657860492716155,2.1023462796675023,1.0,True,1,False
trial_0013_bite_012_withdrawal,trial_0013_bite_012,trial_0013,withdrawal,contextual_promp,0.155674023512939,0.564673615075526,0.1820531086913739,0.193640090936082,-0.017506189926369035,0.09994379366641744,0.09249290747932891,0.14511158889104878,0.14713372449338125,0.03596012632310136,0.02814361410880907,True,101,0.40253311682929177,0.11578764321921538,0.12845024743582206,0.2711169496637501,3.3708439400121453,4.6953590197771575,-1.3245150797650123,1.0,True,0,True
trial_0014_bite_001_transfer,trial_0014_bite_001,trial_0014,transfer,retrieval,0.0327831638263635,0.1297189340286856,0.0232010318831279,0.0121252883268688,0.028950026011338906,0.029154581784874175,0.026386981221176872,0.04000254608045161,0.04256579722005271,0.0995119587529545,0.08403256019844016,True,67,0.1379911302882813,0.03661205778472406,0.038733609144672,0.04547129843459683,4.754686179090324,2.623287449023193,2.131398730067131,0.6633663366336634,False,0,False
trial_0014_bite_001_transfer,trial_0014_bite_001,trial_0014,transfer,contextual_promp,0.0512021937526352,0.1725390223116672,0.0378250408060293,0.0144674261836491,0.028950026011338906,0.031354986185573815,0.027518126740593715,0.049092083777907886,0.050833915449163276,0.10278048554787961,0.08465595601540203,True,73,0.15130501220976345,0.0684000372034016,0.07576461164580339,0.1143510606148812,4.045286877986722,2.9065942770959134,1.138692600890809,0.7227722772277227,False,1,False
trial_0014_bite_001_withdrawal,trial_0014_bite_001,trial_0014,withdrawal,retrieval,0.1273233410529528,0.2595199536142718,0.1843329490105313,0.1852005552906304,-0.003018933160150665,0.05456030610423507,0.04649152111480718,0.08852048655024974,0.09310146090982774,0.1041870292917149,0.08062042261215713,True,101,0.19279591129267926,0.07738389653889845,0.08480911903309941,0.07838199070257221,5.725043965161159,3.3129259773661617,2.4121179877949976,1.0,True,0,True
trial_0014_bite_001_withdrawal,trial_0014_bite_001,trial_0014,withdrawal,contextual_promp,0.0698551737343768,0.5203259279177047,0.0670984970977546,0.0408766243321677,-0.003018933160150665,0.0844735042397006,0.06960713740609872,0.12938594766573588,0.13201937263678432,0.05990513982778539,0.047166494897164166,True,101,0.17512111805146705,0.06293841071532992,0.06942511482178171,0.09717642330411004,3.9265341053689338,3.3129259773661617,0.6136081280027721,1.0,True,0,True
trial_0014_bite_002_transfer,trial_0014_bite_002,trial_0014,transfer,retrieval,0.0669796404507274,0.299724392313637,0.0648022241925746,0.0261052117864207,0.012506901038588987,0.03523741629219307,0.03356958963497823,0.04779638315509122,0.051582442749226035,0.027329538520245288,0.0223843591985588,True,101,0.1050447916577522,0.06295850957990017,0.0698838544386405,0.1146350766010606,3.585386693019617,3.9813163972182424,-0.3959297041986254,1.0,True,0,True
trial_0014_bite_002_transfer,trial_0014_bite_002,trial_0014,transfer,contextual_promp,0.0348013181753348,0.1732745618806997,0.0501242511190735,0.0295020815051524,0.012506901038588987,0.024408974272394985,0.0227611610135322,0.036337555349508784,0.038228871133369424,0.03208206893903536,0.024562607549300317,True,101,0.08161477500512196,0.035369021911378175,0.040347538989277926,0.07603572714256362,3.1643209630268165,3.9813163972182424,-0.8169954341914258,1.0,True,0,True
trial_0014_bite_002_withdrawal,trial_0014_bite_002,trial_0014,withdrawal,retrieval,0.0607387804367692,0.3174153101351851,0.0276073125912501,0.0136434928799016,0.03964804413245784,0.06872885621672407,0.05033838582814217,0.1435886505260029,0.15220823543559164,0.12714011662883165,0.09209130146164696,True,101,0.2683871097171705,0.05126454108198372,0.05905898910244632,0.08689953590922633,6.3301927020843705,6.551293100455748,-0.22110039837137752,1.0,True,0,True
trial_0014_bite_002_withdrawal,trial_0014_bite_002,trial_0014,withdrawal,contextual_promp,0.0743208001841285,0.3772210701707669,0.048572341385848,0.0021019655474902,0.03964804413245784,0.06955698174326232,0.05379630101195252,0.12241825920825002,0.12595522836334677,0.13291727390007604,0.10230536452234537,True,101,0.3416233321621034,0.05057866086112138,0.06525759529042137,0.1103588109484878,6.654462355415398,6.551293100455748,0.10316925495965013,1.0,True,0,True
trial_0014_bite_003_transfer,trial_0014_bite_003,trial_0014,transfer,retrieval,0.038410101744215,0.1548975555054139,0.0152579770307637,0.0111930170545501,0.005768465803150456,0.027741959499553683,0.024193610821555776,0.0489398660754041,0.050345162711711994,0.08737262019103073,0.07247777229555304,True,101,0.12812923615265967,0.047130285962018306,0.05133147884176437,0.0322941314833987,3.5949918135070926,3.3786857594581954,0.21630605404889724,1.0,True,0,True
trial_0014_bite_003_transfer,trial_0014_bite_003,trial_0014,transfer,contextual_promp,0.0251808796675574,0.1314202282784479,0.0203815330339731,0.0048413820605718,0.005768465803150456,0.010933479212353577,0.009075641861801568,0.020342742683062853,0.022247802232490066,0.07191783532402544,0.06063537314159024,True,101,0.09791797063944407,0.028433612514316083,0.030365122285507036,0.060989635832208594,3.107005070567427,3.3786857594581954,-0.27168068889076835,1.0,True,0,True
trial_0014_bite_003_withdrawal,trial_0014_bite_003,trial_0014,withdrawal,retrieval,0.1286019369641415,0.7486374805529157,0.1802356232722564,0.0050716994186967,0.008816484243526677,0.14414610468906427,0.13281346657175683,0.20083884195501436,0.2129708590656001,0.1358150591744744,0.12032383267081176,True,101,0.43147972657740463,0.13878264885498717,0.16088765153579848,0.20265210513275067,6.487571581331178,8.045237606846706,-1.5576660255155286,1.0,True,0,True
trial_0014_bite_003_withdrawal,trial_0014_bite_003,trial_0014,withdrawal,contextual_promp,0.0930818634200008,0.5201947080620056,0.1523035492590539,0.0755975961037739,0.008816484243526677,0.09252393657963703,0.07229989371816305,0.1545607191087222,0.16160755398583276,0.083044734870329,0.07178939514310173,True,101,0.37783007614179126,0.10967963537370834,0.13182012917108873,0.14199310181593175,4.216758054607249,8.045237606846706,-3.8284795522394575,1.0,True,0,True
trial_0014_bite_004_transfer,trial_0014_bite_004,trial_0014,transfer,retrieval,0.021848382750537,0.0836816578599064,0.0126382848330214,0.0214284251749337,0.014410228161587817,0.014852124165311327,0.011557371305382811,0.03159842722609016,0.04027454448454517,0.10995995111473879,0.09775716522635425,True,101,0.054567734982077204,0.019196561408472847,0.02036576567700188,0.03454303592842114,4.6051044390288585,3.569959243672522,1.0351451953563364,1.0,True,0,True
trial_0014_bite_004_transfer,trial_0014_bite_004,trial_0014,transfer,contextual_promp,0.0097911364889089,0.0533884979910646,0.0121719554244471,0.0076375066253843,0.014410228161587817,0.00874539520296639,0.0063574896854394596,0.016749425237892634,0.01778139551227076,0.11082584247510355,0.09562891047442867,True,101,0.02627422407798638,0.009196167975661381,0.010345388897357297,0.012235952706337297,3.452917546574091,3.569959243672522,-0.11704169709843093,1.0,True,0,True
trial_0014_bite_004_withdrawal,trial_0014_bite_004,trial_0014,withdrawal,retrieval,0.1304886315009402,0.3891819219504572,0.2492183440904038,0.1403742312209758,0.031147959882453106,0.03180292612173383,0.026926881604743422,0.05506628654566934,0.06526613937060892,0.07718162997469678,0.05527211360433477,True,101,0.3576551323275659,0.16077575036862973,0.2245329474173218,0.1839970485371603,6.993340029344078,7.705739127438373,-0.7123990980942949,1.0,True,0,True
trial_0014_bite_004_withdrawal,trial_0014_bite_004,trial_0014,withdrawal,contextual_promp,0.1007863475336088,0.3381347567749438,0.1879349245112727,0.0487693308014693,0.031147959882453106,0.05068774229448921,0.03889395907400739,0.10238941073454422,0.10620809946909288,0.04654254897942949,0.039017660081584866,True,101,0.30894049074394164,0.1336957960154155,0.18184549768124866,0.14544212168402892,5.978576737745929,7.705739127438373,-1.7271623896924444,1.0,True,0,True
trial_0014_bite_005_transfer,trial_0014_bite_005,trial_0014,transfer,retrieval,0.0453824141352929,0.0941584188483114,0.0015891938200957,0.0097138475816323,-0.0031258860822755904,0.00794470248578547,0.007102431480806321,0.01421789464049017,0.0160530322583875,0.14851410639905122,0.1257446382220777,True,101,0.06899558891891874,0.04075881373883361,0.04642622509195873,0.06035351621602329,4.013063270466056,3.8858071568018793,0.12725611366417633,1.0,True,0,True
trial_0014_bite_005_transfer,trial_0014_bite_005,trial_0014,transfer,contextual_promp,0.0255644015662898,0.0923755212145314,0.0117925882666304,0.0055252413664275,-0.0031258860822755904,0.010410446356259363,0.008802975395701067,0.017893941071688235,0.022475577442135908,0.1437917913994566,0.12244507688028965,True,101,0.08505752079010247,0.017318094522237416,0.01921342114228859,0.03714602483593827,3.4384934610911198,3.8858071568018793,-0.4473136957107595,1.0,True,0,True
trial_0014_bite_005_withdrawal,trial_0014_bite_005,trial_0014,withdrawal,retrieval,0.0928445906896319,0.2264083071064795,0.1046547419853587,0.1364068932738684,0.0032094228792226773,0.053684351836324896,0.045465231359027324,0.08764110356791519,0.09116124333602352,0.11485879345099763,0.09792667975789286,True,101,0.26277730149457107,0.11557145059727907,0.1448177346228978,0.14717360416907488,6.763926249373846,6.05957762281149,0.7043486265623553,1.0,True,0,True
trial_0014_bite_005_withdrawal,trial_0014_bite_005,trial_0014,withdrawal,contextual_promp,0.093432136130718,0.2773156851722625,0.1500474549407551,0.1015277991626857,0.0032094228792226773,0.035848311002454426,0.028211733369335804,0.06298045216785508,0.06702980224296673,0.06672562475313444,0.055631102389238865,True,101,0.29217647195265706,0.11493712161470591,0.15668267279790266,0.1336125140636702,3.9905381779252957,6.05957762281149,-2.0690394448861946,1.0,True,0,True
trial_0014_bite_006_transfer,trial_0014_bite_006,trial_0014,transfer,retrieval,0.0483525228449325,0.165656554947099,0.0486414025474736,0.0288673353030479,0.011142262177825414,0.00792499515482766,0.00674343824072281,0.013800153419437994,0.016302079251708436,0.09435109960703227,0.07964623354120108,True,101,0.14028929329164228,0.04422022697996528,0.05225610501160078,0.10037387085289093,3.722458726667415,2.8623565567704996,0.8601021698969156,1.0,True,0,True
trial_0014_bite_006_transfer,trial_0014_bite_006,trial_0014,transfer,contextual_promp,0.0227048785452338,0.0761684889253252,0.0142646396069162,0.0083548063552018,0.011142262177825414,0.006718464325732012,0.0051389151744669,0.012793748113009151,0.013762907013526449,0.10111018838376248,0.0877765667477393,True,101,0.06000340875619964,0.020974272981046677,0.023521709307163866,0.048941971650801795,2.960529607036647,2.8623565567704996,0.09817305026614731,1.0,True,0,True
trial_0014_bite_006_withdrawal,trial_0014_bite_006,trial_0014,withdrawal,retrieval,0.0408657964337064,0.1669065428987194,0.0686639582694667,0.0648242515353337,-0.012891127959245706,0.056562239595671186,0.05044966088446195,0.08368055397582042,0.08958143276977418,0.11344079289313316,0.09808734071212889,True,101,0.12904979677860373,0.03424205762174747,0.03863650340019026,0.06591328750020418,6.630125116863161,5.873465593813332,0.7566595230498292,1.0,True,0,True
trial_0014_bite_006_withdrawal,trial_0014_bite_006,trial_0014,withdrawal,contextual_promp,0.0325407765685641,0.38737596580131,0.0618122509860647,0.0163974373014435,-0.012891127959245706,0.07021848771670833,0.05617718155948657,0.10619861360272628,0.11018219702838916,0.06191400775418922,0.04341091676871538,True,101,0.17911926963499816,0.046855265622564236,0.05618969265757673,0.11570861613597921,4.409787757857888,5.873465593813332,-1.463677835955444,1.0,True,0,True
trial_0014_bite_007_transfer,trial_0014_bite_007,trial_0014,transfer,retrieval,0.0429631882085335,0.1180695439020125,0.008392286288369,0.0142486668065707,0.003214771263658607,0.02286291197389315,0.019619160152926075,0.03909182281231868,0.040346078965506876,0.09242642949501054,0.08017787701860454,True,101,0.07209032671193975,0.028105704756575495,0.03414869328408029,0.04757324894818542,4.1306552135505585,3.1244119763723925,1.006243237178166,1.0,True,0,True
trial_0014_bite_007_transfer,trial_0014_bite_007,trial_0014,transfer,contextual_promp,0.0357245034353345,0.0643090120156257,0.0122685891861018,0.0021895215845627,0.003214771263658607,0.007066421726400381,0.006233908110172796,0.011943395950335223,0.013353492906013564,0.07706378316708823,0.06498039998843985,True,101,0.05874637969241828,0.02258093958049882,0.02547002816127146,0.03835419378254932,3.1347597553328885,3.1244119763723925,0.01034777896049599,1.0,True,0,True
trial_0014_bite_007_withdrawal,trial_0014_bite_007,trial_0014,withdrawal,retrieval,0.1194464127462015,0.4065750050707745,0.2264667432532163,0.0915749658166033,-0.015827299270315447,0.07251892754924966,0.057144412739338624,0.14092346011990803,0.15383512878726813,0.04578632346626576,0.03800699929609476,True,101,0.38257888515625116,0.1446974203713145,0.19260820464797282,0.17792385020104792,4.951201643916143,5.717280829533957,-0.766079185617814,1.0,True,0,True
trial_0014_bite_007_withdrawal,trial_0014_bite_007,trial_0014,withdrawal,contextual_promp,0.0990652198908057,0.3916387869800511,0.1694322222602501,0.0698461958650504,-0.015827299270315447,0.051935048568888934,0.04376356267622862,0.08705407570542609,0.09486645451047568,0.030394897318054084,0.025624413655132187,True,101,0.3080922287075433,0.13866003102577837,0.18006735771108753,0.1737265053148076,4.208756529208465,5.717280829533957,-1.508524300325492,1.0,True,0,True
trial_0014_bite_008_transfer,trial_0014_bite_008,trial_0014,transfer,retrieval,0.0208013368878377,0.1179135620379233,0.0054056557430005,0.0178971696055644,0.011121192397306433,0.013410156368278045,0.011712043407547083,0.02063964929649205,0.02291839808079493,0.09222989515401019,0.08034358475150785,True,101,0.053418839990457455,0.023405101530196037,0.025165752005849956,0.034462503245896545,3.5069893347092815,2.9001473697770987,0.6068419649321828,1.0,True,0,True
trial_0014_bite_008_transfer,trial_0014_bite_008,trial_0014,transfer,contextual_promp,0.0234089579668766,0.1154964027409224,0.0196601579778466,0.0178869963057175,0.011121192397306433,0.008711865008986103,0.00815167708750251,0.013354680035352784,0.014121152888629585,0.09159928642899669,0.07816605081058989,True,101,0.04787417174645041,0.026260659263115972,0.029658442380827387,0.06025576103660012,2.984022213706738,2.9001473697770987,0.08387484392963929,1.0,True,0,True
trial_0014_bite_008_withdrawal,trial_0014_bite_008,trial_0014,withdrawal,retrieval,0.0996076034043643,1.005804768592832,0.0567722284543881,0.0896646989076689,-0.0210216241694065,0.11563254830508683,0.08305603532460164,0.2129705546175956,0.21810452531131955,0.13441328539323755,0.10036395545217519,True,101,0.45456656529570344,0.10161949305916584,0.11489251477770696,0.2373211808057363,8.516424767224771,6.410841095655348,2.1055836715694234,1.0,True,0,True
trial_0014_bite_008_withdrawal,trial_0014_bite_008,trial_0014,withdrawal,contextual_promp,0.0743806387458564,0.3034902371538882,0.085806796268197,0.0291674095813162,-0.0210216241694065,0.04856505307437335,0.037649862242107465,0.09669845395407052,0.10205905684005556,0.06071454448089273,0.04848499336706584,True,101,0.22135141477150838,0.09335388648327653,0.11103484352891371,0.1263370625179145,3.68234577760388,6.410841095655348,-2.728495318051468,1.0,True,0,True
trial_0014_bite_009_transfer,trial_0014_bite_009,trial_0014,transfer,retrieval,0.0529201558516768,0.1522598716923665,0.035942667388339,0.0551328041456559,0.0003600694395706136,0.008065552869188537,0.00623300579502066,0.015527056287855586,0.017389885488361678,0.07254095422756768,0.05849679640142078,True,101,0.0966548799656295,0.058175534766388856,0.0625860110570706,0.138925189577772,3.9922229545460253,3.3692054485964276,0.6230175059495977,1.0,True,0,True
trial_0014_bite_009_transfer,trial_0014_bite_009,trial_0014,transfer,contextual_promp,0.0445114742007046,0.1928659183810974,0.0334989708467437,0.0240356865069401,0.0003600694395706136,0.016053927449949837,0.015263048952388326,0.022208030117495642,0.023898384796119138,0.056597140283086725,0.04702430675957158,True,101,0.14656086865061205,0.055048279164668895,0.05910377250996609,0.10519006054133062,3.1871474610987445,3.3692054485964276,-0.1820579874976831,1.0,True,0,True
trial_0014_bite_009_withdrawal,trial_0014_bite_009,trial_0014,withdrawal,retrieval,0.0554324879858777,0.3563769612820385,0.0650691084316267,0.1599560760498335,-0.007575255551705441,0.04435615836880991,0.03104969483636334,0.08868915662162963,0.09410134208546585,0.060345048240178605,0.04642836447123551,True,101,0.17017140640004547,0.050798557072347233,0.05811920658542866,0.07621534421299991,6.906493435579261,4.73261238756816,2.1738810480111006,1.0,True,0,True
trial_0014_bite_009_withdrawal,trial_0014_bite_009,trial_0014,withdrawal,contextual_promp,0.0588602817409784,0.1985750153963255,0.084290364462233,0.0742643714034623,-0.007575255551705441,0.06876593011813728,0.05732827660020435,0.1092217452838975,0.11371172835199908,0.04930138943054121,0.037550385638962326,True,101,0.10205102380094541,0.040203104818432124,0.04563405644732556,0.06823320849318028,4.029052646915038,4.73261238756816,-0.7035597406531222,1.0,True,0,True
trial_0014_bite_010_transfer,trial_0014_bite_010,trial_0014,transfer,retrieval,0.0286871456524999,0.1097561445375086,0.0129007533329081,0.0047482312954594,-0.010607523803180759,0.020236529492577038,0.014275163936986223,0.03954819008724755,0.05390779016600986,0.1251297813130069,0.11136712836785304,True,101,0.06389441736401709,0.036960044116886366,0.03870913974854216,0.05700441021731341,4.2331250414098225,4.197865813620897,0.03525922778892543,1.0,True,0,True
trial_0014_bite_010_transfer,trial_0014_bite_010,trial_0014,transfer,contextual_promp,0.0191446186966203,0.092642610184037,0.0141725738407761,0.0122778971479742,-0.010607523803180759,0.019133510154389795,0.01615969883681859,0.033205668520478265,0.03713722062725031,0.11455911002589106,0.10137065998570655,True,101,0.06329664599959982,0.01776930492589446,0.019476652476056972,0.016559514923740273,3.6987934423310955,4.197865813620897,-0.49907237128980153,1.0,True,0,True
trial_0014_bite_010_withdrawal,trial_0014_bite_010,trial_0014,withdrawal,retrieval,0.0500344678394484,0.6571808221238593,0.0565529766563093,0.1019566549341194,0.00440170023122665,0.1012459250997908,0.07611760042955455,0.19664408964584185,0.20675893226481487,0.04722791138330799,0.036830978866094155,True,101,0.3555466453785025,0.12509152295732454,0.14055801616440025,0.2522643564289577,8.980500787250687,6.280421582038058,2.700079205212629,1.0,True,0,True
trial_0014_bite_010_withdrawal,trial_0014_bite_010,trial_0014,withdrawal,contextual_promp,0.0804233200700196,0.4610202474693221,0.0902560332463278,0.0576601393281834,0.00440170023122665,0.09383516168752004,0.08488207757414067,0.13281496483544686,0.1374575214389288,0.02802400965952872,0.0218543024855121,True,101,0.32446232838444594,0.15513299685366747,0.1737001282561246,0.26070718385456304,4.218996020212645,6.280421582038058,-2.0614255618254136,1.0,True,0,True
trial_0014_bite_011_transfer,trial_0014_bite_011,trial_0014,transfer,retrieval,0.0689891143409126,0.1496787588334921,0.0181792224198221,0.0224398070246631,0.0046110261903473185,0.023469262736215402,0.020670201650492593,0.035279852570861275,0.036392330640892256,0.12480338067687066,0.10463752090904141,True,101,0.11826430894869606,0.06553199247969722,0.07438802463299975,0.10259120230147294,3.9187989265868475,3.3506861561284493,0.5681127704583981,1.0,True,0,True
trial_0014_bite_011_transfer,trial_0014_bite_011,trial_0014,transfer,contextual_promp,0.0510839591313552,0.0868369758241959,0.0104103091607805,0.0122095654146584,0.0046110261903473185,0.015700374479091263,0.011518207296561814,0.032782775126874004,0.034783968239919305,0.10324590164953522,0.087907294625549,True,101,0.07637886826393266,0.043128104442103056,0.04897023328349019,0.07707390918898802,3.3861261529039144,3.3506861561284493,0.035439996775465055,1.0,True,0,True
trial_0014_bite_011_withdrawal,trial_0014_bite_011,trial_0014,withdrawal,retrieval,0.0615398654583492,0.7180510335292077,0.0720488635670317,0.041833188913579,0.0008471054967045463,0.029652537135711577,0.023622685951462826,0.05884382877402117,0.0763202555526643,0.03189379896363619,0.025296931108640876,True,101,0.7629267149537886,0.11062781543726413,0.13651661539704196,0.21290344624386592,8.942620056678473,5.266867350133582,3.675752706544891,1.0,True,2,False
trial_0014_bite_011_withdrawal,trial_0014_bite_011,trial_0014,withdrawal,contextual_promp,0.056377978971087,0.1767326541798282,0.087717934258269,0.0087526203526565,0.0008471054967045463,0.04823207287315031,0.03534061686431261,0.09403117681075607,0.1003186761144148,0.06346166840469974,0.041795498327315876,True,101,0.1781574048053185,0.09375387458678036,0.12209081510541292,0.1459078449505498,4.487789564354762,5.369677407525577,-0.8818878431708148,1.0,True,0,True
trial_0014_bite_012_transfer,trial_0014_bite_012,trial_0014,transfer,retrieval,0.0361952954004321,0.1733673749005858,0.0353440685228977,0.0244601998495133,0.0001975446273976625,0.030180637090692273,0.027532736756693273,0.043785505929218954,0.04590987326763474,0.21874345611640286,0.18926317169302473,True,101,0.16114623459394375,0.06048280797695551,0.0686875302207728,0.07709972578839659,4.284748220768942,3.5116174589851914,0.7731307617837508,1.0,True,0,True
trial_0014_bite_012_transfer,trial_0014_bite_012,trial_0014,transfer,contextual_promp,0.0159358270877115,0.1248108198857931,0.0109665162006526,0.0043766792669975,0.0001975446273976625,0.00638389086476788,0.0054633009624261274,0.012402224699884558,0.016434054213340932,0.18813849884671166,0.1621639050605568,True,101,0.041658937105541735,0.021113725694285757,0.02375901573926358,0.04300629135480769,3.3791346052311795,3.5116174589851914,-0.13248285375401192,1.0,True,0,True
trial_0014_bite_012_withdrawal,trial_0014_bite_012,trial_0014,withdrawal,retrieval,0.0726018905567743,0.4404201174308388,0.0867497012528912,0.1270794648640358,-0.0028982521526492652,0.07233310747102153,0.056897712283231025,0.13652792892190027,0.14554154667224764,0.04396450511120163,0.03752029989526106,True,101,0.28604463697618326,0.13098111326755493,0.1574201929763537,0.22342752721689674,8.108814209053467,6.931593612486095,1.1772205965673717,1.0,True,0,True
trial_0014_bite_012_withdrawal,trial_0014_bite_012,trial_0014,withdrawal,contextual_promp,0.0546365587899582,0.3606628983067296,0.092802916369737,0.0363968965798418,-0.0028982521526492652,0.061899131107499956,0.046791684717432426,0.12497845060523803,0.1324681626394615,0.04844466062663363,0.042279523307583805,True,101,0.21054115426630213,0.0934296150522089,0.10555199410533868,0.1375184941773765,5.038968233319502,6.931593612486095,-1.892625379166593,1.0,True,0,True
trial_0014_bite_013_transfer,trial_0014_bite_013,trial_0014,transfer,retrieval,0.0272038829680302,0.1879656193044631,0.0353084060896567,0.0413916947025899,-0.002731944904223342,0.0447959494167111,0.0395481163687312,0.06595251107413666,0.06933693475371366,0.19833391809110734,0.17752183189507306,True,101,0.09860144503086324,0.05503519856987407,0.06079802109007089,0.12934192493769445,4.296936266491269,3.437748598599043,0.8591876678922259,1.0,True,0,True
trial_0014_bite_013_transfer,trial_0014_bite_013,trial_0014,transfer,contextual_promp,0.0258081989047846,0.1652052497158697,0.0275282619209592,0.015262802513438,-0.002731944904223342,0.015845902252034222,0.013657193893253152,0.026242520892889754,0.03179966371090004,0.16866401063189695,0.15056972830451504,True,101,0.0838182657714482,0.04457956823637529,0.04783913027095826,0.09668089830741639,3.125837053339873,3.437748598599043,-0.31191154525916964,1.0,True,0,True
trial_0014_bite_013_withdrawal,trial_0014_bite_013,trial_0014,withdrawal,retrieval,0.0871922310048363,0.2345669952347716,0.1335118094876466,0.1491992277989606,-0.024955171540468828,0.05179185761387818,0.04553755355451895,0.08553408942443327,0.09036529909639204,0.09885901209559618,0.08626197302524716,True,101,0.2022687421003682,0.10896065052791953,0.12261982580938087,0.19494053687471294,7.687030759743157,5.8806727472351845,1.8063580125079728,1.0,True,0,True
trial_0014_bite_013_withdrawal,trial_0014_bite_013,trial_0014,withdrawal,contextual_promp,0.0533237887339808,0.2024326130729501,0.0768902431862299,0.0194581752657708,-0.024955171540468828,0.017368506475986444,0.012979461693817742,0.031831625806645995,0.03656932988043782,0.06152722049715914,0.05290456136382865,True,101,0.15992965812842133,0.06395231626301516,0.07977147737963294,0.11323086915284958,4.234045681657946,5.8806727472351845,-1.6466270655772384,1.0,True,0,True
trial_0014_bite_014_transfer,trial_0014_bite_014,trial_0014,transfer,retrieval,0.0546756634468895,0.2153802751381685,0.0123662205659449,0.0003289330921021,-0.0059478408295055366,0.055505087184836224,0.0514611141253014,0.08774918636209054,0.08896208552501383,0.23280637466329074,0.2188730923922078,True,101,0.10134198241835071,0.03386954520685274,0.04239221998363921,0.052754564371549115,4.0375573025986355,3.6911350741975215,0.34642222840111403,1.0,True,0,True
trial_0014_bite_014_transfer,trial_0014_bite_014,trial_0014,transfer,contextual_promp,0.0720627587140426,0.1305305404760104,0.0322690463853027,0.0047251806730366,-0.0059478408295055366,0.032544053233825435,0.026706444913195,0.05884065331452003,0.06327534496256758,0.1896248861857436,0.18004037401815304,True,101,0.14546980164457546,0.06717202327834378,0.07442418556784654,0.05950120730148643,3.5015897231607385,3.6911350741975215,-0.18954535103678305,1.0,True,0,True
trial_0014_bite_014_withdrawal,trial_0014_bite_014,trial_0014,withdrawal,retrieval,0.0748106698421975,0.6953516012837561,0.0166238425507254,0.0597897010315865,-0.013207997344466267,0.14607593416812803,0.11365685669041171,0.2661872043686978,0.2833891497618369,0.1615436290268929,0.11845013606046771,True,101,0.3832985569773986,0.13026549427706782,0.15144145856987726,0.27243869139880766,8.290974091511455,7.531729713552897,0.7592443779585576,1.0,True,0,True
trial_0014_bite_014_withdrawal,trial_0014_bite_014,trial_0014,withdrawal,contextual_promp,0.0950820366074238,0.78678039352191,0.094902710253824,0.011217691696619,-0.013207997344466267,0.14049901446964944,0.12489200378756418,0.22057029352287494,0.2299196198943399,0.14655946492694838,0.12536652164235795,True,101,0.38625911674546454,0.1568973174884109,0.167327061729074,0.2947168633064749,4.210025920029249,7.531729713552897,-3.321703793523648,1.0,True,0,True
trial_0014_bite_015_transfer,trial_0014_bite_015,trial_0014,transfer,retrieval,0.0306449859125995,0.1729241729062965,0.0426424521232029,0.0424411361433857,-0.004317113966307094,0.039583060539490705,0.03798313617331963,0.04826530339437529,0.050872585122575836,0.16321704393347633,0.1420885728140805,True,101,0.1577693990576896,0.05849230381570771,0.07208452656543413,0.08843006072616057,3.929528850447063,2.904113400308144,1.0254154501389188,1.0,True,0,True
trial_0014_bite_015_transfer,trial_0014_bite_015,trial_0014,transfer,contextual_promp,0.0204237192930727,0.0714811649001599,0.0148291011076021,0.0140432758914255,-0.004317113966307094,0.011983601473745418,0.009362782654090171,0.020971426707768415,0.024316743596554016,0.12918800900444283,0.11223545331449444,True,101,0.035849416894535434,0.02276198566930768,0.024142305354090926,0.033706475657857685,2.888730003968756,2.904113400308144,-0.015383396339388344,1.0,True,0,True
trial_0014_bite_015_withdrawal,trial_0014_bite_015,trial_0014,withdrawal,retrieval,0.1142028442188876,0.5391668539422603,0.1191510544721171,0.0369861137415657,-0.04706343200017184,0.07204374079951817,0.059923950420888036,0.1269230303002693,0.14155604002538102,0.21464362615737745,0.18545538982953977,True,101,0.3326163338235018,0.11392248195836643,0.1380855801394593,0.22680232671943232,4.999403286098151,6.034616069493264,-1.0352127833951128,1.0,True,0,True
trial_0014_bite_015_withdrawal,trial_0014_bite_015,trial_0014,withdrawal,contextual_promp,0.1179825661515832,0.7112726038042518,0.1233894956755399,0.0689315878774432,-0.04706343200017184,0.08988348005908288,0.073071461940168,0.1531388552964186,0.15955916119191463,0.22901956066118148,0.19866913483960078,True,101,0.35277822017677735,0.12354230918643479,0.14873313520449408,0.22920460765008377,3.984070527750214,6.034616069493264,-2.05054554174305,1.0,True,0,True
trial_0014_bite_016_transfer,trial_0014_bite_016,trial_0014,transfer,retrieval,0.0344810720325416,0.1709385601019087,0.0464766902278065,0.0242495703063218,-0.007185951248092855,0.04559056501267161,0.04455661832246799,0.05573469354381594,0.05888360007482559,0.18026754748918997,0.1686869505376465,True,101,0.17219789304461441,0.05238973470307279,0.06673329135236207,0.06846373683283435,3.918843553854554,3.283480493687997,0.635363060166557,1.0,True,0,True
trial_0014_bite_016_transfer,trial_0014_bite_016,trial_0014,transfer,contextual_promp,0.0252307230853393,0.0625403619981529,0.0148161326154999,0.0038989299366524,-0.007185951248092855,0.021924899173591965,0.018031835018158176,0.03979867062008128,0.044003474359293734,0.1511715881389003,0.1421847434906137,True,101,0.044419667935068775,0.01887644890841169,0.02139766684885847,0.024158685257425715,3.13005996874352,3.283480493687997,-0.1534205249444769,1.0,True,0,True
trial_0014_bite_016_withdrawal,trial_0014_bite_016,trial_0014,withdrawal,retrieval,0.223261010420162,1.069342458136802,0.3936698216200279,0.2369412008562751,-0.025140254937141567,0.1346619735057361,0.11324818354284323,0.2275369880044124,0.24546087698975386,0.05924863487088784,0.05113328899605929,True,101,0.680127590394422,0.22322262286670272,0.280972787900425,0.3829698338049068,5.557229264544606,6.346578547991696,-0.7893492834470894,1.0,True,0,True
trial_0014_bite_016_withdrawal,trial_0014_bite_016,trial_0014,withdrawal,contextual_promp,0.1422083246837047,0.743858164142514,0.2281887855090756,0.0868351789531384,-0.025140254937141567,0.1072047361132708,0.09586848614389516,0.1398054906874285,0.14279681970503755,0.04840930314045049,0.034525586610204176,True,101,0.49990474026930853,0.19638360688811574,0.23934143646676195,0.30328601916514725,3.4023454004434743,6.346578547991696,-2.9442331475482213,1.0,True,0,True
trial_0014_bite_017_transfer,trial_0014_bite_017,trial_0014,transfer,retrieval,0.0385147773433996,0.1242531493167462,0.0137598340057713,0.0163883682824148,0.007255387309355217,0.020949392303294116,0.019190990452515714,0.03132279056296705,0.03448703249064,0.06499986323464267,0.057313728843092986,True,101,0.0664230326369555,0.025256271805767033,0.028586906394748444,0.043408029827981996,3.862572596354852,3.6124561903058976,0.25011640604895424,1.0,True,0,True
trial_0014_bite_017_transfer,trial_0014_bite_017,trial_0014,transfer,contextual_promp,0.0354034073442894,0.1549531908740556,0.0317374888889226,0.0089555100590268,0.007255387309355217,0.03261966989003417,0.028749055622210147,0.04635478215506264,0.05297783734458805,0.05188765412560786,0.04622408119847869,True,101,0.13525825508101055,0.03262799301184271,0.03517232245512974,0.04223486981067203,3.2571011752468344,3.6124561903058976,-0.3553550150590632,1.0,True,0,True
trial_0014_bite_017_withdrawal,trial_0014_bite_017,trial_0014,withdrawal,retrieval,0.1908026341281841,0.8015327299832097,0.318751093469089,0.1624341270138395,0.012117225838018365,0.14022410962302354,0.12491728498142585,0.2361739725215944,0.24967797719412166,0.09258750338970372,0.07143655977866596,True,101,0.44790046578243364,0.1980773423969499,0.24936193609299295,0.24420769313036775,6.046851150727463,6.998949959773542,-0.9520988090460794,1.0,True,0,True
trial_0014_bite_017_withdrawal,trial_0014_bite_017,trial_0014,withdrawal,contextual_promp,0.1441805442540431,0.6156064382085553,0.2147441584870209,0.0579203230063248,0.012117225838018365,0.12608620342512714,0.11233698664619673,0.19333869780549223,0.20917036354619814,0.07210191379885435,0.05495561594781844,True,101,0.36104859953166196,0.15673488695657847,0.19102556676420224,0.19382156007177112,4.887365419753727,6.998949959773542,-2.111584540019815,1.0,True,0,True
trial_0014_bite_018_transfer,trial_0014_bite_018,trial_0014,transfer,retrieval,0.0618793722418995,0.2898098040479978,0.0573254913092908,0.0285543021052998,0.013061427736113997,0.02299808237501124,0.020300495463264775,0.04373417784191101,0.04773072751593628,0.10584567529551893,0.09321707931631056,True,101,0.22179216891952502,0.08162744984158785,0.09180530822513304,0.13727644122584748,4.0354235767359,3.651150025636887,0.3842735510990125,1.0,True,0,True
trial_0014_bite_018_transfer,trial_0014_bite_018,trial_0014,transfer,contextual_promp,0.0463663182775511,0.1853326521935464,0.0275619205446297,0.0050833289962743,0.013061427736113997,0.014741103450677168,0.012058136868906905,0.02515332674239618,0.033011876989257956,0.09250047595300308,0.07694063868377962,True,101,0.14230457372498126,0.04836912443724151,0.05341040195673959,0.06334749547825953,3.255334135851965,3.651150025636887,-0.395815889784922,1.0,True,0,True
trial_0014_bite_018_withdrawal,trial_0014_bite_018,trial_0014,withdrawal,retrieval,0.1431183247157894,0.6085726324350522,0.2845821536977585,0.0827200379480747,-0.01273524812371208,0.13957298843492985,0.09775286197908954,0.258256480818551,0.27173675987450185,0.0815585969282789,0.06287390230325514,True,101,0.4473932599431769,0.14445568698620753,0.2021456224796316,0.26219504592252013,4.0925129098500515,5.38142042508724,-1.288907515237189,1.0,True,0,True
trial_0014_bite_018_withdrawal,trial_0014_bite_018,trial_0014,withdrawal,contextual_promp,0.1010015498270377,0.2582555305822641,0.1914723951673562,0.0208138299967693,-0.01273524812371208,0.07492904343870742,0.05135196330772749,0.13695464689931805,0.14966467264800457,0.020101349259358133,0.017178294775694745,True,101,0.2469771840155049,0.12626514388654028,0.16998234653893624,0.18223242651712834,4.2426273161520935,5.38142042508724,-1.1387931089351468,1.0,True,0,True
trial_0014_bite_019_transfer,trial_0014_bite_019,trial_0014,transfer,retrieval,0.030435659779023,0.1389137216161108,0.005056091785217,0.0103693336272055,0.019294944257409533,0.02484054486465647,0.018398322855135155,0.053871860056402814,0.06222015539313141,0.03031912411137496,0.025694054590242692,True,101,0.11591921699040669,0.026499941490405077,0.03246503260189678,0.028626505336042645,3.7907282255725097,3.6478215567973846,0.14290666877512503,1.0,True,0,True
trial_0014_bite_019_transfer,trial_0014_bite_019,trial_0014,transfer,contextual_promp,0.0285044097011969,0.1086186401302163,0.0189680522730174,0.0249285058918073,0.019294944257409533,0.02100955271545656,0.01431171395531478,0.048240990988663135,0.05417226398758789,0.025318258677965375,0.02017873737935403,True,101,0.06548344128280856,0.03402985090780116,0.036706972176075936,0.06562880825405146,3.1524640056221633,3.6478215567973846,-0.4953575511752213,1.0,True,0,True
trial_0014_bite_019_withdrawal,trial_0014_bite_019,trial_0014,withdrawal,retrieval,0.177679810657239,0.7110984421014989,0.3180120403519602,0.1602024788217807,-0.009188219518879388,0.13655724160080607,0.11505586143749068,0.24357845788589835,0.2493089493353396,0.04385526301139889,0.03478905733113133,True,101,0.5437705742607553,0.216254499981651,0.2954447515005616,0.2585729498188913,6.768110790500789,6.422631031287727,0.3454797592130623,1.0,True,0,True
trial_0014_bite_019_withdrawal,trial_0014_bite_019,trial_0014,withdrawal,contextual_promp,0.0786323406353165,0.2914850065620647,0.144070989472357,0.0172200354057949,-0.009188219518879388,0.07198957698749567,0.05313018996562355,0.1452390274023081,0.14830278028987398,0.07069457278000714,0.060498254266380204,True,101,0.1989756913093453,0.10566656357805393,0.1369982105421404,0.1557504849320774,5.577634326820236,6.422631031287727,-0.8449967044674906,1.0,True,0,True
trial_0014_bite_020_transfer,trial_0014_bite_020,trial_0014,transfer,retrieval,0.0323301886998958,0.2616461880499116,0.0195453036990483,0.0031359203213619,0.00910769186646656,0.026469815934282596,0.021812380517745575,0.0502096088110639,0.05472067034836057,0.15149374946779734,0.13981121745647504,True,101,0.07595597901633619,0.03917352869332491,0.04116353143623963,0.0753870947909132,2.9806482901229625,3.403868261746579,-0.4232199716236167,1.0,True,0,True
trial_0014_bite_020_transfer,trial_0014_bite_020,trial_0014,transfer,contextual_promp,0.0901223398011154,0.3582818501092299,0.0258630979081968,0.0282783761691157,0.00910769186646656,0.06123937523323123,0.05458890796662404,0.1033238315953623,0.10812517219814331,0.18689573496173043,0.17268742267592438,True,101,0.16302895143573629,0.06096168042539354,0.07036530780443292,0.08984510775911586,2.6793689795990216,3.403868261746579,-0.7244992821475575,1.0,True,0,True
trial_0014_bite_020_withdrawal,trial_0014_bite_020,trial_0014,withdrawal,retrieval,0.1904351923085615,0.7843788449846393,0.2707269790967037,0.0478715998976222,-0.0414888723087771,0.2018179430365457,0.1777004878576134,0.3130141191519085,0.3275833349266964,0.11533551691308293,0.09243769368110381,True,101,0.5392819568451048,0.18881976875730092,0.24411971447254968,0.20905785687884387,4.5456259618816075,6.786527929452863,-2.240901967571255,1.0,True,0,True
trial_0014_bite_020_withdrawal,trial_0014_bite_020,trial_0014,withdrawal,contextual_promp,0.1652305276597943,0.6479907318002358,0.2448556735726466,0.0316328759145003,-0.0414888723087771,0.16324455056572412,0.14769460043517946,0.21833895668434833,0.22810047749249499,0.07297919488782738,0.06351998640916312,True,101,0.4484032148196721,0.21713169495149884,0.2676837396054109,0.28313934307185007,4.144250483784672,6.786527929452863,-2.6422774456681903,1.0,True,0,True
trial_0014_bite_021_transfer,trial_0014_bite_021,trial_0014,transfer,retrieval,0.0256801497991409,0.0757099527054485,0.0127718836472718,0.0094618715804438,0.010287985739552911,0.03229183176976849,0.03007956123355523,0.0458408917922096,0.04808631934298123,0.07941098995142376,0.07165139100909716,True,101,0.05968844713254618,0.0162872856721474,0.017367061514154496,0.035733034521863064,2.8963918749294173,3.3996819561905536,-0.5032900812611363,1.0,True,0,True
trial_0014_bite_021_transfer,trial_0014_bite_021,trial_0014,transfer,contextual_promp,0.0300904599694136,0.1196654334678966,0.0173606592598859,0.0073872083799177,0.010287985739552911,0.01649043549542471,0.014450451025371607,0.026707803110599306,0.02908162256985336,0.07260443989764752,0.05814292610791192,True,101,0.07597962173054133,0.04678815434378284,0.051791770800240215,0.08244722679285102,3.0191227571045376,3.3996819561905536,-0.380559199086016,1.0,True,0,True
trial_0014_bite_021_withdrawal,trial_0014_bite_021,trial_0014,withdrawal,retrieval,0.0866820829159647,0.3652160726218471,0.155911967784362,0.1348019892209792,-0.02481232207423837,0.054868444663453975,0.047129644912478626,0.08944522351205594,0.094321200103013,0.17129115650982862,0.1463775668461226,True,101,0.2794102919663282,0.049259923010485644,0.0661278052071986,0.11391699872609182,5.850519813155068,4.683375471214264,1.167144341940804,1.0,True,0,True
trial_0014_bite_021_withdrawal,trial_0014_bite_021,trial_0014,withdrawal,contextual_promp,0.0402623065190715,0.1911085685078593,0.0672204406321274,0.0172434385082298,-0.02481232207423837,0.050589088909191386,0.03976691996130894,0.08793644102171785,0.10287182941547979,0.150691056891417,0.1275226676702477,True,101,0.09925055097687138,0.018154126813299386,0.02177665219752244,0.05363858700592944,3.560583877192818,4.683375471214264,-1.1227915940214457,1.0,True,0,True
trial_0015_bite_001_transfer,trial_0015_bite_001,trial_0015,transfer,retrieval,0.0519773161482616,0.1754794401544165,0.0578522904595727,0.0038677476043068,0.045820715927838956,0.017739195141463226,0.015312646436675006,0.027607975452201436,0.031195500510448115,0.029765534990726924,0.023346369308370564,True,101,0.12680454735983268,0.04007596767423562,0.04410517488813528,0.07260285812256102,3.8048641688954046,3.3937873497960087,0.41107681909939586,1.0,True,0,True
trial_0015_bite_001_transfer,trial_0015_bite_001,trial_0015,transfer,contextual_promp,0.0683986290634929,0.3271926594614616,0.0929510374067255,0.0085080524795457,0.045820715927838956,0.020233799655889687,0.017963339177790527,0.03263652079389881,0.03519449834718022,0.02927152667986649,0.02067822617189977,True,101,0.2724172905618112,0.04841619898477865,0.05481313731088006,0.07879469937043762,4.272099388045935,3.3937873497960087,0.8783120382499261,1.0,True,0,True
trial_0015_bite_001_withdrawal,trial_0015_bite_001,trial_0015,withdrawal,retrieval,0.1257390202944208,0.980329319346444,0.1581488552719314,0.1198980885549648,-0.020320147865992736,0.11856656931989311,0.10021167399865483,0.180888283974082,0.19371516900442143,0.08330937598868242,0.07224815840634524,True,101,1.1434482155474675,0.11790165044941948,0.13665133903432183,0.2958667652101584,6.602016194131969,3.8548067639076207,2.7472094302243484,1.0,True,1,False
trial_0015_bite_001_withdrawal,trial_0015_bite_001,trial_0015,withdrawal,contextual_promp,0.0825502623523345,0.3588920268935143,0.1114831842643369,0.0679063255578116,-0.020320147865992736,0.04526481218902475,0.03768652314063612,0.07463035927983569,0.07755762161037598,0.14288668119702444,0.13292874744354977,True,101,0.2368583171935946,0.10735972677120346,0.12530784170064152,0.1210309196831167,3.8098017336766583,3.8903827197516305,-0.08058098607497222,1.0,True,0,True
trial_0015_bite_002_transfer,trial_0015_bite_002,trial_0015,transfer,retrieval,0.0840930106749389,0.2397399074536548,0.0519012767631933,0.0943035054507664,-0.01401049581717426,0.0730528896312491,0.06321314415833577,0.12130929513340931,0.12464914426661437,0.036135097885015906,0.02485055021847231,True,101,0.12416631622168484,0.06045081397433137,0.06804424315370075,0.12115749512168349,4.785369599833091,2.7099003640322326,2.0754692358008584,1.0,True,0,True
trial_0015_bite_002_transfer,trial_0015_bite_002,trial_0015,transfer,contextual_promp,0.024832452191147,0.1587494913699015,0.0395193142594141,0.0378868229781685,-0.01401049581717426,0.019794438075705387,0.015672269334065816,0.033258264403344534,0.044023517002811846,0.04672013781830718,0.035405702061245534,True,101,0.0917470491444496,0.037023490884884186,0.04133465023895947,0.07038143770392584,3.322624155577371,2.7099003640322326,0.6127237915451382,1.0,True,0,True
trial_0015_bite_002_withdrawal,trial_0015_bite_002,trial_0015,withdrawal,retrieval,0.1420232334353857,0.9141634259302388,0.1329559321401354,0.0404973237025372,-0.009834200899541453,0.12960530236281592,0.11396924415645072,0.18051378869986454,0.18359748162449213,0.1013965552080919,0.07061369893270068,True,101,1.191581523668341,0.1596707135536266,0.17814297266530582,0.3380239413923347,6.845760840641583,3.7474038254104514,3.098357015231132,1.0,True,1,False
trial_0015_bite_002_withdrawal,trial_0015_bite_002,trial_0015,withdrawal,contextual_promp,0.0719376298088029,0.4921817285814937,0.0775492516044269,0.036294085863545,-0.009834200899541453,0.06036904558071395,0.05175205583586672,0.0864092511596995,0.08863045775055237,0.1555654127093901,0.131781685753084,True,101,0.29272021760556155,0.08103162862021308,0.09902372368320941,0.16013779312986995,4.31800029853718,3.7895748967418443,0.528425401795336,1.0,True,0,True
trial_0015_bite_003_transfer,trial_0015_bite_003,trial_0015,transfer,retrieval,0.084942542404404,0.2515575013137087,0.0707036659474299,0.0931936344816856,-0.013809575913232678,0.04378485950340683,0.0357412961312779,0.08267626380767285,0.09152885558161566,0.051309902565137795,0.03545018589133342,True,101,0.11764924335865885,0.061361814259067844,0.07049569855046636,0.10356724840850406,4.826845830844498,3.5460126038617736,1.280833226982724,1.0,True,0,True
trial_0015_bite_003_transfer,trial_0015_bite_003,trial_0015,transfer,contextual_promp,0.0533028120893907,0.2927350637535788,0.0748497933214741,0.0443023851937811,-0.013809575913232678,0.04779642107664147,0.04343352060951045,0.07918957299636925,0.08458353125589035,0.033514946365353564,0.024713581824541763,True,101,0.12551230920112838,0.0420561424782779,0.04630063704610133,0.0760934177207903,3.6057462168045924,3.5460126038617736,0.05973361294281876,1.0,True,0,True
trial_0015_bite_003_withdrawal,trial_0015_bite_003,trial_0015,withdrawal,retrieval,0.137652424818197,0.9875086499538208,0.1540255790729994,0.0730552088378209,-0.020772289044439295,0.12565408776248954,0.10590018883190148,0.20634606554107066,0.22003680241205692,0.06754395895684093,0.056049929825250144,True,101,1.151958451965074,0.13249114540246057,0.14779307293310998,0.30120385430072005,6.77106589450216,4.30302031756919,2.46804557693297,1.0,True,1,False
trial_0015_bite_003_withdrawal,trial_0015_bite_003,trial_0015,withdrawal,contextual_promp,0.0763934880655303,0.407261396769727,0.0950206047647708,0.01208156373752,-0.020772289044439295,0.06350133655345988,0.054935671512809404,0.09166144595398307,0.10141552413727684,0.0839759992873176,0.06354204229426073,True,101,0.24309898990056422,0.07595429886601687,0.08421936090374885,0.12461458627873222,4.093655233036822,4.342102058943013,-0.24844682590619094,1.0,True,0,True
trial_0015_bite_004_transfer,trial_0015_bite_004,trial_0015,transfer,retrieval,0.0318799153407143,0.201679112457825,0.0639086884229482,0.0372765064848154,0.03443241253240262,0.012930162639418215,0.009633124360173351,0.028947933509091583,0.033622095861155415,0.06735572274960965,0.05333132963322209,True,101,0.10805542752487556,0.04985765556117546,0.06131993825222979,0.06177536134792214,3.5620784023438326,2.8069719720339488,0.7551064303098838,1.0,True,0,True
trial_0015_bite_004_transfer,trial_0015_bite_004,trial_0015,transfer,contextual_promp,0.037027812097426,0.1447694288561386,0.0612427120090419,0.0203971154841731,0.03443241253240262,0.015335498587866855,0.011975903056730871,0.02915999777783662,0.03193961994712349,0.06578968171605665,0.055235229393822645,True,101,0.0855545334546234,0.035762612507513905,0.04046498473689635,0.06031749714136711,2.784963121967147,2.8069719720339488,-0.022008850066801866,1.0,True,0,True
trial_0015_bite_004_withdrawal,trial_0015_bite_004,trial_0015,withdrawal,retrieval,0.0632657213595707,0.4503740177075786,0.0731862853401111,0.0430868497049989,-0.028752374616217904,0.03742774593007668,0.02891928018424477,0.07188510053034575,0.07942307507834306,0.11216589930041455,0.09412602810718827,True,101,0.28093998731211123,0.061228842584278804,0.07233691117772555,0.11252247002069286,6.236845901960824,4.207174686677716,2.0296712152831082,1.0,True,0,True
trial_0015_bite_004_withdrawal,trial_0015_bite_004,trial_0015,withdrawal,contextual_promp,0.0925971293115903,0.3886222700991062,0.1023288180090434,0.0361175321296536,-0.028752374616217904,0.09259832283881245,0.07721747945130296,0.15247618207084557,0.15372122668325328,0.05310481467393216,0.03605290057274768,True,101,0.24841217022267315,0.08101226110716381,0.09029526135527885,0.13772071629087582,3.958545495927471,4.207174686677716,-0.2486291907502447,1.0,True,0,True
trial_0015_bite_005_transfer,trial_0015_bite_005,trial_0015,transfer,retrieval,0.0500788338254541,0.304644869089102,0.0874412638977551,0.0635906102732312,0.010063701872583593,0.02148464197375246,0.019212317548852505,0.03453025116141742,0.03721702056131135,0.05960608003040579,0.04985084758476912,True,101,0.11612451880565687,0.0651992713499248,0.07682599293800257,0.10753575150104804,3.434475456866962,2.9487885796647992,0.48568687720216275,1.0,True,0,True
trial_0015_bite_005_transfer,trial_0015_bite_005,trial_0015,transfer,contextual_promp,0.0509521331591855,0.2113139262971056,0.0679745965075941,0.0404651242797632,0.010063701872583593,0.036088117094045906,0.026819233163662293,0.06852543579430836,0.06949111826356075,0.06546777094269912,0.06012585669449129,True,101,0.1059767368190086,0.04778789195132281,0.053605550265909005,0.08462342304471959,2.89040813747077,2.9487885796647992,-0.05838044219402905,1.0,True,0,True
trial_0015_bite_005_withdrawal,trial_0015_bite_005,trial_0015,withdrawal,retrieval,0.0795468744930725,0.5033081808410339,0.116124602748776,0.1044860901225743,-0.04051698481982742,0.051195353866878,0.04130118191736062,0.08504900251486203,0.09011313537618665,0.22438188738460596,0.2039036994065607,True,101,1.1290832385363287,0.09955115919287441,0.10882216874222571,0.20015180686256193,6.618861931002307,4.081809135509645,2.537052795492662,1.0,True,1,False
trial_0015_bite_005_withdrawal,trial_0015_bite_005,trial_0015,withdrawal,contextual_promp,0.0319716706025513,0.5445256793979864,0.0646936575984326,0.0148696095744865,-0.04051698481982742,0.046120161122539756,0.037733478405533094,0.08654640219543774,0.0909884226305945,0.2816506148571906,0.24964608191233417,True,101,0.19505037817231854,0.06933986308058433,0.07733351374483907,0.11324011754633923,3.6054298224993513,4.131409099284997,-0.5259792767856455,1.0,True,0,True
trial_0015_bite_006_transfer,trial_0015_bite_006,trial_0015,transfer,retrieval,0.0478905729178312,0.3915223896774476,0.0799562761840176,0.0355143470955129,0.01626924868469146,0.045102750725675475,0.03633007407228003,0.07649110483568294,0.08068016003799452,0.11091430007257914,0.09226096282196035,True,101,0.12501269087624364,0.035082106079571566,0.042757207519346065,0.07189785448487525,3.753069178885072,3.67448461578355,0.07858456310152206,1.0,True,0,True
trial_0015_bite_006_transfer,trial_0015_bite_006,trial_0015,transfer,contextual_promp,0.0635410434698393,0.3751067531664381,0.0971946883506503,0.0209355069533396,0.01626924868469146,0.04320191620571031,0.0409579238229625,0.062441510030698755,0.06565613224197346,0.11381882859927665,0.09513428158005272,True,101,0.24371803068123757,0.04417476216617021,0.05115975744229714,0.06633573970808737,3.9558009825653344,3.67448461578355,0.2813163667817844,1.0,True,0,True
trial_0015_bite_006_withdrawal,trial_0015_bite_006,trial_0015,withdrawal,retrieval,0.1340272766294234,0.8344011818704744,0.1220136681822765,0.005923106899995,-0.0347723740189705,0.13006476692079644,0.10655171871339847,0.2273108812494283,0.23938196164452064,0.11272236720206072,0.09392554765816896,True,101,0.4374431034505168,0.12519983437464288,0.13676649300467938,0.2577741738662852,6.725368478094355,4.741633970869529,1.9837345072248258,1.0,True,0,True
trial_0015_bite_006_withdrawal,trial_0015_bite_006,trial_0015,withdrawal,contextual_promp,0.085608890329906,0.4330074065867814,0.1135556390221844,0.0908918043572707,-0.0347723740189705,0.08883018970242172,0.07794066942441201,0.1350540380307943,0.13721148540203185,0.09600699763072064,0.07708704389212484,True,101,0.272136220040163,0.06743515152877545,0.0763911685506218,0.14594888662916364,4.490630942041028,4.741633970869529,-0.25100302882850123,1.0,True,0,True
trial_0015_bite_007_transfer,trial_0015_bite_007,trial_0015,transfer,retrieval,0.0446092764706764,0.2540710634117175,0.0716342234412044,0.0466406527724269,0.01361148825941354,0.02578345036150269,0.022601868464005487,0.04100214206163994,0.043139622023597855,0.025070890102656753,0.020993553592785014,True,101,0.10145560882076698,0.028524850148229284,0.034179098095896435,0.05948035856294226,3.305830182676355,2.9636153934362763,0.34221478924007886,1.0,True,0,True
trial_0015_bite_007_transfer,trial_0015_bite_007,trial_0015,transfer,contextual_promp,0.0505429957209454,0.2497717501435467,0.0792580247367845,0.0289179747141064,0.01361148825941354,0.026727094058921742,0.025906655466669662,0.034619093079700236,0.036897197679713,0.030192684873080383,0.024335829819800436,True,101,0.18658115765503755,0.031899256044251624,0.037716472449285096,0.05296904575216109,2.9415082767754486,2.9636153934362763,-0.022107116660827764,1.0,True,0,True
trial_0015_bite_007_withdrawal,trial_0015_bite_007,trial_0015,withdrawal,retrieval,0.1194464127462015,0.4065750050707745,0.2264667432532163,0.0433913758313674,-0.054621753362071424,0.08414309388536831,0.06566413351802161,0.14723978304060395,0.15002505358621795,0.05634551270515218,0.04755412263793962,True,101,0.27669381028592926,0.09254977916605606,0.12504886581650207,0.16147093947860514,4.649548522183924,3.75757676161831,0.8919717605656139,1.0,True,0,True
trial_0015_bite_007_withdrawal,trial_0015_bite_007,trial_0015,withdrawal,contextual_promp,0.0816267440474078,0.2795709135746448,0.1543403351452492,0.0324400608435958,-0.054621753362071424,0.06820060767639045,0.0533109533595677,0.11681875486002877,0.12029497073569258,0.06071412959345704,0.04995221657581818,True,101,0.20642193994240807,0.055841217021077014,0.06687845782216681,0.11746648280653975,4.350229868706484,3.75757676161831,0.5926531070881742,1.0,True,0,True
trial_0015_bite_008_transfer,trial_0015_bite_008,trial_0015,transfer,retrieval,0.0726078892049945,0.4509881307166631,0.0966511795127449,0.0803781530893022,-0.009255745856066578,0.02739827804125343,0.02261012391863134,0.04378923339458696,0.05007733539012889,0.03853134809048357,0.033638108445950124,True,101,0.1965948885350988,0.09543383064654025,0.1070200853317236,0.12483959565976556,3.4342874695178147,2.871962018717735,0.5623254508000799,1.0,True,0,True
trial_0015_bite_008_transfer,trial_0015_bite_008,trial_0015,transfer,contextual_promp,0.0656296296315217,0.3539137881409198,0.1078958449537565,0.0349728068791067,-0.009255745856066578,0.02517395826962123,0.019788553458565897,0.04489863280229037,0.047511502285266946,0.047000409410631154,0.043594496049005206,True,101,0.2997675384637288,0.03768299539289679,0.04247791050106063,0.07791532829785772,3.8422871580980678,2.871962018717735,0.9703251393803329,1.0,True,0,True
trial_0015_bite_008_withdrawal,trial_0015_bite_008,trial_0015,withdrawal,retrieval,0.1553522211782394,0.8573470898492069,0.2632827664958228,0.0330086404794414,-0.10293169586207403,0.12259656114119998,0.09175594358824041,0.2178866870031996,0.2208547560497493,0.12979644248742525,0.09525031709829467,True,101,0.5595383337049726,0.1475252238052997,0.19230578537643173,0.35567236542534175,7.243452633392927,3.636466136036689,3.606986497356238,1.0,True,0,True
trial_0015_bite_008_withdrawal,trial_0015_bite_008,trial_0015,withdrawal,contextual_promp,0.1580500616623193,0.684038039537209,0.2656030846495752,0.0141813489601806,-0.10293169586207403,0.13383109193878703,0.10775941911055036,0.2252096959318,0.2272268185534519,0.13816731752624045,0.11088107851000334,True,101,0.48858622770753724,0.13477908815255976,0.17232356968515153,0.34038403449617954,5.994053776303019,3.636466136036689,2.3575876402663303,1.0,True,0,True
trial_0015_bite_009_transfer,trial_0015_bite_009,trial_0015,transfer,retrieval,0.0774221222842292,0.4798428788268496,0.1273683381279727,0.1179302430384769,-0.026474540437162363,0.0788354455048095,0.06095553106240113,0.1411049318667106,0.14870997541733658,0.12274576280363922,0.1027543727638117,True,101,0.20877532611604896,0.11587595512784861,0.13260190702180627,0.21801089472030272,5.894546703255066,4.5249868134875815,1.3695598897674843,1.0,True,0,True
trial_0015_bite_009_transfer,trial_0015_bite_009,trial_0015,transfer,contextual_promp,0.0537141544071561,0.303786775350059,0.0926298508977619,0.0136368286001195,-0.026474540437162363,0.028571515034142732,0.020472764748802132,0.067468541541471,0.07685014658165565,0.08313883231353912,0.07678975621889905,True,101,0.17237234615020758,0.07733385339059212,0.08313415648515841,0.13079465726837253,3.961340353436136,4.5249868134875815,-0.5636464600514453,1.0,True,0,True
trial_0015_bite_009_withdrawal,trial_0015_bite_009,trial_0015,withdrawal,retrieval,0.1086286905316061,0.9657138606926784,0.1080884525346741,0.1458445598406405,-0.00892021229883461,0.09337569660016938,0.07363624911062895,0.16488047124478858,0.17100687117217916,0.16297669886540864,0.11057065126426442,True,101,0.977041157399635,0.0833830283000209,0.1073192853826128,0.24017175704657925,6.912358082282321,5.880175087755289,1.032182994527032,1.0,True,1,False
trial_0015_bite_009_withdrawal,trial_0015_bite_009,trial_0015,withdrawal,contextual_promp,0.1156495719416855,0.6958095517514779,0.1301820601522588,0.1850202888973242,-0.00892021229883461,0.12072027756356751,0.10142605711948038,0.1917545125979928,0.194343169218086,0.1492297345765092,0.11175440197885061,True,101,0.7602295245093497,0.0751935797658278,0.0970020928706267,0.23710051743056015,4.632226590169845,5.870719347376626,-1.2384927572067816,1.0,True,1,False
trial_0015_bite_010_transfer,trial_0015_bite_010,trial_0015,transfer,retrieval,0.0902786169745413,0.5841315777167664,0.1208076405534107,0.0562743626247858,-0.0030333557481587066,0.041229102751824336,0.03480824221493957,0.06701157201112648,0.06948656495108838,0.013283141597681868,0.011144553597520623,True,101,0.30452785985247177,0.08087213436274886,0.08444865579227663,0.1801047320769946,4.184245655178898,4.384411520499561,-0.20016586532066327,1.0,True,0,True
trial_0015_bite_010_transfer,trial_0015_bite_010,trial_0015,transfer,contextual_promp,0.0991323000830815,0.5634138068853677,0.1217595262234568,0.0564141914437552,-0.0030333557481587066,0.037296328983628696,0.03466432153378741,0.04928215691996374,0.05404234798732523,0.03676085535995653,0.02945434120805916,True,101,0.3900984632938799,0.08653925187502048,0.09245044845406954,0.17476713531157734,4.155037909791156,4.384411520499561,-0.22937361070840456,1.0,True,0,True
trial_0015_bite_010_withdrawal,trial_0015_bite_010,trial_0015,withdrawal,retrieval,0.0972057644484594,0.5465464479168265,0.1503482715838613,0.128931613380729,-0.030566319930332177,0.09450920207354227,0.07641706962430751,0.16030262769006323,0.1637861701414835,0.1035056785656033,0.06367452583977742,True,101,0.2837059644454438,0.08365117411608401,0.10017459363429294,0.16529337980192754,4.804125869605484,4.7418817364758965,0.0622441331295871,1.0,True,0,True
trial_0015_bite_010_withdrawal,trial_0015_bite_010,trial_0015,withdrawal,contextual_promp,0.0778598079907259,0.4698326264490373,0.0910088107731803,0.1012777520161996,-0.030566319930332177,0.08604618308126624,0.0717874634989188,0.13441751901211,0.13853005636331178,0.10302438986539875,0.0681576992766528,True,101,0.2673208538870877,0.05265356188908768,0.06060222360064006,0.13475227630077125,4.691250660855484,4.7418817364758965,-0.05063107562041225,1.0,True,0,True
trial_0015_bite_011_transfer,trial_0015_bite_011,trial_0015,transfer,retrieval,0.0444745150454825,0.2636652011843515,0.0683302768662919,0.0205019221539464,0.010426012398484851,0.03939533529497988,0.03358435372559764,0.05970507767362045,0.06174709169816135,0.06739055778949321,0.06269649437609952,True,101,0.11181099212688751,0.04448363872440857,0.049692429210464226,0.09128258661376883,4.26799628057751,3.9596387108248594,0.3083575697526504,1.0,True,0,True
trial_0015_bite_011_transfer,trial_0015_bite_011,trial_0015,transfer,contextual_promp,0.0483851344030076,0.2677903453161934,0.0828199009480343,0.0279185296637083,0.010426012398484851,0.019584789115343098,0.017156884024388502,0.0345664655707823,0.03663088212067489,0.05593863000865996,0.052548076354854964,True,101,0.20597110633489113,0.04951899742591987,0.05408997285358722,0.10073904865984573,4.3785865599897305,3.9596387108248594,0.41894784916487104,1.0,True,0,True
trial_0015_bite_011_withdrawal,trial_0015_bite_011,trial_0015,withdrawal,retrieval,0.1222935902066703,0.3492947275863294,0.2121333080623207,0.1100928678565524,-0.03142521182103941,0.06096365837467514,0.05172315919256612,0.10961675623782641,0.11167700418401114,0.18362451942270258,0.1342881871045821,True,101,0.25879465596941476,0.08299125296704492,0.09964199320087745,0.11528664058833424,5.355066933475147,3.874991066376337,1.48007586709881,1.0,True,0,True
trial_0015_bite_011_withdrawal,trial_0015_bite_011,trial_0015,withdrawal,contextual_promp,0.0818402301619112,0.4687018584958198,0.0809685504317962,0.039997008769624,-0.03142521182103941,0.060729653509947745,0.054621389788122955,0.09845889112393755,0.10050118182741294,0.14205099641734736,0.10493311591466026,True,101,0.26119848767927356,0.09117344666685967,0.10370389782784506,0.13116559483537307,3.7998051788601153,3.874991066376337,-0.07518588751622168,1.0,True,0,True
trial_0015_bite_012_withdrawal,trial_0015_bite_012,trial_0015,withdrawal,retrieval,0.1558802471962735,1.34586786539504,0.2327688360942497,0.0559603126235287,-0.029325755356868346,0.15081408164101792,0.1262178181047843,0.2405878560298954,0.2571233082311114,0.09414683195095747,0.06739691136640663,True,101,1.1205168541606132,0.13139235440102895,0.1482991366754508,0.33318611479524873,6.915240932708586,3.1388630330973264,3.7763778996112594,1.0,True,1,False
trial_0015_bite_012_withdrawal,trial_0015_bite_012,trial_0015,withdrawal,contextual_promp,0.102050899352379,0.779798223352451,0.1814176630032375,0.0459362670811128,-0.029325755356868346,0.09872106434955916,0.0828409292999813,0.13728236366048607,0.1396667598714748,0.042640555914754914,0.035990267841610114,True,101,0.38646084183288204,0.05993609245382008,0.07423219939977423,0.18354507729927372,4.202099953021217,3.1731303886929445,1.0289695643282726,1.0,True,0,True
trial_0015_bite_013_transfer,trial_0015_bite_013,trial_0015,transfer,retrieval,0.0480428676901295,0.1702189726726263,0.0346218981891145,0.0148372929908018,0.03016468554217649,0.01860324413767646,0.016006707404184854,0.030687693967899665,0.034320919871967226,0.10194426555036562,0.08984581902124274,True,86,0.18478864105277315,0.06666403939358055,0.07574510333768841,0.055589963042861894,5.029993468931311,3.3159491013378832,1.7140443675934276,0.8514851485148515,False,0,False
trial_0015_bite_013_transfer,trial_0015_bite_013,trial_0015,transfer,contextual_promp,0.0542245906216106,0.1101948067328359,0.0233178116874375,0.0346727657102539,0.03016468554217649,0.03031976917233478,0.025683927334875376,0.04690130246435098,0.049045218795084444,0.11491672565447451,0.1009712378926522,True,101,0.10330050174858144,0.04648463085041163,0.05342331554126245,0.05801506867950252,2.639103579228066,3.9463143031582,-1.307210723930134,1.0,True,0,True
trial_0015_bite_013_withdrawal,trial_0015_bite_013,trial_0015,withdrawal,retrieval,0.1161597728910621,0.5586724534312975,0.1925988778748322,0.195786199736996,-0.04510354827444753,0.055171970648152095,0.04861299522433458,0.07654867404139781,0.08029838295819443,0.05477495593123198,0.05057091245136353,True,101,0.300327690163717,0.09069674962952325,0.12075383784221551,0.14253309710779147,5.751276216367323,5.427314321616766,0.3239618947505569,1.0,True,0,True
trial_0015_bite_013_withdrawal,trial_0015_bite_013,trial_0015,withdrawal,contextual_promp,0.1663823470914829,0.7096334777030725,0.2856904191155279,0.1972239680234526,-0.04510354827444753,0.10962389270870583,0.09407743484611936,0.17072557906804964,0.17785729993797317,0.10707438886108603,0.09606295739954276,True,101,0.3856824052721274,0.11777066940817518,0.1553888928968677,0.2292768838211885,5.76060745826739,5.427314321616766,0.33329313665062354,1.0,True,0,True
trial_0015_bite_014_transfer,trial_0015_bite_014,trial_0015,transfer,retrieval,0.0596365556370631,0.3628611836374,0.1037387511183019,0.0494966862054547,0.0012104478596214711,0.02384563238931893,0.021071414504844503,0.038180760001591096,0.039483865936917995,0.05036737621190331,0.04235686114611567,True,101,0.21990572370135192,0.05274632206057156,0.06641254620599041,0.11229577175643492,3.791264837793272,3.1634660454957153,0.6277987922975568,1.0,True,0,True
trial_0015_bite_014_transfer,trial_0015_bite_014,trial_0015,transfer,contextual_promp,0.0589501656783899,0.3312044894118516,0.0988358270882249,0.0400050326358786,0.0012104478596214711,0.009498199810249339,0.007619861322287564,0.017400151149899405,0.021249422080440727,0.04938482684746946,0.04244919955844047,True,101,0.28005914907733365,0.03351729261664422,0.04123908573705715,0.08330154530891987,3.5598511974283413,3.1634660454957153,0.396385151932626,1.0,True,0,True
trial_0015_bite_014_withdrawal,trial_0015_bite_014,trial_0015,withdrawal,retrieval,0.1685144057237975,0.7405980659952504,0.3070045742238627,0.1783579172522673,-0.046485456412339476,0.17599808472997616,0.13781103363248462,0.2692953066602558,0.28066064459411266,0.10047700247172865,0.08516975897817809,True,101,1.066275614651783,0.11632481554428332,0.16449997983446726,0.32102572706944305,6.155204731683515,4.516323404411744,1.638881327271771,1.0,True,2,False
trial_0015_bite_014_withdrawal,trial_0015_bite_014,trial_0015,withdrawal,contextual_promp,0.1613295372097704,0.7530408767523392,0.3095513980725864,0.1751817761562905,-0.046485456412339476,0.13413804721452435,0.10788767625459081,0.2063497718825717,0.2098623256973811,0.062421304386600825,0.057270343004280244,True,101,0.7612928224220892,0.10733767934613017,0.14636784127064673,0.28206117441209827,5.380139898592269,4.582677977569837,0.7974619210224319,1.0,True,1,False
trial_0015_bite_015_transfer,trial_0015_bite_015,trial_0015,transfer,retrieval,0.0747002432079113,0.2620682271130047,0.0573004932013125,0.008101957026861,-0.007831991066542105,0.0659794576453118,0.05762413477787847,0.10356806726791556,0.10582253888099173,0.027066809819270968,0.022655022143949346,True,101,0.14250170254228822,0.053722273251888775,0.05962183839372501,0.12484788019222655,3.502290541736155,3.9489276977905057,-0.4466371560543507,1.0,True,0,True
trial_0015_bite_015_transfer,trial_0015_bite_015,trial_0015,transfer,contextual_promp,0.0305396420319747,0.20236895232187,0.0562229626004417,0.0023602090174623,-0.007831991066542105,0.04531075393884392,0.04239156186001879,0.06601537261467821,0.0688984716565295,0.017968491064557387,0.014654580055718942,True,101,0.15488100987133513,0.027170297076989865,0.028622991376158435,0.05711946839697521,3.592840370721464,3.9489276977905057,-0.35608732706904167,1.0,True,0,True
trial_0015_bite_015_withdrawal,trial_0015_bite_015,trial_0015,withdrawal,retrieval,0.177679810657239,0.7110984421014989,0.3180120403519603,0.1505664518977475,-0.04051664418173728,0.1046791607646098,0.08524107535014967,0.1922455102804348,0.19846006989858728,0.1345500797109963,0.12146130396776958,True,101,0.3615643889839688,0.12893667491733588,0.18260171053130497,0.21676196389981922,5.459711774506773,5.213854717141724,0.2458570573650487,1.0,True,0,True
trial_0015_bite_015_withdrawal,trial_0015_bite_015,trial_0015,withdrawal,contextual_promp,0.1579330742382822,0.7248984295600204,0.2691235670390752,0.2030026090034774,-0.04051664418173728,0.10050196271605297,0.09038613187738914,0.1407226622829003,0.1429322756014903,0.13521374594185703,0.12660947613125345,True,101,0.3856222766555393,0.10888498442316853,0.15263295212250497,0.21863501053426934,5.433186799814732,5.213854717141724,0.21933208267300763,1.0,True,0,True
trial_0015_bite_016_transfer,trial_0015_bite_016,trial_0015,transfer,retrieval,0.0704627425829102,0.3776387371993688,0.1233924695054722,0.077232030014698,-0.02966526997325829,0.03273261476776968,0.02684287240247572,0.054133797633588,0.058284263020126126,0.046137744287236965,0.03781392073996659,True,101,0.2137842191303882,0.06233701290255439,0.07154175040031359,0.14317574501719643,4.189502037327705,2.9634236811428125,1.226078356184893,1.0,True,0,True
trial_0015_bite_016_transfer,trial_0015_bite_016,trial_0015,transfer,contextual_promp,0.0469012459362911,0.1995574387625339,0.0522860281313502,0.025532187506375,-0.02966526997325829,0.02812049067726412,0.025171807534934188,0.042492506658455415,0.04391823054935451,0.04676159707646495,0.03749715624484368,True,101,0.12533787370629784,0.04132211756910086,0.04585061613183877,0.0790807521379554,2.998315601887695,2.9634236811428125,0.034891920744882565,1.0,True,0,True
trial_0015_bite_016_withdrawal,trial_0015_bite_016,trial_0015,withdrawal,retrieval,0.1521188961313425,0.554271848673665,0.2843580051480686,0.0986697631173846,-0.06895741246062062,0.05408892112465636,0.042997763919494086,0.09230765002164222,0.09822414721142891,0.05632278107019564,0.04501972161607249,True,101,0.2727371877299389,0.12182926419935576,0.16927813553878057,0.13809823160308762,5.053629919179092,4.8390354326481,0.21459448653099145,1.0,True,0,True
trial_0015_bite_016_withdrawal,trial_0015_bite_016,trial_0015,withdrawal,contextual_promp,0.1465144712613795,0.6278308720982497,0.2686701584071087,0.1327780593865037,-0.06895741246062062,0.06220063923734298,0.055382077421317046,0.09919724839744282,0.10426506879343675,0.059654555386665094,0.049756752908717235,True,101,0.3227771681377381,0.10969190465514726,0.1557128165049959,0.1527465144873163,6.049863728825549,4.8390354326481,1.2108282961774481,1.0,True,0,True
trial_0015_bite_017_transfer,trial_0015_bite_017,trial_0015,transfer,retrieval,0.0373874537274958,0.1586896119187405,0.0481463676559403,0.0118326222956561,0.01407363181979043,0.020675069053003505,0.016691561833802493,0.04044623660886236,0.04252529968497769,0.06121004677940881,0.05496744003737158,True,77,0.15755358791701904,0.03426897806877366,0.039563198970773074,0.03191659420093235,2.672306780164458,4.586806618574962,-1.9144998384105039,1.0,True,0,True
trial_0015_bite_017_transfer,trial_0015_bite_017,trial_0015,transfer,contextual_promp,0.0455380020799643,0.2662598724625433,0.0673959917572712,0.0156700327994564,0.01407363181979043,0.010868212797755723,0.008863825363967374,0.02335129117432545,0.027630580867981296,0.048488336403732804,0.04319207424447408,True,77,0.2222732136819051,0.037862340493290195,0.048637986071670795,0.045270566303591823,2.0944858844533836,4.586806618574962,-2.4923207341215785,1.0,True,0,True
trial_0015_bite_017_withdrawal,trial_0015_bite_017,trial_0015,withdrawal,retrieval,0.190785453605243,0.957635017273336,0.2720604076771662,0.1255087258630157,-0.07637356162710666,0.1874466141137491,0.17005716877811977,0.2717194368843261,0.27514108953334204,0.18323533009344165,0.15530946618353159,True,101,0.3971453060856541,0.15251586943726375,0.19304537190690738,0.2810428030583372,6.3470424054945624,6.358879137449807,-0.011836731955244595,1.0,True,0,True
trial_0015_bite_017_withdrawal,trial_0015_bite_017,trial_0015,withdrawal,contextual_promp,0.1105335392792569,0.6470949750631094,0.1712742866601319,0.1177425246225902,-0.07637356162710666,0.08231568424224987,0.07552644379772566,0.11857319069909078,0.12286041285929356,0.09171970150610118,0.07615057936159295,True,101,0.2619289525287085,0.08447813425655676,0.10460345885099753,0.14981565688693688,5.989419691582626,6.358879137449807,-0.3694594458671814,1.0,True,0,True
trial_0015_bite_018_transfer,trial_0015_bite_018,trial_0015,transfer,retrieval,0.0208523529547753,0.2226721856741158,0.0365405380566572,0.0140196517517397,0.005225883459320981,0.011284842543075518,0.010078007129895051,0.017322946395130975,0.01979458507120102,0.02816757332079769,0.02033030030081876,True,14,0.5421048103859628,0.027009224336866804,0.03300831608389821,0.014780753534533281,2.2745281516319116,0.5772509371524368,1.6972772144794748,0.13861386138613863,False,1,False
trial_0015_bite_018_transfer,trial_0015_bite_018,trial_0015,transfer,contextual_promp,0.0339736345662043,0.197752388923047,0.0274042232026053,0.0015651235684691,0.005225883459320981,0.03160298784471925,0.028651496213456844,0.04534520051513241,0.048784060984071426,0.03682312448950392,0.033387023636308855,True,20,0.1268422743917287,0.0139853523539057,0.019131161621480115,0.018322651057929427,2.2710686588299662,0.8930481007856961,1.3780205580442701,0.19801980198019803,False,0,False
trial_0015_bite_018_withdrawal,trial_0015_bite_018,trial_0015,withdrawal,retrieval,0.1304886315009403,0.3891819219504572,0.2492183440904039,0.0803728228490823,-0.07430468519881825,0.030182182680513914,0.022116872002880705,0.06607069295440487,0.06910860109507555,0.04299025567704951,0.030728482447783412,True,82,1.9994004560846002,0.1293402048040491,0.16261760036852527,0.0892711841785132,6.193540036791488,6.457263415949282,-0.26372337915779465,0.8514851485148515,False,0,False
trial_0015_bite_018_withdrawal,trial_0015_bite_018,trial_0015,withdrawal,contextual_promp,0.1306651303606408,0.4496912459217346,0.2245173188102631,0.1747904180761373,-0.07430468519881825,0.01964036811701375,0.01655203552220664,0.03354177374456821,0.03768372766908032,0.05531797993619759,0.04350988074532972,True,82,2.0223897422664074,0.11739756645452633,0.1351472169893557,0.10197885884648304,5.23415070712112,6.457263415949282,-1.223112708828162,0.8910891089108911,False,0,False
trial_0015_bite_019_transfer,trial_0015_bite_019,trial_0015,transfer,retrieval,0.0297275148269978,0.1726382041310846,0.0046416005923731,0.0300286730097605,-0.014790635083040255,0.01566688273538159,0.013476269432924301,0.026762338966343086,0.04088862793799422,0.07335856691996868,0.06598655581601366,True,73,0.1590895849291925,0.029350656879843135,0.03557444127680132,0.017172071661068725,2.6401367569664558,5.4825854502834686,-2.8424486933170128,1.0,True,0,True
trial_0015_bite_019_transfer,trial_0015_bite_019,trial_0015,transfer,contextual_promp,0.0205901340499176,0.2048323128114258,0.0274141894855337,0.0353840038524045,-0.014790635083040255,0.040733485328114084,0.038772173649441764,0.05649987423976133,0.06374661923271191,0.1063653593381383,0.10056938470217011,True,61,0.09592327580246389,0.01804375250918581,0.02200723306135439,0.036184879310526503,4.702852216025253,2.770138941742037,1.9327132742832158,0.6039603960396039,False,0,False
trial_0015_bite_019_withdrawal,trial_0015_bite_019,trial_0015,withdrawal,retrieval,0.1228953626104065,0.6158328819581625,0.2579012645341931,0.0052137852087109,-0.06408656643946341,0.04758893598204347,0.03530328499304664,0.10763185490490779,0.1127487749500623,0.038204317095750916,0.03003556546579278,True,101,0.3078590597707693,0.12018498427986947,0.1515978471216554,0.13574443763988148,5.95522983714994,3.6857941241941834,2.2694357129557563,1.0,True,0,True
trial_0015_bite_019_withdrawal,trial_0015_bite_019,trial_0015,withdrawal,contextual_promp,0.1083239036959492,0.5746448720407813,0.1948596967064944,0.0685498704108393,-0.06408656643946341,0.04516555658258518,0.03334196219208588,0.09087174644298707,0.0938830640154531,0.038860060977747524,0.032251183425511906,True,101,0.30268987478744264,0.09904094874867808,0.11032901518122616,0.10811721644883596,5.173513986653557,3.6857941241941834,1.4877198624593735,1.0,True,0,True
trial_0017_bite_001_transfer,trial_0017_bite_001,trial_0017,transfer,retrieval,0.0661268890482112,0.2029980169505263,0.0600276625139711,0.0713625980445709,0.019245547261552517,0.025469199456887116,0.023225690817827698,0.03849235828507869,0.04492951598456735,0.10074213977007049,0.08303711480650917,True,80,0.14252621795695525,0.0747005780476713,0.07967823494832088,0.11343790222258839,3.061320296354041,5.4613837963807725,-2.4000635000267314,0.9702970297029703,False,1,False
trial_0017_bite_001_transfer,trial_0017_bite_001,trial_0017,transfer,contextual_promp,0.0561805548888638,0.1499412819518638,0.0484579328559807,0.0626538157014449,0.019245547261552517,0.024343626952196034,0.0221511699234114,0.03536058200959727,0.04156430140233684,0.10227688562922987,0.08427548888963474,True,80,0.1341523483757672,0.06198990731028866,0.0695595056299859,0.07354757798795516,3.1051541037962602,5.4613837963807725,-2.3562296925845123,1.0,True,0,True
trial_0017_bite_001_withdrawal,trial_0017_bite_001,trial_0017,withdrawal,retrieval,0.1008538511132499,0.5357701755728415,0.0897839755620393,0.0839692795410094,0.01660494752903842,0.09764353338559305,0.07451194833054067,0.1977250084259069,0.20390178970015882,0.1421781694610916,0.11378325971816558,True,101,0.2948510320007195,0.08232789005106425,0.09980670228427266,0.10588878803822943,7.045682900255962,8.626765268100716,-1.581082367844754,1.0,True,0,True
trial_0017_bite_001_withdrawal,trial_0017_bite_001,trial_0017,withdrawal,contextual_promp,0.0762193374287779,0.3825976152446616,0.1108799701522257,0.0790021890090659,0.01660494752903842,0.04863365488341891,0.03809419846776821,0.09407119878500611,0.09864319143880527,0.1107370531212668,0.09103686384305615,True,101,0.2109989876918762,0.08562888023092768,0.09533491575385997,0.14177714806911312,6.641504034248081,8.626765268100716,-1.9852612338526345,1.0,True,0,True
trial_0017_bite_002_transfer,trial_0017_bite_002,trial_0017,transfer,retrieval,0.0553619720057079,0.1312129751181973,0.0165267818032501,0.0153207937452539,0.02201725477572613,0.008803979574311158,0.006584974290705833,0.018417791150371454,0.019653995628148346,0.2543532582969449,0.2320826719939433,True,72,0.09337880261981026,0.04170188426448501,0.04941495212818481,0.09943711497647453,4.5050459464768435,4.528036854866905,-0.022990908390061904,0.7128712871287128,False,0,False
trial_0017_bite_002_transfer,trial_0017_bite_002,trial_0017,transfer,contextual_promp,0.0495546425396505,0.142157671605303,0.0316533799525419,0.0256579493712749,0.02201725477572613,0.012785433287700501,0.010564827839581094,0.024358046390506788,0.027021544821100838,0.25947643412903604,0.2360685455765815,True,60,0.11767482589133633,0.03382114472623164,0.041067984718643855,0.08767266104297719,3.9223056886937093,3.23062850107198,0.6916771876217291,0.594059405940594,False,0,False
trial_0017_bite_002_withdrawal,trial_0017_bite_002,trial_0017,withdrawal,retrieval,0.1122497740773433,0.9249920925448613,0.0774334852696571,0.0064455007429848,0.022234711809007365,0.16372800178360702,0.13668049631703078,0.29337751337651513,0.30425786732452564,0.1773110335819855,0.13012325643143913,True,101,0.3440460688470358,0.09920656871993369,0.11011508610408687,0.227561441912021,8.622991854292579,6.340204202995928,2.282787651296651,1.0,True,0,True
trial_0017_bite_002_withdrawal,trial_0017_bite_002,trial_0017,withdrawal,contextual_promp,0.0538625922821747,0.2962501642411286,0.0203910679669422,0.0501689489907468,0.022234711809007365,0.05474327892962015,0.040703942677361334,0.11316886874321284,0.1203663846785712,0.10266636513401395,0.08805195945967212,True,101,0.15658624496441378,0.04465499682921966,0.05014319101447445,0.06378716781444366,4.924971311988735,6.340204202995928,-1.415232891007193,1.0,True,0,True
trial_0017_bite_003_withdrawal,trial_0017_bite_003,trial_0017,withdrawal,retrieval,0.1325538234251725,0.7049502732470588,0.2484426280050572,0.0700110540243784,0.01550932650294014,0.07946827059382931,0.05930675788752644,0.1543498559688025,0.1601711583668657,0.13798185577767055,0.10757290569317833,True,101,0.44513804624166653,0.06871626402580765,0.07685388745844245,0.18027803620952307,5.565773717113288,6.711690206349012,-1.1459164892357236,1.0,True,0,True
trial_0017_bite_003_withdrawal,trial_0017_bite_003,trial_0017,withdrawal,contextual_promp,0.0431224554600468,0.3485597639968366,0.0438872894996214,0.1286173800669414,0.01550932650294014,0.057570698270745305,0.04820612896049419,0.10640746140773381,0.1120517607446178,0.1181624396383687,0.09862351285005229,True,101,0.14793396694991848,0.033852529413261806,0.0392853170550693,0.07278801030128597,4.573031619393196,6.711690206349012,-2.138658586955816,1.0,True,0,True
trial_0017_bite_004_withdrawal,trial_0017_bite_004,trial_0017,withdrawal,retrieval,0.102839773962348,0.498859473404764,0.0765337371626105,0.0005625483068784,0.010368197358778171,0.111650581516568,0.08520783219457644,0.2101430674646075,0.2199558598012072,0.15069887116224154,0.12414620160835395,True,101,0.27287657941452625,0.0887380310383924,0.0997457814453293,0.1684212144324691,6.908206629489035,6.727741249126234,0.1804653803628007,1.0,True,0,True
trial_0017_bite_004_withdrawal,trial_0017_bite_004,trial_0017,withdrawal,contextual_promp,0.080356897930184,0.4634689052824927,0.1322703699689538,0.0516191963370893,0.010368197358778171,0.0671477057496641,0.05706507638764701,0.10247124997280692,0.10775074136241146,0.13682850287570403,0.11266569458313748,True,101,0.34082641567525046,0.07321898387269112,0.08816265469370806,0.15402294392191201,3.882280583821532,6.727741249126234,-2.845460665304702,1.0,True,0,True
trial_0017_bite_005_transfer,trial_0017_bite_005,trial_0017,transfer,retrieval,0.0537252979771102,0.2839423011259986,0.043640275309467,0.0380850248014597,0.01088584905961302,0.01342349162349145,0.011258934863249337,0.023015504383316746,0.02616094057006038,0.03213841134282197,0.02463689261283993,True,58,0.2263334168805342,0.05966109731483722,0.07449453961351614,0.09723758370984259,4.897004409290064,3.277626548411309,1.619377860878755,0.5742574257425742,False,0,False
trial_0017_bite_005_transfer,trial_0017_bite_005,trial_0017,transfer,contextual_promp,0.0442784367613488,0.2048833420452168,0.0316430409464765,0.0484139596594348,0.01088584905961302,0.012420705394806353,0.01114319109857795,0.021313555163691753,0.02316388015369701,0.03131184229707224,0.02478125919088302,True,69,0.23140164178827813,0.06673459472698264,0.07568146265035168,0.08881585478906959,4.359050129702664,3.969332111090864,0.38971801861179944,0.6831683168316832,False,1,False
trial_0017_bite_005_withdrawal,trial_0017_bite_005,trial_0017,withdrawal,retrieval,0.0973185221483022,0.2628415676531848,0.0706113119581532,0.1011465053468396,0.014210544144030628,0.020608666806525285,0.01856437677870769,0.032752413079406184,0.036372608191901704,0.09153871300230944,0.08420265274198532,True,101,0.18442888820351683,0.10289669975763457,0.114327528846737,0.09300990264333209,4.644164591718109,5.710627094327274,-1.0664625026091645,1.0,True,0,True
trial_0017_bite_005_withdrawal,trial_0017_bite_005,trial_0017,withdrawal,contextual_promp,0.1211857001761019,0.672529082220704,0.1959130422700578,0.1899929609210419,0.014210544144030628,0.05653470679582546,0.05181147660201342,0.08226000031448183,0.08516587423888414,0.15341204876825962,0.13770148942472624,True,101,0.3204807935347256,0.07479979305087799,0.08669836989807436,0.18290566149614923,4.68109635909957,5.710627094327274,-1.0295307352277039,1.0,True,0,True
trial_0017_bite_006_transfer,trial_0017_bite_006,trial_0017,transfer,retrieval,0.0320821949914091,0.2227018735135929,0.0316800811825382,0.0149460385098031,0.00874264165348348,0.023434208857583454,0.021142512015050526,0.035777386726356886,0.03865538455970452,0.025790601977529443,0.01948793053261074,True,101,0.10811774705089114,0.03209578124455013,0.037418100153565996,0.07618167991595975,4.920704077959998,4.600249924909537,0.320454153050461,1.0,True,0,True
trial_0017_bite_006_transfer,trial_0017_bite_006,trial_0017,transfer,contextual_promp,0.0326618215173908,0.2035581756564319,0.03009901331853,0.0308296492173114,0.00874264165348348,0.020842136200124754,0.019581808082575605,0.027931262034871618,0.029267018914328587,0.029372866793633885,0.019962000157492162,True,101,0.07208610885229647,0.03504231577028033,0.038512388200333696,0.07311791070451246,3.758218526765388,4.600249924909537,-0.8420313981441492,1.0,True,0,True
trial_0017_bite_006_withdrawal,trial_0017_bite_006,trial_0017,withdrawal,retrieval,0.1404228250050889,0.6010155116981486,0.1379994835981747,0.0204161152644083,0.021789625339524138,0.17468936787581207,0.1450178742000162,0.30330533802491516,0.30706556437882726,0.3331064190441051,0.2796156204196063,True,101,0.35802326765682096,0.1316631325580959,0.1533783985289687,0.27726016460306163,6.853390091053469,7.024096710163926,-0.17070661911045715,1.0,True,0,True
trial_0017_bite_006_withdrawal,trial_0017_bite_006,trial_0017,withdrawal,contextual_promp,0.0858142793076323,0.3876592747460745,0.1074439602867758,0.046069514580098,0.021789625339524138,0.11555686595419433,0.09885510290239952,0.18945299242744293,0.19833108020835608,0.2790664291865365,0.2349431947688639,True,101,0.2338507594179588,0.09561492963664148,0.11552359126164218,0.20544107278257562,5.132028616505716,7.024096710163926,-1.8920680936582102,1.0,True,0,True
trial_0017_bite_007_transfer,trial_0017_bite_007,trial_0017,transfer,retrieval,0.0396973422541695,0.2535852887127139,0.047150155698591,0.0353537447902895,0.009302244668492452,0.01200226731751233,0.010489373311883732,0.019755003816636613,0.025385610003601865,0.04365591834377359,0.032117684840197405,True,101,0.12118128779140364,0.05651521183173737,0.06351918732924895,0.121981526663446,4.387734670084115,4.396632170814345,-0.00889750073022988,1.0,True,0,True
trial_0017_bite_007_transfer,trial_0017_bite_007,trial_0017,transfer,contextual_promp,0.0397538381578432,0.1566298400279649,0.0287765313890062,0.0424123569086362,0.009302244668492452,0.012939986660303925,0.010074783840394666,0.023969828117428316,0.025503281044264435,0.046694648993149436,0.034642999966553435,True,101,0.07661688661359643,0.044497487211052546,0.0488336791790625,0.08128047228399822,3.4069531850530694,4.396632170814345,-0.9896789857612758,1.0,True,0,True
trial_0017_bite_007_withdrawal,trial_0017_bite_007,trial_0017,withdrawal,retrieval,0.0751372355149868,0.4693355368614288,0.1130467266700329,0.0091262526930994,0.007853620897530696,0.035211826381287954,0.027564306798186475,0.06521811403899624,0.07211797312491564,0.08319538005413687,0.06790166741642198,True,101,0.21845676362738178,0.05824089381533123,0.0714269254433393,0.11280150182253,6.961614855274176,5.099419670054249,1.8621951852199272,1.0,True,0,True
trial_0017_bite_007_withdrawal,trial_0017_bite_007,trial_0017,withdrawal,contextual_promp,0.0454181759078278,0.2755026286763539,0.0655409611731833,0.0134228897209747,0.007853620897530696,0.029750406297571155,0.025799280960925847,0.052752950473135385,0.05686048845667896,0.07531026279017211,0.06871635568934562,True,101,0.12594751791334038,0.037932194022632995,0.045283329420579055,0.06486697263647616,4.839451655730992,5.099419670054249,-0.259968014323257,1.0,True,0,True
trial_0017_bite_008_withdrawal,trial_0017_bite_008,trial_0017,withdrawal,retrieval,0.1166064693056094,1.009834362566744,0.1660345271360175,0.0629789508320453,0.008834028570502287,0.17171073360268158,0.11883354162157801,0.3064087859634197,0.31746116237306476,0.1661476343321017,0.12054538968102842,True,101,0.48497059919318986,0.12641343180156658,0.14432902143690993,0.3001304505220982,4.074189405472218,7.475456585335969,-3.4012671798637513,1.0,True,0,True
trial_0017_bite_008_withdrawal,trial_0017_bite_008,trial_0017,withdrawal,contextual_promp,0.0329238176336016,0.2803302636227026,0.0318551500199053,0.0902386066667147,0.008834028570502287,0.042721597718282156,0.034024553571287745,0.08126471759085749,0.08577091434245851,0.0678011820250926,0.059345479649830994,True,101,0.1240167349814708,0.036123077155215705,0.042374316307835384,0.07389264149812665,5.134640189909849,7.475456585335969,-2.3408163954261205,1.0,True,0,True
trial_0017_bite_009_transfer,trial_0017_bite_009,trial_0017,transfer,retrieval,0.0960202001986875,0.2796051903738087,0.0451837647964919,0.0801985025934916,0.012368632358303254,0.0173332629923553,0.013764984905655035,0.032071405113501525,0.03626555946116124,0.05770145871501083,0.04821464920410543,True,58,0.24316769801819915,0.10996261930250079,0.13295694178711054,0.11570079572486364,4.47496891408991,2.8058910082612307,1.6690779058286793,0.5742574257425742,False,0,False
trial_0017_bite_009_transfer,trial_0017_bite_009,trial_0017,transfer,contextual_promp,0.0982278920458798,0.167160978834109,0.0163954142948889,0.0699548569242181,0.012368632358303254,0.019648875095252625,0.014613862912613247,0.04226634526034927,0.04542276693829778,0.0452294954445698,0.03580136740451818,True,76,0.23916119654035678,0.11135916911183931,0.12558937850269447,0.0988386390592638,4.858170282513202,4.255724915155436,0.6024453673577659,0.7623762376237624,False,1,False
trial_0017_bite_009_withdrawal,trial_0017_bite_009,trial_0017,withdrawal,retrieval,0.081438317747072,0.2517624505078162,0.1226999350974335,0.0571296075268837,0.019434246924806664,0.06094358982898119,0.04800039024955433,0.11297337919728104,0.12637780664474418,0.08901353155862655,0.07547999033853675,True,101,0.16267840973902398,0.07432559687663082,0.0836834230961609,0.09835689710607617,6.518812583728465,6.253802485432982,0.26501009829548305,1.0,True,0,True
trial_0017_bite_009_withdrawal,trial_0017_bite_009,trial_0017,withdrawal,contextual_promp,0.0430779457195772,0.1806819831088485,0.0931022582880735,0.1111933298736834,0.019434246924806664,0.02198538998416473,0.0197366416726163,0.03886049502928074,0.042921996955826644,0.05154564892111152,0.04677030608451445,True,101,0.08869360145139624,0.03890820805489763,0.051759158859835556,0.07052280057843657,5.203475378338897,6.253802485432982,-1.050327107094085,1.0,True,0,True
trial_0017_bite_010_transfer,trial_0017_bite_010,trial_0017,transfer,retrieval,0.021848382750537,0.0836816578599064,0.0126382848330214,0.0202763266298376,0.012044420476962867,0.00976825680136218,0.008128576549480404,0.01812632035685975,0.023467584190025315,0.02750191910838135,0.024686935286847494,True,101,0.059864065315524684,0.015573996213804403,0.016983695915817967,0.03032002253609451,3.5227989832567026,4.539177527400616,-1.0163785441439135,1.0,True,0,True
trial_0017_bite_010_transfer,trial_0017_bite_010,trial_0017,transfer,contextual_promp,0.023534697138939,0.1224725073854645,0.0318666696320559,0.0305495011644612,0.012044420476962867,0.010634539200621778,0.0077424043963377565,0.025076647970476082,0.02766885110509701,0.03043147781282179,0.027353384579325526,True,101,0.07485953112324985,0.02153567459268127,0.024132581258399968,0.056986772138506316,3.3274193896135222,4.539177527400616,-1.2117581377870938,1.0,True,0,True
trial_0017_bite_010_withdrawal,trial_0017_bite_010,trial_0017,withdrawal,retrieval,0.0544626404885947,0.1905151290038664,0.0492797863608314,0.0176183044598112,0.014198710601551133,0.05612246647199266,0.05061864816097731,0.08021920581347267,0.08517448882977317,0.18052497640265927,0.160020651962971,True,101,0.09041417018903326,0.03569286336330958,0.04760499427143741,0.05685805328696009,7.042235165787371,6.696552112520125,0.3456830532672459,1.0,True,0,True
trial_0017_bite_010_withdrawal,trial_0017_bite_010,trial_0017,withdrawal,contextual_promp,0.0743018428040811,0.4813861976620749,0.0841821873916976,0.0317406654572823,0.014198710601551133,0.11262914012839259,0.09630601470548644,0.1749158626957367,0.18261982851508948,0.2377958528445607,0.2057485191619215,True,101,0.22661419421969284,0.08628564703310856,0.09991189848074888,0.191300840060504,4.92296568210514,6.696552112520125,-1.7735864304149853,1.0,True,0,True
trial_0017_bite_011_transfer,trial_0017_bite_011,trial_0017,transfer,retrieval,0.0553563372485801,0.2514147157092535,0.0362559265921726,0.0510326529840932,0.010091629082176543,0.012450439084758213,0.010385433177809869,0.024646691032805708,0.029848397759319925,0.02712560942413448,0.020223259347558423,True,101,0.17985128888448906,0.06985585015035002,0.07568692857285174,0.11065397079515428,4.244196114345972,4.481957465796485,-0.23776135145051303,1.0,True,0,True
trial_0017_bite_011_transfer,trial_0017_bite_011,trial_0017,transfer,contextual_promp,0.0489993260202532,0.1824732992667971,0.0241373392116843,0.0660033022299338,0.010091629082176543,0.011786659444197588,0.009210290612113311,0.02527129455027735,0.03468374732903169,0.02744160572596029,0.019486859195088874,True,101,0.11819931872596522,0.05477227728466576,0.059782035910172684,0.08851135270426415,3.185153957050491,4.481957465796485,-1.2968035087459944,1.0,True,0,True
trial_0017_bite_011_withdrawal,trial_0017_bite_011,trial_0017,withdrawal,retrieval,0.0419359041774184,0.300055281184897,0.0586493999924652,0.0082938014153961,0.0016771441792606968,0.05823986822515967,0.047369651020998146,0.09153570437081297,0.09578694218234893,0.0442586119893071,0.037641449046175925,True,101,0.16843802893393237,0.06813081851785555,0.07717594827724365,0.12674810750073182,6.845146296923187,6.167423338254666,0.6777229586685207,1.0,True,0,True
trial_0017_bite_011_withdrawal,trial_0017_bite_011,trial_0017,withdrawal,contextual_promp,0.0232074183661916,0.124185925756068,0.024284367435143,0.0434116140660753,0.0016771441792606968,0.017945226819832034,0.014729316759505175,0.03344148977766098,0.03998815736753525,0.031759934640268925,0.027438732594643883,True,101,0.050551158348152186,0.021033364218274335,0.02347593967019101,0.031876576914812445,4.961044679504827,6.167423338254666,-1.2063786587498395,1.0,True,0,True
trial_0017_bite_012_transfer,trial_0017_bite_012,trial_0017,transfer,retrieval,0.0503965651267662,0.2375330879542312,0.0365556136370116,0.0257717101861069,0.009268368114382227,0.036585460122753974,0.03430070664761284,0.05310079659352704,0.06082179764169249,0.12779347549382739,0.11899600362328597,True,101,0.11496121948535055,0.055576756733726564,0.06322678511337711,0.11382630774588308,4.353383648949237,4.27453117936241,0.07885246958682668,1.0,True,0,True
trial_0017_bite_012_transfer,trial_0017_bite_012,trial_0017,transfer,contextual_promp,0.0520180902535048,0.1741471655211399,0.0277521753386689,0.0390000059905933,0.009268368114382227,0.03438614038079776,0.03214190942660972,0.04906147822177048,0.053005585264731356,0.1251621246653744,0.11683720640228283,True,101,0.09084589774098581,0.04783337213973996,0.05342551297255516,0.08263073238158186,3.2758673445938227,4.27453117936241,-0.9986638347685872,1.0,True,0,True
trial_0017_bite_012_withdrawal,trial_0017_bite_012,trial_0017,withdrawal,retrieval,0.0548912190646454,0.2762851284221396,0.074166467673473,0.0135755449475569,0.007140627742407398,0.053008497087074925,0.04376923015017897,0.09269758447334984,0.10096611041584716,0.09342273183840348,0.07868285765100785,True,101,0.14316405734278245,0.05592343406125315,0.06435223060411872,0.11254736042684337,7.012912598918701,5.822485377981639,1.190427220937062,1.0,True,0,True
trial_0017_bite_012_withdrawal,trial_0017_bite_012,trial_0017,withdrawal,contextual_promp,0.0453524155757771,0.1498607548366012,0.0635625083288144,0.0265416256122492,0.007140627742407398,0.011438642940327131,0.00951080078767598,0.02126108330429829,0.024733180694129678,0.05025363213523756,0.04387714611179188,True,101,0.09025400298831525,0.0279644385206557,0.03240072655036108,0.04477036454106247,5.4905383160852494,5.822485377981639,-0.3319470618963898,1.0,True,0,True
trial_0017_bite_013_transfer,trial_0017_bite_013,trial_0017,transfer,retrieval,0.1540495054219814,0.2454324123116661,0.0272961807763441,0.050288565098708,0.012909013372621432,0.025191278952601683,0.020886568140256048,0.04368138764830167,0.046215373977660006,0.02593881905101639,0.02340469570338366,True,101,0.20068759243767945,0.11064035643378871,0.13506176178228457,0.11881457239181628,4.10137280204765,4.803077919015082,-0.7017051169674318,1.0,True,0,True
trial_0017_bite_013_transfer,trial_0017_bite_013,trial_0017,transfer,contextual_promp,0.1441698782957723,0.1829390553885147,0.0254295205630423,0.0578022725403488,0.012909013372621432,0.033035816883532736,0.026687628967564964,0.05577074103923126,0.059100909969795605,0.036005131398250075,0.032283894933172554,True,101,0.17230656792886395,0.09901083999076536,0.12391636480279211,0.10257630373673449,3.4908727387902694,4.803077919015082,-1.3122051802248125,1.0,True,0,True
trial_0017_bite_013_withdrawal,trial_0017_bite_013,trial_0017,withdrawal,retrieval,0.0698600108261204,0.1721774545774182,0.0755068795103799,0.0214997930870844,0.014029906573920893,0.060711989984249405,0.04501324699010699,0.11788301282258899,0.12873234311240098,0.13090808756078384,0.10972693982413756,True,101,0.11467493035503401,0.04026047374719558,0.04739034942836827,0.07851723069191667,7.312080462050779,6.760855836420344,0.551224625630435,1.0,True,0,True
trial_0017_bite_013_withdrawal,trial_0017_bite_013,trial_0017,withdrawal,contextual_promp,0.0413464283282938,0.1818693635942202,0.032291805536145,0.0073241595309718,0.014029906573920893,0.04477626585338683,0.032986773947318526,0.0856357236185182,0.09619289197613963,0.1231293052753037,0.10173228849544023,True,101,0.10246941673154315,0.04052810807433996,0.0509447712402402,0.07537836561681119,5.365400397622427,6.760855836420344,-1.3954554387979172,1.0,True,0,True
trial_0017_bite_014_transfer,trial_0017_bite_014,trial_0017,transfer,retrieval,0.0281247527365061,0.186875471802037,0.0274225940279002,0.0163952756202423,0.011600427959188602,0.015434539475857906,0.013188341405647426,0.026933034620299282,0.029501134251849748,0.1064193786822003,0.09364301105655105,True,101,0.13312730715328966,0.03786708084094974,0.04198708557801804,0.0491720601024707,6.00917334599794,5.2484735749478,0.76069977105014,1.0,True,0,True
trial_0017_bite_014_transfer,trial_0017_bite_014,trial_0017,transfer,contextual_promp,0.0340873343709177,0.1817691155836648,0.0186052677443553,0.0331999192781163,0.011600427959188602,0.023362741076098714,0.02158293329143838,0.0393841213395023,0.0412195953095876,0.1133180977856821,0.10214717728181212,True,101,0.07390316815796792,0.024740791481216978,0.02812882138964906,0.037305262479907765,3.524227483868203,5.2484735749478,-1.7242460910795971,1.0,True,0,True
trial_0017_bite_014_withdrawal,trial_0017_bite_014,trial_0017,withdrawal,retrieval,0.1148065661822233,0.7273838468263168,0.0489733476431178,0.0252074509879889,0.007437411880110977,0.1606954223161817,0.10850772521585782,0.32735662303151275,0.34468866477337784,0.23264477346264786,0.17012831133186432,True,101,0.33103970929463156,0.0846167730810847,0.09698058635702399,0.17624203446999026,6.963812242960404,7.966209067998826,-1.0023968250384225,1.0,True,0,True
trial_0017_bite_014_withdrawal,trial_0017_bite_014,trial_0017,withdrawal,contextual_promp,0.0644813469857479,0.3994117109056221,0.0123290773223949,0.0967079350615987,0.007437411880110977,0.10756083050012602,0.07023833283471385,0.22616998286299494,0.24453267083613126,0.1765256977535827,0.13192009374485283,True,101,0.19215152164030813,0.05345373710441877,0.06107397691961517,0.12298802784348035,5.2186441864116055,7.966209067998826,-2.7475648815872207,1.0,True,0,True
trial_0017_bite_015_transfer,trial_0017_bite_015,trial_0017,transfer,retrieval,0.0746487521324028,0.1809414893144413,0.0457828664036649,0.0849061890377878,0.012618824152673397,0.014610318088103265,0.011600470861334783,0.026809822943143893,0.03393709161487128,0.05608826098207717,0.047576869847563444,True,101,0.16512028364346124,0.07499675157758535,0.0829513914886714,0.11252001496935142,3.420828766949472,5.270245230296029,-1.8494164633465573,1.0,True,0,True
trial_0017_bite_015_transfer,trial_0017_bite_015,trial_0017,transfer,contextual_promp,0.0519214895264692,0.1061004155853299,0.0246696822059908,0.0661555525558718,0.012618824152673397,0.01507092800920668,0.01127019619276855,0.030000858058929446,0.03655627277789249,0.05515785424916808,0.048152446990859896,True,101,0.13752967211849154,0.050857500430810366,0.05967116001450893,0.05133638602994209,3.471559744168743,5.270245230296029,-1.7986854861272863,1.0,True,0,True
trial_0017_bite_015_withdrawal,trial_0017_bite_015,trial_0017,withdrawal,retrieval,0.1178056699084918,0.9217236810574968,0.2112128105257212,0.0738170183834689,0.006275168506482855,0.03304878122808451,0.024591675224503153,0.07383035528605364,0.08149938835270251,0.5607995830544076,0.21501285915532514,True,101,0.5501085305236422,0.11440714005056858,0.13700488348809772,0.2007543361188444,7.419441847935955,4.603760498313205,2.81568134962275,1.0,True,0,True
trial_0017_bite_015_withdrawal,trial_0017_bite_015,trial_0017,withdrawal,contextual_promp,0.0935045341807783,0.7065210112843747,0.1766590831053809,0.105987058624576,0.006275168506482855,0.05569103452427679,0.04915696154406546,0.08998999702291416,0.09250889526846223,0.5605680809933301,0.22040461233595304,True,101,0.38639894213967646,0.06607690430411083,0.07913617855992393,0.12131078323800829,5.077883343952051,4.603760498313205,0.47412284563884555,1.0,True,0,True
trial_0019_bite_001_transfer,trial_0019_bite_001,trial_0019,transfer,retrieval,0.0648914176503689,0.3160273086886374,0.0511752468731029,0.0854364656911617,0.02154304175086475,0.03352824049968663,0.029622568516791258,0.04757504334397747,0.05327257781573496,0.04494454008740163,0.03597897706512663,True,101,0.18594197424082437,0.09723688442984262,0.10236568774076757,0.19679672611294488,4.4494734434827965,3.6517092803627795,0.797764163120017,1.0,True,0,True
trial_0019_bite_001_transfer,trial_0019_bite_001,trial_0019,transfer,contextual_promp,0.0351490619886006,0.2009066755222039,0.0322492883225941,0.0249449705793639,0.02154304175086475,0.026970413458728984,0.024781881942983905,0.03591389256476091,0.03764868123585777,0.042579475860584526,0.030903017073484904,True,101,0.118492177895475,0.0506075488288732,0.05382433748607999,0.09732229832882706,3.2512488159412465,3.6517092803627795,-0.40046046442153305,1.0,True,0,True
trial_0019_bite_001_withdrawal,trial_0019_bite_001,trial_0019,withdrawal,retrieval,0.0928445906896319,0.2264083071064795,0.1046547419853587,0.1317688869387313,0.008047132679320662,0.02266805084618477,0.019345451027983667,0.040697520881015185,0.04473680338610486,0.07524100788517338,0.05938553619339355,True,101,0.2685916219802291,0.11738638838127279,0.1452998349651125,0.11665813204793768,5.64320265591507,6.690274762133811,-1.0470721062187405,1.0,True,0,True
trial_0019_bite_001_withdrawal,trial_0019_bite_001,trial_0019,withdrawal,contextual_promp,0.0454673868627513,0.2569042168910441,0.0375070162681985,0.0563757447256304,0.008047132679320662,0.025664030342199613,0.02028007686958654,0.044254332824535184,0.04581239458006221,0.09389733785673751,0.0739868268636189,True,101,0.14795883456025186,0.06036081503178962,0.07070904198728047,0.09029160981667156,3.855551218973012,6.690274762133811,-2.834723543160799,1.0,True,0,True
trial_0019_bite_002_transfer,trial_0019_bite_002,trial_0019,transfer,retrieval,0.1227582464868519,0.2737702858137831,0.0315588287470111,0.0488262949181153,0.012293478782153583,0.028136010291647726,0.020746654181904304,0.05344640515922162,0.05560868455251351,0.038585523168545265,0.028820680903346486,True,101,0.17402823023545438,0.09063957331909989,0.11394342690081893,0.11671472868984852,5.17479709874935,4.285086402349293,0.8897106964000567,1.0,True,0,True
trial_0019_bite_002_transfer,trial_0019_bite_002,trial_0019,transfer,contextual_promp,0.0296353622050678,0.2163660161094211,0.0331042745533607,0.0255250060440421,0.012293478782153583,0.008296706694646582,0.007594229555344359,0.01284389059002411,0.01580702774849974,0.022800398340266665,0.01987054388593398,True,101,0.08604948259148446,0.05341212051839377,0.058287186448603534,0.11585941930884872,4.576687225524128,4.285086402349293,0.2916008231748348,1.0,True,0,True
trial_0019_bite_002_withdrawal,trial_0019_bite_002,trial_0019,withdrawal,retrieval,0.0765854032989787,0.5838876236234172,0.0906679777169307,0.0045372186430681,0.009540139676487739,0.04235023815557484,0.03340560226972868,0.0804930294859129,0.08711170406857327,0.10193283898979907,0.08592978871052019,True,96,0.4302008511116844,0.0804379940186027,0.11661351530863505,0.12041634811461065,5.207868252034109,9.080838323401922,-3.8729700713678135,1.0,True,0,True
trial_0019_bite_002_withdrawal,trial_0019_bite_002,trial_0019,withdrawal,contextual_promp,0.0786346472268339,0.4621077368766044,0.1186018516217719,0.0605134752670996,0.009540139676487739,0.03307295728407572,0.026443040072999486,0.06080091908804519,0.06866250884915187,0.1269379002822839,0.1065646103920496,True,96,0.3554902899583142,0.08184148265113403,0.10829327314639495,0.11697405465524958,3.6283733185634284,9.080838323401922,-5.452465004838494,1.0,True,0,True
trial_0019_bite_003_transfer,trial_0019_bite_003,trial_0019,transfer,retrieval,0.1605018498193962,0.1722540967052821,0.0109651679703646,0.0507479033944423,0.015601818890752588,0.028643010817611555,0.022098649882519004,0.049953853158673595,0.052700198519652706,0.11248519991605786,0.10068789398791514,True,101,0.19706102575297396,0.10480975363607524,0.13558482506323413,0.12634962271649627,4.714279447075821,3.834530620716383,0.879748826359438,1.0,True,0,True
trial_0019_bite_003_transfer,trial_0019_bite_003,trial_0019,transfer,contextual_promp,0.051825374684487,0.1860207630014214,0.0455861090134581,0.0277232412206662,0.015601818890752588,0.023997953632974328,0.021113984226920225,0.03573018026335138,0.03623551528522695,0.11214844984833863,0.10041688363881728,True,101,0.08534861293545339,0.06056727256686586,0.06756553709521396,0.12541631405082046,4.38965889615897,3.834530620716383,0.5551282754425868,1.0,True,0,True
trial_0019_bite_003_withdrawal,trial_0019_bite_003,trial_0019,withdrawal,retrieval,0.1077450590666332,0.90025437264913,0.1053035352467802,0.053698681488732,0.009064282007081226,0.1229253930096766,0.10391110746128221,0.18653386540942762,0.19455225465927672,0.06345243767865756,0.04775452577182174,True,101,0.5810891169471689,0.13844008589672854,0.16443053511056632,0.2715244071355383,5.619686705402341,8.633295849039762,-3.013609143637421,1.0,True,0,True
trial_0019_bite_003_withdrawal,trial_0019_bite_003,trial_0019,withdrawal,contextual_promp,0.0980403205785604,0.7539588654426819,0.1181055432686099,0.007052422506535,0.009064282007081226,0.094237534489489,0.07958087916124203,0.13489888149758106,0.1376721468361591,0.033257839492677445,0.026924348808725813,True,101,0.5001451057313314,0.11126247517893327,0.1396657665512916,0.21098850012812814,3.67946903271942,8.633295849039762,-4.953826816320341,1.0,True,0,True
trial_0019_bite_004_transfer,trial_0019_bite_004,trial_0019,transfer,retrieval,0.0396973422541696,0.2535852887127139,0.047150155698591,0.0354125658397885,0.014286612943093248,0.017791195666306086,0.015168823860652847,0.027437287911386957,0.028803053265861675,0.11171514002555742,0.1046217550340517,True,101,0.12328038461621393,0.06869440893730318,0.07984933127382114,0.14232870898689232,4.82117497164391,4.69083337695189,0.13034159469202056,1.0,True,0,True
trial_0019_bite_004_transfer,trial_0019_bite_004,trial_0019,transfer,contextual_promp,0.0364103379237817,0.1914243640162035,0.0384258140333871,0.0134735023995676,0.014286612943093248,0.014183446061172304,0.01272676514512368,0.02189446101422471,0.02286499580588089,0.1109248017134591,0.10280901481830663,True,101,0.10276118005044153,0.05346169833175307,0.0615534837837921,0.10917040230225761,4.231503773201565,4.69083337695189,-0.4593296037503247,1.0,True,0,True
trial_0019_bite_004_withdrawal,trial_0019_bite_004,trial_0019,withdrawal,retrieval,0.0856572797814428,0.5488909137207527,0.1023587721598135,0.0293052001304628,0.003788302367000356,0.017445061565507108,0.013306731494790952,0.036983972225319184,0.04154749900690452,0.09170684931523003,0.07977903033042248,True,101,0.42512140442558055,0.117735110161749,0.13578932569084287,0.16153724196213934,5.525647463499326,9.190101173462956,-3.66445370996363,1.0,True,0,True
trial_0019_bite_004_withdrawal,trial_0019_bite_004,trial_0019,withdrawal,contextual_promp,0.0745927559923817,0.4111794573124309,0.0499828218044147,0.134605882139856,0.003788302367000356,0.03399062354665714,0.028890056194462364,0.05534344444286783,0.06093172999641651,0.10847356460892936,0.08817731363799475,True,101,0.29758261030511457,0.1109806497618351,0.12664573211265065,0.16679223126322326,3.7316909778908443,9.190101173462956,-5.458410195572112,1.0,True,0,True
trial_0019_bite_005_transfer,trial_0019_bite_005,trial_0019,transfer,retrieval,0.0453824141352929,0.0941584188483114,0.0015891938200957,0.0089180526362113,0.014787964635237247,0.008877697793417905,0.007820587501773885,0.013786224843914575,0.014973780560217156,0.06188367333633414,0.05523139967911564,True,101,0.07070885988232128,0.04174274279533021,0.04779785147489686,0.057683422336075534,4.26298978114668,4.35111710724752,-0.08812732610083973,1.0,True,0,True
trial_0019_bite_005_transfer,trial_0019_bite_005,trial_0019,transfer,contextual_promp,0.0422073668711713,0.098511873368123,0.0142681564865862,4.861968385444504e-05,0.014787964635237247,0.01255695826484001,0.011055008806100044,0.01949113413747329,0.01999532005658186,0.06815513774831343,0.06186202731889326,True,101,0.07549559785548031,0.038468354521594354,0.04448212423374285,0.0316106154843116,4.205319650602227,4.35111710724752,-0.1457974566452931,1.0,True,0,True
trial_0019_bite_005_withdrawal,trial_0019_bite_005,trial_0019,withdrawal,retrieval,0.0910999371847531,0.5294183725689136,0.0983107898430586,0.1491935948719263,0.009674799550879751,0.13980259979649387,0.10450183791321283,0.3076517110311707,0.340384449480441,0.25662135662782376,0.18878436593883566,True,101,0.30671725821971824,0.1369689396148295,0.15581116475294235,0.23485791148997084,7.697644022211334,5.025588638670823,2.6720553835405108,1.0,True,0,True
trial_0019_bite_005_withdrawal,trial_0019_bite_005,trial_0019,withdrawal,contextual_promp,0.1099202201951582,1.032761444838015,0.1472839738397019,0.0495103204139586,0.009674799550879751,0.19231537705948687,0.14560388611460728,0.3079324197931748,0.31199645922963337,0.3290848166260609,0.2736854627498618,True,101,0.5764421299620621,0.1955368830084648,0.22621419768021347,0.3555598266763708,4.965627597836724,5.025588638670823,-0.059961040834099144,1.0,True,0,True
trial_0019_bite_006_transfer,trial_0019_bite_006,trial_0019,transfer,retrieval,0.0768781608860371,0.1740248067586198,0.0076249153489553,0.0139895585655302,0.01797168257262593,0.02579892616890077,0.01833886873476963,0.04512493217541858,0.04974201684801987,0.040725772830856516,0.03656126315444778,True,101,0.10904970333664696,0.054814006770138986,0.06779615330195533,0.062266249934947504,4.199270825401623,3.9918696657333204,0.20740115966830253,1.0,True,0,True
trial_0019_bite_006_transfer,trial_0019_bite_006,trial_0019,transfer,contextual_promp,0.0388483929254965,0.18267882681368,0.0224108210916607,0.010115265898842,0.01797168257262593,0.009057831988427729,0.006843906658420856,0.018102324779934852,0.02078150013958107,0.03284557384843237,0.02555047334049654,True,101,0.07546073662979165,0.042025963745307704,0.04606509866024341,0.07595126313397643,4.070975333552468,3.9918696657333204,0.07910566781914774,1.0,True,0,True
trial_0019_bite_006_withdrawal,trial_0019_bite_006,trial_0019,withdrawal,retrieval,0.1340272766294234,0.8344011818704744,0.1220136681822765,0.0369305567349427,-0.0024737002195131027,0.1351385603639862,0.10905892154375342,0.24045168216871204,0.244662555869484,0.12145096238945276,0.09067059168786931,True,101,0.5193048871650123,0.1564244009815908,0.18183081362164027,0.2538747406113574,5.468035114346309,7.871282632095193,-2.403247517748884,1.0,True,0,True
trial_0019_bite_006_withdrawal,trial_0019_bite_006,trial_0019,withdrawal,contextual_promp,0.1028886251205488,0.8572914667163812,0.1004613640381322,0.0485050328422812,-0.0024737002195131027,0.13247598240693662,0.111905823528072,0.20291689580058275,0.2260121132741681,0.09648462695083777,0.0827332830861312,True,101,0.45209017428025067,0.12955167043554947,0.15243733125134978,0.22881989989895762,3.5069169445675867,7.871282632095193,-4.364365687527606,1.0,True,0,True
trial_0019_bite_007_transfer,trial_0019_bite_007,trial_0019,transfer,retrieval,0.0606825736909654,0.3486881228203626,0.0439552599329467,0.041154584236262,0.01236082064343637,0.02899762277896508,0.024649855515656304,0.042103876419584886,0.04490004052567867,0.0555154799558721,0.043308256111304094,True,101,0.17473157613703189,0.07809026608411318,0.08573530473461696,0.14667576513781874,4.895327517682279,4.200581464910911,0.694746052771368,1.0,True,0,True
trial_0019_bite_007_transfer,trial_0019_bite_007,trial_0019,transfer,contextual_promp,0.0479969762480794,0.3271751947507181,0.0473777168469713,0.0273754069750111,0.01236082064343637,0.00943348699948133,0.008471859629196983,0.013721508650003378,0.01475933154097301,0.03225164986089332,0.02780158805637253,True,101,0.19638240311360008,0.0637832400385864,0.06994027907191405,0.1186910334195897,4.565597611432813,4.200581464910911,0.36501614652190195,1.0,True,0,True
trial_0019_bite_007_withdrawal,trial_0019_bite_007,trial_0019,withdrawal,retrieval,0.0996076034043643,1.0058047685928322,0.0567722284543881,0.0760633073125907,-0.007806889364133802,0.16805526050291753,0.13488036571765838,0.28071215537234956,0.28666090801505534,0.14660707568500278,0.11586482687528844,True,101,0.4960663953515347,0.11389296008048959,0.128947945416203,0.24277024333417813,7.16338089820425,9.129833781072897,-1.966452882868647,1.0,True,0,True
trial_0019_bite_007_withdrawal,trial_0019_bite_007,trial_0019,withdrawal,contextual_promp,0.0911759004161335,1.0114371131794675,0.0809586427428315,0.0688801219468527,-0.007806889364133802,0.15675797260372554,0.13574557235221152,0.23632589317651942,0.24299742516186654,0.12655261930032255,0.11404217047844484,True,101,0.48371961333194974,0.14804368590837105,0.16223113467130076,0.25362746298332656,3.4463547307906373,9.129833781072897,-5.683479050282259,1.0,True,0,True
trial_0019_bite_008_transfer,trial_0019_bite_008,trial_0019,transfer,retrieval,0.0499164528116458,0.0861700427421677,0.0109305826718438,0.0176352844695072,0.013964547055650528,0.011714789381024255,0.008317024088413059,0.02405460232669937,0.029782472880384145,0.06520636294392403,0.059924259594944955,True,101,0.07703544189297065,0.03629081891996413,0.04849896668176947,0.04490485062326049,4.041062351673127,3.9890971111785074,0.05196524049461981,1.0,True,0,True
trial_0019_bite_008_transfer,trial_0019_bite_008,trial_0019,transfer,contextual_promp,0.0357195902270318,0.0991961557014887,0.030794215545032,0.0227676624226665,0.013964547055650528,0.010565324997268127,0.00849071036182986,0.020940906891435903,0.022377976437275626,0.07038453210065691,0.06739215838046443,True,101,0.05664002715842761,0.03458384957181072,0.040322854075477824,0.06496977526883448,4.087100649713856,3.9890971111785074,0.09800353853534816,1.0,True,0,True
trial_0019_bite_008_withdrawal,trial_0019_bite_008,trial_0019,withdrawal,retrieval,0.1086286905316061,0.9657138606926784,0.1080884525346741,0.1435482904902719,-0.01072303888448362,0.14620818453464113,0.11622521919308129,0.23511948877540967,0.24565887779442908,0.09050163255465492,0.054710240523334,True,101,0.4573575728886183,0.13120628572699392,0.1643752048665722,0.20738297295702807,7.361777597518085,8.095437251152582,-0.733659653634497,1.0,True,0,True
trial_0019_bite_008_withdrawal,trial_0019_bite_008,trial_0019,withdrawal,contextual_promp,0.0315456596141481,0.408713319251658,0.0440941468891566,0.0620381678001236,-0.01072303888448362,0.05324085323178592,0.041687074208850435,0.09492415075389316,0.09685002761047846,0.15160337944121063,0.128041422650419,True,101,0.174736269486028,0.04391001252581367,0.04964660171391243,0.08126593843573975,4.43014555067005,8.095437251152582,-3.6652917004825323,1.0,True,0,True
trial_0019_bite_009_transfer,trial_0019_bite_009,trial_0019,transfer,retrieval,0.0542035630254242,0.2347358691845152,0.0321872104368341,0.036087139526285,0.0127325125310762,0.015871553516499357,0.01402734495426977,0.025261571388343146,0.025775181622591833,0.025344234781475353,0.0201078783094366,True,101,0.13857308513661654,0.05987657499345635,0.06719729900104042,0.11168093975629034,4.9901979702852675,4.324828020023337,0.6653699502619306,1.0,True,0,True
trial_0019_bite_009_transfer,trial_0019_bite_009,trial_0019,transfer,contextual_promp,0.046403699699447,0.2269228472694372,0.0471804864046633,0.0406017414451576,0.0127325125310762,0.0077037278902642005,0.006883763228784362,0.012539674388577476,0.013768018367147332,0.03317322796706204,0.03134527196438681,True,101,0.14160694746937255,0.0630553683266391,0.07174893641251724,0.13076457372521363,4.789548497327175,4.324828020023337,0.46472047730383803,1.0,True,0,True
trial_0019_bite_009_withdrawal,trial_0019_bite_009,trial_0019,withdrawal,retrieval,0.0845307805269642,0.5866027490875542,0.0853658816835985,0.0734666895292669,0.005089470821220384,0.09248005430405042,0.07117632643180144,0.18093132672243745,0.1855707611055477,0.08515159725496782,0.06762789603259853,True,101,0.3183955745264694,0.0782272486386012,0.09028378530109761,0.1415192432425043,7.094910989764941,8.432571104737306,-1.3376601149723655,1.0,True,0,True
trial_0019_bite_009_withdrawal,trial_0019_bite_009,trial_0019,withdrawal,contextual_promp,0.0840064552494664,0.698012470297165,0.1205623609893066,0.0588659606952846,0.005089470821220384,0.09711862350591122,0.0752301878501289,0.15032109987988176,0.15328936581078845,0.06179627077642747,0.049505323390090644,True,101,0.35077709828053877,0.11639439911293607,0.138119472942938,0.18103784550639668,3.784349672667641,8.432571104737306,-4.648221432069665,1.0,True,0,True
trial_0019_bite_010_transfer,trial_0019_bite_010,trial_0019,transfer,retrieval,0.0294649233163582,0.0882478395146877,0.0070452350011606,0.0068013206255875,0.01179182698905728,0.02266804730191007,0.015982549396131196,0.04812154952065338,0.052419795181368106,0.04368304475684224,0.036949679376424266,True,101,0.04754516890264268,0.019517972335041513,0.02354967462015214,0.030599241090389816,4.459176266423842,4.529611127825991,-0.07043486140214839,1.0,True,0,True
trial_0019_bite_010_transfer,trial_0019_bite_010,trial_0019,transfer,contextual_promp,0.0198827279467924,0.1085086527426232,0.0283724844779146,0.0023138430977919,0.01179182698905728,0.011179220741265214,0.009992556356561785,0.018453855528969436,0.01957832147952123,0.02890329593377499,0.024642951069989937,True,101,0.04653490055587502,0.029920036291788375,0.03580942158573633,0.06272119358300307,4.541894602503794,4.529611127825991,0.012283474677802886,1.0,True,0,True
trial_0019_bite_010_withdrawal,trial_0019_bite_010,trial_0019,withdrawal,retrieval,0.1330019252964931,0.9282815717291214,0.1150082143597819,0.121398597148125,-0.010342914958834331,0.1237551541346938,0.09962113690045606,0.2130077906007558,0.2180870180811934,0.07295583426744116,0.06061110653806556,True,68,0.44215702781042393,0.0900524579787634,0.11881954989114947,0.1574192017921899,4.811552580276314,7.075587528760331,-2.264034948484017,1.0,True,0,True
trial_0019_bite_010_withdrawal,trial_0019_bite_010,trial_0019,withdrawal,contextual_promp,0.0554981535142276,0.4458331176420729,0.0452656385998515,0.0691893886497956,-0.010342914958834331,0.032817033737179015,0.02410194819774571,0.0670369153205308,0.0770769887708202,0.07068973506083559,0.056367285986153544,True,68,0.2565750961872952,0.06270217335286302,0.08126731966463221,0.10199920724826672,2.910760477892661,7.075587528760331,-4.16482705086767,1.0,True,0,True
trial_0019_bite_011_transfer,trial_0019_bite_011,trial_0019,transfer,retrieval,0.052959713326267,0.1379215784672699,0.0167500889319289,0.0185413345769427,0.014845560146271032,0.01859611789891993,0.015298019653645694,0.03710387618072707,0.040912493301161305,0.08887548911126604,0.07892201850901014,True,101,0.07585632688430603,0.038261473989117084,0.04333004466643088,0.07810256015953106,3.845932487507831,4.555770710703188,-0.7098382231953568,1.0,True,0,True
trial_0019_bite_011_transfer,trial_0019_bite_011,trial_0019,transfer,contextual_promp,0.0623547101152439,0.1261560888160672,0.0299494360594865,0.0079815199783004,0.014845560146271032,0.015999193113316636,0.013060547602883612,0.027749210314951686,0.0332153759813207,0.078990804116039,0.0684576894330004,True,101,0.08735708051408547,0.048861075182593514,0.05608174942288649,0.09520742966974698,4.074140340874099,4.555770710703188,-0.48163036982908913,1.0,True,0,True
trial_0019_bite_011_withdrawal,trial_0019_bite_011,trial_0019,withdrawal,retrieval,0.1182814769852224,0.8399282872201341,0.1532508553401533,0.1219652217943932,-0.007431796744196631,0.08749728755296038,0.07000899689809867,0.16865999482065283,0.1745194146437521,0.13234957436321093,0.11556101089949604,True,101,0.5466341900165862,0.15514796266976072,0.18602586591246364,0.1939280273177286,7.412090767032316,7.32210943181672,0.08998133521559559,1.0,True,0,True
trial_0019_bite_011_withdrawal,trial_0019_bite_011,trial_0019,withdrawal,contextual_promp,0.0423615857412628,0.3344147878058753,0.0692496469562318,0.0827226440992646,-0.007431796744196631,0.04875889749388335,0.03902894023372338,0.08829385384515533,0.10325834540692441,0.23114732781178135,0.205732290548996,True,101,0.1933652452384027,0.04201522033824118,0.047120380331959595,0.048206450049841025,4.776079094850715,7.32210943181672,-2.5460303369660053,1.0,True,0,True
trial_0019_bite_012_transfer,trial_0019_bite_012,trial_0019,transfer,retrieval,0.0746487521324028,0.1809414893144413,0.0457828664036649,0.0905041249698604,0.017734604917908403,0.01281909067590967,0.010086214042360667,0.025293746070588298,0.028949653446370252,0.021238280205987867,0.0166501162798898,True,101,0.15267438754127222,0.07475302177542324,0.08073430701973555,0.1333835898681543,5.470366411862075,3.4609412912900197,2.0094251205720557,1.0,True,0,True
trial_0019_bite_012_transfer,trial_0019_bite_012,trial_0019,transfer,contextual_promp,0.0608799526323926,0.1859132255125177,0.0417102641698837,0.0367761828032318,0.017734604917908403,0.01323358296069969,0.011631289575025468,0.02253819179922162,0.02404064320533528,0.011176198731381924,0.009738269651084912,True,101,0.10266464429673444,0.06682827426097951,0.07175285430911524,0.11984851826031077,4.032602610413901,3.4609412912900197,0.5716613191238809,1.0,True,0,True
trial_0019_bite_012_withdrawal,trial_0019_bite_012,trial_0019,withdrawal,retrieval,0.1208419530972719,0.5729723327973459,0.1092472299290209,0.0170106498089942,-0.00729888381101342,0.07090131640784426,0.061108271871813856,0.12379169195847733,0.13339130378112346,0.10794787411936614,0.08323254042948824,True,101,0.41948531329927,0.11533697422088598,0.13299009430766165,0.14975389778238826,7.31361491855705,7.772228248716412,-0.4586133301593618,1.0,True,0,True
trial_0019_bite_012_withdrawal,trial_0019_bite_012,trial_0019,withdrawal,contextual_promp,0.0942946310203449,0.3208745801656089,0.0165439754441853,0.1879591584704887,-0.00729888381101342,0.04069497613377498,0.03085762739446956,0.06815969902892788,0.06958799238187365,0.0286033382630638,0.025155313574798284,True,101,0.2594838079707808,0.1394334873266099,0.1690022746837558,0.19843406699083502,4.397478816379176,7.772228248716412,-3.374749432337236,1.0,True,0,True
trial_0019_bite_013_transfer,trial_0019_bite_013,trial_0019,transfer,retrieval,0.0861898706120958,0.0697888902253386,0.0182797995921138,0.0199468020616316,0.017217765285133295,0.027593855858686903,0.022735625487904865,0.04725879293449255,0.05088427406811709,0.03569026898225473,0.031796514045934386,True,101,0.11605597292288207,0.05911928372471593,0.07420094480361628,0.06363379020317005,4.053313513469656,4.062749479676869,-0.009435966207212765,1.0,True,0,True
trial_0019_bite_013_transfer,trial_0019_bite_013,trial_0019,transfer,contextual_promp,0.0492627021233615,0.0708010942616578,0.0255661824077536,0.0115459143640883,0.017217765285133295,0.010104789941204667,0.008831216324825782,0.01711654983802355,0.020438610053514383,0.029411835089169062,0.02657270529755206,True,101,0.07104014457380287,0.04007704010197361,0.04694888701905147,0.055899154867393386,3.746630675460797,4.062749479676869,-0.31611880421607186,1.0,True,0,True
trial_0019_bite_013_withdrawal,trial_0019_bite_013,trial_0019,withdrawal,retrieval,0.0858489499671945,0.2396997687151274,0.0316419532120243,0.1551577063862395,-0.011241386592059572,0.0496318731829016,0.03817123856598218,0.08776879090979561,0.1012579366718041,0.13727080600975128,0.11345759826855961,True,101,0.22381312968380965,0.10917859120789168,0.12707191223506048,0.18222851326566686,6.625678303406963,7.073722973772664,-0.44804467036570106,1.0,True,0,True
trial_0019_bite_013_withdrawal,trial_0019_bite_013,trial_0019,withdrawal,contextual_promp,0.0786123200888123,0.2257973841754583,0.0662203818684898,0.1657533684190294,-0.011241386592059572,0.020738232970615278,0.01718379793548983,0.03646042223183743,0.05137894566431441,0.13711966118844757,0.11215126932308525,True,101,0.23607390438712098,0.1176573549026371,0.13772972752164414,0.20683700332048555,3.6345348913698263,7.073722973772664,-3.439188082402838,1.0,True,0,True
trial_0019_bite_014_transfer,trial_0019_bite_014,trial_0019,transfer,retrieval,0.0462281529133759,0.1757438465619365,0.0199327229972964,0.0213115915228683,0.02635076724912392,0.031203008779875092,0.030154310595374312,0.03911794525234307,0.0407848010018422,0.1320376551834047,0.127101385045819,True,101,0.09671014434231216,0.06223035583558476,0.07090876552724928,0.11905739519030362,3.598689424066353,3.914123601180571,-0.3154341771142182,1.0,True,0,True
trial_0019_bite_014_transfer,trial_0019_bite_014,trial_0019,transfer,contextual_promp,0.0382098801085981,0.1136973390058921,0.0177696015749606,0.0111192577369125,0.02635076724912392,0.0177094426615699,0.01487454119995602,0.031940841680005556,0.032222705789032156,0.1085293472304947,0.10272013244084201,True,101,0.07517450362371242,0.03132122986232065,0.03441438218213285,0.049497413446661406,3.2141207905884754,3.914123601180571,-0.7000028105920957,1.0,True,0,True
trial_0019_bite_014_withdrawal,trial_0019_bite_014,trial_0019,withdrawal,retrieval,0.1066506839413572,0.448529528516504,0.1461770963559893,0.1334518925388509,-0.006303706501476608,0.09878959728822495,0.07773677532694087,0.18553467748985675,0.19055144368737725,0.07931099636532751,0.06999061785371637,True,88,0.2841642515537511,0.0915602272833797,0.1091781121852093,0.19032309736124883,6.659400353095419,6.698422529349166,-0.03902217625374682,0.8712871287128713,False,0,False
trial_0019_bite_014_withdrawal,trial_0019_bite_014,trial_0019,withdrawal,contextual_promp,0.1188209962748934,0.4819123971822547,0.2024470264397943,0.1293380983226855,-0.006303706501476608,0.09269619933480738,0.0750371803903907,0.13989640845937668,0.1459708932282795,0.10690780107143762,0.0934404167851206,True,101,0.30693984157048504,0.12284475988469855,0.164668398953036,0.22665181946916618,3.614775247064361,7.481336420998196,-3.8665611739338352,1.0,True,0,True
trial_0019_bite_015_transfer,trial_0019_bite_015,trial_0019,transfer,retrieval,0.1032673063253798,0.0859781585112873,0.0203947168905539,0.027386103538609,0.01606513367680005,0.02347696344086296,0.018784050386939415,0.04336120945723796,0.04719160133408301,0.026009358879159394,0.022936922765659312,True,101,0.1379992661441764,0.07733292503923234,0.09502413905103789,0.10070011692614007,4.189482298213303,3.8714615720223033,0.3180207261909995,1.0,True,0,True
trial_0019_bite_015_transfer,trial_0019_bite_015,trial_0019,transfer,contextual_promp,0.070076067383745,0.1109963960348742,0.0358125585524827,0.0243575904471377,0.01606513367680005,0.011030394318292966,0.009760477798375357,0.019667124529041402,0.021698575210054305,0.03437490758889017,0.03218231440248885,True,101,0.09793095914284393,0.06324988239347125,0.07107143204111888,0.10488057301699776,4.022875958931019,3.8714615720223033,0.15141438690871567,1.0,True,0,True
trial_0019_bite_015_withdrawal,trial_0019_bite_015,trial_0019,withdrawal,retrieval,0.1412744411176599,0.6637270738700536,0.1894306990797102,0.0842315560901182,-0.007218944761837506,0.09096224030351674,0.06296434512144028,0.17559831081742217,0.18072744262762377,0.07159222223299899,0.0590960164648222,True,101,0.4599175995699942,0.16134697621095165,0.1961719285609965,0.24606075896659846,7.175305219846103,4.197730424640531,2.9775747952055722,1.0,True,0,True
trial_0019_bite_015_withdrawal,trial_0019_bite_015,trial_0019,withdrawal,contextual_promp,0.1070590759425632,0.5474098508561572,0.1346007140502061,0.0928648069092047,-0.007218944761837506,0.06964262486307429,0.05009116244172906,0.1325496980764615,0.14509413119495085,0.04663810235986417,0.04028973424395705,True,101,0.3496455375716979,0.14917505492290245,0.17325192260190206,0.23979485919897142,3.638381318931518,4.197730424640531,-0.5593491057090128,1.0,True,0,True
trial_0019_bite_016_transfer,trial_0019_bite_016,trial_0019,transfer,retrieval,0.0689891143409126,0.1496787588334921,0.0181792224198222,0.0163839584228777,0.018670085858337904,0.01828488806501778,0.01695947394745621,0.026948015146496876,0.02830867127288274,0.038573462872189955,0.03513023412870947,True,101,0.10817066746242662,0.06057370227798476,0.06864287906329293,0.10526579790717767,3.3741954034236192,3.717448046321908,-0.34325264289828894,1.0,True,0,True
trial_0019_bite_016_transfer,trial_0019_bite_016,trial_0019,transfer,contextual_promp,0.0426375711650796,0.1319863219449351,0.0310902693773221,0.0197497836798302,0.018670085858337904,0.0056922533611044905,0.004763871594902115,0.010172572943408535,0.012130645340191093,0.028751855118921907,0.025733762125524164,True,101,0.08663175851788542,0.04282799345977444,0.04808710950066949,0.08348605205783084,4.065937993738495,3.717448046321908,0.3484899474165868,1.0,True,0,True
trial_0019_bite_016_withdrawal,trial_0019_bite_016,trial_0019,withdrawal,retrieval,0.0871922310048363,0.2345669952347716,0.1335118094876466,0.1404926946025845,-0.008752877716263324,0.04283623112018328,0.03443950202418518,0.07694892252053037,0.09514806567339551,0.1387444749180018,0.1182559724790971,True,101,0.25519090088663965,0.1325675373563802,0.14803274269524436,0.24339571313396557,5.387729132838056,7.560108009024498,-2.1723788761864418,1.0,True,0,True
trial_0019_bite_016_withdrawal,trial_0019_bite_016,trial_0019,withdrawal,contextual_promp,0.0806858049728872,0.2226206598290297,0.0956066057560785,0.1517114327256743,-0.008752877716263324,0.02333953810208771,0.01820039583289744,0.049190179744199036,0.060731746323908105,0.11800210534534565,0.10254824567739981,True,101,0.2153406658113201,0.11990989562659704,0.13328528664468342,0.19177398700471346,3.945895181248903,7.560108009024498,-3.614212827775595,1.0,True,0,True
trial_0019_bite_017_transfer,trial_0019_bite_017,trial_0019,transfer,retrieval,0.0776210714299944,0.1313558996549879,0.0231686389058692,0.0312994207154825,0.018383050415026636,0.036721372670006025,0.03405881702788769,0.05197566006528094,0.054054909221465774,0.04093867605196491,0.03402467039132089,True,101,0.09678522666881423,0.05584364892054907,0.06409018387804528,0.09260999857721658,4.357136030747698,3.8904345025905664,0.46670152815713184,1.0,True,0,True
trial_0019_bite_017_transfer,trial_0019_bite_017,trial_0019,transfer,contextual_promp,0.0505452174402217,0.1157060662490616,0.0275011879346149,0.0163709311495249,0.018383050415026636,0.013598017658719437,0.012393283859256383,0.02143034891695958,0.0244759883954849,0.05852658155590295,0.05595179401682587,True,101,0.0754875542112557,0.045016315312263515,0.051267475586257646,0.07935466348661063,4.027821119635175,3.8904345025905664,0.13738661704460853,1.0,True,0,True
trial_0019_bite_017_withdrawal,trial_0019_bite_017,trial_0019,withdrawal,retrieval,0.0820681199681161,0.4472360687155749,0.1108242415376943,0.0879461069832173,-0.0071685019998287604,0.039273079553285725,0.03627247845502602,0.0633375432659209,0.06776720165539743,0.059649365213193487,0.04615654186975233,True,101,0.3323993496708073,0.08717683439200763,0.10807840194753834,0.18404145315214104,7.35813088501737,6.967944275903274,0.390186609114096,1.0,True,0,True
trial_0019_bite_017_withdrawal,trial_0019_bite_017,trial_0019,withdrawal,contextual_promp,0.0382846145445716,0.3886176676089163,0.0414568027470074,0.1021680607823725,-0.0071685019998287604,0.06241287463117609,0.05059367653721144,0.10379226686973549,0.1084868845414042,0.09192296871134106,0.06446396554027391,True,101,0.20980800901626434,0.10011319628994023,0.11642045716172643,0.17792187460546707,4.1559549110432545,6.967944275903274,-2.811989364860019,1.0,True,0,True
trial_0019_bite_018_transfer,trial_0019_bite_018,trial_0019,transfer,retrieval,0.048173315959422,0.1232470334762346,0.0209539295441745,0.022877424005728,0.01822012717446623,0.023287256851896764,0.021253469285682672,0.03789975170356235,0.04093974800075268,0.035671928336882236,0.02334646833442309,True,101,0.08939322768429117,0.04256053766600087,0.04664826762505393,0.08554055223723596,3.2338866965159054,3.762595723722806,-0.5287090272069004,1.0,True,0,True
trial_0019_bite_018_transfer,trial_0019_bite_018,trial_0019,transfer,contextual_promp,0.0206470102911214,0.1067220222507992,0.0306722822163081,0.0159294426658482,0.01822012717446623,0.011309495427481138,0.00957886870491068,0.019121452556766422,0.023341518901688174,0.038863603117383204,0.03239164136362933,True,101,0.05769131373251152,0.03806332960437283,0.04898469190255023,0.0722295142126857,3.864751749694788,3.762595723722806,0.10215602597198226,1.0,True,0,True
trial_0019_bite_018_withdrawal,trial_0019_bite_018,trial_0019,withdrawal,retrieval,0.0910701434799442,0.3608111496344109,0.1230895928520046,0.0232308539308583,-0.0261225832155281,0.03048839582186455,0.023553994479376967,0.05774432338768691,0.0617766084883339,0.09732014696755603,0.07945951022803473,True,101,0.28697623328123417,0.12150626287627704,0.13979983214146102,0.2192156247565862,5.458450913001869,6.1316802867505835,-0.6732293737487147,1.0,True,0,True
trial_0019_bite_018_withdrawal,trial_0019_bite_018,trial_0019,withdrawal,contextual_promp,0.0403424181874955,0.1919045458324007,0.0648550061387489,0.0917972033439903,-0.0261225832155281,0.02718189077947887,0.023028607780761257,0.04622037466091,0.05004769385711105,0.10244986830549922,0.08753923409888176,True,101,0.14198013090515615,0.07050057249759827,0.0807681037358256,0.1283143534106207,3.733091761829326,6.1316802867505835,-2.3985885249212577,1.0,True,0,True
trial_0019_bite_019_transfer,trial_0019_bite_019,trial_0019,transfer,retrieval,0.0574663121654533,0.1115624548033165,0.0116262106716225,0.0297962934443679,0.016183846795224215,0.021536443134271267,0.014942879299591396,0.04838123443183178,0.05132279183941803,0.12005466209264896,0.10321804815873016,True,101,0.11087974770350573,0.039495817989862944,0.04623592812120044,0.06858650720058432,3.1487137551440294,3.99456095678607,-0.8458472016420404,1.0,True,0,True
trial_0019_bite_019_transfer,trial_0019_bite_019,trial_0019,transfer,contextual_promp,0.0294084229404259,0.087724933109501,0.0174050557194771,0.0050138090868892,0.016183846795224215,0.010308449381737715,0.008498353955716482,0.02069359750961674,0.021652806973803417,0.11747985133599236,0.10581065689838869,True,101,0.049977051144236936,0.024966883688452263,0.02966134683132359,0.04330365294392389,3.601071648953325,3.99456095678607,-0.39348930783274483,1.0,True,0,True
trial_0019_bite_019_withdrawal,trial_0019_bite_019,trial_0019,withdrawal,retrieval,0.050548616403415,0.1522066620826108,0.0790363648857329,0.0273875332161657,-0.024469253217528707,0.03799703810239884,0.027178870769959472,0.07297661619930754,0.08448861124918033,0.08171854265270019,0.06435206440451752,True,91,0.23157619246209984,0.05316243407296744,0.07131428905264575,0.09167276378573598,6.917073061387272,6.314818832448567,0.6022542289387056,0.900990099009901,False,0,False
trial_0019_bite_019_withdrawal,trial_0019_bite_019,trial_0019,withdrawal,contextual_promp,0.0358836059469882,0.1289934641960032,0.0506903686810078,0.040527805853018,-0.024469253217528707,0.024664227817951974,0.018862835070513673,0.04893913128668548,0.0659593872396701,0.06003782009628324,0.04629448667800057,True,94,0.2311501562858083,0.06416757360298549,0.08325559089336583,0.11458102317230058,5.761727660004753,6.431019488030783,-0.6692918280260303,0.9306930693069307,False,0,False
trial_0019_bite_020_transfer,trial_0019_bite_020,trial_0019,transfer,retrieval,0.0208013368878377,0.1179135620379233,0.0054056557430005,0.0152521336857848,0.02160097304805915,0.012323059153133859,0.010816236302785153,0.019377272748123224,0.02167526239843507,0.02728402920045005,0.0213494426176096,True,101,0.053584798376516474,0.025301000764907027,0.02859243351169313,0.04236016406468852,3.1398471036729596,3.521099343819225,-0.38125224014626546,1.0,True,0,True
trial_0019_bite_020_transfer,trial_0019_bite_020,trial_0019,transfer,contextual_promp,0.0180381496501631,0.0799199239006956,0.030874243270127,0.0135373553081908,0.02160097304805915,0.009665247307852422,0.008211236964380444,0.016492656386637744,0.020495396092094345,0.02434955002113376,0.021995186339148296,True,101,0.055128357398122066,0.027239072994619206,0.035361205964895746,0.0530432004134711,3.51155863329027,3.521099343819225,-0.00954071052895511,1.0,True,0,True
trial_0019_bite_020_withdrawal,trial_0019_bite_020,trial_0019,withdrawal,retrieval,0.1062221537031915,0.9858891881825528,0.0838270264389589,0.1038740299493303,-0.0184118454838021,0.1869315533405867,0.15016106197257836,0.3141790276308004,0.3266518841335445,0.16805363412605193,0.1285859046813562,True,85,0.45327983885856826,0.15917870346117421,0.19392254732178307,0.35203638926183134,7.835505727438602,5.160700941305917,2.674804786132685,0.8415841584158416,False,0,False
trial_0019_bite_020_withdrawal,trial_0019_bite_020,trial_0019,withdrawal,contextual_promp,0.074525420568554,0.6431948627482479,0.0421890581456792,0.1724348243173903,-0.0184118454838021,0.10964512416321433,0.09021622798607971,0.1690646139539727,0.1760929581805968,0.08424936515394361,0.06942593535720117,True,101,0.33668275426595523,0.13377683753171257,0.16519744474232317,0.24781185324678373,5.605538011952511,7.122873105384834,-1.5173350934323233,1.0,True,0,True
trial_0019_bite_021_transfer,trial_0019_bite_021,trial_0019,transfer,retrieval,0.0827726907421206,0.2765373061346134,0.0313392919370867,0.0328760608867588,0.020345713842766032,0.023541146719898483,0.017981382577739388,0.04436687290637454,0.0461477472010014,0.02126105102838444,0.018482016101855393,True,101,0.14947897603558197,0.0715415420047975,0.08148905479724025,0.10761400263749622,4.48962022549341,4.089504354819189,0.40011587067422116,1.0,True,0,True
trial_0019_bite_021_transfer,trial_0019_bite_021,trial_0019,transfer,contextual_promp,0.0525976624418666,0.2874603806982769,0.0462986733672088,0.0257168899470086,0.020345713842766032,0.007593807420673419,0.0062990881924601515,0.013488790922131441,0.015629215200373192,0.014574207724036998,0.01247598793706936,True,101,0.14930078681747427,0.06590326237583656,0.0731499593219651,0.1291633623853699,4.430605372613103,4.089504354819189,0.341101017793914,1.0,True,0,True
trial_0019_bite_021_withdrawal,trial_0019_bite_021,trial_0019,withdrawal,retrieval,0.1019224042676646,0.5064008370613076,0.1643888787669882,0.0024297425667539,-0.008622679652307423,0.04027764387666672,0.033638125244815055,0.07687234259349472,0.08039080146253184,0.040836192263081494,0.03353093249835185,True,101,0.3869501650229681,0.11130368374675215,0.13383397889936482,0.17281411017281123,7.534127542616666,8.011776924951393,-0.477649382334727,1.0,True,0,True
trial_0019_bite_021_withdrawal,trial_0019_bite_021,trial_0019,withdrawal,contextual_promp,0.0667364907904326,0.423799491865551,0.0809190524051113,0.2016628530167432,-0.008622679652307423,0.07049577382344138,0.05752775161065491,0.12221350055012246,0.13290233298673831,0.06788350153155323,0.0554560419301559,True,101,0.26507357495243467,0.13639557127384658,0.1664322739552449,0.22042620814566138,4.283350698623171,8.011776924951393,-3.7284262263282217,1.0,True,0,True
trial_0019_bite_022_transfer,trial_0019_bite_022,trial_0019,transfer,retrieval,0.0474946409056686,0.0714928354184682,0.0271532767206064,0.0723108196828931,0.022033931881570934,0.012317242380830224,0.00967406135112468,0.0276993075133881,0.03323455467399701,0.045278144881382355,0.04081679674717919,True,101,0.0871480420807756,0.03846944426427388,0.04459510575099685,0.06293592280040211,5.436619509075614,3.811080453427479,1.6255390556481348,1.0,True,0,True
trial_0019_bite_022_transfer,trial_0019_bite_022,trial_0019,transfer,contextual_promp,0.0300800784381562,0.0985521318034294,0.0298851028761613,0.0128600431262636,0.022033931881570934,0.0145076853355222,0.013526944135181598,0.022425539517127953,0.02342720203632504,0.04975741741847348,0.04415147254368457,True,101,0.05284476050706593,0.03324503173637148,0.03967520139606525,0.061583368814730075,3.934445595314739,3.811080453427479,0.12336514188725989,1.0,True,0,True
trial_0019_bite_022_withdrawal,trial_0019_bite_022,trial_0019,withdrawal,retrieval,0.1214833573550426,0.6145651785075144,0.1590134725946134,0.1117782723063665,-0.015350412792946,0.10926848192890315,0.06852396785858784,0.21822897941712652,0.22239376949249368,0.1315200421204168,0.08481102705810686,True,82,0.37688503316476324,0.1189523899278862,0.16344949309787357,0.17928049902554286,6.096682965670659,3.8614739491217756,2.235209016548884,0.8118811881188119,False,0,False
trial_0019_bite_022_withdrawal,trial_0019_bite_022,trial_0019,withdrawal,contextual_promp,0.0846605344574491,0.531746167389955,0.1027524314308564,0.1122418483174443,-0.015350412792946,0.09072735483507097,0.06618220149419647,0.16592242308530744,0.1717694368888497,0.11584768876592345,0.0832663545406668,True,101,0.3479472685937994,0.13664101498161899,0.15947286717439652,0.23501610277313809,3.595828653641192,5.314265821659422,-1.7184371680182302,1.0,True,0,True
trial_0019_bite_023_transfer,trial_0019_bite_023,trial_0019,transfer,retrieval,0.025829654972301,0.1622443568440249,0.0294166242174452,0.0084103704169944,0.02422546762081016,0.026677156912302862,0.024927571340967878,0.03660508210721458,0.03858197295899654,0.05792093626317543,0.05563513448347665,True,101,0.09571314277431586,0.04092216711735941,0.04645461934330081,0.07328797847454388,3.3674623509444457,3.5374362590350024,-0.16997390809055668,1.0,True,0,True
trial_0019_bite_023_transfer,trial_0019_bite_023,trial_0019,transfer,contextual_promp,0.0411391930874946,0.2274458776567136,0.0438928482394569,0.0257414255353601,0.02422546762081016,0.0034940465002530835,0.0029275219887739375,0.005935913781824036,0.0068766516724241555,0.03514997634329419,0.03357019445365573,True,101,0.14062293199386097,0.04995420073789455,0.05516197640365348,0.100487352925363,4.154980059931234,3.5374362590350024,0.617543800896232,1.0,True,0,True
trial_0019_bite_023_withdrawal,trial_0019_bite_023,trial_0019,withdrawal,retrieval,0.0800263194981646,0.3922089960941852,0.0976361981812938,0.1071218728293344,0.001390092326700976,0.049875351574721935,0.03963719145109688,0.08864989831264151,0.09916480395239285,0.08863765645367462,0.06773912980828234,True,101,0.2715335221019519,0.09399212418525141,0.10529337803555924,0.1587454387410983,5.85648367728383,7.2864655503469375,-1.4299818730631078,1.0,True,0,True
trial_0019_bite_023_withdrawal,trial_0019_bite_023,trial_0019,withdrawal,contextual_promp,0.0410020666751968,0.3606757567957927,0.044936180825713,0.1088517429122439,0.001390092326700976,0.057643903607222866,0.0432187163899139,0.10518453936572646,0.1138333668972237,0.09791253605702364,0.07470843878206337,True,101,0.2139424036676218,0.08362624928880445,0.09626190105829786,0.1502853358119868,4.295394885691035,7.2864655503469375,-2.9910706646559024,1.0,True,0,True
trial_0019_bite_024_transfer,trial_0019_bite_024,trial_0019,transfer,retrieval,0.0649399449015097,0.0742217585931584,0.0117154286897501,0.0693181154473932,0.022808784350375373,0.01387506982528132,0.01065486215571167,0.03278089443408219,0.03664425469975283,0.09537455945166023,0.09199456270527795,True,101,0.08731788790929214,0.04726700650835608,0.057830599370089504,0.07897813419737634,4.783351144594377,3.601083801797569,1.1822673427968082,1.0,True,0,True
trial_0019_bite_024_transfer,trial_0019_bite_024,trial_0019,transfer,contextual_promp,0.0462768553207243,0.1151176238401983,0.0334290752660276,0.0173569155975035,0.022808784350375373,0.011843840319985354,0.010365199695026053,0.017944854802939066,0.01960722676049432,0.07654131491205644,0.07288705689685442,True,101,0.05859281003324607,0.04004943638566775,0.04444657249515102,0.08116000384578108,3.6770412224811313,3.601083801797569,0.07595742068356248,1.0,True,0,True
trial_0019_bite_024_withdrawal,trial_0019_bite_024,trial_0019,withdrawal,retrieval,0.0727871080200159,0.6426605776609163,0.1116594560963808,0.0623940864721437,-0.008693214768404655,0.09545109631730296,0.07552368732107131,0.1609989938400652,0.16413306911854933,0.1146181954684663,0.0807503468412301,True,101,0.30104031663993996,0.07301248742910947,0.08486966153682514,0.13052497439715358,6.679037506591726,8.471345596849183,-1.7923080902574569,1.0,True,0,True
trial_0019_bite_024_withdrawal,trial_0019_bite_024,trial_0019,withdrawal,contextual_promp,0.0552451428522929,0.647976397472195,0.0924996573898291,0.0880923304456814,-0.008693214768404655,0.08874328651859004,0.061470346107892745,0.1632116265439333,0.1705112370723819,0.10745440098000401,0.0847195957536014,True,101,0.2580290327944263,0.08510597572356574,0.0983856618573606,0.1448320201919222,3.9943587592994994,8.471345596849183,-4.476986837549683,1.0,True,0,True
trial_0019_bite_025_transfer,trial_0019_bite_025,trial_0019,transfer,retrieval,0.0515224334941896,0.1344945990581623,0.0346045989428711,0.036022752878789,0.020016294844320666,0.01927979499138096,0.018135822402541128,0.028409130473145937,0.03620728862385885,0.06040814041711416,0.05643622882432914,True,101,0.12327566939327052,0.03491746057605913,0.03822139066807933,0.06429997962020143,5.738226941668037,4.6474935299946445,1.0907334116733924,1.0,True,0,True
trial_0019_bite_025_transfer,trial_0019_bite_025,trial_0019,transfer,contextual_promp,0.0354491422727653,0.1693306681484242,0.0363983536280819,0.0102699372079141,0.020016294844320666,0.006474637377009659,0.005669484547711604,0.01094033552636965,0.012881334752218691,0.043709895419556555,0.03799703855850176,True,101,0.0663529112454984,0.047122618167108145,0.052870467889082395,0.09970192428181819,4.395934782461525,4.6474935299946445,-0.25155874753311913,1.0,True,0,True
trial_0019_bite_025_withdrawal,trial_0019_bite_025,trial_0019,withdrawal,retrieval,0.17125958722546,0.7829732780636636,0.2291586208716886,0.173930811461583,-0.005025625550426868,0.14920573261182063,0.12371526463413589,0.214544183388027,0.2180602943970457,0.11143706202264046,0.09303376273989666,True,101,0.6086107162376893,0.2884413238549528,0.32840507392338597,0.44346445690330494,5.596701709293469,6.389420913903273,-0.7927192046098046,1.0,True,0,True
trial_0019_bite_025_withdrawal,trial_0019_bite_025,trial_0019,withdrawal,contextual_promp,0.0985384496341911,0.4220352535448883,0.1207315284178461,0.1151679902547632,-0.005025625550426868,0.07170335318194228,0.05260353382347096,0.12698470106414228,0.13365142406859318,0.05368187320222197,0.04067001725932932,True,101,0.30786636702816894,0.14695227702994304,0.1653505022171977,0.21501234568213845,3.446798947573603,6.389420913903273,-2.9426219663296704,1.0,True,0,True
trial_0019_bite_026_transfer,trial_0019_bite_026,trial_0019,transfer,retrieval,0.0836518290224027,0.0908218243272909,0.019405171287515,0.0196956183109612,0.017066081265195696,0.026867309453645884,0.020390953691071967,0.05227503873265302,0.05509386487257774,0.028978313863021816,0.023826100160021173,True,101,0.13260217534464153,0.06488026879105262,0.08021055103694724,0.06854592897407173,4.385057787036429,3.916844581046585,0.46821320598984384,1.0,True,0,True
trial_0019_bite_026_transfer,trial_0019_bite_026,trial_0019,transfer,contextual_promp,0.044487906962477,0.1127139496210387,0.0273443723441784,0.0130352824740984,0.017066081265195696,0.008402679134270676,0.006404939805773681,0.017079028635889282,0.01796532674179835,0.03174702809379205,0.0264797942030341,True,101,0.09785644568578858,0.041436993977214155,0.046489099928620804,0.06042927287943092,4.23809345327756,3.916844581046585,0.32124887223097476,1.0,True,0,True
trial_0019_bite_026_withdrawal,trial_0019_bite_026,trial_0019,withdrawal,retrieval,0.1747378075851643,1.196187600063528,0.2064541604987412,0.1892453079640823,-0.007518522528437021,0.1384804574871099,0.11986312461496879,0.20018895091222325,0.20418307893426113,0.08249914646690862,0.07530599496194314,True,101,0.6341522006410115,0.2618483414385606,0.2932208226442767,0.4980076183831577,6.095879055589073,5.112462050830306,0.9834170047587669,1.0,True,0,True
trial_0019_bite_026_withdrawal,trial_0019_bite_026,trial_0019,withdrawal,contextual_promp,0.1258583625911174,0.9033274100532978,0.14676938872801,0.1482867586357529,-0.007518522528437021,0.08541267356227558,0.06539172211176403,0.1382227774477786,0.14100425529046676,0.1288000385202296,0.1114119807771252,True,101,0.46104689035777,0.13763380082480745,0.15944348177554607,0.2791983426477024,4.349529830440423,5.112462050830306,-0.7629322203898834,1.0,True,0,True
trial_0020_bite_001_transfer,trial_0020_bite_001,trial_0020,transfer,retrieval,0.0257480845037025,0.1508095506896016,0.0308588586849323,0.0212872236800948,0.03447750675468464,0.012179385241070933,0.010449200976507434,0.019277125046909982,0.021487793482154516,0.13144267324120412,0.11625559425360091,True,101,0.09987502426133031,0.025024765984189994,0.025883284380488536,0.058036453155813746,3.512450290511676,3.338589608669053,0.1738606818426227,1.0,True,0,True
trial_0020_bite_001_transfer,trial_0020_bite_001,trial_0020,transfer,contextual_promp,0.0394487169426462,0.201037266003578,0.0203512012569403,0.0084214438721416,0.03447750675468464,0.015604307695641268,0.014177507487779527,0.022372171661229623,0.02312219072769922,0.13477311719679957,0.12193059807260459,True,101,0.12097676811454666,0.053344667118082306,0.05599797360504817,0.0462052264547599,2.685178455522725,3.338589608669053,-0.6534111531463282,1.0,True,0,True
trial_0020_bite_001_withdrawal,trial_0020_bite_001,trial_0020,withdrawal,retrieval,0.0527814331831941,0.118997739470144,0.0675080154273111,0.0099783960096979,0.006406758636869617,0.025104776357081162,0.020952682526730444,0.04484892225230334,0.04947196975255949,0.15110223438752712,0.12756645964545857,True,101,0.11262362956294003,0.03795487473379864,0.04698837939069194,0.04922807246661349,3.8264634511541025,4.754328588255603,-0.9278651371015001,1.0,True,0,True
trial_0020_bite_001_withdrawal,trial_0020_bite_001,trial_0020,withdrawal,contextual_promp,0.0809083102880354,0.4109817428033858,0.1370460668897214,0.0860050473415947,0.006406758636869617,0.026106657480959552,0.021767990482579415,0.046499998664486175,0.053927811042676854,0.10908683842379757,0.09386813641865072,True,101,0.2307240049010122,0.03697264401535259,0.04376015074653398,0.10567488955584901,3.0255577910792435,4.754328588255603,-1.728770797176359,1.0,True,0,True
trial_0020_bite_002_transfer,trial_0020_bite_002,trial_0020,transfer,retrieval,0.0434492337739605,0.1475704982832914,0.0152773030462914,0.0209836166701749,0.027872449134556637,0.00982394024979436,0.008562146756727153,0.01584380407925981,0.019718552531806835,0.11250987277889136,0.09138755960492374,True,101,0.13441743981759202,0.05892135728688946,0.062486356357534106,0.05233280949735657,3.2999324817458944,4.082190230967044,-0.78225774922115,1.0,True,0,True
trial_0020_bite_002_transfer,trial_0020_bite_002,trial_0020,transfer,contextual_promp,0.0257362472985032,0.1501337870465595,0.0292852088189037,0.0051143571966348,0.027872449134556637,0.017053753056241256,0.01595320475490867,0.025439214343533724,0.028289309869748473,0.09519740563691906,0.07744673081971955,True,101,0.14887031433614553,0.05648675173118811,0.05911706341011916,0.05442414752668354,2.6936824240051562,4.082190230967044,-1.3885078069618881,1.0,True,0,True
trial_0020_bite_002_withdrawal,trial_0020_bite_002,trial_0020,withdrawal,retrieval,0.0930659489422519,0.3550087809769691,0.1340669040731197,0.0093623438986256,0.0060894494267935756,0.05118498529139642,0.04176751425115634,0.08575027291140645,0.094855690768419,0.2663838324197232,0.19783268706327573,True,101,0.2358599803405539,0.09178778450937655,0.11500029868446719,0.20453131136513097,5.564301651010769,7.052429788978063,-1.4881281379672942,1.0,True,0,True
trial_0020_bite_002_withdrawal,trial_0020_bite_002,trial_0020,withdrawal,contextual_promp,0.1416098620342677,0.7043452569932551,0.2282894720283447,0.1144528930359949,0.0060894494267935756,0.08500857907383351,0.06485351410597259,0.12802790152615443,0.1346368477152856,0.31585438970027846,0.24660411965391804,True,101,0.3829051065266571,0.08815409946085631,0.1246325869075271,0.23779692028410243,2.9622936665332666,7.052429788978063,-4.090136122444797,1.0,True,0,True
trial_0020_bite_003_transfer,trial_0020_bite_003,trial_0020,transfer,retrieval,0.0319734748726439,0.1880405829860784,0.0211563999748742,0.0154758524965654,0.03038530875335396,0.010539130767270246,0.008366567684124752,0.02269020150668666,0.026732834747957682,0.08676503971145619,0.07827595103849139,True,58,0.34547960900051045,0.08313285493545179,0.0910664155497885,0.013900472943001176,3.981471274034705,2.3488621255160393,1.6326091485186658,0.5742574257425742,False,1,False
trial_0020_bite_003_transfer,trial_0020_bite_003,trial_0020,transfer,contextual_promp,0.0353615793072656,0.1249505229823314,0.0307633754588183,0.0161371486996821,0.03038530875335396,0.006629166824002893,0.006006864809277796,0.00999670213865421,0.010633717115534264,0.08588747700478229,0.07609285617059783,True,101,0.1445898877169798,0.0360015700811126,0.039773701759503684,0.06907424726754846,2.825979736255997,3.305194886454319,-0.47921515019832217,1.0,True,0,True
trial_0020_bite_003_withdrawal,trial_0020_bite_003,trial_0020,withdrawal,retrieval,0.1941477098940709,1.0468777848604744,0.2922958339618163,0.1578904006635833,0.004292789137723455,0.0612667507320282,0.04405106596309178,0.12661051043452295,0.13278105587652045,0.177430993289969,0.12866347047015333,True,101,0.5008473075378033,0.10664322912328746,0.12453848800265761,0.2284438651008288,4.31887347674456,6.541694133176101,-2.2228206564315407,1.0,True,0,True
trial_0020_bite_003_withdrawal,trial_0020_bite_003,trial_0020,withdrawal,contextual_promp,0.086202698468939,0.4830533651458799,0.1194704412594237,0.0124922778518115,0.004292789137723455,0.0359403295644044,0.029261601337441732,0.0635345780837797,0.06746209847613373,0.14794569837188531,0.10738550641035327,True,101,0.25361981835952646,0.073252967844187,0.08363394256705174,0.10580765286979975,3.1475583070205926,6.541694133176101,-3.3941358261555084,1.0,True,0,True
trial_0020_bite_004_transfer,trial_0020_bite_004,trial_0020,transfer,retrieval,0.0517587175643432,0.3905505791716369,0.1013320467934578,0.0906130173038416,0.029044787263019,0.04973112679108236,0.04478373455186943,0.07102239382523429,0.07238513665059079,0.12968361146318091,0.11927059397259637,True,101,0.1633636403965534,0.09431679334737687,0.11188461774365353,0.20512912711030132,4.394686471314792,3.937390218955394,0.45729625235939775,1.0,True,0,True
trial_0020_bite_004_transfer,trial_0020_bite_004,trial_0020,transfer,contextual_promp,0.0470638347832007,0.1902583902905067,0.0449573152244801,0.0439122622072473,0.029044787263019,0.023453053935505525,0.021881646576478165,0.034044323595177284,0.035161210561098416,0.10396328061759555,0.09638547360798168,True,101,0.14615642222131614,0.04281657075740124,0.046764910430273705,0.08977513073061626,2.660796988262708,3.937390218955394,-1.276593230692686,1.0,True,0,True
trial_0020_bite_004_withdrawal,trial_0020_bite_004,trial_0020,withdrawal,retrieval,0.1931723524157437,1.2516047462193785,0.2852745619105631,0.2081023311870692,0.001468682073069812,0.07407088981119588,0.05916091859196124,0.1171227289502785,0.11984019140084376,0.22774015901949418,0.18980557484680338,True,101,0.5180432512331128,0.1219690961891484,0.14282436370898602,0.31121676762352335,4.311219071514877,5.688611941782927,-1.37739287026805,1.0,True,0,True
trial_0020_bite_004_withdrawal,trial_0020_bite_004,trial_0020,withdrawal,contextual_promp,0.0811785654319628,0.6481300544538775,0.0903235899582189,0.050212476697323,0.001468682073069812,0.04654393840820849,0.03750221723523977,0.07817140708058498,0.08483906486738554,0.19934409866010422,0.16741541101060392,True,101,0.2852701753726807,0.09371530889332741,0.10721647952589847,0.18653303477918207,3.3841262958537057,5.688611941782927,-2.3044856459292213,1.0,True,0,True
trial_0020_bite_005_transfer,trial_0020_bite_005,trial_0020,transfer,retrieval,0.0398386337623657,0.0728315889852613,0.0003975404753313,0.0147370512032268,0.028883752460339873,0.007876624862664505,0.006465337189888095,0.013950281483349813,0.017475679062957054,0.03706532920896032,0.03274223549365018,True,101,0.05475623051794173,0.028546038432395695,0.0355493866645643,0.03081928884736219,3.5206480556588007,3.9415600173019114,-0.42091196164311073,1.0,True,0,True
trial_0020_bite_005_transfer,trial_0020_bite_005,trial_0020,transfer,contextual_promp,0.0627109975246878,0.0474142724694093,0.0160039688626922,0.0324884791478364,0.028883752460339873,0.014185523302826214,0.013293531132425982,0.021427348998116408,0.027049150227760183,0.028528983943021734,0.02563940941682764,True,101,0.07011886431962878,0.036356934609939745,0.045108587020257745,0.04738635385404779,2.9430720707006346,3.9415600173019114,-0.9984879466012768,1.0,True,0,True
trial_0020_bite_005_withdrawal,trial_0020_bite_005,trial_0020,withdrawal,retrieval,0.193200633293763,1.08710348243695,0.3063155776688145,0.119824879954461,0.004420042416666831,0.0745990588770863,0.05954521114564022,0.1334202214862642,0.15229897304643839,0.1481486474230648,0.11124566302894859,True,101,0.4850383210439898,0.12086255087141537,0.14844512587314485,0.25044574397646957,4.401992437410254,6.531609520188165,-2.1296170827779113,1.0,True,0,True
trial_0020_bite_005_withdrawal,trial_0020_bite_005,trial_0020,withdrawal,contextual_promp,0.0768776012550933,0.4914117515276722,0.1234225305608351,0.0556658443611183,0.004420042416666831,0.04277381948585384,0.03671488684132508,0.06711090633373856,0.07219395285894192,0.11559286333679314,0.08962638685626291,True,101,0.23121804006168534,0.07661253246516472,0.09940884709268723,0.11849882925364726,3.3065299608403493,6.531609520188165,-3.2250795593478156,1.0,True,0,True
trial_0020_bite_006_transfer,trial_0020_bite_006,trial_0020,transfer,retrieval,0.0211849793329278,0.1550418271224679,0.014591775028247,0.0122322006416045,0.031263766756439736,0.010814775930479192,0.008443430951451798,0.021384253135307483,0.022368401204079066,0.09015047419815302,0.0818408410285592,True,101,0.1277972298135599,0.03578919090820625,0.03761024832006587,0.016873491290836207,2.8694679773144176,2.9083435312285717,-0.03887555391415409,1.0,True,0,True
trial_0020_bite_006_transfer,trial_0020_bite_006,trial_0020,transfer,contextual_promp,0.0425398442182343,0.1371611445331815,0.0337902968968204,0.0241895044639741,0.031263766756439736,0.016048821710232437,0.01280693174247772,0.02874188386512471,0.030639230009306878,0.09187881943971721,0.08542331678083609,True,101,0.07192429430564898,0.03656125198075022,0.040870459594316934,0.08194405939845599,2.4065490163190777,2.9083435312285717,-0.501794514909494,1.0,True,0,True
trial_0020_bite_006_withdrawal,trial_0020_bite_006,trial_0020,withdrawal,retrieval,0.1119424446529464,0.650379991954003,0.2499493633353197,0.0339646396716542,-0.0016535032704265231,0.05017203696322869,0.034526107707969815,0.1208110321159409,0.1283584154801948,0.16369536474925497,0.1324368619794392,True,101,0.3272448801608875,0.056926957551763906,0.08174454413375826,0.12838814951351088,3.732024284629881,6.215021888853682,-2.4829976042238013,1.0,True,0,True
trial_0020_bite_006_withdrawal,trial_0020_bite_006,trial_0020,withdrawal,contextual_promp,0.046405106295138,0.3212073025025524,0.1195695428738505,0.1147450028995252,-0.0016535032704265231,0.021507997955572636,0.016378751536811464,0.04263101750740758,0.056434416099953276,0.12081377399962323,0.09607784379420262,True,101,0.15631992403239423,0.03174161149512411,0.048355203357647925,0.05955666062004026,2.9368020859694406,6.215021888853682,-3.2782198028842418,1.0,True,0,True
trial_0020_bite_007_transfer,trial_0020_bite_007,trial_0020,transfer,retrieval,0.0670668051451467,0.4406345387717473,0.1039772751978128,0.109130521503826,0.0291202678699261,0.028406583380398257,0.02522046086326727,0.041457525844373566,0.04268292559511466,0.21196440140207842,0.19283147782204482,True,101,0.22690391821114986,0.11065765959823345,0.12496123074200867,0.2447391142476047,4.88918091397191,3.111588824666593,1.7775920893053172,1.0,True,0,True
trial_0020_bite_007_transfer,trial_0020_bite_007,trial_0020,transfer,contextual_promp,0.0266365937203908,0.0878889910739169,0.0243091111030912,0.0143161759239707,0.0291202678699261,0.013513568072696821,0.011411728042588574,0.021148610994274248,0.0264997316288642,0.18614607522609353,0.17285471151011222,True,101,0.041533823971015855,0.023112743284473408,0.026546472420419118,0.048196128706005426,2.6198296500010283,3.111588824666593,-0.49175917466556474,1.0,True,0,True
trial_0020_bite_007_withdrawal,trial_0020_bite_007,trial_0020,withdrawal,retrieval,0.1095099475144558,0.4456670353514322,0.1186121950042701,0.0110715181845822,-0.0013699736180894765,0.09510046714651914,0.08058177729457454,0.17209631034510506,0.17756235243317278,0.07091082849298067,0.06346016619603938,True,101,0.221905322710967,0.08725961789112704,0.10986862379541944,0.1927810898426631,5.73225513140942,6.345446531672978,-0.6131914002635579,1.0,True,0,True
trial_0020_bite_007_withdrawal,trial_0020_bite_007,trial_0020,withdrawal,contextual_promp,0.0802540307278168,0.4549224196350225,0.1360606228493826,0.03375738343527,-0.0013699736180894765,0.04042620805055042,0.03209639612369538,0.07094736345963912,0.0831684957765211,0.12206383880297848,0.09096198028373632,True,101,0.2242761293151871,0.06467446096536963,0.08432796004795796,0.10216573321113491,2.9546675807182616,6.345446531672978,-3.390778950954716,1.0,True,0,True
trial_0020_bite_008_transfer,trial_0020_bite_008,trial_0020,transfer,retrieval,0.0142193184502179,0.0594174885374823,0.0054044276896665,0.0026656544746853,0.030280884562797965,0.013298239078696605,0.011706813015404683,0.02122028056500061,0.021946909963588224,0.13445015250453515,0.11889757228213038,True,101,0.027727045575462482,0.008534046334342483,0.009296757226926742,0.014125390206434161,2.616686559377654,2.740767605259463,-0.1240810458818089,1.0,True,0,True
trial_0020_bite_008_transfer,trial_0020_bite_008,trial_0020,transfer,contextual_promp,0.0278017318591715,0.1085477737684302,0.0192824287813255,0.001113621950266,0.030280884562797965,0.01268871367104583,0.01049815788399826,0.021375741077423113,0.024371745848079704,0.12832815892690436,0.11502898293762434,True,101,0.07035903522762617,0.030673825251301152,0.03218411479093193,0.028427499142211023,2.623730816531812,2.740767605259463,-0.11703678872765089,1.0,True,0,True
trial_0020_bite_008_withdrawal,trial_0020_bite_008,trial_0020,withdrawal,retrieval,0.178367782774909,0.9847014902636868,0.3357417125314399,0.1169491513979983,0.0029787332802873176,0.10099007992025863,0.0800199278799076,0.18697979456413033,0.1965100828411468,0.20820431498370914,0.17134606400659802,True,101,0.46103256572626233,0.13614557216092327,0.18991813406758595,0.25538600785235493,4.337054877100518,6.989121063762489,-2.6520661866619717,1.0,True,0,True
trial_0020_bite_008_withdrawal,trial_0020_bite_008,trial_0020,withdrawal,contextual_promp,0.1186031372010518,0.7089135355827979,0.1763959299961578,0.0209784062283602,0.0029787332802873176,0.05076135074819654,0.03942853926179513,0.08174462924427793,0.09250046234603343,0.15572650467135815,0.12167069789446568,True,101,0.35159657678861533,0.11644091790684814,0.142632301120346,0.19035553740403244,2.9718928895804426,6.989121063762489,-4.017228174182047,1.0,True,0,True
trial_0020_bite_009_transfer,trial_0020_bite_009,trial_0020,transfer,retrieval,0.0882362778019789,0.5110292574986078,0.1250412368056101,0.1190781661404031,0.030608968468029376,0.021573846067197536,0.01974931002367904,0.029448249538653465,0.03244993706643991,0.14249246496245638,0.1277279294739805,True,101,0.2966940208005595,0.13500020075988706,0.14647154059613834,0.27398439960873844,4.585191835434157,2.7855768033072326,1.7996150321269249,1.0,True,0,True
trial_0020_bite_009_transfer,trial_0020_bite_009,trial_0020,transfer,contextual_promp,0.0637614954217453,0.1572567309125088,0.0275910354274068,0.0149430794523849,0.030608968468029376,0.01712401882332404,0.01485175545169502,0.029190008255948613,0.031030401652929807,0.12023938803018822,0.10924927389209604,True,101,0.12697409839591775,0.0694825630256381,0.07448831685178349,0.06479353365022227,2.3651935217974285,2.7855768033072326,-0.4203832815098041,1.0,True,0,True
trial_0020_bite_009_withdrawal,trial_0020_bite_009,trial_0020,withdrawal,retrieval,0.0772494790419766,0.6924416208881115,0.0432040736702617,0.1205986596492776,-0.0017318677771667155,0.055881415318713476,0.04477741115182506,0.09174904313566351,0.10129800378790921,0.18406646931543527,0.14181604774237794,True,101,0.25759959837960994,0.0738511810546546,0.08933952144882276,0.15402161834886058,5.885613703367547,5.952818103351799,-0.0672043999842522,1.0,True,0,True
trial_0020_bite_009_withdrawal,trial_0020_bite_009,trial_0020,withdrawal,contextual_promp,0.0851953941804376,0.4452388703772175,0.1205374458114456,0.0222459885674826,-0.0017318677771667155,0.025739023419502585,0.02243970506122387,0.04498528849140093,0.04806115770475922,0.14365873985516375,0.10398223592059318,True,101,0.23622570977525711,0.07418269468661073,0.08657934918046604,0.1143131245147357,3.1573933198080733,5.952818103351799,-2.7954247835437256,1.0,True,0,True
trial_0020_bite_010_transfer,trial_0020_bite_010,trial_0020,transfer,retrieval,0.030435659779023,0.1389137216161108,0.005056091785217,0.0101233609961036,0.030242774201922003,0.014726714473537544,0.010911432550392773,0.03326945738057352,0.0378274897975617,0.10548245578494811,0.09131068638753534,True,101,0.11628707696181353,0.04135090997044226,0.04780701721547746,0.01600450804415714,2.883164318936738,2.9716638844670404,-0.08849956553030225,1.0,True,0,True
trial_0020_bite_010_transfer,trial_0020_bite_010,trial_0020,transfer,contextual_promp,0.0256624100415373,0.1437857350886482,0.0234436258890323,0.0206870440221368,0.030242774201922003,0.006390592825178647,0.005494361167886633,0.010751752518587773,0.01388299823770045,0.11000565259158447,0.09523293441826061,True,101,0.05610430090351014,0.03178981669520975,0.03603626577227312,0.07177424360974494,2.4201793695792126,2.9716638844670404,-0.5514845148878278,1.0,True,0,True
trial_0020_bite_010_withdrawal,trial_0020_bite_010,trial_0020,withdrawal,retrieval,0.1012062883578438,0.791684146785801,0.102638527710604,0.0448456758811675,0.00042951526535885717,0.09593323129583495,0.07402612756036686,0.16632720487151767,0.1737626284729201,0.2680887474563701,0.20300294120935342,True,101,0.3019488213714823,0.09165758137336773,0.11006425839186539,0.21151457236422644,6.107860478056846,6.899581981980149,-0.791721503923303,1.0,True,0,True
trial_0020_bite_010_withdrawal,trial_0020_bite_010,trial_0020,withdrawal,contextual_promp,0.1208345666274779,0.5795925816526437,0.2015870422713764,0.0943015018130179,0.00042951526535885717,0.0618625141066442,0.048670204001005225,0.10506719741947754,0.10923903277088273,0.2348059008457462,0.1740891012071125,True,101,0.30881060864916116,0.10192151867987696,0.12787407824293617,0.1896558543395358,3.0148248061783613,6.899581981980149,-3.884757175801788,1.0,True,0,True
trial_0020_bite_011_transfer,trial_0020_bite_011,trial_0020,transfer,retrieval,0.0283336048157661,0.2292517538431162,0.0389839361502256,0.0225589120530805,0.030669267211615562,0.017118052247008183,0.01332126952768327,0.03220146736573967,0.03633721093378315,0.11790815124822443,0.10515154036885663,True,101,0.07467712069165063,0.03834922373834874,0.04219408098624856,0.08590497940540831,2.9914841218287855,3.2301893169274125,-0.23870519509862698,1.0,True,0,True
trial_0020_bite_011_transfer,trial_0020_bite_011,trial_0020,transfer,contextual_promp,0.0407291648413432,0.1013702708934528,0.0271429592255497,0.0207547739999701,0.030669267211615562,0.014844575235085944,0.01233786589682695,0.026310854272036055,0.027555684709011152,0.11123908848869922,0.0970140482514293,True,101,0.09205115799819068,0.04874889854565283,0.05393865609854631,0.052784958383021045,2.593874311907231,3.2301893169274125,-0.6363150050201813,1.0,True,0,True
trial_0020_bite_011_withdrawal,trial_0020_bite_011,trial_0020,withdrawal,retrieval,0.1693044636423855,0.8930714165470398,0.2869835195643907,0.0302545333605993,0.004946257506532255,0.06318781707768978,0.047795591370984776,0.1241925262207927,0.13653839117987898,0.1444309885351546,0.12161513950084406,True,101,0.48307456123868625,0.12056696206078903,0.15414416367598344,0.21872296530916388,3.73024992432343,7.306519616722062,-3.5762696923986317,1.0,True,0,True
trial_0020_bite_011_withdrawal,trial_0020_bite_011,trial_0020,withdrawal,contextual_promp,0.1249583845318163,0.7766036691390619,0.1962025747881585,0.0392806391055499,0.004946257506532255,0.07343590561709805,0.05378988509902015,0.1386792513350318,0.14661360907088888,0.15182069988851987,0.1253839696370256,True,101,0.36171610574209656,0.11239641664861427,0.14621833373343077,0.2014038833499226,3.0992836489795237,7.306519616722062,-4.2072359677425375,1.0,True,0,True
trial_0020_bite_012_transfer,trial_0020_bite_012,trial_0020,transfer,retrieval,0.0645444567257176,0.4241701645624963,0.1096994281498639,0.1050821802215444,0.030294489027879092,0.025049153272157974,0.021482285020743595,0.037405171685196636,0.038718041062134056,0.16254190902826618,0.14563638840738247,True,101,0.22450512272984113,0.10668143287929228,0.12566789911613066,0.2365230979687056,4.673780735372132,2.866823666790949,1.806957068581183,1.0,True,0,True
trial_0020_bite_012_transfer,trial_0020_bite_012,trial_0020,transfer,contextual_promp,0.0323194893490741,0.1272574494490906,0.0288730168729211,0.0296980098794202,0.030294489027879092,0.012012541372187336,0.010526902348604185,0.019928679644554567,0.023215726660942067,0.13768229984547525,0.12640038216875898,True,101,0.0584481053189252,0.038361416495355086,0.04219579008998078,0.07925074959687692,2.4638987082300776,2.866823666790949,-0.4029249585608712,1.0,True,0,True
trial_0020_bite_012_withdrawal,trial_0020_bite_012,trial_0020,withdrawal,retrieval,0.1068040942784021,0.3531692164744932,0.1082199803597265,0.1156136682556636,-0.002765226201518781,0.022958230634399033,0.016734345938513577,0.04562228845631036,0.0636830719985261,0.2379300888162617,0.18856792678495,True,101,0.2617467535320564,0.12379969708494182,0.13982145526623446,0.20647997606535545,5.682751053229935,6.7603775858327335,-1.0776265326027987,1.0,True,0,True
trial_0020_bite_012_withdrawal,trial_0020_bite_012,trial_0020,withdrawal,contextual_promp,0.1410157184785452,0.7380850794917481,0.2040277331690214,0.0151357459858164,-0.002765226201518781,0.05782042323970754,0.04753678504260881,0.09423389076015332,0.10591296355130148,0.29283378637264784,0.2409163135402529,True,101,0.4290127682448723,0.13502203228461798,0.1715246594317257,0.24770252563324613,2.9098983314095603,6.7603775858327335,-3.850479254423173,1.0,True,0,True
trial_0020_bite_013_transfer,trial_0020_bite_013,trial_0020,transfer,retrieval,0.069483112855314,0.3279295542688267,0.0978148388797634,0.0865434227163119,0.027149494105758173,0.03678590929278372,0.035455995032062426,0.046123550589743156,0.04795426334966159,0.09582058658441267,0.08862465480908811,True,101,0.1373777961572336,0.07599062814676781,0.09124104910036301,0.16377829176378145,4.765122925349354,3.483044952334308,1.2820779730150464,1.0,True,0,True
trial_0020_bite_013_transfer,trial_0020_bite_013,trial_0020,transfer,contextual_promp,0.0384744130155448,0.1043046331120971,0.0255433972659815,0.0128363514194717,0.027149494105758173,0.021614910973303623,0.020224957665009348,0.03232741744355096,0.03465530450271169,0.08018906148832697,0.0742830701898938,True,101,0.08033314367488756,0.01695388674097166,0.01993352639252048,0.03734295048497368,2.830571931091976,3.483044952334308,-0.652473021242332,1.0,True,0,True
trial_0020_bite_013_withdrawal,trial_0020_bite_013,trial_0020,withdrawal,retrieval,0.1062221537031915,0.9858891881825528,0.0838270264389588,0.0837331563390597,0.001382979340642072,0.12226159502601076,0.0962719870892437,0.224116476129063,0.2387739713464793,0.29826883170819757,0.24050422610607364,True,101,0.3568119389212683,0.1166926333235755,0.13534739493035097,0.2639960407950431,5.754620478686943,7.277462122360895,-1.522841643673952,1.0,True,0,True
trial_0020_bite_013_withdrawal,trial_0020_bite_013,trial_0020,withdrawal,contextual_promp,0.1051059412033274,0.6743990492284462,0.1471762653743614,0.0417094079654997,0.001382979340642072,0.07464455045875765,0.05990751376886793,0.13770444272402554,0.1505974589297286,0.2536677688397308,0.20274337124224498,True,101,0.3058772334329409,0.11196196854858129,0.13533601520584898,0.21269455959282438,3.273498693681928,7.277462122360895,-4.003963428678967,1.0,True,0,True
trial_0020_bite_014_transfer,trial_0020_bite_014,trial_0020,transfer,retrieval,0.0617189712862247,0.3633345432640976,0.1117359544605868,0.1127260683336558,0.02860298499641028,0.031112324953082204,0.026609775253994588,0.043492479265340646,0.04539040118141244,0.1095805120477378,0.09027836195014556,True,101,0.17445597048051428,0.09237811933432641,0.10945298792846252,0.20238902000206957,4.481228135511948,2.808429728556482,1.672798406955466,1.0,True,0,True
trial_0020_bite_014_transfer,trial_0020_bite_014,trial_0020,transfer,contextual_promp,0.0170443285951946,0.1226011668786853,0.0205650377514546,0.0054090486479213,0.02860298499641028,0.010935820399128302,0.009936547983097427,0.015426311595281295,0.017039059869283075,0.08967861773136761,0.07466325900983017,True,101,0.04224956112326522,0.016551320319166264,0.019170223184505564,0.0339743810196594,2.41547354227124,2.808429728556482,-0.3929561862852422,1.0,True,0,True
trial_0020_bite_014_withdrawal,trial_0020_bite_014,trial_0020,withdrawal,retrieval,0.2205574279544079,0.9202747767678552,0.3941605931708573,0.065638826489871,-0.005372586994484385,0.12332205965849244,0.09726113861394722,0.21215061560878393,0.25587235900267846,0.324507566281858,0.25973652911921163,True,101,0.47641678800166376,0.15875197288900683,0.22028460979545503,0.322942473526308,4.0194929715511645,6.851403160091033,-2.8319101885398688,1.0,True,0,True
trial_0020_bite_014_withdrawal,trial_0020_bite_014,trial_0020,withdrawal,contextual_promp,0.1572896881449483,0.6510782400143882,0.2474145413925462,0.054114281531554,-0.005372586994484385,0.06955264690360885,0.05345397802978604,0.10786314575401776,0.13806417839133459,0.2745979510520023,0.21474926004022019,True,101,0.36948274504752043,0.13508296552839288,0.1750978413137238,0.24797637883862264,2.8907840169249295,6.851403160091033,-3.9606191431661038,1.0,True,0,True
trial_0020_bite_015_transfer,trial_0020_bite_015,trial_0020,transfer,retrieval,0.1532018479767175,0.5197854150433855,0.1251149733271988,0.0550898826172114,0.02669734466219214,0.0260531382121011,0.024256615506195404,0.039073491263829134,0.042598841298549316,0.09167959694704313,0.06632613904781455,True,101,0.3082108230873971,0.14910055213379805,0.17500833166686575,0.2900506294960928,4.473584301409642,4.129984868415432,0.3435994329942096,1.0,True,0,True
trial_0020_bite_015_transfer,trial_0020_bite_015,trial_0020,transfer,contextual_promp,0.0917540784617804,0.0741016149177756,0.0246014768101923,0.0857034475329582,0.02669734466219214,0.03833333916673805,0.03398958034474289,0.06615051751027028,0.0720968452277506,0.06336050601622507,0.046062221319203796,True,101,0.10147459293057971,0.0391032866750872,0.04833493544623142,0.06233335108151776,2.2082775184738983,4.129984868415432,-1.921707349941534,1.0,True,0,True
trial_0020_bite_015_withdrawal,trial_0020_bite_015,trial_0020,withdrawal,retrieval,0.067582183878003,0.2444549882564781,0.0883523687279337,0.0677050284026493,-0.008170734621174808,0.014723153307411878,0.010817289583592566,0.03023809726830176,0.0487871140509987,0.2523528715046147,0.18920744346571253,True,101,0.15299053685133698,0.06617479670392329,0.07782456392188714,0.11288842937196412,5.324245443006105,6.0328900275059985,-0.7086445844998934,1.0,True,0,True
trial_0020_bite_015_withdrawal,trial_0020_bite_015,trial_0020,withdrawal,contextual_promp,0.1279235947610793,0.4430304968885247,0.2038045689210297,0.02154067443977,-0.008170734621174808,0.039007533698608834,0.029840741202087462,0.06810244063943693,0.07307563628950714,0.2839536097542344,0.20610155448956835,True,101,0.2893276031322037,0.10720212255503003,0.13250367392161136,0.20199531113746552,2.9887852655493354,6.0328900275059985,-3.044104761956663,1.0,True,0,True
trial_0020_bite_016_transfer,trial_0020_bite_016,trial_0020,transfer,retrieval,0.0883009811186528,0.4749558465596269,0.1137274754948696,0.1252734220787014,0.02801656123106163,0.02809347216279945,0.025890730504126075,0.04050813597344639,0.04487465553411841,0.06546079431370773,0.059992944607505275,True,101,0.25196554415423456,0.12407625435381951,0.13669927288762554,0.2793323261143707,4.183419736090105,2.4796419259225786,1.7037778101675265,1.0,True,0,True
trial_0020_bite_016_transfer,trial_0020_bite_016,trial_0020,transfer,contextual_promp,0.0299531399956153,0.0713126735399413,0.0166040349670686,0.0027942766319395,0.02801656123106163,0.009987689687623282,0.007971311743062407,0.019613681256158776,0.02420942181790419,0.03835637345993059,0.03544658247801024,True,101,0.06956929138386068,0.031446043242628695,0.03686458347755403,0.027878235932116854,2.2011994924113614,2.4796419259225786,-0.2784424335112172,1.0,True,0,True
trial_0020_bite_016_withdrawal,trial_0020_bite_016,trial_0020,withdrawal,retrieval,0.1431183247157894,0.6085726324350522,0.2845821536977584,0.0002242074292024,-0.002120308568720049,0.08677243332111377,0.06164507531307851,0.15853159856580606,0.16917020991293613,0.07352855813408221,0.05913756056166523,True,101,0.2925537338868101,0.08840426254926234,0.12272514301363245,0.20801186034039088,4.030537607110191,3.21331525403514,0.8172223530750511,1.0,True,0,True
trial_0020_bite_016_withdrawal,trial_0020_bite_016,trial_0020,withdrawal,contextual_promp,0.0549468115436124,0.3005718143615709,0.0733744785707952,0.028504542716437,-0.002120308568720049,0.03038898000700142,0.02445005924542926,0.05089083118924778,0.05235861592151697,0.12176708136085265,0.09374409832240131,True,101,0.1479147580980566,0.05675942216164265,0.06102508977263746,0.09763835669685238,2.7116570641417295,3.21331525403514,-0.5016581898934107,1.0,True,0,True
trial_0020_bite_017_withdrawal,trial_0020_bite_017,trial_0020,withdrawal,retrieval,0.1685144057237975,0.7405980659952504,0.3070045742238625,0.115447034172414,-0.0051572174531879554,0.09339983340178103,0.07398880403642397,0.16380928554674806,0.16934825154162314,0.2567575273046874,0.1965764964202112,True,101,0.42146309312350244,0.12206475623535365,0.1696335219559019,0.24367689269014922,3.920589160603405,6.533386741720852,-2.612797581117447,1.0,True,0,True
trial_0020_bite_017_withdrawal,trial_0020_bite_017,trial_0020,withdrawal,contextual_promp,0.1081049508279564,0.4918840058198264,0.1500159413937464,0.0117820362850168,-0.0051572174531879554,0.03899542961643316,0.030231796845031127,0.06651524401751202,0.07799319874298791,0.21160998761637873,0.1538324589953259,True,101,0.3301446101832214,0.10673094917042851,0.1286987771005668,0.17808995468163266,2.9685272590747136,6.533386741720852,-3.5648594826461384,1.0,True,0,True
trial_0020_bite_018_transfer,trial_0020_bite_018,trial_0020,transfer,retrieval,0.076713561591285,0.4463389361487188,0.1124754852858369,0.0971836150163429,0.025241906064099998,0.03683186067356853,0.03530425779775167,0.047067717098494444,0.050227175758071785,0.06682695439685547,0.06068679893670149,True,101,0.18851328222613675,0.11348380140362324,0.1325549177776663,0.2444119067769075,4.330971674194219,3.2606148338983205,1.070356840295898,1.0,True,0,True
trial_0020_bite_018_transfer,trial_0020_bite_018,trial_0020,transfer,contextual_promp,0.0626498256537138,0.082502052670978,0.0216346826519168,0.0319397198180899,0.025241906064099998,0.02477647212618754,0.01894676237374039,0.04600224843334921,0.0496870150737096,0.04616717527047383,0.043505751477174524,True,101,0.07837997987482376,0.03620930430765346,0.04134165864243345,0.059355520556908216,2.367987985896331,3.2606148338983205,-0.8926268480019894,1.0,True,0,True
trial_0020_bite_018_withdrawal,trial_0020_bite_018,trial_0020,withdrawal,retrieval,0.1023438785374677,0.5366332381491522,0.0969721790043448,0.0748389133312893,-0.005819991653169108,0.052724533613319094,0.040822944460458976,0.0901870606907498,0.09763235113469365,0.2755005626982868,0.19831189307986333,True,101,0.2429192167326012,0.0967131692414954,0.11702210946420488,0.18862984440707886,5.754220567961886,6.501758747571131,-0.7475381796092453,1.0,True,0,True
trial_0020_bite_018_withdrawal,trial_0020_bite_018,trial_0020,withdrawal,contextual_promp,0.1103523811513279,0.3014645791411854,0.1615236098705747,0.0463740360014573,-0.005819991653169108,0.029046895954715494,0.0243415301744747,0.04625432355492602,0.054580391824940906,0.24459312945477202,0.17166222567115,True,101,0.24162113663711868,0.09909781997965382,0.11983910811682204,0.14522959795847362,3.340096692102423,6.501758747571131,-3.161662055468708,1.0,True,0,True
trial_0020_bite_019_withdrawal,trial_0020_bite_019,trial_0020,withdrawal,retrieval,0.0767014548483672,0.6130393508759493,0.0326635388702145,0.1274108935729377,-0.01421115684076389,0.06088956344087694,0.03838172486868446,0.1334024123822118,0.13819197096715669,0.32266904546969405,0.29209142528631443,True,101,0.29450428169895126,0.0802155257565478,0.08996285310027184,0.17402194528367335,5.320547317049157,5.5317551903596485,-0.2112078733104914,1.0,True,0,True
trial_0020_bite_019_withdrawal,trial_0020_bite_019,trial_0020,withdrawal,contextual_promp,0.1246102807160154,0.7270466520208372,0.1489934234690614,0.0251705977488971,-0.01421115684076389,0.05791314613138197,0.05112165157472194,0.0995977027410712,0.1054998648975848,0.33853674199483436,0.30714635870774154,True,101,0.39582118807403976,0.11531015317952306,0.1365613980590703,0.2590413618263332,2.842171567069556,5.5317551903596485,-2.6895836232900923,1.0,True,0,True
