record_id,parent_bite_id,take,phase,generator,strategy,first_frame_success,successful_frames,frame_success_rate,complete_trajectory_success,continuity_violations,continuous_frame_percent,longest_continuous_section_frames,complete_pipeline_success,branch_changes,joint_travel_rad,rms_joint_velocity_rad_s,rms_joint_acceleration_rad_s2,rms_joint_jerk_rad_s3,JOINT_LIMIT,NO_VALID_BRANCH,NO_FEASIBLE_PSI,INPUT_NOT_SOLVED,provisional_timing_diagnostic,aligned_pinch_position_error_m_max,aligned_pinch_position_error_m_rms,aligned_pinch_orientation_error_rad_max,aligned_pinch_orientation_error_rad_rms,psi_error_rad_max,psi_error_rad_rms,virtual_utensil_position_error_m_max,virtual_utensil_position_error_m_rms,virtual_utensil_orientation_error_rad_max,virtual_utensil_orientation_error_rad_rms,joint_limit_margin_min_rad
trial_0012_bite_001_transfer,trial_0012_bite_001,trial_0012,transfer,retrieval,B0,True,71,0.7029702970297029,False,0,1.0,71,False,0,4.812585777853118,1.1979512585285226,34.78821209299723,1897.3491106321956,0,30,0,0,True,1.6135566445510782e-10,4.1138110109106054e-11,9.637595776980963e-10,2.456922219481626e-10,7.505107646466058e-14,3.1970991484565756e-14,1.6135566445510782e-10,4.1138110109106054e-11,9.63759577698097e-10,2.456922219481628e-10,0.2920848488323866
trial_0012_bite_001_transfer,trial_0012_bite_001,trial_0012,transfer,retrieval,StrongLocal,True,71,0.7029702970297029,False,0,1.0,71,False,0,5.08379267269374,1.716473139592939,68.04514313107633,3729.6838569303745,0,30,0,0,True,5.989254006923065e-11,2.1086080862690637e-11,3.574766675253441e-10,1.2590912575780155e-10,1.6342482922482304e-13,4.283931746629327e-14,5.989254006923065e-11,2.1086080862690637e-11,3.5747666752534443e-10,1.2590912575780163e-10,0.255187972006258
trial_0012_bite_001_transfer,trial_0012_bite_001,trial_0012,transfer,retrieval,RobotSmooth,True,72,0.7128712871287128,False,0,1.0,72,False,0,5.230831525567634,1.5180156111791638,62.150371883062725,4685.296015342365,0,0,1,29,True,8.73551196494013e-11,3.278289400259972e-11,5.215112971390864e-10,1.957740701786067e-10,3.099742684753437e-13,5.056840753754669e-14,8.73551196494013e-11,3.278289400259972e-11,5.215112971390869e-10,1.9577407017860683e-10,0.199937145253263
trial_0012_bite_001_transfer,trial_0012_bite_001,trial_0012,transfer,contextual_promp,B0,True,59,0.5841584158415841,False,0,1.0,59,False,0,3.871699803016427,1.2985949406657145,38.337493355311004,1725.9330764488195,0,42,0,0,True,4.786496139719501e-11,2.329146061017106e-11,2.859144543539537e-10,1.390923525466618e-10,1.2168044349891716e-13,4.185534064526856e-14,4.786496139719501e-11,2.329146061017106e-11,2.859144543539539e-10,1.3909235254666187e-10,0.3093893232300413
trial_0012_bite_001_transfer,trial_0012_bite_001,trial_0012,transfer,contextual_promp,StrongLocal,True,59,0.5841584158415841,False,0,1.0,59,False,0,4.253293784988285,1.825794739696115,66.08834638527604,3278.685670474205,0,42,0,0,True,4.372275574264975e-11,1.811293678525929e-11,2.6110015876405325e-10,1.0816995536093028e-10,1.7497114868092467e-13,5.277195802021592e-14,4.372275574264975e-11,1.811293678525929e-11,2.611001587640534e-10,1.0816995536093034e-10,0.2756731920458311
trial_0012_bite_001_transfer,trial_0012_bite_001,trial_0012,transfer,contextual_promp,RobotSmooth,True,60,0.594059405940594,False,0,1.0,60,False,0,3.6755328185872296,0.9435518684790237,35.08269729036035,3676.5554010450915,0,0,1,41,True,5.649079260404288e-11,1.9628251214493438e-11,3.3708192822041744e-10,1.1719390591470685e-10,1.7363888105137448e-13,4.772908912032955e-14,5.649079260404288e-11,1.9628251214493438e-11,3.3708192822041764e-10,1.1719390591470693e-10,0.3126582206072328
trial_0012_bite_001_withdrawal,trial_0012_bite_001,trial_0012,withdrawal,retrieval,B0,True,101,1.0,True,0,1.0,101,True,0,7.136050923785815,1.3095327143008517,22.014899737196135,2092.1485614156795,0,0,0,0,True,1.8856184378848358e-10,6.358460628306578e-11,1.1263600099634635e-09,3.7969898531812117e-10,1.0880185641326534e-13,3.400312250987554e-14,1.8856184378848358e-10,6.358460628306578e-11,1.1263600099634641e-09,3.7969898531812143e-10,0.17106934975446197
trial_0012_bite_001_withdrawal,trial_0012_bite_001,trial_0012,withdrawal,retrieval,StrongLocal,True,101,1.0,True,0,1.0,101,True,0,6.860383253539339,1.282468420924067,31.83462397832749,4183.915082304842,0,0,0,0,True,3.0841875938647984e-10,6.355881436526234e-11,1.8418805872883731e-09,3.7956347017491063e-10,6.661338147750939e-14,2.0778289752148757e-14,3.0841875938647984e-10,6.355881436526234e-11,1.8418805872883748e-09,3.795634701749109e-10,0.3259060518722805
trial_0012_bite_001_withdrawal,trial_0012_bite_001,trial_0012,withdrawal,retrieval,RobotSmooth,True,101,1.0,True,0,1.0,101,True,0,7.136050921714167,1.3095327141646744,22.014899632048174,2092.1485430945263,0,0,0,0,True,2.4685668327427494e-10,6.850721572848417e-11,1.474044407027661e-09,4.0909225886335154e-10,1.1057821325266559e-13,3.391296072707493e-14,2.4685668327427494e-10,6.850721572848417e-11,1.4740444070276621e-09,4.090922588633518e-10,0.17106934975446197
trial_0012_bite_001_withdrawal,trial_0012_bite_001,trial_0012,withdrawal,contextual_promp,B0,True,101,1.0,True,0,1.0,101,True,0,7.150717707640891,1.2818982866623256,6.367770382426953,62.14738187294879,0,0,0,0,True,2.8709301542416155e-10,5.761091793472902e-11,1.7145035842901518e-09,3.440578192595834e-10,1.0969003483296547e-13,3.055709396384499e-14,2.8709301542416155e-10,5.761091793472902e-11,1.7145035842901535e-09,3.4405781925958366e-10,0.192170907794881
trial_0012_bite_001_withdrawal,trial_0012_bite_001,trial_0012,withdrawal,contextual_promp,StrongLocal,True,101,1.0,True,0,1.0,101,True,0,6.659772540260385,1.2380369649716017,7.498814278790178,389.6283445754903,0,0,0,0,True,1.693225912261252e-10,4.8123759067152496e-11,1.0109975225697874e-09,2.8735883843228685e-10,7.37188088351104e-14,2.008824283725687e-14,1.693225912261252e-10,4.8123759067152496e-11,1.010997522569788e-09,2.8735883843228706e-10,0.3259060518722805
trial_0012_bite_001_withdrawal,trial_0012_bite_001,trial_0012,withdrawal,contextual_promp,RobotSmooth,True,101,1.0,True,0,1.0,101,True,0,7.150717705919456,1.2818982866193607,6.36777039149517,62.147382347477645,0,0,0,0,True,1.8717313812170913e-10,5.7075177438063627e-11,1.117923552854485e-09,3.4082692679367483e-10,1.1057821325266559e-13,3.2656099486506706e-14,1.8717313812170913e-10,5.7075177438063627e-11,1.1179235528544856e-09,3.4082692679367504e-10,0.1921709077926561
trial_0012_bite_002_transfer,trial_0012_bite_002,trial_0012,transfer,retrieval,B0,True,66,0.6534653465346535,False,0,1.0,66,False,0,5.867846957450025,1.3750706303964395,39.334482325723194,2242.6565034219384,0,35,0,0,True,1.7354123172954468e-10,5.00570601677523e-11,1.0364729047049584e-09,2.9894645895161204e-10,9.681144774731365e-14,3.8300895131657415e-14,1.7354123172954468e-10,5.00570601677523e-11,1.036472904704959e-09,2.989464589516123e-10,0.29012074527032006
trial_0012_bite_002_transfer,trial_0012_bite_002,trial_0012,transfer,retrieval,StrongLocal,True,66,0.6534653465346535,False,0,1.0,66,False,0,6.644176375073645,2.6047496477899106,120.9409711988632,6974.107712316213,0,35,0,0,True,7.657212948985902e-11,3.464122447426279e-11,4.575051788964411e-10,2.068838993230683e-10,2.007283228522283e-13,5.2583061812394235e-14,7.657212948985902e-11,3.464122447426279e-11,4.5750517889644153e-10,2.0688389932306852e-10,0.2425148457122539
trial_0012_bite_002_transfer,trial_0012_bite_002,trial_0012,transfer,retrieval,RobotSmooth,True,66,0.6534653465346535,False,0,1.0,66,False,0,5.5635652760975995,1.1418385706330672,32.40925377824474,3519.319122504243,0,0,1,35,True,1.688751698641333e-10,4.976185766297993e-11,1.0084837709575148e-09,2.9718207068047286e-10,1.0835776720341528e-13,3.919578550083427e-14,1.688751698641333e-10,4.976185766297993e-11,1.0084837709575156e-09,2.971820706804731e-10,0.30316230305917635
trial_0012_bite_002_transfer,trial_0012_bite_002,trial_0012,transfer,contextual_promp,B0,True,83,0.8217821782178217,False,0,1.0,83,False,0,5.980358808669018,1.4033057314541655,56.62257775064855,3251.59425319403,0,18,0,0,True,2.9330848110338516e-10,7.012980375632536e-11,1.751488617068514e-09,4.187910085735174e-10,1.6076029396572267e-13,4.554550376629825e-14,2.9330848110338516e-10,7.012980375632536e-11,1.7514886170685155e-09,4.187910085735177e-10,0.1991413838767162
trial_0012_bite_002_transfer,trial_0012_bite_002,trial_0012,transfer,contextual_promp,StrongLocal,True,82,0.8118811881188119,False,0,1.0,82,False,0,5.88522998901184,1.6077145379957336,58.628737009180455,3005.0649579078745,0,19,0,0,True,1.1479149509518972e-10,3.8210455071709464e-11,6.854882573998335e-10,2.2815846067470344e-10,2.531308496145357e-13,5.086061714723559e-14,1.1479149509518972e-10,3.8210455071709464e-11,6.854882573998341e-10,2.2815846067470368e-10,0.19130293874427728
trial_0012_bite_002_transfer,trial_0012_bite_002,trial_0012,transfer,contextual_promp,RobotSmooth,True,83,0.8217821782178217,False,0,1.0,83,False,0,5.483414862356836,0.9057075478722659,28.07455476448206,2565.0210473388565,0,0,1,18,True,1.561502998521956e-10,6.137386814195633e-11,9.323729194790017e-10,3.664996108410837e-10,1.1679546219056647e-13,3.9347430836795546e-14,1.561502998521956e-10,6.137386814195633e-11,9.323729194790027e-10,3.6649961084108407e-10,0.20545230399230974
trial_0012_bite_002_withdrawal,trial_0012_bite_002,trial_0012,withdrawal,retrieval,B0,True,75,0.7425742574257426,False,1,0.9866666666666667,73,False,0,7.354220572203757,1.994579389010533,30.0789675143902,2443.6067072251635,26,0,0,0,True,2.3581163252256685e-10,7.282534035449727e-11,1.4084457284068527e-09,4.3489973001783154e-10,1.0613732115416497e-13,3.2102868749447254e-14,2.3581163252256685e-10,7.282534035449727e-11,1.408445728406854e-09,4.3489973001783195e-10,0.0004501542153061422
trial_0012_bite_002_withdrawal,trial_0012_bite_002,trial_0012,withdrawal,retrieval,StrongLocal,True,101,1.0,True,0,1.0,101,True,0,7.568769840932234,1.6468646601337236,34.15560485851025,3561.9713473141246,0,0,0,0,True,9.079855899405478e-10,2.401294605505727e-10,5.422268854090899e-09,1.434010112808674e-09,5.551115123125783e-14,1.5743647594240846e-14,9.079855899405478e-10,2.401294605505727e-10,5.422268854090904e-09,1.4340101128086752e-09,0.32553580552414285
trial_0012_bite_002_withdrawal,trial_0012_bite_002,trial_0012,withdrawal,retrieval,RobotSmooth,True,101,1.0,True,0,1.0,101,True,1,7.406923323627416,1.606041707304696,83.60103665017449,12893.150593885915,0,0,0,0,True,1.6399982036394077e-09,2.344559394537151e-10,9.793681689131466e-09,1.4001152297222091e-09,6.217248937900877e-14,2.3564917915696433e-14,1.6399982036394077e-09,2.344559394537151e-10,9.793681689131475e-09,1.4001152297222102e-09,0.32553580552414285
trial_0012_bite_002_withdrawal,trial_0012_bite_002,trial_0012,withdrawal,contextual_promp,B0,True,101,1.0,True,0,1.0,101,True,0,7.224578758587581,1.3395759079419234,6.859924508998096,71.6653165592319,0,0,0,0,True,1.6487687969631952e-10,5.297155075359184e-11,9.845648210823864e-10,3.1633562764013787e-10,1.0880185641326534e-13,2.4107626405632643e-14,1.6487687969631952e-10,5.297155075359184e-11,9.845648210823875e-10,3.1633562764013807e-10,0.32553580552414285
trial_0012_bite_002_withdrawal,trial_0012_bite_002,trial_0012,withdrawal,contextual_promp,StrongLocal,True,101,1.0,True,0,1.0,101,True,0,6.850289140531865,1.33133303878107,8.196259689396463,388.501407571332,0,0,0,0,True,4.3475721426769375e-10,7.822850491519927e-11,2.596282194381546e-09,4.671673534525791e-10,5.3290705182007514e-14,1.597010325610832e-14,4.3475721426769375e-10,7.822850491519927e-11,2.5962821943815473e-09,4.671673534525794e-10,0.32553580552414285
trial_0012_bite_002_withdrawal,trial_0012_bite_002,trial_0012,withdrawal,contextual_promp,RobotSmooth,True,101,1.0,True,0,1.0,101,True,0,7.224578761944777,1.339575907944782,6.8599245013629435,71.66531614477923,0,0,0,0,True,1.8394131812058498e-10,5.614038120173935e-11,1.0984407428492968e-09,3.3526100689972297e-10,5.5067062021407764e-14,2.083937724789743e-14,1.8394131812058498e-10,5.614038120173935e-11,1.0984407428492972e-09,3.352610068997231e-10,0.32553580552414285
trial_0012_bite_003_transfer,trial_0012_bite_003,trial_0012,transfer,retrieval,B0,True,71,0.7029702970297029,False,1,0.9859154929577465,70,False,0,5.627077219824427,1.1178148891250412,22.20413061259025,2052.7546888782595,0,30,0,0,True,1.0574320733525633e-10,4.145849214525867e-11,6.315144534839839e-10,2.475855940200952e-10,8.268941087408166e-13,1.0564565338892284e-13,1.0574320733525633e-10,4.145849214525867e-11,6.315144534839844e-10,2.4758559402009537e-10,0.13557014405148937
trial_0012_bite_003_transfer,trial_0012_bite_003,trial_0012,transfer,retrieval,StrongLocal,True,70,0.693069306930693,False,1,0.9857142857142858,69,False,0,6.059945630790177,1.6865914257957968,45.0397368061009,3216.8033320156396,0,31,0,0,True,1.2513624728209313e-10,3.7378936041524354e-11,7.473244172031125e-10,2.232375448919461e-10,1.1795009413617663e-12,1.4790283342477486e-13,1.2513624728209313e-10,3.7378936041524354e-11,7.47324417203113e-10,2.2323754489194627e-10,0.11104473552596428
trial_0012_bite_003_transfer,trial_0012_bite_003,trial_0012,transfer,retrieval,RobotSmooth,True,71,0.7029702970297029,False,0,1.0,71,False,0,5.9928765617230475,1.222215534782433,57.42969790899969,4622.967818033548,0,0,1,30,True,9.804363849311414e-11,3.6703047302720085e-11,5.856172790414292e-10,2.1917089702781865e-10,2.5623947408348613e-13,5.377393711073673e-14,9.804363849311414e-11,3.6703047302720085e-11,5.856172790414296e-10,2.1917089702781883e-10,0.22305237381699783
trial_0012_bite_003_transfer,trial_0012_bite_003,trial_0012,transfer,contextual_promp,B0,True,80,0.7920792079207921,False,1,0.9875,79,False,0,5.419580282352414,1.019341950430769,20.82495676143937,891.0021316535857,0,21,0,0,True,1.4628873747706172e-10,4.363740271605521e-11,8.735525619760245e-10,2.606145187072681e-10,4.5208281562736374e-13,6.742895462774024e-14,1.4628873747706172e-10,4.363740271605521e-11,8.735525619760252e-10,2.6061451870726825e-10,0.13960332923456242
trial_0012_bite_003_transfer,trial_0012_bite_003,trial_0012,transfer,contextual_promp,StrongLocal,True,79,0.7821782178217822,False,0,1.0,79,False,0,6.024340894392202,1.8132910996902265,69.31566105616523,3621.97361164364,0,22,0,0,True,1.4186120938285955e-10,3.4948495912448235e-11,8.470201578420449e-10,2.086918732307547e-10,1.5187850976872141e-13,4.7100335747946476e-14,1.4186120938285955e-10,3.4948495912448235e-11,8.470201578420456e-10,2.0869187323075482e-10,0.2146490708300517
trial_0012_bite_003_transfer,trial_0012_bite_003,trial_0012,transfer,contextual_promp,RobotSmooth,True,80,0.7920792079207921,False,0,1.0,80,False,0,5.477250766642523,0.9400889067262111,31.34000863793813,3204.608776470241,0,0,1,21,True,1.4075826945222912e-10,4.5196903436703605e-11,8.406191747996411e-10,2.6993440202913854e-10,1.5187850976872141e-13,4.512121753309259e-14,1.4075826945222912e-10,4.5196903436703605e-11,8.406191747996416e-10,2.6993440202913874e-10,0.24358993098106474
trial_0012_bite_003_withdrawal,trial_0012_bite_003,trial_0012,withdrawal,retrieval,B0,True,98,0.9702970297029703,False,0,1.0,98,False,0,8.763514771191558,1.8378333333773278,52.15338129173316,5392.1038946670305,3,0,0,0,True,3.958168738641863e-10,8.458714745793652e-11,2.3636462895946894e-09,5.051318300933515e-10,1.3100631690576847e-13,3.298975866484119e-14,3.958168738641863e-10,8.458714745793652e-11,2.363646289594691e-09,5.05131830093352e-10,0.000563990906196743
trial_0012_bite_003_withdrawal,trial_0012_bite_003,trial_0012,withdrawal,retrieval,StrongLocal,True,101,1.0,True,0,1.0,101,True,0,9.046559963704054,1.7925881305727545,69.37881042538137,7927.880817718643,0,0,0,0,True,9.513036333339732e-10,1.9845141574193427e-10,5.680995409018969e-09,1.18508529031026e-09,3.108624468950438e-14,1.0079925300678855e-14,9.513036333339732e-10,1.9845141574193427e-10,5.680995409018973e-09,1.185085290310261e-09,0.23309542126181082
trial_0012_bite_003_withdrawal,trial_0012_bite_003,trial_0012,withdrawal,retrieval,RobotSmooth,True,101,1.0,True,0,1.0,101,True,1,8.388885456124584,1.6521592548611481,101.2155504858294,14801.470440639525,0,0,0,0,True,1.3329947372396627e-09,2.2663583502791575e-10,7.960406954185075e-09,1.3534164677392265e-09,6.661338147750939e-14,2.288091194214815e-14,1.3329947372396627e-09,2.2663583502791575e-10,7.960406954185084e-09,1.3534164677392278e-09,0.39951466889200304
trial_0012_bite_003_withdrawal,trial_0012_bite_003,trial_0012,withdrawal,contextual_promp,B0,True,101,1.0,True,0,1.0,101,True,0,7.943983661081278,1.4576637506468426,8.062701970146783,90.5891036476886,0,0,0,0,True,1.542167079329186e-10,5.980264841546801e-11,9.20754854000539e-10,3.5710822451329946e-10,1.092459456231154e-13,3.006093300599134e-14,1.542167079329186e-10,5.980264841546801e-11,9.207548540005396e-10,3.571082245132997e-10,0.09915399593447205
trial_0012_bite_003_withdrawal,trial_0012_bite_003,trial_0012,withdrawal,contextual_promp,StrongLocal,True,101,1.0,True,0,1.0,101,True,0,7.301434916150024,1.4202756392196862,9.164056755509195,343.03480287187466,0,0,0,0,True,7.764139552792578e-10,1.37108600595092e-10,4.636524238001213e-09,8.187718938967993e-10,7.993605777301127e-14,1.4479684542437973e-14,7.764139552792578e-10,1.37108600595092e-10,4.636524238001216e-09,8.187718938967998e-10,0.3339455678726324
trial_0012_bite_003_withdrawal,trial_0012_bite_003,trial_0012,withdrawal,contextual_promp,RobotSmooth,True,101,1.0,True,0,1.0,101,True,0,7.943983662622588,1.457663750759365,8.062701966396945,90.58910344164441,0,0,0,0,True,2.6569108193430235e-10,6.882477763713941e-11,1.586614531806797e-09,4.1098839015542854e-10,1.092459456231154e-13,2.868046526664423e-14,2.6569108193430235e-10,6.882477763713941e-11,1.586614531806798e-09,4.109883901554288e-10,0.09915399593631324
trial_0012_bite_004_transfer,trial_0012_bite_004,trial_0012,transfer,retrieval,B0,True,65,0.6435643564356436,False,0,1.0,65,False,0,5.196496714521501,1.104333938350439,18.492576165251744,1567.3556068657563,0,36,0,0,True,1.6749337305375385e-10,5.3717212681533005e-11,1.0003563696432016e-09,3.207939195053306e-10,8.926193117986259e-14,3.6595380201195745e-14,1.6749337305375385e-10,5.3717212681533005e-11,1.0003563696432025e-09,3.207939195053308e-10,0.27715502242006806
trial_0012_bite_004_transfer,trial_0012_bite_004,trial_0012,transfer,retrieval,StrongLocal,True,65,0.6435643564356436,False,0,1.0,65,False,0,5.716505864307385,1.681303056683045,51.88926241617165,3971.0788838789617,0,36,0,0,True,1.0700492494922195e-10,2.959803209370141e-11,6.390000771138952e-10,1.767439679440204e-10,1.176836406102666e-13,3.295930945782417e-14,1.0700492494922195e-10,2.959803209370141e-11,6.390000771138957e-10,1.7674396794402054e-10,0.2256350794521449
trial_0012_bite_004_transfer,trial_0012_bite_004,trial_0012,transfer,retrieval,RobotSmooth,True,66,0.6534653465346535,False,0,1.0,66,False,0,5.907764019362577,1.4925766243186767,55.912145855156005,3597.139304845849,0,0,1,35,True,1.925628438836587e-10,6.234423265833135e-11,1.1498061514077834e-09,3.7231755508421565e-10,1.7275070263167436e-13,4.0423207713894276e-14,1.925628438836587e-10,6.234423265833135e-11,1.1498061514077847e-09,3.7231755508421596e-10,0.2184567947367082
trial_0012_bite_004_transfer,trial_0012_bite_004,trial_0012,transfer,contextual_promp,B0,True,75,0.7425742574257426,False,0,1.0,75,False,0,5.51550406449581,1.3397201728715336,46.68341430155558,2515.139798883448,0,26,0,0,True,1.4838590587579544e-10,5.193210289772685e-11,8.862425973881898e-10,3.1013817001672993e-10,1.127986593019159e-13,3.695615665549501e-14,1.4838590587579544e-10,5.193210289772685e-11,8.862425973881906e-10,3.1013817001673013e-10,0.24672680622361653
trial_0012_bite_004_transfer,trial_0012_bite_004,trial_0012,transfer,contextual_promp,StrongLocal,True,74,0.7326732673267327,False,0,1.0,74,False,0,5.097418542483766,1.211433233851012,31.0286155377868,1375.3977805921218,0,27,0,0,True,1.7485076062239974e-10,4.361935433657466e-11,1.044259132079211e-09,2.604825736616549e-10,1.6964207816272392e-13,4.628709952285171e-14,1.7485076062239974e-10,4.361935433657466e-11,1.0442591320792119e-09,2.6048257366165507e-10,0.24753392516203032
trial_0012_bite_004_transfer,trial_0012_bite_004,trial_0012,transfer,contextual_promp,RobotSmooth,True,75,0.7425742574257426,False,0,1.0,75,False,0,5.084703504929616,0.9393912737216539,29.78727918863095,3423.7087455548153,0,0,1,26,True,1.6625292583373715e-10,5.426936255651483e-11,9.928105896908974e-10,3.2409197872796253e-10,1.6076029396572267e-13,4.169005179853517e-14,1.6625292583373715e-10,5.426936255651483e-11,9.92810589690898e-10,3.240919787279628e-10,0.25983260806851494
trial_0012_bite_004_withdrawal,trial_0012_bite_004,trial_0012,withdrawal,retrieval,B0,True,101,1.0,True,0,1.0,101,True,0,7.553955123507851,1.4184290070693024,24.551285051253792,2323.9827423146958,0,0,0,0,True,3.1056479281433976e-10,6.95900984423913e-11,1.854566172542505e-09,4.1557107887174865e-10,5.1958437552457326e-14,1.9944500782363423e-14,3.1056479281433976e-10,6.95900984423913e-11,1.8545661725425067e-09,4.1557107887174906e-10,0.2529877647410004
trial_0012_bite_004_withdrawal,trial_0012_bite_004,trial_0012,withdrawal,retrieval,StrongLocal,True,101,1.0,True,0,1.0,101,True,0,7.319926622459542,1.4313242058412097,36.062463226451555,4683.213246203081,0,0,0,0,True,3.500431501296629e-10,8.207493614505084e-11,2.0904596525426553e-09,4.901398638041967e-10,7.416289804496046e-14,1.6478055531593308e-14,3.500431501296629e-10,8.207493614505084e-11,2.090459652542657e-09,4.901398638041971e-10,0.35188588137556565
trial_0012_bite_004_withdrawal,trial_0012_bite_004,trial_0012,withdrawal,retrieval,RobotSmooth,True,101,1.0,True,0,1.0,101,True,0,7.553955123275605,1.4184290068002572,24.55128484868151,2323.982658351457,0,0,0,0,True,3.7312402530614124e-10,7.446773384329074e-11,2.2282478671498175e-09,4.4470537300017536e-10,5.417888360170764e-14,2.1414346051415828e-14,3.7312402530614124e-10,7.446773384329074e-11,2.2282478671498196e-09,4.4470537300017567e-10,0.2529877647410004
trial_0012_bite_004_withdrawal,trial_0012_bite_004,trial_0012,withdrawal,contextual_promp,B0,True,101,1.0,True,0,1.0,101,True,0,7.711113956419357,1.4058833989254802,7.389916762491088,78.61347807186158,0,0,0,0,True,1.8109152427785379e-10,5.7390386054382225e-11,1.0813590287850637e-09,3.427071321522357e-10,6.661338147750939e-14,2.2634794364539717e-14,1.8109152427785379e-10,5.7390386054382225e-11,1.0813590287850645e-09,3.4270713215223595e-10,0.16751652306064102
trial_0012_bite_004_withdrawal,trial_0012_bite_004,trial_0012,withdrawal,contextual_promp,StrongLocal,True,101,1.0,True,0,1.0,101,True,0,7.130380726783846,1.3898389432393183,8.156800447350266,233.9361351613531,0,0,0,0,True,5.04305615536442e-10,1.0329669208486296e-10,3.0117623932574493e-09,6.168676230966852e-10,3.4638958368304884e-14,1.1842690373942916e-14,5.04305615536442e-10,1.0329669208486296e-10,3.0117623932574518e-09,6.168676230966857e-10,0.35188588137556565
trial_0012_bite_004_withdrawal,trial_0012_bite_004,trial_0012,withdrawal,contextual_promp,RobotSmooth,True,101,1.0,True,0,1.0,101,True,0,7.711113956243834,1.405883399026149,7.389916773201128,78.61347697948267,0,0,0,0,True,1.603512469835477e-10,5.529856358464478e-11,9.576802597019117e-10,3.3021708228675413e-10,6.661338147750939e-14,2.301581865500164e-14,1.603512469835477e-10,5.529856358464478e-11,9.576802597019127e-10,3.3021708228675444e-10,0.16751652306064102
trial_0012_bite_005_transfer,trial_0012_bite_005,trial_0012,transfer,retrieval,B0,True,101,1.0,True,0,1.0,101,True,0,6.227413010584502,0.8104893802150841,15.40573165871233,1126.2075632462477,0,0,0,0,True,1.7169381671050072e-10,3.8829044032889645e-11,1.0253471036212322e-09,2.318850325460098e-10,2.1094237467877974e-13,5.1220432218527275e-14,1.7169381671050072e-10,3.8829044032889645e-11,1.0253471036212328e-09,2.3188503254600997e-10,0.16501138014262473
trial_0012_bite_005_transfer,trial_0012_bite_005,trial_0012,transfer,retrieval,StrongLocal,True,101,1.0,True,1,0.9900990099009901,97,False,1,7.7625673569261755,1.5844477256563405,67.34103036236428,4772.234848755277,0,0,0,0,True,7.408159971363632e-10,7.911319959564387e-11,4.4240735568493085e-09,4.724499269876362e-10,6.700862087427595e-12,9.370239827625279e-13,7.408159971363632e-10,7.911319959564387e-11,4.424073556849312e-09,4.724499269876366e-10,0.024193862194924698
trial_0012_bite_005_transfer,trial_0012_bite_005,trial_0012,transfer,retrieval,RobotSmooth,True,101,1.0,True,0,1.0,101,True,0,6.227413009137941,0.8104893802435198,15.40573168975675,1126.207570576966,0,0,0,0,True,1.2697464261564125e-10,3.982849977637959e-11,7.581798154912655e-10,2.378431441663755e-10,1.2789769243681803e-13,3.941834658071044e-14,1.2697464261564125e-10,3.982849977637959e-11,7.581798154912663e-10,2.378431441663757e-10,0.16501138014262384
trial_0012_bite_005_transfer,trial_0012_bite_005,trial_0012,transfer,contextual_promp,B0,True,101,1.0,True,0,1.0,101,True,0,4.470662646263617,0.562282471711288,1.8130665874591851,16.8493312791157,0,0,0,0,True,2.0815991908345026e-10,6.038097683345596e-11,1.243272029319635e-09,3.6059236922436986e-10,9.459100169806334e-14,3.2512668500080944e-14,2.0815991908345026e-10,6.038097683345596e-11,1.2432720293196358e-09,3.6059236922437017e-10,0.40068020204727617
trial_0012_bite_005_transfer,trial_0012_bite_005,trial_0012,transfer,contextual_promp,StrongLocal,True,101,1.0,True,0,1.0,101,True,0,4.068021532194477,0.5047852521676865,4.039365283717115,260.8887596039215,0,0,0,0,True,2.5029670158868653e-10,3.747130027371542e-11,1.4948591030277888e-09,2.2377316723703565e-10,9.85878045867139e-14,3.4718772034156493e-14,2.5029670158868653e-10,3.747130027371542e-11,1.49485910302779e-09,2.2377316723703584e-10,0.3577246910357754
trial_0012_bite_005_transfer,trial_0012_bite_005,trial_0012,transfer,contextual_promp,RobotSmooth,True,101,1.0,True,0,1.0,101,True,0,4.470662644335608,0.5622824716972705,1.8130665898795453,16.849331481638643,0,0,0,0,True,1.8073374289517812e-10,5.899096156331902e-11,1.0792979864292116e-09,3.522764166799322e-10,7.860379014346108e-14,2.9772477759669e-14,1.8073374289517812e-10,5.899096156331902e-11,1.0792979864292126e-09,3.522764166799325e-10,0.40068020204726373
trial_0012_bite_005_withdrawal,trial_0012_bite_005,trial_0012,withdrawal,retrieval,B0,True,101,1.0,True,0,1.0,101,True,0,8.491905887119088,1.7020182184761983,26.516620262482256,2673.582864806342,0,0,0,0,True,2.1645817822852849e-10,6.670216512466924e-11,1.2923800219635677e-09,3.9832312068912434e-10,7.283063041541027e-14,2.3284712833857146e-14,2.1645817822852849e-10,6.670216512466924e-11,1.292380021963569e-09,3.983231206891247e-10,0.13232777594203338
trial_0012_bite_005_withdrawal,trial_0012_bite_005,trial_0012,withdrawal,retrieval,StrongLocal,True,101,1.0,True,0,1.0,101,True,0,8.553581798996227,1.7809232588050552,49.50209217211768,6962.20557110948,0,0,0,0,True,4.4949772815191826e-10,1.0859727558558963e-10,2.684243261331805e-09,6.485394244646695e-10,7.815970093361102e-14,1.7061636414968185e-14,4.4949772815191826e-10,1.0859727558558963e-10,2.6842432613318066e-09,6.4853942446467e-10,0.3196056755651937
trial_0012_bite_005_withdrawal,trial_0012_bite_005,trial_0012,withdrawal,retrieval,RobotSmooth,True,101,1.0,True,0,1.0,101,True,0,8.491905887575056,1.702018218427513,26.516620357006428,2673.5828782125777,0,0,0,0,True,1.8343460275404928e-10,6.875230655222475e-11,1.095519375567417e-09,4.1058397510402713e-10,7.815970093361102e-14,2.2179471909705507e-14,1.8343460275404928e-10,6.875230655222475e-11,1.0955193755674182e-09,4.1058397510402755e-10,0.13232777594351575
trial_0012_bite_005_withdrawal,trial_0012_bite_005,trial_0012,withdrawal,contextual_promp,B0,True,101,1.0,True,0,1.0,101,True,0,6.7877131732817455,1.2769208629119229,6.590949625873238,73.94601081951114,0,0,0,0,True,3.665816004469997e-10,6.006940296281031e-11,2.1892034491478486e-09,3.5872577095766865e-10,5.551115123125783e-14,2.0414430382086366e-14,3.665816004469997e-10,6.006940296281031e-11,2.1892034491478502e-09,3.587257709576689e-10,0.36519881994018455
trial_0012_bite_005_withdrawal,trial_0012_bite_005,trial_0012,withdrawal,contextual_promp,StrongLocal,True,101,1.0,True,0,1.0,101,True,0,6.508826535156565,1.265048679469764,7.642561014961352,317.29724718275327,0,0,0,0,True,3.5714133140258513e-10,8.744686210574737e-11,2.1328429675033642e-09,5.22210592186307e-10,5.417888360170764e-14,1.4735201174672552e-14,3.5714133140258513e-10,8.744686210574737e-11,2.1328429675033667e-09,5.222105921863074e-10,0.36519881994018455
trial_0012_bite_005_withdrawal,trial_0012_bite_005,trial_0012,withdrawal,contextual_promp,RobotSmooth,True,101,1.0,True,0,1.0,101,True,0,6.78771317058832,1.2769208627120623,6.590949623622354,73.94601153160738,0,0,0,0,True,1.7438194071316553e-10,5.1414987715208524e-11,1.04143899276145e-09,3.070458991561476e-10,5.995204332975845e-14,1.8967381947091296e-14,1.7438194071316553e-10,5.1414987715208524e-11,1.0414389927614506e-09,3.0704589915614774e-10,0.36519881994018455
trial_0012_bite_006_transfer,trial_0012_bite_006,trial_0012,transfer,retrieval,B0,True,58,0.5742574257425742,False,1,0.9827586206896551,57,False,0,4.8102489787449505,1.1399387138130768,27.18124074116572,1686.151775621964,0,43,0,0,True,9.193703820573142e-11,2.8197116615074872e-11,5.488777059790734e-10,1.683744504972018e-10,2.233768725545815e-13,6.026252717172393e-14,9.193703820573142e-11,2.8197116615074872e-11,5.488777059790738e-10,1.6837445049720194e-10,0.09479425215054915
trial_0012_bite_006_transfer,trial_0012_bite_006,trial_0012,transfer,retrieval,StrongLocal,True,57,0.5643564356435643,False,0,1.0,57,False,0,4.981040220607902,1.4559723873018466,46.207466233177236,2661.442195261517,0,44,0,0,True,5.6923346493678646e-11,1.9308467471307408e-11,3.3990171660966884e-10,1.1531110431702885e-10,1.8962609260597674e-13,5.695676286069003e-14,5.6923346493678646e-11,1.9308467471307408e-11,3.3990171660966904e-10,1.1531110431702894e-10,0.0915313574930785
trial_0012_bite_006_transfer,trial_0012_bite_006,trial_0012,transfer,retrieval,RobotSmooth,True,58,0.5742574257425742,False,0,1.0,58,False,0,5.098847487760046,1.2091623134454588,35.625174266717,2718.635537493672,0,0,1,43,True,8.559567825197114e-11,2.8772580859909795e-11,5.112007913938086e-10,1.7181641597408074e-10,2.291500322826323e-13,5.292020427608627e-14,8.559567825197114e-11,2.8772580859909795e-11,5.11200791393809e-10,1.7181641597408087e-10,0.09479425215054782
trial_0012_bite_006_transfer,trial_0012_bite_006,trial_0012,transfer,contextual_promp,B0,True,70,0.693069306930693,False,0,1.0,70,False,0,4.780735121006838,1.1098447463882555,30.891509862286473,1534.450403397528,0,31,0,0,True,2.468665355802854e-10,5.5182404243983554e-11,1.4742884221826524e-09,3.2955201269128137e-10,1.7896795156957523e-13,4.9243666609288543e-14,2.468665355802854e-10,5.5182404243983554e-11,1.4742884221826536e-09,3.295520126912816e-10,0.29250665880799276
trial_0012_bite_006_transfer,trial_0012_bite_006,trial_0012,transfer,contextual_promp,StrongLocal,True,70,0.693069306930693,False,1,0.9857142857142858,69,False,0,4.4480475994008986,1.1512061761421692,28.985336612815033,1240.3322679340567,0,31,0,0,True,1.3537806222719245e-10,3.457355331478853e-11,8.085058619645401e-10,2.0647198499057292e-10,1.1799450305716164e-12,1.4863950834571212e-13,1.3537806222719245e-10,3.457355331478853e-11,8.085058619645408e-10,2.064719849905731e-10,0.16631484296593868
trial_0012_bite_006_transfer,trial_0012_bite_006,trial_0012,transfer,contextual_promp,RobotSmooth,True,71,0.7029702970297029,False,0,1.0,71,False,0,5.591828487667604,1.7092974061151562,101.2264746101805,8668.073042432106,0,0,1,30,True,1.9063816316601417e-10,5.19885528064102e-11,1.1385132198565813e-09,3.104538210012745e-10,3.197442310920451e-13,5.879507382713973e-14,1.9063816316601417e-10,5.19885528064102e-11,1.1385132198565823e-09,3.104538210012747e-10,0.228371440289461
trial_0012_bite_006_withdrawal,trial_0012_bite_006,trial_0012,withdrawal,retrieval,B0,True,101,1.0,True,0,1.0,101,True,0,8.349839362164449,1.5553209248171276,27.590826306891703,2278.2195402834345,0,0,0,0,True,1.7630423639828022e-10,5.311192635332025e-11,1.0527853879087615e-09,3.1717415873958987e-10,1.1546319456101628e-13,2.694474981449531e-14,1.7630423639828022e-10,5.311192635332025e-11,1.052785387908762e-09,3.171741587395901e-10,0.022013168793568738
trial_0012_bite_006_withdrawal,trial_0012_bite_006,trial_0012,withdrawal,retrieval,StrongLocal,True,101,1.0,True,0,1.0,101,True,0,8.272351338796275,1.5584546448752084,40.77003155515684,4793.168651604323,0,0,0,0,True,2.1657394140418586e-10,6.69320663894389e-11,1.2933618392243119e-09,3.997049969986194e-10,6.794564910705958e-14,1.9304875004434433e-14,2.1657394140418586e-10,6.69320663894389e-11,1.2933618392243127e-09,3.9970499699861973e-10,0.3329052265403831
trial_0012_bite_006_withdrawal,trial_0012_bite_006,trial_0012,withdrawal,retrieval,RobotSmooth,True,101,1.0,True,0,1.0,101,True,0,8.349839365705664,1.5553209244327901,27.590826158498498,2278.2195211629287,0,0,0,0,True,1.9335035246558458e-10,5.473596041875472e-11,1.1545528519311054e-09,3.268607008152903e-10,7.549516567451064e-14,2.6026330238826297e-14,1.9335035246558458e-10,5.473596041875472e-11,1.1545528519311065e-09,3.268607008152906e-10,0.022013168793257876
trial_0012_bite_006_withdrawal,trial_0012_bite_006,trial_0012,withdrawal,contextual_promp,B0,True,101,1.0,True,0,1.0,101,True,0,6.781668860028015,1.262122154080312,6.351804996864366,66.35205104228015,0,0,0,0,True,1.0255595962691802e-10,4.1582027504069817e-11,6.126245328641189e-10,2.4833384140744854e-10,9.059419880941277e-14,2.3545313000129795e-14,1.0255595962691802e-10,4.1582027504069817e-11,6.126245328641194e-10,2.4833384140744875e-10,0.3329052265403831
trial_0012_bite_006_withdrawal,trial_0012_bite_006,trial_0012,withdrawal,contextual_promp,StrongLocal,True,101,1.0,True,0,1.0,101,True,0,6.382211852349348,1.2392096230348675,7.72499278908415,412.1484104051846,0,0,0,0,True,2.3258061028366742e-10,5.853991473634213e-11,1.3888462404895036e-09,3.4958825335412194e-10,5.81756864903582e-14,1.71295960868949e-14,2.3258061028366742e-10,5.853991473634213e-11,1.3888462404895048e-09,3.4958825335412214e-10,0.3329052265403831
trial_0012_bite_006_withdrawal,trial_0012_bite_006,trial_0012,withdrawal,contextual_promp,RobotSmooth,True,101,1.0,True,0,1.0,101,True,0,6.781668861056142,1.2621221540905758,6.351804990594243,66.35205138191107,0,0,0,0,True,2.0829877267682912e-10,5.034670786868462e-11,1.2437869981893674e-09,3.006629954415623e-10,6.616929226765933e-14,2.2290035586984286e-14,2.0829877267682912e-10,5.034670786868462e-11,1.2437869981893678e-09,3.006629954415625e-10,0.3329052265403831
trial_0012_bite_007_transfer,trial_0012_bite_007,trial_0012,transfer,retrieval,B0,True,61,0.6039603960396039,False,0,1.0,61,False,0,5.773441512466254,1.6273863096993952,58.493311062484814,3166.020963015837,0,40,0,0,True,1.0668773833021638e-10,2.6393697021252164e-11,6.370434222728338e-10,1.5761325810265598e-10,1.1457501614131615e-13,4.8873897827605654e-14,1.0668773833021638e-10,2.6393697021252164e-11,6.370434222728342e-10,1.5761325810265608e-10,0.08999473586485207
trial_0012_bite_007_transfer,trial_0012_bite_007,trial_0012,transfer,retrieval,StrongLocal,True,61,0.6039603960396039,False,1,0.9836065573770492,60,False,0,5.11526071534197,1.322015650223862,39.76982069443471,2416.5810910183004,0,40,0,0,True,5.750069126191183e-11,2.3402375641449923e-11,3.4340460349070543e-10,1.397638026058683e-10,2.7076119124558318e-12,3.505094262787924e-13,5.750069126191183e-11,2.3402375641449923e-11,3.4340460349070564e-10,1.397638026058684e-10,0.0862162958015511
trial_0012_bite_007_transfer,trial_0012_bite_007,trial_0012,transfer,retrieval,RobotSmooth,True,61,0.6039603960396039,False,0,1.0,61,False,0,5.254587060377714,1.1486761992388161,35.331092152877304,3758.9835718768777,0,0,1,40,True,1.1926402603469717e-10,3.0712677651365775e-11,7.122021505786466e-10,1.8339906630320062e-10,1.2745360322696797e-13,4.427447147569696e-14,1.1926402603469717e-10,3.0712677651365775e-11,7.122021505786468e-10,1.8339906630320073e-10,0.08999473586485207
trial_0012_bite_007_transfer,trial_0012_bite_007,trial_0012,transfer,contextual_promp,B0,True,101,1.0,True,0,1.0,101,True,0,5.496460536557893,0.6878287251383647,4.111504121756872,81.89290930428947,0,0,0,0,True,1.8183112105714104e-10,4.730800801259281e-11,1.085969828245806e-09,2.825155326364724e-10,2.611244553918368e-13,5.2466652790403456e-14,1.8183112105714104e-10,4.730800801259281e-11,1.0859698282458065e-09,2.825155326364726e-10,0.17766606246393657
trial_0012_bite_007_transfer,trial_0012_bite_007,trial_0012,transfer,contextual_promp,StrongLocal,True,101,1.0,True,0,1.0,101,True,0,7.116838981664616,1.189470145319119,23.18960973395672,966.2559141011097,0,0,0,0,True,7.738119858685161e-11,2.340785756513896e-11,4.619777437317143e-10,1.3976583728294483e-10,3.2507330161024584e-13,9.047491841223168e-14,7.738119858685161e-11,2.340785756513896e-11,4.619777437317146e-10,1.3976583728294488e-10,0.13288580917185655
trial_0012_bite_007_transfer,trial_0012_bite_007,trial_0012,transfer,contextual_promp,RobotSmooth,True,101,1.0,True,0,1.0,101,True,0,5.49646053649524,0.6878287251412744,4.111504122506907,81.89290936538411,0,0,0,0,True,2.1260650383793417e-10,4.7529533685323853e-11,1.2697239137891422e-09,2.8384140862557453e-10,2.1360690993788012e-13,5.5825870209463036e-14,2.1260650383793417e-10,4.7529533685323853e-11,1.2697239137891428e-09,2.838414086255747e-10,0.17766606246394012
trial_0012_bite_007_withdrawal,trial_0012_bite_007,trial_0012,withdrawal,retrieval,B0,False,96,0.9504950495049505,False,0,1.0,96,False,0,9.254629439841022,2.200642154933828,68.57423136442388,4699.357016715741,0,5,0,0,True,3.259902889859704e-10,9.443056690175128e-11,1.9465532643511037e-09,5.638985748983738e-10,1.1945999744966684e-13,3.395628207298366e-14,3.259902889859704e-10,9.443056690175128e-11,1.9465532643511054e-09,5.638985748983743e-10,0.012632120673348624
trial_0012_bite_007_withdrawal,trial_0012_bite_007,trial_0012,withdrawal,retrieval,StrongLocal,False,96,0.9504950495049505,False,0,1.0,96,False,0,9.361323336315003,2.2267971091322085,71.37956349125022,5437.04917424617,0,5,0,0,True,6.864038982527044e-10,2.3573660404491294e-10,4.098992639043085e-09,1.4077558239460574e-09,1.7497114868092467e-13,2.753808195210447e-14,6.864038982527044e-10,2.3573660404491294e-10,4.098992639043089e-09,1.4077558239460586e-09,0.14771331531553678
trial_0012_bite_007_withdrawal,trial_0012_bite_007,trial_0012,withdrawal,retrieval,RobotSmooth,False,0,0.0,False,0,0.0,0,False,0,0.0,,,,0,1,0,100,True,,,,,,,,,,,
trial_0012_bite_007_withdrawal,trial_0012_bite_007,trial_0012,withdrawal,contextual_promp,B0,False,97,0.9603960396039604,False,1,0.9896907216494846,96,False,0,8.448883782163367,1.8148270250433312,39.33366050166579,2057.3056801825282,0,4,0,0,True,2.0976831688769844e-10,4.372399983598177e-11,1.2526475779964056e-09,2.610816986789558e-10,3.3084646133829665e-13,5.3846391331080617e-14,2.0976831688769844e-10,4.372399983598177e-11,1.2526475779964064e-09,2.6108169867895603e-10,0.10954352331274153
trial_0012_bite_007_withdrawal,trial_0012_bite_007,trial_0012,withdrawal,contextual_promp,StrongLocal,False,97,0.9603960396039604,False,1,0.9896907216494846,96,False,0,8.245076414478248,1.8375790433227503,38.57323026328062,2016.7811764885664,0,4,0,0,True,2.705259042528233e-10,9.696112342883049e-11,1.6156772361759774e-09,5.790282449024089e-10,3.5704772471945034e-13,5.976116601998695e-14,2.705259042528233e-10,9.696112342883049e-11,1.615677236175979e-09,5.790282449024094e-10,0.11313782120721028
trial_0012_bite_007_withdrawal,trial_0012_bite_007,trial_0012,withdrawal,contextual_promp,RobotSmooth,False,0,0.0,False,0,0.0,0,False,0,0.0,,,,0,1,0,100,True,,,,,,,,,,,
trial_0012_bite_008_transfer,trial_0012_bite_008,trial_0012,transfer,retrieval,B0,True,87,0.8613861386138614,False,0,1.0,84,False,0,7.661411297572653,1.2914301359632596,46.72388054206916,1780.077425985096,0,14,0,0,True,2.382007077182404e-10,6.276041627054102e-11,1.4226033365237673e-09,3.7478955659737447e-10,2.0650148258027912e-13,4.235546372545514e-14,2.382007077182404e-10,6.276041627054102e-11,1.4226033365237685e-09,3.747895565973748e-10,0.10703200508549138
trial_0012_bite_008_transfer,trial_0012_bite_008,trial_0012,transfer,retrieval,StrongLocal,True,86,0.8514851485148515,False,1,0.9883720930232558,83,False,1,7.3962949054627165,1.4806162841974029,32.6137036231384,2473.489180510738,0,15,0,0,True,2.1712076279413225e-10,4.6356864587737223e-11,1.2966373221267199e-09,2.768386431251543e-10,9.060752148570828e-12,9.79681921346082e-13,2.1712076279413225e-10,4.6356864587737223e-11,1.2966373221267207e-09,2.768386431251545e-10,0.004405349469916331
trial_0012_bite_008_transfer,trial_0012_bite_008,trial_0012,transfer,retrieval,RobotSmooth,True,85,0.8415841584158416,False,0,1.0,85,False,0,7.705325962955828,1.3293054136282896,35.614024422308944,2446.4414351188384,0,0,1,16,True,1.9598634511738796e-10,6.501560847889143e-11,1.1704999017841583e-09,3.8825385954617104e-10,9.725553695716371e-14,3.1599061549095024e-14,1.9598634511738796e-10,6.501560847889143e-11,1.1704999017841591e-09,3.882538595461713e-10,0.09029641447517012
trial_0012_bite_008_transfer,trial_0012_bite_008,trial_0012,transfer,contextual_promp,B0,True,101,1.0,True,0,1.0,101,True,0,5.142523770586708,0.6591492426536326,2.062869571672348,16.192231588435373,0,0,0,0,True,2.8773135816736833e-10,8.121494531564534e-11,1.7183559795122347e-09,4.849890673249881e-10,5.551115123125783e-14,2.451583354149473e-14,2.8773135816736833e-10,8.121494531564534e-11,1.7183559795122357e-09,4.849890673249885e-10,0.39430938621411205
trial_0012_bite_008_transfer,trial_0012_bite_008,trial_0012,transfer,contextual_promp,StrongLocal,True,101,1.0,True,0,1.0,101,True,0,4.613201644949388,0.5885725668108069,4.60223898111991,296.52709963279386,0,0,0,0,True,1.493279898061084e-10,3.4050484234464606e-11,8.915109984832198e-10,2.03316595407101e-10,9.947598300641403e-14,3.4818821605684697e-14,1.493279898061084e-10,3.4050484234464606e-11,8.915109984832206e-10,2.0331659540710113e-10,0.3518962051516965
trial_0012_bite_008_transfer,trial_0012_bite_008,trial_0012,transfer,contextual_promp,RobotSmooth,True,101,1.0,True,0,1.0,101,True,0,5.1425237757883675,0.6591492426641308,2.0628695753921087,16.192228051267033,0,0,0,0,True,3.6103796128918005e-10,8.04349399698621e-11,2.156317797523657e-09,4.803409678123384e-10,6.52811138479592e-14,2.8554440765947794e-14,3.6103796128918005e-10,8.04349399698621e-11,2.1563177975236582e-09,4.803409678123387e-10,0.39430938621411205
trial_0012_bite_008_withdrawal,trial_0012_bite_008,trial_0012,withdrawal,retrieval,B0,False,92,0.9108910891089109,False,1,0.9891304347826086,88,False,0,9.039926652696062,2.1824257912365317,53.17320746305013,3489.2518511635994,0,9,0,0,True,2.7549669878045315e-10,9.505859309056125e-11,1.6451039987122434e-09,5.67628037937443e-10,8.393286066166183e-14,3.431730110036497e-14,2.7549669878045315e-10,9.505859309056125e-11,1.6451039987122449e-09,5.676280379374435e-10,0.0009551308879505171
trial_0012_bite_008_withdrawal,trial_0012_bite_008,trial_0012,withdrawal,retrieval,StrongLocal,False,92,0.9108910891089109,False,0,1.0,92,False,0,9.198591206363794,2.2042049678246993,54.76154238464098,4470.0380787846,0,9,0,0,True,6.131701993816886e-10,1.850663724095314e-10,3.661725878394045e-09,1.1051799083392316e-09,2.2426505097428162e-13,3.351271591829973e-14,6.131701993816886e-10,1.850663724095314e-10,3.6617258783940476e-09,1.1051799083392322e-09,0.2007856853088441
trial_0012_bite_008_withdrawal,trial_0012_bite_008,trial_0012,withdrawal,retrieval,RobotSmooth,False,0,0.0,False,0,0.0,0,False,0,0.0,,,,0,1,0,100,True,,,,,,,,,,,
trial_0012_bite_008_withdrawal,trial_0012_bite_008,trial_0012,withdrawal,contextual_promp,B0,False,94,0.9306930693069307,False,0,1.0,94,False,0,8.287354222907483,3.0420558764233485,200.9692188442662,16764.046801174893,0,7,0,0,True,1.360881470979311e-10,4.164875960453979e-11,8.127832906820785e-10,2.487429947246174e-10,3.0109248427834245e-13,4.703134163439116e-14,1.360881470979311e-10,4.164875960453979e-11,8.12783290682079e-10,2.4874299472461763e-10,0.1636889250442053
trial_0012_bite_008_withdrawal,trial_0012_bite_008,trial_0012,withdrawal,contextual_promp,StrongLocal,False,94,0.9306930693069307,False,0,1.0,94,False,0,7.8097150989885,2.710138921962312,164.9878821683152,13481.465194577899,0,7,0,0,True,4.3903875688150637e-10,7.515689213594184e-11,2.6218505756659393e-09,4.488283916293654e-10,7.327471962526033e-14,2.1797940846107034e-14,4.3903875688150637e-10,7.515689213594184e-11,2.6218505756659418e-09,4.488283916293657e-10,0.16802975673298004
trial_0012_bite_008_withdrawal,trial_0012_bite_008,trial_0012,withdrawal,contextual_promp,RobotSmooth,False,0,0.0,False,0,0.0,0,False,0,0.0,,,,0,1,0,100,True,,,,,,,,,,,
trial_0012_bite_009_transfer,trial_0012_bite_009,trial_0012,transfer,retrieval,B0,True,72,0.7128712871287128,False,0,1.0,72,False,0,6.240088037810683,1.1469035340323461,22.972049589630938,1683.8857837471396,0,29,0,0,True,1.794776891402496e-10,5.491295591474215e-11,1.071807216757587e-09,3.279067506760459e-10,1.0658141036401503e-13,3.834027332284666e-14,1.794776891402496e-10,5.491295591474215e-11,1.0718072167575875e-09,3.279067506760462e-10,0.23808944608422067
trial_0012_bite_009_transfer,trial_0012_bite_009,trial_0012,transfer,retrieval,StrongLocal,True,72,0.7128712871287128,False,0,1.0,72,False,0,6.608752782131152,1.6758613449479434,56.564708016436036,3182.9831256993607,0,29,0,0,True,8.356292415154511e-11,2.9233916431551116e-11,4.99155111887887e-10,1.745787773371659e-10,1.4876988529977098e-13,4.269259471281193e-14,8.356292415154511e-11,2.9233916431551116e-11,4.991551118878873e-10,1.7457877733716607e-10,0.19905943342545385
trial_0012_bite_009_transfer,trial_0012_bite_009,trial_0012,transfer,retrieval,RobotSmooth,True,73,0.7227722772277227,False,0,1.0,73,False,0,6.8736742230798376,1.4310317710266516,49.61837249613897,2985.6457476881274,0,0,1,28,True,1.9391257008871277e-10,6.237911735861367e-11,1.1579532371082581e-09,3.7250467027021243e-10,9.947598300641403e-14,3.8113249894274694e-14,1.9391257008871277e-10,6.237911735861367e-11,1.1579532371082592e-09,3.7250467027021274e-10,0.18145995833366868
trial_0012_bite_009_transfer,trial_0012_bite_009,trial_0012,transfer,contextual_promp,B0,True,101,1.0,True,0,1.0,101,True,0,4.971834786052345,0.625781083783518,2.0439743995801187,19.789504910721607,0,0,0,0,True,2.932148698515746e-10,7.88641491996632e-11,1.750932567294964e-09,4.709389065335206e-10,1.0125233984581428e-13,2.7832915263354084e-14,2.932148698515746e-10,7.88641491996632e-11,1.750932567294966e-09,4.709389065335211e-10,0.40207769120567427
trial_0012_bite_009_transfer,trial_0012_bite_009,trial_0012,transfer,contextual_promp,StrongLocal,True,101,1.0,True,0,1.0,101,True,0,4.4327640986797885,0.553578986992078,4.616098465424113,299.07943940043424,0,0,0,0,True,2.490716112961703e-10,5.055383542056435e-11,1.4875859421748253e-09,3.0190971673044247e-10,1.0746958878371515e-13,3.5281627216565725e-14,2.490716112961703e-10,5.055383542056435e-11,1.4875859421748265e-09,3.0190971673044273e-10,0.36249193362766796
trial_0012_bite_009_transfer,trial_0012_bite_009,trial_0012,transfer,contextual_promp,RobotSmooth,True,101,1.0,True,0,1.0,101,True,0,4.971834786542475,0.625781083829397,2.0439744041007737,19.78950396386965,0,0,0,0,True,2.932148698515746e-10,8.674886517867726e-11,1.750932567294964e-09,5.180601390213289e-10,7.638334409421077e-14,3.1972621541441564e-14,2.932148698515746e-10,8.674886517867726e-11,1.750932567294966e-09,5.180601390213293e-10,0.40207769120567427
trial_0012_bite_009_withdrawal,trial_0012_bite_009,trial_0012,withdrawal,retrieval,B0,False,67,0.6633663366336634,False,2,0.9701492537313433,64,False,0,8.686320050438706,2.498169093200529,33.78337162471006,2610.8853470067625,28,6,0,0,True,3.357775337597408e-10,8.795015090595743e-11,2.0051184446152644e-09,5.252127134778305e-10,1.2279066652354231e-12,1.581560619380659e-13,3.357775337597408e-10,8.795015090595743e-11,2.0051184446152665e-09,5.252127134778309e-10,0.00016969981759817898
trial_0012_bite_009_withdrawal,trial_0012_bite_009,trial_0012,withdrawal,retrieval,StrongLocal,False,93,0.9207920792079208,False,4,0.956989247311828,54,False,0,8.475126962354443,2.0764918688676732,37.383059516422854,3744.8449260221832,0,8,0,0,True,1.52973037060867e-09,3.341344393948966e-10,9.135194839678322e-09,1.9953637087714013e-09,7.629452625224076e-13,9.41545253957196e-14,1.52973037060867e-09,3.341344393948966e-10,9.135194839678327e-09,1.9953637087714025e-09,0.00016411338973387757
trial_0012_bite_009_withdrawal,trial_0012_bite_009,trial_0012,withdrawal,retrieval,RobotSmooth,False,0,0.0,False,0,0.0,0,False,0,0.0,,,,0,1,0,100,True,,,,,,,,,,,
trial_0012_bite_009_withdrawal,trial_0012_bite_009,trial_0012,withdrawal,contextual_promp,B0,False,94,0.9306930693069307,False,2,0.9787234042553191,90,False,0,8.011069342510751,1.6612517259466641,18.91807183187539,133.3542779596014,0,7,0,0,True,3.4026130666369316e-10,7.385938660470767e-11,2.032124818048885e-09,4.4107780749771486e-10,1.6329160246186802e-12,1.8652448142012525e-13,3.4026130666369316e-10,7.385938660470767e-11,2.032124818048886e-09,4.410778074977151e-10,0.0012086636402566242
trial_0012_bite_009_withdrawal,trial_0012_bite_009,trial_0012,withdrawal,contextual_promp,StrongLocal,False,94,0.9306930693069307,False,2,0.9787234042553191,90,False,0,7.78039167007954,1.6865683527911617,18.50473785395735,160.27116893287973,0,7,0,0,True,7.447567133402672e-10,2.2609259641041958e-10,4.447508031805044e-09,1.3501785170828814e-09,1.3637979634495423e-12,1.5445697809875946e-13,7.447567133402672e-10,2.2609259641041958e-10,4.447508031805048e-09,1.3501785170828824e-09,0.0012557258878977962
trial_0012_bite_009_withdrawal,trial_0012_bite_009,trial_0012,withdrawal,contextual_promp,RobotSmooth,False,0,0.0,False,0,0.0,0,False,0,0.0,,,,0,1,0,100,True,,,,,,,,,,,
trial_0012_bite_010_transfer,trial_0012_bite_010,trial_0012,transfer,retrieval,B0,True,101,1.0,True,0,1.0,101,True,0,5.2149791084409385,0.684079936514646,7.474515905791252,662.0053678465491,0,0,0,0,True,1.6623239925623587e-10,4.3242409199237435e-11,9.928966763950185e-10,2.5824072512984844e-10,1.2212453270876722e-13,3.692770534071523e-14,1.6623239925623587e-10,4.3242409199237435e-11,9.92896676395019e-10,2.5824072512984864e-10,0.3173356372839704
trial_0012_bite_010_transfer,trial_0012_bite_010,trial_0012,transfer,retrieval,StrongLocal,True,101,1.0,True,0,1.0,101,True,0,4.853505282293906,0.6313447964038024,12.678610480111471,1497.6952660400423,0,0,0,0,True,6.81445618439348e-11,2.655331192046828e-11,4.068062358892835e-10,1.585533738890824e-10,1.2434497875801753e-13,3.850885068559312e-14,6.81445618439348e-11,2.655331192046828e-11,4.068062358892839e-10,1.5855337388908253e-10,0.27862671082316925
trial_0012_bite_010_transfer,trial_0012_bite_010,trial_0012,transfer,retrieval,RobotSmooth,True,101,1.0,True,0,1.0,101,True,0,5.214979110708587,0.6840799364413486,7.474515796666999,662.0053435072971,0,0,0,0,True,9.94960645231087e-11,3.6670076675008964e-11,5.942222732520913e-10,2.1897335669760845e-10,9.547918011776346e-14,3.54436069807863e-14,9.94960645231087e-11,3.6670076675008964e-11,5.942222732520918e-10,2.1897335669760863e-10,0.31733563728397485
trial_0012_bite_010_transfer,trial_0012_bite_010,trial_0012,transfer,contextual_promp,B0,True,101,1.0,True,0,1.0,101,True,0,4.948974772243993,0.623710816058514,1.8829473695780126,15.75009391705618,0,0,0,0,True,2.2385534590781455e-10,7.215752630459277e-11,1.336916335905192e-09,4.309240570795708e-10,7.327471962526033e-14,2.90933388796148e-14,2.2385534590781455e-10,7.215752630459277e-11,1.336916335905193e-09,4.309240570795711e-10,0.41907273565277414
trial_0012_bite_010_transfer,trial_0012_bite_010,trial_0012,transfer,contextual_promp,StrongLocal,True,101,1.0,True,0,1.0,101,True,0,4.580799130766437,0.5746307209712328,4.020578246197272,254.83143101277167,0,0,0,0,True,1.3859920585980213e-10,3.872370185760506e-11,8.27732098549662e-10,2.3124676878637613e-10,9.325873406851315e-14,2.889571603460223e-14,1.3859920585980213e-10,3.872370185760506e-11,8.277320985496624e-10,2.3124676878637628e-10,0.39175896479040695
trial_0012_bite_010_transfer,trial_0012_bite_010,trial_0012,transfer,contextual_promp,RobotSmooth,True,101,1.0,True,0,1.0,101,True,0,4.948974771703329,0.6237108160581851,1.8829473706024933,15.750093899667988,0,0,0,0,True,2.6069288922706456e-10,7.42772938000242e-11,1.556616326306667e-09,4.4353873202474063e-10,6.439293542825908e-14,3.0549456851154155e-14,2.6069288922706456e-10,7.42772938000242e-11,1.556616326306668e-09,4.4353873202474094e-10,0.4190727356527635
trial_0012_bite_010_withdrawal,trial_0012_bite_010,trial_0012,withdrawal,retrieval,B0,False,60,0.594059405940594,False,0,1.0,60,False,0,9.27781217957185,2.944066331042904,95.00260766636809,7704.2241397524,34,7,0,0,True,2.1477863405968062e-10,7.928130974018383e-11,1.2826772218076121e-09,4.734302020651255e-10,1.1013412404281553e-13,3.194058452060561e-14,2.1477863405968062e-10,7.928130974018383e-11,1.282677221807613e-09,4.734302020651259e-10,0.0013818041742297282
trial_0012_bite_010_withdrawal,trial_0012_bite_010,trial_0012,withdrawal,retrieval,StrongLocal,False,94,0.9306930693069307,False,2,0.9787234042553191,59,False,0,9.890248141168161,2.3867179402624803,80.55833732010002,6631.09118178813,0,7,0,0,True,1.6235221258620467e-09,3.839495156669558e-10,9.695366599507097e-09,2.292848936452764e-09,1.7319479184152442e-13,2.6627827350826885e-14,1.6235221258620467e-09,3.839495156669558e-10,9.695366599507106e-09,2.292848936452766e-09,0.16525484639189436
trial_0012_bite_010_withdrawal,trial_0012_bite_010,trial_0012,withdrawal,retrieval,RobotSmooth,False,0,0.0,False,0,0.0,0,False,0,0.0,,,,0,1,0,100,True,,,,,,,,,,,
trial_0012_bite_010_withdrawal,trial_0012_bite_010,trial_0012,withdrawal,contextual_promp,B0,False,94,0.9306930693069307,False,0,1.0,94,False,0,8.497048146418521,2.2560649380340556,113.15068987212423,8958.025505968628,0,7,0,0,True,1.7067101378514647e-10,5.385743917033802e-11,1.0191686815471884e-09,3.216075777007357e-10,9.237055564881302e-14,2.909647923506082e-14,1.7067101378514647e-10,5.385743917033802e-11,1.019168681547189e-09,3.216075777007359e-10,0.15902818690462261
trial_0012_bite_010_withdrawal,trial_0012_bite_010,trial_0012,withdrawal,contextual_promp,StrongLocal,False,94,0.9306930693069307,False,0,1.0,94,False,0,8.257547189989456,2.1216284803083822,94.30979075913332,7340.62251975045,0,7,0,0,True,7.426222698102118e-10,1.4577624020574746e-10,4.434776272178925e-09,8.705392709671492e-10,2.349231920106831e-13,3.13651142482528e-14,7.426222698102118e-10,1.4577624020574746e-10,4.4347762721789286e-09,8.705392709671496e-10,0.16144639359514912
trial_0012_bite_010_withdrawal,trial_0012_bite_010,trial_0012,withdrawal,contextual_promp,RobotSmooth,False,0,0.0,False,0,0.0,0,False,0,0.0,,,,0,1,0,100,True,,,,,,,,,,,
trial_0012_bite_011_transfer,trial_0012_bite_011,trial_0012,transfer,retrieval,B0,True,77,0.7623762376237624,False,0,1.0,77,False,0,6.667762654889604,1.2678344689447494,31.082248961982515,1746.4943537581942,0,24,0,0,True,1.832662365256021e-10,5.5370909999708865e-11,1.094493924995191e-09,3.3065441344444163e-10,2.0872192862952943e-13,5.061250846621046e-14,1.832662365256021e-10,5.5370909999708865e-11,1.0944939249951914e-09,3.3065441344444184e-10,0.21485249756789493
trial_0012_bite_011_transfer,trial_0012_bite_011,trial_0012,transfer,retrieval,StrongLocal,True,77,0.7623762376237624,False,1,0.987012987012987,76,False,0,6.335209011763887,1.2601415357387322,34.288499624390006,2259.8287566214485,0,24,0,0,True,1.1725544356414351e-10,3.956514959095167e-11,7.002892051582614e-10,2.362465297876138e-10,1.141309269314661e-13,5.0636388306157794e-14,1.1725544356414351e-10,3.956514959095167e-11,7.002892051582618e-10,2.36246529787614e-10,0.16425613760402147
trial_0012_bite_011_transfer,trial_0012_bite_011,trial_0012,transfer,retrieval,RobotSmooth,True,78,0.7722772277227723,False,0,1.0,78,False,0,7.091776837151854,1.478443707660597,60.76133196190915,4808.863343612709,0,0,1,23,True,1.3309209153237704e-10,5.1712263817871524e-11,7.946582012116618e-10,3.0879395785137415e-10,1.2878587085651816e-13,5.2047169895428114e-14,1.3309209153237704e-10,5.1712263817871524e-11,7.946582012116625e-10,3.087939578513744e-10,0.1852126965396348
trial_0012_bite_011_transfer,trial_0012_bite_011,trial_0012,transfer,contextual_promp,B0,True,101,1.0,True,0,1.0,101,True,0,4.960355418580423,0.6356207963446054,1.94678146616203,16.033222674195212,0,0,0,0,True,2.189882188683698e-10,7.16598578494964e-11,1.3075792840775331e-09,4.279472290956349e-10,7.72715225139109e-14,3.128700687910433e-14,2.189882188683698e-10,7.16598578494964e-11,1.3075792840775344e-09,4.2794722909563514e-10,0.3545829008342558
trial_0012_bite_011_transfer,trial_0012_bite_011,trial_0012,transfer,contextual_promp,StrongLocal,True,101,1.0,True,0,1.0,101,True,0,4.511179372720122,0.5792897148434271,4.164034519566327,263.88037091608675,0,0,0,0,True,1.53831189932609e-10,3.8965701391723834e-11,9.188496587508645e-10,2.327066869894545e-10,8.393286066166183e-14,3.322510116882484e-14,1.53831189932609e-10,3.8965701391723834e-11,9.188496587508651e-10,2.3270668698945466e-10,0.32555898463957966
trial_0012_bite_011_transfer,trial_0012_bite_011,trial_0012,transfer,contextual_promp,RobotSmooth,True,101,1.0,True,0,1.0,101,True,0,4.960355419658567,0.6356207963692204,1.9467814664347387,16.033222306711775,0,0,0,0,True,2.4173253866677515e-10,7.479668698459134e-11,1.4435867069544877e-09,4.4667537920569997e-10,8.704148513061227e-14,3.155088745932176e-14,2.4173253866677515e-10,7.479668698459134e-11,1.443586706954489e-09,4.466753792057003e-10,0.35458290083426647
trial_0012_bite_011_withdrawal,trial_0012_bite_011,trial_0012,withdrawal,retrieval,B0,True,82,0.8118811881188119,False,0,1.0,80,False,0,7.551343755793634,1.8835685467248415,30.002058394687456,2381.979940156446,19,0,0,0,True,1.8777042182387232e-10,7.033212302617395e-11,1.1214020550159125e-09,4.199856201624243e-10,8.482103908136196e-14,2.9108238071198095e-14,1.8777042182387232e-10,7.033212302617395e-11,1.1214020550159133e-09,4.1998562016242466e-10,0.0005689762178224811
trial_0012_bite_011_withdrawal,trial_0012_bite_011,trial_0012,withdrawal,retrieval,StrongLocal,True,101,1.0,True,0,1.0,101,True,0,7.795024890435402,1.654262769443578,33.4348832110278,3501.3450169319976,0,0,0,0,True,7.445493850043102e-10,2.5015882715095686e-10,4.4461526037906466e-09,1.4938751187130883e-09,6.927791673660977e-14,1.9489896154775873e-14,7.445493850043102e-10,2.5015882715095686e-10,4.44615260379065e-09,1.4938751187130896e-09,0.2835302620094957
trial_0012_bite_011_withdrawal,trial_0012_bite_011,trial_0012,withdrawal,retrieval,RobotSmooth,True,101,1.0,True,0,1.0,101,True,1,7.964710962918951,1.6906173304659982,93.564409412595,15081.4755173031,0,0,0,0,True,6.930447500526282e-10,1.4167693705371249e-10,4.138868269665842e-09,8.460737393868426e-10,9.903189379656396e-14,2.498309326804984e-14,6.930447500526282e-10,1.4167693705371249e-10,4.138868269665846e-09,8.460737393868434e-10,0.2835302620094957
trial_0012_bite_011_withdrawal,trial_0012_bite_011,trial_0012,withdrawal,contextual_promp,B0,True,101,1.0,True,0,1.0,101,True,0,6.8535732196818735,1.291961886031958,6.402990263937153,66.20654765168875,0,0,0,0,True,1.6342135471761055e-10,4.701124089851739e-11,9.758464507607076e-10,2.807363535417327e-10,7.815970093361102e-14,2.339673020298532e-14,1.6342135471761055e-10,4.701124089851739e-11,9.758464507607084e-10,2.807363535417329e-10,0.2835302620094957
trial_0012_bite_011_withdrawal,trial_0012_bite_011,trial_0012,withdrawal,contextual_promp,StrongLocal,True,101,1.0,True,0,1.0,101,True,0,6.476700314517572,1.281399108757379,8.128275574580888,448.2282637559463,0,0,0,0,True,2.335891719907166e-10,6.98651902964351e-11,1.3950824445669248e-09,4.172382435583737e-10,7.549516567451064e-14,1.8952860928999413e-14,2.335891719907166e-10,6.98651902964351e-11,1.395082444566926e-09,4.1723824355837405e-10,0.2835302620094957
trial_0012_bite_011_withdrawal,trial_0012_bite_011,trial_0012,withdrawal,contextual_promp,RobotSmooth,True,101,1.0,True,0,1.0,101,True,0,6.853573214512333,1.2919618860220388,6.402990258856959,66.20654855663139,0,0,0,0,True,1.8616721458070894e-10,4.876384450526506e-11,1.111847449629815e-09,2.912128608739293e-10,7.815970093361102e-14,2.496104301054691e-14,1.8616721458070894e-10,4.876384450526506e-11,1.111847449629816e-09,2.912128608739295e-10,0.2835302620094957
trial_0012_bite_012_transfer,trial_0012_bite_012,trial_0012,transfer,retrieval,B0,True,101,1.0,True,0,1.0,101,True,0,6.260023220703985,0.790178847240307,19.129993570680956,1901.71041549516,0,0,0,0,True,1.732425463387852e-10,8.40572002372537e-11,1.0348624256840542e-09,5.019591904767616e-10,7.638334409421077e-14,2.786355625514608e-14,1.732425463387852e-10,8.40572002372537e-11,1.034862425684055e-09,5.01959190476762e-10,0.30242460017951167
trial_0012_bite_012_transfer,trial_0012_bite_012,trial_0012,transfer,retrieval,StrongLocal,True,101,1.0,True,0,1.0,101,True,0,5.940000811988082,0.7444655537500015,26.710820611638702,2965.786808023092,0,0,0,0,True,1.4324065798782658e-10,4.1650383881300165e-11,8.554038134366113e-10,2.4869755464529497e-10,6.972200594645983e-14,3.0206018480300135e-14,1.4324065798782658e-10,4.1650383881300165e-11,8.55403813436612e-10,2.4869755464529513e-10,0.2839367858253876
trial_0012_bite_012_transfer,trial_0012_bite_012,trial_0012,transfer,retrieval,RobotSmooth,True,101,1.0,True,0,1.0,101,True,0,6.439513043306256,0.8396788614140142,34.86000210425867,4069.2320428273297,0,0,0,0,True,2.56935696227748e-10,8.531024925738647e-11,1.53432197307205e-09,5.094311829305794e-10,6.616929226765933e-14,2.333304913985053e-14,2.56935696227748e-10,8.531024925738647e-11,1.5343219730720512e-09,5.094311829305798e-10,0.2990666993779749
trial_0012_bite_012_transfer,trial_0012_bite_012,trial_0012,transfer,contextual_promp,B0,True,101,1.0,True,0,1.0,101,True,0,5.178605327462481,0.6584363697033021,1.9693654520486439,15.215321955002866,0,0,0,0,True,2.780022877548959e-10,8.98673100957801e-11,1.6602592770727876e-09,5.366669805714753e-10,6.483702463810914e-14,2.6668755927392676e-14,2.780022877548959e-10,8.98673100957801e-11,1.660259277072789e-09,5.366669805714757e-10,0.4160026437645312
trial_0012_bite_012_transfer,trial_0012_bite_012,trial_0012,transfer,contextual_promp,StrongLocal,True,101,1.0,True,0,1.0,101,True,0,4.7977083718590485,0.6083324574442085,4.164199129067121,263.21378006650696,0,0,0,0,True,1.8618353579430605e-10,5.881591108475107e-11,1.1119899400871076e-09,3.5122311933902985e-10,7.72715225139109e-14,2.9361506240592795e-14,1.8618353579430605e-10,5.881591108475107e-11,1.1119899400871087e-09,3.5122311933903016e-10,0.3962877896048713
trial_0012_bite_012_transfer,trial_0012_bite_012,trial_0012,transfer,contextual_promp,RobotSmooth,True,101,1.0,True,0,1.0,101,True,0,5.17860533201359,0.6584363697072201,1.9693654523321997,15.215321959557135,0,0,0,0,True,2.874370048028737e-10,8.698715997889992e-11,1.716541351516259e-09,5.194632151707235e-10,6.261657858885883e-14,2.626906711982921e-14,2.874370048028737e-10,8.698715997889992e-11,1.71654135151626e-09,5.194632151707239e-10,0.4160026437645312
trial_0012_bite_012_withdrawal,trial_0012_bite_012,trial_0012,withdrawal,retrieval,B0,True,71,0.7029702970297029,False,0,1.0,71,False,0,8.951137184628726,2.34264090900314,37.00055787671096,2910.586502528147,30,0,0,0,True,1.5582348807396508e-10,6.502797854432327e-11,9.303959209810781e-10,3.883405401693352e-10,8.526512829121202e-14,2.9657337842218374e-14,1.5582348807396508e-10,6.502797854432327e-11,9.303959209810788e-10,3.8834054016933556e-10,0.008944991964474625
trial_0012_bite_012_withdrawal,trial_0012_bite_012,trial_0012,withdrawal,retrieval,StrongLocal,True,101,1.0,True,0,1.0,101,True,0,9.592424745072849,1.9684602998221423,37.08966168959705,3657.4037468097977,0,0,0,0,True,1.4314140371942167e-09,3.8185162123839506e-10,8.548180776033624e-09,2.2803279578615108e-09,1.092459456231154e-13,2.0029349036475074e-14,1.4314140371942167e-09,3.8185162123839506e-10,8.54818077603363e-09,2.2803279578615133e-09,0.16665457430253028
trial_0012_bite_012_withdrawal,trial_0012_bite_012,trial_0012,withdrawal,retrieval,RobotSmooth,True,101,1.0,True,0,1.0,101,True,1,9.790094039114685,1.9351660152808732,52.480622960656646,6334.756828252407,0,0,0,0,True,5.931536681031742e-10,1.0011970432711692e-10,3.5421148200838813e-09,5.979005286445418e-10,9.50350909079134e-14,3.8892331493460866e-14,5.931536681031742e-10,1.0011970432711692e-10,3.5421148200838846e-09,5.979005286445423e-10,0.16665457430253028
trial_0012_bite_012_withdrawal,trial_0012_bite_012,trial_0012,withdrawal,contextual_promp,B0,True,101,1.0,True,0,1.0,101,True,0,7.9943672756132536,1.486361913702509,10.333067719239628,301.6612765992126,0,0,0,0,True,1.8672444861694941e-10,5.483345903546845e-11,1.1150940021986605e-09,3.27449406720112e-10,1.0791367799356522e-13,3.199615606413657e-14,1.8672444861694941e-10,5.483345903546845e-11,1.1150940021986615e-09,3.2744940672011224e-10,0.16665457430253028
trial_0012_bite_012_withdrawal,trial_0012_bite_012,trial_0012,withdrawal,contextual_promp,StrongLocal,True,101,1.0,True,0,1.0,101,True,0,7.886393202355277,1.5182078247419604,14.661693369335238,819.5503210172358,0,0,0,0,True,4.634094404993181e-10,1.1679664593203586e-10,2.7675759696187774e-09,6.974841539189005e-10,8.748557434046234e-14,2.018637201972457e-14,4.634094404993181e-10,1.1679664593203586e-10,2.76757596961878e-09,6.974841539189011e-10,0.16665457430253028
trial_0012_bite_012_withdrawal,trial_0012_bite_012,trial_0012,withdrawal,contextual_promp,RobotSmooth,True,101,1.0,True,0,1.0,101,True,0,7.994367277166672,1.4863619137842734,10.333067728865068,301.6612775068892,0,0,0,0,True,2.742828183170883e-10,7.537523348617977e-11,1.637886901146868e-09,4.5011878760425595e-10,8.526512829121202e-14,2.521969018874859e-14,2.742828183170883e-10,7.537523348617977e-11,1.637886901146869e-09,4.501187876042563e-10,0.16665457430253028
trial_0012_bite_013_transfer,trial_0012_bite_013,trial_0012,transfer,retrieval,B0,True,81,0.801980198019802,False,0,1.0,81,False,0,7.69810046165188,1.9343268365725177,82.7198668812702,5037.782799801681,0,20,0,0,True,1.9345806795833408e-10,5.1713834323084034e-11,1.1553601098065095e-09,3.088241048093595e-10,1.8118839761882555e-13,4.5867990539998545e-14,1.9345806795833408e-10,5.1713834323084034e-11,1.1553601098065106e-09,3.088241048093598e-10,0.16388231978815426
trial_0012_bite_013_transfer,trial_0012_bite_013,trial_0012,transfer,retrieval,StrongLocal,True,80,0.7920792079207921,False,0,1.0,80,False,0,7.1689276525949746,1.5782621292690053,52.66651439047235,2940.1957616300697,0,21,0,0,True,1.5469754432564991e-10,3.316297222317494e-11,9.237457553280316e-10,1.9802973405814648e-10,1.6919798895287386e-13,4.6790335872070734e-14,1.5469754432564991e-10,3.316297222317494e-11,9.237457553280324e-10,1.9802973405814666e-10,0.1598700795392496
trial_0012_bite_013_transfer,trial_0012_bite_013,trial_0012,transfer,retrieval,RobotSmooth,True,81,0.801980198019802,False,0,1.0,81,False,0,6.794908777330097,1.0737836926106146,29.34500793804669,2844.0725073735093,0,0,1,20,True,3.0574223543245643e-10,4.784034371737467e-11,1.8257418904970883e-09,2.856771202825402e-10,1.0969003483296547e-13,3.9329878805510564e-14,3.0574223543245643e-10,4.784034371737467e-11,1.82574189049709e-09,2.856771202825405e-10,0.19038236906259876
trial_0012_bite_013_transfer,trial_0012_bite_013,trial_0012,transfer,contextual_promp,B0,True,101,1.0,True,0,1.0,101,True,0,5.127734477080463,0.6507763761114373,1.994645202746104,15.491766869712999,0,0,0,0,True,1.8868402796341058e-10,5.281225361802745e-11,1.126950479158936e-09,3.153866157006255e-10,7.505107646466058e-14,3.1633554558867894e-14,1.8868402796341058e-10,5.281225361802745e-11,1.126950479158937e-09,3.153866157006258e-10,0.3850644017323006
trial_0012_bite_013_transfer,trial_0012_bite_013,trial_0012,transfer,contextual_promp,StrongLocal,True,101,1.0,True,0,1.0,101,True,0,4.716633143645359,0.5930488425862541,4.346998643182522,277.37996135976164,0,0,0,0,True,6.888844863592022e-11,2.6252473076531696e-11,4.1143638755865643e-10,1.5676941468131724e-10,1.0258460747536446e-13,3.84058814513747e-14,6.888844863592022e-11,2.6252473076531696e-11,4.114363875586569e-10,1.567694146813174e-10,0.3402433014156756
trial_0012_bite_013_transfer,trial_0012_bite_013,trial_0012,transfer,contextual_promp,RobotSmooth,True,101,1.0,True,0,1.0,101,True,0,5.127734476985616,0.6507763761331388,1.99464520523839,15.491766537927354,0,0,0,0,True,2.6036755895753234e-10,6.373951933947e-11,1.5547388459885682e-09,3.80621996219565e-10,8.304468224196171e-14,2.986082076745613e-14,2.6036755895753234e-10,6.373951933947e-11,1.5547388459885698e-09,3.806219962195653e-10,0.3850644017323086
trial_0012_bite_013_withdrawal,trial_0012_bite_013,trial_0012,withdrawal,retrieval,B0,True,97,0.9603960396039604,False,1,0.9896907216494846,90,False,0,7.386836781918779,1.6392712602502504,28.91802616606243,2362.031374924701,4,0,0,0,True,3.1813957980555873e-10,7.985890108601904e-11,1.9000245929183377e-09,4.769194289759691e-10,1.2523315717771766e-13,4.9428446773654677e-14,3.1813957980555873e-10,7.985890108601904e-11,1.900024592918339e-09,4.769194289759694e-10,0.00014705195297004536
trial_0012_bite_013_withdrawal,trial_0012_bite_013,trial_0012,withdrawal,retrieval,StrongLocal,True,101,1.0,True,0,1.0,101,True,0,7.490032760745358,1.5564094656493894,31.750629907818823,3307.713146512747,0,0,0,0,True,4.1219766464836503e-10,8.953321986632111e-11,2.461776898683929e-09,5.346706055942045e-10,1.7408297026122455e-13,3.459188494491323e-14,4.1219766464836503e-10,8.953321986632111e-11,2.461776898683931e-09,5.346706055942049e-10,0.23611897569842188
trial_0012_bite_013_withdrawal,trial_0012_bite_013,trial_0012,withdrawal,retrieval,RobotSmooth,True,101,1.0,True,0,1.0,101,True,0,7.400616740571609,1.5722328762735418,47.98388828845334,5919.640481361113,0,0,0,0,True,3.328029516719323e-10,7.8619736685089e-11,1.987289740393455e-09,4.69500210632165e-10,1.283417816466681e-13,3.034227079990887e-14,3.328029516719323e-10,7.8619736685089e-11,1.9872897403934565e-09,4.695002106321654e-10,0.23611897569842188
trial_0012_bite_013_withdrawal,trial_0012_bite_013,trial_0012,withdrawal,contextual_promp,B0,True,101,1.0,True,0,1.0,101,True,0,6.435075449087358,1.178122834066032,5.418266535959374,60.05739059171487,0,0,0,0,True,8.063929293418383e-11,2.831466839517309e-11,4.817591562110219e-10,1.6908168803129055e-10,1.0436096431476471e-13,2.999037336820168e-14,8.063929293418383e-11,2.831466839517309e-11,4.817591562110223e-10,1.6908168803129066e-10,0.23611897569842188
trial_0012_bite_013_withdrawal,trial_0012_bite_013,trial_0012,withdrawal,contextual_promp,StrongLocal,True,101,1.0,True,0,1.0,101,True,0,6.061828702402256,1.156465375172111,5.8590459837981586,181.2936025628052,0,0,0,0,True,1.2970733682114684e-10,3.3520882758282493e-11,7.74727419197648e-10,2.0017932883153714e-10,1.389999226830696e-13,2.8093827545879796e-14,1.2970733682114684e-10,3.3520882758282493e-11,7.747274191976487e-10,2.001793288315373e-10,0.23611897569842188
trial_0012_bite_013_withdrawal,trial_0012_bite_013,trial_0012,withdrawal,contextual_promp,RobotSmooth,True,101,1.0,True,0,1.0,101,True,0,6.43507544831645,1.178122834051921,5.418266528192408,60.05739154028658,0,0,0,0,True,1.5939410271183287e-10,3.802643814294139e-11,9.517731475916451e-10,2.27072359510187e-10,1.176836406102666e-13,3.478729058695285e-14,1.5939410271183287e-10,3.802643814294139e-11,9.517731475916455e-10,2.2707235951018714e-10,0.23611897569842188
trial_0012_bite_014_transfer,trial_0012_bite_014,trial_0012,transfer,retrieval,B0,True,78,0.7722772277227723,False,1,0.9871794871794872,77,False,0,5.266012506474919,1.2070061458996828,29.241143738977673,1254.013252566953,0,23,0,0,True,1.0178291689835559e-10,2.6464916233074684e-11,6.075741146518459e-10,1.5802434146164736e-10,6.554756737386924e-13,9.477499121018309e-14,1.0178291689835559e-10,2.6464916233074684e-11,6.075741146518464e-10,1.580243414616475e-10,0.06757165278637167
trial_0012_bite_014_transfer,trial_0012_bite_014,trial_0012,transfer,retrieval,StrongLocal,True,77,0.7623762376237624,False,0,1.0,77,False,0,5.4893053569749215,1.6069890290096671,51.36348266702519,2650.010730273308,0,24,0,0,True,6.285241081607186e-11,1.8163570242517628e-11,3.752939752319128e-10,1.0847132677057859e-10,1.652011860642233e-13,5.989179721081258e-14,6.285241081607186e-11,1.8163570242517628e-11,3.752939752319131e-10,1.0847132677057869e-10,0.14583771537289536
trial_0012_bite_014_transfer,trial_0012_bite_014,trial_0012,transfer,retrieval,RobotSmooth,True,79,0.7821782178217822,False,0,1.0,79,False,0,5.896985289190174,1.7913446767197323,136.05255995684115,11528.811307446133,0,0,1,22,True,5.956696293935098e-11,2.3122957453104625e-11,3.556784004414328e-10,1.3806593854099772e-10,2.1893598045608087e-13,6.544793605841359e-14,5.956696293935098e-11,2.3122957453104625e-11,3.556784004414331e-10,1.3806593854099782e-10,0.16628319651149415
trial_0012_bite_014_transfer,trial_0012_bite_014,trial_0012,transfer,contextual_promp,B0,True,64,0.6336633663366337,False,0,1.0,64,False,0,5.355924446398447,2.3570179089653163,110.00754381618142,6287.611303245559,0,37,0,0,True,7.666887437377178e-11,2.5365803432130334e-11,4.5812725983733746e-10,1.515117102332161e-10,1.5720758028692217e-13,6.333248243941712e-14,7.666887437377178e-11,2.5365803432130334e-11,4.581272598373378e-10,1.515117102332162e-10,0.16534206691361852
trial_0012_bite_014_transfer,trial_0012_bite_014,trial_0012,transfer,contextual_promp,StrongLocal,True,64,0.6336633663366337,False,1,0.984375,63,False,0,4.240598361869386,1.1526086835659108,29.54273422938875,1227.304052771964,0,37,0,0,True,4.311536219875938e-11,1.597794681789356e-11,2.5757250469251284e-10,9.540992941780527e-11,8.575362642204709e-13,1.2108486212495854e-13,4.311536219875938e-11,1.597794681789356e-11,2.57572504692513e-10,9.540992941780534e-11,0.15928373555083586
trial_0012_bite_014_transfer,trial_0012_bite_014,trial_0012,transfer,contextual_promp,RobotSmooth,True,65,0.6435643564356436,False,0,1.0,65,False,0,5.709705391799494,2.4260035329874796,179.19493670383113,14838.50647377253,0,0,1,36,True,6.056594483000749e-11,2.3622838749617675e-11,3.61680604152809e-10,1.410670884104279e-10,2.2160051571518125e-13,6.662722651254701e-14,6.056594483000749e-11,2.3622838749617675e-11,3.6168060415280926e-10,1.4106708841042803e-10,0.16534206691352082
trial_0012_bite_014_withdrawal,trial_0012_bite_014,trial_0012,withdrawal,retrieval,B0,True,101,1.0,True,0,1.0,101,True,0,6.371214902947115,1.1712356778859647,16.671234421343048,2066.3402312936832,0,0,0,0,True,6.499708440682961e-11,2.2009929179383665e-11,3.8795518592471904e-10,1.314448247386389e-10,1.580957587066223e-13,4.072274343477866e-14,6.499708440682961e-11,2.2009929179383665e-11,3.879551859247193e-10,1.31444824738639e-10,0.18653630053796189
trial_0012_bite_014_withdrawal,trial_0012_bite_014,trial_0012,withdrawal,retrieval,StrongLocal,True,101,1.0,True,0,1.0,101,True,0,6.380157387224713,1.1651154409885829,26.45736892715366,3905.6439369396653,0,0,0,0,True,4.6697260449281766e-11,1.803618640352659e-11,2.7877748646181483e-10,1.0771709573756509e-10,1.3677947663381929e-13,3.7038132462387066e-14,4.6697260449281766e-11,1.803618640352659e-11,2.787774864618151e-10,1.0771709573756516e-10,0.19892511736338037
trial_0012_bite_014_withdrawal,trial_0012_bite_014,trial_0012,withdrawal,retrieval,RobotSmooth,True,101,1.0,True,0,1.0,101,True,0,6.3712149025388465,1.1712356779332316,16.671234469249455,2066.3402416461963,0,0,0,0,True,6.558354449199e-11,2.2690861329888683e-11,3.9154061751508006e-10,1.355027140145839e-10,1.1191048088221578e-13,3.880912655937055e-14,6.558354449199e-11,2.2690861329888683e-11,3.9154061751508037e-10,1.35502714014584e-10,0.18653630053796189
trial_0012_bite_014_withdrawal,trial_0012_bite_014,trial_0012,withdrawal,contextual_promp,B0,True,101,1.0,True,0,1.0,101,True,0,6.243601921942748,1.1334837644578384,5.391212552280551,67.39276609930673,0,0,0,0,True,5.912596752871098e-11,2.499720963076627e-11,3.5288926167660827e-10,1.4928507778782442e-10,1.1057821325266559e-13,3.9629448507124536e-14,5.912596752871098e-11,2.499720963076627e-11,3.5288926167660837e-10,1.492850777878245e-10,0.19892511736338037
trial_0012_bite_014_withdrawal,trial_0012_bite_014,trial_0012,withdrawal,contextual_promp,StrongLocal,True,101,1.0,True,0,1.0,101,True,0,5.796479030946628,1.103161471306005,5.814223376942874,182.3048376586401,0,0,0,0,True,6.166012028966746e-11,2.6531999564749303e-11,3.6830459160297484e-10,1.5844367637316118e-10,1.4521717162097048e-13,3.918570791294579e-14,6.166012028966746e-11,2.6531999564749303e-11,3.68304591602975e-10,1.5844367637316126e-10,0.19892511736338037
trial_0012_bite_014_withdrawal,trial_0012_bite_014,trial_0012,withdrawal,contextual_promp,RobotSmooth,True,101,1.0,True,0,1.0,101,True,0,6.243601920968127,1.133483764452545,5.391212551471835,67.39276604835408,0,0,0,0,True,5.7370454459596336e-11,2.4623141786807295e-11,3.426874263783028e-10,1.4705625772530565e-10,1.2434497875801753e-13,3.760293142437943e-14,5.7370454459596336e-11,2.4623141786807295e-11,3.426874263783029e-10,1.4705625772530573e-10,0.19892511736338037
trial_0012_bite_015_transfer,trial_0012_bite_015,trial_0012,transfer,retrieval,B0,True,101,1.0,True,0,1.0,101,True,0,6.201766740317199,0.885697414819894,20.230601317335605,2360.72840634562,0,0,0,0,True,1.8881209591763203e-10,4.656625941787921e-11,1.1273423673149721e-09,2.7808348311413253e-10,7.194245199571014e-14,2.4838709206497488e-14,1.8881209591763203e-10,4.656625941787921e-11,1.1273423673149731e-09,2.7808348311413274e-10,0.3815213365894774
trial_0012_bite_015_transfer,trial_0012_bite_015,trial_0012,transfer,retrieval,StrongLocal,True,101,1.0,True,0,1.0,101,True,0,5.869482282728761,0.8396205005640802,27.749913393809436,3423.431994764747,0,0,0,0,True,8.205057094517958e-11,2.904099028790806e-11,4.898381111351272e-10,1.7341283077120364e-10,7.771561172376096e-14,2.99963301975874e-14,8.205057094517958e-11,2.904099028790806e-11,4.898381111351275e-10,1.7341283077120377e-10,0.35851127055494647
trial_0012_bite_015_transfer,trial_0012_bite_015,trial_0012,transfer,retrieval,RobotSmooth,True,101,1.0,True,0,1.0,101,True,0,6.2017667399810215,0.885697414564417,20.23060114971392,2360.7283810990216,0,0,0,0,True,1.2862151032929173e-10,3.978668621648799e-11,7.68015966966243e-10,2.3759271500119714e-10,6.217248937900877e-14,2.4475020024653365e-14,1.2862151032929173e-10,3.978668621648799e-11,7.680159669662435e-10,2.375927150011973e-10,0.38152133658946497
trial_0012_bite_015_transfer,trial_0012_bite_015,trial_0012,transfer,contextual_promp,B0,True,101,1.0,True,0,1.0,101,True,0,5.345215026453791,0.6764753129231668,1.9608403702895292,14.388414257048456,0,0,0,0,True,2.248764295200842e-10,5.420315106959598e-11,1.3429757616053255e-09,3.23665210801143e-10,6.039613253960852e-14,2.5150804297459182e-14,2.248764295200842e-10,5.420315106959598e-11,1.3429757616053266e-09,3.236652108011432e-10,0.46711317393431706
trial_0012_bite_015_transfer,trial_0012_bite_015,trial_0012,transfer,contextual_promp,StrongLocal,True,101,1.0,True,0,1.0,101,True,0,5.034909701425207,0.6390568388047835,3.741470379712118,227.62958470853184,0,0,0,0,True,1.8766752646224095e-10,4.3839474544315514e-11,1.1208394580485685e-09,2.6181323286975503e-10,6.616929226765933e-14,2.642788002082357e-14,1.8766752646224095e-10,4.3839474544315514e-11,1.1208394580485696e-09,2.6181323286975524e-10,0.4470271994832462
trial_0012_bite_015_transfer,trial_0012_bite_015,trial_0012,transfer,contextual_promp,RobotSmooth,True,101,1.0,True,0,1.0,101,True,0,5.345215027418045,0.6764753128893937,1.9608403690291583,14.388415027706426,0,0,0,0,True,2.22987991646805e-10,6.596304769903491e-11,1.331485382963459e-09,3.9389329793170885e-10,5.3734794391857577e-14,2.419647748884534e-14,2.22987991646805e-10,6.596304769903491e-11,1.3314853829634598e-09,3.938932979317091e-10,0.46711317393431706
trial_0012_bite_015_withdrawal,trial_0012_bite_015,trial_0012,withdrawal,retrieval,B0,True,63,0.6237623762376238,False,0,1.0,63,False,0,6.625894168150575,1.949997971506477,28.369741599124843,2322.57755294695,38,0,0,0,True,1.388223221117556e-10,4.2075722143941476e-11,8.28994824008208e-10,2.5125915682231847e-10,9.85878045867139e-14,3.9469648579533535e-14,1.388223221117556e-10,4.2075722143941476e-11,8.289948240082087e-10,2.512591568223187e-10,0.009043980714597666
trial_0012_bite_015_withdrawal,trial_0012_bite_015,trial_0012,withdrawal,retrieval,StrongLocal,True,101,1.0,True,0,1.0,101,True,0,7.301842512972635,1.4926595449053026,30.8809407246505,3218.815118358539,0,0,0,0,True,3.4211768645618414e-10,7.300843441518591e-11,2.0429242281344606e-09,4.359888654199722e-10,1.0480505352461478e-13,2.8403016360954904e-14,3.4211768645618414e-10,7.300843441518591e-11,2.0429242281344627e-09,4.3598886541997254e-10,0.23159199028342492
trial_0012_bite_015_withdrawal,trial_0012_bite_015,trial_0012,withdrawal,retrieval,RobotSmooth,True,101,1.0,True,0,1.0,101,True,0,7.201389837211922,1.5034083402820921,46.971793104258246,5829.859757193333,0,0,0,0,True,3.0870602818041607e-10,9.008145092964049e-11,1.843615189526575e-09,5.379523293444121e-10,9.14823772291129e-14,2.529468061989171e-14,3.0870602818041607e-10,9.008145092964049e-11,1.8436151895265762e-09,5.379523293444126e-10,0.23159199028342492
trial_0012_bite_015_withdrawal,trial_0012_bite_015,trial_0012,withdrawal,contextual_promp,B0,True,101,1.0,True,0,1.0,101,True,0,6.164501137952975,1.1191080484138871,5.241552998345419,57.84301854835583,0,0,0,0,True,7.885955152587535e-11,2.982272714567831e-11,4.707833928237401e-10,1.7809881012431838e-10,1.0613732115416497e-13,3.14052068156634e-14,7.885955152587535e-11,2.982272714567831e-11,4.707833928237405e-10,1.7809881012431853e-10,0.23159199028342492
trial_0012_bite_015_withdrawal,trial_0012_bite_015,trial_0012,withdrawal,contextual_promp,StrongLocal,True,101,1.0,True,0,1.0,101,True,0,5.720789540023815,1.0866019500271098,5.632648786155686,189.5053102770843,0,0,0,0,True,9.839689369806699e-11,3.156494835861336e-11,5.875682721205266e-10,1.8849311147623976e-10,1.0835776720341528e-13,2.7054135288803583e-14,9.839689369806699e-11,3.156494835861336e-11,5.875682721205271e-10,1.884931114762399e-10,0.23159199028342492
trial_0012_bite_015_withdrawal,trial_0012_bite_015,trial_0012,withdrawal,contextual_promp,RobotSmooth,True,101,1.0,True,0,1.0,101,True,0,6.164501137834542,1.1191080483983218,5.241552992531399,57.843018555648236,0,0,0,0,True,9.460094120399845e-11,3.0765888777410866e-11,5.647264865383319e-10,1.8372893715067606e-10,1.1590728377086634e-13,3.5008443194963555e-14,9.460094120399845e-11,3.0765888777410866e-11,5.647264865383324e-10,1.8372893715067622e-10,0.23159199028342492
trial_0013_bite_001_transfer,trial_0013_bite_001,trial_0013,transfer,retrieval,B0,True,77,0.7623762376237624,False,0,1.0,77,False,0,5.019624835375818,1.3571338255140089,40.76543161256544,2187.198767217742,0,24,0,0,True,5.671685862297685e-11,2.119871647879839e-11,3.388420043290383e-10,1.2658593613958363e-10,1.163513729807164e-13,4.2027195708932305e-14,5.671685862297685e-11,2.119871647879839e-11,3.388420043290385e-10,1.265859361395837e-10,0.40436925318005024
trial_0013_bite_001_transfer,trial_0013_bite_001,trial_0013,transfer,retrieval,StrongLocal,True,77,0.7623762376237624,False,0,1.0,77,False,0,5.159805763476868,1.6145616813139774,53.21667706768861,2741.4486774519473,0,24,0,0,True,5.0975512406646095e-11,1.8725515733146228e-11,3.043772044152107e-10,1.1181768627560379e-10,1.7186252421197423e-13,4.860521379726333e-14,5.0975512406646095e-11,1.8725515733146228e-11,3.0437720441521096e-10,1.1181768627560389e-10,0.3796960529519833
trial_0013_bite_001_transfer,trial_0013_bite_001,trial_0013,transfer,retrieval,RobotSmooth,True,78,0.7722772277227723,False,0,1.0,78,False,0,4.568866279978197,0.8961733076097189,29.082467755208963,2559.183766507373,0,0,1,23,True,5.671685862297685e-11,2.073671742688781e-11,3.388420043290383e-10,1.238193627469511e-10,2.2293278334473143e-13,4.828111717976013e-14,5.671685862297685e-11,2.073671742688781e-11,3.388420043290385e-10,1.238193627469512e-10,0.4259640359846255
trial_0013_bite_001_transfer,trial_0013_bite_001,trial_0013,transfer,contextual_promp,B0,True,101,1.0,True,0,1.0,101,True,0,3.438152409201134,0.4115391098791313,1.6516941432095817,16.744723707364518,0,0,0,0,True,3.659967183468988e-11,1.2471675656165972e-11,2.1833647683727922e-10,7.447037096693436e-11,2.091660178393795e-13,6.69433010110227e-14,3.659967183468988e-11,1.2471675656165972e-11,2.183364768372794e-10,7.447037096693441e-11,0.3857603355046111
trial_0013_bite_001_transfer,trial_0013_bite_001,trial_0013,transfer,contextual_promp,StrongLocal,True,101,1.0,True,0,1.0,101,True,0,3.445871529248571,0.4121419375191121,2.9039067219988692,154.90380172026744,0,0,0,0,True,4.372655809044673e-11,1.3598454260845068e-11,2.6110903364735506e-10,8.120014298161768e-11,2.2648549702353193e-13,7.060574582338274e-14,4.372655809044673e-11,1.3598454260845068e-11,2.6110903364735526e-10,8.120014298161775e-11,0.3576867114235798
trial_0013_bite_001_transfer,trial_0013_bite_001,trial_0013,transfer,contextual_promp,RobotSmooth,True,101,1.0,True,0,1.0,101,True,0,3.4381524094970413,0.41153910988399606,1.6516941442660604,16.744723911977108,0,0,0,0,True,5.416823982756231e-11,1.3918411725305007e-11,3.23423340723829e-10,8.311162606189292e-11,1.7763568394002505e-13,6.22612281892194e-14,5.416823982756231e-11,1.3918411725305007e-11,3.234233407238293e-10,8.311162606189298e-11,0.3857603355046111
trial_0013_bite_001_withdrawal,trial_0013_bite_001,trial_0013,withdrawal,retrieval,B0,True,101,1.0,True,3,0.9702970297029703,94,False,0,6.050204740550715,1.1893206691434126,14.372914731972074,1256.8156857243623,0,0,0,0,True,1.6579972395847386e-09,2.725277157252671e-10,9.901125611904481e-09,1.6274732112610259e-09,3.326228181776969e-12,6.4209368033568e-13,1.6579972395847386e-09,2.725277157252671e-10,9.90112561190449e-09,1.6274732112610275e-09,0.21912143693950692
trial_0013_bite_001_withdrawal,trial_0013_bite_001,trial_0013,withdrawal,retrieval,StrongLocal,True,101,1.0,True,0,1.0,101,True,0,6.088280021469622,1.1473561942999566,17.21415646387471,1818.458001537035,0,0,0,0,True,4.780925711824147e-10,1.0449095377617727e-10,2.855106598908301e-09,6.240035700671475e-10,2.3092638912203256e-13,6.040541062742388e-14,4.780925711824147e-10,1.0449095377617727e-10,2.8551065989083034e-09,6.24003570067148e-10,0.2652036352964773
trial_0013_bite_001_withdrawal,trial_0013_bite_001,trial_0013,withdrawal,retrieval,RobotSmooth,True,101,1.0,True,0,1.0,101,True,0,6.318717015121295,1.2101445859043034,41.57790527832714,6508.294135486183,0,0,0,0,True,1.3169632351239665e-09,2.7971789765997113e-10,7.86462045604746e-09,1.6703999635642708e-09,8.606448886894214e-13,2.764916766636474e-13,1.3169632351239665e-09,2.7971789765997113e-10,7.864620456047466e-09,1.6703999635642724e-09,0.21987903380804852
trial_0013_bite_001_withdrawal,trial_0013_bite_001,trial_0013,withdrawal,contextual_promp,B0,True,101,1.0,True,0,1.0,101,True,0,4.275442446410747,0.7561551867860524,3.3764216267326588,36.411728973482916,0,0,0,0,True,1.4721450089354256e-10,2.7715004788186233e-11,8.793059274961928e-10,1.655140415626782e-10,1.580957587066223e-13,3.993533171867369e-14,1.4721450089354256e-10,2.7715004788186233e-11,8.793059274961936e-10,1.6551404156267835e-10,0.3308514472243811
trial_0013_bite_001_withdrawal,trial_0013_bite_001,trial_0013,withdrawal,contextual_promp,StrongLocal,True,101,1.0,True,0,1.0,101,True,0,3.851330078682586,0.712192858913068,5.622353463960799,420.65852287556305,0,0,0,0,True,7.094572211209279e-11,2.5561610276342168e-11,4.23758412489682e-10,1.5264457123866661e-10,1.283417816466681e-13,3.599089820553185e-14,7.094572211209279e-11,2.5561610276342168e-11,4.237584124896823e-10,1.5264457123866674e-10,0.41197748646967103
trial_0013_bite_001_withdrawal,trial_0013_bite_001,trial_0013,withdrawal,contextual_promp,RobotSmooth,True,101,1.0,True,0,1.0,101,True,0,4.275442446664172,0.7561551867934541,3.376421622648845,36.41172891387604,0,0,0,0,True,1.3526278132523318e-10,2.7154455551318887e-11,8.077241775369247e-10,1.6215870771470646e-10,1.580957587066223e-13,4.273435048462373e-14,1.3526278132523318e-10,2.7154455551318887e-11,8.077241775369255e-10,1.6215870771470656e-10,0.33085144722463866
trial_0013_bite_002_transfer,trial_0013_bite_002,trial_0013,transfer,retrieval,B0,True,91,0.900990099009901,False,1,0.989010989010989,78,False,0,8.035505936731813,1.6047747771427867,94.35770118140817,10231.855080019988,0,10,0,0,True,9.375091871979904e-11,1.9359944825344525e-11,5.597389381788521e-10,1.1560394617882757e-10,7.389644451905042e-13,1.1323827021269703e-13,9.375091871979904e-11,1.9359944825344525e-11,5.597389381788525e-10,1.1560394617882766e-10,0.2932294107538729
trial_0013_bite_002_transfer,trial_0013_bite_002,trial_0013,transfer,retrieval,StrongLocal,True,90,0.8910891089108911,False,1,0.9888888888888889,78,False,2,7.761516280367535,1.6903054438956293,89.04850746064422,8783.561764925511,0,11,0,0,True,1.2507206117507251e-09,1.4097692947106777e-10,7.468892731999491e-09,8.41860291893754e-10,1.0378364834195963e-11,1.5650602318268065e-12,1.2507206117507251e-09,1.4097692947106777e-10,7.468892731999498e-09,8.418602918937547e-10,0.22762934731145723
trial_0013_bite_002_transfer,trial_0013_bite_002,trial_0013,transfer,retrieval,RobotSmooth,True,82,0.8118811881188119,False,0,1.0,82,False,0,6.2825959286101485,1.2981079901287336,55.55875557606929,4899.700447129544,0,0,1,19,True,7.945087177159468e-11,2.163447151226151e-11,4.744973860551e-10,1.291853373662179e-10,5.515587986337778e-13,8.757315798230601e-14,7.945087177159468e-11,2.163447151226151e-11,4.744973860551004e-10,1.29185337366218e-10,0.2932294107537292
trial_0013_bite_002_transfer,trial_0013_bite_002,trial_0013,transfer,contextual_promp,B0,True,71,0.7029702970297029,False,1,0.9859154929577465,70,False,0,4.048977016453434,1.0849209678783007,24.69390236898744,892.8658873432839,0,30,0,0,True,6.974907841454038e-11,1.8066932706775028e-11,4.1651482381793805e-10,1.0787607959580548e-10,9.801048861390882e-13,1.3179800588509462e-13,6.974907841454038e-11,1.8066932706775028e-11,4.1651482381793836e-10,1.0787607959580554e-10,0.33170246904667167
trial_0013_bite_002_transfer,trial_0013_bite_002,trial_0013,transfer,contextual_promp,StrongLocal,True,70,0.693069306930693,False,0,1.0,70,False,0,4.183542791027669,1.3045798608814354,34.64539258422127,1387.058453594027,0,31,0,0,True,4.1901172342725204e-11,1.5981945567382648e-11,2.501597531323489e-10,9.54439478779656e-11,3.801403636316536e-13,7.272149922070765e-14,4.1901172342725204e-11,1.5981945567382648e-11,2.50159753132349e-10,9.544394787796566e-11,0.32987573647375057
trial_0013_bite_002_transfer,trial_0013_bite_002,trial_0013,transfer,contextual_promp,RobotSmooth,True,73,0.7227722772277227,False,1,0.9863013698630136,72,False,0,3.962873075645582,0.8083317262701833,41.07426084347576,3995.453422504309,0,0,1,28,True,4.506766280067803e-11,1.783854079903053e-11,2.6901823631399715e-10,1.0653755201299488e-10,2.233768725545815e-13,5.801983986813576e-14,4.506766280067803e-11,1.783854079903053e-11,2.6901823631399735e-10,1.0653755201299495e-10,0.3366345090129288
trial_0013_bite_002_withdrawal,trial_0013_bite_002,trial_0013,withdrawal,retrieval,B0,True,101,1.0,True,0,1.0,101,True,0,4.827802329439715,0.82548461144002,20.29664494074741,2502.679321801055,0,0,0,0,True,5.03819884431654e-11,1.9028038130440265e-11,3.010147559456712e-10,1.1363170004479285e-10,1.1013412404281553e-13,3.65482670951652e-14,5.03819884431654e-11,1.9028038130440265e-11,3.0101475594567146e-10,1.1363170004479294e-10,0.26672157050778367
trial_0013_bite_002_withdrawal,trial_0013_bite_002,trial_0013,withdrawal,retrieval,StrongLocal,True,101,1.0,True,0,1.0,101,True,0,4.430730962847818,0.7622905003915461,26.071714732242153,3515.1224537914945,0,0,0,0,True,6.93342000790546e-11,2.4209092669233672e-11,4.1400806806695106e-10,1.4457701964599432e-10,1.1013412404281553e-13,3.130653515371852e-14,6.93342000790546e-11,2.4209092669233672e-11,4.1400806806695143e-10,1.4457701964599445e-10,0.5161584791900466
trial_0013_bite_002_withdrawal,trial_0013_bite_002,trial_0013,withdrawal,retrieval,RobotSmooth,True,101,1.0,True,0,1.0,101,True,0,4.827802328718642,0.825484611304664,20.296644823834974,2502.6792954421676,0,0,0,0,True,7.170007315807819e-11,2.0902056225989383e-11,4.2793034574915776e-10,1.2482437493380465e-10,1.0658141036401503e-13,3.438585889565823e-14,7.170007315807819e-11,2.0902056225989383e-11,4.279303457491581e-10,1.2482437493380476e-10,0.26672157050778367
trial_0013_bite_002_withdrawal,trial_0013_bite_002,trial_0013,withdrawal,contextual_promp,B0,True,101,1.0,True,0,1.0,101,True,0,4.260568317932649,0.7637226468012029,3.249536852207082,31.086994764877005,0,0,0,0,True,1.7315496251517385e-10,3.664474312827647e-11,1.0338575406603771e-09,2.1882642322413202e-10,8.704148513061227e-14,3.728867724245732e-14,1.7315496251517385e-10,3.664474312827647e-11,1.033857540660378e-09,2.188264232241322e-10,0.41068577909126436
trial_0013_bite_002_withdrawal,trial_0013_bite_002,trial_0013,withdrawal,contextual_promp,StrongLocal,True,101,1.0,True,0,1.0,101,True,0,3.7332484994499056,0.7007066460227397,4.931372203588533,360.26934268523996,0,0,0,0,True,1.4960062065385104e-10,3.2725027278760285e-11,8.934195881826997e-10,1.9541134111545556e-10,9.325873406851315e-14,2.859735277461565e-14,1.4960062065385104e-10,3.2725027278760285e-11,8.934195881827006e-10,1.9541134111545572e-10,0.5173757389755043
trial_0013_bite_002_withdrawal,trial_0013_bite_002,trial_0013,withdrawal,contextual_promp,RobotSmooth,True,101,1.0,True,0,1.0,101,True,0,4.260568318122526,0.7637226468543474,3.2495368321692832,31.08699538031867,0,0,0,0,True,1.150408687872292e-10,3.189486773368489e-11,6.870062326787282e-10,1.9045986630224497e-10,1.1013412404281553e-13,3.756601882228522e-14,1.150408687872292e-10,3.189486773368489e-11,6.870062326787288e-10,1.9045986630224512e-10,0.4106857790917626
trial_0013_bite_003_transfer,trial_0013_bite_003,trial_0013,transfer,retrieval,B0,True,101,1.0,True,0,1.0,101,True,0,3.8152032868335737,0.4592314376749245,7.268109927269971,733.7733677637848,0,0,0,0,True,1.1126800229269905e-10,2.951360391827545e-11,6.645122441415203e-10,1.7624252715695387e-10,1.247890679678676e-13,5.110068442285076e-14,1.1126800229269905e-10,2.951360391827545e-11,6.645122441415208e-10,1.7624252715695403e-10,0.3918288156545393
trial_0013_bite_003_transfer,trial_0013_bite_003,trial_0013,transfer,retrieval,StrongLocal,True,101,1.0,True,0,1.0,101,True,0,3.666661414219592,0.4395640955486869,8.459259573388591,880.4575540939152,0,0,0,0,True,8.155952609214531e-11,2.0338180054117607e-11,4.870425365026613e-10,1.2144629569858933e-10,2.1049828546892968e-13,5.520652318403481e-14,8.155952609214531e-11,2.0338180054117607e-11,4.870425365026617e-10,1.214462956985894e-10,0.38336484931014403
trial_0013_bite_003_transfer,trial_0013_bite_003,trial_0013,transfer,retrieval,RobotSmooth,True,101,1.0,True,0,1.0,101,True,0,3.8152032882495774,0.4592314377130015,7.268109955684434,733.773371798392,0,0,0,0,True,1.0142625049355302e-10,3.0463986795279485e-11,6.05593126972966e-10,1.8191666938186608e-10,1.474376176702208e-13,5.067341479904897e-14,1.0142625049355302e-10,3.0463986795279485e-11,6.055931269729666e-10,1.8191666938186624e-10,0.39182881565417405
trial_0013_bite_003_transfer,trial_0013_bite_003,trial_0013,transfer,contextual_promp,B0,True,101,1.0,True,0,1.0,101,True,0,3.4550907762201533,0.42148353221824264,1.2825628429998415,9.620303969834737,0,0,0,0,True,5.989625160666129e-11,2.3693463997263193e-11,3.5778544165109517e-10,1.41481719303657e-10,1.2612133559741778e-13,4.840945506348186e-14,5.989625160666129e-11,2.3693463997263193e-11,3.5778544165109553e-10,1.414817193036571e-10,0.39951267136435775
trial_0013_bite_003_transfer,trial_0013_bite_003,trial_0013,transfer,contextual_promp,StrongLocal,True,101,1.0,True,0,1.0,101,True,0,3.3114438944774967,0.4039785051691197,2.4830328584537953,143.40047204579963,0,0,0,0,True,1.0914069659496898e-10,2.3397666839881946e-11,6.519682242367732e-10,1.3972367632741712e-10,1.3233858453531866e-13,4.372686495649425e-14,1.0914069659496898e-10,2.3397666839881946e-11,6.519682242367737e-10,1.397236763274172e-10,0.39485941288092463
trial_0013_bite_003_transfer,trial_0013_bite_003,trial_0013,transfer,contextual_promp,RobotSmooth,True,101,1.0,True,0,1.0,101,True,0,3.4550907765742296,0.4214835322216871,1.2825628396095299,9.620304003918788,0,0,0,0,True,1.383857696446755e-10,2.9719505406810347e-11,8.263057870053583e-10,1.7747495113295543e-10,1.199040866595169e-13,4.862127806682052e-14,1.383857696446755e-10,2.9719505406810347e-11,8.263057870053588e-10,1.7747495113295556e-10,0.39951267136435775
trial_0013_bite_003_withdrawal,trial_0013_bite_003,trial_0013,withdrawal,retrieval,B0,True,101,1.0,True,1,0.9900990099009901,74,False,0,8.757215631086016,1.688478554727618,22.55828491230504,2051.8214538057377,0,0,0,0,True,1.3637644998531726e-09,2.3342015599474267e-10,8.14421920355374e-09,1.393925358145223e-09,1.447286734901354e-12,2.392537522042291e-13,1.3637644998531726e-09,2.3342015599474267e-10,8.144219203553749e-09,1.3939253581452243e-09,0.35866831211760797
trial_0013_bite_003_withdrawal,trial_0013_bite_003,trial_0013,withdrawal,retrieval,StrongLocal,True,101,1.0,True,1,0.9900990099009901,80,False,0,8.55538772444298,1.6699826047990818,27.76693581204634,3160.1411023685328,0,0,0,0,True,1.1163435453117018e-09,2.3684396408938583e-10,6.666500176277003e-09,1.4143806287122396e-09,7.895906151134113e-13,1.7416952437949368e-13,1.1163435453117018e-09,2.3684396408938583e-10,6.666500176277007e-09,1.4143806287122406e-09,0.4476530782431496
trial_0013_bite_003_withdrawal,trial_0013_bite_003,trial_0013,withdrawal,retrieval,RobotSmooth,True,101,1.0,True,0,1.0,101,True,1,9.422421830021452,1.81739997773832,77.38878254702342,10978.331385592328,0,0,0,0,True,1.400119374883496e-09,2.2834599937652772e-10,8.361216544957131e-09,1.3636253843471578e-09,2.3216983890961274e-12,3.4564878377772774e-13,1.400119374883496e-09,2.2834599937652772e-10,8.361216544957136e-09,1.3636253843471589e-09,0.4476530782431496
trial_0013_bite_003_withdrawal,trial_0013_bite_003,trial_0013,withdrawal,contextual_promp,B0,True,101,1.0,True,0,1.0,101,True,0,5.457163949804807,0.9621118382695252,4.069540951429583,37.18526113424898,0,0,0,0,True,1.6627658079946268e-10,3.6404508024501105e-11,9.928853828221731e-10,2.174100913501245e-10,1.2567724638756772e-13,3.852735389444118e-14,1.6627658079946268e-10,3.6404508024501105e-11,9.928853828221737e-10,2.1741009135012462e-10,0.4476530782431496
trial_0013_bite_003_withdrawal,trial_0013_bite_003,trial_0013,withdrawal,contextual_promp,StrongLocal,True,101,1.0,True,0,1.0,101,True,0,5.120007307790075,0.9288941004662595,6.303905902851235,456.5903397975783,0,0,0,0,True,1.6185980407269407e-10,3.4614891134788044e-11,9.66691470576575e-10,2.0672972923934702e-10,1.341149413747189e-13,3.7507653584375356e-14,1.6185980407269407e-10,3.4614891134788044e-11,9.666914705765755e-10,2.0672972923934715e-10,0.4476530782431496
trial_0013_bite_003_withdrawal,trial_0013_bite_003,trial_0013,withdrawal,contextual_promp,RobotSmooth,True,101,1.0,True,0,1.0,101,True,0,5.457163948944126,0.9621118381687491,4.069540960049941,37.185261490828786,0,0,0,0,True,9.273995087563973e-11,2.933706702367276e-11,5.537737379921988e-10,1.751917748307901e-10,1.2079226507921703e-13,3.746692101490031e-14,9.273995087563973e-11,2.933706702367276e-11,5.537737379921992e-10,1.7519177483079022e-10,0.4476530782431496
trial_0013_bite_004_withdrawal,trial_0013_bite_004,trial_0013,withdrawal,retrieval,B0,True,101,1.0,True,0,1.0,101,True,0,5.097337859014788,0.8937715538252735,33.227927095435945,3097.9072019946016,0,0,0,0,True,6.072722755206846e-11,1.848214109898426e-11,3.6274590195478774e-10,1.1037859916196358e-10,1.0391687510491465e-13,3.6556974488276804e-14,6.072722755206846e-11,1.848214109898426e-11,3.62745901954788e-10,1.1037859916196365e-10,0.3236146689654653
trial_0013_bite_004_withdrawal,trial_0013_bite_004,trial_0013,withdrawal,retrieval,StrongLocal,True,101,1.0,True,0,1.0,101,True,0,5.036855798704911,0.8852561826923022,37.487409981126895,3690.4258162024234,0,0,0,0,True,4.7259731088137406e-11,1.805974336387165e-11,2.819747352014402e-10,1.0784179232795482e-10,9.281464485866309e-14,3.8359612919808635e-14,4.7259731088137406e-11,1.805974336387165e-11,2.8197473520144046e-10,1.0784179232795491e-10,0.4113846871115747
trial_0013_bite_004_withdrawal,trial_0013_bite_004,trial_0013,withdrawal,retrieval,RobotSmooth,True,101,1.0,True,0,1.0,101,True,0,5.097337858628013,0.8937715538100711,33.22792708899034,3097.9072013146056,0,0,0,0,True,6.072722755206846e-11,1.8445066446238088e-11,3.6274590195478774e-10,1.1015337371425883e-10,9.814371537686384e-14,3.541952400416756e-14,6.072722755206846e-11,1.8445066446238088e-11,3.62745901954788e-10,1.101533737142589e-10,0.3236146689654653
trial_0013_bite_004_withdrawal,trial_0013_bite_004,trial_0013,withdrawal,contextual_promp,B0,True,101,1.0,True,0,1.0,101,True,0,4.077219832318483,0.7452571698771606,3.3773670923161054,35.53098068734563,0,0,0,0,True,1.3359948486148834e-10,3.7334532404217575e-11,7.977710059504425e-10,2.2294881551586497e-10,1.056932319443149e-13,3.5419827209739954e-14,1.3359948486148834e-10,3.7334532404217575e-11,7.97771005950443e-10,2.2294881551586518e-10,0.4082134855714452
trial_0013_bite_004_withdrawal,trial_0013_bite_004,trial_0013,withdrawal,contextual_promp,StrongLocal,True,101,1.0,True,0,1.0,101,True,0,3.4921366329951313,0.6789892329386997,4.983036625122985,355.07909923819057,0,0,0,0,True,9.781955582663392e-11,2.9242246980730574e-11,5.842171245637072e-10,1.7460452552977404e-10,9.992007221626409e-14,3.4182875447255386e-14,9.781955582663392e-11,2.9242246980730574e-11,5.842171245637076e-10,1.7460452552977415e-10,0.5436661541306789
trial_0013_bite_004_withdrawal,trial_0013_bite_004,trial_0013,withdrawal,contextual_promp,RobotSmooth,True,101,1.0,True,0,1.0,101,True,0,4.077219832529405,0.7452571698738049,3.3773670893267833,35.53098049347791,0,0,0,0,True,1.399369932872288e-10,3.336434328284262e-11,8.357735607061774e-10,1.992292135212147e-10,8.926193117986259e-14,3.180088440564666e-14,1.399369932872288e-10,3.336434328284262e-11,8.357735607061781e-10,1.9922921352121488e-10,0.408213485571693
trial_0013_bite_005_transfer,trial_0013_bite_005,trial_0013,transfer,retrieval,B0,True,101,1.0,True,0,1.0,101,True,0,3.358947961765479,0.42388672906932756,9.880194560925696,932.5856642302941,0,0,0,0,True,4.6254038738594235e-11,1.8765681881857737e-11,2.7600589809512624e-10,1.1204567478655185e-10,1.1546319456101628e-13,4.799994994151725e-14,4.6254038738594235e-11,1.8765681881857737e-11,2.760058980951266e-10,1.1204567478655194e-10,0.3078541035800999
trial_0013_bite_005_transfer,trial_0013_bite_005,trial_0013,transfer,retrieval,StrongLocal,True,101,1.0,True,0,1.0,101,True,0,3.2503697279754116,0.4065594167606802,10.620171812821688,1010.9908542873418,0,0,0,0,True,4.230988398343296e-11,1.8172578837807133e-11,2.527018244933301e-10,1.0850997527096298e-10,1.1546319456101628e-13,5.0886864918975195e-14,4.230988398343296e-11,1.8172578837807133e-11,2.527018244933302e-10,1.0850997527096306e-10,0.30125149048370314
trial_0013_bite_005_transfer,trial_0013_bite_005,trial_0013,transfer,retrieval,RobotSmooth,True,101,1.0,True,0,1.0,101,True,0,3.358947960854808,0.4238867290162265,9.880194538666862,932.5856618912329,0,0,0,0,True,4.6254038738594235e-11,1.838761649926706e-11,2.7600589809512624e-10,1.0977154042450807e-10,1.0969003483296547e-13,4.8268802057418226e-14,4.6254038738594235e-11,1.838761649926706e-11,2.760058980951266e-10,1.0977154042450816e-10,0.307854103579805
trial_0013_bite_005_transfer,trial_0013_bite_005,trial_0013,transfer,contextual_promp,B0,True,101,1.0,True,0,1.0,101,True,0,2.8465374258317917,0.33935185475796764,1.17735653020919,8.612053476722888,0,0,0,0,True,3.654376487412442e-11,1.4076327031821902e-11,2.1824906300075649e-10,8.404953348566606e-11,1.9095836023552692e-13,5.5039751776556144e-14,3.654376487412442e-11,1.4076327031821902e-11,2.1824906300075664e-10,8.404953348566611e-11,0.3082319723305529
trial_0013_bite_005_transfer,trial_0013_bite_005,trial_0013,transfer,contextual_promp,StrongLocal,True,101,1.0,True,0,1.0,101,True,0,2.784733129069364,0.33035356396684207,2.4036107759541068,141.75562243626413,0,0,0,0,True,4.0410397364821006e-11,1.3662559639837411e-11,2.411481638726865e-10,8.157538012315551e-11,1.3322676295501878e-13,5.577346743537433e-14,4.0410397364821006e-11,1.3662559639837411e-11,2.4114816387268666e-10,8.157538012315556e-11,0.3002248733027215
trial_0013_bite_005_transfer,trial_0013_bite_005,trial_0013,transfer,contextual_promp,RobotSmooth,True,101,1.0,True,0,1.0,101,True,0,2.8465374257956815,0.33935185476488305,1.1773565301836662,8.612053464706213,0,0,0,0,True,3.654376487412442e-11,1.430897684013283e-11,2.1824906300075649e-10,8.545426163509146e-11,1.3500311979441904e-13,5.4249332726322155e-14,3.654376487412442e-11,1.430897684013283e-11,2.1824906300075664e-10,8.545426163509153e-11,0.3082319723305529
trial_0013_bite_005_withdrawal,trial_0013_bite_005,trial_0013,withdrawal,retrieval,B0,True,74,0.7326732673267327,False,0,1.0,47,False,0,6.296367169178457,1.6148509291083235,22.68362299471801,1756.53847487044,27,0,0,0,True,4.0830612775249836e-10,7.119527804442337e-11,2.438243633730332e-09,4.251593104321774e-10,2.4646951146678475e-13,6.905725181628164e-14,4.0830612775249836e-10,7.119527804442337e-11,2.4382436337303342e-09,4.2515931043217776e-10,0.002527887677226559
trial_0013_bite_005_withdrawal,trial_0013_bite_005,trial_0013,withdrawal,retrieval,StrongLocal,True,73,0.7227722772277227,False,0,1.0,52,False,0,6.344616824108192,1.5974744032273334,27.3273147834848,2664.5593344992453,28,0,0,0,True,9.94971326807865e-10,1.6417745046963129e-10,5.941686604856458e-09,9.80433425997318e-10,5.915268275202834e-13,1.2923977468609527e-13,9.94971326807865e-10,1.6417745046963129e-10,5.941686604856464e-09,9.804334259973188e-10,0.006240039949609866
trial_0013_bite_005_withdrawal,trial_0013_bite_005,trial_0013,withdrawal,retrieval,RobotSmooth,True,101,1.0,True,0,1.0,101,True,5,9.41654209719324,1.6086963243775898,146.55569854633802,23742.460603684758,0,0,0,0,True,1.6068306204289138e-09,4.96159913323171e-10,9.595601533892816e-09,2.96292729955602e-09,8.970602038971265e-14,1.8787401082542715e-14,1.6068306204289138e-09,4.96159913323171e-10,9.595601533892825e-09,2.9629272995560226e-09,0.1561068545912816
trial_0013_bite_005_withdrawal,trial_0013_bite_005,trial_0013,withdrawal,contextual_promp,B0,True,101,1.0,True,0,1.0,101,True,0,5.801556063241935,0.9909857747919362,5.223967424499932,67.8129738224718,0,0,0,0,True,4.947837297608463e-10,9.250660822375811e-11,2.954663580672785e-09,5.524273209021154e-10,1.4699352846037073e-13,4.442766990326082e-14,4.947837297608463e-10,9.250660822375811e-11,2.9546635806727874e-09,5.524273209021159e-10,0.026413790434610007
trial_0013_bite_005_withdrawal,trial_0013_bite_005,trial_0013,withdrawal,contextual_promp,StrongLocal,True,101,1.0,True,0,1.0,101,True,0,4.763583412555635,0.7970207996763012,5.58806319654827,276.70760879610594,0,0,0,0,True,2.87804431742692e-10,9.171934358564624e-11,1.718749343116698e-09,5.477276558529927e-10,5.995204332975845e-14,1.8983280521600546e-14,2.87804431742692e-10,9.171934358564624e-11,1.7187493431166995e-09,5.477276558529931e-10,0.15116385763753115
trial_0013_bite_005_withdrawal,trial_0013_bite_005,trial_0013,withdrawal,contextual_promp,RobotSmooth,True,101,1.0,True,0,1.0,101,True,0,5.801556060531379,0.9909857747006835,5.22396748186955,67.81297033563938,0,0,0,0,True,1.7343991673042008e-10,5.958429099928975e-11,1.0357992707237743e-09,3.5583471741113146e-10,2.4202861936828413e-13,5.25663541467635e-14,1.7343991673042008e-10,5.958429099928975e-11,1.0357992707237751e-09,3.5583471741113177e-10,0.02641379043353531
trial_0013_bite_006_transfer,trial_0013_bite_006,trial_0013,transfer,retrieval,B0,True,79,0.7821782178217822,False,1,0.9873417721518988,78,False,0,4.847652357455146,1.1675670456205176,26.90245801899518,2206.0859906274873,0,22,0,0,True,4.317817903689407e-11,1.624660297437035e-11,2.580422049214432e-10,9.704149507260517e-11,1.6786572132332367e-13,6.817837258656143e-14,4.317817903689407e-11,1.624660297437035e-11,2.580422049214434e-10,9.704149507260525e-11,0.32645558240954564
trial_0013_bite_006_transfer,trial_0013_bite_006,trial_0013,transfer,retrieval,StrongLocal,True,78,0.7722772277227723,False,1,0.9871794871794872,77,False,0,4.8381509297345895,1.366985049961438,27.156513062387198,2176.1491309821636,0,23,0,0,True,3.330168719079764e-11,1.3244669727910995e-11,1.9893993664526879e-10,7.907107015112228e-11,1.1945999744966684e-12,1.5480492641281504e-13,3.330168719079764e-11,1.3244669727910995e-11,1.9893993664526897e-10,7.907107015112235e-11,0.32108144902691826
trial_0013_bite_006_transfer,trial_0013_bite_006,trial_0013,transfer,retrieval,RobotSmooth,True,87,0.8613861386138614,False,0,1.0,87,False,0,6.837667725466826,1.7352452840235675,90.83855468700939,8331.625056809375,0,0,1,14,True,4.1032988454736395e-11,1.3546612309884477e-11,2.451590296049072e-10,8.091768039727825e-11,3.2596148002994596e-13,8.538056545098863e-14,4.1032988454736395e-11,1.3546612309884477e-11,2.4515902960490745e-10,8.091768039727831e-11,0.39507263782818125
trial_0013_bite_006_transfer,trial_0013_bite_006,trial_0013,transfer,contextual_promp,B0,True,101,1.0,True,0,1.0,101,True,0,3.290983976279052,0.4082054656236381,1.2525726108371378,8.373840073725109,0,0,0,0,True,6.694958854414281e-11,2.040658464282427e-11,3.9984900818748795e-10,1.2187531325851653e-10,1.0524914273446484e-13,4.636726474162226e-14,6.694958854414281e-11,2.040658464282427e-11,3.998490081874881e-10,1.218753132585166e-10,0.4425604887288277
trial_0013_bite_006_transfer,trial_0013_bite_006,trial_0013,transfer,contextual_promp,StrongLocal,True,101,1.0,True,0,1.0,101,True,0,3.0910870589179256,0.3771492151130424,3.2502732115651405,205.5703603640151,0,0,0,0,True,4.828950357356931e-11,1.7695642098939528e-11,2.8843773825547914e-10,1.0570133991376681e-10,1.2434497875801753e-13,4.7748500665161164e-14,4.828950357356931e-11,1.7695642098939528e-11,2.8843773825547935e-10,1.0570133991376689e-10,0.4148911581862029
trial_0013_bite_006_transfer,trial_0013_bite_006,trial_0013,transfer,contextual_promp,RobotSmooth,True,101,1.0,True,0,1.0,101,True,0,3.290983977317386,0.40820546562803184,1.2525726148507446,8.373839983399986,0,0,0,0,True,6.766361168299375e-11,2.324837710741446e-11,4.0402347260672515e-10,1.3883465463225544e-10,1.438849039914203e-13,4.314748982784026e-14,6.766361168299375e-11,2.324837710741446e-11,4.0402347260672535e-10,1.3883465463225554e-10,0.4425604887288277
trial_0013_bite_006_withdrawal,trial_0013_bite_006,trial_0013,withdrawal,retrieval,B0,True,101,1.0,True,1,0.9900990099009901,80,False,0,7.225145823170058,1.5118226387536358,27.167187521006632,2110.5354356929024,0,0,0,0,True,5.806051964045624e-10,1.4398103378511778e-10,3.4674370377276127e-09,8.598312089247126e-10,1.4925838343060605e-12,2.7772330221648567e-13,5.806051964045624e-10,1.4398103378511778e-10,3.467437037727616e-09,8.598312089247133e-10,0.2761030253346659
trial_0013_bite_006_withdrawal,trial_0013_bite_006,trial_0013,withdrawal,retrieval,StrongLocal,True,101,1.0,True,0,1.0,101,True,0,6.9882498226012535,1.3811354538773581,31.256899101281057,2800.2305090129084,0,0,0,0,True,6.261840962404139e-10,1.2456320985220295e-10,3.7394215043217804e-09,7.438426964964434e-10,2.753353101070388e-13,6.457064429340486e-14,6.261840962404139e-10,1.2456320985220295e-10,3.739421504321784e-09,7.43842696496444e-10,0.3008452559510735
trial_0013_bite_006_withdrawal,trial_0013_bite_006,trial_0013,withdrawal,retrieval,RobotSmooth,True,101,1.0,True,0,1.0,101,True,0,6.703270758601994,1.3416462149101744,43.753531672701016,5413.199745456282,0,0,0,0,True,9.173446396498853e-10,1.6056566968148507e-10,5.478045500211085e-09,9.588376959796277e-10,7.549516567451064e-14,2.8003954467857407e-14,9.173446396498853e-10,1.6056566968148507e-10,5.47804550021109e-09,9.588376959796285e-10,0.38408709818022846
trial_0013_bite_006_withdrawal,trial_0013_bite_006,trial_0013,withdrawal,contextual_promp,B0,True,101,1.0,True,0,1.0,101,True,0,4.922335602664681,0.9171061383370166,3.890211789635306,34.211711544104766,0,0,0,0,True,2.896636891494079e-10,6.345365607236997e-11,1.7298264664967633e-09,3.7892328214975995e-10,1.6209256159527285e-13,4.073075017649218e-14,2.896636891494079e-10,6.345365607236997e-11,1.7298264664967646e-09,3.7892328214976016e-10,0.2533022811388035
trial_0013_bite_006_withdrawal,trial_0013_bite_006,trial_0013,withdrawal,contextual_promp,StrongLocal,True,101,1.0,True,0,1.0,101,True,0,4.540891290607825,0.8431495713968427,4.751536923861874,279.4626181767236,0,0,0,0,True,1.980514100296078e-10,6.448538324054512e-11,1.1827967850233721e-09,3.851010411717739e-10,8.570921750106208e-14,3.092502487889485e-14,1.980514100296078e-10,6.448538324054512e-11,1.182796785023373e-09,3.8510104117177415e-10,0.3952002138598454
trial_0013_bite_006_withdrawal,trial_0013_bite_006,trial_0013,withdrawal,contextual_promp,RobotSmooth,True,101,1.0,True,0,1.0,101,True,0,4.922335602854103,0.9171061384201292,3.890211785916806,34.21171168317921,0,0,0,0,True,2.842767895289139e-10,5.112351390001079e-11,1.697525980931331e-09,3.052856311891818e-10,1.1679546219056647e-13,3.467366539719852e-14,2.842767895289139e-10,5.112351390001079e-11,1.6975259809313323e-09,3.05285631189182e-10,0.2533022811390886
trial_0013_bite_007_withdrawal,trial_0013_bite_007,trial_0013,withdrawal,retrieval,B0,True,101,1.0,True,0,1.0,101,True,0,6.759442849763455,1.423255763746326,26.119478303530713,2054.2175424483025,0,0,0,0,True,5.305400589501853e-10,1.2948832771626666e-10,3.1682275113776617e-09,7.732740827922987e-10,8.530953721219703e-13,1.3496929251652066e-13,5.305400589501853e-10,1.2948832771626666e-10,3.1682275113776646e-09,7.732740827922994e-10,0.2687599326517436
trial_0013_bite_007_withdrawal,trial_0013_bite_007,trial_0013,withdrawal,retrieval,StrongLocal,True,101,1.0,True,0,1.0,101,True,0,6.604761592117747,1.3181017321469048,31.19443144624893,2852.7974026222723,0,0,0,0,True,5.364286124698307e-10,1.0500089034208023e-10,3.2034693480832977e-09,6.270604417595825e-10,1.0080825063596421e-13,3.198556614564661e-14,5.364286124698307e-10,1.0500089034208023e-10,3.2034693480833006e-09,6.270604417595829e-10,0.3501794185573832
trial_0013_bite_007_withdrawal,trial_0013_bite_007,trial_0013,withdrawal,retrieval,RobotSmooth,True,101,1.0,True,0,1.0,101,True,0,6.520101412246868,1.371997838163493,80.6515535854662,12282.75636079606,0,0,0,0,True,5.239676753201196e-10,1.0889963438236962e-10,3.1289845698162083e-09,6.50308746239634e-10,6.483702463810914e-14,2.27963986124204e-14,5.239676753201196e-10,1.0889963438236962e-10,3.128984569816212e-09,6.503087462396346e-10,0.44114914199160005
trial_0013_bite_007_withdrawal,trial_0013_bite_007,trial_0013,withdrawal,contextual_promp,B0,True,101,1.0,True,0,1.0,101,True,0,4.842535066331254,0.9438231973491354,4.554103703289959,46.303624024631105,0,0,0,0,True,2.487563740543987e-10,4.7928332518434586e-11,1.4854625653832412e-09,2.862172156534628e-10,1.092459456231154e-13,3.230039334402695e-14,2.487563740543987e-10,4.7928332518434586e-11,1.4854625653832424e-09,2.86217215653463e-10,0.18731797282706353
trial_0013_bite_007_withdrawal,trial_0013_bite_007,trial_0013,withdrawal,contextual_promp,StrongLocal,True,101,1.0,True,0,1.0,101,True,0,4.563201869158462,0.8747022733209328,5.594431746806082,327.75896715881083,0,0,0,0,True,1.5777328847973368e-10,4.334239695078424e-11,9.42266476024355e-10,2.588456941693535e-10,8.526512829121202e-14,2.704431773870558e-14,1.5777328847973368e-10,4.334239695078424e-11,9.422664760243557e-10,2.588456941693537e-10,0.38247825757674825
trial_0013_bite_007_withdrawal,trial_0013_bite_007,trial_0013,withdrawal,contextual_promp,RobotSmooth,True,101,1.0,True,0,1.0,101,True,0,4.842535066553655,0.943823197397965,4.554103688091238,46.30362377778226,0,0,0,0,True,1.3069121713076336e-10,4.0419951447289695e-11,7.805226822581721e-10,2.4139246374415537e-10,1.092459456231154e-13,3.263483593622733e-14,1.3069121713076336e-10,4.0419951447289695e-11,7.805226822581727e-10,2.413924637441555e-10,0.187317972827314
trial_0013_bite_008_transfer,trial_0013_bite_008,trial_0013,transfer,retrieval,B0,True,101,1.0,True,0,1.0,101,True,0,4.565486298895473,0.6248420731833364,15.456286745583137,1428.533637983615,0,0,0,0,True,7.536057560692814e-11,1.9567331227228867e-11,4.501936416340422e-10,1.1684527730779587e-10,8.659739592076221e-14,3.509069961573743e-14,7.536057560692814e-11,1.9567331227228867e-11,4.501936416340426e-10,1.1684527730779597e-10,0.485450036142832
trial_0013_bite_008_transfer,trial_0013_bite_008,trial_0013,transfer,retrieval,StrongLocal,True,101,1.0,True,0,1.0,101,True,0,4.503956511199057,0.6137105793753822,17.113610246924118,1630.2710295170891,0,0,0,0,True,5.904752397490194e-11,2.1991834586824304e-11,3.525533956783837e-10,1.313393810518244e-10,1.092459456231154e-13,3.512646120180343e-14,5.904752397490194e-11,2.1991834586824304e-11,3.52553395678384e-10,1.3133938105182453e-10,0.4722448879079084
trial_0013_bite_008_transfer,trial_0013_bite_008,trial_0013,transfer,retrieval,RobotSmooth,True,101,1.0,True,0,1.0,101,True,0,4.565486299572984,0.6248420732340796,15.456286764244755,1428.5336402928504,0,0,0,0,True,7.536057560692814e-11,2.0150700764783196e-11,4.501936416340422e-10,1.203530174964585e-10,1.318944953254686e-13,3.5518314366065416e-14,7.536057560692814e-11,2.0150700764783196e-11,4.501936416340426e-10,1.203530174964586e-10,0.485450036142832
trial_0013_bite_008_transfer,trial_0013_bite_008,trial_0013,transfer,contextual_promp,B0,True,101,1.0,True,0,1.0,101,True,0,3.157304629614563,0.39019828038391624,1.1449747987986174,8.403638049791454,0,0,0,0,True,6.505389537736726e-11,1.900556421693639e-11,3.8834773812607746e-10,1.1348486704519e-10,1.1679546219056647e-13,4.309081637144989e-14,6.505389537736726e-11,1.900556421693639e-11,3.883477381260778e-10,1.1348486704519011e-10,0.4845807906300623
trial_0013_bite_008_transfer,trial_0013_bite_008,trial_0013,transfer,contextual_promp,StrongLocal,True,101,1.0,True,0,1.0,101,True,0,3.0494011267211167,0.37295473020932624,2.498315702185073,151.63853964898652,0,0,0,0,True,5.303148296182903e-11,2.091601535962979e-11,3.1681008873692524e-10,1.249053575956763e-10,1.163513729807164e-13,4.232887342731052e-14,5.303148296182903e-11,2.091601535962979e-11,3.1681008873692545e-10,1.249053575956764e-10,0.47136526481758234
trial_0013_bite_008_transfer,trial_0013_bite_008,trial_0013,transfer,contextual_promp,RobotSmooth,True,101,1.0,True,0,1.0,101,True,0,3.1573046294077773,0.39019828038925697,1.1449747989912655,8.403638016915355,0,0,0,0,True,4.676201435387281e-11,2.1263070576370072e-11,2.7928015036746127e-10,1.2696845634878457e-10,1.2656542480726785e-13,3.884458143635354e-14,4.676201435387281e-11,2.1263070576370072e-11,2.7928015036746143e-10,1.2696845634878468e-10,0.4845807906300623
trial_0013_bite_008_withdrawal,trial_0013_bite_008,trial_0013,withdrawal,retrieval,B0,True,101,1.0,True,1,0.9900990099009901,86,False,0,6.914466022156013,1.3970040319601493,25.943397148183234,2794.842799981291,0,0,0,0,True,1.084949084546636e-09,2.110917954898064e-10,6.4789861984135315e-09,1.2605072822271432e-09,4.178657420084164e-11,4.186250441485381e-12,1.084949084546636e-09,2.110917954898064e-10,6.478986198413537e-09,1.2605072822271442e-09,0.3540493803688891
trial_0013_bite_008_withdrawal,trial_0013_bite_008,trial_0013,withdrawal,retrieval,StrongLocal,True,101,1.0,True,0,1.0,101,True,0,6.893087974163414,1.339102579731326,32.26606536518885,3921.1532728698858,0,0,0,0,True,6.778000644476732e-10,1.790684451358964e-10,4.047882580773813e-09,1.0693326678103156e-09,7.198686091669515e-13,1.221393454433024e-13,6.778000644476732e-10,1.790684451358964e-10,4.047882580773816e-09,1.0693326678103162e-09,0.33720901049134433
trial_0013_bite_008_withdrawal,trial_0013_bite_008,trial_0013,withdrawal,retrieval,RobotSmooth,True,101,1.0,True,0,1.0,101,True,0,7.412555806020974,1.5173223958800683,93.80938279745085,14699.678796535854,0,0,0,0,True,1.5359756176468761e-09,3.3666379865832595e-10,9.172229200548195e-09,2.01046114826409e-09,2.5974777884130162e-12,3.540036110772291e-13,1.5359756176468761e-09,3.3666379865832595e-10,9.172229200548199e-09,2.0104611482640912e-09,0.3363460524406445
trial_0013_bite_008_withdrawal,trial_0013_bite_008,trial_0013,withdrawal,contextual_promp,B0,True,101,1.0,True,0,1.0,101,True,0,4.844504058872186,0.8899994342220419,3.7624644804827927,32.77460629406029,0,0,0,0,True,2.1670899605407115e-10,5.671393781689899e-11,1.29424825568528e-09,3.3868843717888085e-10,1.1723955140041653e-13,3.149678176962699e-14,2.1670899605407115e-10,5.671393781689899e-11,1.294248255685281e-09,3.386884371788811e-10,0.30703384823259494
trial_0013_bite_008_withdrawal,trial_0013_bite_008,trial_0013,withdrawal,contextual_promp,StrongLocal,True,101,1.0,True,0,1.0,101,True,0,4.423885019159481,0.8183599269137926,4.698728491325798,292.34259318672144,0,0,0,0,True,3.1673325613478517e-10,6.854802885664798e-11,1.8914832205443163e-09,4.093467757473556e-10,7.149836278586008e-14,2.6144040898069857e-14,3.1673325613478517e-10,6.854802885664798e-11,1.891483220544318e-09,4.0934677574735587e-10,0.4734611416650445
trial_0013_bite_008_withdrawal,trial_0013_bite_008,trial_0013,withdrawal,contextual_promp,RobotSmooth,True,101,1.0,True,0,1.0,101,True,0,4.844504058872252,0.8899994341931159,3.7624644807117047,32.77460624110099,0,0,0,0,True,1.414906554274086e-10,4.536777156566759e-11,8.447344507232966e-10,2.7090316920805705e-10,8.526512829121202e-14,2.9735497682813025e-14,1.414906554274086e-10,4.536777156566759e-11,8.447344507232974e-10,2.7090316920805725e-10,0.30703384823259494
trial_0013_bite_009_transfer,trial_0013_bite_009,trial_0013,transfer,retrieval,B0,True,101,1.0,True,0,1.0,101,True,0,3.5468060989479793,0.4709263680811346,14.185638671589984,1485.900924414446,0,0,0,0,True,4.986521972968572e-11,1.9815994479155388e-11,2.979330076655362e-10,1.18347576186377e-10,8.748557434046234e-14,3.5683953206797356e-14,4.986521972968572e-11,1.9815994479155388e-11,2.979330076655364e-10,1.183475761863771e-10,0.5738930109257321
trial_0013_bite_009_transfer,trial_0013_bite_009,trial_0013,transfer,retrieval,StrongLocal,True,101,1.0,True,0,1.0,101,True,0,3.4454487505058093,0.4555578490200592,16.934585090035654,1711.3588957317525,0,0,0,0,True,5.568608213324323e-11,2.021886519177957e-11,3.3276409698336005e-10,1.2075810765619667e-10,9.547918011776346e-14,3.963518829067852e-14,5.568608213324323e-11,2.021886519177957e-11,3.327640969833604e-10,1.2075810765619677e-10,0.5433656868858148
trial_0013_bite_009_transfer,trial_0013_bite_009,trial_0013,transfer,retrieval,RobotSmooth,True,101,1.0,True,0,1.0,101,True,0,3.546806102274428,0.4709263681789181,14.185638707227803,1485.9009297938394,0,0,0,0,True,4.8288027493743636e-11,1.8865614733756963e-11,2.884398413228173e-10,1.1266040594782314e-10,7.993605777301127e-14,3.597611113599285e-14,4.8288027493743636e-11,1.8865614733756963e-11,2.884398413228175e-10,1.1266040594782323e-10,0.5738930109255747
trial_0013_bite_009_transfer,trial_0013_bite_009,trial_0013,transfer,contextual_promp,B0,True,101,1.0,True,0,1.0,101,True,0,2.7987375763208684,0.3494171133478637,1.0144258425853345,7.5548538157424945,0,0,0,0,True,5.4509148534201686e-11,1.716271649584736e-11,3.25394984449984e-10,1.024869624997932e-10,9.769962616701378e-14,3.636417847985515e-14,5.4509148534201686e-11,1.716271649584736e-11,3.253949844499843e-10,1.024869624997933e-10,0.572437227797016
trial_0013_bite_009_transfer,trial_0013_bite_009,trial_0013,transfer,contextual_promp,StrongLocal,True,101,1.0,True,0,1.0,101,True,0,2.685934905623439,0.3309819253263301,2.7022224788887437,171.73875983422073,0,0,0,0,True,4.6420407732789904e-11,2.139351408425278e-11,2.772748982401006e-10,1.277580612697556e-10,8.79296635503124e-14,3.5285584089924647e-14,4.6420407732789904e-11,2.139351408425278e-11,2.7727489824010084e-10,1.2775806126975571e-10,0.5433125061109205
trial_0013_bite_009_transfer,trial_0013_bite_009,trial_0013,transfer,contextual_promp,RobotSmooth,True,101,1.0,True,0,1.0,101,True,0,2.7987375761670106,0.34941711335020187,1.0144258448133552,7.554853854008618,0,0,0,0,True,4.854403335606942e-11,1.9624817657616976e-11,2.9015343682768754e-10,1.1720031719536932e-10,9.725553695716371e-14,3.5737866401659505e-14,4.854403335606942e-11,1.9624817657616976e-11,2.901534368276878e-10,1.1720031719536943e-10,0.5724372277970169
trial_0013_bite_009_withdrawal,trial_0013_bite_009,trial_0013,withdrawal,retrieval,B0,True,77,0.7623762376237624,False,0,1.0,50,False,0,6.410969610292579,1.5810787598508165,23.235031021206446,1870.736083835217,24,0,0,0,True,3.797430114728519e-10,9.145808491821218e-11,2.2678001243424944e-09,5.461679312447292e-10,5.377920331284258e-13,1.4154554370453116e-13,3.797430114728519e-10,9.145808491821218e-11,2.2678001243424965e-09,5.461679312447297e-10,0.0008444696053739875
trial_0013_bite_009_withdrawal,trial_0013_bite_009,trial_0013,withdrawal,retrieval,StrongLocal,True,90,0.8910891089108911,False,0,1.0,56,False,1,7.384473199536808,1.5089305861168232,26.649247691209027,2582.383281078016,11,0,0,0,True,1.3528193867439878e-09,2.5309555478020677e-10,8.078773669653579e-09,1.511437436983013e-09,4.636735440044504e-12,7.137362442933491e-13,1.3528193867439878e-09,2.5309555478020677e-10,8.078773669653587e-09,1.5114374369830147e-09,0.0011538254419427574
trial_0013_bite_009_withdrawal,trial_0013_bite_009,trial_0013,withdrawal,retrieval,RobotSmooth,True,101,1.0,True,0,1.0,101,True,1,8.218775411719829,1.4916075166763207,101.18018844332808,15596.308727847367,0,0,0,0,True,1.6363613220358511e-09,4.0504918556947916e-10,9.772053529219907e-09,2.41884324999723e-09,4.440892098500626e-14,1.611179416904888e-14,1.6363613220358511e-09,4.0504918556947916e-10,9.772053529219916e-09,2.418843249997232e-09,0.2942275190642327
trial_0013_bite_009_withdrawal,trial_0013_bite_009,trial_0013,withdrawal,contextual_promp,B0,True,101,1.0,True,0,1.0,101,True,0,5.861723224214074,0.9972006339539217,5.261400740059349,59.62841340682202,0,0,0,0,True,6.179106961960249e-10,1.0131660904034378e-10,3.6898963917980074e-09,6.050255712150778e-10,3.0020430585864233e-13,7.594609423417052e-14,6.179106961960249e-10,1.0131660904034378e-10,3.6898963917980107e-09,6.050255712150783e-10,0.19399305414037205
trial_0013_bite_009_withdrawal,trial_0013_bite_009,trial_0013,withdrawal,contextual_promp,StrongLocal,True,101,1.0,True,0,1.0,101,True,0,4.940591131843073,0.8228890427176281,5.2503853933839,223.48298567272164,0,0,0,0,True,2.4529213257453613e-10,6.950901525846775e-11,1.4647116645918082e-09,4.1508577768144157e-10,8.748557434046234e-14,2.6681931865513973e-14,2.4529213257453613e-10,6.950901525846775e-11,1.4647116645918096e-09,4.1508577768144193e-10,0.28321472439554896
trial_0013_bite_009_withdrawal,trial_0013_bite_009,trial_0013,withdrawal,contextual_promp,RobotSmooth,True,101,1.0,True,0,1.0,101,True,0,5.861723224211923,0.9972006338706086,5.2614007778956395,59.628406813210724,0,0,0,0,True,3.5104660916874106e-10,8.83031886484538e-11,2.0963514115221116e-09,5.273272683274169e-10,3.0020430585864233e-13,6.608698320574235e-14,3.5104660916874106e-10,8.83031886484538e-11,2.0963514115221132e-09,5.273272683274173e-10,0.19399305414037205
trial_0013_bite_010_transfer,trial_0013_bite_010,trial_0013,transfer,retrieval,B0,True,101,1.0,True,0,1.0,101,True,0,3.5438041326885186,0.44072764662114433,10.302858005045511,996.3831550689964,0,0,0,0,True,6.060375069561359e-11,2.2823462907860343e-11,3.6184784568391723e-10,1.362859339225059e-10,9.903189379656396e-14,3.605247730627983e-14,6.060375069561359e-11,2.2823462907860343e-11,3.618478456839176e-10,1.3628593392250602e-10,0.46821689568866276
trial_0013_bite_010_transfer,trial_0013_bite_010,trial_0013,transfer,retrieval,StrongLocal,True,101,1.0,True,0,1.0,101,True,0,3.371903551825259,0.41865066702604026,11.008822721092422,1067.7965104362972,0,0,0,0,True,4.847594795893245e-11,2.0282052007928625e-11,2.8934825876505315e-10,1.2111395317441042e-10,8.837375276016246e-14,3.6633782141613796e-14,4.847594795893245e-11,2.0282052007928625e-11,2.893482587650534e-10,1.2111395317441052e-10,0.4527628898870697
trial_0013_bite_010_transfer,trial_0013_bite_010,trial_0013,transfer,retrieval,RobotSmooth,True,101,1.0,True,0,1.0,101,True,0,3.543804132587528,0.44072764655374996,10.30285796259188,996.3831488409493,0,0,0,0,True,5.98487269768137e-11,2.1348943141230213e-11,3.574293841855444e-10,1.2748472537738881e-10,9.903189379656396e-14,3.313724198592305e-14,5.98487269768137e-11,2.1348943141230213e-11,3.574293841855448e-10,1.2748472537738894e-10,0.46821689568866276
trial_0013_bite_010_transfer,trial_0013_bite_010,trial_0013,transfer,contextual_promp,B0,True,101,1.0,True,0,1.0,101,True,0,2.762036153010894,0.3404696699983161,0.944844635720068,5.815947234855944,0,0,0,0,True,4.839788356143613e-11,2.0034077322885224e-11,2.8912401865641405e-10,1.196399464346402e-10,8.926193117986259e-14,4.284610453128107e-14,4.839788356143613e-11,2.0034077322885224e-11,2.891240186564143e-10,1.1963994643464032e-10,0.47043123847478263
trial_0013_bite_010_transfer,trial_0013_bite_010,trial_0013,transfer,contextual_promp,StrongLocal,True,101,1.0,True,0,1.0,101,True,0,2.6161983793425954,0.3186088931342695,2.719602826181805,174.675398788503,0,0,0,0,True,3.272716398797812e-11,1.497737841637511e-11,1.9537061763098723e-10,8.944079287814613e-11,1.0702549957386509e-13,4.324546811131405e-14,3.272716398797812e-11,1.497737841637511e-11,1.9537061763098736e-10,8.944079287814619e-11,0.45273882769286655
trial_0013_bite_010_transfer,trial_0013_bite_010,trial_0013,transfer,contextual_promp,RobotSmooth,True,101,1.0,True,0,1.0,101,True,0,2.7620361526447432,0.34046966999320144,0.9448446361616467,5.815947211342046,0,0,0,0,True,5.1765735599095555e-11,2.2574933362162107e-11,3.09116710185378e-10,1.3480030073033157e-10,9.237055564881302e-14,4.209497142007237e-14,5.1765735599095555e-11,2.2574933362162107e-11,3.0911671018537825e-10,1.3480030073033168e-10,0.4704312384746514
trial_0013_bite_010_withdrawal,trial_0013_bite_010,trial_0013,withdrawal,retrieval,B0,True,101,1.0,True,0,1.0,101,True,1,8.725309702324527,1.7056726625882739,38.57929712279123,3465.368861243328,0,0,0,0,True,9.364303357766488e-10,1.731265820341698e-10,5.592172996890217e-09,1.0338624050044674e-09,5.59996493620929e-13,8.35535190998177e-14,9.364303357766488e-10,1.731265820341698e-10,5.592172996890222e-09,1.0338624050044683e-09,0.17396265469048688
trial_0013_bite_010_withdrawal,trial_0013_bite_010,trial_0013,withdrawal,retrieval,StrongLocal,True,101,1.0,True,0,1.0,101,True,1,8.36432920576096,1.6250239386266014,44.278477020291874,4534.442900098356,0,0,0,0,True,1.3968409772357226e-09,2.6508573875879513e-10,8.341631729979258e-09,1.5830266970344831e-09,8.983924715266767e-13,1.8486639697128174e-13,1.3968409772357226e-09,2.6508573875879513e-10,8.341631729979265e-09,1.5830266970344841e-09,0.10678392834706973
trial_0013_bite_010_withdrawal,trial_0013_bite_010,trial_0013,withdrawal,retrieval,RobotSmooth,True,101,1.0,True,0,1.0,101,True,0,8.799638378157496,1.6576792246918775,86.98275224006971,12851.487083212498,0,0,0,0,True,1.654456275215769e-09,3.4075854155253553e-10,9.879918120378849e-09,2.0349344796832103e-09,7.549516567451064e-13,1.4208913066302209e-13,1.654456275215769e-09,3.4075854155253553e-10,9.879918120378857e-09,2.0349344796832124e-09,0.058733485072171465
trial_0013_bite_010_withdrawal,trial_0013_bite_010,trial_0013,withdrawal,contextual_promp,B0,True,70,0.693069306930693,False,0,1.0,70,False,0,3.895967177663744,1.1229588915054636,5.64858844300142,64.66261991059743,31,0,0,0,True,4.3994452770971726e-10,8.260145552766381e-11,2.6270723611886824e-09,4.932843183147064e-10,7.549516567451064e-14,2.4251732254192246e-14,4.3994452770971726e-10,8.260145552766381e-11,2.627072361188684e-09,4.932843183147068e-10,0.01756865122608975
trial_0013_bite_010_withdrawal,trial_0013_bite_010,trial_0013,withdrawal,contextual_promp,StrongLocal,True,79,0.7821782178217822,False,0,1.0,79,False,0,4.130156226173476,1.0044394463600237,6.010608690996932,290.4241481120031,22,0,0,0,True,2.0795618755796545e-10,7.806901443668219e-11,1.2418677087051889e-09,4.662320103450801e-10,3.952393967665557e-14,1.8943977797293724e-14,2.0795618755796545e-10,7.806901443668219e-11,1.2418677087051897e-09,4.662320103450805e-10,0.009067374324774669
trial_0013_bite_010_withdrawal,trial_0013_bite_010,trial_0013,withdrawal,contextual_promp,RobotSmooth,True,101,1.0,True,0,1.0,101,True,0,7.047224012847255,1.2934327109214798,120.47587003576116,20496.06315267912,0,0,0,0,True,4.3037299843141964e-10,1.3977140647805396e-10,2.5700296697593935e-09,8.346937207064787e-10,5.595524044110789e-14,1.8769984276107285e-14,4.3037299843141964e-10,1.3977140647805396e-10,2.5700296697593955e-09,8.346937207064793e-10,0.00025536776049994714
trial_0013_bite_011_transfer,trial_0013_bite_011,trial_0013,transfer,retrieval,B0,True,101,1.0,True,0,1.0,101,True,0,3.766301819080885,0.432379559186944,9.522858583414743,967.3184841160486,0,0,0,0,True,6.847885994657103e-11,2.3008765160392464e-11,4.0881146641823654e-10,1.3737985780664517e-10,1.0391687510491465e-13,4.157379673492927e-14,6.847885994657103e-11,2.3008765160392464e-11,4.088114664182368e-10,1.3737985780664527e-10,0.3453951747263626
trial_0013_bite_011_transfer,trial_0013_bite_011,trial_0013,transfer,retrieval,StrongLocal,True,101,1.0,True,0,1.0,101,True,0,3.581892232222759,0.4101904341035707,10.868104853544086,1111.5521044532752,0,0,0,0,True,4.234353860498034e-11,1.9078217366862933e-11,2.527859889570213e-10,1.1392468713502166e-10,1.0258460747536446e-13,4.1555287337074615e-14,4.234353860498034e-11,1.9078217366862933e-11,2.5278598895702145e-10,1.1392468713502174e-10,0.3290078958571747
trial_0013_bite_011_transfer,trial_0013_bite_011,trial_0013,transfer,retrieval,RobotSmooth,True,101,1.0,True,0,1.0,101,True,0,3.7663018199069516,0.4323795591800782,9.522858571390861,967.3184814784166,0,0,0,0,True,4.6150048569743406e-11,1.9903911003209867e-11,2.7568033930498903e-10,1.188708903984186e-10,1.0169642905566434e-13,4.1259261823242656e-14,4.6150048569743406e-11,1.9903911003209867e-11,2.756803393049893e-10,1.188708903984187e-10,0.3453951747264665
trial_0013_bite_011_transfer,trial_0013_bite_011,trial_0013,transfer,contextual_promp,B0,True,101,1.0,True,0,1.0,101,True,0,2.925083013150695,0.35700807857337713,1.0653102567517487,6.98188585866332,0,0,0,0,True,5.470711407710785e-11,1.8440549099093694e-11,3.2662608995451276e-10,1.10126347697568e-10,1.212363542890671e-13,4.8997566074448416e-14,5.470711407710785e-11,1.8440549099093694e-11,3.266260899545131e-10,1.1012634769756808e-10,0.3444042911779728
trial_0013_bite_011_transfer,trial_0013_bite_011,trial_0013,transfer,contextual_promp,StrongLocal,True,101,1.0,True,0,1.0,101,True,0,2.840554499386052,0.3418695454949089,2.213421455587984,132.04377797205504,0,0,0,0,True,5.1213376454744255e-11,1.6479047179145908e-11,3.058731506096861e-10,9.842005561847464e-11,1.5054624213917123e-13,4.538675962388631e-14,5.1213376454744255e-11,1.6479047179145908e-11,3.0587315060968636e-10,9.84200556184747e-11,0.3335252449138677
trial_0013_bite_011_transfer,trial_0013_bite_011,trial_0013,transfer,contextual_promp,RobotSmooth,True,101,1.0,True,0,1.0,101,True,0,2.925083012835792,0.35700807857174444,1.0653102565871047,6.981885961682672,0,0,0,0,True,5.678413456589035e-11,1.7063599972805437e-11,3.391158440373051e-10,1.0189422333278864e-10,1.212363542890671e-13,5.056272190819171e-14,5.678413456589035e-11,1.7063599972805437e-11,3.391158440373053e-10,1.018942233327887e-10,0.3444042911779819
trial_0013_bite_011_withdrawal,trial_0013_bite_011,trial_0013,withdrawal,retrieval,B0,True,101,1.0,True,0,1.0,101,True,1,8.442493233285557,1.6690306803880481,34.45298716687262,3565.812412825902,0,0,0,0,True,1.2814663422082053e-09,1.6834537823994765e-10,7.652296820494816e-09,1.0052981970301444e-09,4.496847338941734e-12,4.621077610927523e-13,1.2814663422082053e-09,1.6834537823994765e-10,7.652296820494822e-09,1.0052981970301452e-09,0.10988959387005437
trial_0013_bite_011_withdrawal,trial_0013_bite_011,trial_0013,withdrawal,retrieval,StrongLocal,True,101,1.0,True,1,0.9900990099009901,66,False,0,7.7262415538023514,1.521041994060326,41.048213652506945,5200.865993010961,0,0,0,0,True,5.63797627103123e-10,9.726122550160445e-11,3.366843831970714e-09,5.808083823075297e-10,7.367439991412539e-13,1.240933064475641e-13,5.63797627103123e-10,9.726122550160445e-11,3.3668438319707167e-09,5.808083823075301e-10,0.2227788320604649
trial_0013_bite_011_withdrawal,trial_0013_bite_011,trial_0013,withdrawal,retrieval,RobotSmooth,True,101,1.0,True,0,1.0,101,True,0,8.077378168093443,1.4956104179438077,79.90979182580561,11464.57615353827,0,0,0,0,True,1.439507028917735e-09,3.925888136996775e-10,8.596091878107802e-09,2.3444311752689796e-09,5.568878691519785e-13,1.0218960862693136e-13,1.439507028917735e-09,3.925888136996775e-10,8.596091878107809e-09,2.3444311752689817e-09,0.1496860094363548
trial_0013_bite_011_withdrawal,trial_0013_bite_011,trial_0013,withdrawal,contextual_promp,B0,True,101,1.0,True,0,1.0,101,True,0,4.750302701098363,0.8676778275921118,3.6436081605262887,36.54696869783093,0,0,0,0,True,4.431730472113418e-10,9.554946233507458e-11,2.6463481714357833e-09,5.706066171754521e-10,2.0339285811132868e-13,5.1888076726636327e-14,4.431730472113418e-10,9.554946233507458e-11,2.6463481714357853e-09,5.706066171754525e-10,0.30344466082806676
trial_0013_bite_011_withdrawal,trial_0013_bite_011,trial_0013,withdrawal,contextual_promp,StrongLocal,True,101,1.0,True,0,1.0,101,True,0,4.176766893416794,0.7694444613157426,4.66539848780191,297.46376028381803,0,0,0,0,True,4.06118899295189e-10,8.81657661886024e-11,2.425552118373211e-09,5.265293994605856e-10,1.2434497875801753e-13,3.049210152608558e-14,4.06118899295189e-10,8.81657661886024e-11,2.425552118373213e-09,5.26529399460586e-10,0.40776985516767184
trial_0013_bite_011_withdrawal,trial_0013_bite_011,trial_0013,withdrawal,contextual_promp,RobotSmooth,True,101,1.0,True,0,1.0,101,True,0,4.750302701271924,0.8676778275651037,3.6436081449572466,36.54696868319895,0,0,0,0,True,2.4524674986119486e-10,5.637189522037489e-11,1.4644063770624162e-09,3.3663002542439666e-10,1.3677947663381929e-13,4.190750159747458e-14,2.4524674986119486e-10,5.637189522037489e-11,1.4644063770624173e-09,3.3663002542439697e-10,0.30344466082806676
trial_0013_bite_012_transfer,trial_0013_bite_012,trial_0013,transfer,retrieval,B0,True,101,1.0,True,0,1.0,101,True,0,3.65487797700074,0.4614084380987496,10.351805239491108,984.6047149617474,0,0,0,0,True,9.426780769924284e-11,2.618469991893272e-11,5.629672226182728e-10,1.5635588988329995e-10,8.926193117986259e-14,4.047652276579429e-14,9.426780769924284e-11,2.618469991893272e-11,5.629672226182733e-10,1.5635588988330005e-10,0.3686912665152853
trial_0013_bite_012_transfer,trial_0013_bite_012,trial_0013,transfer,retrieval,StrongLocal,True,101,1.0,True,0,1.0,101,True,0,3.5136481944113633,0.4416046496315891,11.257510301088793,1076.886807330089,0,0,0,0,True,4.4079338567849775e-11,1.9365556345667217e-11,2.631628593938712e-10,1.1563324777994061e-10,8.659739592076221e-14,3.634323084471719e-14,4.4079338567849775e-11,1.9365556345667217e-11,2.6316285939387133e-10,1.156332477799407e-10,0.35717629178789156
trial_0013_bite_012_transfer,trial_0013_bite_012,trial_0013,transfer,retrieval,RobotSmooth,True,101,1.0,True,0,1.0,101,True,0,3.6548779771144053,0.46140843805005044,10.351805230455463,984.604714108235,0,0,0,0,True,9.78881208844095e-11,2.7885079403867344e-11,5.847174796824004e-10,1.6651921545569142e-10,1.021405182655144e-13,3.9076552635506116e-14,9.78881208844095e-11,2.7885079403867344e-11,5.847174796824009e-10,1.665192154556915e-10,0.3686912665151685
trial_0013_bite_012_transfer,trial_0013_bite_012,trial_0013,transfer,contextual_promp,B0,True,101,1.0,True,0,1.0,101,True,0,2.926902015239735,0.35828404721835666,1.0969820517315996,7.518930883743829,0,0,0,0,True,6.581710019124874e-11,2.048121951441414e-11,3.928594554378126e-10,1.2229778206456828e-10,1.4477308241112041e-13,5.507090919453051e-14,6.581710019124874e-11,2.048121951441414e-11,3.9285945543781287e-10,1.2229778206456835e-10,0.3719114375201553
trial_0013_bite_012_transfer,trial_0013_bite_012,trial_0013,transfer,contextual_promp,StrongLocal,True,101,1.0,True,0,1.0,101,True,0,2.7933107098427383,0.34003935139803915,2.7090118482832835,168.83433412129222,0,0,0,0,True,6.754326631389721e-11,1.7258926050931036e-11,4.0305693739754593e-10,1.0305316100968603e-10,1.212363542890671e-13,4.943997268370346e-14,6.754326631389721e-11,1.7258926050931036e-11,4.030569373975463e-10,1.030531610096861e-10,0.3610099127201427
trial_0013_bite_012_transfer,trial_0013_bite_012,trial_0013,transfer,contextual_promp,RobotSmooth,True,101,1.0,True,0,1.0,101,True,0,2.926902014886596,0.35828404723083046,1.096982051516331,7.518930808697124,0,0,0,0,True,7.285615058776519e-11,2.0744829941193786e-11,4.3514628240175237e-10,1.2389624109340012e-10,1.2567724638756772e-13,5.1561650403114817e-14,7.285615058776519e-11,2.0744829941193786e-11,4.3514628240175273e-10,1.238962410934002e-10,0.371911437519981
trial_0013_bite_012_withdrawal,trial_0013_bite_012,trial_0013,withdrawal,retrieval,B0,True,101,1.0,True,1,0.9900990099009901,51,False,0,6.8811495966323175,1.3966078585819746,16.890095450909925,1487.5941377445772,0,0,0,0,True,1.5522610423530526e-09,1.8925368062972554e-10,9.269852541576722e-09,1.1301870785513208e-09,1.2372325386422744e-12,1.6410046315240273e-13,1.5522610423530526e-09,1.8925368062972554e-10,9.269852541576729e-09,1.1301870785513216e-09,0.1666081513814568
trial_0013_bite_012_withdrawal,trial_0013_bite_012,trial_0013,withdrawal,retrieval,StrongLocal,True,101,1.0,True,1,0.9900990099009901,58,False,0,6.760206772383658,1.3387524394740498,20.0550356350059,2020.5862647645608,0,0,0,0,True,1.37421762834096e-09,2.945262916429333e-10,8.206296811441615e-09,1.758806435958447e-09,2.729816372948335e-12,3.6085842977751924e-13,1.37421762834096e-09,2.945262916429333e-10,8.206296811441621e-09,1.7588064359584484e-09,0.2477179612939846
trial_0013_bite_012_withdrawal,trial_0013_bite_012,trial_0013,withdrawal,retrieval,RobotSmooth,True,101,1.0,True,0,1.0,101,True,0,7.4583607728305505,1.4673535636055985,97.09883809728422,14983.445960396817,0,0,0,0,True,1.4734527946590126e-09,3.258728012678711e-10,8.798979050887574e-09,1.9460363412369356e-09,1.3784529073745944e-12,2.4106567357124434e-13,1.4734527946590126e-09,3.258728012678711e-10,8.798979050887579e-09,1.9460363412369372e-09,0.2278953604685574
trial_0013_bite_012_withdrawal,trial_0013_bite_012,trial_0013,withdrawal,contextual_promp,B0,True,101,1.0,True,0,1.0,101,True,0,4.067570611569594,0.7118766811385586,4.1605270190811865,58.505517637441265,0,0,0,0,True,1.307042763288246e-10,4.409573218081136e-11,7.803998026110291e-10,2.6333362554243933e-10,9.50350909079134e-14,2.874289667470443e-14,1.307042763288246e-10,4.409573218081136e-11,7.803998026110296e-10,2.6333362554243953e-10,0.5399936021527978
trial_0013_bite_012_withdrawal,trial_0013_bite_012,trial_0013,withdrawal,contextual_promp,StrongLocal,True,101,1.0,True,0,1.0,101,True,0,3.3708439400121453,0.622871456670938,5.644338496261616,372.5151786732206,0,0,0,0,True,2.6337750149124586e-10,4.9111550256801635e-11,1.57272017545689e-09,2.932625789006427e-10,6.217248937900877e-14,2.5360827547292525e-14,2.6337750149124586e-10,4.9111550256801635e-11,1.5727201754568911e-09,2.932625789006429e-10,0.6940740821446947
trial_0013_bite_012_withdrawal,trial_0013_bite_012,trial_0013,withdrawal,contextual_promp,RobotSmooth,True,101,1.0,True,0,1.0,101,True,0,4.067570611201633,0.7118766810713631,4.1605270238965435,58.50551704121968,0,0,0,0,True,1.165425602921563e-10,4.97750009807678e-11,6.961607877167168e-10,2.972624381811724e-10,9.50350909079134e-14,3.182650926026642e-14,1.165425602921563e-10,4.97750009807678e-11,6.961607877167172e-10,2.972624381811726e-10,0.5399936021527978
trial_0014_bite_001_transfer,trial_0014_bite_001,trial_0014,transfer,retrieval,B0,True,67,0.6633663366336634,False,0,1.0,67,False,0,4.33766316119035,1.7654530346768509,69.49276070999646,4005.7034824491357,0,34,0,0,True,5.97190015046179e-11,2.2203647537266115e-11,3.567233802869288e-10,1.3259020270556297e-10,2.184918912462308e-13,7.133927373733736e-14,5.97190015046179e-11,2.2203647537266115e-11,3.567233802869291e-10,1.325902027055631e-10,0.25546031132848346
trial_0014_bite_001_transfer,trial_0014_bite_001,trial_0014,transfer,retrieval,StrongLocal,True,67,0.6633663366336634,False,0,1.0,67,False,0,4.754686179090324,2.3873878872421015,110.32971258472215,6802.573396756098,0,34,0,0,True,1.264408438184242e-10,2.671901851539278e-11,7.551388557900724e-10,1.5955702635572317e-10,1.723066134218243e-13,6.432712265342932e-14,1.264408438184242e-10,2.671901851539278e-11,7.551388557900731e-10,1.5955702635572335e-10,0.23106581514773517
trial_0014_bite_001_transfer,trial_0014_bite_001,trial_0014,transfer,retrieval,RobotSmooth,True,68,0.6732673267326733,False,0,1.0,68,False,0,3.693108440570702,0.8176983819169632,32.319157203183735,3194.50553132209,0,0,1,33,True,7.269724678617496e-11,2.661872755965824e-11,4.341046114037532e-10,1.5897394882681492e-10,2.220446049250313e-13,6.948938201588276e-14,7.269724678617496e-11,2.661872755965824e-11,4.3410461140375367e-10,1.5897394882681505e-10,0.2787096494830368
trial_0014_bite_001_transfer,trial_0014_bite_001,trial_0014,transfer,contextual_promp,B0,True,73,0.7227722772277227,False,1,0.9863013698630136,72,False,0,3.9754309030565746,0.9122263133078945,20.97651982541109,812.7815769420976,0,28,0,0,True,1.3213104518333418e-10,3.3416528942851965e-11,7.889675153880845e-10,1.995617894946448e-10,4.929390229335695e-13,8.921732346516772e-14,1.3213104518333418e-10,3.3416528942851965e-11,7.889675153880851e-10,1.9956178949464496e-10,0.27163280734604367
trial_0014_bite_001_transfer,trial_0014_bite_001,trial_0014,transfer,contextual_promp,StrongLocal,True,73,0.7227722772277227,False,1,0.9863013698630136,72,False,0,4.045286877986722,1.0379450526126357,27.380396201951214,1134.588253504014,0,28,0,0,True,6.428681120618855e-11,2.243410829186106e-11,3.8394404937945445e-10,1.3397925559983144e-10,2.1227464230832993e-13,6.618443782648066e-14,6.428681120618855e-11,2.243410829186106e-11,3.839440493794548e-10,1.3397925559983157e-10,0.27356172571932547
trial_0014_bite_001_transfer,trial_0014_bite_001,trial_0014,transfer,contextual_promp,RobotSmooth,True,74,0.7326732673267327,False,0,1.0,74,False,0,4.553654232348274,1.2427372517003161,86.46370123463349,6469.10476031784,0,0,1,27,True,1.0273687138543534e-10,3.649559622849578e-11,6.135372971368824e-10,2.1796020719140433e-10,2.162714451969805e-13,7.370593765621613e-14,1.0273687138543534e-10,3.649559622849578e-11,6.135372971368828e-10,2.179602071914045e-10,0.30533828253755924
trial_0014_bite_001_withdrawal,trial_0014_bite_001,trial_0014,withdrawal,retrieval,B0,True,101,1.0,True,0,1.0,101,True,0,5.652583192770566,0.9253558568338,25.79454401086246,3142.8429950050504,0,0,0,0,True,8.044901100142247e-11,3.0379613383084944e-11,4.804977760958593e-10,1.814276784285803e-10,7.460698725481052e-14,2.9895131279345684e-14,8.044901100142247e-11,3.0379613383084944e-11,4.804977760958595e-10,1.8142767842858045e-10,0.35208219800657137
trial_0014_bite_001_withdrawal,trial_0014_bite_001,trial_0014,withdrawal,retrieval,StrongLocal,True,101,1.0,True,0,1.0,101,True,0,5.725043965161159,0.9373985816596464,36.78830444263691,5119.962592219223,0,0,0,0,True,1.450111373630394e-10,3.664950139986609e-11,8.66007528741515e-10,2.1886929010834358e-10,8.837375276016246e-14,3.36348724262045e-14,1.450111373630394e-10,3.664950139986609e-11,8.660075287415155e-10,2.1886929010834376e-10,0.4260823285718276
trial_0014_bite_001_withdrawal,trial_0014_bite_001,trial_0014,withdrawal,retrieval,RobotSmooth,True,101,1.0,True,0,1.0,101,True,0,5.652583195738592,0.925355856932174,25.794544052075462,3142.843000860271,0,0,0,0,True,1.1307411528829829e-10,3.519559834738344e-11,6.752415476185557e-10,2.1019378619313972e-10,1.4566126083082054e-13,3.352007869422624e-14,1.1307411528829829e-10,3.519559834738344e-11,6.752415476185561e-10,2.1019378619313988e-10,0.3520821980067028
trial_0014_bite_001_withdrawal,trial_0014_bite_001,trial_0014,withdrawal,contextual_promp,B0,True,101,1.0,True,0,1.0,101,True,0,4.452882923976762,0.760259562312991,3.6068997984697733,47.27538211179255,0,0,0,0,True,6.076241631309888e-11,2.5922294704422588e-11,3.628037806306961e-10,1.5479777155271737e-10,7.993605777301127e-14,2.5073203132169986e-14,6.076241631309888e-11,2.5922294704422588e-11,3.6280378063069644e-10,1.547977715527175e-10,0.5585681237577838
trial_0014_bite_001_withdrawal,trial_0014_bite_001,trial_0014,withdrawal,contextual_promp,StrongLocal,True,101,1.0,True,0,1.0,101,True,0,3.9265341053689338,0.6954504279847322,5.535938247592789,397.0461781985349,0,0,0,0,True,7.384277668575873e-11,2.919731260795973e-11,4.4111636736234156e-10,1.7435762910145047e-10,6.439293542825908e-14,2.6181618912225284e-14,7.384277668575873e-11,2.919731260795973e-11,4.4111636736234187e-10,1.743576291014506e-10,0.5585681237577838
trial_0014_bite_001_withdrawal,trial_0014_bite_001,trial_0014,withdrawal,contextual_promp,RobotSmooth,True,101,1.0,True,0,1.0,101,True,0,4.4528829242504955,0.7602595623525819,3.6068997997976893,47.27538219403936,0,0,0,0,True,7.180361778887754e-11,2.609891022260575e-11,4.2861564395530594e-10,1.5585651022317026e-10,8.348877145181177e-14,2.6201673260588127e-14,7.180361778887754e-11,2.609891022260575e-11,4.286156439553063e-10,1.5585651022317036e-10,0.5585681237577838
trial_0014_bite_002_transfer,trial_0014_bite_002,trial_0014,transfer,retrieval,B0,True,101,1.0,True,0,1.0,101,True,0,3.677289748933322,0.4229425105726844,11.032325490505702,1117.1882243188084,0,0,0,0,True,1.7229261673045383e-10,4.952279242365516e-11,1.0288715494177205e-09,2.957445794642154e-10,9.50350909079134e-14,3.80005668595761e-14,1.7229261673045383e-10,4.952279242365516e-11,1.0288715494177214e-09,2.957445794642156e-10,0.4749697464474869
trial_0014_bite_002_transfer,trial_0014_bite_002,trial_0014,transfer,retrieval,StrongLocal,True,101,1.0,True,0,1.0,101,True,0,3.585386693019617,0.4099067874978819,13.964074874492082,1470.4138691846501,0,0,0,0,True,1.448788067510264e-10,5.038747597707692e-11,8.651341577959987e-10,3.0088327336551754e-10,1.056932319443149e-13,4.3880031504275994e-14,1.448788067510264e-10,5.038747597707692e-11,8.651341577959994e-10,3.0088327336551785e-10,0.45792726906963765
trial_0014_bite_002_transfer,trial_0014_bite_002,trial_0014,transfer,retrieval,RobotSmooth,True,101,1.0,True,0,1.0,101,True,0,3.6772897461460308,0.42294251035902014,11.03232536137224,1117.1882027488641,0,0,0,0,True,1.105803170046574e-10,4.365697702573256e-11,6.604590828722076e-10,2.607113038469263e-10,8.970602038971265e-14,3.605117742698118e-14,1.105803170046574e-10,4.365697702573256e-11,6.604590828722082e-10,2.607113038469265e-10,0.474969746447683
trial_0014_bite_002_transfer,trial_0014_bite_002,trial_0014,transfer,contextual_promp,B0,True,101,1.0,True,0,1.0,101,True,0,3.3550558618483852,0.4070786024650429,1.0404273931833519,5.981450646342469,0,0,0,0,True,2.1324753005214577e-10,5.583168457881433e-11,1.273674609827909e-09,3.334363298684137e-10,8.43769498715119e-14,4.0617358416095215e-14,2.1324753005214577e-10,5.583168457881433e-11,1.2736746098279101e-09,3.3343632986841395e-10,0.5082265341088068
trial_0014_bite_002_transfer,trial_0014_bite_002,trial_0014,transfer,contextual_promp,StrongLocal,True,101,1.0,True,0,1.0,101,True,0,3.1643209630268165,0.37823810683665726,3.089637399443986,195.4375963074387,0,0,0,0,True,1.3733871479777293e-10,3.922197331403215e-11,8.200129365348567e-10,2.342071342549753e-10,1.1679546219056647e-13,3.930804903987943e-14,1.3733871479777293e-10,3.922197331403215e-11,8.200129365348573e-10,2.3420713425497555e-10,0.49712052437529186
trial_0014_bite_002_transfer,trial_0014_bite_002,trial_0014,transfer,contextual_promp,RobotSmooth,True,101,1.0,True,0,1.0,101,True,0,3.355055860725306,0.4070786024675134,1.0404273924789047,5.981450676838234,0,0,0,0,True,1.719385039094232e-10,5.170938821511211e-11,1.0267287090874573e-09,3.087951241329594e-10,8.038014698286133e-14,3.536772043895572e-14,1.719385039094232e-10,5.170938821511211e-11,1.026728709087458e-09,3.087951241329597e-10,0.5082265341088068
trial_0014_bite_002_withdrawal,trial_0014_bite_002,trial_0014,withdrawal,retrieval,B0,True,101,1.0,True,0,1.0,101,True,0,6.59922766350579,1.093923399095499,16.412096735304853,1617.57111318257,0,0,0,0,True,1.7910931614315305e-10,5.602178247897914e-11,1.0695465007010104e-09,3.3455212973079027e-10,6.483702463810914e-14,2.0478033735226548e-14,1.7910931614315305e-10,5.602178247897914e-11,1.0695465007010114e-09,3.3455212973079053e-10,0.2133668743976962
trial_0014_bite_002_withdrawal,trial_0014_bite_002,trial_0014,withdrawal,retrieval,StrongLocal,True,101,1.0,True,0,1.0,101,True,0,6.3301927020843705,1.0766787901855055,21.22311940647034,2449.478356975051,0,0,0,0,True,3.4698361629740994e-10,8.189115390104885e-11,2.0718693149390795e-09,4.890193853476672e-10,4.796163466380676e-14,1.5212987773879885e-14,3.4698361629740994e-10,8.189115390104885e-11,2.0718693149390816e-09,4.890193853476676e-10,0.38800612765319187
trial_0014_bite_002_withdrawal,trial_0014_bite_002,trial_0014,withdrawal,retrieval,RobotSmooth,True,101,1.0,True,0,1.0,101,True,0,6.599227666812872,1.093923399121706,16.412096742233917,1617.5711331604546,0,0,0,0,True,2.993316050588618e-10,6.905148865877939e-11,1.7874805228076468e-09,4.123473136295737e-10,5.10702591327572e-14,1.982332036976238e-14,2.993316050588618e-10,6.905148865877939e-11,1.7874805228076484e-09,4.12347313629574e-10,0.2133668743991386
trial_0014_bite_002_withdrawal,trial_0014_bite_002,trial_0014,withdrawal,contextual_promp,B0,True,101,1.0,True,0,1.0,101,True,0,7.083150004715316,1.2466752218434765,6.546524413912587,77.36478881224518,0,0,0,0,True,1.1639905290201137e-10,5.4539578580806465e-11,6.950944674095414e-10,3.2571517223907853e-10,7.238654120556021e-14,2.4022389216753743e-14,1.1639905290201137e-10,5.4539578580806465e-11,6.95094467409542e-10,3.257151722390788e-10,0.03460132236399893
trial_0014_bite_002_withdrawal,trial_0014_bite_002,trial_0014,withdrawal,contextual_promp,StrongLocal,True,101,1.0,True,0,1.0,101,True,0,6.654462355415398,1.2274313904507663,7.575954441341857,285.11490385905535,0,0,0,0,True,2.660199017383936e-10,8.474539773296743e-11,1.5887693803344186e-09,5.060812985304283e-10,3.552713678800501e-14,1.3383799871981585e-14,2.660199017383936e-10,8.474539773296743e-11,1.5887693803344198e-09,5.060812985304288e-10,0.203131970840575
trial_0014_bite_002_withdrawal,trial_0014_bite_002,trial_0014,withdrawal,contextual_promp,RobotSmooth,True,101,1.0,True,0,1.0,101,True,0,7.083150003671594,1.2466752217586305,6.546524414475328,77.36478961666155,0,0,0,0,True,1.9433430750408743e-10,6.010022549964595e-11,1.1604815070812016e-09,3.589168087063634e-10,8.704148513061227e-14,2.380166564568261e-14,1.9433430750408743e-10,6.010022549964595e-11,1.1604815070812022e-09,3.589168087063637e-10,0.0346013223642192
trial_0014_bite_003_transfer,trial_0014_bite_003,trial_0014,transfer,retrieval,B0,True,101,1.0,True,0,1.0,101,True,0,3.7440675780969572,0.4297833597080692,11.317030808413127,1138.1031759097687,0,0,0,0,True,4.375700076095912e-10,8.707048215106766e-11,2.6128847543922588e-09,5.199537888538946e-10,9.059419880941277e-14,3.837091176011969e-14,4.375700076095912e-10,8.707048215106766e-11,2.6128847543922604e-09,5.199537888538951e-10,0.565734631301335
trial_0014_bite_003_transfer,trial_0014_bite_003,trial_0014,transfer,retrieval,StrongLocal,True,101,1.0,True,0,1.0,101,True,0,3.5949918135070926,0.4087616225321202,14.657169303218236,1540.8341140823459,0,0,0,0,True,1.740529528882232e-10,6.293694456442206e-11,1.0393954262040693e-09,3.758423691110306e-10,8.881784197001252e-14,3.758836294012931e-14,1.740529528882232e-10,6.293694456442206e-11,1.03939542620407e-09,3.7584236911103083e-10,0.5473096636487969
trial_0014_bite_003_transfer,trial_0014_bite_003,trial_0014,transfer,retrieval,RobotSmooth,True,101,1.0,True,0,1.0,101,True,0,3.7440676000050317,0.4297833600371358,11.317031039876762,1138.1032187778949,0,0,0,0,True,3.396534392587197e-10,7.799860965801302e-11,2.0282633472221017e-09,4.657774318532225e-10,9.059419880941277e-14,3.407643250819148e-14,3.396534392587197e-10,7.799860965801302e-11,2.0282633472221034e-09,4.657774318532228e-10,0.5657346313006113
trial_0014_bite_003_transfer,trial_0014_bite_003,trial_0014,transfer,contextual_promp,B0,True,101,1.0,True,0,1.0,101,True,0,3.3685691411341603,0.4196214316625535,1.1445280380551508,7.222832659798298,0,0,0,0,True,2.453024186220543e-10,7.678114401927805e-11,1.4647447205995347e-09,4.585245534805015e-10,7.283063041541027e-14,3.394392332738481e-14,2.453024186220543e-10,7.678114401927805e-11,1.4647447205995357e-09,4.585245534805018e-10,0.6069841638740936
trial_0014_bite_003_transfer,trial_0014_bite_003,trial_0014,transfer,contextual_promp,StrongLocal,True,101,1.0,True,0,1.0,101,True,0,3.107005070567427,0.375413225948674,3.560279798632051,227.14662450155453,0,0,0,0,True,2.170738425272683e-10,6.776761181901123e-11,1.2962659108243342e-09,4.046696520589525e-10,9.015010959956271e-14,3.8126301345867905e-14,2.170738425272683e-10,6.776761181901123e-11,1.296265910824335e-09,4.0466965205895274e-10,0.5897462523834076
trial_0014_bite_003_transfer,trial_0014_bite_003,trial_0014,transfer,contextual_promp,RobotSmooth,True,101,1.0,True,0,1.0,101,True,0,3.3685691385301517,0.41962143165788157,1.144528049445088,7.222831395558749,0,0,0,0,True,3.539332434278383e-10,9.291867174938465e-11,2.1137820427352548e-09,5.548878080078338e-10,8.881784197001252e-14,3.4437466786795104e-14,3.539332434278383e-10,9.291867174938465e-11,2.113782042735256e-09,5.548878080078342e-10,0.6069841638740936
trial_0014_bite_003_withdrawal,trial_0014_bite_003,trial_0014,withdrawal,retrieval,B0,True,101,1.0,True,0,1.0,101,True,0,6.446287521872666,1.0106142508316354,27.633219135995304,3289.5658630752787,0,0,0,0,True,1.5750336330790264e-10,4.6901833587514684e-11,9.40601991130054e-10,2.8010457822305363e-10,8.79296635503124e-14,2.949404668061749e-14,1.5750336330790264e-10,4.6901833587514684e-11,9.406019911300549e-10,2.801045782230539e-10,0.5963225620092398
trial_0014_bite_003_withdrawal,trial_0014_bite_003,trial_0014,withdrawal,retrieval,StrongLocal,True,101,1.0,True,0,1.0,101,True,0,6.487571581331178,1.0339833019573328,48.823403042195956,6520.020015584758,0,0,0,0,True,2.8935359214795257e-10,5.354251124243942e-11,1.7279116314232634e-09,3.1973823727993137e-10,7.815970093361102e-14,2.9447567901546694e-14,2.8935359214795257e-10,5.354251124243942e-11,1.7279116314232649e-09,3.1973823727993163e-10,0.5963225620092398
trial_0014_bite_003_withdrawal,trial_0014_bite_003,trial_0014,withdrawal,retrieval,RobotSmooth,True,101,1.0,True,0,1.0,101,True,0,6.446287525133817,1.0106142509154579,27.633219103834286,3289.565847308433,0,0,0,0,True,1.434631296993414e-10,4.452814618446527e-11,8.566604818313852e-10,2.6591178943771217e-10,7.815970093361102e-14,2.987030094336205e-14,1.434631296993414e-10,4.452814618446527e-11,8.566604818313859e-10,2.659117894377124e-10,0.5963225620092398
trial_0014_bite_003_withdrawal,trial_0014_bite_003,trial_0014,withdrawal,contextual_promp,B0,True,101,1.0,True,0,1.0,101,True,0,4.617343077777523,0.8053667674828802,3.232450353578672,31.171639939445242,0,0,0,0,True,1.413229457533112e-10,3.9801290427577383e-11,8.439193207497233e-10,2.376738918039976e-10,6.88338275267597e-14,2.7105330935983406e-14,1.413229457533112e-10,3.9801290427577383e-11,8.439193207497238e-10,2.3767389180399776e-10,0.5963225620092398
trial_0014_bite_003_withdrawal,trial_0014_bite_003,trial_0014,withdrawal,contextual_promp,StrongLocal,True,101,1.0,True,0,1.0,101,True,0,4.216758054607249,0.7472388430890619,4.814718589107851,339.2160842997781,0,0,0,0,True,1.0789822856755715e-10,3.8256310875948986e-11,6.441541430983806e-10,2.2846819258540508e-10,8.526512829121202e-14,2.905448638125633e-14,1.0789822856755715e-10,3.8256310875948986e-11,6.441541430983812e-10,2.2846819258540524e-10,0.5963225620092398
trial_0014_bite_003_withdrawal,trial_0014_bite_003,trial_0014,withdrawal,contextual_promp,RobotSmooth,True,101,1.0,True,0,1.0,101,True,0,4.617343078183353,0.8053667675026343,3.2324503555242425,31.171640135390646,0,0,0,0,True,9.732879847812494e-11,3.595404451516057e-11,5.811795833281107e-10,2.1472134215537918e-10,7.860379014346108e-14,2.8054182442805012e-14,9.732879847812494e-11,3.595404451516057e-11,5.811795833281111e-10,2.1472134215537933e-10,0.5963225620092398
trial_0014_bite_004_transfer,trial_0014_bite_004,trial_0014,transfer,retrieval,B0,True,101,1.0,True,0,1.0,101,True,0,4.67494374364017,0.5655920781051311,15.717091064169468,1481.6966635475444,0,0,0,0,True,3.0938402826388653e-10,7.784548624399986e-11,1.8474211004828489e-09,4.648658515447231e-10,7.949196856316121e-14,3.565239316909061e-14,3.0938402826388653e-10,7.784548624399986e-11,1.8474211004828505e-09,4.6486585154472344e-10,0.6396024640575195
trial_0014_bite_004_transfer,trial_0014_bite_004,trial_0014,transfer,retrieval,StrongLocal,True,101,1.0,True,0,1.0,101,True,0,4.6051044390288585,0.5473160010564373,18.914460428023407,1838.669302632471,0,0,0,0,True,1.8659890283512734e-10,7.404845978651348e-11,1.1142347938825414e-09,4.422167842218475e-10,6.572520305780927e-14,2.9332197074336365e-14,1.8659890283512734e-10,7.404845978651348e-11,1.1142347938825424e-09,4.422167842218479e-10,0.6280230591457521
trial_0014_bite_004_transfer,trial_0014_bite_004,trial_0014,transfer,retrieval,RobotSmooth,True,101,1.0,True,0,1.0,101,True,0,4.674943752659683,0.5655920784582216,15.717091204388922,1481.6966816368847,0,0,0,0,True,2.231805359058827e-10,7.300289526616155e-11,1.3327952311941757e-09,4.359546169537601e-10,6.661338147750939e-14,3.021852442948535e-14,2.231805359058827e-10,7.300289526616155e-11,1.3327952311941771e-09,4.3595461695376045e-10,0.6396024640575195
trial_0014_bite_004_transfer,trial_0014_bite_004,trial_0014,transfer,contextual_promp,B0,True,101,1.0,True,0,1.0,101,True,0,3.582996595156488,0.44676090234453175,1.1586537175030787,7.4236449815747925,0,0,0,0,True,2.774108376647936e-10,8.329324009583893e-11,1.6564526448828506e-09,4.97401125315379e-10,7.72715225139109e-14,3.3899427296854236e-14,2.774108376647936e-10,8.329324009583893e-11,1.656452644882852e-09,4.974011253153794e-10,0.6195725217871173
trial_0014_bite_004_transfer,trial_0014_bite_004,trial_0014,transfer,contextual_promp,StrongLocal,True,101,1.0,True,0,1.0,101,True,0,3.452917546574091,0.4246459657017106,2.899395419916164,177.47830667399597,0,0,0,0,True,2.4605961152482365e-10,7.401296521827339e-11,1.4693725343326026e-09,4.419791505613693e-10,8.748557434046234e-14,3.044868547643749e-14,2.4605961152482365e-10,7.401296521827339e-11,1.469372534332604e-09,4.419791505613697e-10,0.606691432660357
trial_0014_bite_004_transfer,trial_0014_bite_004,trial_0014,transfer,contextual_promp,RobotSmooth,True,101,1.0,True,0,1.0,101,True,0,3.582996589154111,0.4467609023139683,1.1586537135046457,7.423645694393236,0,0,0,0,True,2.8279343559883287e-10,8.111767507381289e-11,1.6885928933195485e-09,4.844185139339965e-10,7.72715225139109e-14,3.274208906837387e-14,2.8279343559883287e-10,8.111767507381289e-11,1.68859289331955e-09,4.844185139339969e-10,0.6195725217871173
trial_0014_bite_004_withdrawal,trial_0014_bite_004,trial_0014,withdrawal,retrieval,B0,True,101,1.0,True,0,1.0,101,True,0,7.3969529205913505,1.2942276998905065,35.51391760689172,4111.1852084616075,0,0,0,0,True,1.392429356450131e-10,2.7101246836425106e-11,8.315117239929853e-10,1.618260064027636e-10,5.728750807065808e-14,2.3219084764746174e-14,1.392429356450131e-10,2.7101246836425106e-11,8.315117239929859e-10,1.618260064027637e-10,0.4211701067686646
trial_0014_bite_004_withdrawal,trial_0014_bite_004,trial_0014,withdrawal,retrieval,StrongLocal,True,101,1.0,True,0,1.0,101,True,0,6.993340029344078,1.2630857228935675,64.42024111265816,9065.72863396722,0,0,0,0,True,6.970474470597704e-11,2.2016523662213264e-11,4.1620568129484614e-10,1.3149167205586321e-10,5.773159728050814e-14,2.0397541294136016e-14,6.970474470597704e-11,2.2016523662213264e-11,4.162056812948464e-10,1.3149167205586334e-10,0.41948380531158014
trial_0014_bite_004_withdrawal,trial_0014_bite_004,trial_0014,withdrawal,retrieval,RobotSmooth,True,101,1.0,True,0,1.0,101,True,0,7.663737738327951,1.3411915076412615,64.28974856945919,8076.794946864947,0,0,0,0,True,1.392429356450131e-10,2.3744319570639414e-11,8.315117239929853e-10,1.4180217668365088e-10,6.217248937900877e-14,2.1766203153956486e-14,1.392429356450131e-10,2.3744319570639414e-11,8.315117239929859e-10,1.4180217668365095e-10,0.41843460025352064
trial_0014_bite_004_withdrawal,trial_0014_bite_004,trial_0014,withdrawal,contextual_promp,B0,True,101,1.0,True,0,1.0,101,True,0,6.13081087207749,1.0610690030922179,5.111007810095226,51.12720813892188,0,0,0,0,True,1.5634274378059529e-10,3.56530099294379e-11,9.33536675894428e-10,2.1289565020182392e-10,5.639932965095795e-14,2.2464467169935482e-14,1.5634274378059529e-10,3.56530099294379e-11,9.335366758944286e-10,2.1289565020182407e-10,0.3191548760666971
trial_0014_bite_004_withdrawal,trial_0014_bite_004,trial_0014,withdrawal,contextual_promp,StrongLocal,True,101,1.0,True,0,1.0,101,True,0,5.978576737745929,1.024021368794595,7.862766590102355,534.9915904731765,0,0,0,0,True,2.370036016567921e-10,4.029660881527741e-11,1.4151582750047951e-09,2.4062864156081787e-10,5.950795411990839e-14,2.1983426268350774e-14,2.370036016567921e-10,4.029660881527741e-11,1.415158275004796e-09,2.40628641560818e-10,0.31582967167797404
trial_0014_bite_004_withdrawal,trial_0014_bite_004,trial_0014,withdrawal,contextual_promp,RobotSmooth,True,101,1.0,True,0,1.0,101,True,0,6.130810872389896,1.0610690030447723,5.11100780645702,51.12720582865007,0,0,0,0,True,1.0920771968305079e-10,2.6814012370607315e-11,6.521606168792816e-10,1.6012104346090765e-10,5.861977570020827e-14,2.3244509804345118e-14,1.0920771968305079e-10,2.6814012370607315e-11,6.52160616879282e-10,1.6012104346090775e-10,0.31915487606707726
trial_0014_bite_005_transfer,trial_0014_bite_005,trial_0014,transfer,retrieval,B0,True,101,1.0,True,0,1.0,101,True,0,4.369458321894944,0.577234613900964,9.167274202460748,695.1761536642848,0,0,0,0,True,9.62871636721258e-10,1.957000730319885e-10,5.7499538377260695e-09,1.1686659309919202e-09,6.927791673660977e-14,2.495709223743959e-14,9.62871636721258e-10,1.957000730319885e-10,5.7499538377260744e-09,1.1686659309919212e-09,0.7090355651087599
trial_0014_bite_005_transfer,trial_0014_bite_005,trial_0014,transfer,retrieval,StrongLocal,True,101,1.0,True,0,1.0,101,True,0,4.013063270466056,0.5227548929338343,10.182651562594415,826.5764976013763,0,0,0,0,True,3.4545181347677415e-10,8.199741955094392e-11,2.0630525359750727e-09,4.896728483780475e-10,7.105427357601002e-14,3.230704238861127e-14,3.4545181347677415e-10,8.199741955094392e-11,2.0630525359750744e-09,4.896728483780479e-10,0.6911565224928022
trial_0014_bite_005_transfer,trial_0014_bite_005,trial_0014,transfer,retrieval,RobotSmooth,True,101,1.0,True,0,1.0,101,True,0,4.56012519719503,0.6335582715747158,28.034036791116147,3203.256612925487,0,0,0,0,True,6.05049995465855e-10,1.6061282686616904e-10,3.613370433705284e-09,9.591446689064145e-10,6.927791673660977e-14,2.7184098588987607e-14,6.05049995465855e-10,1.6061282686616904e-10,3.6133704337052873e-09,9.591446689064153e-10,0.7034542723884369
trial_0014_bite_005_transfer,trial_0014_bite_005,trial_0014,transfer,contextual_promp,B0,True,101,1.0,True,0,1.0,101,True,0,3.821173204414072,0.4826496719731058,1.3151951104783663,8.603274444149065,0,0,0,0,True,3.8072538654647775e-10,1.2310780712719237e-10,2.2735963525855033e-09,7.351737487805835e-10,5.595524044110789e-14,2.0031786094232737e-14,3.8072538654647775e-10,1.2310780712719237e-10,2.2735963525855054e-09,7.351737487805842e-10,0.7527857018992528
trial_0014_bite_005_transfer,trial_0014_bite_005,trial_0014,transfer,contextual_promp,StrongLocal,True,101,1.0,True,0,1.0,101,True,0,3.4384934610911198,0.4240313057850496,3.904427818595223,246.9321503774724,0,0,0,0,True,2.6463633230162304e-10,9.598560984114462e-11,1.5803916865138678e-09,5.732135660173755e-10,6.261657858885883e-14,2.6006891498810053e-14,2.6463633230162304e-10,9.598560984114462e-11,1.5803916865138693e-09,5.73213566017376e-10,0.7297672476506056
trial_0014_bite_005_transfer,trial_0014_bite_005,trial_0014,transfer,contextual_promp,RobotSmooth,True,101,1.0,True,0,1.0,101,True,0,4.045954362489364,0.5620296241707732,28.27580948293857,3322.284439939365,0,0,0,0,True,3.292796813621651e-10,1.064819360532078e-10,1.9663423321780376e-09,6.358837796554523e-10,5.595524044110789e-14,2.0224833883548336e-14,3.292796813621651e-10,1.064819360532078e-10,1.9663423321780392e-09,6.358837796554528e-10,0.7468917142924685
trial_0014_bite_005_withdrawal,trial_0014_bite_005,trial_0014,withdrawal,retrieval,B0,True,101,1.0,True,0,1.0,101,True,0,6.461822178358624,1.047098135950529,13.673162848161773,1436.849431293086,0,0,0,0,True,1.2807891442315845e-10,3.151230054760932e-11,7.648703204329157e-10,1.8818656715221422e-10,6.838973831690964e-14,2.522081282136937e-14,1.2807891442315845e-10,3.151230054760932e-11,7.648703204329162e-10,1.8818656715221435e-10,0.393646275147145
trial_0014_bite_005_withdrawal,trial_0014_bite_005,trial_0014,withdrawal,retrieval,StrongLocal,True,101,1.0,True,0,1.0,101,True,0,6.763926249373846,1.0964887061551736,19.07469963525896,2394.9775799687304,0,0,0,0,True,2.2815177565103949e-10,4.5129142941996906e-11,1.3626903675605333e-09,2.6951797259186506e-10,6.128431095930864e-14,2.4897833837615165e-14,2.2815177565103949e-10,4.5129142941996906e-11,1.3626903675605341e-09,2.6951797259186526e-10,0.3908751018013876
trial_0014_bite_005_withdrawal,trial_0014_bite_005,trial_0014,withdrawal,retrieval,RobotSmooth,True,101,1.0,True,0,1.0,101,True,0,6.461822177519435,1.0470981358387266,13.673162716166713,1436.849406171983,0,0,0,0,True,7.473507345507592e-11,2.8409509442469427e-11,4.464476494453418e-10,1.6963975299696241e-10,6.838973831690964e-14,2.5429451651557616e-14,7.473507345507592e-11,2.8409509442469427e-11,4.4644764944534223e-10,1.6963975299696254e-10,0.393646275147145
trial_0014_bite_005_withdrawal,trial_0014_bite_005,trial_0014,withdrawal,contextual_promp,B0,True,101,1.0,True,0,1.0,101,True,0,4.513300874004298,0.7542784855705359,3.0447166838583066,28.473481569471193,0,0,0,0,True,6.594587443948766e-11,2.5344310156459788e-11,3.939059656301943e-10,1.5134470191418438e-10,6.17284001691587e-14,2.454707529720497e-14,6.594587443948766e-11,2.5344310156459788e-11,3.939059656301946e-10,1.513447019141845e-10,0.563737024180321
trial_0014_bite_005_withdrawal,trial_0014_bite_005,trial_0014,withdrawal,contextual_promp,StrongLocal,True,101,1.0,True,0,1.0,101,True,0,3.9905381779252957,0.6812537841758086,4.69070238239814,339.8006802697054,0,0,0,0,True,9.882539010506527e-11,2.5053343748876585e-11,5.901925763451913e-10,1.4961897109957482e-10,8.570921750106208e-14,2.390938307754557e-14,9.882539010506527e-11,2.5053343748876585e-11,5.901925763451917e-10,1.496189710995749e-10,0.5607824098191947
trial_0014_bite_005_withdrawal,trial_0014_bite_005,trial_0014,withdrawal,contextual_promp,RobotSmooth,True,101,1.0,True,0,1.0,101,True,0,4.513300874004054,0.7542784855793827,3.044716684337144,28.473481746691363,0,0,0,0,True,1.2240317063587904e-10,2.7507574938801595e-11,7.309442650128828e-10,1.642589632606199e-10,5.1514348342607263e-14,2.1386562780726315e-14,1.2240317063587904e-10,2.7507574938801595e-11,7.309442650128833e-10,1.6425896326062004e-10,0.563737024180321
trial_0014_bite_006_transfer,trial_0014_bite_006,trial_0014,transfer,retrieval,B0,True,101,1.0,True,0,1.0,101,True,0,3.955857183855442,0.4846851683738202,10.739653129489831,1029.79060598507,0,0,0,0,True,2.2012877487064712e-10,7.531428344163128e-11,1.3143172824956181e-09,4.49737355571982e-10,6.705747068735946e-14,2.50677900959107e-14,2.2012877487064712e-10,7.531428344163128e-11,1.3143172824956194e-09,4.497373555719823e-10,0.7491508903097415
trial_0014_bite_006_transfer,trial_0014_bite_006,trial_0014,transfer,retrieval,StrongLocal,True,101,1.0,True,0,1.0,101,True,0,3.722458726667415,0.4576522465323004,12.166414453904652,1180.236840101121,0,0,0,0,True,2.622174752394901e-10,5.732966998453642e-11,1.5657670047616517e-09,3.42338750013685e-10,6.17284001691587e-14,2.7030307121135206e-14,2.622174752394901e-10,5.732966998453642e-11,1.5657670047616531e-09,3.423387500136853e-10,0.7410471150693672
trial_0014_bite_006_transfer,trial_0014_bite_006,trial_0014,transfer,retrieval,RobotSmooth,True,101,1.0,True,0,1.0,101,True,0,3.955857174601063,0.48468516799096234,10.739653098800966,1029.790613070206,0,0,0,0,True,2.244900767544229e-10,7.761790752144261e-11,1.3405771373927793e-09,4.6349718367695534e-10,5.0182080713057076e-14,2.367767134052155e-14,2.244900767544229e-10,7.761790752144261e-11,1.34057713739278e-09,4.634971836769557e-10,0.7491508903098827
trial_0014_bite_006_transfer,trial_0014_bite_006,trial_0014,transfer,contextual_promp,B0,True,101,1.0,True,0,1.0,101,True,0,3.17270715247776,0.39639895609217024,1.0148459825744403,6.114430760264103,0,0,0,0,True,2.2485255535695181e-10,7.798984615587478e-11,1.3428702399549548e-09,4.657235418800448e-10,7.194245199571014e-14,2.7075959354318654e-14,2.2485255535695181e-10,7.798984615587478e-11,1.3428702399549556e-09,4.657235418800451e-10,0.7499975431708858
trial_0014_bite_006_transfer,trial_0014_bite_006,trial_0014,transfer,contextual_promp,StrongLocal,True,101,1.0,True,0,1.0,101,True,0,2.960529607036647,0.3627443407883627,2.991526818735478,188.56771134301985,0,0,0,0,True,1.5716533064740063e-10,6.665324469019836e-11,9.386209387786336e-10,3.9802773565597073e-10,8.038014698286133e-14,3.045192378929976e-14,1.5716533064740063e-10,6.665324469019836e-11,9.386209387786342e-10,3.98027735655971e-10,0.7380044605493838
trial_0014_bite_006_transfer,trial_0014_bite_006,trial_0014,transfer,contextual_promp,RobotSmooth,True,101,1.0,True,0,1.0,101,True,0,3.172707152267018,0.39639895608327147,1.014845982134957,6.114431124215763,0,0,0,0,True,2.845523787342141e-10,8.426555996547693e-11,1.6994126412685305e-09,5.032066697516595e-10,6.794564910705958e-14,2.600599051001146e-14,2.845523787342141e-10,8.426555996547693e-11,1.699412641268532e-09,5.032066697516598e-10,0.7499975431708858
trial_0014_bite_006_withdrawal,trial_0014_bite_006,trial_0014,withdrawal,retrieval,B0,True,101,1.0,True,0,1.0,101,True,0,6.502609813361382,1.0246134227218389,32.19028141076987,3859.256931798933,0,0,0,0,True,6.672365724606844e-11,2.5180667344436567e-11,3.982808182551135e-10,1.503685517132812e-10,6.17284001691587e-14,2.6502693597617112e-14,6.672365724606844e-11,2.5180667344436567e-11,3.982808182551137e-10,1.503685517132813e-10,0.47450226657885297
trial_0014_bite_006_withdrawal,trial_0014_bite_006,trial_0014,withdrawal,retrieval,StrongLocal,True,101,1.0,True,0,1.0,101,True,0,6.630125116863161,1.061694106504262,48.857502002616435,6422.923054948399,0,0,0,0,True,4.88825595956302e-11,2.1865582057570847e-11,2.920204726050647e-10,1.305733500990164e-10,4.929390229335695e-14,2.3640862457090258e-14,4.88825595956302e-11,2.1865582057570847e-11,2.920204726050649e-10,1.3057335009901647e-10,0.47303644852794635
trial_0014_bite_006_withdrawal,trial_0014_bite_006,trial_0014,withdrawal,retrieval,RobotSmooth,True,101,1.0,True,0,1.0,101,True,0,6.5026098143213416,1.0246134226355943,32.19028151554221,3859.2569650420187,0,0,0,0,True,6.626681694024013e-11,2.215499628212206e-11,3.9590162829779617e-10,1.322941738339165e-10,5.417888360170764e-14,2.4647971132454962e-14,6.626681694024013e-11,2.215499628212206e-11,3.959016282977963e-10,1.322941738339166e-10,0.47450226657885297
trial_0014_bite_006_withdrawal,trial_0014_bite_006,trial_0014,withdrawal,contextual_promp,B0,True,101,1.0,True,0,1.0,101,True,0,4.740239870069988,0.7986020475895493,3.168537519216069,30.18780901294363,0,0,0,0,True,9.94717834528241e-11,2.6074703567534716e-11,5.941118046767963e-10,1.5570558287613564e-10,6.88338275267597e-14,2.7440648915787124e-14,9.94717834528241e-11,2.6074703567534716e-11,5.941118046767968e-10,1.5570558287613574e-10,0.4537389394022351
trial_0014_bite_006_withdrawal,trial_0014_bite_006,trial_0014,withdrawal,contextual_promp,StrongLocal,True,101,1.0,True,0,1.0,101,True,0,4.409787757857888,0.7378171068759024,5.019192138526039,373.0874977223976,0,0,0,0,True,9.35813031793859e-11,2.933148541449896e-11,5.588220213376633e-10,1.751714506147655e-10,7.061018436615996e-14,2.513422339173822e-14,9.35813031793859e-11,2.933148541449896e-11,5.588220213376638e-10,1.7517145061476557e-10,0.45026321642210787
trial_0014_bite_006_withdrawal,trial_0014_bite_006,trial_0014,withdrawal,contextual_promp,RobotSmooth,True,101,1.0,True,0,1.0,101,True,0,4.7402398704372875,0.798602047597965,3.1685375141613994,30.187809566978544,0,0,0,0,True,1.0378453499084063e-10,2.825401213692533e-11,6.198292570332746e-10,1.6873720563212885e-10,6.88338275267597e-14,2.7249241914542987e-14,1.0378453499084063e-10,2.825401213692533e-11,6.19829257033275e-10,1.6873720563212898e-10,0.4537389394025122
trial_0014_bite_007_transfer,trial_0014_bite_007,trial_0014,transfer,retrieval,B0,True,101,1.0,True,0,1.0,101,True,0,4.132018190445755,0.505147436656639,14.002650431170025,1219.372590821529,0,0,0,0,True,2.9965445302153596e-10,8.699831312483161e-11,1.7894253367611191e-09,5.195254899544499e-10,7.238654120556021e-14,2.6151695218676912e-14,2.9965445302153596e-10,8.699831312483161e-11,1.7894253367611208e-09,5.195254899544503e-10,0.7782985360389691
trial_0014_bite_007_transfer,trial_0014_bite_007,trial_0014,transfer,retrieval,StrongLocal,True,101,1.0,True,0,1.0,101,True,0,4.1306552135505585,0.5025388593488634,18.54507049916896,1766.1354229054384,0,0,0,0,True,2.6221190626694945e-10,7.914713039362989e-11,1.5658073207032012e-09,4.726420427270406e-10,6.838973831690964e-14,2.9641808159455594e-14,2.6221190626694945e-10,7.914713039362989e-11,1.5658073207032024e-09,4.726420427270411e-10,0.7542905408307181
trial_0014_bite_007_transfer,trial_0014_bite_007,trial_0014,transfer,retrieval,RobotSmooth,True,101,1.0,True,0,1.0,101,True,0,4.132018189288688,0.5051474364090566,14.002650274437226,1219.372557084541,0,0,0,0,True,2.3111964443903505e-10,8.540610208336142e-11,1.3799733436743401e-09,5.100114452282577e-10,6.084022174945858e-14,2.6279471505852972e-14,2.3111964443903505e-10,8.540610208336142e-11,1.3799733436743414e-09,5.100114452282582e-10,0.7782985360389745
trial_0014_bite_007_transfer,trial_0014_bite_007,trial_0014,transfer,contextual_promp,B0,True,101,1.0,True,0,1.0,101,True,0,3.400428196847222,0.42141946693324706,1.1109936900731323,6.944745447480253,0,0,0,0,True,3.668566298143528e-10,8.843450738004388e-11,2.190887810214131e-09,5.281288175567918e-10,6.439293542825908e-14,2.5685738828252204e-14,3.668566298143528e-10,8.843450738004388e-11,2.190887810214133e-09,5.281288175567923e-10,0.7938333278976275
trial_0014_bite_007_transfer,trial_0014_bite_007,trial_0014,transfer,contextual_promp,StrongLocal,True,101,1.0,True,0,1.0,101,True,0,3.1347597553328885,0.37989412280279095,3.407339768328198,216.20512957583136,0,0,0,0,True,2.7412128240090056e-10,7.004686505767063e-11,1.636884512910114e-09,4.1827848787459025e-10,6.616929226765933e-14,2.761793602549976e-14,2.7412128240090056e-10,7.004686505767063e-11,1.6368845129101151e-09,4.1827848787459066e-10,0.7662611797832248
trial_0014_bite_007_transfer,trial_0014_bite_007,trial_0014,transfer,contextual_promp,RobotSmooth,True,101,1.0,True,0,1.0,101,True,0,3.4004281926823134,0.42141946691499355,1.110993687310043,6.944745593665637,0,0,0,0,True,3.3668757923987057e-10,9.076538534443671e-11,2.010623378369977e-09,5.420329790942333e-10,6.794564910705958e-14,2.6630472180223985e-14,3.3668757923987057e-10,9.076538534443671e-11,2.0106233783699786e-09,5.420329790942338e-10,0.7938333278976275
trial_0014_bite_007_withdrawal,trial_0014_bite_007,trial_0014,withdrawal,retrieval,B0,True,101,1.0,True,0,1.0,101,True,0,4.917554141464294,0.76113027552278,26.670901062988808,3641.2214462201073,0,0,0,0,True,1.1487316992496074e-10,2.6867164988843904e-11,6.8606978534557e-10,1.60455992936095e-10,5.551115123125783e-14,2.0840595297550012e-14,1.1487316992496074e-10,2.6867164988843904e-11,6.860697853455707e-10,1.6045599293609517e-10,0.45804042636031417
trial_0014_bite_007_withdrawal,trial_0014_bite_007,trial_0014,withdrawal,retrieval,StrongLocal,True,101,1.0,True,0,1.0,101,True,0,4.951201643916143,0.7871599675479507,47.80556505550571,6965.950065432285,0,0,0,0,True,1.1072968864289244e-10,2.7034278492199994e-11,6.613399095532011e-10,1.614518057084258e-10,5.861977570020827e-14,2.0065338607688096e-14,1.1072968864289244e-10,2.7034278492199994e-11,6.613399095532015e-10,1.6145180570842593e-10,0.455438899186166
trial_0014_bite_007_withdrawal,trial_0014_bite_007,trial_0014,withdrawal,retrieval,RobotSmooth,True,101,1.0,True,0,1.0,101,True,0,4.917554137709679,0.761130275206363,26.670900821235588,3641.221399237494,0,0,0,0,True,1.9619952122791019e-10,3.6200307557380144e-11,1.1719329772900615e-09,2.1620238162775076e-10,6.128431095930864e-14,2.0599817802126788e-14,1.9619952122791019e-10,3.6200307557380144e-11,1.1719329772900626e-09,2.1620238162775097e-10,0.4580404263603266
trial_0014_bite_007_withdrawal,trial_0014_bite_007,trial_0014,withdrawal,contextual_promp,B0,True,101,1.0,True,0,1.0,101,True,0,4.56934628480702,0.7572786190774435,2.8771985406533167,25.125349272417303,0,0,0,0,True,1.5151109029101878e-10,2.9020719653360945e-11,9.048739231536749e-10,1.732972740312083e-10,5.1958437552457326e-14,2.1222227751277905e-14,1.5151109029101878e-10,2.9020719653360945e-11,9.048739231536754e-10,1.7329727403120847e-10,0.46067355556260337
trial_0014_bite_007_withdrawal,trial_0014_bite_007,trial_0014,withdrawal,contextual_promp,StrongLocal,True,101,1.0,True,0,1.0,101,True,0,4.208756529208465,0.6908631768555987,5.553144461432308,443.71602610614644,0,0,0,0,True,7.55422479910148e-11,2.6970846872587977e-11,4.511873027151704e-10,1.6105783730428862e-10,6.572520305780927e-14,2.0688396795896983e-14,7.55422479910148e-11,2.6970846872587977e-11,4.511873027151707e-10,1.6105783730428875e-10,0.45660567751890957
trial_0014_bite_007_withdrawal,trial_0014_bite_007,trial_0014,withdrawal,contextual_promp,RobotSmooth,True,101,1.0,True,0,1.0,101,True,0,4.569346282249141,0.7572786190779556,2.8771985395859123,25.12534920520115,0,0,0,0,True,1.8413307827745953e-10,3.2196855349135866e-11,1.0997995266111554e-09,1.9228406313129947e-10,4.1300296516055823e-14,2.0032127258659208e-14,1.8413307827745953e-10,3.2196855349135866e-11,1.0997995266111565e-09,1.9228406313129968e-10,0.46067355556260337
trial_0014_bite_008_transfer,trial_0014_bite_008,trial_0014,transfer,retrieval,B0,True,101,1.0,True,0,1.0,101,True,0,3.740948424116026,0.4531970396747484,8.97996458976287,853.4284806415951,0,0,0,0,True,3.1794272391502925e-10,7.014949807332095e-11,1.8988277079379687e-09,4.189345163966177e-10,6.350475700855895e-14,3.222925358188978e-14,3.1794272391502925e-10,7.014949807332095e-11,1.898827707937971e-09,4.189345163966182e-10,0.6567056409006438
trial_0014_bite_008_transfer,trial_0014_bite_008,trial_0014,transfer,retrieval,StrongLocal,True,101,1.0,True,0,1.0,101,True,0,3.5069893347092815,0.4179501336393913,10.732108240888845,1072.3296957782122,0,0,0,0,True,1.3253305472901537e-10,3.635972807443615e-11,7.914292339447732e-10,2.1711642848238092e-10,9.814371537686384e-14,3.2700884086690286e-14,1.3253305472901537e-10,3.635972807443615e-11,7.914292339447739e-10,2.1711642848238116e-10,0.6347521422330606
trial_0014_bite_008_transfer,trial_0014_bite_008,trial_0014,transfer,retrieval,RobotSmooth,True,101,1.0,True,0,1.0,101,True,0,3.740948429998276,0.45319703965015506,8.979964641444644,853.4284895141312,0,0,0,0,True,1.829016080250324e-10,6.389331331390307e-11,1.0923410687526743e-09,3.8157378528757106e-10,7.283063041541027e-14,3.526953248180915e-14,1.829016080250324e-10,6.389331331390307e-11,1.0923410687526753e-09,3.8157378528757137e-10,0.6567056409006438
trial_0014_bite_008_transfer,trial_0014_bite_008,trial_0014,transfer,contextual_promp,B0,True,101,1.0,True,0,1.0,101,True,0,3.236039382172022,0.39516552866945287,1.034839425453931,6.680601909816396,0,0,0,0,True,2.284041000144347e-10,7.017432675932278e-11,1.3641988409959508e-09,4.1907481115605843e-10,6.972200594645983e-14,3.079477557160991e-14,2.284041000144347e-10,7.017432675932278e-11,1.364198840995952e-09,4.190748111560588e-10,0.6563520499622542
trial_0014_bite_008_transfer,trial_0014_bite_008,trial_0014,transfer,contextual_promp,StrongLocal,True,101,1.0,True,0,1.0,101,True,0,2.984022213706738,0.357162655625804,3.137467734459523,198.16668256370122,0,0,0,0,True,1.7295425194459718e-10,4.027543024697893e-11,1.0327006717784752e-09,2.404896422563616e-10,9.059419880941277e-14,3.035648955311431e-14,1.7295425194459718e-10,4.027543024697893e-11,1.032700671778476e-09,2.404896422563618e-10,0.6374422354507316
trial_0014_bite_008_transfer,trial_0014_bite_008,trial_0014,transfer,contextual_promp,RobotSmooth,True,101,1.0,True,0,1.0,101,True,0,3.2360393840466433,0.3951655286760022,1.0348394283770828,6.680601428148088,0,0,0,0,True,1.4882061557032713e-10,7.077117053410654e-11,8.887456047858805e-10,4.226316668049311e-10,7.105427357601002e-14,3.337372033333961e-14,1.4882061557032713e-10,7.077117053410654e-11,8.887456047858813e-10,4.226316668049314e-10,0.6563520499622542
trial_0014_bite_008_withdrawal,trial_0014_bite_008,trial_0014,withdrawal,retrieval,B0,True,101,1.0,True,3,0.9702970297029703,88,False,0,8.516697650454876,1.7634572824315118,30.45568868718837,2408.820889997357,0,0,0,0,True,1.5085674406406099e-09,4.0137349188087493e-10,9.008835631612363e-09,2.3968826477202746e-09,1.843902808218445e-11,1.8736502802838536e-12,1.5085674406406099e-09,4.0137349188087493e-10,9.00883563161237e-09,2.396882647720276e-09,0.02288784445715164
trial_0014_bite_008_withdrawal,trial_0014_bite_008,trial_0014,withdrawal,retrieval,StrongLocal,True,101,1.0,True,0,1.0,101,True,0,8.516424767224771,1.6537999753130017,36.5178583134085,3750.0923283346424,0,0,0,0,True,6.677977173445875e-10,1.4444528877704023e-10,3.9880178753667e-09,8.625907473428849e-10,2.0383694732117874e-13,5.2171271194278094e-14,6.677977173445875e-10,1.4444528877704023e-10,3.9880178753667034e-09,8.625907473428856e-10,0.1300551177169229
trial_0014_bite_008_withdrawal,trial_0014_bite_008,trial_0014,withdrawal,retrieval,RobotSmooth,True,101,1.0,True,0,1.0,101,True,0,7.979787942772253,1.6144305570323505,40.919529728316704,4834.791988182744,0,0,0,0,True,7.858868341865771e-10,1.2981820859083262e-10,4.69330590160072e-09,7.752301834854841e-10,8.215650382226158e-14,2.077344951003417e-14,7.858868341865771e-10,1.2981820859083262e-10,4.693305901600724e-09,7.752301834854845e-10,0.25423967375309076
trial_0014_bite_008_withdrawal,trial_0014_bite_008,trial_0014,withdrawal,contextual_promp,B0,True,101,1.0,True,0,1.0,101,True,0,4.222826196509443,0.7020149991416083,2.6424781003987583,22.212968860743544,0,0,0,0,True,1.0611915986794492e-10,2.913820595534639e-11,6.336773482650371e-10,1.7401404755288265e-10,7.993605777301127e-14,2.793204353912554e-14,1.0611915986794492e-10,2.913820595534639e-11,6.336773482650376e-10,1.7401404755288278e-10,0.4265413155902742
trial_0014_bite_008_withdrawal,trial_0014_bite_008,trial_0014,withdrawal,contextual_promp,StrongLocal,True,101,1.0,True,0,1.0,101,True,0,3.68234577760388,0.6240524966618586,3.8154686021601787,274.4465167019572,0,0,0,0,True,7.833352702493791e-11,2.8068507016731493e-11,4.680063614327961e-10,1.6762272436036326e-10,6.616929226765933e-14,2.4107140423565795e-14,7.833352702493791e-11,2.8068507016731493e-11,4.680063614327964e-10,1.6762272436036336e-10,0.5616175293951211
trial_0014_bite_008_withdrawal,trial_0014_bite_008,trial_0014,withdrawal,contextual_promp,RobotSmooth,True,101,1.0,True,0,1.0,101,True,0,4.222826195849471,0.702014999098154,2.6424781023902484,22.212968806223948,0,0,0,0,True,9.07165534345835e-11,3.050240961905202e-11,5.417911713264193e-10,1.8216204826598227e-10,7.860379014346108e-14,2.6183818930766593e-14,9.07165534345835e-11,3.050240961905202e-11,5.417911713264196e-10,1.821620482659824e-10,0.42654131558998465
trial_0014_bite_009_transfer,trial_0014_bite_009,trial_0014,transfer,retrieval,B0,True,101,1.0,True,0,1.0,101,True,0,4.36091744860861,0.5673228014869764,8.481031725913338,620.1999069765933,0,0,0,0,True,2.1222205914229096e-10,7.133260507236045e-11,1.2672285098605638e-09,4.2597000222639377e-10,7.549516567451064e-14,2.916533229398558e-14,2.1222205914229096e-10,7.133260507236045e-11,1.2672285098605646e-09,4.259700022263942e-10,0.5723220189279399
trial_0014_bite_009_transfer,trial_0014_bite_009,trial_0014,transfer,retrieval,StrongLocal,True,101,1.0,True,0,1.0,101,True,0,3.9922229545460253,0.5176316571446663,9.270165344663772,746.3588753202076,0,0,0,0,True,1.880817657838478e-10,5.502594660476118e-11,1.123231693374017e-09,3.28597465856304e-10,1.0391687510491465e-13,4.2846742548687976e-14,1.880817657838478e-10,5.502594660476118e-11,1.1232316933740177e-09,3.2859746585630426e-10,0.5471914361666617
trial_0014_bite_009_transfer,trial_0014_bite_009,trial_0014,transfer,retrieval,RobotSmooth,True,101,1.0,True,0,1.0,101,True,0,4.36091745579542,0.5673228015864052,8.481031767371174,620.1999131609708,0,0,0,0,True,2.1202246123043784e-10,7.261923098843515e-11,1.2660718857673732e-09,4.3368536743700246e-10,1.1723955140041653e-13,3.510446908006744e-14,2.1202246123043784e-10,7.261923098843515e-11,1.2660718857673742e-09,4.336853674370029e-10,0.5723220189279346
trial_0014_bite_009_transfer,trial_0014_bite_009,trial_0014,transfer,contextual_promp,B0,True,101,1.0,True,0,1.0,101,True,0,3.580493288299694,0.457348987548569,1.3555578152129584,9.820799205455343,0,0,0,0,True,2.6806995038120765e-10,8.182614292231414e-11,1.6010329099676179e-09,4.886207047649571e-10,7.904787935331115e-14,2.9572823628521604e-14,2.6806995038120765e-10,8.182614292231414e-11,1.601032909967619e-09,4.886207047649575e-10,0.6678130272672895
trial_0014_bite_009_transfer,trial_0014_bite_009,trial_0014,transfer,contextual_promp,StrongLocal,True,101,1.0,True,0,1.0,101,True,0,3.1871474610987445,0.3945646668101417,3.683999230152021,231.98917838467415,0,0,0,0,True,2.1085379839190278e-10,5.943045927768517e-11,1.2590850183009104e-09,3.548941568154962e-10,8.970602038971265e-14,3.104727609069742e-14,2.1085379839190278e-10,5.943045927768517e-11,1.2590850183009117e-09,3.548941568154965e-10,0.6278984552835061
trial_0014_bite_009_transfer,trial_0014_bite_009,trial_0014,transfer,contextual_promp,RobotSmooth,True,101,1.0,True,0,1.0,101,True,0,3.580493289312706,0.45734898753787834,1.355557812410679,9.82079946498384,0,0,0,0,True,4.800773325606279e-10,8.716437763265319e-11,2.866897821308848e-09,5.205036299181885e-10,7.904787935331115e-14,2.9038755997962364e-14,4.800773325606279e-10,8.716437763265319e-11,2.8668978213088507e-09,5.205036299181889e-10,0.6678130272672522
trial_0014_bite_009_withdrawal,trial_0014_bite_009,trial_0014,withdrawal,retrieval,B0,True,101,1.0,True,0,1.0,101,True,0,6.7470278906787335,1.3075480534251072,24.274488227960635,2597.0041332452206,0,0,0,0,True,5.381424557988408e-10,7.276487482093274e-11,3.2136806711967698e-09,4.345382210130748e-10,1.056932319443149e-13,3.450626098627548e-14,5.381424557988408e-10,7.276487482093274e-11,3.2136806711967722e-09,4.345382210130752e-10,0.375901221006548
trial_0014_bite_009_withdrawal,trial_0014_bite_009,trial_0014,withdrawal,retrieval,StrongLocal,True,101,1.0,True,0,1.0,101,True,0,6.906493435579261,1.3015161325895386,33.07356896884551,4294.248029783776,0,0,0,0,True,2.253077674357345e-10,5.3587283864325056e-11,1.3454898079343948e-09,3.2001085991182143e-10,9.636735853746359e-14,3.212578920081885e-14,2.253077674357345e-10,5.3587283864325056e-11,1.3454898079343957e-09,3.200108599118217e-10,0.46404498222390256
trial_0014_bite_009_withdrawal,trial_0014_bite_009,trial_0014,withdrawal,retrieval,RobotSmooth,True,101,1.0,True,0,1.0,101,True,0,6.747027890831493,1.3075480533464041,24.274488147837953,2597.0041063974095,0,0,0,0,True,2.718910609523372e-10,6.023825577900233e-11,1.6234202151103833e-09,3.597064668665553e-10,1.1324274851176597e-13,3.495985659386674e-14,2.718910609523372e-10,6.023825577900233e-11,1.623420215110385e-09,3.597064668665556e-10,0.375901221006548
trial_0014_bite_009_withdrawal,trial_0014_bite_009,trial_0014,withdrawal,contextual_promp,B0,True,101,1.0,True,0,1.0,101,True,0,4.50883519276532,0.7938106065070989,3.1882648532274267,30.743530612022948,0,0,0,0,True,8.020179598804e-11,3.1058377194354325e-11,4.787079354443377e-10,1.8546377869542542e-10,8.970602038971265e-14,2.9712604095239996e-14,8.020179598804e-11,3.1058377194354325e-11,4.787079354443381e-10,1.854637786954256e-10,0.5314015811772501
trial_0014_bite_009_withdrawal,trial_0014_bite_009,trial_0014,withdrawal,contextual_promp,StrongLocal,True,101,1.0,True,0,1.0,101,True,0,4.029052646915038,0.733032133048229,4.478278173672033,310.4086021889257,0,0,0,0,True,1.557140150392664e-10,4.0367444005206666e-11,9.300127101959347e-10,2.410670132973521e-10,7.460698725481052e-14,2.411912512298932e-14,1.557140150392664e-10,4.0367444005206666e-11,9.300127101959355e-10,2.4106701329735233e-10,0.5928655992510632
trial_0014_bite_009_withdrawal,trial_0014_bite_009,trial_0014,withdrawal,contextual_promp,RobotSmooth,True,101,1.0,True,0,1.0,101,True,0,4.508835193587563,0.7938106064351925,3.1882648521279044,30.743530759093865,0,0,0,0,True,1.3459296147448196e-10,3.557248521242797e-11,8.039464630690456e-10,2.124378392183756e-10,8.970602038971265e-14,3.25196644333065e-14,1.3459296147448196e-10,3.557248521242797e-11,8.039464630690463e-10,2.124378392183758e-10,0.5314015811770085
trial_0014_bite_010_transfer,trial_0014_bite_010,trial_0014,transfer,retrieval,B0,True,101,1.0,True,0,1.0,101,True,0,4.611673925258593,0.6029436338647645,9.105915502617846,693.1259937393686,0,0,0,0,True,5.23791588814273e-10,1.1707648087271011e-10,3.1278471378804392e-09,6.991375413602497e-10,6.394884621840902e-14,2.6719411103709373e-14,5.23791588814273e-10,1.1707648087271011e-10,3.127847137880442e-09,6.991375413602504e-10,0.6482375243897938
trial_0014_bite_010_transfer,trial_0014_bite_010,trial_0014,transfer,retrieval,StrongLocal,True,101,1.0,True,0,1.0,101,True,0,4.2331250414098225,0.5451980692229088,9.986142461321084,811.1216947278454,0,0,0,0,True,2.5261531784848414e-10,8.432042006470765e-11,1.5086450062904695e-09,5.03531901917241e-10,7.593925488436071e-14,2.910615519606224e-14,2.5261531784848414e-10,8.432042006470765e-11,1.5086450062904708e-09,5.035319019172415e-10,0.6240762200662262
trial_0014_bite_010_transfer,trial_0014_bite_010,trial_0014,transfer,retrieval,RobotSmooth,True,101,1.0,True,0,1.0,101,True,0,4.611673921501696,0.6029436335507891,9.10591522509051,693.1259384682087,0,0,0,0,True,6.880522991935244e-10,1.2793343412099742e-10,4.108754481221384e-09,7.639751695447927e-10,6.483702463810914e-14,2.675577966025356e-14,6.880522991935244e-10,1.2793343412099742e-10,4.108754481221386e-09,7.639751695447933e-10,0.6482375243897938
trial_0014_bite_010_transfer,trial_0014_bite_010,trial_0014,transfer,contextual_promp,B0,True,101,1.0,True,0,1.0,101,True,0,4.115499827410863,0.5157999682559951,1.482261620285657,9.881169167230778,0,0,0,0,True,6.462397237804695e-10,1.2465197018711522e-10,3.859048165932962e-09,7.443846253219283e-10,4.440892098500626e-14,2.1027982871317147e-14,6.462397237804695e-10,1.2465197018711522e-10,3.859048165932965e-09,7.443846253219289e-10,0.6998209827069983
trial_0014_bite_010_transfer,trial_0014_bite_010,trial_0014,transfer,contextual_promp,StrongLocal,True,101,1.0,True,0,1.0,101,True,0,3.6987934423310955,0.45234660317864733,4.163654764153364,262.8393906715661,0,0,0,0,True,1.8514668839100037e-10,6.282965530237691e-11,1.1056519077033085e-09,3.752038249289218e-10,6.217248937900877e-14,2.506038909019699e-14,1.8514668839100037e-10,6.282965530237691e-11,1.1056519077033093e-09,3.752038249289221e-10,0.6655645108404373
trial_0014_bite_010_transfer,trial_0014_bite_010,trial_0014,transfer,contextual_promp,RobotSmooth,True,101,1.0,True,0,1.0,101,True,0,4.11549983423785,0.5157999683001125,1.4822616340485717,9.881166218825244,0,0,0,0,True,3.7339399631586295e-10,1.0043295985907874e-10,2.2296788989011983e-09,5.997511144667299e-10,4.618527782440651e-14,1.9403343137066276e-14,3.7339399631586295e-10,1.0043295985907874e-10,2.2296788989012e-09,5.997511144667304e-10,0.6998209827069184
trial_0014_bite_010_withdrawal,trial_0014_bite_010,trial_0014,withdrawal,retrieval,B0,True,101,1.0,True,2,0.9801980198019802,75,False,0,8.94444004125339,1.7369942710439972,33.00658087796709,3202.8587430248335,0,0,0,0,True,1.5815515675814533e-09,4.0432255671392305e-10,9.4447046800238e-09,2.4145177758327965e-09,2.6716406864579767e-12,4.2593387654046294e-13,1.5815515675814533e-09,4.0432255671392305e-10,9.444704680023808e-09,2.4145177758327986e-09,0.15980292623388515
trial_0014_bite_010_withdrawal,trial_0014_bite_010,trial_0014,withdrawal,retrieval,StrongLocal,True,101,1.0,True,0,1.0,101,True,0,8.980500787250687,1.6594299847284126,38.35790098486632,4263.323518050953,0,0,0,0,True,1.1021940389774874e-09,2.051493815206774e-10,6.581992700724244e-09,1.2250896091550878e-09,1.8207657603852567e-13,3.6442383757646443e-14,1.1021940389774874e-09,2.051493815206774e-10,6.581992700724246e-09,1.2250896091550886e-09,0.2401191191515153
trial_0014_bite_010_withdrawal,trial_0014_bite_010,trial_0014,withdrawal,retrieval,RobotSmooth,True,101,1.0,True,0,1.0,101,True,0,8.633454551348148,1.6246413031866482,55.26546131422696,7471.089927180465,0,0,0,0,True,1.0957501209869677e-09,1.93659694049246e-10,6.543473797331163e-09,1.1564756638668105e-09,7.327471962526033e-14,2.3633758187020106e-14,1.0957501209869677e-09,1.93659694049246e-10,6.543473797331169e-09,1.1564756638668113e-09,0.2600501453776092
trial_0014_bite_010_withdrawal,trial_0014_bite_010,trial_0014,withdrawal,contextual_promp,B0,True,101,1.0,True,0,1.0,101,True,0,4.764578994630929,0.8540747052194706,3.720867840256376,35.316176429359004,0,0,0,0,True,2.1115958416110916e-10,4.919705240838771e-11,1.2611382772579848e-09,2.937987071613656e-10,5.595524044110789e-14,2.454230206248566e-14,2.1115958416110916e-10,4.919705240838771e-11,1.2611382772579854e-09,2.9379870716136574e-10,0.5841416197135922
trial_0014_bite_010_withdrawal,trial_0014_bite_010,trial_0014,withdrawal,contextual_promp,StrongLocal,True,101,1.0,True,0,1.0,101,True,0,4.218996020212645,0.7842362951831465,3.9128727316332035,177.02664618672398,0,0,0,0,True,2.523295083219778e-10,4.992431383749412e-11,1.5067106647577728e-09,2.9812939666924937e-10,6.039613253960852e-14,2.1149000638524452e-14,2.523295083219778e-10,4.992431383749412e-11,1.5067106647577734e-09,2.9812939666924957e-10,0.6213200844788598
trial_0014_bite_010_withdrawal,trial_0014_bite_010,trial_0014,withdrawal,contextual_promp,RobotSmooth,True,101,1.0,True,0,1.0,101,True,0,4.764578990216565,0.8540747051772903,3.720867847192689,35.31617519976656,0,0,0,0,True,2.7165937098742303e-10,5.5746226701864036e-11,1.6226042694261076e-09,3.329130542318894e-10,8.615330671091215e-14,2.6818068220272747e-14,2.7165937098742303e-10,5.5746226701864036e-11,1.6226042694261087e-09,3.3291305423188965e-10,0.5841416197128293
trial_0014_bite_011_transfer,trial_0014_bite_011,trial_0014,transfer,retrieval,B0,True,101,1.0,True,0,1.0,101,True,0,4.182832040545748,0.5361787327470277,9.76041997951834,838.8619096603531,0,0,0,0,True,4.138180553325769e-10,1.0637513834878139e-10,2.471058484381195e-09,6.352501547868509e-10,6.439293542825908e-14,2.5375259774722404e-14,4.138180553325769e-10,1.0637513834878139e-10,2.471058484381197e-09,6.352501547868516e-10,0.7151411742258773
trial_0014_bite_011_transfer,trial_0014_bite_011,trial_0014,transfer,retrieval,StrongLocal,True,101,1.0,True,0,1.0,101,True,0,3.9187989265868475,0.5002626596076986,11.774308977465195,1150.041249071357,0,0,0,0,True,3.559973739493719e-10,9.118335027380937e-11,2.1257335122541714e-09,5.445383779147045e-10,8.837375276016246e-14,3.2742715246408496e-14,3.559973739493719e-10,9.118335027380937e-11,2.1257335122541734e-09,5.445383779147051e-10,0.695358879282832
trial_0014_bite_011_transfer,trial_0014_bite_011,trial_0014,transfer,retrieval,RobotSmooth,True,101,1.0,True,0,1.0,101,True,0,4.182832028209719,0.5361787330956767,9.760420226672801,838.861957588206,0,0,0,0,True,4.085499641941583e-10,8.20619086183633e-11,2.4397655890893913e-09,4.900464703298162e-10,6.17284001691587e-14,2.5816577842340236e-14,4.085499641941583e-10,8.20619086183633e-11,2.4397655890893934e-09,4.900464703298166e-10,0.7151411742258986
trial_0014_bite_011_transfer,trial_0014_bite_011,trial_0014,transfer,contextual_promp,B0,True,101,1.0,True,0,1.0,101,True,0,3.7012017006490456,0.4659684340986617,1.2368255366272591,8.051283181610723,0,0,0,0,True,2.973973171854681e-10,8.791381350481103e-11,1.776082936452555e-09,5.249909164189013e-10,5.728750807065808e-14,2.3761679860269224e-14,2.973973171854681e-10,8.791381350481103e-11,1.7760829364525567e-09,5.249909164189018e-10,0.7718449333769737
trial_0014_bite_011_transfer,trial_0014_bite_011,trial_0014,transfer,contextual_promp,StrongLocal,True,101,1.0,True,0,1.0,101,True,0,3.3861261529039144,0.4200529482036584,3.3785864791097002,210.61981942148554,0,0,0,0,True,1.9997337510660706e-10,3.89660853453333e-11,1.1939856565656125e-09,2.3268162294451304e-10,5.595524044110789e-14,2.4632914627895432e-14,1.9997337510660706e-10,3.89660853453333e-11,1.1939856565656135e-09,2.3268162294451322e-10,0.7422313600457926
trial_0014_bite_011_transfer,trial_0014_bite_011,trial_0014,transfer,contextual_promp,RobotSmooth,True,101,1.0,True,0,1.0,101,True,0,3.701201700963804,0.4659684340618196,1.2368255221836202,8.051289684708937,0,0,0,0,True,6.313060806064101e-10,1.0197501763582835e-10,3.770127308592685e-09,6.089582793381141e-10,5.728750807065808e-14,2.3514151954638112e-14,6.313060806064101e-10,1.0197501763582835e-10,3.7701273085926886e-09,6.089582793381147e-10,0.7718449333769684
trial_0014_bite_011_withdrawal,trial_0014_bite_011,trial_0014,withdrawal,retrieval,B0,True,101,1.0,True,0,1.0,101,True,1,9.197640932450847,1.7403605553374486,35.11381647750032,3563.5294760861498,0,0,0,0,True,1.507967660692639e-09,2.2519648960710716e-10,9.005204986169877e-09,1.3448216804634568e-09,5.395683899678261e-13,1.2032622981605426e-13,1.507967660692639e-09,2.2519648960710716e-10,9.005204986169882e-09,1.3448216804634579e-09,0.18770157460493397
trial_0014_bite_011_withdrawal,trial_0014_bite_011,trial_0014,withdrawal,retrieval,StrongLocal,True,101,1.0,True,2,0.9801980198019802,67,False,0,8.942620056678473,1.6759761851026573,39.179416183771124,4372.502896037189,0,0,0,0,True,1.5799956266573773e-09,4.111371730358513e-10,9.435281969127362e-09,2.4552075824514683e-09,1.1142198275138071e-12,2.109686620112567e-13,1.5799956266573773e-09,4.111371730358513e-10,9.435281969127372e-09,2.4552075824514707e-09,0.16852510077890237
trial_0014_bite_011_withdrawal,trial_0014_bite_011,trial_0014,withdrawal,retrieval,RobotSmooth,True,101,1.0,True,0,1.0,101,True,0,8.854475859504301,1.6426061953601603,57.96543986591205,7723.5110778118415,0,0,0,0,True,1.2410307990834132e-09,3.53129681520412e-10,7.411188378373746e-09,2.108811811773354e-09,5.435651928564766e-13,1.0976974682497111e-13,1.2410307990834132e-09,3.53129681520412e-10,7.411188378373756e-09,2.108811811773356e-09,0.1885095179567493
trial_0014_bite_011_withdrawal,trial_0014_bite_011,trial_0014,withdrawal,contextual_promp,B0,True,101,1.0,True,0,1.0,101,True,0,4.988809797378488,0.8407217314303396,3.3802078186633544,31.381387853682522,0,0,0,0,True,1.5245036921189963e-10,4.3331692069121275e-11,9.101249888741556e-10,2.5876514080078423e-10,7.771561172376096e-14,2.7883941534823394e-14,1.5245036921189963e-10,4.3331692069121275e-11,9.101249888741566e-10,2.5876514080078444e-10,0.4659607623975055
trial_0014_bite_011_withdrawal,trial_0014_bite_011,trial_0014,withdrawal,contextual_promp,StrongLocal,True,101,1.0,True,0,1.0,101,True,0,4.487789564354762,0.7713630106356879,4.1632297603467565,259.32858424812935,0,0,0,0,True,1.7723880198850342e-10,4.5858723120347196e-11,1.0586523042308466e-09,2.7385595261926123e-10,5.240252676230739e-14,2.2859268359263064e-14,1.7723880198850342e-10,4.5858723120347196e-11,1.0586523042308474e-09,2.7385595261926144e-10,0.46231350822625705
trial_0014_bite_011_withdrawal,trial_0014_bite_011,trial_0014,withdrawal,contextual_promp,RobotSmooth,True,101,1.0,True,0,1.0,101,True,0,4.988809798129668,0.8407217314802764,3.3802078030727727,31.381388751173375,0,0,0,0,True,1.54070576019236e-10,3.780438887814081e-11,9.200010666686111e-10,2.257639910317068e-10,9.325873406851315e-14,2.845308888527006e-14,1.54070576019236e-10,3.780438887814081e-11,9.20001066668612e-10,2.25763991031707e-10,0.46596076239728346
trial_0014_bite_012_transfer,trial_0014_bite_012,trial_0014,transfer,retrieval,B0,True,101,1.0,True,0,1.0,101,True,0,4.480237977556429,0.5726598021132193,8.012286603182638,735.0108453028633,0,0,0,0,True,1.1291661552623648e-09,3.1375643675391205e-10,6.7431139971000035e-09,1.8736706954687133e-09,6.483702463810914e-14,2.5435862474887913e-14,1.1291661552623648e-09,3.1375643675391205e-10,6.7431139971000085e-09,1.8736706954687154e-09,0.6096405099213342
trial_0014_bite_012_transfer,trial_0014_bite_012,trial_0014,transfer,retrieval,StrongLocal,True,101,1.0,True,0,1.0,101,True,0,4.284748220768942,0.5452357924842969,11.658178563568727,1171.361994821027,0,0,0,0,True,4.4240712492292573e-10,1.1844639877530392e-10,2.6418934360321183e-09,7.073410823592648e-10,6.128431095930864e-14,2.4329707510864288e-14,4.4240712492292573e-10,1.1844639877530392e-10,2.6418934360321208e-09,7.073410823592653e-10,0.6033284952788867
trial_0014_bite_012_transfer,trial_0014_bite_012,trial_0014,transfer,retrieval,RobotSmooth,True,101,1.0,True,0,1.0,101,True,0,4.656970646298543,0.6278023585270927,26.673066285339754,3090.5383356650786,0,0,0,0,True,1.5025732938474103e-09,2.787434559805723e-10,8.973125836491163e-09,1.6645915992730754e-09,6.483702463810914e-14,2.6722918662176815e-14,1.5025732938474103e-09,2.787434559805723e-10,8.973125836491171e-09,1.6645915992730772e-09,0.6062073719725376
trial_0014_bite_012_transfer,trial_0014_bite_012,trial_0014,transfer,contextual_promp,B0,True,101,1.0,True,0,1.0,101,True,0,3.7366252948550738,0.4784721552448732,1.3768873681943459,10.06066417368505,0,0,0,0,True,1.124225813433902e-09,2.557749299202505e-10,6.713451381356235e-09,1.5274307493037325e-09,6.750155989720952e-14,2.3955236395749042e-14,1.124225813433902e-09,2.557749299202505e-10,6.713451381356241e-09,1.527430749303734e-09,0.7671943803060071
trial_0014_bite_012_transfer,trial_0014_bite_012,trial_0014,transfer,contextual_promp,StrongLocal,True,101,1.0,True,0,1.0,101,True,0,3.3791346052311795,0.4255777214630612,3.652369315987514,227.0097209379836,0,0,0,0,True,3.281349892928127e-10,1.0254812459628343e-10,1.9595383963940996e-09,6.12404636378101e-10,6.572520305780927e-14,2.695688543353548e-14,3.281349892928127e-10,1.0254812459628343e-10,1.9595383963941013e-09,6.124046363781017e-10,0.751649836730258
trial_0014_bite_012_transfer,trial_0014_bite_012,trial_0014,transfer,contextual_promp,RobotSmooth,True,101,1.0,True,0,1.0,101,True,0,3.9327419170865023,0.5500364490283345,27.317098875540538,3208.8092770059407,0,0,0,0,True,1.1050311292390448e-09,1.9082130210855932e-10,6.598918048080725e-09,1.1395447725580527e-09,5.684341886080802e-14,2.4803741462292664e-14,1.1050311292390448e-09,1.9082130210855932e-10,6.5989180480807305e-09,1.1395447725580537e-09,0.7622694383005575
trial_0014_bite_012_withdrawal,trial_0014_bite_012,trial_0014,withdrawal,retrieval,B0,True,101,1.0,True,0,1.0,101,True,0,7.860978361969865,1.313563048941628,24.105563627640727,2510.933306751516,0,0,0,0,True,6.149321350981012e-10,7.419113431607117e-11,3.6723049949687667e-09,4.4306766553173097e-10,1.4033219031261979e-13,3.631356122889996e-14,6.149321350981012e-10,7.419113431607117e-11,3.6723049949687684e-09,4.4306766553173123e-10,0.13333629512806766
trial_0014_bite_012_withdrawal,trial_0014_bite_012,trial_0014,withdrawal,retrieval,StrongLocal,True,101,1.0,True,0,1.0,101,True,0,8.108814209053467,1.3558928454460446,32.72445912867327,4323.7988119828,0,0,0,0,True,3.54262887621935e-10,7.477280586782563e-11,2.1155663412845327e-09,4.4651875953688973e-10,6.794564910705958e-14,2.5012853700735155e-14,3.54262887621935e-10,7.477280586782563e-11,2.1155663412845344e-09,4.4651875953689004e-10,0.22839351930545604
trial_0014_bite_012_withdrawal,trial_0014_bite_012,trial_0014,withdrawal,retrieval,RobotSmooth,True,101,1.0,True,0,1.0,101,True,0,7.860978354889248,1.3135630481195606,24.105563498740413,2510.9332922369217,0,0,0,0,True,5.080591856120815e-10,9.265480581647012e-11,3.0340114620396444e-09,5.533139964988628e-10,1.2789769243681803e-13,3.7704105855601124e-14,5.080591856120815e-10,9.265480581647012e-11,3.034011462039647e-09,5.533139964988632e-10,0.13333629512181933
trial_0014_bite_012_withdrawal,trial_0014_bite_012,trial_0014,withdrawal,contextual_promp,B0,True,101,1.0,True,0,1.0,101,True,0,5.389725609907307,0.962794608817268,4.386039390120121,45.973949641236054,0,0,0,0,True,3.487925103438362e-10,5.7999055551307074e-11,2.08308537092183e-09,3.4635586172176155e-10,5.995204332975845e-14,2.552678360754803e-14,3.487925103438362e-10,5.7999055551307074e-11,2.083085370921831e-09,3.4635586172176176e-10,0.3734535487590138
trial_0014_bite_012_withdrawal,trial_0014_bite_012,trial_0014,withdrawal,contextual_promp,StrongLocal,True,101,1.0,True,0,1.0,101,True,0,5.038968233319502,0.9174681667321938,5.300032278567166,298.9993773168901,0,0,0,0,True,1.644722516586056e-10,5.7637892420548426e-11,9.821154621703351e-10,3.441833936014533e-10,6.88338275267597e-14,2.085211639985273e-14,1.644722516586056e-10,5.7637892420548426e-11,9.82115462170336e-10,3.4418339360145355e-10,0.4835314116985887
trial_0014_bite_012_withdrawal,trial_0014_bite_012,trial_0014,withdrawal,contextual_promp,RobotSmooth,True,101,1.0,True,0,1.0,101,True,0,5.389725609909226,0.9627946087162178,4.3860393858059075,45.9739500040329,0,0,0,0,True,2.88852518886855e-10,5.7180999168176454e-11,1.7248232251344523e-09,3.414550831383355e-10,5.995204332975845e-14,2.3398733090478008e-14,2.88852518886855e-10,5.7180999168176454e-11,1.7248232251344533e-09,3.414550831383357e-10,0.3734535487590138
trial_0014_bite_013_transfer,trial_0014_bite_013,trial_0014,transfer,retrieval,B0,True,101,1.0,True,0,1.0,101,True,0,4.4170050210948615,0.5399637969582227,14.247148306750606,1237.898796331394,0,0,0,0,True,1.1389891545404516e-09,2.2379181384642997e-10,6.801858797654426e-09,1.3364409055513585e-09,5.1514348342607263e-14,1.8634360396038895e-14,1.1389891545404516e-09,2.2379181384642997e-10,6.801858797654432e-09,1.3364409055513597e-09,0.8276136577953803
trial_0014_bite_013_transfer,trial_0014_bite_013,trial_0014,transfer,retrieval,StrongLocal,True,101,1.0,True,0,1.0,101,True,0,4.296936266491269,0.5239205588918445,19.226407521898953,1837.2028543633223,0,0,0,0,True,4.0076207420975684e-10,9.779613802344107e-11,2.3930924842948247e-09,5.840101129963376e-10,6.039613253960852e-14,2.3657540840507507e-14,4.0076207420975684e-10,9.779613802344107e-11,2.3930924842948267e-09,5.84010112996338e-10,0.8105613603338906
trial_0014_bite_013_transfer,trial_0014_bite_013,trial_0014,transfer,retrieval,RobotSmooth,True,101,1.0,True,0,1.0,101,True,0,4.839373729752992,0.6681579646778989,41.72912082420851,4772.999255238045,0,0,0,0,True,4.6262594563897253e-10,1.1551175931009627e-10,2.762798856633701e-09,6.898109855422078e-10,5.1514348342607263e-14,1.9875015482042087e-14,4.6262594563897253e-10,1.1551175931009627e-10,2.7627988566337028e-09,6.898109855422083e-10,0.822457533131967
trial_0014_bite_013_transfer,trial_0014_bite_013,trial_0014,transfer,contextual_promp,B0,True,101,1.0,True,0,1.0,101,True,0,3.555370665242781,0.4565514665896718,1.353399527030999,10.201268424659348,0,0,0,0,True,9.898437984321593e-10,1.7206425952977716e-10,5.9110486084364975e-09,1.0275030569432932e-09,4.263256414560601e-14,1.8803347989633525e-14,9.898437984321593e-10,1.7206425952977716e-10,5.9110486084365025e-09,1.0275030569432943e-09,0.856729333121768
trial_0014_bite_013_transfer,trial_0014_bite_013,trial_0014,transfer,contextual_promp,StrongLocal,True,101,1.0,True,0,1.0,101,True,0,3.125837053339873,0.3866635946512835,3.96005041047007,251.37368135873197,0,0,0,0,True,3.351189181207177e-10,9.347759101450699e-11,2.0013061340111555e-09,5.58202055847723e-10,4.75175454539567e-14,2.2300895446545984e-14,3.351189181207177e-10,9.347759101450699e-11,2.001306134011157e-09,5.582020558477234e-10,0.8305904560695465
trial_0014_bite_013_transfer,trial_0014_bite_013,trial_0014,transfer,contextual_promp,RobotSmooth,True,101,1.0,True,0,1.0,101,True,0,3.5553706615730127,0.456551466495027,1.3533995416996223,10.201267658468456,0,0,0,0,True,5.463666530191477e-10,1.42828801672576e-10,3.2627380833375385e-09,8.52921852219088e-10,3.552713678800501e-14,1.6880711726022197e-14,5.463666530191477e-10,1.42828801672576e-10,3.2627380833375414e-09,8.529218522190887e-10,0.856729333121768
trial_0014_bite_013_withdrawal,trial_0014_bite_013,trial_0014,withdrawal,retrieval,B0,True,101,1.0,True,0,1.0,101,True,0,7.568756240218809,1.2461323139920124,26.756230267025384,2421.3322494246913,0,0,0,0,True,7.387498649516892e-10,1.0944985062786104e-10,4.411581321180352e-09,6.536090334565242e-10,1.616484723854228e-13,4.1241108399927506e-14,7.387498649516892e-10,1.0944985062786104e-10,4.411581321180356e-09,6.536090334565247e-10,0.16459155350012367
trial_0014_bite_013_withdrawal,trial_0014_bite_013,trial_0014,withdrawal,retrieval,StrongLocal,True,101,1.0,True,0,1.0,101,True,0,7.687030759743157,1.2436035792017586,31.9342906851568,3626.325549453839,0,0,0,0,True,5.934168960321886e-10,8.883043799111949e-11,3.5435007859571126e-09,5.304523656750099e-10,7.105427357601002e-14,2.8134596657943804e-14,5.934168960321886e-10,8.883043799111949e-11,3.543500785957115e-09,5.304523656750105e-10,0.27630926062628713
trial_0014_bite_013_withdrawal,trial_0014_bite_013,trial_0014,withdrawal,retrieval,RobotSmooth,True,101,1.0,True,0,1.0,101,True,0,7.568756252761778,1.2461323148386314,26.756230497125994,2421.332300951318,0,0,0,0,True,4.587850826276032e-10,7.309608338548146e-11,2.7396578472377165e-09,4.3649864344778643e-10,1.616484723854228e-13,3.9455629533915154e-14,4.587850826276032e-10,7.309608338548146e-11,2.739657847237719e-09,4.364986434477867e-10,0.16459155349956944
trial_0014_bite_013_withdrawal,trial_0014_bite_013,trial_0014,withdrawal,contextual_promp,B0,True,101,1.0,True,0,1.0,101,True,0,4.583180774972709,0.7975507345169623,3.267634538763018,31.437389018088627,0,0,0,0,True,1.923027718966305e-10,4.441338530774611e-11,1.1484029494634412e-09,2.6522115849806623e-10,5.773159728050814e-14,2.470609011043174e-14,1.923027718966305e-10,4.441338530774611e-11,1.148402949463442e-09,2.6522115849806644e-10,0.46673558669179016
trial_0014_bite_013_withdrawal,trial_0014_bite_013,trial_0014,withdrawal,contextual_promp,StrongLocal,True,101,1.0,True,0,1.0,101,True,0,4.234045681657946,0.739773446020338,4.552111369255785,313.3725917218336,0,0,0,0,True,1.5311422628618893e-10,3.611621308662893e-11,9.14438613480608e-10,2.156937607211152e-10,5.551115123125783e-14,2.347883323428237e-14,1.5311422628618893e-10,3.611621308662893e-11,9.144386134806088e-10,2.1569376072111538e-10,0.515015091350024
trial_0014_bite_013_withdrawal,trial_0014_bite_013,trial_0014,withdrawal,contextual_promp,RobotSmooth,True,101,1.0,True,0,1.0,101,True,0,4.583180774966587,0.797550734541972,3.2676345383159484,31.43738873538553,0,0,0,0,True,2.5954499215345757e-10,4.7136573281059956e-11,1.5500498574386344e-09,2.814854170863262e-10,6.750155989720952e-14,2.3751364606168747e-14,2.5954499215345757e-10,4.7136573281059956e-11,1.550049857438636e-09,2.814854170863264e-10,0.4667355866917404
trial_0014_bite_014_transfer,trial_0014_bite_014,trial_0014,transfer,retrieval,B0,True,101,1.0,True,0,1.0,101,True,0,4.022620453316939,0.5039381221515706,6.396492132343727,510.40565229538703,0,0,0,0,True,2.5706092516389537e-10,6.133131495998204e-11,1.534946693167189e-09,3.662434968221377e-10,1.4033219031261979e-13,4.718832052481399e-14,2.5706092516389537e-10,6.133131495998204e-11,1.5349466931671903e-09,3.6624349682213793e-10,0.6177744474516063
trial_0014_bite_014_transfer,trial_0014_bite_014,trial_0014,transfer,retrieval,StrongLocal,True,101,1.0,True,0,1.0,101,True,0,4.0375573025986355,0.5081364572863757,10.335817817051153,929.6111681158293,0,0,0,0,True,2.6631577700437196e-10,6.094940748409419e-11,1.5904034362319396e-09,3.639802739320212e-10,1.0658141036401503e-13,3.907630278846055e-14,2.6631577700437196e-10,6.094940748409419e-11,1.590403436231941e-09,3.639802739320215e-10,0.6067044879121668
trial_0014_bite_014_transfer,trial_0014_bite_014,trial_0014,transfer,retrieval,RobotSmooth,True,101,1.0,True,0,1.0,101,True,0,4.022620453940908,0.5039381221484412,6.396492100064508,510.405644734947,0,0,0,0,True,3.354620099920606e-10,6.80562102639234e-11,2.003284929636141e-09,4.0643975353323733e-10,1.1191048088221578e-13,4.5168522461774725e-14,3.354620099920606e-10,6.80562102639234e-11,2.0032849296361427e-09,4.0643975353323764e-10,0.6177744474513671
trial_0014_bite_014_transfer,trial_0014_bite_014,trial_0014,transfer,contextual_promp,B0,True,101,1.0,True,0,1.0,101,True,0,3.695050686266622,0.458639795581106,1.1540078913726064,6.368707298800295,0,0,0,0,True,2.6221722657594176e-10,7.669888175654078e-11,1.5658642629535993e-09,4.580320252027459e-10,6.350475700855895e-14,2.5800424806315154e-14,2.6221722657594176e-10,7.669888175654078e-11,1.5658642629536005e-09,4.580320252027462e-10,0.773245878079345
trial_0014_bite_014_transfer,trial_0014_bite_014,trial_0014,transfer,contextual_promp,StrongLocal,True,101,1.0,True,0,1.0,101,True,0,3.5015897231607385,0.43186295977491734,3.347058223799109,210.81524146851,0,0,0,0,True,2.426261075595579e-10,7.533860020996695e-11,1.4487914371782023e-09,4.499045303891701e-10,7.327471962526033e-14,2.8608889760087496e-14,2.426261075595579e-10,7.533860020996695e-11,1.4487914371782033e-09,4.4990453038917047e-10,0.7565208518624722
trial_0014_bite_014_transfer,trial_0014_bite_014,trial_0014,transfer,contextual_promp,RobotSmooth,True,101,1.0,True,0,1.0,101,True,0,3.6950506894794053,0.45863979560568235,1.1540078889658814,6.368706300997804,0,0,0,0,True,2.3659666312513866e-10,7.65851065857106e-11,1.4128424684483925e-09,4.5734080294911477e-10,6.350475700855895e-14,2.5224025597211885e-14,2.3659666312513866e-10,7.65851065857106e-11,1.4128424684483933e-09,4.573408029491151e-10,0.773245878079345
trial_0014_bite_014_withdrawal,trial_0014_bite_014,trial_0014,withdrawal,retrieval,B0,True,101,1.0,True,0,1.0,101,True,0,8.232530019078188,1.5343351122662499,29.02267611310335,2769.201847230524,0,0,0,0,True,7.078800170523532e-10,1.1939488680870978e-10,4.227496497695818e-09,7.130078393765317e-10,3.383959779057477e-13,7.894622778436457e-14,7.078800170523532e-10,1.1939488680870978e-10,4.227496497695821e-09,7.130078393765323e-10,0.19242256167015626
trial_0014_bite_014_withdrawal,trial_0014_bite_014,trial_0014,withdrawal,retrieval,StrongLocal,True,101,1.0,True,0,1.0,101,True,0,8.290974091511455,1.5050263068427352,34.70988254152192,3791.973579870012,0,0,0,0,True,8.202491039823086e-10,1.619639690133953e-10,4.8983012021645144e-09,9.672060026633694e-10,9.592326932761353e-14,3.659575862472197e-14,8.202491039823086e-10,1.619639690133953e-10,4.8983012021645186e-09,9.672060026633702e-10,0.3349500875227722
trial_0014_bite_014_withdrawal,trial_0014_bite_014,trial_0014,withdrawal,retrieval,RobotSmooth,True,101,1.0,True,0,1.0,101,True,0,7.89335195425587,1.4993564403309445,52.93344703791726,7211.182477801769,0,0,0,0,True,5.959505467922684e-10,8.738197201760831e-11,3.558857737699318e-09,5.218162210525053e-10,9.547918011776346e-14,3.2255627783293685e-14,5.959505467922684e-10,8.738197201760831e-11,3.558857737699321e-09,5.218162210525057e-10,0.3242942750793407
trial_0014_bite_014_withdrawal,trial_0014_bite_014,trial_0014,withdrawal,contextual_promp,B0,True,101,1.0,True,0,1.0,101,True,0,4.516463701429363,0.8377195240739822,3.661323428685083,36.897156011739725,0,0,0,0,True,1.9204705483699707e-10,4.623915173842388e-11,1.1467246638198624e-09,2.761420099079215e-10,6.750155989720952e-14,2.8629767383244466e-14,1.9204705483699707e-10,4.623915173842388e-11,1.1467246638198628e-09,2.761420099079216e-10,0.45261510952169814
trial_0014_bite_014_withdrawal,trial_0014_bite_014,trial_0014,withdrawal,contextual_promp,StrongLocal,True,101,1.0,True,0,1.0,101,True,0,4.210025920029249,0.7870539125801024,4.192161023837469,215.51553312818714,0,0,0,0,True,1.43382970312589e-10,3.774604082888654e-11,8.56403941246991e-10,2.2541963244827668e-10,7.505107646466058e-14,2.7469595018601005e-14,1.43382970312589e-10,3.774604082888654e-11,8.564039412469916e-10,2.2541963244827684e-10,0.6213881976050168
trial_0014_bite_014_withdrawal,trial_0014_bite_014,trial_0014,withdrawal,contextual_promp,RobotSmooth,True,101,1.0,True,0,1.0,101,True,0,4.516463701771046,0.837719524061952,3.661323435923975,36.897155260595554,0,0,0,0,True,1.8252986668774386e-10,4.961556215242159e-11,1.0899339897667297e-09,2.962964813341666e-10,7.904787935331115e-14,2.99414696221412e-14,1.8252986668774386e-10,4.961556215242159e-11,1.0899339897667303e-09,2.962964813341668e-10,0.45261510952169814
trial_0014_bite_015_transfer,trial_0014_bite_015,trial_0014,transfer,retrieval,B0,True,101,1.0,True,0,1.0,101,True,0,4.0926311442157655,0.5200455307179246,7.856109822517549,675.1181208504895,0,0,0,0,True,2.489259936117441e-10,6.921655020296427e-11,1.4864688513057466e-09,4.133327723746688e-10,1.0391687510491465e-13,3.874091687685068e-14,2.489259936117441e-10,6.921655020296427e-11,1.486468851305748e-09,4.1333277237466916e-10,0.5305185082516131
trial_0014_bite_015_transfer,trial_0014_bite_015,trial_0014,transfer,retrieval,StrongLocal,True,101,1.0,True,0,1.0,101,True,0,3.929528850447063,0.4951639802966823,11.09434095026042,1105.177949830653,0,0,0,0,True,1.481780052754178e-10,5.3573812113702857e-11,8.850160979807099e-10,3.199604173727964e-10,1.5187850976872141e-13,4.547074676730357e-14,1.481780052754178e-10,5.3573812113702857e-11,8.850160979807106e-10,3.199604173727967e-10,0.5183910529086431
trial_0014_bite_015_transfer,trial_0014_bite_015,trial_0014,transfer,retrieval,RobotSmooth,True,101,1.0,True,0,1.0,101,True,0,4.092631142536225,0.5200455306768634,7.856109751008091,675.1181039368167,0,0,0,0,True,1.5893774092664868e-10,6.215305158168053e-11,9.493506323740755e-10,3.711703495138339e-10,9.814371537686384e-14,3.930981246162058e-14,1.5893774092664868e-10,6.215305158168053e-11,9.493506323740763e-10,3.7117034951383424e-10,0.5305185082516086
trial_0014_bite_015_transfer,trial_0014_bite_015,trial_0014,transfer,contextual_promp,B0,True,101,1.0,True,0,1.0,101,True,0,3.1951370139922277,0.40155097537426465,1.1405297811424024,7.902052985983372,0,0,0,0,True,5.15374009352796e-10,1.0070320478245365e-10,3.0775036934991025e-09,6.01354659481123e-10,8.615330671091215e-14,3.194546358586092e-14,5.15374009352796e-10,1.0070320478245365e-10,3.0775036934991046e-09,6.013546594811233e-10,0.6054695248591433
trial_0014_bite_015_transfer,trial_0014_bite_015,trial_0014,transfer,contextual_promp,StrongLocal,True,101,1.0,True,0,1.0,101,True,0,2.888730003968756,0.35416439536489125,3.5095082376370046,223.42430030483325,0,0,0,0,True,2.7444926479315873e-10,8.092118284575334e-11,1.638752257417442e-09,4.832332604735883e-10,9.14823772291129e-14,3.56258205724512e-14,2.7444926479315873e-10,8.092118284575334e-11,1.638752257417443e-09,4.832332604735888e-10,0.5923274013274658
trial_0014_bite_015_transfer,trial_0014_bite_015,trial_0014,transfer,contextual_promp,RobotSmooth,True,101,1.0,True,0,1.0,101,True,0,3.1951370143942324,0.40155097540176377,1.1405297818014537,7.9020523987274665,0,0,0,0,True,2.6390201398644884e-10,7.93862202817742e-11,1.5760437552216498e-09,4.740579909661705e-10,8.615330671091215e-14,3.025981869333107e-14,2.6390201398644884e-10,7.93862202817742e-11,1.576043755221651e-09,4.740579909661709e-10,0.6054695248591433
trial_0014_bite_015_withdrawal,trial_0014_bite_015,trial_0014,withdrawal,retrieval,B0,True,101,1.0,True,0,1.0,101,True,0,4.9021209918680455,0.872969791797494,19.338618448268633,2535.924694660935,0,0,0,0,True,8.468872799382027e-11,3.136554175083164e-11,5.059262750556139e-10,1.873123463703119e-10,7.061018436615996e-14,2.3861150443037237e-14,8.468872799382027e-11,3.136554175083164e-11,5.059262750556142e-10,1.87312346370312e-10,0.3562249834195672
trial_0014_bite_015_withdrawal,trial_0014_bite_015,trial_0014,withdrawal,retrieval,StrongLocal,True,101,1.0,True,0,1.0,101,True,0,4.999403286098151,0.863191305219309,30.300635787593176,3943.8222069153094,0,0,0,0,True,1.0663364647972428e-10,3.703342915407607e-11,6.367457167909974e-10,2.2115593603972028e-10,6.439293542825908e-14,2.0564906047502266e-14,1.0663364647972428e-10,3.703342915407607e-11,6.367457167909979e-10,2.2115593603972048e-10,0.584781965347398
trial_0014_bite_015_withdrawal,trial_0014_bite_015,trial_0014,withdrawal,retrieval,RobotSmooth,True,101,1.0,True,0,1.0,101,True,0,4.902120990995243,0.87296979181803,19.338618335362035,2535.9246675887293,0,0,0,0,True,1.2961823787357166e-10,3.491461302876188e-11,7.741502556516752e-10,2.0850917984975604e-10,7.37188088351104e-14,2.3997544232553458e-14,1.2961823787357166e-10,3.491461302876188e-11,7.741502556516757e-10,2.0850917984975624e-10,0.3562249834199154
trial_0014_bite_015_withdrawal,trial_0014_bite_015,trial_0014,withdrawal,contextual_promp,B0,True,101,1.0,True,0,1.0,101,True,0,4.158309891039844,0.7230539639688125,3.4893111446475022,38.99425913647554,0,0,0,0,True,9.686181025748129e-11,2.6531617579491418e-11,5.784538789161849e-10,1.584433727616902e-10,6.483702463810914e-14,2.419986659988962e-14,9.686181025748129e-11,2.6531617579491418e-11,5.784538789161853e-10,1.5844337276169035e-10,0.35457331078415066
trial_0014_bite_015_withdrawal,trial_0014_bite_015,trial_0014,withdrawal,contextual_promp,StrongLocal,True,101,1.0,True,0,1.0,101,True,0,3.984070527750214,0.6569997566621358,5.79807699087879,444.23161182063063,0,0,0,0,True,8.493593223139558e-11,3.003229624536565e-11,5.074303127963738e-10,1.7934678418447987e-10,6.439293542825908e-14,2.2592700271814613e-14,8.493593223139558e-11,3.003229624536565e-11,5.074303127963742e-10,1.7934678418448003e-10,0.6122867812408526
trial_0014_bite_015_withdrawal,trial_0014_bite_015,trial_0014,withdrawal,contextual_promp,RobotSmooth,True,101,1.0,True,0,1.0,101,True,0,4.158309892887451,0.7230539639760365,3.489311143566235,38.99425902964061,0,0,0,0,True,9.686181025748129e-11,2.6527702725278132e-11,5.784538789161849e-10,1.5842534964960046e-10,6.483702463810914e-14,2.544511117500058e-14,9.686181025748129e-11,2.6527702725278132e-11,5.784538789161853e-10,1.5842534964960059e-10,0.35457331078415066
trial_0014_bite_016_transfer,trial_0014_bite_016,trial_0014,transfer,retrieval,B0,True,101,1.0,True,0,1.0,101,True,0,4.098428648953293,0.5212915562088763,7.449157311104357,667.0325938013686,0,0,0,0,True,2.511686325311037e-10,7.737418855766497e-11,1.5001285113465076e-09,4.620615754196015e-10,7.238654120556021e-14,3.3399629272293484e-14,2.511686325311037e-10,7.737418855766497e-11,1.5001285113465088e-09,4.6206157541960193e-10,0.5764134794888918
trial_0014_bite_016_transfer,trial_0014_bite_016,trial_0014,transfer,retrieval,StrongLocal,True,101,1.0,True,0,1.0,101,True,0,3.918843553854554,0.4950869537166204,10.734771918914783,1080.9010446665452,0,0,0,0,True,2.0065652918971743e-10,5.528346648371976e-11,1.1984538700314629e-09,3.301357302449067e-10,1.1102230246251565e-13,4.313452241237692e-14,2.0065652918971743e-10,5.528346648371976e-11,1.1984538700314639e-09,3.30135730244907e-10,0.5616844989103198
trial_0014_bite_016_transfer,trial_0014_bite_016,trial_0014,transfer,retrieval,RobotSmooth,True,101,1.0,True,0,1.0,101,True,0,4.098428653127709,0.521291556253945,7.44915731260349,667.0325890334847,0,0,0,0,True,2.971004157627199e-10,7.252387600482139e-11,1.774016330774043e-09,4.330836833334387e-10,9.903189379656396e-14,3.30183824788473e-14,2.971004157627199e-10,7.252387600482139e-11,1.7740163307740446e-09,4.3308368333343904e-10,0.5764134794888554
trial_0014_bite_016_transfer,trial_0014_bite_016,trial_0014,transfer,contextual_promp,B0,True,101,1.0,True,0,1.0,101,True,0,3.4461427044005246,0.43000303963946657,1.2034891387726938,8.007259772319967,0,0,0,0,True,2.8801898698853623e-10,8.131154491817508e-11,1.7198625885308363e-09,4.855516775580135e-10,6.972200594645983e-14,2.931551670327836e-14,2.8801898698853623e-10,8.131154491817508e-11,1.7198625885308377e-09,4.855516775580139e-10,0.6507775631294124
trial_0014_bite_016_transfer,trial_0014_bite_016,trial_0014,transfer,contextual_promp,StrongLocal,True,101,1.0,True,0,1.0,101,True,0,3.13005996874352,0.38483436857260295,3.5234397721335924,222.51687471261667,0,0,0,0,True,2.1847600406966326e-10,7.681261803076422e-11,1.304602164419981e-09,4.587262983345501e-10,8.926193117986259e-14,3.4104269600158084e-14,2.1847600406966326e-10,7.681261803076422e-11,1.3046021644199818e-09,4.5872629833455046e-10,0.6390090908385675
trial_0014_bite_016_transfer,trial_0014_bite_016,trial_0014,transfer,contextual_promp,RobotSmooth,True,101,1.0,True,0,1.0,101,True,0,3.4461427053496863,0.4300030396675891,1.2034891408185644,8.007259576098116,0,0,0,0,True,3.3857629979567123e-10,8.567607524221385e-11,2.022134935386503e-09,5.116444941761184e-10,6.972200594645983e-14,3.087564103492495e-14,3.3857629979567123e-10,8.567607524221385e-11,2.0221349353865048e-09,5.116444941761188e-10,0.6507775631294124
trial_0014_bite_016_withdrawal,trial_0014_bite_016,trial_0014,withdrawal,retrieval,B0,True,101,1.0,True,0,1.0,101,True,0,5.538556671351284,0.8906001898855231,25.50724767953579,3119.746830473516,0,0,0,0,True,8.083831225763573e-11,2.682269297979283e-11,4.826942219814402e-10,1.6017777115260794e-10,8.748557434046234e-14,2.7846031210608435e-14,8.083831225763573e-11,2.682269297979283e-11,4.826942219814407e-10,1.6017777115260807e-10,0.368193786849603
trial_0014_bite_016_withdrawal,trial_0014_bite_016,trial_0014,withdrawal,retrieval,StrongLocal,True,101,1.0,True,0,1.0,101,True,0,5.557229264544606,0.8998092674401661,36.109430832658774,5015.834425464006,0,0,0,0,True,7.789255311302677e-11,3.337968212079867e-11,4.652416743995187e-10,1.9933448016686182e-10,6.616929226765933e-14,2.7237630845804252e-14,7.789255311302677e-11,3.337968212079867e-11,4.65241674399519e-10,1.99334480166862e-10,0.4546085414570742
trial_0014_bite_016_withdrawal,trial_0014_bite_016,trial_0014,withdrawal,retrieval,RobotSmooth,True,101,1.0,True,0,1.0,101,True,0,5.538556666972621,0.8906001896460056,25.507247571096304,3119.7468144292707,0,0,0,0,True,8.083831225763573e-11,2.6086087877618545e-11,4.826942219814402e-10,1.5579572781804406e-10,5.81756864903582e-14,2.448897760847196e-14,8.083831225763573e-11,2.6086087877618545e-11,4.826942219814407e-10,1.557957278180442e-10,0.368193786849603
trial_0014_bite_016_withdrawal,trial_0014_bite_016,trial_0014,withdrawal,contextual_promp,B0,True,101,1.0,True,0,1.0,101,True,0,3.980898601781537,0.6437984789301718,2.48594964945823,26.240872919775306,0,0,0,0,True,7.124016456375429e-11,2.4956611163965388e-11,4.2537243027406016e-10,1.4901118301810696e-10,6.350475700855895e-14,2.4361628801511035e-14,7.124016456375429e-11,2.4956611163965388e-11,4.253724302740605e-10,1.490111830181071e-10,0.6077195357423562
trial_0014_bite_016_withdrawal,trial_0014_bite_016,trial_0014,withdrawal,contextual_promp,StrongLocal,True,101,1.0,True,0,1.0,101,True,0,3.4023454004434743,0.5622716226277445,4.444125717012743,349.2776556993484,0,0,0,0,True,6.841576531736787e-11,2.8781977886190282e-11,4.0855883115652753e-10,1.718792459539327e-10,5.906386491005833e-14,2.0585547188595934e-14,6.841576531736787e-11,2.8781977886190282e-11,4.085588311565279e-10,1.7187924595393283e-10,0.6053671729932897
trial_0014_bite_016_withdrawal,trial_0014_bite_016,trial_0014,withdrawal,contextual_promp,RobotSmooth,True,101,1.0,True,0,1.0,101,True,0,3.980898601741852,0.6437984789264393,2.485949648883968,26.240872792349013,0,0,0,0,True,7.887675283482039e-11,2.746110764994552e-11,4.71192698814646e-10,1.6398576344822768e-10,7.37188088351104e-14,2.4149626844005136e-14,7.887675283482039e-11,2.746110764994552e-11,4.711926988146464e-10,1.6398576344822783e-10,0.6077195357423562
trial_0014_bite_017_transfer,trial_0014_bite_017,trial_0014,transfer,retrieval,B0,True,101,1.0,True,0,1.0,101,True,0,4.205740336046912,0.5534268299273252,8.754291937459454,653.3162369936073,0,0,0,0,True,4.915797510047906e-10,1.1950726265736541e-10,2.9356890637593388e-09,7.13672450461584e-10,8.348877145181177e-14,3.1728932404167423e-14,4.915797510047906e-10,1.1950726265736541e-10,2.9356890637593413e-09,7.136724504615846e-10,0.6366703444954389
trial_0014_bite_017_transfer,trial_0014_bite_017,trial_0014,transfer,retrieval,StrongLocal,True,101,1.0,True,0,1.0,101,True,0,3.862572596354852,0.5046318629530445,9.639673902195517,780.9830560209269,0,0,0,0,True,3.7069875811950505e-10,8.560952239380657e-11,2.2137250917543523e-09,5.112551539793073e-10,7.949196856316121e-14,3.306232200535747e-14,3.7069875811950505e-10,8.560952239380657e-11,2.2137250917543543e-09,5.112551539793078e-10,0.6153394094355766
trial_0014_bite_017_transfer,trial_0014_bite_017,trial_0014,transfer,retrieval,RobotSmooth,True,101,1.0,True,0,1.0,101,True,0,4.205740351209841,0.553426830473771,8.75429223616809,653.3162858754636,0,0,0,0,True,4.364840668836725e-10,1.1440862736330378e-10,2.6067532235657707e-09,6.832201322405717e-10,7.149836278586008e-14,2.8211944107840713e-14,4.364840668836725e-10,1.1440862736330378e-10,2.6067532235657727e-09,6.832201322405723e-10,0.6366703444954505
trial_0014_bite_017_transfer,trial_0014_bite_017,trial_0014,transfer,contextual_promp,B0,True,101,1.0,True,0,1.0,101,True,0,3.6273524779060944,0.45806764860415616,1.3534107478552138,10.210447000450399,0,0,0,0,True,3.97703005134193e-10,9.831728930576078e-11,2.3748556156419267e-09,5.871168927091396e-10,5.906386491005833e-14,2.4658148872717717e-14,3.97703005134193e-10,9.831728930576078e-11,2.374855615641928e-09,5.871168927091401e-10,0.7077325555399963
trial_0014_bite_017_transfer,trial_0014_bite_017,trial_0014,transfer,contextual_promp,StrongLocal,True,101,1.0,True,0,1.0,101,True,0,3.2571011752468344,0.39970494492395314,3.512005928101343,218.41435338868786,0,0,0,0,True,1.9504504681329185e-10,6.979172024665444e-11,1.1646524507792332e-09,4.167596928927659e-10,5.81756864903582e-14,2.5400679014991757e-14,1.9504504681329185e-10,6.979172024665444e-11,1.1646524507792342e-09,4.1675969289276623e-10,0.6781040423901628
trial_0014_bite_017_transfer,trial_0014_bite_017,trial_0014,transfer,contextual_promp,RobotSmooth,True,101,1.0,True,0,1.0,101,True,0,3.627352477478039,0.4580676486756091,1.353410756772329,10.210445901025492,0,0,0,0,True,4.594423042793035e-10,1.1174949629860349e-10,2.743485578219698e-09,6.673300917503944e-10,5.417888360170764e-14,2.403758444200117e-14,4.594423042793035e-10,1.1174949629860349e-10,2.7434855782197003e-09,6.67330091750395e-10,0.70773255553999
trial_0014_bite_017_withdrawal,trial_0014_bite_017,trial_0014,withdrawal,retrieval,B0,True,101,1.0,True,0,1.0,101,True,0,6.239147219371827,1.0040940734147308,23.82458954314848,2857.0084777603,0,0,0,0,True,1.7791785200969297e-10,3.59943134863316e-11,1.0626514674675462e-09,2.1496340291423143e-10,4.929390229335695e-14,2.0794587907609488e-14,1.7791785200969297e-10,3.59943134863316e-11,1.0626514674675468e-09,2.1496340291423156e-10,0.45242335372742204
trial_0014_bite_017_withdrawal,trial_0014_bite_017,trial_0014,withdrawal,retrieval,StrongLocal,True,101,1.0,True,0,1.0,101,True,0,6.046851150727463,0.9828397314673314,39.30044017628773,5029.40063857183,0,0,0,0,True,1.3318798904945328e-10,3.038366088123351e-11,7.953916339515817e-10,1.8145057534633696e-10,5.1958437552457326e-14,2.1220663548602983e-14,1.3318798904945328e-10,3.038366088123351e-11,7.953916339515824e-10,1.8145057534633712e-10,0.49442724704212493
trial_0014_bite_017_withdrawal,trial_0014_bite_017,trial_0014,withdrawal,retrieval,RobotSmooth,True,101,1.0,True,0,1.0,101,True,0,6.239147214650623,1.0040940734023147,23.824589470332388,2857.008460512827,0,0,0,0,True,1.524181169458901e-10,3.479991879078624e-11,9.101267932383743e-10,2.0783627065415116e-10,5.81756864903582e-14,2.2535975969149635e-14,1.524181169458901e-10,3.479991879078624e-11,9.10126793238375e-10,2.0783627065415134e-10,0.45242335372765474
trial_0014_bite_017_withdrawal,trial_0014_bite_017,trial_0014,withdrawal,contextual_promp,B0,True,101,1.0,True,0,1.0,101,True,0,5.229068894084827,0.9094568626801118,3.9911772708335915,37.861198714219746,0,0,0,0,True,1.882695880172521e-10,4.399184253004287e-11,1.1240780965421844e-09,2.6272282755402914e-10,8.260059303211165e-14,2.338136903224816e-14,1.882695880172521e-10,4.399184253004287e-11,1.1240780965421854e-09,2.6272282755402935e-10,0.45233628866905873
trial_0014_bite_017_withdrawal,trial_0014_bite_017,trial_0014,withdrawal,contextual_promp,StrongLocal,True,101,1.0,True,0,1.0,101,True,0,4.887365419753727,0.8610653345473785,6.6474711520208265,493.4669211588324,0,0,0,0,True,1.6998874472708542e-10,4.9820150387683745e-11,1.0149334438623118e-09,2.9752918773478044e-10,7.593925488436071e-14,2.605212606277122e-14,1.6998874472708542e-10,4.9820150387683745e-11,1.0149334438623124e-09,2.9752918773478064e-10,0.4458262451493016
trial_0014_bite_017_withdrawal,trial_0014_bite_017,trial_0014,withdrawal,contextual_promp,RobotSmooth,True,101,1.0,True,0,1.0,101,True,0,5.2290688943390595,0.9094568627447179,3.991177276609253,37.86119913501788,0,0,0,0,True,2.1400235977789464e-10,4.9053675543818226e-11,1.2780817976547343e-09,2.9294148751693976e-10,7.327471962526033e-14,2.251057471599334e-14,2.1400235977789464e-10,4.9053675543818226e-11,1.278081797654735e-09,2.9294148751693997e-10,0.45233628866905873
trial_0014_bite_018_transfer,trial_0014_bite_018,trial_0014,transfer,retrieval,B0,True,101,1.0,True,0,1.0,101,True,0,4.433194484991716,0.5360455896749927,10.004266255282035,968.5630374748035,0,0,0,0,True,4.058895696392343e-10,9.502052856744437e-11,2.4239535627817813e-09,5.674137670754508e-10,6.394884621840902e-14,1.615899005594579e-14,4.058895696392343e-10,9.502052856744437e-11,2.4239535627817834e-09,5.674137670754513e-10,0.8343856444357352
trial_0014_bite_018_transfer,trial_0014_bite_018,trial_0014,transfer,retrieval,StrongLocal,True,101,1.0,True,0,1.0,101,True,0,4.0354235767359,0.4879220348945766,12.094891091202669,1183.9833416208344,0,0,0,0,True,3.077680162975694e-10,7.326365196202413e-11,1.8377265403892519e-09,4.375005782962088e-10,4.04121180963557e-14,1.6761786828881658e-14,3.077680162975694e-10,7.326365196202413e-11,1.8377265403892535e-09,4.3750057829620914e-10,0.8167802196050218
trial_0014_bite_018_transfer,trial_0014_bite_018,trial_0014,transfer,retrieval,RobotSmooth,True,101,1.0,True,0,1.0,101,True,0,4.893895306564579,0.668499505347623,40.84844043421378,5112.750553290652,0,0,0,0,True,4.683636976085023e-10,9.294138392739196e-11,2.7967765780915806e-09,5.550051653792273e-10,6.394884621840902e-14,1.8385826433511813e-14,4.683636976085023e-10,9.294138392739196e-11,2.796776578091583e-09,5.550051653792278e-10,0.8226513421430486
trial_0014_bite_018_transfer,trial_0014_bite_018,trial_0014,transfer,contextual_promp,B0,True,101,1.0,True,0,1.0,101,True,0,3.6520409831625438,0.4604005252117708,1.5017845983816953,12.932423002014376,0,0,0,0,True,3.9860159984760173e-10,1.0415996660619551e-10,2.380261359847969e-09,6.220037226535932e-10,5.684341886080802e-14,1.989367332325936e-14,3.9860159984760173e-10,1.0415996660619551e-10,2.3802613598479713e-09,6.220037226535937e-10,0.8368406229214891
trial_0014_bite_018_transfer,trial_0014_bite_018,trial_0014,transfer,contextual_promp,StrongLocal,True,101,1.0,True,0,1.0,101,True,0,3.255334135851965,0.39730255223834726,3.5859673832774526,221.36524996752982,0,0,0,0,True,1.8714547286702282e-10,4.531502529761245e-11,1.1176960605775015e-09,2.7060839029536006e-10,5.906386491005833e-14,2.4026127970887952e-14,1.8714547286702282e-10,4.531502529761245e-11,1.1176960605775024e-09,2.706083902953602e-10,0.8011539108574626
trial_0014_bite_018_transfer,trial_0014_bite_018,trial_0014,transfer,contextual_promp,RobotSmooth,True,101,1.0,True,0,1.0,101,True,0,3.652040993954446,0.4604005253255624,1.50178460025452,12.93242658411769,0,0,0,0,True,2.1733725832118775e-10,7.560213598783995e-11,1.2980425197714447e-09,4.514564587841951e-10,5.684341886080802e-14,2.1150754780773724e-14,2.1733725832118775e-10,7.560213598783995e-11,1.2980425197714455e-09,4.514564587841954e-10,0.8368406229214891
trial_0014_bite_018_withdrawal,trial_0014_bite_018,trial_0014,withdrawal,retrieval,B0,True,101,1.0,True,0,1.0,101,True,0,4.2655108866745985,0.7313970255798892,20.362855740355993,2580.5329253033196,0,0,0,0,True,1.5051789852761522e-10,3.170203892187883e-11,8.987807494288881e-10,1.893110038790008e-10,7.682743330406083e-14,2.6168079135196297e-14,1.5051789852761522e-10,3.170203892187883e-11,8.98780749428889e-10,1.8931100387900095e-10,0.7067109396301472
trial_0014_bite_018_withdrawal,trial_0014_bite_018,trial_0014,withdrawal,retrieval,StrongLocal,True,101,1.0,True,0,1.0,101,True,0,4.0925129098500515,0.6898673597587102,23.460266051044666,3106.7101446124657,0,0,0,0,True,1.2817900454492372e-10,3.504691711056711e-11,7.657069568622947e-10,2.0932270604768113e-10,8.348877145181177e-14,2.777529320792292e-14,1.2817900454492372e-10,3.504691711056711e-11,7.657069568622953e-10,2.0932270604768133e-10,0.7382503997242873
trial_0014_bite_018_withdrawal,trial_0014_bite_018,trial_0014,withdrawal,retrieval,RobotSmooth,True,101,1.0,True,0,1.0,101,True,0,4.265510886279486,0.7313970256845446,20.36285577913003,2580.532932407684,0,0,0,0,True,1.6008920577102933e-10,3.0432817019566805e-11,9.561399376999554e-10,1.8174891372735799e-10,7.682743330406083e-14,2.868254169520843e-14,1.6008920577102933e-10,3.0432817019566805e-11,9.561399376999562e-10,1.8174891372735814e-10,0.7067109396305833
trial_0014_bite_018_withdrawal,trial_0014_bite_018,trial_0014,withdrawal,contextual_promp,B0,True,101,1.0,True,0,1.0,101,True,0,4.810036949432261,0.8412337759375028,3.50328330427257,34.12160291110226,0,0,0,0,True,1.5572921294572355e-10,4.5508658850925686e-11,9.299176244003082e-10,2.71776211213837e-10,5.639932965095795e-14,2.3726030073261388e-14,1.5572921294572355e-10,4.5508658850925686e-11,9.29917624400309e-10,2.7177621121383723e-10,0.49762832636567955
trial_0014_bite_018_withdrawal,trial_0014_bite_018,trial_0014,withdrawal,contextual_promp,StrongLocal,True,101,1.0,True,0,1.0,101,True,0,4.2426273161520935,0.7820003589617691,4.8594044246123635,332.1299231183654,0,0,0,0,True,2.6745994309622737e-10,4.53226799924388e-11,1.5972245475468048e-09,2.706596840970266e-10,6.439293542825908e-14,1.976452631070711e-14,2.6745994309622737e-10,4.53226799924388e-11,1.5972245475468063e-09,2.706596840970268e-10,0.49350325212350254
trial_0014_bite_018_withdrawal,trial_0014_bite_018,trial_0014,withdrawal,contextual_promp,RobotSmooth,True,101,1.0,True,0,1.0,101,True,0,4.810036949560994,0.8412337759599167,3.5032833100508887,34.12160304548628,0,0,0,0,True,1.8360964479972318e-10,4.915553655301763e-11,1.0968000738548704e-09,2.935598134478784e-10,8.659739592076221e-14,2.6069845885427728e-14,1.8360964479972318e-10,4.915553655301763e-11,1.0968000738548712e-09,2.9355981344787863e-10,0.4976283263652621
trial_0014_bite_019_transfer,trial_0014_bite_019,trial_0014,transfer,retrieval,B0,True,101,1.0,True,0,1.0,101,True,0,4.0285263181205835,0.4893225113893965,10.151052030221292,983.0678676439511,0,0,0,0,True,2.0709366652578114e-10,5.80619095623035e-11,1.2367711706956553e-09,3.4673445060527677e-10,5.240252676230739e-14,2.039194040800508e-14,2.0709366652578114e-10,5.80619095623035e-11,1.2367711706956565e-09,3.467344506052771e-10,0.8938693700878813
trial_0014_bite_019_transfer,trial_0014_bite_019,trial_0014,transfer,retrieval,StrongLocal,True,101,1.0,True,0,1.0,101,True,0,3.7907282255725097,0.4611016477066575,12.327502800706737,1209.1685446020858,0,0,0,0,True,1.8629769866142504e-10,4.4307671870985674e-11,1.112591701832377e-09,2.6459713616757257e-10,5.728750807065808e-14,2.061796181100298e-14,1.8629769866142504e-10,4.4307671870985674e-11,1.112591701832378e-09,2.6459713616757283e-10,0.8962116066844463
trial_0014_bite_019_transfer,trial_0014_bite_019,trial_0014,transfer,retrieval,RobotSmooth,True,101,1.0,True,0,1.0,101,True,0,4.028526326592619,0.4893225121368033,10.151052537592264,983.067940542509,0,0,0,0,True,2.389357853216068e-10,6.131277193376119e-11,1.4266996169980563e-09,3.661502474415619e-10,5.417888360170764e-14,2.285602218988632e-14,2.389357853216068e-10,6.131277193376119e-11,1.4266996169980575e-09,3.661502474415622e-10,0.8938693700878813
trial_0014_bite_019_transfer,trial_0014_bite_019,trial_0014,transfer,contextual_promp,B0,True,101,1.0,True,0,1.0,101,True,0,3.4245772912320733,0.42258286914813126,1.2265051085895562,9.868365221931803,0,0,0,0,True,3.462938616762295e-10,8.519578991956616e-11,2.0681256329198406e-09,5.087557244881581e-10,6.128431095930864e-14,2.282062610915996e-14,3.462938616762295e-10,8.519578991956616e-11,2.0681256329198422e-09,5.087557244881586e-10,0.9091944737052087
trial_0014_bite_019_transfer,trial_0014_bite_019,trial_0014,transfer,contextual_promp,StrongLocal,True,101,1.0,True,0,1.0,101,True,0,3.1524640056221633,0.3860775505073218,3.042877824748888,187.69828530023108,0,0,0,0,True,2.599003579157212e-10,5.6256760322845735e-11,1.5519761526226293e-09,3.359304908659901e-10,6.439293542825908e-14,2.568368621029738e-14,2.599003579157212e-10,5.6256760322845735e-11,1.5519761526226308e-09,3.3593049086599044e-10,0.8826948560548962
trial_0014_bite_019_transfer,trial_0014_bite_019,trial_0014,transfer,contextual_promp,RobotSmooth,True,101,1.0,True,0,1.0,101,True,0,3.4245772980590785,0.4225828694420438,1.2265051244613834,9.868361976581035,0,0,0,0,True,2.8425159037460205e-10,7.729854498844692e-11,1.6975717420156843e-09,4.615812440920036e-10,6.927791673660977e-14,2.256035330667034e-14,2.8425159037460205e-10,7.729854498844692e-11,1.6975717420156858e-09,4.6158124409200403e-10,0.9091944737052238
trial_0014_bite_019_withdrawal,trial_0014_bite_019,trial_0014,withdrawal,retrieval,B0,True,101,1.0,True,0,1.0,101,True,0,6.696060897509514,1.1423778383800411,30.30818868687955,4090.7077814544127,0,0,0,0,True,2.7923354161845655e-10,4.347170943935223e-11,1.6674878334883195e-09,2.5959545796410327e-10,3.9968028886505635e-14,1.6655382485712148e-14,2.7923354161845655e-10,4.347170943935223e-11,1.667487833488321e-09,2.595954579641035e-10,0.3389949530063894
trial_0014_bite_019_withdrawal,trial_0014_bite_019,trial_0014,withdrawal,retrieval,StrongLocal,True,101,1.0,True,0,1.0,101,True,0,6.7681107905007885,1.1002187654767506,42.089697467154544,5854.0692376383895,0,0,0,0,True,2.0136224233844754e-10,3.40787740798049e-11,1.202567251896079e-09,2.0350795650383952e-10,4.8405723873656825e-14,1.52382522506162e-14,2.0136224233844754e-10,3.40787740798049e-11,1.20256725189608e-09,2.035079565038397e-10,0.3378023292859864
trial_0014_bite_019_withdrawal,trial_0014_bite_019,trial_0014,withdrawal,retrieval,RobotSmooth,True,101,1.0,True,0,1.0,101,True,0,6.69606090014045,1.142377838905179,30.308189042891204,4090.707854889906,0,0,0,0,True,1.4203139425529758e-10,2.872979318879599e-11,8.483478290006996e-10,1.7158817736946007e-10,4.263256414560601e-14,1.6221283003797108e-14,1.4203139425529758e-10,2.872979318879599e-11,8.483478290007003e-10,1.715881773694602e-10,0.33899495300633076
trial_0014_bite_019_withdrawal,trial_0014_bite_019,trial_0014,withdrawal,contextual_promp,B0,True,101,1.0,True,0,1.0,101,True,0,6.004340041095309,1.0861879942704293,5.330470967574908,61.675505801159176,0,0,0,0,True,3.608547034315298e-10,5.828944946693216e-11,2.1546679051144603e-09,3.4806111371217123e-10,8.215650382226158e-14,2.213629148503547e-14,3.608547034315298e-10,5.828944946693216e-11,2.1546679051144624e-09,3.4806111371217154e-10,0.3288434570256267
trial_0014_bite_019_withdrawal,trial_0014_bite_019,trial_0014,withdrawal,contextual_promp,StrongLocal,True,101,1.0,True,0,1.0,101,True,0,5.577634326820236,1.058962355461275,7.088726303829685,435.1046936790384,0,0,0,0,True,3.5941923070991977e-10,6.85995273791821e-11,2.146241244429452e-09,4.09634808517766e-10,3.4638958368304884e-14,1.4216212454968966e-14,3.5941923070991977e-10,6.85995273791821e-11,2.1462412444294533e-09,4.096348085177663e-10,0.32256703312524015
trial_0014_bite_019_withdrawal,trial_0014_bite_019,trial_0014,withdrawal,contextual_promp,RobotSmooth,True,101,1.0,True,0,1.0,101,True,0,6.004340043758958,1.0861879944666681,5.33047095308671,61.67550729827651,0,0,0,0,True,2.0641731463458002e-10,5.31038721985172e-11,1.2324371994890727e-09,3.1710785309499355e-10,7.904787935331115e-14,2.2510184370864036e-14,2.0641731463458002e-10,5.31038721985172e-11,1.2324371994890738e-09,3.171078530949938e-10,0.3288434570257075
trial_0014_bite_020_transfer,trial_0014_bite_020,trial_0014,transfer,retrieval,B0,True,101,1.0,True,0,1.0,101,True,0,3.333679378343438,0.41172318243859873,6.222413759035695,468.45393328565734,0,0,0,0,True,1.973157669536951e-10,7.492596249222563e-11,1.1782059100781109e-09,4.4743248101735425e-10,5.062616992290714e-14,2.1729436233893185e-14,1.973157669536951e-10,7.492596249222563e-11,1.1782059100781119e-09,4.4743248101735467e-10,0.8545137814899273
trial_0014_bite_020_transfer,trial_0014_bite_020,trial_0014,transfer,retrieval,StrongLocal,True,101,1.0,True,0,1.0,101,True,0,2.9806482901229625,0.36223746176586147,8.048332986552822,701.9596428624224,0,0,0,0,True,3.0492653736553293e-10,7.49767572214701e-11,1.8209426818037104e-09,4.4774806176740427e-10,6.350475700855895e-14,2.1735141649991928e-14,3.0492653736553293e-10,7.49767572214701e-11,1.820942681803712e-09,4.4774806176740463e-10,0.8016751582860357
trial_0014_bite_020_transfer,trial_0014_bite_020,trial_0014,transfer,retrieval,RobotSmooth,True,101,1.0,True,0,1.0,101,True,0,3.3336793795655817,0.41172318252522594,6.2224137390415155,468.45392451430996,0,0,0,0,True,5.403822985855879e-10,1.0821518133935417e-10,3.226721250403157e-09,6.461998434568791e-10,5.773159728050814e-14,2.2254528963934013e-14,5.403822985855879e-10,1.0821518133935417e-10,3.22672125040316e-09,6.461998434568797e-10,0.8545137814899273
trial_0014_bite_020_transfer,trial_0014_bite_020,trial_0014,transfer,contextual_promp,B0,True,101,1.0,True,0,1.0,101,True,0,3.1824032159114677,0.41633870379108345,1.6594614818558189,16.585375135166988,0,0,0,0,True,2.7669687240514974e-10,8.864496727554462e-11,1.6525155408633166e-09,5.293591096640178e-10,5.684341886080802e-14,1.9308313688798484e-14,2.7669687240514974e-10,8.864496727554462e-11,1.6525155408633176e-09,5.293591096640182e-10,0.8752224806477413
trial_0014_bite_020_transfer,trial_0014_bite_020,trial_0014,transfer,contextual_promp,StrongLocal,True,101,1.0,True,0,1.0,101,True,0,2.6793689795990216,0.3372585570152342,3.7855675288587367,234.70065244932638,0,0,0,0,True,1.3407486135873824e-10,3.720402882149711e-11,8.005537303238904e-10,2.2216149611425584e-10,5.861977570020827e-14,2.3545188603960514e-14,1.3407486135873824e-10,3.720402882149711e-11,8.005537303238911e-10,2.2216149611425605e-10,0.8385754929863871
trial_0014_bite_020_transfer,trial_0014_bite_020,trial_0014,transfer,contextual_promp,RobotSmooth,True,101,1.0,True,0,1.0,101,True,0,3.1824032163807234,0.4163387038254119,1.659461479709011,16.58537525875507,0,0,0,0,True,2.3638456385592105e-10,7.640352844847962e-11,1.4117462466762848e-09,4.5626714736971557e-10,5.684341886080802e-14,1.8038880734448613e-14,2.3638456385592105e-10,7.640352844847962e-11,1.411746246676286e-09,4.5626714736971593e-10,0.8752224806477413
trial_0014_bite_020_withdrawal,trial_0014_bite_020,trial_0014,withdrawal,retrieval,B0,True,101,1.0,True,0,1.0,101,True,0,4.263083074195231,0.7386781527469404,19.50214477551811,2352.4545418862313,0,0,0,0,True,2.4838747285362035e-10,8.166241790921051e-11,1.4832767235737837e-09,4.876742332325806e-10,5.417888360170764e-14,1.5749103804976062e-14,2.4838747285362035e-10,8.166241790921051e-11,1.4832767235737848e-09,4.87674233232581e-10,0.515382895786717
trial_0014_bite_020_withdrawal,trial_0014_bite_020,trial_0014,withdrawal,retrieval,StrongLocal,True,101,1.0,True,0,1.0,101,True,0,4.5456259618816075,0.8209291595279191,35.354271907730364,5022.844297228574,0,0,0,0,True,2.8237601032652724e-10,7.820497176033009e-11,1.686243172919536e-09,4.670087631135677e-10,4.973799150320701e-14,1.4752815059332758e-14,2.8237601032652724e-10,7.820497176033009e-11,1.6862431729195373e-09,4.67008763113568e-10,0.5053611393435857
trial_0014_bite_020_withdrawal,trial_0014_bite_020,trial_0014,withdrawal,retrieval,RobotSmooth,True,101,1.0,True,0,1.0,101,True,0,4.2630830720686355,0.7386781518935787,19.502143606507225,2352.45422015479,0,0,0,0,True,2.986039166644867e-10,8.157008440668591e-11,1.7833754952828695e-09,4.871211374860726e-10,5.417888360170764e-14,1.621965786899327e-14,2.986039166644867e-10,8.157008440668591e-11,1.7833754952828707e-09,4.87121137486073e-10,0.515382895786717
trial_0014_bite_020_withdrawal,trial_0014_bite_020,trial_0014,withdrawal,contextual_promp,B0,True,101,1.0,True,0,1.0,101,True,0,4.465736238588034,0.7635702758732522,2.8871400277415193,26.112904276303528,0,0,0,0,True,2.0326458103108238e-10,5.3626267182865603e-11,1.2138698871860345e-09,3.202521673949045e-10,6.88338275267597e-14,1.8368879278504106e-14,2.0326458103108238e-10,5.3626267182865603e-11,1.2138698871860354e-09,3.2025216739490473e-10,0.5335844109061099
trial_0014_bite_020_withdrawal,trial_0014_bite_020,trial_0014,withdrawal,contextual_promp,StrongLocal,True,101,1.0,True,0,1.0,101,True,0,4.144250483784672,0.7096788083963975,5.040202717973637,392.9983731177542,0,0,0,0,True,1.714207903383706e-10,5.772224779868228e-11,1.0236959716127076e-09,3.447051739932632e-10,5.728750807065808e-14,1.5654904735108825e-14,1.714207903383706e-10,5.772224779868228e-11,1.023695971612708e-09,3.447051739932634e-10,0.5272237773127073
trial_0014_bite_020_withdrawal,trial_0014_bite_020,trial_0014,withdrawal,contextual_promp,RobotSmooth,True,101,1.0,True,0,1.0,101,True,0,4.465736241307869,0.7635702758901957,2.887140023708527,26.11290440481966,0,0,0,0,True,2.9158325195580005e-10,5.7648536713446184e-11,1.7410720201124026e-09,3.4425401738786996e-10,3.774758283725532e-14,1.7669278960875386e-14,2.9158325195580005e-10,5.7648536713446184e-11,1.7410720201124039e-09,3.442540173878702e-10,0.5335844109061099
trial_0014_bite_021_transfer,trial_0014_bite_021,trial_0014,transfer,retrieval,B0,True,101,1.0,True,0,1.0,101,True,0,3.0484055550192357,0.3848388619996927,6.3627521564687255,596.6208704916406,0,0,0,0,True,2.968456506270561e-10,6.438204815522625e-11,1.7725308780310894e-09,3.8447738727353976e-10,7.549516567451064e-14,2.8593392262889464e-14,2.968456506270561e-10,6.438204815522625e-11,1.772530878031091e-09,3.844773872735401e-10,0.6632729064710816
trial_0014_bite_021_transfer,trial_0014_bite_021,trial_0014,transfer,retrieval,StrongLocal,True,101,1.0,True,0,1.0,101,True,0,2.8963918749294173,0.3572682901341085,8.18826049607406,806.3838770084068,0,0,0,0,True,2.3884626327929353e-10,8.12350215740483e-11,1.4262910951309717e-09,4.851336945657567e-10,8.43769498715119e-14,3.69852435596316e-14,2.3884626327929353e-10,8.12350215740483e-11,1.4262910951309732e-09,4.851336945657571e-10,0.6617504149947335
trial_0014_bite_021_transfer,trial_0014_bite_021,trial_0014,transfer,retrieval,RobotSmooth,True,101,1.0,True,0,1.0,101,True,0,3.048405561561096,0.38483886218460794,6.3627522850399485,596.6208889600937,0,0,0,0,True,2.4718718924758147e-10,6.736444265806579e-11,1.476201918179569e-09,4.0227951261318186e-10,7.549516567451064e-14,3.148593086987344e-14,2.4718718924758147e-10,6.736444265806579e-11,1.4762019181795703e-09,4.0227951261318217e-10,0.6632729064710816
trial_0014_bite_021_transfer,trial_0014_bite_021,trial_0014,transfer,contextual_promp,B0,True,101,1.0,True,0,1.0,101,True,0,3.1960344361294872,0.39339218593579295,1.0247177362951145,6.885056182701998,0,0,0,0,True,3.95244057696623e-10,8.656925141904306e-11,2.360224135569484e-09,5.169725444042012e-10,8.038014698286133e-14,2.743214419808934e-14,3.95244057696623e-10,8.656925141904306e-11,2.360224135569486e-09,5.169725444042016e-10,0.6632748650368703
trial_0014_bite_021_transfer,trial_0014_bite_021,trial_0014,transfer,contextual_promp,StrongLocal,True,101,1.0,True,0,1.0,101,True,0,3.0191227571045376,0.3667355648214194,2.917288274462403,182.56073385292626,0,0,0,0,True,4.018359373071434e-10,9.954957642300066e-11,2.3995051990477342e-09,5.944797043000883e-10,7.505107646466058e-14,3.2143137389234036e-14,4.018359373071434e-10,9.954957642300066e-11,2.3995051990477355e-09,5.944797043000888e-10,0.6531098894181802
trial_0014_bite_021_transfer,trial_0014_bite_021,trial_0014,transfer,contextual_promp,RobotSmooth,True,101,1.0,True,0,1.0,101,True,0,3.1960344387308335,0.3933921859521101,1.0247177363363287,6.885055957979661,0,0,0,0,True,3.3618701117492416e-10,7.993112190565015e-11,2.007729022275295e-09,4.773277042855699e-10,6.794564910705958e-14,2.8096850795772422e-14,3.3618701117492416e-10,7.993112190565015e-11,2.0077290222752966e-09,4.773277042855703e-10,0.6632748650368703
trial_0014_bite_021_withdrawal,trial_0014_bite_021,trial_0014,withdrawal,retrieval,B0,True,101,1.0,True,0,1.0,101,True,0,5.834862843483965,0.9377298406868402,26.181619272824626,3165.808750525053,0,0,0,0,True,1.0156728031229414e-10,3.1100807955998466e-11,6.065108482589896e-10,1.857334761545266e-10,6.483702463810914e-14,2.606396558867201e-14,1.0156728031229414e-10,3.1100807955998466e-11,6.0651084825899e-10,1.8573347615452673e-10,0.41386786335876913
trial_0014_bite_021_withdrawal,trial_0014_bite_021,trial_0014,withdrawal,retrieval,StrongLocal,True,101,1.0,True,0,1.0,101,True,0,5.850519813155067,0.9449676917115784,37.19545867929477,5135.323480806619,0,0,0,0,True,1.5685216466942097e-10,3.806054019350699e-11,9.367739407863525e-10,2.272964940042741e-10,6.306066779870889e-14,2.4654228762117278e-14,1.5685216466942097e-10,3.806054019350699e-11,9.367739407863533e-10,2.2729649400427429e-10,0.500847167895639
trial_0014_bite_021_withdrawal,trial_0014_bite_021,trial_0014,withdrawal,retrieval,RobotSmooth,True,101,1.0,True,0,1.0,101,True,0,5.8348628445642134,0.9377298407774017,26.181619261417314,3165.808745424838,0,0,0,0,True,1.2839539162889588e-10,3.1803758568804506e-11,7.668183530729396e-10,1.899286370871284e-10,6.483702463810914e-14,2.5149600899477463e-14,1.2839539162889588e-10,3.1803758568804506e-11,7.668183530729403e-10,1.8992863708712853e-10,0.41386786335892456
trial_0014_bite_021_withdrawal,trial_0014_bite_021,trial_0014,withdrawal,contextual_promp,B0,True,101,1.0,True,0,1.0,101,True,0,4.122106539258793,0.6924192182301658,2.729751423361866,28.14372900013345,0,0,0,0,True,7.700705739590091e-11,2.5172252990146428e-11,4.5983252682894817e-10,1.503409793152825e-10,5.595524044110789e-14,2.4737486255017418e-14,7.700705739590091e-11,2.5172252990146428e-11,4.598325268289485e-10,1.503409793152826e-10,0.5762839135787075
trial_0014_bite_021_withdrawal,trial_0014_bite_021,trial_0014,withdrawal,contextual_promp,StrongLocal,True,101,1.0,True,0,1.0,101,True,0,3.560583877192818,0.6110360591407589,4.273410653454766,321.12732443050857,0,0,0,0,True,1.0829121604274108e-10,2.6901134410617236e-11,6.468098262089267e-10,1.6063302873987088e-10,5.1958437552457326e-14,2.1712535818408995e-14,1.0829121604274108e-10,2.6901134410617236e-11,6.468098262089271e-10,1.6063302873987098e-10,0.5733727708994336
trial_0014_bite_021_withdrawal,trial_0014_bite_021,trial_0014,withdrawal,contextual_promp,RobotSmooth,True,101,1.0,True,0,1.0,101,True,0,4.122106539201251,0.6924192182423659,2.729751420711535,28.14372898929164,0,0,0,0,True,9.469736160039114e-11,2.653488781415216e-11,5.65383721409674e-10,1.5845963991624728e-10,5.595524044110789e-14,2.4704627934511808e-14,9.469736160039114e-11,2.653488781415216e-11,5.653837214096744e-10,1.5845963991624738e-10,0.5762839135787075
trial_0015_bite_001_transfer,trial_0015_bite_001,trial_0015,transfer,retrieval,B0,True,101,1.0,True,0,1.0,101,True,0,3.897418269645504,0.4769893084761947,14.262870865185235,1491.589680764767,0,0,0,0,True,6.11320009630683e-11,2.3939630477655958e-11,3.650371388166574e-10,1.429467377526364e-10,6.838973831690964e-14,2.6700440386507846e-14,6.11320009630683e-11,2.3939630477655958e-11,3.650371388166576e-10,1.429467377526365e-10,0.6690180369996703
trial_0015_bite_001_transfer,trial_0015_bite_001,trial_0015,transfer,retrieval,StrongLocal,True,101,1.0,True,0,1.0,101,True,0,3.8048641688954046,0.46428524479909244,14.813232467931796,1545.4404111202175,0,0,0,0,True,6.556282352207614e-11,2.485211305411309e-11,3.9149641321548113e-10,1.4842575089075793e-10,6.306066779870889e-14,2.4260709155278558e-14,6.556282352207614e-11,2.485211305411309e-11,3.914964132154814e-10,1.4842575089075804e-10,0.640658878237309
trial_0015_bite_001_transfer,trial_0015_bite_001,trial_0015,transfer,retrieval,RobotSmooth,True,101,1.0,True,0,1.0,101,True,0,3.897418269287609,0.4769893082317637,14.262870755251559,1491.5896619987677,0,0,0,0,True,6.11320009630683e-11,2.3354025212396845e-11,3.650371388166574e-10,1.3944178257446576e-10,7.105427357601002e-14,2.7108788561008572e-14,6.11320009630683e-11,2.3354025212396845e-11,3.650371388166576e-10,1.3944178257446587e-10,0.6690180369996053
trial_0015_bite_001_transfer,trial_0015_bite_001,trial_0015,transfer,contextual_promp,B0,True,101,1.0,True,0,1.0,101,True,0,4.3800891866174245,0.5060375955652459,1.5784524031253329,17.83366684703615,0,0,0,0,True,7.985637004961952e-11,2.9001236815814233e-11,4.769933039442347e-10,1.7318682868310214e-10,5.728750807065808e-14,2.2409596690688074e-14,7.985637004961952e-11,2.9001236815814233e-11,4.76993303944235e-10,1.731868286831023e-10,0.6700276100027862
trial_0015_bite_001_transfer,trial_0015_bite_001,trial_0015,transfer,contextual_promp,StrongLocal,True,101,1.0,True,0,1.0,101,True,0,4.272099388045935,0.4847287324554108,3.3639622825543043,208.92323379251818,0,0,0,0,True,1.957521460097136e-10,4.0540990154648226e-11,1.1689942127046524e-09,2.420966250693323e-10,6.661338147750939e-14,2.6563884975134963e-14,1.957521460097136e-10,4.0540990154648226e-11,1.1689942127046534e-09,2.420966250693325e-10,0.6496521884007951
trial_0015_bite_001_transfer,trial_0015_bite_001,trial_0015,transfer,contextual_promp,RobotSmooth,True,101,1.0,True,0,1.0,101,True,0,4.380089186315544,0.5060375955408396,1.5784524019155892,17.833667643904803,0,0,0,0,True,9.175927816414329e-11,2.7876055834056247e-11,5.480016878761147e-10,1.6647468709317333e-10,5.728750807065808e-14,2.4454108636006333e-14,9.175927816414329e-11,2.7876055834056247e-11,5.48001687876115e-10,1.6647468709317346e-10,0.6700276100027862
trial_0015_bite_001_withdrawal,trial_0015_bite_001,trial_0015,withdrawal,retrieval,B0,True,101,1.0,True,1,0.9900990099009901,54,False,0,6.938868359036041,1.502165377759742,30.30804868113212,2436.561493386463,0,0,0,0,True,9.173233458869008e-10,1.875997449127605e-10,5.47801026740332e-09,1.120288818669092e-09,1.2749801214795298e-12,1.5445647847486344e-13,9.173233458869008e-10,1.875997449127605e-10,5.478010267403326e-09,1.120288818669093e-09,0.41354504846038864
trial_0015_bite_001_withdrawal,trial_0015_bite_001,trial_0015,withdrawal,retrieval,StrongLocal,True,101,1.0,True,1,0.9900990099009901,57,False,0,6.60201619413197,1.4061937530485593,33.104475131659505,2850.613190812416,0,0,0,0,True,1.3870422822123585e-09,2.2603459235144284e-10,8.282779619767239e-09,1.3497935022244372e-09,3.40305561508103e-12,3.6249132075296505e-13,1.3870422822123585e-09,2.2603459235144284e-10,8.282779619767246e-09,1.3497935022244384e-09,0.46128300840626
trial_0015_bite_001_withdrawal,trial_0015_bite_001,trial_0015,withdrawal,retrieval,RobotSmooth,True,101,1.0,True,0,1.0,101,True,1,7.012529039497673,1.4903510280667438,71.011924062839,10284.741252607422,0,0,0,0,True,1.0825785068446513e-09,2.7820778066110146e-10,6.464721134233379e-09,1.661384519908386e-09,1.8420820424580597e-12,2.439249610534767e-13,1.0825785068446513e-09,2.7820778066110146e-10,6.464721134233385e-09,1.6613845199083875e-09,0.46180816521060875
trial_0015_bite_001_withdrawal,trial_0015_bite_001,trial_0015,withdrawal,contextual_promp,B0,True,101,1.0,True,0,1.0,101,True,0,4.229328945079234,0.8011359592015822,4.28237623978013,63.05852158429508,0,0,0,0,True,1.8775830710815518e-10,4.583164819690957e-11,1.1212285893712052e-09,2.737184452906744e-10,1.354472090042691e-13,3.837516068820294e-14,1.8775830710815518e-10,4.583164819690957e-11,1.1212285893712062e-09,2.7371844529067464e-10,0.6630985576825457
trial_0015_bite_001_withdrawal,trial_0015_bite_001,trial_0015,withdrawal,contextual_promp,StrongLocal,True,101,1.0,True,0,1.0,101,True,0,3.8098017336766583,0.7523388650857091,4.280685084867768,111.59479458523919,0,0,0,0,True,2.6996309191553123e-10,4.8661874026146106e-11,1.6122000753812263e-09,2.9059849616526393e-10,8.348877145181177e-14,3.3429344237835676e-14,2.6996309191553123e-10,4.8661874026146106e-11,1.6122000753812278e-09,2.905984961652642e-10,0.663109825134915
trial_0015_bite_001_withdrawal,trial_0015_bite_001,trial_0015,withdrawal,contextual_promp,RobotSmooth,True,101,1.0,True,0,1.0,101,True,0,4.22932894455821,0.8011359591953423,4.282376242327304,63.05852176779132,0,0,0,0,True,2.25439033471597e-10,4.860159100886455e-11,1.3462122358474318e-09,2.9024187294326075e-10,1.0969003483296547e-13,3.6885035393609336e-14,2.25439033471597e-10,4.860159100886455e-11,1.3462122358474327e-09,2.9024187294326095e-10,0.6630985576825457
trial_0015_bite_002_transfer,trial_0015_bite_002,trial_0015,transfer,retrieval,B0,True,101,1.0,True,0,1.0,101,True,0,4.937775473297937,0.6335349082641099,29.053284295823534,2985.2602703847697,0,0,0,0,True,8.641828124407728e-11,2.6610444249335113e-11,5.159799803192032e-10,1.5891877833286281e-10,5.906386491005833e-14,2.2654756272456302e-14,8.641828124407728e-11,2.6610444249335113e-11,5.15979980319204e-10,1.5891877833286294e-10,0.5309214155448299
trial_0015_bite_002_transfer,trial_0015_bite_002,trial_0015,transfer,retrieval,StrongLocal,True,101,1.0,True,0,1.0,101,True,0,4.785369599833091,0.6194368579008045,32.33808283358051,3336.436899535868,0,0,0,0,True,4.5209342022169707e-11,1.880147823716311e-11,2.6992997274088585e-10,1.1229879437916258e-10,6.439293542825908e-14,2.6434602707958293e-14,4.5209342022169707e-11,1.880147823716311e-11,2.6992997274088606e-10,1.1229879437916265e-10,0.44812026957550977
trial_0015_bite_002_transfer,trial_0015_bite_002,trial_0015,transfer,retrieval,RobotSmooth,True,101,1.0,True,0,1.0,101,True,0,4.937775473880943,0.6335349083507045,29.053284318336342,2985.2602732628147,0,0,0,0,True,8.641828124407728e-11,2.5452895532162822e-11,5.159799803192032e-10,1.520018181825059e-10,5.10702591327572e-14,2.2829865160152087e-14,8.641828124407728e-11,2.5452895532162822e-11,5.15979980319204e-10,1.5200181818250602e-10,0.5309214155448299
trial_0015_bite_002_transfer,trial_0015_bite_002,trial_0015,transfer,contextual_promp,B0,True,101,1.0,True,0,1.0,101,True,0,3.7033703101194373,0.43114477481365476,1.5481449799527331,19.32421553149925,0,0,0,0,True,7.620806070297403e-11,2.2129512437598905e-11,4.5500238146173426e-10,1.3214633458556834e-10,5.5067062021407764e-14,2.1784137580829638e-14,7.620806070297403e-11,2.2129512437598905e-11,4.550023814617347e-10,1.3214633458556844e-10,0.5517173005083285
trial_0015_bite_002_transfer,trial_0015_bite_002,trial_0015,transfer,contextual_promp,StrongLocal,True,101,1.0,True,0,1.0,101,True,0,3.322624155577371,0.3674936546070163,4.228621218491723,277.70038105931735,0,0,0,0,True,7.224426243063195e-11,2.3858891962273018e-11,4.3152308126647457e-10,1.4249365480012014e-10,6.306066779870889e-14,2.6012709633203287e-14,7.224426243063195e-11,2.3858891962273018e-11,4.315230812664749e-10,1.4249365480012027e-10,0.4735399517312979
trial_0015_bite_002_transfer,trial_0015_bite_002,trial_0015,transfer,contextual_promp,RobotSmooth,True,101,1.0,True,0,1.0,101,True,0,3.7033703101127498,0.43114477480241564,1.5481449788861907,19.324215489561336,0,0,0,0,True,7.620806070297403e-11,2.4869437560475228e-11,4.5500238146173426e-10,1.4850992423048813e-10,5.5067062021407764e-14,2.3259205815017723e-14,7.620806070297403e-11,2.4869437560475228e-11,4.550023814617347e-10,1.4850992423048826e-10,0.5517173005083285
trial_0015_bite_002_withdrawal,trial_0015_bite_002,trial_0015,withdrawal,retrieval,B0,True,101,1.0,True,1,0.9900990099009901,51,False,0,7.173791830071723,1.5624455549280674,33.1847887759511,4090.365798615705,0,0,0,0,True,9.703776137368712e-10,1.6372720214675085e-10,5.794865079756898e-09,9.777263148822872e-10,7.86926079854311e-13,1.2282331509991777e-13,9.703776137368712e-10,1.6372720214675085e-10,5.794865079756904e-09,9.777263148822882e-10,0.27801922629166675
trial_0015_bite_002_withdrawal,trial_0015_bite_002,trial_0015,withdrawal,retrieval,StrongLocal,True,101,1.0,True,1,0.9900990099009901,51,False,0,6.845760840641583,1.4976844418037274,36.36839928129217,4674.415718903083,0,0,0,0,True,1.2990049814774873e-09,1.8626692537509037e-10,7.757317061818582e-09,1.1123342417984572e-09,1.06314956838105e-12,1.5264092788822715e-13,1.2990049814774873e-09,1.8626692537509037e-10,7.757317061818588e-09,1.1123342417984583e-09,0.4664292067890403
trial_0015_bite_002_withdrawal,trial_0015_bite_002,trial_0015,withdrawal,retrieval,RobotSmooth,True,101,1.0,True,0,1.0,101,True,1,7.323340336737337,1.5718175763376154,49.794735874473886,7443.433758299517,0,0,0,0,True,9.703776137368712e-10,1.714642565980584e-10,5.794865079756898e-09,1.0239511291256772e-09,8.449685395817141e-12,8.671106272651383e-13,9.703776137368712e-10,1.714642565980584e-10,5.794865079756904e-09,1.0239511291256782e-09,0.36736769801548164
trial_0015_bite_002_withdrawal,trial_0015_bite_002,trial_0015,withdrawal,contextual_promp,B0,True,101,1.0,True,1,0.9900990099009901,88,False,0,4.9410401457765705,0.9951189435613468,5.003807166992696,60.72438901905745,0,0,0,0,True,8.757136798077228e-10,2.0111562004412836e-10,5.229743390613802e-09,1.2010423338739174e-09,5.1882942386782815e-12,5.901234323170165e-13,8.757136798077228e-10,2.0111562004412836e-10,5.229743390613805e-09,1.2010423338739183e-09,0.47033418623763623
trial_0015_bite_002_withdrawal,trial_0015_bite_002,trial_0015,withdrawal,contextual_promp,StrongLocal,True,101,1.0,True,0,1.0,101,True,0,4.31800029853718,0.908097003355475,4.709708770993826,105.42030294636993,0,0,0,0,True,1.6412177929253572e-09,2.763762205999195e-10,9.800784384074322e-09,1.6504359482634306e-09,1.2163603457793215e-12,1.7048042323376334e-13,1.6412177929253572e-09,2.763762205999195e-10,9.80078438407433e-09,1.650435948263432e-09,0.6222281139599164
trial_0015_bite_002_withdrawal,trial_0015_bite_002,trial_0015,withdrawal,contextual_promp,RobotSmooth,True,101,1.0,True,0,1.0,101,True,1,5.258926286425598,1.070406103080067,52.934452101444265,9628.142646291284,0,0,0,0,True,9.392276169302937e-10,2.0013744285367774e-10,5.608808747737956e-09,1.1951602567459847e-09,2.1085355683680973e-12,3.478110109376804e-13,9.392276169302937e-10,2.0013744285367774e-10,5.608808747737961e-09,1.1951602567459858e-09,0.46099926887203235
trial_0015_bite_003_transfer,trial_0015_bite_003,trial_0015,transfer,retrieval,B0,True,101,1.0,True,0,1.0,101,True,0,4.943052036348506,0.6274351648839579,29.27896590435,3003.503722299632,0,0,0,0,True,6.34560152000184e-11,2.2984907267377548e-11,3.789640380680911e-10,1.372573968694222e-10,7.149836278586008e-14,2.2021453879810138e-14,6.34560152000184e-11,2.2984907267377548e-11,3.7896403806809146e-10,1.3725739686942234e-10,0.5426903369943528
trial_0015_bite_003_transfer,trial_0015_bite_003,trial_0015,transfer,retrieval,StrongLocal,True,101,1.0,True,0,1.0,101,True,0,4.826845830844498,0.619786803053702,32.85674425925753,3383.6023269654634,0,0,0,0,True,5.1774488058274834e-11,2.2262077531585313e-11,3.093225189293021e-10,1.3294203046956803e-10,6.306066779870889e-14,2.246755264098259e-14,5.1774488058274834e-11,2.2262077531585313e-11,3.0932251892930236e-10,1.3294203046956816e-10,0.4563088651452567
trial_0015_bite_003_transfer,trial_0015_bite_003,trial_0015,transfer,retrieval,RobotSmooth,True,101,1.0,True,0,1.0,101,True,0,4.943052036149679,0.6274351649271782,29.278965919834636,3003.5037243586476,0,0,0,0,True,5.342244568788109e-11,2.1279857502476015e-11,3.189917996298528e-10,1.2707967415804092e-10,4.929390229335695e-14,2.003168861761509e-14,5.342244568788109e-11,2.1279857502476015e-11,3.189917996298531e-10,1.27079674158041e-10,0.5426903369941396
trial_0015_bite_003_transfer,trial_0015_bite_003,trial_0015,transfer,contextual_promp,B0,True,101,1.0,True,0,1.0,101,True,0,4.05131243492586,0.4635362214961463,1.609942580068883,20.446187753412854,0,0,0,0,True,8.013705195997857e-11,2.8999217498578775e-11,4.783153354433089e-10,1.7316261541413032e-10,4.39648317751562e-14,1.8605259469778575e-14,8.013705195997857e-11,2.8999217498578775e-11,4.783153354433092e-10,1.7316261541413045e-10,0.5672895990411053
trial_0015_bite_003_transfer,trial_0015_bite_003,trial_0015,transfer,contextual_promp,StrongLocal,True,101,1.0,True,0,1.0,101,True,0,3.6057462168045924,0.40315393336381417,4.582521404292259,302.0244893408768,0,0,0,0,True,7.561254888982169e-11,2.6138798824552318e-11,4.516107066589394e-10,1.56097683183878e-10,5.0182080713057076e-14,2.1567351742575347e-14,7.561254888982169e-11,2.6138798824552318e-11,4.516107066589397e-10,1.5609768318387814e-10,0.5094408936951282
trial_0015_bite_003_transfer,trial_0015_bite_003,trial_0015,transfer,contextual_promp,RobotSmooth,True,101,1.0,True,0,1.0,101,True,0,4.051312435214632,0.46353622153402424,1.6099425795093354,20.44618763639593,0,0,0,0,True,8.013705195997857e-11,2.6610537974172086e-11,4.783153354433089e-10,1.589062032640076e-10,4.39648317751562e-14,1.824515370231903e-14,8.013705195997857e-11,2.6610537974172086e-11,4.783153354433092e-10,1.5890620326400773e-10,0.5672895990411053
trial_0015_bite_003_withdrawal,trial_0015_bite_003,trial_0015,withdrawal,retrieval,B0,True,101,1.0,True,0,1.0,101,True,1,7.292467126210489,1.5702405870626732,31.001326211364283,2470.9241004753426,0,0,0,0,True,1.257353831016746e-09,2.0879910578550282e-10,7.508499275138675e-09,1.2469080429900647e-09,3.9399594697897555e-12,4.431535791312444e-13,1.257353831016746e-09,2.0879910578550282e-10,7.508499275138682e-09,1.2469080429900657e-09,0.4564970008193656
trial_0015_bite_003_withdrawal,trial_0015_bite_003,trial_0015,withdrawal,retrieval,StrongLocal,True,101,1.0,True,1,0.9900990099009901,57,False,0,6.77106589450216,1.4518606547190267,33.24905562238031,2851.9252963778795,0,0,0,0,True,5.844360269578362e-10,1.3052242582538902e-10,3.489977408162736e-09,7.794358131237699e-10,7.909228827429615e-13,1.4514727465205462e-13,5.844360269578362e-10,1.3052242582538902e-10,3.489977408162738e-09,7.794358131237704e-10,0.49128580503651786
trial_0015_bite_003_withdrawal,trial_0015_bite_003,trial_0015,withdrawal,retrieval,RobotSmooth,True,101,1.0,True,0,1.0,101,True,1,7.694529284942393,1.6341290397489912,117.87089818543264,19911.88040714949,0,0,0,0,True,1.339521149179565e-09,3.621470482061777e-10,7.999198749375496e-09,2.1626415219285373e-09,1.8491874698156607e-12,3.1797163249411644e-13,1.339521149179565e-09,3.621470482061777e-10,7.9991987493755e-09,2.1626415219285386e-09,0.4915957224244947
trial_0015_bite_003_withdrawal,trial_0015_bite_003,trial_0015,withdrawal,contextual_promp,B0,True,101,1.0,True,0,1.0,101,True,0,4.558876049365712,0.9001211832580112,4.298184561595227,50.255439673906196,0,0,0,0,True,5.11810640369765e-10,9.196802520052035e-11,3.0565825388968677e-09,5.492234636263037e-10,2.97983859809392e-13,7.33195545218783e-14,5.11810640369765e-10,9.196802520052035e-11,3.05658253889687e-09,5.49223463626304e-10,0.5757709179110062
trial_0015_bite_003_withdrawal,trial_0015_bite_003,trial_0015,withdrawal,contextual_promp,StrongLocal,True,101,1.0,True,0,1.0,101,True,0,4.093655233036822,0.827039522614048,4.115373783711338,99.90735416102424,0,0,0,0,True,2.4734982412517464e-10,5.999493158598005e-11,1.4773994827563894e-09,3.582955101151132e-10,1.7363888105137448e-13,4.791683026263133e-14,2.4734982412517464e-10,5.999493158598005e-11,1.4773994827563904e-09,3.582955101151135e-10,0.6258484072772585
trial_0015_bite_003_withdrawal,trial_0015_bite_003,trial_0015,withdrawal,contextual_promp,RobotSmooth,True,101,1.0,True,0,1.0,101,True,0,4.558876049458933,0.9001211832668427,4.298184566898794,50.2554398036946,0,0,0,0,True,4.1578641256885887e-10,9.756939892207646e-11,2.482965059357157e-09,5.826630459105808e-10,2.97983859809392e-13,6.855107781996995e-14,4.1578641256885887e-10,9.756939892207646e-11,2.4829650593571587e-09,5.826630459105812e-10,0.5757709179110062
trial_0015_bite_004_transfer,trial_0015_bite_004,trial_0015,transfer,retrieval,B0,True,101,1.0,True,0,1.0,101,True,0,3.6893115469164197,0.4619646976639004,14.590677350528837,1501.6257557312329,0,0,0,0,True,6.794211774912713e-11,2.445298584987911e-11,4.0560677830699066e-10,1.4601263211521593e-10,8.704148513061227e-14,2.890628957668754e-14,6.794211774912713e-11,2.445298584987911e-11,4.0560677830699107e-10,1.460126321152161e-10,0.5081072752137163
trial_0015_bite_004_transfer,trial_0015_bite_004,trial_0015,transfer,retrieval,StrongLocal,True,101,1.0,True,0,1.0,101,True,0,3.5620784023438326,0.4476022201850627,15.299300596788461,1582.1778897220872,0,0,0,0,True,7.271777149285495e-11,1.638593972499776e-11,4.3412050152072565e-10,9.784911434871573e-11,7.860379014346108e-14,3.072717216275173e-14,7.271777149285495e-11,1.638593972499776e-11,4.341205015207261e-10,9.78491143487158e-11,0.4614140688080475
trial_0015_bite_004_transfer,trial_0015_bite_004,trial_0015,transfer,retrieval,RobotSmooth,True,101,1.0,True,0,1.0,101,True,0,3.68931154474447,0.4619646976088432,14.590677320018196,1501.6257488572826,0,0,0,0,True,6.794211774912713e-11,2.4344957839421747e-11,4.0560677830699066e-10,1.4536150609193606e-10,7.283063041541027e-14,2.892816756625405e-14,6.794211774912713e-11,2.4344957839421747e-11,4.0560677830699107e-10,1.453615060919362e-10,0.5081072752137163
trial_0015_bite_004_transfer,trial_0015_bite_004,trial_0015,transfer,contextual_promp,B0,True,101,1.0,True,0,1.0,101,True,0,3.0361742662905886,0.33669785165934496,1.1391033191642708,17.013874728158605,0,0,0,0,True,5.360324873954562e-11,2.1541154226453573e-11,3.1984798838582055e-10,1.2864446216454738e-10,6.616929226765933e-14,2.615221787104511e-14,5.360324873954562e-11,2.1541154226453573e-11,3.198479883858208e-10,1.286444621645475e-10,0.541517542869697
trial_0015_bite_004_transfer,trial_0015_bite_004,trial_0015,transfer,contextual_promp,StrongLocal,True,101,1.0,True,0,1.0,101,True,0,2.784963121967147,0.30509804152303505,3.65071596889094,242.57075809861047,0,0,0,0,True,6.105874594886118e-11,1.8088369115586517e-11,3.646088365161344e-10,1.0800672674032208e-10,7.061018436615996e-14,2.6128613433182808e-14,6.105874594886118e-11,1.8088369115586517e-11,3.646088365161347e-10,1.0800672674032217e-10,0.5239425914116185
trial_0015_bite_004_transfer,trial_0015_bite_004,trial_0015,transfer,contextual_promp,RobotSmooth,True,101,1.0,True,0,1.0,101,True,0,3.036174266718226,0.33669785167698335,1.1391033189927693,17.013874564280606,0,0,0,0,True,5.365856580504435e-11,2.155041675956785e-11,3.2047074785828403e-10,1.28692600466028e-10,6.616929226765933e-14,2.5374028545001445e-14,5.365856580504435e-11,2.155041675956785e-11,3.2047074785828424e-10,1.286926004660281e-10,0.5415175428697092
trial_0015_bite_004_withdrawal,trial_0015_bite_004,trial_0015,withdrawal,retrieval,B0,True,101,1.0,True,1,0.9900990099009901,98,False,0,6.218190084862103,1.3710762015786218,32.69749676003806,3918.8641571137305,0,0,0,0,True,1.6304801439204378e-09,2.5180574366689086e-10,9.736925090720192e-09,1.5037119883115622e-09,3.581579477440755e-12,4.5384827252756896e-13,1.6304801439204378e-09,2.5180574366689086e-10,9.736925090720199e-09,1.503711988311563e-09,0.4291654799144613
trial_0015_bite_004_withdrawal,trial_0015_bite_004,trial_0015,withdrawal,retrieval,StrongLocal,True,101,1.0,True,0,1.0,101,True,0,6.236845901960825,1.3350037550978946,35.08908226646328,4365.319587009258,0,0,0,0,True,6.655004891273527e-10,1.0773314006022347e-10,3.974014976754686e-09,6.433617470199224e-10,3.304023721284466e-13,7.552445125996385e-14,6.655004891273527e-10,1.0773314006022347e-10,3.974014976754689e-09,6.433617470199229e-10,0.43284586341810893
trial_0015_bite_004_withdrawal,trial_0015_bite_004,trial_0015,withdrawal,retrieval,RobotSmooth,True,101,1.0,True,0,1.0,101,True,0,6.533923794980663,1.4201029809691958,52.27476960563835,6250.603971046998,0,0,0,0,True,1.6688460635884895e-09,3.467940831636179e-10,9.965952837851561e-09,2.070956803109591e-09,3.4696689965585392e-12,4.1896554373135207e-13,1.6688460635884895e-09,3.467940831636179e-10,9.965952837851568e-09,2.0709568031095922e-09,0.4267495855114056
trial_0015_bite_004_withdrawal,trial_0015_bite_004,trial_0015,withdrawal,contextual_promp,B0,True,101,1.0,True,0,1.0,101,True,0,4.252565974743085,0.8564829706818272,3.6813840933681665,34.30306699291411,0,0,0,0,True,3.167898977886774e-10,7.640146058667857e-11,1.8915538296785936e-09,4.562367885650647e-10,1.6342482922482304e-13,4.8485750294191714e-14,3.167898977886774e-10,7.640146058667857e-11,1.891553829678595e-09,4.562367885650649e-10,0.6471614328101971
trial_0015_bite_004_withdrawal,trial_0015_bite_004,trial_0015,withdrawal,contextual_promp,StrongLocal,True,101,1.0,True,0,1.0,101,True,0,3.958545495927471,0.809737043561141,3.695216549815168,126.18077228207007,0,0,0,0,True,3.1135962780728663e-10,5.348974580273523e-11,1.859355698284796e-09,3.1941479569735756e-10,1.3455903058456897e-13,3.788495655293185e-14,3.1135962780728663e-10,5.348974580273523e-11,1.8593556982847973e-09,3.1941479569735776e-10,0.7091958130635012
trial_0015_bite_004_withdrawal,trial_0015_bite_004,trial_0015,withdrawal,contextual_promp,RobotSmooth,True,101,1.0,True,0,1.0,101,True,0,4.252565974742891,0.8564829707017134,3.681384092998031,34.30306781897132,0,0,0,0,True,3.50614031707647e-10,7.573020204587376e-11,2.093869891009469e-09,4.522410325389831e-10,1.6342482922482304e-13,4.7293699727786066e-14,3.50614031707647e-10,7.573020204587376e-11,2.09386989100947e-09,4.5224103253898335e-10,0.6471614328101971
trial_0015_bite_005_transfer,trial_0015_bite_005,trial_0015,transfer,retrieval,B0,True,101,1.0,True,0,1.0,101,True,0,3.709789404532937,0.4595048866331412,13.801372046305497,1415.1403573421553,0,0,0,0,True,6.624504708496548e-11,2.668965609061708e-11,3.9556656540756927e-10,1.5937548881886417e-10,5.728750807065808e-14,2.297106528989755e-14,6.624504708496548e-11,2.668965609061708e-11,3.9556656540756953e-10,1.593754888188643e-10,0.5621253629837184
trial_0015_bite_005_transfer,trial_0015_bite_005,trial_0015,transfer,retrieval,StrongLocal,True,101,1.0,True,0,1.0,101,True,0,3.434475456866962,0.42498409150651484,14.263954170086201,1462.356617705403,0,0,0,0,True,5.994788403984311e-11,2.214139201459449e-11,3.579810627816388e-10,1.321993394352542e-10,7.682743330406083e-14,2.8227962310151394e-14,5.994788403984311e-11,2.214139201459449e-11,3.57981062781639e-10,1.321993394352543e-10,0.5123337651793087
trial_0015_bite_005_transfer,trial_0015_bite_005,trial_0015,transfer,retrieval,RobotSmooth,True,101,1.0,True,0,1.0,101,True,0,3.709789401607643,0.45950488669681355,13.801372090349771,1415.1403644426296,0,0,0,0,True,7.74543950960861e-11,2.66678188498074e-11,4.6275008463737875e-10,1.5926194483339474e-10,6.084022174945858e-14,2.4211886048000346e-14,7.74543950960861e-11,2.66678188498074e-11,4.6275008463737906e-10,1.5926194483339487e-10,0.5621253629837135
trial_0015_bite_005_transfer,trial_0015_bite_005,trial_0015,transfer,contextual_promp,B0,True,101,1.0,True,0,1.0,101,True,0,3.2679812709810134,0.37237463172916796,1.3259214025647257,18.46062271732965,0,0,0,0,True,9.014696163782282e-11,2.627352957072493e-11,5.386619473045241e-10,1.5692090736642108e-10,5.995204332975845e-14,2.3936970867820047e-14,9.014696163782282e-11,2.627352957072493e-11,5.386619473045244e-10,1.5692090736642118e-10,0.5872033039492446
trial_0015_bite_005_transfer,trial_0015_bite_005,trial_0015,transfer,contextual_promp,StrongLocal,True,101,1.0,True,0,1.0,101,True,0,2.89040813747077,0.32117419593157354,3.996024165083803,265.2433865491954,0,0,0,0,True,5.9143734112374e-11,2.3087226761062356e-11,3.5307348026390246e-10,1.378455360157181e-10,7.593925488436071e-14,2.7970500487137025e-14,5.9143734112374e-11,2.3087226761062356e-11,3.5307348026390266e-10,1.378455360157182e-10,0.5573168270304625
trial_0015_bite_005_transfer,trial_0015_bite_005,trial_0015,transfer,contextual_promp,RobotSmooth,True,101,1.0,True,0,1.0,101,True,0,3.2679812709806138,0.3723746317284286,1.3259214023887507,18.460622634802096,0,0,0,0,True,7.08744370850508e-11,2.5056132271989902e-11,4.231370398432785e-10,1.4963008955355045e-10,5.417888360170764e-14,2.1918578917977512e-14,7.08744370850508e-11,2.5056132271989902e-11,4.2313703984327874e-10,1.4963008955355053e-10,0.5872033039492446
trial_0015_bite_005_withdrawal,trial_0015_bite_005,trial_0015,withdrawal,retrieval,B0,True,101,1.0,True,1,0.9900990099009901,57,False,0,6.767391305299152,1.4901372990575927,30.290858546402827,2420.6925102294163,0,0,0,0,True,1.2666704851487801e-09,2.0920201087728234e-10,7.564261816453775e-09,1.249297728596693e-09,9.836575998178887e-13,1.541895919389258e-13,1.2666704851487801e-09,2.0920201087728234e-10,7.56426181645378e-09,1.2492977285966941e-09,0.48585843375240056
trial_0015_bite_005_withdrawal,trial_0015_bite_005,trial_0015,withdrawal,retrieval,StrongLocal,True,101,1.0,True,1,0.9900990099009901,61,False,0,6.618861931002307,1.435829003445057,33.0722913143335,2866.4634438761027,0,0,0,0,True,1.4646216018263235e-09,2.793706906198693e-10,8.746440905682996e-09,1.668339148415002e-09,7.469580509678053e-13,2.1535679295484383e-13,1.4646216018263235e-09,2.793706906198693e-10,8.746440905683001e-09,1.668339148415003e-09,0.5644253599168421
trial_0015_bite_005_withdrawal,trial_0015_bite_005,trial_0015,withdrawal,retrieval,RobotSmooth,True,101,1.0,True,0,1.0,101,True,0,7.870445411806649,1.6943752977876512,116.72351485701935,19948.217636004356,0,0,0,0,True,1.6095444163225722e-09,4.4531155508939024e-10,9.611880927489679e-09,2.659288476456585e-09,1.0391687510491465e-12,2.5262415638639954e-13,1.6095444163225722e-09,4.4531155508939024e-10,9.611880927489685e-09,2.6592884764565866e-09,0.552483419073778
trial_0015_bite_005_withdrawal,trial_0015_bite_005,trial_0015,withdrawal,contextual_promp,B0,True,101,1.0,True,0,1.0,101,True,0,4.006196075098774,0.8086166609625844,3.870542993157434,45.35393738831597,0,0,0,0,True,2.4664886456849486e-10,5.301967357549574e-11,1.4729978012641157e-09,3.166335666098605e-10,9.992007221626409e-14,3.4898391775024273e-14,2.4664886456849486e-10,5.301967357549574e-11,1.4729978012641167e-09,3.166335666098607e-10,0.6515175980972066
trial_0015_bite_005_withdrawal,trial_0015_bite_005,trial_0015,withdrawal,contextual_promp,StrongLocal,True,101,1.0,True,0,1.0,101,True,0,3.6054298224993513,0.7556438318568405,3.797617843886851,107.58165473071989,0,0,0,0,True,2.2266540722089846e-10,4.7139989557062934e-11,1.3296874039706737e-09,2.8152381251210103e-10,1.1235457009206584e-13,3.701326694552212e-14,2.2266540722089846e-10,4.7139989557062934e-11,1.3296874039706743e-09,2.8152381251210124e-10,0.7467442517357892
trial_0015_bite_005_withdrawal,trial_0015_bite_005,trial_0015,withdrawal,contextual_promp,RobotSmooth,True,101,1.0,True,0,1.0,101,True,0,4.006196075448468,0.8086166610139014,3.870542995519063,45.35393745204694,0,0,0,0,True,2.732841708241533e-10,5.680907133046357e-11,1.6321485375690242e-09,3.392703946895438e-10,1.1679546219056647e-13,3.915557405786625e-14,2.732841708241533e-10,5.680907133046357e-11,1.6321485375690253e-09,3.392703946895441e-10,0.6515175980972066
trial_0015_bite_006_transfer,trial_0015_bite_006,trial_0015,transfer,retrieval,B0,True,101,1.0,True,0,1.0,101,True,0,3.9115268495114934,0.48325022787416166,14.528498616405043,1524.9995691833187,0,0,0,0,True,9.852454924531193e-11,2.862538642713473e-11,5.882784429195057e-10,1.7092822906952032e-10,4.8405723873656825e-14,1.9952233618474215e-14,9.852454924531193e-11,2.862538642713473e-11,5.88278442919506e-10,1.7092822906952048e-10,0.71912840289255
trial_0015_bite_006_transfer,trial_0015_bite_006,trial_0015,transfer,retrieval,StrongLocal,True,101,1.0,True,0,1.0,101,True,0,3.753069178885072,0.4640139961353137,15.136078889886049,1581.3606251046547,0,0,0,0,True,6.436593680821461e-11,2.5249192305555974e-11,3.8436323518495696e-10,1.5075597465915096e-10,5.551115123125783e-14,2.3713064454986658e-14,6.436593680821461e-11,2.5249192305555974e-11,3.843632351849572e-10,1.507559746591511e-10,0.6628148272922187
trial_0015_bite_006_transfer,trial_0015_bite_006,trial_0015,transfer,retrieval,RobotSmooth,True,101,1.0,True,0,1.0,101,True,0,3.9115268502658065,0.48325022796279865,14.528498634974866,1524.9995688147608,0,0,0,0,True,9.293601441636929e-11,2.8322882104293567e-11,5.547581408542886e-10,1.6912445827241638e-10,4.8405723873656825e-14,2.0786792689849896e-14,9.293601441636929e-11,2.8322882104293567e-11,5.547581408542891e-10,1.691244582724165e-10,0.7191284028922738
trial_0015_bite_006_transfer,trial_0015_bite_006,trial_0015,transfer,contextual_promp,B0,True,101,1.0,True,0,1.0,101,True,0,4.197782535676242,0.4796705697742216,1.1997987864443993,13.477178234713316,0,0,0,0,True,6.478396935578453e-11,2.4923044883170748e-11,3.870868042629809e-10,1.4881871426628948e-10,5.551115123125783e-14,2.185805088056817e-14,6.478396935578453e-11,2.4923044883170748e-11,3.870868042629813e-10,1.488187142662896e-10,0.7458757712613096
trial_0015_bite_006_transfer,trial_0015_bite_006,trial_0015,transfer,contextual_promp,StrongLocal,True,101,1.0,True,0,1.0,101,True,0,3.9558009825653344,0.4486341424691992,4.089605374186522,273.16502435340806,0,0,0,0,True,6.476172333098575e-11,2.428622549737047e-11,3.8677055904259827e-10,1.4503165321714764e-10,5.240252676230739e-14,1.9496507347633993e-14,6.476172333098575e-11,2.428622549737047e-11,3.8677055904259863e-10,1.450316532171478e-10,0.7156852175061048
trial_0015_bite_006_transfer,trial_0015_bite_006,trial_0015,transfer,contextual_promp,RobotSmooth,True,101,1.0,True,0,1.0,101,True,0,4.197782535680098,0.4796705697684659,1.199798786054869,13.477178218270442,0,0,0,0,True,6.478396935578453e-11,2.668427541511415e-11,3.870868042629809e-10,1.5934988252860273e-10,5.551115123125783e-14,2.030254888825538e-14,6.478396935578453e-11,2.668427541511415e-11,3.870868042629813e-10,1.5934988252860286e-10,0.7458757712613096
trial_0015_bite_006_withdrawal,trial_0015_bite_006,trial_0015,withdrawal,retrieval,B0,True,101,1.0,True,1,0.9900990099009901,57,False,0,6.82226530882455,1.513830640046468,30.43672910973264,2431.3643687740428,0,0,0,0,True,5.856199205253508e-10,1.675808324069201e-10,3.497238396343724e-09,1.000748193456738e-09,1.1226575225009583e-12,1.674532123369739e-13,5.856199205253508e-10,1.675808324069201e-10,3.497238396343727e-09,1.0007481934567387e-09,0.5037851083872473
trial_0015_bite_006_withdrawal,trial_0015_bite_006,trial_0015,withdrawal,retrieval,StrongLocal,True,101,1.0,True,0,1.0,101,True,1,6.725368478094355,1.4513173034375537,33.633787079934336,2875.17096306254,0,0,0,0,True,1.64250814157326e-09,4.629189174449418e-10,9.808578903203705e-09,2.7644482562975714e-09,5.901057420487632e-12,8.340954949414362e-13,1.64250814157326e-09,4.629189174449418e-10,9.808578903203715e-09,2.764448256297574e-09,0.5551472430296567
trial_0015_bite_006_withdrawal,trial_0015_bite_006,trial_0015,withdrawal,retrieval,RobotSmooth,True,101,1.0,True,0,1.0,101,True,0,7.427196085512739,1.6374694575419506,100.04738765691913,16668.06041237485,0,0,0,0,True,1.5208176551811212e-09,4.967923311263457e-10,9.08212100911913e-09,2.966725725280303e-09,1.8332002582610585e-12,5.220465420845409e-13,1.5208176551811212e-09,4.967923311263457e-10,9.08212100911914e-09,2.9667257252803055e-09,0.5439133752260252
trial_0015_bite_006_withdrawal,trial_0015_bite_006,trial_0015,withdrawal,contextual_promp,B0,True,101,1.0,True,0,1.0,101,True,0,4.741727922445504,0.9782617078119394,4.66982898377717,45.76560345305126,0,0,0,0,True,4.127365603479987e-10,1.0834513305320434e-10,2.46479477345238e-09,6.470080442976467e-10,5.568878691519785e-13,1.0950509245331211e-13,4.127365603479987e-10,1.0834513305320434e-10,2.464794773452382e-09,6.470080442976472e-10,0.5217305133467001
trial_0015_bite_006_withdrawal,trial_0015_bite_006,trial_0015,withdrawal,contextual_promp,StrongLocal,True,101,1.0,True,0,1.0,101,True,0,4.490630942041028,0.9118829962800237,4.542524069999996,120.57126676915846,0,0,0,0,True,6.76853660369965e-10,9.307232156947352e-11,4.042062641889169e-09,5.558121061726603e-10,1.545430450278218e-13,4.9138835210466645e-14,6.76853660369965e-10,9.307232156947352e-11,4.042062641889171e-09,5.558121061726606e-10,0.554452930645061
trial_0015_bite_006_withdrawal,trial_0015_bite_006,trial_0015,withdrawal,contextual_promp,RobotSmooth,True,101,1.0,True,0,1.0,101,True,0,4.74172792378743,0.9782617079279622,4.669828971370252,45.76560317975528,0,0,0,0,True,8.555310424896031e-10,1.2256036306857715e-10,5.108964527120824e-09,7.319016618364556e-10,4.716227408607665e-13,1.038764211774136e-13,8.555310424896031e-10,1.2256036306857715e-10,5.108964527120828e-09,7.319016618364561e-10,0.5217305133487873
trial_0015_bite_007_transfer,trial_0015_bite_007,trial_0015,transfer,retrieval,B0,True,101,1.0,True,0,1.0,101,True,0,3.4592753758134807,0.42235931580923863,14.289624989629884,1484.1401943599685,0,0,0,0,True,5.300895738928666e-11,2.1884807772271057e-11,3.1668680339721923e-10,1.3068939664496787e-10,6.261657858885883e-14,2.489230422317445e-14,5.300895738928666e-11,2.1884807772271057e-11,3.166868033972195e-10,1.30689396644968e-10,0.6027590323904903
trial_0015_bite_007_transfer,trial_0015_bite_007,trial_0015,transfer,retrieval,StrongLocal,True,101,1.0,True,0,1.0,101,True,0,3.305830182676355,0.40511629942157606,14.920679458223715,1548.5124798425554,0,0,0,0,True,5.716245475888126e-11,2.0040099049768558e-11,3.4124986994981467e-10,1.1967324409867378e-10,6.039613253960852e-14,2.6065388966896184e-14,5.716245475888126e-11,2.0040099049768558e-11,3.41249869949815e-10,1.1967324409867388e-10,0.5512559344185506
trial_0015_bite_007_transfer,trial_0015_bite_007,trial_0015,transfer,retrieval,RobotSmooth,True,101,1.0,True,0,1.0,101,True,0,3.4592753756431414,0.422359315821417,14.289624998454318,1484.140197254978,0,0,0,0,True,5.795612110103698e-11,2.1399817160741184e-11,3.4618028531957695e-10,1.2777722905704371e-10,6.306066779870889e-14,2.7357445626418266e-14,5.795612110103698e-11,2.1399817160741184e-11,3.4618028531957716e-10,1.2777722905704384e-10,0.6027590323904903
trial_0015_bite_007_transfer,trial_0015_bite_007,trial_0015,transfer,contextual_promp,B0,True,101,1.0,True,0,1.0,101,True,0,3.160020261970263,0.3518889959711869,0.9471928941752561,11.71848878304847,0,0,0,0,True,7.720516718028266e-11,2.3469183770625386e-11,4.6112224223916355e-10,1.4015630268580343e-10,6.350475700855895e-14,2.3389718746123857e-14,7.720516718028266e-11,2.3469183770625386e-11,4.6112224223916397e-10,1.4015630268580354e-10,0.6445022468692481
trial_0015_bite_007_transfer,trial_0015_bite_007,trial_0015,transfer,contextual_promp,StrongLocal,True,101,1.0,True,0,1.0,101,True,0,2.9415082767754486,0.3252358529387801,3.8125307742526213,257.55203337205165,0,0,0,0,True,7.642648864712326e-11,2.5216295468115404e-11,4.5651335589587156e-10,1.5059194937622832e-10,6.039613253960852e-14,2.5624926981366274e-14,7.642648864712326e-11,2.5216295468115404e-11,4.56513355895872e-10,1.5059194937622845e-10,0.6187432499524972
trial_0015_bite_007_transfer,trial_0015_bite_007,trial_0015,transfer,contextual_promp,RobotSmooth,True,101,1.0,True,0,1.0,101,True,0,3.1600202617770314,0.35188899596269185,0.9471928935794413,11.71848877811063,0,0,0,0,True,7.720516718028266e-11,2.246627140987454e-11,4.6112224223916355e-10,1.3415185944189657e-10,5.906386491005833e-14,2.3793132229705258e-14,7.720516718028266e-11,2.246627140987454e-11,4.6112224223916397e-10,1.3415185944189668e-10,0.6445022468690955
trial_0015_bite_007_withdrawal,trial_0015_bite_007,trial_0015,withdrawal,retrieval,B0,True,101,1.0,True,0,1.0,101,True,0,4.636241134111106,0.9636567608799599,17.104092239925695,2124.8210719181716,0,0,0,0,True,3.084445800079864e-10,5.481688873649926e-11,1.8419748910801352e-09,3.2736720141589913e-10,1.2567724638756772e-13,4.3565541201615845e-14,3.084445800079864e-10,5.481688873649926e-11,1.8419748910801364e-09,3.2736720141589934e-10,0.4502792878895008
trial_0015_bite_007_withdrawal,trial_0015_bite_007,trial_0015,withdrawal,retrieval,StrongLocal,True,101,1.0,True,0,1.0,101,True,0,4.649548522183924,0.9297155096716923,19.051913592002098,2484.4481060735734,0,0,0,0,True,1.3939009384121104e-10,4.4927171897227187e-11,8.324380894752553e-10,2.683022619219112e-10,7.505107646466058e-14,2.93884275826186e-14,1.3939009384121104e-10,4.4927171897227187e-11,8.324380894752557e-10,2.683022619219115e-10,0.5574887669107191
trial_0015_bite_007_withdrawal,trial_0015_bite_007,trial_0015,withdrawal,retrieval,RobotSmooth,True,101,1.0,True,0,1.0,101,True,0,4.6362411339200955,0.9636567606662693,17.104092169201877,2124.821066891268,0,0,0,0,True,2.3269707937912697e-10,5.0891836222665077e-11,1.3895693047734266e-09,3.03920922898891e-10,1.2567724638756772e-13,4.136657540670503e-14,2.3269707937912697e-10,5.0891836222665077e-11,1.3895693047734275e-09,3.039209228988912e-10,0.450279287888379
trial_0015_bite_007_withdrawal,trial_0015_bite_007,trial_0015,withdrawal,contextual_promp,B0,True,101,1.0,True,0,1.0,101,True,0,4.475949692966369,0.8860070412496026,4.020464886508392,43.236301380073776,0,0,0,0,True,3.8172065976424277e-10,6.871338276136388e-11,2.2796592761454666e-09,4.1033999432899267e-10,1.723066134218243e-13,4.326880547754705e-14,3.8172065976424277e-10,6.871338276136388e-11,2.2796592761454687e-09,4.10339994328993e-10,0.511804574313353
trial_0015_bite_007_withdrawal,trial_0015_bite_007,trial_0015,withdrawal,contextual_promp,StrongLocal,True,101,1.0,True,0,1.0,101,True,0,4.350229868706484,0.8450418795015968,4.058627307796074,123.76324250757295,0,0,0,0,True,2.036089406606637e-10,4.85251872153585e-11,1.2159692750800312e-09,2.897903273422118e-10,8.126832540256146e-14,3.063884167743609e-14,2.036089406606637e-10,4.85251872153585e-11,1.215969275080032e-09,2.89790327342212e-10,0.6105100654447337
trial_0015_bite_007_withdrawal,trial_0015_bite_007,trial_0015,withdrawal,contextual_promp,RobotSmooth,True,101,1.0,True,0,1.0,101,True,0,4.475949692504448,0.8860070412434299,4.020464894703541,43.236302510129015,0,0,0,0,True,1.853643190490497e-10,4.378578540620568e-11,1.1071438141330323e-09,2.6148394087689265e-10,1.234568003383174e-13,4.2542262890016865e-14,1.853643190490497e-10,4.378578540620568e-11,1.1071438141330331e-09,2.614839408768928e-10,0.511804574313353
trial_0015_bite_008_transfer,trial_0015_bite_008,trial_0015,transfer,retrieval,B0,True,101,1.0,True,0,1.0,101,True,0,3.4465706448728612,0.4486978369672594,8.959207050432331,885.3072050291213,0,0,0,0,True,7.614318868253235e-11,3.2624806202524415e-11,4.5483157612293176e-10,1.9483006236510595e-10,7.105427357601002e-14,2.334735488777504e-14,7.614318868253235e-11,3.2624806202524415e-11,4.548315761229321e-10,1.9483006236510608e-10,0.6731735848436144
trial_0015_bite_008_transfer,trial_0015_bite_008,trial_0015,transfer,retrieval,StrongLocal,True,101,1.0,True,0,1.0,101,True,0,3.4342874695178147,0.42943745840490893,9.811535023320358,984.6046859891876,0,0,0,0,True,1.1371933128284171e-10,2.903243145242094e-11,6.78884877042419e-10,1.733682489199312e-10,6.750155989720952e-14,2.6711809813646082e-14,1.1371933128284171e-10,2.903243145242094e-11,6.788848770424194e-10,1.733682489199313e-10,0.5823910451581806
trial_0015_bite_008_transfer,trial_0015_bite_008,trial_0015,transfer,retrieval,RobotSmooth,True,101,1.0,True,0,1.0,101,True,0,3.4465706478112432,0.44869783702576665,8.959207084972467,885.3072090251096,0,0,0,0,True,7.834388906953973e-11,3.046423270613269e-11,4.679528339640548e-10,1.8192511871205279e-10,7.105427357601002e-14,2.4404512294078912e-14,7.834388906953973e-11,3.046423270613269e-11,4.679528339640552e-10,1.8192511871205292e-10,0.6731735848436144
trial_0015_bite_008_transfer,trial_0015_bite_008,trial_0015,transfer,contextual_promp,B0,True,101,1.0,True,0,1.0,101,True,0,4.133970061263116,0.47327953264654754,1.353733028642187,17.679906749816006,0,0,0,0,True,1.8183338687243125e-10,5.6621535555133e-11,1.0857472156503195e-09,3.381398156958409e-10,5.81756864903582e-14,2.3078936741202458e-14,1.8183338687243125e-10,5.6621535555133e-11,1.0857472156503205e-09,3.3813981569584117e-10,0.6358712883639084
trial_0015_bite_008_transfer,trial_0015_bite_008,trial_0015,transfer,contextual_promp,StrongLocal,True,101,1.0,True,0,1.0,101,True,0,3.8422871580980678,0.45303208268435147,4.593747854043684,305.49717710885915,0,0,0,0,True,5.413761890949101e-10,8.168512883450895e-11,3.232843891049898e-09,4.877928079093461e-10,6.483702463810914e-14,2.5486707945935635e-14,5.413761890949101e-10,8.168512883450895e-11,3.2328438910499014e-09,4.877928079093466e-10,0.6369653710048098
trial_0015_bite_008_transfer,trial_0015_bite_008,trial_0015,transfer,contextual_promp,RobotSmooth,True,101,1.0,True,0,1.0,101,True,0,4.13397006126354,0.4732795326409074,1.3537330276801185,17.6799069030693,0,0,0,0,True,1.8789872568670526e-10,5.18295549511778e-11,1.1220716211737042e-09,3.0950738992734744e-10,8.393286066166183e-14,2.613944722983976e-14,1.8789872568670526e-10,5.18295549511778e-11,1.1220716211737054e-09,3.0950738992734765e-10,0.6358712883639084
trial_0015_bite_008_withdrawal,trial_0015_bite_008,trial_0015,withdrawal,retrieval,B0,True,101,1.0,True,0,1.0,101,True,1,7.2351361618156504,1.8406162328509046,39.35488981396186,3617.9018673905625,0,0,0,0,True,7.182881905730977e-10,1.0949616436222374e-10,4.289283510630082e-09,6.538779581786187e-10,2.0028423364237824e-12,2.0639040913017332e-13,7.182881905730977e-10,1.0949616436222374e-10,4.289283510630087e-09,6.538779581786194e-10,0.33862595978729715
trial_0015_bite_008_withdrawal,trial_0015_bite_008,trial_0015,withdrawal,retrieval,StrongLocal,True,101,1.0,True,0,1.0,101,True,1,7.243452633392927,1.7844698139064925,40.90660546687607,3866.8197029840817,0,0,0,0,True,8.97528203672821e-10,1.2641550695133478e-10,5.359860633831677e-09,7.549261047896782e-10,3.552713678800501e-13,7.301221947855767e-14,8.97528203672821e-10,1.2641550695133478e-10,5.359860633831683e-09,7.549261047896789e-10,0.48750248650555683
trial_0015_bite_008_withdrawal,trial_0015_bite_008,trial_0015,withdrawal,retrieval,RobotSmooth,True,101,1.0,True,0,1.0,101,True,1,7.134905617359131,1.8054477235125141,61.21695489960668,8205.381468011981,0,0,0,0,True,7.182881905730977e-10,1.17465480703433e-10,4.289283510630082e-09,7.014712241118868e-10,2.0028423364237824e-12,2.0492720338943972e-13,7.182881905730977e-10,1.17465480703433e-10,4.289283510630087e-09,7.014712241118874e-10,0.4802913659153045
trial_0015_bite_008_withdrawal,trial_0015_bite_008,trial_0015,withdrawal,contextual_promp,B0,True,101,1.0,True,1,0.9900990099009901,59,False,0,5.824607487714691,1.3479236345982681,7.589956782849862,98.4900873362034,0,0,0,0,True,4.683738884219205e-10,9.632192982818409e-11,2.7968213663464433e-09,5.75205113464753e-10,1.1222134332911082e-12,1.5784763807190528e-13,4.683738884219205e-10,9.632192982818409e-11,2.796821366346446e-09,5.752051134647535e-10,0.2956632802406318
trial_0015_bite_008_withdrawal,trial_0015_bite_008,trial_0015,withdrawal,contextual_promp,StrongLocal,True,101,1.0,True,0,1.0,101,True,1,5.994053776303019,1.3176448705276413,7.744715509228005,131.89768859440474,0,0,0,0,True,1.1935003479243594e-09,1.848418706991185e-10,7.12708393725224e-09,1.1038213785642981e-09,3.2511771053123084e-12,4.130947490004401e-13,1.1935003479243594e-09,1.848418706991185e-10,7.127083937252247e-09,1.103821378564299e-09,0.5102636352199355
trial_0015_bite_008_withdrawal,trial_0015_bite_008,trial_0015,withdrawal,contextual_promp,RobotSmooth,True,101,1.0,True,0,1.0,101,True,1,6.095761284432892,1.402176513867077,39.222723425292436,6496.29751465201,0,0,0,0,True,4.5974554496082405e-10,9.857168446898749e-11,2.7452962449920625e-09,5.886417457337215e-10,1.575184427338172e-12,2.0342463251738982e-13,4.5974554496082405e-10,9.857168446898749e-11,2.745296244992064e-09,5.886417457337219e-10,0.32344278498800705
trial_0015_bite_009_transfer,trial_0015_bite_009,trial_0015,transfer,retrieval,B0,True,101,1.0,True,0,1.0,101,True,0,6.130811800791511,0.8086021024277352,28.944207863484586,2951.3412752397853,0,0,0,0,True,1.5006723071555626e-10,4.66487199745146e-11,8.962776564038511e-10,2.785677150111724e-10,5.46229728115577e-14,2.3435089078432495e-14,1.5006723071555626e-10,4.66487199745146e-11,8.962776564038519e-10,2.7856771501117263e-10,0.5232815774231563
trial_0015_bite_009_transfer,trial_0015_bite_009,trial_0015,transfer,retrieval,StrongLocal,True,101,1.0,True,0,1.0,101,True,0,5.894546703255066,0.7760773724180793,33.71055634977084,3471.354539517083,0,0,0,0,True,1.0468031516227898e-10,3.32346942130569e-11,6.24887490661053e-10,1.9845376304680633e-10,8.08242361927114e-14,2.935818090611316e-14,1.0468031516227898e-10,3.32346942130569e-11,6.248874906610535e-10,1.9845376304680648e-10,0.4550031730638491
trial_0015_bite_009_transfer,trial_0015_bite_009,trial_0015,transfer,retrieval,RobotSmooth,True,101,1.0,True,0,1.0,101,True,0,6.130811804789019,0.8086021027533751,28.944207968628145,2951.3412894081835,0,0,0,0,True,1.1176490656095889e-10,4.350116973886164e-11,6.6755714905787e-10,2.597599453223678e-10,5.728750807065808e-14,2.3972551320781527e-14,1.1176490656095889e-10,4.350116973886164e-11,6.675571490578709e-10,2.59759945322368e-10,0.5232815774231465
trial_0015_bite_009_transfer,trial_0015_bite_009,trial_0015,transfer,contextual_promp,B0,True,101,1.0,True,0,1.0,101,True,0,4.731605495956559,0.5625857175359844,2.2525377720632553,30.16300240595262,0,0,0,0,True,1.2965433841300037e-10,4.116160406807273e-11,7.742759589501164e-10,2.4580601347010085e-10,5.773159728050814e-14,2.2954993964791052e-14,1.2965433841300037e-10,4.116160406807273e-11,7.74275958950117e-10,2.4580601347010106e-10,0.6053249394635758
trial_0015_bite_009_transfer,trial_0015_bite_009,trial_0015,transfer,contextual_promp,StrongLocal,True,101,1.0,True,0,1.0,101,True,0,3.961340353436136,0.45635759947107724,5.3791244322133425,347.58301674536267,0,0,0,0,True,7.307850671749576e-11,3.389399565522235e-11,4.362666527442072e-10,2.0237440855237266e-10,7.283063041541027e-14,2.7865693556232805e-14,7.307850671749576e-11,3.389399565522235e-11,4.362666527442075e-10,2.0237440855237281e-10,0.5924131810263136
trial_0015_bite_009_transfer,trial_0015_bite_009,trial_0015,transfer,contextual_promp,RobotSmooth,True,101,1.0,True,0,1.0,101,True,0,4.731605496783578,0.5625857176168141,2.2525377670551023,30.163002378623098,0,0,0,0,True,1.1416878470055088e-10,3.7531897060959736e-11,6.817189545368129e-10,2.2413186738799538e-10,5.1514348342607263e-14,2.2900616684223465e-14,1.1416878470055088e-10,3.7531897060959736e-11,6.817189545368134e-10,2.2413186738799553e-10,0.6053249394635758
trial_0015_bite_009_withdrawal,trial_0015_bite_009,trial_0015,withdrawal,retrieval,B0,True,101,1.0,True,1,0.9900990099009901,65,False,0,7.065483425490068,1.516146517213674,27.69981202772989,2463.6338110635693,0,0,0,0,True,1.4779762315329742e-09,1.9285395048726605e-10,8.826334414441271e-09,1.151695732132428e-09,1.957101147809226e-12,2.9853862691768317e-13,1.4779762315329742e-09,1.9285395048726605e-10,8.826334414441276e-09,1.1516957321324289e-09,0.4241282486198221
trial_0015_bite_009_withdrawal,trial_0015_bite_009,trial_0015,withdrawal,retrieval,StrongLocal,True,101,1.0,True,1,0.9900990099009901,69,False,0,6.91235808228232,1.4491381899302753,29.675305612894295,2857.7030903983027,0,0,0,0,True,1.5291076247529873e-09,2.1563437952612077e-10,9.131579761237966e-09,1.2877194902003909e-09,2.071232074740692e-12,3.0209347442646694e-13,1.5291076247529873e-09,2.1563437952612077e-10,9.131579761237971e-09,1.2877194902003917e-09,0.4216980894655671
trial_0015_bite_009_withdrawal,trial_0015_bite_009,trial_0015,withdrawal,retrieval,RobotSmooth,True,101,1.0,True,0,1.0,101,True,1,7.5830754088869075,1.6052967941735674,90.48548176169166,14335.51659793959,0,0,0,0,True,1.5592134757862791e-09,2.737496910738263e-10,9.311433946158037e-09,1.6347711808916143e-09,2.0228263508670352e-12,3.512862324855013e-13,1.5592134757862791e-09,2.737496910738263e-10,9.311433946158044e-09,1.6347711808916153e-09,0.4412023124803002
trial_0015_bite_009_withdrawal,trial_0015_bite_009,trial_0015,withdrawal,contextual_promp,B0,True,101,1.0,True,1,0.9900990099009901,77,False,0,4.959949577511496,1.0587871378265157,5.164476088720726,51.57158223362407,0,0,0,0,True,1.4633471683249925e-09,2.568290195050764e-10,8.738868110557699e-09,1.5337316668731144e-09,1.9464430067728244e-12,2.627422821027084e-13,1.4633471683249925e-09,2.568290195050764e-10,8.738868110557707e-09,1.5337316668731152e-09,0.3961104090085641
trial_0015_bite_009_withdrawal,trial_0015_bite_009,trial_0015,withdrawal,contextual_promp,StrongLocal,True,101,1.0,True,1,0.9900990099009901,84,False,0,4.632226590169845,0.981471223259735,4.9975955107437615,141.8457643642955,0,0,0,0,True,1.4833404334839177e-09,2.5964654293808404e-10,8.858155085035688e-09,1.55055044105538e-09,1.1173284519827575e-12,2.128060141018271e-13,1.4833404334839177e-09,2.5964654293808404e-10,8.858155085035694e-09,1.550550441055381e-09,0.5780230027308839
trial_0015_bite_009_withdrawal,trial_0015_bite_009,trial_0015,withdrawal,contextual_promp,RobotSmooth,True,101,1.0,True,0,1.0,101,True,1,5.24632953927955,1.1266358318184793,54.33436703323728,8346.282650533047,0,0,0,0,True,1.1621532690858108e-09,2.3423105358647895e-10,6.939935202761807e-09,1.3987374055256619e-09,3.283151528421513e-12,4.27089504161053e-13,1.1621532690858108e-09,2.3423105358647895e-10,6.939935202761813e-09,1.398737405525663e-09,0.4534805889860376
trial_0015_bite_010_transfer,trial_0015_bite_010,trial_0015,transfer,retrieval,B0,True,101,1.0,True,0,1.0,101,True,0,4.466788805818123,0.5660437764191949,15.223071449267584,1588.0660810345282,0,0,0,0,True,7.6826884355124e-11,3.077872318409998e-11,4.586228581086407e-10,1.8381297601385036e-10,4.3520742565306136e-14,1.804883656461594e-14,7.6826884355124e-11,3.077872318409998e-11,4.58622858108641e-10,1.8381297601385051e-10,0.7632090632409234
trial_0015_bite_010_transfer,trial_0015_bite_010,trial_0015,transfer,retrieval,StrongLocal,True,101,1.0,True,0,1.0,101,True,0,4.184245655178898,0.5270494664874514,15.381881529816177,1592.3004653571263,0,0,0,0,True,8.342583629980721e-11,3.015006474691411e-11,4.981260194270274e-10,1.800473991947464e-10,4.75175454539567e-14,2.028855039654436e-14,8.342583629980721e-11,3.015006474691411e-11,4.981260194270276e-10,1.800473991947466e-10,0.7133590149196829
trial_0015_bite_010_transfer,trial_0015_bite_010,trial_0015,transfer,retrieval,RobotSmooth,True,101,1.0,True,0,1.0,101,True,0,4.466788806621964,0.5660437763941855,15.223071452644414,1588.0660850069728,0,0,0,0,True,8.575176211030009e-11,3.369461580679465e-11,5.12306598921503e-10,2.0120933735459438e-10,4.3076653355456074e-14,1.8866431603907857e-14,8.575176211030009e-11,3.369461580679465e-11,5.123065989215034e-10,2.0120933735459456e-10,0.7632090632409163
trial_0015_bite_010_transfer,trial_0015_bite_010,trial_0015,transfer,contextual_promp,B0,True,101,1.0,True,0,1.0,101,True,0,4.58036089323261,0.5309101526004549,1.6802904620762205,18.952578099636412,0,0,0,0,True,9.094802968832533e-11,2.8987429853580725e-11,5.432009697447966e-10,1.731166571787553e-10,4.218847493575595e-14,1.6837916669256617e-14,9.094802968832533e-11,2.8987429853580725e-11,5.432009697447969e-10,1.7311665717875543e-10,0.774230468037203
trial_0015_bite_010_transfer,trial_0015_bite_010,trial_0015,transfer,contextual_promp,StrongLocal,True,101,1.0,True,0,1.0,101,True,0,4.155037909791156,0.4753027604914319,4.401116176166275,287.5293903057628,0,0,0,0,True,6.549254125699665e-11,2.6340282343114002e-11,3.9118317673004434e-10,1.572809064176532e-10,5.1958437552457326e-14,1.7236131696405426e-14,6.549254125699665e-11,2.6340282343114002e-11,3.9118317673004455e-10,1.5728090641765328e-10,0.7308208836283505
trial_0015_bite_010_transfer,trial_0015_bite_010,trial_0015,transfer,contextual_promp,RobotSmooth,True,101,1.0,True,0,1.0,101,True,0,4.58036089245825,0.5309101526184286,1.6802904662209872,18.95257863257793,0,0,0,0,True,9.094802968832533e-11,3.0046513053479584e-11,5.432009697447966e-10,1.7943207649401633e-10,3.9968028886505635e-14,1.7647882386679256e-14,9.094802968832533e-11,3.0046513053479584e-11,5.432009697447969e-10,1.7943207649401646e-10,0.774230468037203
trial_0015_bite_010_withdrawal,trial_0015_bite_010,trial_0015,withdrawal,retrieval,B0,True,101,1.0,True,0,1.0,101,True,0,4.828451244665107,0.9824212366682533,17.497491469599847,2187.0231786398867,0,0,0,0,True,3.1533142875400083e-10,5.3372284311484274e-11,1.882982071100398e-09,3.187117497452213e-10,1.1857181902996672e-13,3.985518622865294e-14,3.1533142875400083e-10,5.3372284311484274e-11,1.8829820711003996e-09,3.1871174974522157e-10,0.49532198716958575
trial_0015_bite_010_withdrawal,trial_0015_bite_010,trial_0015,withdrawal,retrieval,StrongLocal,True,101,1.0,True,0,1.0,101,True,0,4.804125869605484,0.9521338791816243,19.335547636107464,2526.3089857205846,0,0,0,0,True,2.608289799707646e-10,6.307138858495704e-11,1.5574654349243587e-09,3.7663821105066635e-10,1.0524914273446484e-13,3.4627033890327373e-14,2.608289799707646e-10,6.307138858495704e-11,1.5574654349243597e-09,3.7663821105066666e-10,0.586871373568826
trial_0015_bite_010_withdrawal,trial_0015_bite_010,trial_0015,withdrawal,retrieval,RobotSmooth,True,101,1.0,True,0,1.0,101,True,0,4.82845124279024,0.9824212368826171,17.497491716762646,2187.023227847809,0,0,0,0,True,2.4717003781407427e-10,5.936426983335275e-11,1.4759407581631843e-09,3.5449678982456216e-10,1.1857181902996672e-13,4.401461317724561e-14,2.4717003781407427e-10,5.936426983335275e-11,1.4759407581631855e-09,3.544967898245625e-10,0.4953219871704526
trial_0015_bite_010_withdrawal,trial_0015_bite_010,trial_0015,withdrawal,contextual_promp,B0,True,101,1.0,True,0,1.0,101,True,0,4.897778196044754,0.9649253207587025,4.3778233446951305,42.96574869714998,0,0,0,0,True,4.503292774661133e-10,6.753267395492486e-11,2.6889537278466427e-09,4.032701577017298e-10,2.3359092438113294e-13,5.125732104387234e-14,4.503292774661133e-10,6.753267395492486e-11,2.688953727846645e-09,4.0327015770173014e-10,0.5487049048886083
trial_0015_bite_010_withdrawal,trial_0015_bite_010,trial_0015,withdrawal,contextual_promp,StrongLocal,True,101,1.0,True,0,1.0,101,True,0,4.691250660855484,0.9230277985630406,4.486192079198235,167.9040713253925,0,0,0,0,True,4.450381238778855e-10,6.575736749257186e-11,2.657754516165181e-09,3.926805655086497e-10,1.1679546219056647e-13,3.885254804267618e-14,4.450381238778855e-10,6.575736749257186e-11,2.6577545161651838e-09,3.9268056550865e-10,0.6243311844194288
trial_0015_bite_010_withdrawal,trial_0015_bite_010,trial_0015,withdrawal,contextual_promp,RobotSmooth,True,101,1.0,True,0,1.0,101,True,0,4.897778197906467,0.9649253209716658,4.377823326250774,42.96574890212872,0,0,0,0,True,4.6279189977524375e-10,8.02733867848696e-11,2.7636398776565316e-09,4.793790153430232e-10,1.7408297026122455e-13,4.629947776992699e-14,4.6279189977524375e-10,8.02733867848696e-11,2.763639877656534e-09,4.793790153430236e-10,0.5487049048915935
trial_0015_bite_011_transfer,trial_0015_bite_011,trial_0015,transfer,retrieval,B0,True,101,1.0,True,0,1.0,101,True,0,4.498504618983262,0.5695197907230559,14.323361599726686,1490.7020944690587,0,0,0,0,True,7.379759935404232e-11,2.969561684805375e-11,4.406143653435593e-10,1.773188345067697e-10,5.81756864903582e-14,2.055977813922779e-14,7.379759935404232e-11,2.969561684805375e-11,4.406143653435596e-10,1.7731883450676985e-10,0.6729301307093356
trial_0015_bite_011_transfer,trial_0015_bite_011,trial_0015,transfer,retrieval,StrongLocal,True,101,1.0,True,0,1.0,101,True,0,4.26799628057751,0.5363574521394027,14.752584273851523,1528.92514668531,0,0,0,0,True,7.410543256414911e-11,2.5608043835717372e-11,4.4263029517053365e-10,1.5292343381637302e-10,5.906386491005833e-14,2.6276239155645458e-14,7.410543256414911e-11,2.5608043835717372e-11,4.4263029517053406e-10,1.5292343381637315e-10,0.6321053773230914
trial_0015_bite_011_transfer,trial_0015_bite_011,trial_0015,transfer,retrieval,RobotSmooth,True,101,1.0,True,0,1.0,101,True,0,4.498504618809724,0.5695197907311637,14.323361607008957,1490.7020957022917,0,0,0,0,True,9.123866523510763e-11,3.332395104154842e-11,5.446751637307387e-10,1.989821066000245e-10,5.81756864903582e-14,2.1229035290741722e-14,9.123866523510763e-11,3.332395104154842e-11,5.446751637307393e-10,1.9898210660002468e-10,0.6729301307093356
trial_0015_bite_011_transfer,trial_0015_bite_011,trial_0015,transfer,contextual_promp,B0,True,101,1.0,True,0,1.0,101,True,0,4.83617751521693,0.5547765715583273,2.1013752929759386,30.47191490568404,0,0,0,0,True,7.729682477441442e-11,2.8836761559308584e-11,4.615161483642577e-10,1.7219402523626167e-10,4.707345624410664e-14,1.816035605131319e-14,7.729682477441442e-11,2.8836761559308584e-11,4.615161483642581e-10,1.721940252362618e-10,0.6946461002461113
trial_0015_bite_011_transfer,trial_0015_bite_011,trial_0015,transfer,contextual_promp,StrongLocal,True,101,1.0,True,0,1.0,101,True,0,4.3785865599897305,0.5030052393410793,4.666893737818615,296.77619337121865,0,0,0,0,True,8.149568579596633e-11,3.0693353610879483e-11,4.86652339167915e-10,1.8330346372375343e-10,6.661338147750939e-14,2.1380946999035762e-14,8.149568579596633e-11,3.0693353610879483e-11,4.866523391679154e-10,1.8330346372375359e-10,0.6826655862639501
trial_0015_bite_011_transfer,trial_0015_bite_011,trial_0015,transfer,contextual_promp,RobotSmooth,True,101,1.0,True,0,1.0,101,True,0,4.836177515216908,0.5547765715520869,2.101375292545224,30.471915035574867,0,0,0,0,True,8.583608184627855e-11,2.688532539647533e-11,5.126825595604082e-10,1.6053937694812998e-10,4.707345624410664e-14,1.904848483175544e-14,8.583608184627855e-11,2.688532539647533e-11,5.126825595604086e-10,1.6053937694813013e-10,0.6946461002461113
trial_0015_bite_011_withdrawal,trial_0015_bite_011,trial_0015,withdrawal,retrieval,B0,True,101,1.0,True,0,1.0,101,True,0,5.4134972876940095,0.9386405027294649,31.801424865176962,4133.901937844656,0,0,0,0,True,5.667237944567276e-11,2.4284469753708964e-11,3.3857752800758406e-10,1.450310659046382e-10,6.750155989720952e-14,2.647593551606781e-14,5.667237944567276e-11,2.4284469753708964e-11,3.3857752800758427e-10,1.450310659046383e-10,0.49164042090892934
trial_0015_bite_011_withdrawal,trial_0015_bite_011,trial_0015,withdrawal,retrieval,StrongLocal,True,101,1.0,True,0,1.0,101,True,0,5.355066933475147,0.9249596595401919,32.70616292178209,4263.63616511251,0,0,0,0,True,6.206137194899212e-11,2.1494409226433132e-11,3.7040190782150236e-10,1.283791083094611e-10,7.72715225139109e-14,2.9369518749599863e-14,6.206137194899212e-11,2.1494409226433132e-11,3.704019078215027e-10,1.283791083094612e-10,0.5642368645503382
trial_0015_bite_011_withdrawal,trial_0015_bite_011,trial_0015,withdrawal,retrieval,RobotSmooth,True,101,1.0,True,0,1.0,101,True,0,5.4134972878046845,0.9386405027018662,31.801424846848246,4133.901931958192,0,0,0,0,True,5.667237944567276e-11,2.190105240992518e-11,3.3857752800758406e-10,1.3080632312987246e-10,6.750155989720952e-14,2.5941262891956545e-14,5.667237944567276e-11,2.190105240992518e-11,3.3857752800758427e-10,1.3080632312987257e-10,0.49164042090892934
trial_0015_bite_011_withdrawal,trial_0015_bite_011,trial_0015,withdrawal,contextual_promp,B0,True,101,1.0,True,0,1.0,101,True,0,4.177950497064754,0.8358113390299233,4.593062604848801,67.00741567447011,0,0,0,0,True,2.4857389190463755e-10,5.267835032131216e-11,1.484345799241672e-09,3.1457617261063135e-10,9.325873406851315e-14,3.1866393867580256e-14,2.4857389190463755e-10,5.267835032131216e-11,1.484345799241673e-09,3.1457617261063155e-10,0.7039666070090216
trial_0015_bite_011_withdrawal,trial_0015_bite_011,trial_0015,withdrawal,contextual_promp,StrongLocal,True,101,1.0,True,0,1.0,101,True,0,3.7998051788601153,0.7968271846961675,4.599171357933147,129.60243335065948,0,0,0,0,True,1.5783306217236643e-10,3.838211114260623e-11,9.425302054397646e-10,2.2921374030583128e-10,7.460698725481052e-14,3.2762627426343724e-14,1.5783306217236643e-10,3.838211114260623e-11,9.425302054397652e-10,2.2921374030583144e-10,0.7035326869551253
trial_0015_bite_011_withdrawal,trial_0015_bite_011,trial_0015,withdrawal,contextual_promp,RobotSmooth,True,101,1.0,True,0,1.0,101,True,0,4.177950496699611,0.8358113391215103,4.593062606718378,67.00741729729357,0,0,0,0,True,2.499125162360574e-10,5.95744696311642e-11,1.4924492837125746e-09,3.557711725984828e-10,1.2390088954816747e-13,3.4284830636935927e-14,2.499125162360574e-10,5.95744696311642e-11,1.4924492837125757e-09,3.5577117259848304e-10,0.7039666070091433
trial_0015_bite_012_withdrawal,trial_0015_bite_012,trial_0015,withdrawal,retrieval,B0,True,101,1.0,True,0,1.0,101,True,1,7.334175341575048,1.5865681861688457,31.780153323820066,2546.8984095809474,0,0,0,0,True,1.5751033813189044e-09,2.412402205730028e-10,9.40615344297157e-09,1.4406236879319366e-09,1.0200729150255938e-12,1.8350946620849245e-13,1.5751033813189044e-09,2.412402205730028e-10,9.406153442971579e-09,1.4406236879319379e-09,0.44987281171428783
trial_0015_bite_012_withdrawal,trial_0015_bite_012,trial_0015,withdrawal,retrieval,StrongLocal,True,101,1.0,True,1,0.9900990099009901,55,False,0,6.915240932708586,1.5008099301344808,33.84608093063246,2918.884450459688,0,0,0,0,True,6.935312721070501e-10,1.3010616066821703e-10,4.141586302018772e-09,7.769651469669155e-10,3.26405569239796e-13,1.0154906376926087e-13,6.935312721070501e-10,1.3010616066821703e-10,4.141586302018775e-09,7.769651469669162e-10,0.5215067893387846
trial_0015_bite_012_withdrawal,trial_0015_bite_012,trial_0015,withdrawal,retrieval,RobotSmooth,True,101,1.0,True,0,1.0,101,True,1,7.403147988589361,1.6081440050843219,70.51745740615512,9691.56394937332,0,0,0,0,True,1.3908667223733421e-09,2.306149203150454e-10,8.305861915130163e-09,1.3771627009531733e-09,9.174883075502294e-13,1.4460349924572746e-13,1.3908667223733421e-09,2.306149203150454e-10,8.305861915130171e-09,1.3771627009531746e-09,0.5225014893860442
trial_0015_bite_012_withdrawal,trial_0015_bite_012,trial_0015,withdrawal,contextual_promp,B0,True,101,1.0,True,0,1.0,101,True,0,4.65494208442567,0.9623099577859104,4.748434695649814,52.70868947185814,0,0,0,0,True,9.1904746672405e-10,1.9259125841151925e-10,5.488487865972628e-09,1.1501268295444296e-09,6.976641486744484e-13,1.5206442952280154e-13,9.1904746672405e-10,1.9259125841151925e-10,5.4884878659726335e-09,1.1501268295444309e-09,0.6419778476921199
trial_0015_bite_012_withdrawal,trial_0015_bite_012,trial_0015,withdrawal,contextual_promp,StrongLocal,True,101,1.0,True,0,1.0,101,True,0,4.202099953021217,0.8909651668818891,4.530269743541973,106.1730396101096,0,0,0,0,True,8.093918722519497e-10,1.1236755940877025e-10,4.833328810975911e-09,6.7101504845243e-10,3.0375701953744283e-13,7.994369095520975e-14,8.093918722519497e-10,1.1236755940877025e-10,4.833328810975915e-09,6.710150484524305e-10,0.6762744227298079
trial_0015_bite_012_withdrawal,trial_0015_bite_012,trial_0015,withdrawal,contextual_promp,RobotSmooth,True,101,1.0,True,0,1.0,101,True,0,4.654942085869212,0.9623099576885763,4.748434688139177,52.70868852789912,0,0,0,0,True,1.2451608473351909e-09,1.6143659476177609e-10,7.435910587903063e-09,9.64082695003215e-10,6.976641486744484e-13,1.6002677578088413e-13,1.2451608473351909e-09,1.6143659476177609e-10,7.43591058790307e-09,9.640826950032158e-10,0.6419778476921199
trial_0015_bite_013_transfer,trial_0015_bite_013,trial_0015,transfer,retrieval,B0,True,89,0.8811881188118812,False,1,0.9887640449438202,85,False,1,5.263597520511448,1.3011186166924371,32.686897236542535,1546.1082518710166,0,12,0,0,True,8.491560245347469e-11,2.9478485510364424e-11,5.070975691131902e-10,1.760360183935148e-10,8.112177596331094e-12,8.978452237055464e-13,8.491560245347469e-11,2.9478485510364424e-11,5.070975691131905e-10,1.7603601839351495e-10,0.42293775569244474
trial_0015_bite_013_transfer,trial_0015_bite_013,trial_0015,transfer,retrieval,StrongLocal,True,86,0.8514851485148515,False,0,1.0,85,False,0,5.029993468931311,1.7758578140040908,72.03703189427398,3712.563743149341,0,15,0,0,True,1.2802345325402475e-10,2.0101118120201372e-11,7.645860971556333e-10,1.2002446257980782e-10,2.3954171979312378e-12,2.624838295343601e-13,1.2802345325402475e-10,2.0101118120201372e-11,7.645860971556338e-10,1.200244625798079e-10,0.4477293924700323
trial_0015_bite_013_transfer,trial_0015_bite_013,trial_0015,transfer,retrieval,RobotSmooth,True,101,1.0,True,0,1.0,101,True,0,7.255764812699017,1.6765065097410679,158.95581120525276,18914.514922037095,0,0,0,0,True,1.1481780353660866e-10,2.55694326481366e-11,6.855876521490153e-10,1.5269403794040428e-10,7.442935157087049e-13,1.0062953259687564e-13,1.1481780353660866e-10,2.55694326481366e-11,6.855876521490158e-10,1.526940379404044e-10,0.4768660582342372
trial_0015_bite_013_transfer,trial_0015_bite_013,trial_0015,transfer,contextual_promp,B0,True,101,1.0,True,0,1.0,101,True,0,2.8456935962029544,0.34967608054674654,1.432796503735813,22.50847336544928,0,0,0,0,True,8.736933392956112e-11,2.4141074416328022e-11,5.216453628676052e-10,1.4417986679387845e-10,9.50350909079134e-14,3.562880755364704e-14,8.736933392956112e-11,2.4141074416328022e-11,5.216453628676055e-10,1.4417986679387855e-10,0.5534095306828586
trial_0015_bite_013_transfer,trial_0015_bite_013,trial_0015,transfer,contextual_promp,StrongLocal,True,101,1.0,True,0,1.0,101,True,0,2.639103579228066,0.32398331882400655,3.425816608477993,217.78226424378192,0,0,0,0,True,4.8117389000943396e-11,1.8190717737723143e-11,2.8720989757285666e-10,1.086235123739477e-10,8.926193117986259e-14,3.6792781151623923e-14,4.8117389000943396e-11,1.8190717737723143e-11,2.872098975728568e-10,1.0862351237394776e-10,0.548639670843388
trial_0015_bite_013_transfer,trial_0015_bite_013,trial_0015,transfer,contextual_promp,RobotSmooth,True,101,1.0,True,0,1.0,101,True,0,2.845693596942267,0.34967608054728366,1.4327965035962607,22.508473371395077,0,0,0,0,True,6.760963209458335e-11,2.37699191266473e-11,4.0367859157241143e-10,1.4194562170716222e-10,9.903189379656396e-14,3.737299448433184e-14,6.760963209458335e-11,2.37699191266473e-11,4.036785915724117e-10,1.419456217071623e-10,0.5534095306828586
trial_0015_bite_013_withdrawal,trial_0015_bite_013,trial_0015,withdrawal,retrieval,B0,True,101,1.0,True,0,1.0,101,True,0,5.891860509095425,1.1219042814580007,22.44041436316856,2383.0202393339864,0,0,0,0,True,1.4904000328654022e-10,2.959451793174726e-11,8.899998742439904e-10,1.767075151864933e-10,1.6564527527407336e-13,3.618077228211369e-14,1.4904000328654022e-10,2.959451793174726e-11,8.89999874243991e-10,1.7670751518649342e-10,0.449181306000904
trial_0015_bite_013_withdrawal,trial_0015_bite_013,trial_0015,withdrawal,retrieval,StrongLocal,True,101,1.0,True,0,1.0,101,True,0,5.751276216367323,1.0950640852265006,25.56604781164608,3080.208535985091,0,0,0,0,True,9.04656793069465e-11,2.7943426305961985e-11,5.401305294430275e-10,1.6687096805166356e-10,1.4344081478157023e-13,3.598932482463071e-14,9.04656793069465e-11,2.7943426305961985e-11,5.401305294430278e-10,1.668709680516637e-10,0.5747285433079803
trial_0015_bite_013_withdrawal,trial_0015_bite_013,trial_0015,withdrawal,retrieval,RobotSmooth,True,101,1.0,True,0,1.0,101,True,0,5.8918605115742455,1.1219042815196028,22.440414381284878,2383.020233963351,0,0,0,0,True,1.9124091187455034e-10,3.295819521435972e-11,1.141858123206349e-09,1.9678818022977657e-10,1.3633538742396922e-13,3.462466542015427e-14,1.9124091187455034e-10,3.295819521435972e-11,1.14185812320635e-09,1.9678818022977672e-10,0.44918130600090755
trial_0015_bite_013_withdrawal,trial_0015_bite_013,trial_0015,withdrawal,contextual_promp,B0,True,101,1.0,True,0,1.0,101,True,0,5.847006610521239,1.1065095680543842,5.357060289866754,48.22731093995571,0,0,0,0,True,1.7579896434294626e-10,5.23707081768765e-11,1.0499187848094865e-09,3.127365386567935e-10,1.6431300764452317e-13,5.419185657503866e-14,1.7579896434294626e-10,5.23707081768765e-11,1.0499187848094872e-09,3.1273653865679376e-10,0.4152277026602862
trial_0015_bite_013_withdrawal,trial_0015_bite_013,trial_0015,withdrawal,contextual_promp,StrongLocal,True,101,1.0,True,0,1.0,101,True,0,5.7606074582673905,1.052694020262603,5.5378786742639985,191.531721769306,0,0,0,0,True,2.671333567431629e-10,7.440936052605514e-11,1.595231984821957e-09,4.443473250823246e-10,1.2612133559741778e-13,3.9545992244279414e-14,2.671333567431629e-10,7.440936052605514e-11,1.5952319848219578e-09,4.443473250823249e-10,0.4966066108150269
trial_0015_bite_013_withdrawal,trial_0015_bite_013,trial_0015,withdrawal,contextual_promp,RobotSmooth,True,101,1.0,True,0,1.0,101,True,0,5.847006610924295,1.1065095680910277,5.357060290951433,48.22731122368063,0,0,0,0,True,1.6016450382383272e-10,4.626563119191078e-11,9.565696763251572e-10,2.762627539662002e-10,1.6431300764452317e-13,5.2507574998617104e-14,1.6016450382383272e-10,4.626563119191078e-11,9.565696763251579e-10,2.7626275396620043e-10,0.4152277026602862
trial_0015_bite_014_transfer,trial_0015_bite_014,trial_0015,transfer,retrieval,B0,True,101,1.0,True,0,1.0,101,True,0,4.0865444130477115,0.5241600634189275,15.42474347078192,1607.3082150345713,0,0,0,0,True,9.431422890791058e-11,3.2846635104957346e-11,5.632546745957412e-10,1.9616060761866505e-10,4.6629367034256575e-14,2.2747952046567785e-14,9.431422890791058e-11,3.2846635104957346e-11,5.632546745957418e-10,1.961606076186652e-10,0.7823623475846024
trial_0015_bite_014_transfer,trial_0015_bite_014,trial_0015,transfer,retrieval,StrongLocal,True,101,1.0,True,0,1.0,101,True,0,3.791264837793272,0.48291712720481283,15.397924559485773,1592.1390302142142,0,0,0,0,True,1.0099775222659369e-10,3.122149666914988e-11,6.032098816321835e-10,1.864306924095934e-10,6.794564910705958e-14,2.7196594087217056e-14,1.0099775222659369e-10,3.122149666914988e-11,6.03209881632184e-10,1.8643069240959356e-10,0.755103699562591
trial_0015_bite_014_transfer,trial_0015_bite_014,trial_0015,transfer,retrieval,RobotSmooth,True,101,1.0,True,0,1.0,101,True,0,4.086544413426251,0.5241600635461704,15.424743512194675,1607.3082175840482,0,0,0,0,True,1.0648709530924165e-10,3.4821456450182285e-11,6.360817130767505e-10,2.079610566291892e-10,4.529709940470639e-14,2.0880283503985923e-14,1.0648709530924165e-10,3.4821456450182285e-11,6.360817130767511e-10,2.079610566291894e-10,0.7823623475846024
trial_0015_bite_014_transfer,trial_0015_bite_014,trial_0015,transfer,contextual_promp,B0,True,101,1.0,True,0,1.0,101,True,0,3.998209688146496,0.47253107425750046,1.6166886787866832,18.892578819332766,0,0,0,0,True,9.114581642557335e-11,2.7165795420885475e-11,5.442398381019664e-10,1.6222323660553425e-10,5.1514348342607263e-14,2.211387498157929e-14,9.114581642557335e-11,2.7165795420885475e-11,5.442398381019668e-10,1.6222323660553438e-10,0.7580760598829466
trial_0015_bite_014_transfer,trial_0015_bite_014,trial_0015,transfer,contextual_promp,StrongLocal,True,101,1.0,True,0,1.0,101,True,0,3.5598511974283413,0.41802431862705886,4.030729165047221,261.71197941208004,0,0,0,0,True,3.991295509075812e-10,5.205675633738248e-11,2.38340873950597e-09,3.108714422339296e-10,7.016609515630989e-14,2.6269475941330185e-14,3.991295509075812e-10,5.205675633738248e-11,2.3834087395059725e-09,3.108714422339299e-10,0.7550630851014954
trial_0015_bite_014_transfer,trial_0015_bite_014,trial_0015,transfer,contextual_promp,RobotSmooth,True,101,1.0,True,0,1.0,101,True,0,3.9982096876617494,0.47253107425416174,1.6166886777040275,18.892578781189666,0,0,0,0,True,8.916765038102625e-11,3.0985145438125624e-11,5.323942567714054e-10,1.8504225586313467e-10,5.284661597215745e-14,2.313593338472649e-14,8.916765038102625e-11,3.0985145438125624e-11,5.323942567714057e-10,1.8504225586313482e-10,0.7580760598827891
trial_0015_bite_014_withdrawal,trial_0015_bite_014,trial_0015,withdrawal,retrieval,B0,True,101,1.0,True,1,0.9900990099009901,69,False,0,6.336845532010823,1.4473083627893055,30.46064615364627,3551.991229390324,0,0,0,0,True,6.900902695053812e-10,1.3666162308057112e-10,4.121064776409063e-09,8.161088649015326e-10,4.205080728070243e-12,4.28590881378975e-13,6.900902695053812e-10,1.3666162308057112e-10,4.121064776409067e-09,8.161088649015336e-10,0.40652872846205756
trial_0015_bite_014_withdrawal,trial_0015_bite_014,trial_0015,withdrawal,retrieval,StrongLocal,True,101,1.0,True,2,0.9801980198019802,79,False,0,6.155204731683515,1.3809809482328168,36.04809763950412,4841.085452559203,0,0,0,0,True,1.1479113675143586e-09,2.481397284648005e-10,6.855079857197332e-09,1.4818396563027908e-09,3.871125642262996e-12,4.709738373407306e-13,1.1479113675143586e-09,2.481397284648005e-10,6.85507985719734e-09,1.4818396563027924e-09,0.3970377603664139
trial_0015_bite_014_withdrawal,trial_0015_bite_014,trial_0015,withdrawal,retrieval,RobotSmooth,True,101,1.0,True,0,1.0,101,True,1,6.394293168101379,1.438933759868151,49.50777955569851,6569.178530272483,0,0,0,0,True,1.1231564406679034e-09,1.884996053802744e-10,6.707267656868965e-09,1.1256731860813365e-09,5.830447236121472e-12,6.066778216247931e-13,1.1231564406679034e-09,1.884996053802744e-10,6.707267656868971e-09,1.1256731860813376e-09,0.4398774764993565
trial_0015_bite_014_withdrawal,trial_0015_bite_014,trial_0015,withdrawal,contextual_promp,B0,True,101,1.0,True,1,0.9900990099009901,73,False,0,5.495914265649205,1.2068340989280324,6.367228224733411,69.1194850313318,0,0,0,0,True,3.5067340772997443e-10,9.738265643583631e-11,2.0940438657000885e-09,5.815404072801586e-10,8.064660050877137e-13,1.3669045994451053e-13,3.5067340772997443e-10,9.738265643583631e-11,2.09404386570009e-09,5.815404072801591e-10,0.41194023979827676
trial_0015_bite_014_withdrawal,trial_0015_bite_014,trial_0015,withdrawal,contextual_promp,StrongLocal,True,101,1.0,True,1,0.9900990099009901,80,False,0,5.380139898592269,1.140928879469137,6.22647264825622,141.94721162202026,0,0,0,0,True,8.7420276669862e-10,2.0271277159599322e-10,5.220524388052469e-09,1.2105531041003563e-09,1.9815260543509794e-12,2.5466509219124353e-13,8.7420276669862e-10,2.0271277159599322e-10,5.2205243880524736e-09,1.2105531041003575e-09,0.508463777199033
trial_0015_bite_014_withdrawal,trial_0015_bite_014,trial_0015,withdrawal,contextual_promp,RobotSmooth,True,101,1.0,True,0,1.0,101,True,1,6.250555046138132,1.3588364074315702,70.03836618879185,11816.082586121129,0,0,0,0,True,1.6161620198424172e-09,3.2838131321555544e-10,9.651255325250497e-09,1.9610117402658918e-09,1.4650503032953566e-12,3.1881080034828897e-13,1.6161620198424172e-09,3.2838131321555544e-10,9.651255325250506e-09,1.9610117402658934e-09,0.5155262861577432
trial_0015_bite_015_transfer,trial_0015_bite_015,trial_0015,transfer,retrieval,B0,True,101,1.0,True,0,1.0,101,True,0,3.913439129914241,0.5286084184986265,9.612082304307187,1060.031244447235,0,0,0,0,True,8.494561701947184e-11,2.9988797026950257e-11,5.072862889456934e-10,1.790731874111261e-10,4.929390229335695e-14,2.1181060008422813e-14,8.494561701947184e-11,2.9988797026950257e-11,5.072862889456937e-10,1.7907318741112626e-10,0.737463420280073
trial_0015_bite_015_transfer,trial_0015_bite_015,trial_0015,transfer,retrieval,StrongLocal,True,101,1.0,True,0,1.0,101,True,0,3.502290541736155,0.48026144464597026,10.20191536601197,1121.7187932836182,0,0,0,0,True,6.176170940178653e-11,2.3454092545905206e-11,3.6874477139450663e-10,1.4006165882781407e-10,6.750155989720952e-14,2.3395770425297303e-14,6.176170940178653e-11,2.3454092545905206e-11,3.687447713945069e-10,1.4006165882781417e-10,0.6854514300989383
trial_0015_bite_015_transfer,trial_0015_bite_015,trial_0015,transfer,retrieval,RobotSmooth,True,101,1.0,True,0,1.0,101,True,0,3.913439128966342,0.5286084183499208,9.612082201018916,1060.031230080863,0,0,0,0,True,8.494561701947184e-11,3.259622030409974e-11,5.072862889456934e-10,1.9465718214738486e-10,5.284661597215745e-14,2.0576676407800772e-14,8.494561701947184e-11,3.259622030409974e-11,5.072862889456937e-10,1.9465718214738497e-10,0.737463420280073
trial_0015_bite_015_transfer,trial_0015_bite_015,trial_0015,transfer,contextual_promp,B0,True,101,1.0,True,0,1.0,101,True,0,4.146729103192117,0.4908234783434448,2.1912305869633535,30.53346791136318,0,0,0,0,True,7.018174765504564e-11,2.822761288907575e-11,4.191367300639386e-10,1.685558155162772e-10,4.707345624410664e-14,1.6720263992614432e-14,7.018174765504564e-11,2.822761288907575e-11,4.1913673006393897e-10,1.6855581551627734e-10,0.7380452019361332
trial_0015_bite_015_transfer,trial_0015_bite_015,trial_0015,transfer,contextual_promp,StrongLocal,True,101,1.0,True,0,1.0,101,True,0,3.592840370721464,0.4191383515178467,4.650758218200454,294.5928348014964,0,0,0,0,True,7.153089121427978e-11,2.5333574572606266e-11,4.271562116212806e-10,1.5126778217058176e-10,5.3734794391857577e-14,2.0516329519860673e-14,7.153089121427978e-11,2.5333574572606266e-11,4.271562116212809e-10,1.512677821705819e-10,0.7278361980967141
trial_0015_bite_015_transfer,trial_0015_bite_015,trial_0015,transfer,contextual_promp,RobotSmooth,True,101,1.0,True,0,1.0,101,True,0,4.146729104438888,0.4908234783627396,2.191230587912728,30.533467920889322,0,0,0,0,True,7.018174765504564e-11,2.8650742749503356e-11,4.191367300639386e-10,1.7110147476125266e-10,4.707345624410664e-14,1.586478928834456e-14,7.018174765504564e-11,2.8650742749503356e-11,4.1913673006393897e-10,1.711014747612528e-10,0.7380452019361332
trial_0015_bite_015_withdrawal,trial_0015_bite_015,trial_0015,withdrawal,retrieval,B0,True,101,1.0,True,0,1.0,101,True,0,5.748376295833649,1.130781759833927,14.981937649417032,1540.2484520102594,0,0,0,0,True,2.3572782514061895e-10,5.78742274269843e-11,1.4077713475771717e-09,3.4561376746171874e-10,1.9539925233402755e-13,5.487233117129646e-14,2.3572782514061895e-10,5.78742274269843e-11,1.407771347577173e-09,3.45613767461719e-10,0.29969376844326767
trial_0015_bite_015_withdrawal,trial_0015_bite_015,trial_0015,withdrawal,retrieval,StrongLocal,True,101,1.0,True,0,1.0,101,True,0,5.459711774506773,1.0453752355825559,15.823575309553842,1806.5612226824617,0,0,0,0,True,2.8439909736745587e-10,7.47485270470796e-11,1.698529590245146e-09,4.46384087746933e-10,1.199040866595169e-13,3.666915708509313e-14,2.8439909736745587e-10,7.47485270470796e-11,1.6985295902451471e-09,4.463840877469333e-10,0.421715055675433
trial_0015_bite_015_withdrawal,trial_0015_bite_015,trial_0015,withdrawal,retrieval,RobotSmooth,True,101,1.0,True,0,1.0,101,True,0,5.748376292602849,1.1307817596294378,14.981937255989408,1540.2483534727573,0,0,0,0,True,4.2386657000195983e-10,7.523506217868555e-11,2.531154823081252e-09,4.4928225762681754e-10,2.90878432451791e-13,6.219682472512277e-14,4.2386657000195983e-10,7.523506217868555e-11,2.5311548230812543e-09,4.4928225762681795e-10,0.29969376844326767
trial_0015_bite_015_withdrawal,trial_0015_bite_015,trial_0015,withdrawal,contextual_promp,B0,True,101,1.0,True,1,0.9900990099009901,93,False,0,5.558198117770326,1.120602606282305,5.255628535967192,51.037516636972335,0,0,0,0,True,1.2325717967771298e-09,2.0074139975900522e-10,7.360647582605765e-09,1.198784809674069e-09,1.390443316040546e-12,2.626479158068772e-13,1.2325717967771298e-09,2.0074139975900522e-10,7.360647582605772e-09,1.19878480967407e-09,0.47793008124429903
trial_0015_bite_015_withdrawal,trial_0015_bite_015,trial_0015,withdrawal,contextual_promp,StrongLocal,True,101,1.0,True,0,1.0,101,True,0,5.433186799814732,1.0545931315457633,5.229634536876756,144.00909356866575,0,0,0,0,True,3.66253137325569e-10,9.839609895925836e-11,2.1871504879776933e-09,5.875974797076805e-10,2.682298827494378e-13,5.876145521351958e-14,3.66253137325569e-10,9.839609895925836e-11,2.1871504879776953e-09,5.875974797076809e-10,0.4830353295437133
trial_0015_bite_015_withdrawal,trial_0015_bite_015,trial_0015,withdrawal,contextual_promp,RobotSmooth,True,101,1.0,True,0,1.0,101,True,0,5.992549815872254,1.2067570773649174,65.18799616345738,10203.644517449517,0,0,0,0,True,1.4241327075027304e-09,2.492652536142502e-10,8.504532545388938e-09,1.4885547983273085e-09,1.4814816040598089e-12,2.974919288887179e-13,1.4241327075027304e-09,2.492652536142502e-10,8.504532545388946e-09,1.4885547983273098e-09,0.4719366614061631
trial_0015_bite_016_transfer,trial_0015_bite_016,trial_0015,transfer,retrieval,B0,True,101,1.0,True,0,1.0,101,True,0,4.447401021653558,0.5243712590177425,15.895227931342841,1348.7822355632368,0,0,0,0,True,7.482193327590964e-11,2.4635752628461306e-11,4.468291954596624e-10,1.4713369444590276e-10,5.728750807065808e-14,2.14952095411317e-14,7.482193327590964e-11,2.4635752628461306e-11,4.4682919545966274e-10,1.471336944459029e-10,0.5440664250365526
trial_0015_bite_016_transfer,trial_0015_bite_016,trial_0015,transfer,retrieval,StrongLocal,True,101,1.0,True,0,1.0,101,True,0,4.189502037327705,0.501825242606899,16.66824705616701,1466.1695878325443,0,0,0,0,True,5.460801952627626e-11,2.287296572180112e-11,3.2612378797374213e-10,1.3658700781354327e-10,7.904787935331115e-14,2.6843285061394732e-14,5.460801952627626e-11,2.287296572180112e-11,3.261237879737424e-10,1.3658700781354338e-10,0.5154134288842251
trial_0015_bite_016_transfer,trial_0015_bite_016,trial_0015,transfer,retrieval,RobotSmooth,True,101,1.0,True,0,1.0,101,True,0,4.447401021659568,0.5243712590075853,15.895227896116989,1348.7822297039104,0,0,0,0,True,7.698760073424334e-11,2.683543282639942e-11,4.5977096841825896e-10,1.602741960306174e-10,5.728750807065808e-14,2.216229794159976e-14,7.698760073424334e-11,2.683543282639942e-11,4.597709684182594e-10,1.602741960306175e-10,0.5440664250365526
trial_0015_bite_016_transfer,trial_0015_bite_016,trial_0015,transfer,contextual_promp,B0,True,101,1.0,True,0,1.0,101,True,0,3.254682871653298,0.3778960597386723,1.4957659074108993,17.47805427029102,0,0,0,0,True,6.082788305115283e-11,2.4357741304741918e-11,3.631659793577767e-10,1.454558931149607e-10,7.105427357601002e-14,2.869734465780214e-14,6.082788305115283e-11,2.4357741304741918e-11,3.6316597935777695e-10,1.4545589311496082e-10,0.5788713353413213
trial_0015_bite_016_transfer,trial_0015_bite_016,trial_0015,transfer,contextual_promp,StrongLocal,True,101,1.0,True,0,1.0,101,True,0,2.998315601887695,0.3455894950122392,4.0997765479501345,267.8176586423623,0,0,0,0,True,4.606101636994084e-11,1.8266737425581293e-11,2.749686948635586e-10,1.0908563820539782e-10,6.128431095930864e-14,2.7540125605268298e-14,4.606101636994084e-11,1.8266737425581293e-11,2.7496869486355884e-10,1.0908563820539793e-10,0.5508974798137196
trial_0015_bite_016_transfer,trial_0015_bite_016,trial_0015,transfer,contextual_promp,RobotSmooth,True,101,1.0,True,0,1.0,101,True,0,3.254682870811423,0.37789605972234247,1.4957659080990973,17.478054335987157,0,0,0,0,True,6.082788305115283e-11,2.3146212219287212e-11,3.631659793577767e-10,1.3823007543440204e-10,7.638334409421077e-14,2.8013156892835706e-14,6.082788305115283e-11,2.3146212219287212e-11,3.6316597935777695e-10,1.3823007543440214e-10,0.5788713353413213
trial_0015_bite_016_withdrawal,trial_0015_bite_016,trial_0015,withdrawal,retrieval,B0,True,101,1.0,True,0,1.0,101,True,0,5.149200695922403,1.009500331551123,14.697778223687882,1547.5955376363966,0,0,0,0,True,2.43042862698932e-10,4.9407246431873344e-11,1.4515364707113602e-09,2.9506520046037555e-10,8.837375276016246e-14,2.8716968078340527e-14,2.43042862698932e-10,4.9407246431873344e-11,1.4515364707113612e-09,2.9506520046037576e-10,0.37389564327696334
trial_0015_bite_016_withdrawal,trial_0015_bite_016,trial_0015,withdrawal,retrieval,StrongLocal,True,101,1.0,True,0,1.0,101,True,0,5.053629919179092,0.960729283663165,16.075785018439717,1863.8085592184718,0,0,0,0,True,1.1557281415145231e-10,3.134962333117089e-11,6.900643145681179e-10,1.8719355661585599e-10,7.505107646466058e-14,2.3209874455020347e-14,1.1557281415145231e-10,3.134962333117089e-11,6.900643145681185e-10,1.8719355661585614e-10,0.5465041233619079
trial_0015_bite_016_withdrawal,trial_0015_bite_016,trial_0015,withdrawal,retrieval,RobotSmooth,True,101,1.0,True,0,1.0,101,True,0,5.149200695348281,1.0095003313583961,14.697778070556977,1547.595505125591,0,0,0,0,True,1.5569537061507247e-10,3.661776689007609e-11,9.29823967210506e-10,2.1868542588713131e-10,8.837375276016246e-14,3.077663562561856e-14,1.5569537061507247e-10,3.661776689007609e-11,9.298239672105066e-10,2.1868542588713147e-10,0.37389564327696334
trial_0015_bite_016_withdrawal,trial_0015_bite_016,trial_0015,withdrawal,contextual_promp,B0,True,101,1.0,True,0,1.0,101,True,0,6.049028816499771,1.1952760035496317,5.896330737283847,57.44309514408741,0,0,0,0,True,1.4758854624973122e-09,2.299101837928883e-10,8.813385505956474e-09,1.3729416495485123e-09,1.786570891226802e-12,2.1547971457714866e-13,1.4758854624973122e-09,2.299101837928883e-10,8.813385505956483e-09,1.3729416495485134e-09,0.3742303915520244
trial_0015_bite_016_withdrawal,trial_0015_bite_016,trial_0015,withdrawal,contextual_promp,StrongLocal,True,101,1.0,True,0,1.0,101,True,0,6.049863728825549,1.1455892241216203,6.046090798747147,141.70490515390887,0,0,0,0,True,3.3387673356687725e-10,8.611695213329838e-11,1.9939073980995924e-09,5.142616732844476e-10,1.2168044349891716e-13,4.003297729205999e-14,3.3387673356687725e-10,8.611695213329838e-11,1.993907398099594e-09,5.14261673284448e-10,0.40463664837047286
trial_0015_bite_016_withdrawal,trial_0015_bite_016,trial_0015,withdrawal,contextual_promp,RobotSmooth,True,101,1.0,True,0,1.0,101,True,0,6.0490288321543675,1.1952760050072166,5.896330579300954,57.44309362168706,0,0,0,0,True,1.3173225745998116e-09,2.3086699839774797e-10,7.866578115620462e-09,1.3786819657294314e-09,8.975042931069765e-13,1.4988170260757968e-13,1.3173225745998116e-09,2.3086699839774797e-10,7.866578115620469e-09,1.3786819657294325e-09,0.37423039156815374
trial_0015_bite_017_transfer,trial_0015_bite_017,trial_0015,transfer,retrieval,B0,True,101,1.0,True,0,1.0,101,True,0,3.1697530444226873,0.3942939634192761,14.607559557955414,1487.3224759447996,0,0,0,0,True,4.602155973990662e-11,1.6864434386766052e-11,2.74860510979573e-10,1.0071072659148996e-10,9.547918011776346e-14,3.1259128337693976e-14,4.602155973990662e-11,1.6864434386766052e-11,2.748605109795732e-10,1.0071072659149004e-10,0.5912870282040523
trial_0015_bite_017_transfer,trial_0015_bite_017,trial_0015,transfer,retrieval,StrongLocal,True,101,1.0,True,0,1.0,101,True,0,3.1109365678562853,0.3875758490657548,15.353135176406266,1571.653184971224,0,0,0,0,True,4.439848049244608e-11,1.7731254348093425e-11,2.6523883403138964e-10,1.0587127081998334e-10,7.993605777301127e-14,3.1749572651553176e-14,4.439848049244608e-11,1.7731254348093425e-11,2.652388340313898e-10,1.0587127081998342e-10,0.5749126654246937
trial_0015_bite_017_transfer,trial_0015_bite_017,trial_0015,transfer,retrieval,RobotSmooth,True,101,1.0,True,0,1.0,101,True,0,3.1697530440132096,0.394293963354775,14.60755952667328,1487.322470233241,0,0,0,0,True,4.360681357544508e-11,1.715903765016378e-11,2.6050035791076483e-10,1.0244884358606262e-10,9.547918011776346e-14,3.553384146272897e-14,4.360681357544508e-11,1.715903765016378e-11,2.60500357910765e-10,1.024488435860627e-10,0.5912870282042411
trial_0015_bite_017_transfer,trial_0015_bite_017,trial_0015,transfer,contextual_promp,B0,True,101,1.0,True,0,1.0,101,True,0,2.702868051123498,0.30725594308924453,0.9558158101177764,12.245316159644963,0,0,0,0,True,5.613896647160342e-11,2.0576301528963925e-11,3.3516914074940355e-10,1.228678163915434e-10,6.439293542825908e-14,2.628701211065175e-14,5.613896647160342e-11,2.0576301528963925e-11,3.351691407494037e-10,1.2286781639154345e-10,0.6202192176696737
trial_0015_bite_017_transfer,trial_0015_bite_017,trial_0015,transfer,contextual_promp,StrongLocal,True,101,1.0,True,0,1.0,101,True,0,2.6090052883671158,0.3010535047501273,3.4410645379640363,229.22493843869873,0,0,0,0,True,6.190589440948969e-11,2.064446501310354e-11,3.6979206889800547e-10,1.2327133128176204e-10,6.394884621840902e-14,2.7618607680378367e-14,6.190589440948969e-11,2.064446501310354e-11,3.6979206889800573e-10,1.2327133128176212e-10,0.6124238442614596
trial_0015_bite_017_transfer,trial_0015_bite_017,trial_0015,transfer,contextual_promp,RobotSmooth,True,101,1.0,True,0,1.0,101,True,0,2.702868051355302,0.3072559431238707,0.9558158114147504,12.245316243203572,0,0,0,0,True,5.482633833781225e-11,1.9444351720390685e-11,3.2736152067093043e-10,1.1611495194307886e-10,5.551115123125783e-14,2.5610559205085974e-14,5.482633833781225e-11,1.9444351720390685e-11,3.2736152067093063e-10,1.1611495194307894e-10,0.6202192176696737
trial_0015_bite_017_withdrawal,trial_0015_bite_017,trial_0015,withdrawal,retrieval,B0,True,101,1.0,True,0,1.0,101,True,0,6.12904903177582,1.2779203480447094,24.385802818385628,2518.4324041408117,0,0,0,0,True,4.4846749802469335e-10,9.075192670797707e-11,2.678117928678404e-09,5.419432441235001e-10,5.853095785823825e-13,1.3705972890684668e-13,4.4846749802469335e-10,9.075192670797707e-11,2.6781179286784048e-09,5.419432441235005e-10,0.3924729760100967
trial_0015_bite_017_withdrawal,trial_0015_bite_017,trial_0015,withdrawal,retrieval,StrongLocal,True,101,1.0,True,0,1.0,101,True,0,6.3470424054945624,1.2626781554564737,27.456558030397186,2909.695778068099,0,0,0,0,True,1.9023099222432048e-10,5.6424924264801235e-11,1.1359951756107717e-09,3.369686163006472e-10,1.8562928971732617e-13,4.1174011041116844e-14,1.9023099222432048e-10,5.6424924264801235e-11,1.1359951756107727e-09,3.3696861630064743e-10,0.46488357856251894
trial_0015_bite_017_withdrawal,trial_0015_bite_017,trial_0015,withdrawal,retrieval,RobotSmooth,True,101,1.0,True,0,1.0,101,True,0,6.129049035550498,1.2779203485251085,24.385802610906843,2518.432305002455,0,0,0,0,True,3.1743030943063173e-10,8.973591541050444e-11,1.895680395839537e-09,5.358736963791402e-10,5.853095785823825e-13,1.3096699207977058e-13,3.1743030943063173e-10,8.973591541050444e-11,1.8956803958395383e-09,5.358736963791406e-10,0.39247297600694253
trial_0015_bite_017_withdrawal,trial_0015_bite_017,trial_0015,withdrawal,contextual_promp,B0,True,101,1.0,True,0,1.0,101,True,0,6.012653453165781,1.1024839541288198,4.993765104539577,45.99958305241686,0,0,0,0,True,3.2081326397901326e-10,7.065324281666927e-11,1.9157302604804967e-09,4.219250975310784e-10,1.4210854715202004e-13,4.73228189062344e-14,3.2081326397901326e-10,7.065324281666927e-11,1.915730260480498e-09,4.219250975310787e-10,0.42294129488927634
trial_0015_bite_017_withdrawal,trial_0015_bite_017,trial_0015,withdrawal,contextual_promp,StrongLocal,True,101,1.0,True,0,1.0,101,True,0,5.989419691582626,1.0562830872550895,5.22746468892093,182.0062217420706,0,0,0,0,True,2.0877458511072738e-10,5.397936910668382e-11,1.246689815865932e-09,3.223619094702534e-10,1.3677947663381929e-13,4.169765395684965e-14,2.0877458511072738e-10,5.397936910668382e-11,1.2466898158659333e-09,3.2236190947025367e-10,0.5145574504365269
trial_0015_bite_017_withdrawal,trial_0015_bite_017,trial_0015,withdrawal,contextual_promp,RobotSmooth,True,101,1.0,True,0,1.0,101,True,0,6.0126534531775135,1.102483954052631,4.993765089770857,45.999582427397954,0,0,0,0,True,2.1493402911737558e-10,5.13598418753607e-11,1.2834661841633783e-09,3.0671000959839266e-10,1.6697754290362354e-13,5.07610413699545e-14,2.1493402911737558e-10,5.13598418753607e-11,1.283466184163379e-09,3.0671000959839286e-10,0.4229412948896287
trial_0015_bite_018_transfer,trial_0015_bite_018,trial_0015,transfer,retrieval,B0,True,14,0.13861386138613863,False,1,0.9285714285714286,13,False,0,1.9465351801432156,2.8212040921940136,88.10673732609486,6046.628414303316,0,87,0,0,True,4.4129064885278996e-11,1.4130658787107661e-11,2.634822455173541e-10,8.438450587492131e-11,5.199396468924533e-12,1.4053376683784212e-12,4.4129064885278996e-11,1.4130658787107661e-11,2.6348224551735425e-10,8.438450587492135e-11,0.0035768250508496635
trial_0015_bite_018_transfer,trial_0015_bite_018,trial_0015,transfer,retrieval,StrongLocal,True,14,0.13861386138613863,False,1,0.9285714285714286,11,False,0,2.274528151631911,3.0896115917253044,53.30585856604207,4590.726553932335,0,87,0,0,True,7.697886406016501e-12,3.1155266850803003e-12,4.5958768597011786e-11,1.8608265640713146e-11,8.459899447643693e-13,2.9157557258757427e-13,7.697886406016501e-12,3.1155266850803003e-12,4.595876859701182e-11,1.860826564071316e-11,0.02740152328415668
trial_0015_bite_018_transfer,trial_0015_bite_018,trial_0015,transfer,retrieval,RobotSmooth,True,17,0.16831683168316833,False,1,0.9411764705882353,15,False,0,1.9977645587627144,2.058774338399705,134.94571943951104,16033.146699547571,0,0,1,84,True,7.507014738169226e-12,2.1341661613842103e-12,4.4915718522193526e-11,1.275556935302335e-11,5.364597654988756e-13,2.185554901766783e-13,7.507014738169226e-12,2.1341661613842103e-12,4.4915718522193565e-11,1.2755569353023361e-11,0.039108045653183154
trial_0015_bite_018_transfer,trial_0015_bite_018,trial_0015,transfer,contextual_promp,B0,True,20,0.19801980198019803,False,0,1.0,20,False,0,2.0034450770742875,2.23382071560666,75.30487011502079,3217.0478425280376,0,81,0,0,True,9.125007454248768e-12,3.5674595442484322e-12,5.469605299083884e-11,2.136134960467936e-11,4.982680934517703e-13,1.3980306389291442e-13,9.125007454248768e-12,3.5674595442484322e-12,5.4696052990838864e-11,2.136134960467937e-11,0.13422300452243707
trial_0015_bite_018_transfer,trial_0015_bite_018,trial_0015,transfer,contextual_promp,StrongLocal,True,20,0.19801980198019803,False,0,1.0,20,False,0,2.2710686588299662,3.0249771905220335,115.05254827530119,5580.82101364367,0,81,0,0,True,7.402971109426273e-12,3.954281656414904e-12,4.4037083194665416e-11,2.3604492265005523e-11,1.7363888105137448e-13,9.112451963249775e-14,7.402971109426273e-12,3.954281656414904e-12,4.403708319466545e-11,2.3604492265005536e-11,0.11743094113992036
trial_0015_bite_018_transfer,trial_0015_bite_018,trial_0015,transfer,contextual_promp,RobotSmooth,True,22,0.21782178217821782,False,0,1.0,22,False,0,2.78475371286964,4.152342531372865,330.8355010273751,27150.066609259175,0,0,1,79,True,1.2211101882601183e-11,4.391202075632161e-12,7.282396876684897e-11,2.6233556982338916e-11,1.8962609260597674e-13,7.754320615496672e-14,1.2211101882601183e-11,4.391202075632161e-12,7.282396876684902e-11,2.6233556982338926e-11,0.13422300452243707
trial_0015_bite_018_withdrawal,trial_0015_bite_018,trial_0015,withdrawal,retrieval,B0,False,86,0.8514851485148515,False,0,1.0,86,False,0,7.985918030538979,2.62288271164428,110.03089527251865,6764.724416829321,0,15,0,0,True,1.6918801893323757e-10,3.579393379689318e-11,1.0105270926861655e-09,2.1376155293858014e-10,2.1893598045608087e-13,4.6579915601046394e-14,1.6918801893323757e-10,3.579393379689318e-11,1.0105270926861664e-09,2.1376155293858035e-10,0.4323302216158331
trial_0015_bite_018_withdrawal,trial_0015_bite_018,trial_0015,withdrawal,retrieval,StrongLocal,False,86,0.8514851485148515,False,0,1.0,86,False,0,8.173714908702522,2.743835596004569,119.22074841365472,7736.2973525501775,0,15,0,0,True,1.9419666627763432e-10,3.8210536280666106e-11,1.159704560399579e-09,2.2819881180757208e-10,1.616484723854228e-13,3.873090782419538e-14,1.9419666627763432e-10,3.8210536280666106e-11,1.15970456039958e-09,2.2819881180757226e-10,0.5007467635752554
trial_0015_bite_018_withdrawal,trial_0015_bite_018,trial_0015,withdrawal,retrieval,RobotSmooth,False,0,0.0,False,0,0.0,0,False,0,0.0,,,,0,1,0,100,True,,,,,,,,,,,
trial_0015_bite_018_withdrawal,trial_0015_bite_018,trial_0015,withdrawal,contextual_promp,B0,False,91,0.900990099009901,False,2,0.978021978021978,89,False,0,6.4145177119828105,1.445149315121962,26.259209767918385,1061.8811098306094,0,10,0,0,True,2.88106986127591e-10,4.872510936921835e-11,1.7203804234158632e-09,2.909731691077164e-10,2.5504043321689096e-12,2.711231342012701e-13,2.88106986127591e-10,4.872510936921835e-11,1.7203804234158647e-09,2.909731691077166e-10,0.43839124057396495
trial_0015_bite_018_withdrawal,trial_0015_bite_018,trial_0015,withdrawal,contextual_promp,StrongLocal,False,90,0.8910891089108911,False,0,1.0,90,False,0,7.4910133555302405,2.074808329592326,60.68389295349768,2954.683307598269,0,11,0,0,True,3.346463302697202e-10,5.895569773296301e-11,1.9985040566077223e-09,3.5206466432274646e-10,1.6209256159527285e-13,4.0783253617302804e-14,3.346463302697202e-10,5.895569773296301e-11,1.998504056607724e-09,3.520646643227467e-10,0.5519982355825583
trial_0015_bite_018_withdrawal,trial_0015_bite_018,trial_0015,withdrawal,contextual_promp,RobotSmooth,False,0,0.0,False,0,0.0,0,False,0,0.0,,,,0,1,0,100,True,,,,,,,,,,,
trial_0015_bite_019_transfer,trial_0015_bite_019,trial_0015,transfer,retrieval,B0,True,101,1.0,True,0,1.0,101,True,0,4.067427247925062,0.5028091497871892,8.493521169226572,775.4642929951962,0,0,0,0,True,6.815473935456878e-11,2.352337643611427e-11,4.070655526853955e-10,1.404660146903965e-10,1.4921397450962104e-13,5.163204006258394e-14,6.815473935456878e-11,2.352337643611427e-11,4.0706555268539585e-10,1.404660146903966e-10,0.6443806203347104
trial_0015_bite_019_transfer,trial_0015_bite_019,trial_0015,transfer,retrieval,StrongLocal,True,101,1.0,True,0,1.0,101,True,0,3.9068602736884355,0.48550233130298764,10.815430896992588,996.42656272534,0,0,0,0,True,5.358062280002879e-11,1.606534357708635e-11,3.199665324208138e-10,9.591530576185194e-11,1.7186252421197423e-13,5.327934525380139e-14,5.358062280002879e-11,1.606534357708635e-11,3.19966532420814e-10,9.591530576185203e-11,0.6055643131457198
trial_0015_bite_019_transfer,trial_0015_bite_019,trial_0015,transfer,retrieval,RobotSmooth,True,101,1.0,True,0,1.0,101,True,0,4.067427247855557,0.5028091497862978,8.493521177549939,775.464293300929,0,0,0,0,True,9.83309095783252e-11,2.720911665630356e-11,5.871567270649839e-10,1.6248177625688968e-10,1.056932319443149e-13,4.77782009011776e-14,9.83309095783252e-11,2.720911665630356e-11,5.871567270649843e-10,1.6248177625688984e-10,0.6443806203347342
trial_0015_bite_019_transfer,trial_0015_bite_019,trial_0015,transfer,contextual_promp,B0,True,61,0.6039603960396039,False,0,1.0,61,False,0,4.270209261908947,1.3325143288324197,36.38927369022296,1518.7330684930134,0,40,0,0,True,4.4013683022620235e-11,1.7300629696179905e-11,2.6297866071039034e-10,1.0331966776277586e-10,3.2462921240039577e-13,6.029683208468164e-14,4.4013683022620235e-11,1.7300629696179905e-11,2.6297866071039045e-10,1.0331966776277594e-10,0.4379651120181578
trial_0015_bite_019_transfer,trial_0015_bite_019,trial_0015,transfer,contextual_promp,StrongLocal,True,61,0.6039603960396039,False,0,1.0,61,False,0,4.702852216025252,2.0388395899830685,75.85169453841982,3816.3570089242035,0,40,0,0,True,5.012561744989212e-11,1.7801615426291336e-11,2.9957470697408845e-10,1.0634856833307229e-10,2.1760371282653068e-13,5.1948418600960665e-14,5.012561744989212e-11,1.7801615426291336e-11,2.9957470697408866e-10,1.0634856833307235e-10,0.39915828518231344
trial_0015_bite_019_transfer,trial_0015_bite_019,trial_0015,transfer,contextual_promp,RobotSmooth,True,63,0.6237623762376238,False,0,1.0,63,False,0,4.291565468038003,1.098254521956443,57.59493947521758,5332.780256149177,0,0,1,38,True,4.876260753500505e-11,1.511389950916698e-11,2.9106781813030166e-10,9.027143823820352e-11,1.4432899320127035e-13,4.321439800218833e-14,4.876260753500505e-11,1.511389950916698e-11,2.9106781813030186e-10,9.02714382382036e-11,0.48254691579263853
trial_0015_bite_019_withdrawal,trial_0015_bite_019,trial_0015,withdrawal,retrieval,B0,True,101,1.0,True,0,1.0,101,True,0,6.069137788035977,1.0556323318384049,18.85826503129407,1844.0042304084193,0,0,0,0,True,1.350635769663807e-10,3.2733339353262604e-11,8.065370564178854e-10,1.954523378347655e-10,9.50350909079134e-14,3.439153699956899e-14,1.350635769663807e-10,3.2733339353262604e-11,8.065370564178862e-10,1.954523378347657e-10,0.37689957089259973
trial_0015_bite_019_withdrawal,trial_0015_bite_019,trial_0015,withdrawal,retrieval,StrongLocal,True,101,1.0,True,0,1.0,101,True,0,5.95522983714994,1.0394765354940319,21.22144790446795,2245.197831114427,0,0,0,0,True,1.6086220744800078e-10,3.209285671661276e-11,9.606213332613065e-10,1.9165355792541915e-10,6.705747068735946e-14,2.578289848614626e-14,1.6086220744800078e-10,3.209285671661276e-11,9.606213332613073e-10,1.9165355792541933e-10,0.49347315106037826
trial_0015_bite_019_withdrawal,trial_0015_bite_019,trial_0015,withdrawal,retrieval,RobotSmooth,True,101,1.0,True,0,1.0,101,True,0,6.069137787573228,1.0556323316910203,18.858264942898373,1844.0042201548163,0,0,0,0,True,2.378317270437593e-10,3.937274899912885e-11,1.4203106939008727e-09,2.3511545202087364e-10,9.50350909079134e-14,3.156895362625363e-14,2.378317270437593e-10,3.937274899912885e-11,1.420310693900874e-09,2.3511545202087385e-10,0.37689957089157744
trial_0015_bite_019_withdrawal,trial_0015_bite_019,trial_0015,withdrawal,contextual_promp,B0,True,101,1.0,True,0,1.0,101,True,0,5.165838213579418,0.9222412443751874,4.81491954575402,62.151071274089965,0,0,0,0,True,1.2817460854695176e-10,3.4441928493864735e-11,7.654475058452363e-10,2.0567628841290632e-10,1.305622276959184e-13,3.2525848425698025e-14,1.2817460854695176e-10,3.4441928493864735e-11,7.654475058452372e-10,2.0567628841290652e-10,0.4733642908255504
trial_0015_bite_019_withdrawal,trial_0015_bite_019,trial_0015,withdrawal,contextual_promp,StrongLocal,True,101,1.0,True,0,1.0,101,True,0,5.173513986653557,0.9074975276761299,5.0667313494002615,148.65789914255373,0,0,0,0,True,1.766700416420325e-10,5.73139294534043e-11,1.0549824346532128e-09,3.422669173537813e-10,8.08242361927114e-14,2.718844393933135e-14,1.766700416420325e-10,5.73139294534043e-11,1.0549824346532136e-09,3.422669173537816e-10,0.5798999129453009
trial_0015_bite_019_withdrawal,trial_0015_bite_019,trial_0015,withdrawal,contextual_promp,RobotSmooth,True,101,1.0,True,0,1.0,101,True,0,5.165838213258034,0.9222412443490456,4.814919545200904,62.15107132653489,0,0,0,0,True,2.022498680682933e-10,3.6861758415627816e-11,1.207631877936391e-09,2.2011239122200684e-10,1.305622276959184e-13,3.480008597458455e-14,2.022498680682933e-10,3.6861758415627816e-11,1.207631877936392e-09,2.2011239122200705e-10,0.4733642908255504
trial_0017_bite_001_transfer,trial_0017_bite_001,trial_0017,transfer,retrieval,B0,True,100,0.9900990099009901,False,0,1.0,100,False,0,5.905658508022842,1.7086971598227576,70.74654615931632,5483.957977269941,0,1,0,0,True,6.761454340254222e-11,1.8637720078447414e-11,4.0394497840197015e-10,1.1132077298226126e-10,5.058176100192213e-13,8.759119029502307e-14,6.761454340254222e-11,1.8637720078447414e-11,4.039449784019703e-10,1.1132077298226134e-10,0.19732183631852607
trial_0017_bite_001_transfer,trial_0017_bite_001,trial_0017,transfer,retrieval,StrongLocal,True,98,0.9702970297029703,False,1,0.9897959183673469,97,False,0,5.144901304251382,1.2544906136547902,71.17223493902713,5898.0185808417755,0,3,0,0,True,1.0544669626677215e-10,1.7477418619886618e-11,6.296763692528435e-10,1.0437103936195574e-10,5.333511410299252e-13,9.013399111781064e-14,1.0544669626677215e-10,1.7477418619886618e-11,6.296763692528439e-10,1.043710393619558e-10,0.1206146683773337
trial_0017_bite_001_transfer,trial_0017_bite_001,trial_0017,transfer,retrieval,RobotSmooth,True,101,1.0,True,0,1.0,101,True,0,5.059132728756034,0.8218012286514769,53.69982891523401,6546.900011325867,0,0,0,0,True,7.059418927634501e-11,2.023657543781279e-11,4.215843081992415e-10,1.208568641133481e-10,2.0028423364237824e-13,7.196285950866324e-14,7.059418927634501e-11,2.023657543781279e-11,4.2158430819924174e-10,1.2085686411334818e-10,0.25048349974168005
trial_0017_bite_001_transfer,trial_0017_bite_001,trial_0017,transfer,contextual_promp,B0,True,101,1.0,True,0,1.0,101,True,0,3.501771775013105,0.4471172279491093,1.7067857864242335,20.367560667996948,0,0,0,0,True,5.2347544068876987e-11,1.750606550664717e-11,3.124664837163347e-10,1.0454664859541185e-10,1.4344081478157023e-13,5.639257806605623e-14,5.2347544068876987e-11,1.750606550664717e-11,3.1246648371633487e-10,1.0454664859541191e-10,0.3159755285114709
trial_0017_bite_001_transfer,trial_0017_bite_001,trial_0017,transfer,contextual_promp,StrongLocal,True,101,1.0,True,0,1.0,101,True,0,3.5074027247751607,0.43651552269688204,3.709785153983601,226.6991845915712,0,0,0,0,True,4.151517864589368e-11,1.3008031373518528e-11,2.4803126943734455e-10,7.766925238651812e-11,1.816324868286756e-13,6.559213570916268e-14,4.151517864589368e-11,1.3008031373518528e-11,2.4803126943734476e-10,7.766925238651817e-11,0.2822193687118171
trial_0017_bite_001_transfer,trial_0017_bite_001,trial_0017,transfer,contextual_promp,RobotSmooth,True,101,1.0,True,0,1.0,101,True,0,3.501771775082184,0.44711722795851316,1.70678578776639,20.367560993810024,0,0,0,0,True,6.079258124972647e-11,1.6739455944859725e-11,3.6301521574785093e-10,9.995687266887907e-11,1.674216321134736e-13,5.754473003232731e-14,6.079258124972647e-11,1.6739455944859725e-11,3.630152157478512e-10,9.995687266887912e-11,0.3159755285114665
trial_0017_bite_001_withdrawal,trial_0017_bite_001,trial_0017,withdrawal,retrieval,B0,True,101,1.0,True,0,1.0,101,True,0,7.057219761780447,1.4388928014207532,40.468868071274166,4203.729126020582,0,0,0,0,True,7.619691412046903e-11,2.941376403040784e-11,4.549984258429668e-10,1.7564462464033918e-10,1.580957587066223e-13,4.106873800735312e-14,7.619691412046903e-11,2.941376403040784e-11,4.549984258429672e-10,1.756446246403393e-10,0.23475318928984112
trial_0017_bite_001_withdrawal,trial_0017_bite_001,trial_0017,withdrawal,retrieval,StrongLocal,True,101,1.0,True,0,1.0,101,True,0,7.045682900255963,1.4093612462597502,43.3921372069227,5120.043911598009,0,0,0,0,True,7.47266276864023e-11,2.958395242551792e-11,4.4605693209381936e-10,1.7665340777528574e-10,1.4077627952246985e-13,3.5038242708963314e-14,7.47266276864023e-11,2.958395242551792e-11,4.460569320938197e-10,1.766534077752859e-10,0.23475318928984112
trial_0017_bite_001_withdrawal,trial_0017_bite_001,trial_0017,withdrawal,retrieval,RobotSmooth,True,101,1.0,True,0,1.0,101,True,0,6.992844257810056,1.4091256539488626,65.75841291301617,8164.6156674106205,0,0,0,0,True,9.497987948899699e-11,2.706832819810358e-11,5.672011452956475e-10,1.616628851635361e-10,2.1005419625907962e-13,4.445996191246176e-14,9.497987948899699e-11,2.706832819810358e-11,5.67201145295648e-10,1.6166288516353624e-10,0.23475318928984112
trial_0017_bite_001_withdrawal,trial_0017_bite_001,trial_0017,withdrawal,contextual_promp,B0,True,101,1.0,True,0,1.0,101,True,0,6.925742635153465,1.3024363745122856,15.50221341184843,432.8825485673138,0,0,0,0,True,6.892689981277404e-11,2.264554914709556e-11,4.11679221675609e-10,1.3524068540123703e-10,2.042810365310288e-13,4.8845555877223027e-14,6.892689981277404e-11,2.264554914709556e-11,4.116792216756094e-10,1.352406854012371e-10,0.23122418257356347
trial_0017_bite_001_withdrawal,trial_0017_bite_001,trial_0017,withdrawal,contextual_promp,StrongLocal,True,101,1.0,True,0,1.0,101,True,0,6.641504034248081,1.308484216637106,15.662992122257146,529.5843907418277,0,0,0,0,True,6.965186428039954e-11,2.7574228302094586e-11,4.16043737786685e-10,1.6465567797929534e-10,1.851852005074761e-13,4.7353054167104015e-14,6.965186428039954e-11,2.7574228302094586e-11,4.1604373778668523e-10,1.6465567797929544e-10,0.23107729397554344
trial_0017_bite_001_withdrawal,trial_0017_bite_001,trial_0017,withdrawal,contextual_promp,RobotSmooth,True,101,1.0,True,0,1.0,101,True,0,6.925742635138345,1.3024363744857586,15.502213411766096,432.8825484941348,0,0,0,0,True,6.892689981277404e-11,2.227098104931267e-11,4.11679221675609e-10,1.3300344499409062e-10,2.651212582804874e-13,5.64725411002747e-14,6.892689981277404e-11,2.227098104931267e-11,4.116792216756094e-10,1.3300344499409072e-10,0.23122418257356703
trial_0017_bite_002_transfer,trial_0017_bite_002,trial_0017,transfer,retrieval,B0,True,73,0.7227722772277227,False,1,0.9863013698630136,72,False,0,4.184918950541677,1.0270107295243764,26.99469711470537,1488.6391211972932,0,28,0,0,True,7.488843378474298e-11,2.592631377344478e-11,4.4735407472937294e-10,1.5483052990499593e-10,2.859934511434403e-13,7.12006380482023e-14,7.488843378474298e-11,2.592631377344478e-11,4.4735407472937325e-10,1.5483052990499604e-10,0.21936825359393808
trial_0017_bite_002_transfer,trial_0017_bite_002,trial_0017,transfer,retrieval,StrongLocal,True,72,0.7128712871287128,False,0,1.0,72,False,0,4.5050459464768435,1.6357773462771634,59.64454501640925,3067.654670190064,0,29,0,0,True,5.720967786381487e-11,1.9189641085361362e-11,3.415943417023964e-10,1.1461613515173577e-10,2.362554596402333e-13,6.399806344262041e-14,5.720967786381487e-11,1.9189641085361362e-11,3.4159434170239674e-10,1.1461613515173585e-10,0.30318901215181526
trial_0017_bite_002_transfer,trial_0017_bite_002,trial_0017,transfer,retrieval,RobotSmooth,True,74,0.7326732673267327,False,0,1.0,74,False,0,4.956869566417126,1.4536986132607597,82.60485081868443,7071.531589423654,0,0,1,27,True,9.319626421702625e-11,2.6425169172438522e-11,5.566674953345015e-10,1.5781701513850076e-10,1.4344081478157023e-13,5.3418727154652605e-14,9.319626421702625e-11,2.6425169172438522e-11,5.566674953345018e-10,1.5781701513850087e-10,0.26569144539329237
trial_0017_bite_002_transfer,trial_0017_bite_002,trial_0017,transfer,contextual_promp,B0,True,61,0.6039603960396039,False,1,0.9836065573770492,60,False,0,3.6954995060212736,1.1002272012841818,29.522761823626222,1258.9211675552667,0,40,0,0,True,7.773213272529251e-11,2.2701974633404648e-11,4.64376198715856e-10,1.3558479717842897e-10,1.8474111129762605e-13,6.562950762492945e-14,7.773213272529251e-11,2.2701974633404648e-11,4.643761987158564e-10,1.3558479717842904e-10,0.24935312621500016
trial_0017_bite_002_transfer,trial_0017_bite_002,trial_0017,transfer,contextual_promp,StrongLocal,True,60,0.594059405940594,False,0,1.0,60,False,0,3.9223056886937093,1.5072282236538144,51.365339253597746,2442.73369570334,0,41,0,0,True,5.329958576730563e-11,1.9004420060907626e-11,3.184571547068142e-10,1.1348096458273231e-10,1.7763568394002505e-13,5.746180898486842e-14,5.329958576730563e-11,1.9004420060907626e-11,3.1845715470681436e-10,1.134809645827324e-10,0.3155558291265699
trial_0017_bite_002_transfer,trial_0017_bite_002,trial_0017,transfer,contextual_promp,RobotSmooth,True,62,0.6138613861386139,False,0,1.0,62,False,0,4.00482306501171,1.029471951551816,52.32091734582127,5589.565062574829,0,0,1,39,True,1.3385831035425632e-10,2.7747898818661928e-11,7.994414366280502e-10,1.65714664703458e-10,2.1227464230832993e-13,6.702615608253406e-14,1.3385831035425632e-10,2.7747898818661928e-11,7.994414366280507e-10,1.6571466470345812e-10,0.31727650934124685
trial_0017_bite_002_withdrawal,trial_0017_bite_002,trial_0017,withdrawal,retrieval,B0,True,78,0.7722772277227723,False,0,1.0,61,False,0,7.487589516559096,1.9766108619471046,37.122321503270705,4027.0082731915763,23,0,0,0,True,2.2156180569440345e-10,6.464110632359441e-11,1.323119187771567e-09,3.8602508609551075e-10,1.9539925233402755e-13,6.18059298766816e-14,2.2156180569440345e-10,6.464110632359441e-11,1.3231191877715682e-09,3.860250860955111e-10,0.0026555717472085405
trial_0017_bite_002_withdrawal,trial_0017_bite_002,trial_0017,withdrawal,retrieval,StrongLocal,True,101,1.0,True,0,1.0,101,True,0,8.622991854292579,1.7799348986724983,39.83788287260301,4432.418346004564,0,0,0,0,True,3.7157637921779653e-10,9.481553013180228e-11,2.2190693945201626e-09,5.661924973985862e-10,9.14823772291129e-14,3.0515882038659084e-14,3.7157637921779653e-10,9.481553013180228e-11,2.2190693945201643e-09,5.661924973985866e-10,0.17732580329489078
trial_0017_bite_002_withdrawal,trial_0017_bite_002,trial_0017,withdrawal,retrieval,RobotSmooth,True,101,1.0,True,0,1.0,101,True,0,8.03420254623327,1.657431601381254,48.94696796821731,6034.218408982563,0,0,0,0,True,2.79629756759084e-10,7.985124464308442e-11,1.6697456148942306e-09,4.768204231871492e-10,1.163513729807164e-13,2.849718133698428e-14,2.79629756759084e-10,7.985124464308442e-11,1.669745614894232e-09,4.768204231871497e-10,0.3182695389119319
trial_0017_bite_002_withdrawal,trial_0017_bite_002,trial_0017,withdrawal,contextual_promp,B0,True,101,1.0,True,0,1.0,101,True,0,5.275675296422944,0.9726994469793203,5.050444512139956,56.827856013125654,0,0,0,0,True,1.8373641952471808e-10,4.171150446889709e-11,1.0973333321217097e-09,2.4910309511615067e-10,1.056932319443149e-13,4.021088061177829e-14,1.8373641952471808e-10,4.171150446889709e-11,1.0973333321217105e-09,2.491030951161509e-10,0.31607388029175976
trial_0017_bite_002_withdrawal,trial_0017_bite_002,trial_0017,withdrawal,contextual_promp,StrongLocal,True,101,1.0,True,0,1.0,101,True,0,4.924971311988735,0.9284381732207977,5.649764689227984,241.77242379640003,0,0,0,0,True,8.077451383417074e-11,2.8355932633212133e-11,4.824528815836211e-10,1.6933199003042096e-10,9.281464485866309e-14,3.157349947470182e-14,8.077451383417074e-11,2.8355932633212133e-11,4.824528815836214e-10,1.6933199003042106e-10,0.3402087506917777
trial_0017_bite_002_withdrawal,trial_0017_bite_002,trial_0017,withdrawal,contextual_promp,RobotSmooth,True,101,1.0,True,0,1.0,101,True,0,5.275675296350624,0.9726994469972134,5.050444518136648,56.82785600668249,0,0,0,0,True,9.185306137145143e-11,3.092836276468277e-11,5.484155098398503e-10,1.8469588212930372e-10,1.0880185641326534e-13,4.190137407655673e-14,9.185306137145143e-11,3.092836276468277e-11,5.484155098398507e-10,1.8469588212930387e-10,0.3160738802915857
trial_0017_bite_003_withdrawal,trial_0017_bite_003,trial_0017,withdrawal,retrieval,B0,True,101,1.0,True,0,1.0,101,True,0,5.89342364259079,1.0237578767629902,23.565056818332003,2664.7099964524614,0,0,0,0,True,7.474746885520769e-11,2.0527318223739834e-11,4.4629409974983497e-10,1.225673007293748e-10,7.904787935331115e-14,3.3056474652287806e-14,7.474746885520769e-11,2.0527318223739834e-11,4.4629409974983544e-10,1.225673007293749e-10,0.1352793013780227
trial_0017_bite_003_withdrawal,trial_0017_bite_003,trial_0017,withdrawal,retrieval,StrongLocal,True,101,1.0,True,0,1.0,101,True,0,5.565773717113288,0.9685054328481363,29.54798891721641,3931.2688775590946,0,0,0,0,True,6.625278651270254e-11,1.9627262098227307e-11,3.956353312565876e-10,1.17205049714606e-10,1.0480505352461478e-13,3.61666297421336e-14,6.625278651270254e-11,1.9627262098227307e-11,3.95635331256588e-10,1.1720504971460612e-10,0.2616342106059921
trial_0017_bite_003_withdrawal,trial_0017_bite_003,trial_0017,withdrawal,retrieval,RobotSmooth,True,101,1.0,True,0,1.0,101,True,0,5.893423642114836,1.023757876735317,23.565056834317897,2664.7100034147984,0,0,0,0,True,5.1194830135862047e-11,1.93571722110822e-11,3.0565033622788667e-10,1.1557923475459637e-10,1.283417816466681e-13,3.8414853989519655e-14,5.1194830135862047e-11,1.93571722110822e-11,3.0565033622788693e-10,1.1557923475459647e-10,0.13527930137802535
trial_0017_bite_003_withdrawal,trial_0017_bite_003,trial_0017,withdrawal,contextual_promp,B0,True,101,1.0,True,0,1.0,101,True,0,5.018744881494194,0.9571117660024084,4.745415462296301,51.34637524723574,0,0,0,0,True,1.4369294642684107e-10,4.8825612448217335e-11,8.582077143592333e-10,2.915662369708037e-10,1.0524914273446484e-13,3.682333730159142e-14,1.4369294642684107e-10,4.8825612448217335e-11,8.582077143592338e-10,2.915662369708039e-10,0.3534720582833364
trial_0017_bite_003_withdrawal,trial_0017_bite_003,trial_0017,withdrawal,contextual_promp,StrongLocal,True,101,1.0,True,0,1.0,101,True,0,4.573031619393196,0.8977467428139966,5.025421519905072,171.68854315736647,0,0,0,0,True,1.89782503268114e-10,3.892210472909825e-11,1.1334998768167883e-09,2.3242878007723916e-10,8.08242361927114e-14,3.2627894620275047e-14,1.89782503268114e-10,3.892210472909825e-11,1.1334998768167891e-09,2.3242878007723935e-10,0.4394048278457783
trial_0017_bite_003_withdrawal,trial_0017_bite_003,trial_0017,withdrawal,contextual_promp,RobotSmooth,True,101,1.0,True,0,1.0,101,True,0,5.01874488186767,0.9571117660841962,4.745415461561731,51.346375320949484,0,0,0,0,True,1.9992154650833634e-10,4.8829636283183406e-11,1.1939678106648674e-09,2.916002919491541e-10,1.0524914273446484e-13,3.9569883049555924e-14,1.9992154650833634e-10,4.8829636283183406e-11,1.1939678106648683e-09,2.9160029194915434e-10,0.35347205828376715
trial_0017_bite_004_withdrawal,trial_0017_bite_004,trial_0017,withdrawal,retrieval,B0,True,101,1.0,True,0,1.0,101,True,0,7.070754192914261,1.4068700699923609,29.16170340046634,3405.013913555075,0,0,0,0,True,1.7067762407485648e-10,4.007108891301576e-11,1.0191876087678011e-09,2.392942909703352e-10,1.0080825063596421e-13,3.8249861382605504e-14,1.7067762407485648e-10,4.007108891301576e-11,1.019187608767802e-09,2.3929429097033543e-10,0.10583659439302195
trial_0017_bite_004_withdrawal,trial_0017_bite_004,trial_0017,withdrawal,retrieval,StrongLocal,True,101,1.0,True,0,1.0,101,True,0,6.908206629489035,1.367240594509931,33.792083222842514,4133.375786718941,0,0,0,0,True,1.6883848134746177e-10,4.676870898576522e-11,1.0083810958456485e-09,2.79299486969252e-10,7.72715225139109e-14,2.8328534302539053e-14,1.6883848134746177e-10,4.676870898576522e-11,1.008381095845649e-09,2.7929948696925217e-10,0.26696438889055685
trial_0017_bite_004_withdrawal,trial_0017_bite_004,trial_0017,withdrawal,retrieval,RobotSmooth,True,101,1.0,True,0,1.0,101,True,0,7.070754193797553,1.4068700701961918,29.16170346571128,3405.013915579587,0,0,0,0,True,2.498512249107731e-10,5.0366806446930164e-11,1.4920664641963974e-09,3.0077774056982304e-10,9.325873406851315e-14,3.656330340791484e-14,2.498512249107731e-10,5.0366806446930164e-11,1.4920664641963984e-09,3.0077774056982325e-10,0.10583659439313475
trial_0017_bite_004_withdrawal,trial_0017_bite_004,trial_0017,withdrawal,contextual_promp,B0,True,101,1.0,True,0,1.0,101,True,0,4.42738424055487,0.8343794892797138,4.377498280308039,49.28080234768089,0,0,0,0,True,5.89089542442901e-11,2.4975134855435102e-11,3.5200782267033275e-10,1.4913653693111126e-10,7.815970093361102e-14,3.292691786056075e-14,5.89089542442901e-11,2.4975134855435102e-11,3.520078226703329e-10,1.4913653693111136e-10,0.4533412180286902
trial_0017_bite_004_withdrawal,trial_0017_bite_004,trial_0017,withdrawal,contextual_promp,StrongLocal,True,101,1.0,True,0,1.0,101,True,0,3.882280583821532,0.7715373523893982,4.90763786902367,229.7233285412751,0,0,0,0,True,7.204136608247485e-11,2.7173759923079012e-11,4.30360075388942e-10,1.622783973705588e-10,7.72715225139109e-14,2.664146835935644e-14,7.204136608247485e-11,2.7173759923079012e-11,4.3036007538894236e-10,1.622783973705589e-10,0.4670231323529688
trial_0017_bite_004_withdrawal,trial_0017_bite_004,trial_0017,withdrawal,contextual_promp,RobotSmooth,True,101,1.0,True,0,1.0,101,True,0,4.427384241482645,0.8343794892884817,4.377498281771417,49.28080235839848,0,0,0,0,True,7.577585915753858e-11,2.7722874053459352e-11,4.5245532090331555e-10,1.6555949102583248e-10,8.837375276016246e-14,3.1663292714052735e-14,7.577585915753858e-11,2.7722874053459352e-11,4.5245532090331596e-10,1.655594910258326e-10,0.4533412180286902
trial_0017_bite_005_transfer,trial_0017_bite_005,trial_0017,transfer,retrieval,B0,True,58,0.5742574257425742,False,0,1.0,58,False,0,4.418166979813261,1.5253503936968833,42.909473180459365,1890.5494081302647,0,43,0,0,True,3.716457277676813e-11,1.8097647389455744e-11,2.2191519917763693e-10,1.0808039657299849e-10,3.299582829185965e-13,7.692343627074981e-14,3.716457277676813e-11,1.8097647389455744e-11,2.2191519917763708e-10,1.0808039657299857e-10,0.3189464483824851
trial_0017_bite_005_transfer,trial_0017_bite_005,trial_0017,transfer,retrieval,StrongLocal,True,58,0.5742574257425742,False,0,1.0,58,False,0,4.897004409290064,2.310546374695369,85.63173306013435,4268.885112427076,0,43,0,0,True,4.58756599142688e-11,1.677263506890476e-11,2.740413510651367e-10,1.0015484750091689e-10,1.3988810110276972e-13,5.830331419716065e-14,4.58756599142688e-11,1.677263506890476e-11,2.740413510651369e-10,1.0015484750091695e-10,0.2736958906027853
trial_0017_bite_005_transfer,trial_0017_bite_005,trial_0017,transfer,retrieval,RobotSmooth,True,60,0.594059405940594,False,0,1.0,60,False,0,4.216737469519654,1.0400071528828092,60.171517124571004,6652.730153062652,0,0,1,41,True,6.744063252480531e-11,1.8836971299850373e-11,4.027249868285828e-10,1.1249895644599474e-10,2.091660178393795e-13,7.01003410172456e-14,6.744063252480531e-11,1.8836971299850373e-11,4.0272498682858305e-10,1.1249895644599481e-10,0.3189464483824851
trial_0017_bite_005_transfer,trial_0017_bite_005,trial_0017,transfer,contextual_promp,B0,True,70,0.693069306930693,False,1,0.9857142857142858,69,False,0,4.392738036976694,1.1549381395727065,25.94729823442651,967.1789726566554,0,31,0,0,True,8.20581703321109e-11,1.9659821978758545e-11,4.899821184524943e-10,1.1737164073174017e-10,2.1316282072803006e-13,6.488749732757542e-14,8.20581703321109e-11,1.9659821978758545e-11,4.899821184524945e-10,1.1737164073174022e-10,0.22362899360866706
trial_0017_bite_005_transfer,trial_0017_bite_005,trial_0017,transfer,contextual_promp,StrongLocal,True,69,0.6831683168316832,False,1,0.9855072463768116,68,False,0,4.359050129702664,1.2266429253808264,26.885657979212176,1012.7592662647871,0,32,0,0,True,3.643272122628966e-11,1.5753601750020473e-11,2.177109553937823e-10,9.408569814767244e-11,1.9171331189227203e-12,2.391815834387834e-13,3.643272122628966e-11,1.5753601750020473e-11,2.177109553937824e-10,9.408569814767249e-11,0.2138754715919493
trial_0017_bite_005_transfer,trial_0017_bite_005,trial_0017,transfer,contextual_promp,RobotSmooth,True,73,0.7227722772277227,False,0,1.0,73,False,0,5.173845607259689,1.264100765770938,70.2059459023804,7490.113318242343,0,0,1,28,True,7.321044581193543e-11,1.7459804178106394e-11,4.370575321445817e-10,1.042473978264457e-10,3.8546943414985435e-13,8.414796683905336e-14,7.321044581193543e-11,1.7459804178106394e-11,4.3705753214458195e-10,1.0424739782644577e-10,0.31141013123960626
trial_0017_bite_005_withdrawal,trial_0017_bite_005,trial_0017,withdrawal,retrieval,B0,True,101,1.0,True,0,1.0,101,True,0,4.818486867704376,0.778534147595078,17.495887899475356,1972.772519910751,0,0,0,0,True,6.88918407787279e-11,2.089161565898253e-11,4.114890546781048e-10,1.2478071077858403e-10,9.636735853746359e-14,3.721392966526828e-14,6.88918407787279e-11,2.089161565898253e-11,4.1148905467810506e-10,1.2478071077858413e-10,0.16633267843682642
trial_0017_bite_005_withdrawal,trial_0017_bite_005,trial_0017,withdrawal,retrieval,StrongLocal,True,101,1.0,True,0,1.0,101,True,0,4.644164591718109,0.7435750671839574,22.162721146410345,2942.440881383044,0,0,0,0,True,1.6541112460239428e-10,3.0593873306212234e-11,9.878571882766826e-10,1.8269859398810153e-10,1.1102230246251565e-13,3.9127263503695457e-14,1.6541112460239428e-10,3.0593873306212234e-11,9.878571882766834e-10,1.8269859398810168e-10,0.2875053863110306
trial_0017_bite_005_withdrawal,trial_0017_bite_005,trial_0017,withdrawal,retrieval,RobotSmooth,True,101,1.0,True,0,1.0,101,True,0,4.818486868075441,0.7785341475623107,17.495887846796546,1972.7725063618261,0,0,0,0,True,5.932239431597341e-11,1.9690438239783733e-11,3.543401253238654e-10,1.1759962149492555e-10,1.0791367799356522e-13,4.0914210294334195e-14,5.932239431597341e-11,1.9690438239783733e-11,3.543401253238658e-10,1.1759962149492565e-10,0.16633267843693034
trial_0017_bite_005_withdrawal,trial_0017_bite_005,trial_0017,withdrawal,contextual_promp,B0,True,101,1.0,True,0,1.0,101,True,0,5.034351114750756,0.9778198875149834,4.941929202158654,52.561079486520896,0,0,0,0,True,1.9726221421355916e-10,4.8518399237909633e-11,1.1780340278165586e-09,2.8974446528565365e-10,8.348877145181177e-14,3.6298125596225096e-14,1.9726221421355916e-10,4.8518399237909633e-11,1.1780340278165597e-09,2.8974446528565386e-10,0.42789986013697145
trial_0017_bite_005_withdrawal,trial_0017_bite_005,trial_0017,withdrawal,contextual_promp,StrongLocal,True,101,1.0,True,0,1.0,101,True,0,4.68109635909957,0.9233747712696874,5.030450400011263,127.20864487860653,0,0,0,0,True,1.901661040598018e-10,4.0617533187813745e-11,1.135691844995639e-09,2.425576967259264e-10,1.0347278589506459e-13,3.2686968295235726e-14,1.901661040598018e-10,4.0617533187813745e-11,1.1356918449956398e-09,2.425576967259266e-10,0.42789986013697145
trial_0017_bite_005_withdrawal,trial_0017_bite_005,trial_0017,withdrawal,contextual_promp,RobotSmooth,True,101,1.0,True,0,1.0,101,True,0,5.034351115830033,0.977819887640065,4.941929195802225,52.56107904020779,0,0,0,0,True,2.3863384158278464e-10,5.3927428123133056e-11,1.4251071705971035e-09,3.2204562892960974e-10,8.482103908136196e-14,3.302592165481867e-14,2.3863384158278464e-10,5.3927428123133056e-11,1.4251071705971043e-09,3.2204562892961e-10,0.42789986013697145
trial_0017_bite_006_transfer,trial_0017_bite_006,trial_0017,transfer,retrieval,B0,True,101,1.0,True,0,1.0,101,True,0,5.218408902787147,0.6919746061599557,17.88143706782926,1165.7771584856935,0,0,0,0,True,2.652036711280322e-10,3.8461699696714255e-11,1.5836699797229804e-09,2.2965801239861782e-10,9.192646643896296e-14,4.207200398262148e-14,2.652036711280322e-10,3.8461699696714255e-11,1.5836699797229819e-09,2.29658012398618e-10,0.439061139622023
trial_0017_bite_006_transfer,trial_0017_bite_006,trial_0017,transfer,retrieval,StrongLocal,True,101,1.0,True,0,1.0,101,True,0,4.920704077959998,0.6492358569462777,18.180797202261186,1260.4472745778248,0,0,0,0,True,6.832355323296501e-11,2.3090882760482826e-11,4.0814068101865734e-10,1.3791359857765255e-10,1.6564527527407336e-13,4.953610850155745e-14,6.832355323296501e-11,2.3090882760482826e-11,4.081406810186577e-10,1.3791359857765268e-10,0.397343518552729
trial_0017_bite_006_transfer,trial_0017_bite_006,trial_0017,transfer,retrieval,RobotSmooth,True,101,1.0,True,0,1.0,101,True,0,5.218408907937874,0.6919746063247629,17.881437090464942,1165.777163859384,0,0,0,0,True,1.284749693000501e-10,3.14675266563169e-11,7.674284101036563e-10,1.8791874746119873e-10,1.0391687510491465e-13,4.5235975422082883e-14,1.284749693000501e-10,3.14675266563169e-11,7.674284101036573e-10,1.879187474611989e-10,0.4390611396220283
trial_0017_bite_006_transfer,trial_0017_bite_006,trial_0017,transfer,contextual_promp,B0,True,101,1.0,True,0,1.0,101,True,0,4.02758162128499,0.5253177584827828,1.5942488951974128,14.664397499444474,0,0,0,0,True,8.268429702613768e-11,3.180590540976575e-11,4.938601321775658e-10,1.899374131325152e-10,1.1723955140041653e-13,4.0308246215592436e-14,8.268429702613768e-11,3.180590540976575e-11,4.938601321775662e-10,1.8993741313251536e-10,0.5156422044228535
trial_0017_bite_006_transfer,trial_0017_bite_006,trial_0017,transfer,contextual_promp,StrongLocal,True,101,1.0,True,0,1.0,101,True,0,3.758218526765388,0.4745510632205906,3.7505201477954815,242.76175865589155,0,0,0,0,True,7.779356847165123e-11,2.3646309460913247e-11,4.645262139524581e-10,1.4120281393046386e-10,1.5010215292932116e-13,4.460621236244692e-14,7.779356847165123e-11,2.3646309460913247e-11,4.645262139524585e-10,1.4120281393046396e-10,0.4617507744453917
trial_0017_bite_006_transfer,trial_0017_bite_006,trial_0017,transfer,contextual_promp,RobotSmooth,True,101,1.0,True,0,1.0,101,True,0,4.027581621347066,0.5253177585032767,1.5942488954494884,14.664397805677327,0,0,0,0,True,1.3570133976103688e-10,3.698883467882131e-11,8.104694575200683e-10,2.208851815113696e-10,9.281464485866309e-14,3.645392867369546e-14,1.3570133976103688e-10,3.698883467882131e-11,8.104694575200691e-10,2.2088518151136978e-10,0.5156422044228588
trial_0017_bite_006_withdrawal,trial_0017_bite_006,trial_0017,withdrawal,retrieval,B0,True,101,1.0,True,0,1.0,101,True,0,6.873274280199691,1.2574435970823659,27.466609962698417,3346.5462073348763,0,0,0,0,True,1.9609636700263075e-10,5.062219065390201e-11,1.1710881921880713e-09,3.023018302249411e-10,1.3145040611561853e-13,4.541413482670659e-14,1.9609636700263075e-10,5.062219065390201e-11,1.1710881921880724e-09,3.0230183022494134e-10,0.4202547896244577
trial_0017_bite_006_withdrawal,trial_0017_bite_006,trial_0017,withdrawal,retrieval,StrongLocal,True,101,1.0,True,0,1.0,101,True,0,6.853390091053468,1.2574917926527476,32.77930031920525,4293.79223226509,0,0,0,0,True,1.8230498188353318e-10,4.138279184514726e-11,1.0883956433384922e-09,2.471102794642938e-10,1.4166445794216997e-13,3.648070094926766e-14,1.8230498188353318e-10,4.138279184514726e-11,1.0883956433384932e-09,2.47110279464294e-10,0.4175568683385946
trial_0017_bite_006_withdrawal,trial_0017_bite_006,trial_0017,withdrawal,retrieval,RobotSmooth,True,101,1.0,True,0,1.0,101,True,0,6.873274276719155,1.2574435966775808,27.466609796995467,3346.5461785412663,0,0,0,0,True,3.4689241558042083e-10,5.854342656195233e-11,2.0715289130756247e-09,3.496139833863435e-10,1.4432899320127035e-13,4.3823236027050123e-14,3.4689241558042083e-10,5.854342656195233e-11,2.0715289130756263e-09,3.4961398338634383e-10,0.42025478962487517
trial_0017_bite_006_withdrawal,trial_0017_bite_006,trial_0017,withdrawal,contextual_promp,B0,True,101,1.0,True,0,1.0,101,True,0,5.767559452613864,1.0679703859766312,5.413570182301684,62.77438610217701,0,0,0,0,True,3.6390783141705095e-10,7.451739809040579e-11,2.173297695171113e-09,4.450097313072231e-10,1.4654943925052066e-13,4.368169535566784e-14,3.6390783141705095e-10,7.451739809040579e-11,2.1732976951711152e-09,4.450097313072234e-10,0.47554020426957955
trial_0017_bite_006_withdrawal,trial_0017_bite_006,trial_0017,withdrawal,contextual_promp,StrongLocal,True,101,1.0,True,0,1.0,101,True,0,5.132028616505716,1.0003963481024645,5.625198347164281,164.42507620033652,0,0,0,0,True,1.9267069253971697e-10,5.906339162553247e-11,1.150661813200672e-09,3.52707825893985e-10,1.4077627952246985e-13,3.369316579653991e-14,1.9267069253971697e-10,5.906339162553247e-11,1.150661813200673e-09,3.527078258939853e-10,0.5481547092693049
trial_0017_bite_006_withdrawal,trial_0017_bite_006,trial_0017,withdrawal,contextual_promp,RobotSmooth,True,101,1.0,True,0,1.0,101,True,0,5.767559453560014,1.0679703859328114,5.413570181307503,62.77438610018447,0,0,0,0,True,6.57212378343784e-10,8.869536439997322e-11,3.924595129778944e-09,5.296535777381726e-10,1.98507876802978e-13,5.1301567845686957e-14,6.57212378343784e-10,8.869536439997322e-11,3.9245951297789474e-09,5.296535777381731e-10,0.47554020426957955
trial_0017_bite_007_transfer,trial_0017_bite_007,trial_0017,transfer,retrieval,B0,True,101,1.0,True,0,1.0,101,True,0,4.593945953034918,0.6099836339487648,16.6063128698995,1090.7687117824323,0,0,0,0,True,1.9605477938894768e-10,3.7397375853260575e-11,1.1707771659982793e-09,2.2334643331320657e-10,1.1901590823981678e-13,5.102552474660012e-14,1.9605477938894768e-10,3.7397375853260575e-11,1.17077716599828e-09,2.233464333132067e-10,0.3959782827912637
trial_0017_bite_007_transfer,trial_0017_bite_007,trial_0017,transfer,retrieval,StrongLocal,True,101,1.0,True,0,1.0,101,True,0,4.387734670084115,0.5749489188585861,16.888380174453033,1181.8790098400884,0,0,0,0,True,8.009841082226229e-11,2.237938458109912e-11,4.784877995109787e-10,1.3365763594671722e-10,1.2922996006636822e-13,5.226066439443112e-14,8.009841082226229e-11,2.237938458109912e-11,4.78487799510979e-10,1.3365763594671733e-10,0.3698270936074064
trial_0017_bite_007_transfer,trial_0017_bite_007,trial_0017,transfer,retrieval,RobotSmooth,True,101,1.0,True,0,1.0,101,True,0,4.593945950721959,0.6099836339091499,16.606312838845856,1090.7687040777662,0,0,0,0,True,1.1167550152560477e-10,3.3994076753371846e-11,6.669415198328915e-10,2.0302782934034427e-10,1.2034817586936697e-13,5.00856058710764e-14,1.1167550152560477e-10,3.3994076753371846e-11,6.669415198328923e-10,2.0302782934034442e-10,0.3959782827915399
trial_0017_bite_007_transfer,trial_0017_bite_007,trial_0017,transfer,contextual_promp,B0,True,101,1.0,True,0,1.0,101,True,0,3.642901697302168,0.4702465531045818,1.3215190770451686,10.372362156017994,0,0,0,0,True,1.580440354287046e-10,3.8584809161475984e-11,9.439178421015277e-10,2.304354006934038e-10,1.0746958878371515e-13,4.333993611547369e-14,1.580440354287046e-10,3.8584809161475984e-11,9.439178421015283e-10,2.3043540069340394e-10,0.44556297499420827
trial_0017_bite_007_transfer,trial_0017_bite_007,trial_0017,transfer,contextual_promp,StrongLocal,True,101,1.0,True,0,1.0,101,True,0,3.4069531850530694,0.4307374450064187,3.5946424349946215,237.24128025640786,0,0,0,0,True,1.0289415098533179e-10,2.980146550790823e-11,6.144669709219011e-10,1.779627986661896e-10,1.2168044349891716e-13,4.846647623363823e-14,1.0289415098533179e-10,2.980146550790823e-11,6.144669709219015e-10,1.7796279866618973e-10,0.4159398919713193
trial_0017_bite_007_transfer,trial_0017_bite_007,trial_0017,transfer,contextual_promp,RobotSmooth,True,101,1.0,True,0,1.0,101,True,0,3.642901697811958,0.47024655310194513,1.3215190768182918,10.372362174978873,0,0,0,0,True,1.1253915099960116e-10,3.9052151066234766e-11,6.718188061003687e-10,2.3320525256052983e-10,1.141309269314661e-13,4.72409258430047e-14,1.1253915099960116e-10,3.9052151066234766e-11,6.718188061003691e-10,2.3320525256053e-10,0.44556297499422004
trial_0017_bite_007_withdrawal,trial_0017_bite_007,trial_0017,withdrawal,retrieval,B0,True,101,1.0,True,0,1.0,101,True,0,7.462248678722141,1.4010846263558199,23.061352829927415,2928.4487695546686,0,0,0,0,True,1.4562260256444856e-09,1.871391225994651e-10,8.69606619290064e-09,1.11754476033402e-09,4.4222403516869235e-12,5.112198357440947e-13,1.4562260256444856e-09,1.871391225994651e-10,8.696066192900648e-09,1.117544760334021e-09,0.22703588229731153
trial_0017_bite_007_withdrawal,trial_0017_bite_007,trial_0017,withdrawal,retrieval,StrongLocal,True,101,1.0,True,0,1.0,101,True,0,6.961614855274176,1.327829417999071,27.451468331341825,3451.117827016798,0,0,0,0,True,5.331296539801057e-10,9.27364719630124e-11,3.1837386091328097e-09,5.53804378661631e-10,2.0472512574087887e-13,4.245928928609604e-14,5.331296539801057e-10,9.27364719630124e-11,3.1837386091328126e-09,5.538043786616316e-10,0.3180310558543926
trial_0017_bite_007_withdrawal,trial_0017_bite_007,trial_0017,withdrawal,retrieval,RobotSmooth,True,101,1.0,True,0,1.0,101,True,0,7.179691191290287,1.3414777227787287,54.50441899103302,7501.876615591909,0,0,0,0,True,2.9064512283081704e-10,8.1354250910439e-11,1.735702325894871e-09,4.858246717300637e-10,1.199040866595169e-13,3.4170391807517434e-14,2.9064512283081704e-10,8.1354250910439e-11,1.7357023258948723e-09,4.858246717300642e-10,0.3455048775989833
trial_0017_bite_007_withdrawal,trial_0017_bite_007,trial_0017,withdrawal,contextual_promp,B0,True,101,1.0,True,0,1.0,101,True,0,5.420720911671966,0.9677936812193041,4.442162634065202,49.58556041607753,0,0,0,0,True,4.6010300219629054e-10,7.00760223823034e-11,2.747524488490734e-09,4.184791062858675e-10,1.3988810110276972e-13,4.2752691962297386e-14,4.6010300219629054e-10,7.00760223823034e-11,2.7475244884907366e-09,4.184791062858678e-10,0.34530653442422476
trial_0017_bite_007_withdrawal,trial_0017_bite_007,trial_0017,withdrawal,contextual_promp,StrongLocal,True,101,1.0,True,0,1.0,101,True,0,4.839451655730992,0.8911561007302637,4.680130443453575,174.61058879107728,0,0,0,0,True,2.4243408910496073e-10,5.027157490602072e-11,1.4477100661070848e-09,3.0020572323443796e-10,7.72715225139109e-14,2.7475743025157153e-14,2.4243408910496073e-10,5.027157490602072e-11,1.447710066107086e-09,3.0020572323443817e-10,0.46680648292040416
trial_0017_bite_007_withdrawal,trial_0017_bite_007,trial_0017,withdrawal,contextual_promp,RobotSmooth,True,101,1.0,True,0,1.0,101,True,0,5.420720911814801,0.9677936812536877,4.442162635430239,49.58556046953179,0,0,0,0,True,4.6014491820826886e-10,7.368444711574228e-11,2.7479621515207413e-09,4.400323914036184e-10,1.3988810110276972e-13,4.276753297683947e-14,4.6014491820826886e-10,7.368444711574228e-11,2.7479621515207434e-09,4.400323914036187e-10,0.34530653442422476
trial_0017_bite_008_withdrawal,trial_0017_bite_008,trial_0017,withdrawal,retrieval,B0,True,101,1.0,True,0,1.0,101,True,0,3.962031702862876,0.8233948270610193,42.99708588966248,6413.200019686258,0,0,0,0,True,6.716067889620917e-11,2.8347760166697858e-11,4.010868090345167e-10,1.6929286165378056e-10,8.79296635503124e-14,3.4427400954189717e-14,6.716067889620917e-11,2.8347760166697858e-11,4.01086809034517e-10,1.6929286165378071e-10,0.522244139889791
trial_0017_bite_008_withdrawal,trial_0017_bite_008,trial_0017,withdrawal,retrieval,StrongLocal,True,101,1.0,True,0,1.0,101,True,0,4.074189405472218,0.8262280991859351,46.919947172631446,7047.212414264987,0,0,0,0,True,2.472121182007996e-10,4.416087212465805e-11,1.476283018945947e-09,2.6372166951920746e-10,8.659739592076221e-14,3.417744833807815e-14,2.472121182007996e-10,4.416087212465805e-11,1.4762830189459482e-09,2.6372166951920767e-10,0.52142816571385
trial_0017_bite_008_withdrawal,trial_0017_bite_008,trial_0017,withdrawal,retrieval,RobotSmooth,True,101,1.0,True,0,1.0,101,True,0,3.9620317057528998,0.8233948272376848,42.997085923774584,6413.200024107911,0,0,0,0,True,6.508212831494021e-11,2.5457016786852247e-11,3.8871050330037723e-10,1.5200533653382982e-10,8.79296635503124e-14,3.476199462563067e-14,6.508212831494021e-11,2.5457016786852247e-11,3.887105033003775e-10,1.5200533653382995e-10,0.522244139889791
trial_0017_bite_008_withdrawal,trial_0017_bite_008,trial_0017,withdrawal,contextual_promp,B0,True,101,1.0,True,0,1.0,101,True,0,5.5624705695326995,1.0452144572975859,4.92221222043025,52.435483453217586,0,0,0,0,True,2.3997039250272974e-10,5.0235887268366035e-11,1.4329759472303235e-09,2.999961832345952e-10,1.0036416142611415e-13,3.672002862538392e-14,2.3997039250272974e-10,5.0235887268366035e-11,1.4329759472303248e-09,2.999961832345955e-10,0.1982738834610389
trial_0017_bite_008_withdrawal,trial_0017_bite_008,trial_0017,withdrawal,contextual_promp,StrongLocal,True,101,1.0,True,0,1.0,101,True,0,5.134640189909849,0.975595663667583,5.3026945721717,214.4422889890802,0,0,0,0,True,3.196592442949575e-10,7.417186666363666e-11,1.9089925055212242e-09,4.42946555983255e-10,9.459100169806334e-14,3.018788050268746e-14,3.196592442949575e-10,7.417186666363666e-11,1.908992505521226e-09,4.4294655598325534e-10,0.3449726693910051
trial_0017_bite_008_withdrawal,trial_0017_bite_008,trial_0017,withdrawal,contextual_promp,RobotSmooth,True,101,1.0,True,0,1.0,101,True,0,5.562470571672374,1.0452144575240359,4.922212203438866,52.43548339777162,0,0,0,0,True,2.2083031243820578e-10,5.6157661424423765e-11,1.3187813241123679e-09,3.3534913346882867e-10,1.1457501614131615e-13,4.0858931395865036e-14,2.2083031243820578e-10,5.6157661424423765e-11,1.3187813241123687e-09,3.353491334688289e-10,0.19827388346292807
trial_0017_bite_009_transfer,trial_0017_bite_009,trial_0017,transfer,retrieval,B0,True,59,0.5841584158415841,False,1,0.9830508474576272,58,False,0,4.159248983634067,1.2300492238103746,24.795243107123795,1105.9160614408802,0,42,0,0,True,4.4309037180155524e-11,1.7369089430656372e-11,2.6457518789850144e-10,1.0372103369209301e-10,8.602007994795713e-13,1.2951955194818372e-13,4.4309037180155524e-11,1.7369089430656372e-11,2.6457518789850155e-10,1.0372103369209307e-10,0.2024520431628256
trial_0017_bite_009_transfer,trial_0017_bite_009,trial_0017,transfer,retrieval,StrongLocal,True,58,0.5742574257425742,False,0,1.0,58,False,0,4.474968914089909,1.5396057161688652,35.48534559537057,1503.1633855794528,0,43,0,0,True,3.3235311296429905e-11,1.1763379124010317e-11,1.9824547115426377e-10,7.023306350227224e-11,1.5720758028692217e-13,5.915320239436339e-14,3.3235311296429905e-11,1.1763379124010317e-11,1.9824547115426395e-10,7.02330635022723e-11,0.2610998841276422
trial_0017_bite_009_transfer,trial_0017_bite_009,trial_0017,transfer,retrieval,RobotSmooth,True,60,0.594059405940594,False,0,1.0,60,False,0,4.661790938462117,1.5819795666189784,88.78155180201281,5641.943384642586,0,0,1,41,True,5.791018084469303e-11,1.776057676137103e-11,3.4567301723634063e-10,1.060420029594667e-10,1.7408297026122455e-13,6.036281665997149e-14,5.791018084469303e-11,1.776057676137103e-11,3.4567301723634094e-10,1.060420029594668e-10,0.3119688259794071
trial_0017_bite_009_transfer,trial_0017_bite_009,trial_0017,transfer,contextual_promp,B0,True,80,0.7920792079207921,False,1,0.9875,77,False,0,5.460888242412969,1.4248696899270978,30.65526586296286,1234.9498711392253,0,21,0,0,True,1.595173332148382e-10,2.4367530160679166e-11,9.526578832076699e-10,1.4552801059079813e-10,1.899369550528718e-12,2.6951354859103e-13,1.595173332148382e-10,2.4367530160679166e-11,9.526578832076705e-10,1.455280105907982e-10,0.15849873712185847
trial_0017_bite_009_transfer,trial_0017_bite_009,trial_0017,transfer,contextual_promp,StrongLocal,True,77,0.7623762376237624,False,1,0.987012987012987,75,False,0,4.858170282513202,1.1928339076525658,22.085198292930606,773.5679035089325,0,24,0,0,True,4.273164283410294e-11,1.4551834041532953e-11,2.55191399177149e-10,8.692815108420505e-11,5.693223670277803e-13,1.1346710400036166e-13,4.273164283410294e-11,1.4551834041532953e-11,2.551913991771491e-10,8.69281510842051e-11,0.16191352387897684
trial_0017_bite_009_transfer,trial_0017_bite_009,trial_0017,transfer,contextual_promp,RobotSmooth,True,84,0.8316831683168316,False,0,1.0,84,False,0,7.124762498521731,1.7344288788462705,123.59942248434305,12949.733289108068,0,0,1,17,True,7.584717005435357e-11,2.0081720584564365e-11,4.528873999758877e-10,1.1994577816739314e-10,2.8332891588433995e-13,8.458800392831235e-14,7.584717005435357e-11,2.0081720584564365e-11,4.52887399975888e-10,1.1994577816739322e-10,0.2392689180525691
trial_0017_bite_009_withdrawal,trial_0017_bite_009,trial_0017,withdrawal,retrieval,B0,True,101,1.0,True,0,1.0,101,True,0,6.528555323412984,1.208009713790645,26.281042621604225,3180.899082584534,0,0,0,0,True,1.9593583474227738e-10,5.481727396932202e-11,1.1700967583707007e-09,3.273540481454587e-10,8.304468224196171e-14,3.05849420694218e-14,1.9593583474227738e-10,5.481727396932202e-11,1.1700967583707017e-09,3.27354048145459e-10,0.3783325148124428
trial_0017_bite_009_withdrawal,trial_0017_bite_009,trial_0017,withdrawal,retrieval,StrongLocal,True,101,1.0,True,0,1.0,101,True,0,6.518812583728465,1.2096337007492044,31.803776086592777,4176.168814131189,0,0,0,0,True,1.270617345500987e-10,3.771995024326929e-11,7.586341448038186e-10,2.2524744805104842e-10,1.0169642905566434e-13,3.132957283378193e-14,1.270617345500987e-10,3.771995024326929e-11,7.58634144803819e-10,2.252474480510486e-10,0.499516743586657
trial_0017_bite_009_withdrawal,trial_0017_bite_009,trial_0017,withdrawal,retrieval,RobotSmooth,True,101,1.0,True,0,1.0,101,True,0,6.528555322545474,1.208009713580161,26.281042556224428,3180.899068224129,0,0,0,0,True,2.249083222147757e-10,4.164940558120904e-11,1.3430549104611674e-09,2.487191409745025e-10,1.176836406102666e-13,3.276983813463444e-14,2.249083222147757e-10,4.164940558120904e-11,1.3430549104611685e-09,2.487191409745027e-10,0.3783325148124428
trial_0017_bite_009_withdrawal,trial_0017_bite_009,trial_0017,withdrawal,contextual_promp,B0,True,101,1.0,True,0,1.0,101,True,0,5.644321650239238,1.052509386558081,5.150478928606528,56.74710802916793,0,0,0,0,True,2.624273164448379e-10,6.329771857904599e-11,1.5672883620566889e-09,3.7801482202308493e-10,1.3677947663381929e-13,4.578980640419128e-14,2.624273164448379e-10,6.329771857904599e-11,1.5672883620566899e-09,3.7801482202308524e-10,0.3826699262444757
trial_0017_bite_009_withdrawal,trial_0017_bite_009,trial_0017,withdrawal,contextual_promp,StrongLocal,True,101,1.0,True,0,1.0,101,True,0,5.203475378338897,0.9910529754310589,5.336928679123786,153.76639838579607,0,0,0,0,True,3.3302439654635035e-10,6.711822763184874e-11,1.9886936268753305e-09,4.007990875527288e-10,9.50350909079134e-14,2.855868017049101e-14,3.3302439654635035e-10,6.711822763184874e-11,1.9886936268753318e-09,4.0079908755272906e-10,0.4999934397165058
trial_0017_bite_009_withdrawal,trial_0017_bite_009,trial_0017,withdrawal,contextual_promp,RobotSmooth,True,101,1.0,True,0,1.0,101,True,0,5.644321649846983,1.052509386555636,5.150478932388842,56.747108097434555,0,0,0,0,True,4.1867703335357513e-10,6.743785042024943e-11,2.5002375186181408e-09,4.027452204258345e-10,1.4077627952246985e-13,4.101162013970375e-14,4.1867703335357513e-10,6.743785042024943e-11,2.500237518618143e-09,4.027452204258348e-10,0.38266992624417995
trial_0017_bite_010_transfer,trial_0017_bite_010,trial_0017,transfer,retrieval,B0,True,101,1.0,True,0,1.0,101,True,0,3.724774619335308,0.4699078895941713,6.882198991301813,764.3038188284712,0,0,0,0,True,7.09123537695162e-11,2.3782846945047807e-11,4.235799163236111e-10,1.4203326253664798e-10,1.234568003383174e-13,4.335851679826969e-14,7.09123537695162e-11,2.3782846945047807e-11,4.2357991632361144e-10,1.4203326253664811e-10,0.2974962410322295
trial_0017_bite_010_transfer,trial_0017_bite_010,trial_0017,transfer,retrieval,StrongLocal,True,101,1.0,True,0,1.0,101,True,0,3.5227989832567026,0.43518703523559343,8.250607998516346,931.8238323093594,0,0,0,0,True,5.336043526285531e-11,2.0360407345556188e-11,3.1864681378520773e-10,1.2160321174721716e-10,1.7363888105137448e-13,4.763783600877099e-14,5.336043526285531e-11,2.0360407345556188e-11,3.18646813785208e-10,1.2160321174721727e-10,0.2888795776869344
trial_0017_bite_010_transfer,trial_0017_bite_010,trial_0017,transfer,retrieval,RobotSmooth,True,101,1.0,True,0,1.0,101,True,0,3.7247746219783124,0.469907889671222,6.882199088035103,764.3038351242628,0,0,0,0,True,5.236634277389622e-11,1.9987712166191653e-11,3.1287855404790693e-10,1.1938309776178777e-10,1.0746958878371515e-13,4.599149122437723e-14,5.236634277389622e-11,1.9987712166191653e-11,3.128785540479072e-10,1.1938309776178788e-10,0.2974962410322295
trial_0017_bite_010_transfer,trial_0017_bite_010,trial_0017,transfer,contextual_promp,B0,True,101,1.0,True,0,1.0,101,True,0,3.517917286328914,0.4495826480892445,1.3264855931568607,8.727931183716267,0,0,0,0,True,4.9414716172573995e-11,2.1048406993061172e-11,2.951439488449549e-10,1.256944138820814e-10,1.1102230246251565e-13,4.950902076743105e-14,4.9414716172573995e-11,2.1048406993061172e-11,2.951439488449552e-10,1.256944138820815e-10,0.3012955114099194
trial_0017_bite_010_transfer,trial_0017_bite_010,trial_0017,transfer,contextual_promp,StrongLocal,True,101,1.0,True,0,1.0,101,True,0,3.3274193896135222,0.4210546076732008,3.433824520717569,223.54939392919715,0,0,0,0,True,5.316279008686228e-11,1.7531991167429607e-11,3.1742631823213083e-10,1.0471539881360973e-10,1.4788170688007085e-13,5.757475230097636e-14,5.316279008686228e-11,1.7531991167429607e-11,3.1742631823213125e-10,1.0471539881360982e-10,0.29084618608562707
trial_0017_bite_010_transfer,trial_0017_bite_010,trial_0017,transfer,contextual_promp,RobotSmooth,True,101,1.0,True,0,1.0,101,True,0,3.5179172863657113,0.4495826480919739,1.326485593260018,8.727931195604828,0,0,0,0,True,5.4345405566452865e-11,1.992174480120654e-11,3.246961324963669e-10,1.189768690263541e-10,1.580957587066223e-13,5.117869066644956e-14,5.4345405566452865e-11,1.992174480120654e-11,3.2469613249636714e-10,1.1897686902635421e-10,0.3012955114099194
trial_0017_bite_010_withdrawal,trial_0017_bite_010,trial_0017,withdrawal,retrieval,B0,True,101,1.0,True,1,0.9900990099009901,89,False,0,7.191747645090145,1.443411393961784,19.085993516063773,1815.1135445300056,0,0,0,0,True,1.5527739285585494e-09,2.7253255815798434e-10,9.272979019798094e-09,1.6275010534804337e-09,2.5570656703166605e-12,3.9020101074104564e-13,1.5527739285585494e-09,2.7253255815798434e-10,9.272979019798103e-09,1.627501053480435e-09,0.22972031844915275
trial_0017_bite_010_withdrawal,trial_0017_bite_010,trial_0017,withdrawal,retrieval,StrongLocal,True,101,1.0,True,0,1.0,101,True,0,7.042235165787371,1.3642649597100147,21.37210992801555,2209.1815428900977,0,0,0,0,True,5.864836481495527e-10,1.2349412180121968e-10,3.502190809319757e-09,7.374686026454843e-10,1.6697754290362354e-13,5.315029500735165e-14,5.864836481495527e-10,1.2349412180121968e-10,3.50219080931976e-09,7.374686026454849e-10,0.2819071198380527
trial_0017_bite_010_withdrawal,trial_0017_bite_010,trial_0017,withdrawal,retrieval,RobotSmooth,True,101,1.0,True,0,1.0,101,True,0,7.1316549255643515,1.3945987614270317,40.77677454004716,5314.772265478811,0,0,0,0,True,7.94745382318859e-10,1.4968681231135404e-10,4.745886605983826e-09,8.93878318581267e-10,1.7763568394002505e-13,5.5033915558225734e-14,7.94745382318859e-10,1.4968681231135404e-10,4.7458866059838305e-09,8.938783185812679e-10,0.2768396526123995
trial_0017_bite_010_withdrawal,trial_0017_bite_010,trial_0017,withdrawal,contextual_promp,B0,True,101,1.0,True,0,1.0,101,True,0,5.2998859134223615,0.96177388466339,4.566357028406998,52.661104387334035,0,0,0,0,True,1.9087813761546942e-10,4.5754881386403235e-11,1.1397477504696496e-09,2.732278804120165e-10,1.5010215292932116e-13,4.832406989845211e-14,1.9087813761546942e-10,4.5754881386403235e-11,1.1397477504696506e-09,2.732278804120167e-10,0.42253443025490167
trial_0017_bite_010_withdrawal,trial_0017_bite_010,trial_0017,withdrawal,contextual_promp,StrongLocal,True,101,1.0,True,0,1.0,101,True,0,4.92296568210514,0.9012353940415899,4.852616692909227,179.3370923666561,0,0,0,0,True,3.290340465133473e-10,6.347089884861015e-11,1.9648387669397185e-09,3.7901592029341184e-10,8.570921750106208e-14,2.647892226200352e-14,3.290340465133473e-10,6.347089884861015e-11,1.96483876693972e-09,3.7901592029341205e-10,0.5380637695102592
trial_0017_bite_010_withdrawal,trial_0017_bite_010,trial_0017,withdrawal,contextual_promp,RobotSmooth,True,101,1.0,True,0,1.0,101,True,0,5.299885912849054,0.9617738845569302,4.566357042301374,52.661104778099045,0,0,0,0,True,2.526790071590032e-10,5.6096465752349945e-11,1.5087952642423165e-09,3.3499549951151975e-10,1.687538997430238e-13,4.333045126635619e-14,2.526790071590032e-10,5.6096465752349945e-11,1.5087952642423176e-09,3.3499549951151996e-10,0.4225344302539922
trial_0017_bite_011_transfer,trial_0017_bite_011,trial_0017,transfer,retrieval,B0,True,101,1.0,True,0,1.0,101,True,0,4.448699845209644,0.5935440615946291,16.41688263693248,1081.2530252923236,0,0,0,0,True,8.280673190659838e-11,2.6177821379460045e-11,4.945217351528147e-10,1.5632488198030467e-10,1.2567724638756772e-13,5.219413422026085e-14,8.280673190659838e-11,2.6177821379460045e-11,4.945217351528152e-10,1.563248819803048e-10,0.41279506813228406
trial_0017_bite_011_transfer,trial_0017_bite_011,trial_0017,transfer,retrieval,StrongLocal,True,101,1.0,True,0,1.0,101,True,0,4.244196114345972,0.5583676432658264,16.597316732836894,1164.1791870259324,0,0,0,0,True,5.602329522254095e-11,1.908684773413228e-11,3.3457801372592477e-10,1.1398002259412416e-10,1.341149413747189e-13,4.939561978139923e-14,5.602329522254095e-11,1.908684773413228e-11,3.345780137259251e-10,1.1398002259412425e-10,0.3846288754786107
trial_0017_bite_011_transfer,trial_0017_bite_011,trial_0017,transfer,retrieval,RobotSmooth,True,101,1.0,True,0,1.0,101,True,0,4.448699844970531,0.5935440615627421,16.416882633735458,1081.2530242316036,0,0,0,0,True,7.305874382805538e-11,2.5541843227711608e-11,4.361553853214753e-10,1.525245814849549e-10,1.2567724638756772e-13,4.8956781025898284e-14,7.305874382805538e-11,2.5541843227711608e-11,4.361553853214757e-10,1.5252458148495506e-10,0.41279506813228406
trial_0017_bite_011_transfer,trial_0017_bite_011,trial_0017,transfer,contextual_promp,B0,True,101,1.0,True,0,1.0,101,True,0,3.4197666103624798,0.44122984957164524,1.2736878964479719,10.908905024205623,0,0,0,0,True,1.3089728904462974e-10,3.5341964721739274e-11,7.816855081924603e-10,2.110626421702773e-10,9.50350909079134e-14,3.725677323682867e-14,1.3089728904462974e-10,3.5341964721739274e-11,7.81685508192461e-10,2.1106264217027746e-10,0.45407610149094424
trial_0017_bite_011_transfer,trial_0017_bite_011,trial_0017,transfer,contextual_promp,StrongLocal,True,101,1.0,True,0,1.0,101,True,0,3.185153957050491,0.39977626223090934,3.567254204987072,237.47566995414678,0,0,0,0,True,5.3343776551629996e-11,2.2178311947820325e-11,3.186753813722579e-10,1.324296452949667e-10,1.1191048088221578e-13,4.3993291528978125e-14,5.3343776551629996e-11,2.2178311947820325e-11,3.1867538137225823e-10,1.3242964529496684e-10,0.42072096915890156
trial_0017_bite_011_transfer,trial_0017_bite_011,trial_0017,transfer,contextual_promp,RobotSmooth,True,101,1.0,True,0,1.0,101,True,0,3.419766608961095,0.4412298495652394,1.2736878960709173,10.90890487421959,0,0,0,0,True,9.294694958872894e-11,2.7992169792338185e-11,5.551459905609613e-10,1.6716392193586227e-10,9.50350909079134e-14,3.87989618855456e-14,9.294694958872894e-11,2.7992169792338185e-11,5.551459905609619e-10,1.671639219358624e-10,0.45407610149094424
trial_0017_bite_011_withdrawal,trial_0017_bite_011,trial_0017,withdrawal,retrieval,B0,True,101,1.0,True,0,1.0,101,True,0,6.980780703807234,1.371979119928715,18.27017398811445,1764.3844534912278,0,0,0,0,True,7.115408567464052e-10,1.58686978677655e-10,4.248931693210382e-09,9.476129572655962e-10,4.614086890342151e-13,1.0177155220898141e-13,7.115408567464052e-10,1.58686978677655e-10,4.248931693210384e-09,9.476129572655969e-10,0.18212877471763989
trial_0017_bite_011_withdrawal,trial_0017_bite_011,trial_0017,withdrawal,retrieval,StrongLocal,True,101,1.0,True,0,1.0,101,True,0,6.845146296923186,1.3030845216474976,20.753222321343703,2191.949272544735,0,0,0,0,True,3.944948888152085e-10,8.095023263747787e-11,2.3560091338411034e-09,4.833978310239468e-10,9.636735853746359e-14,3.7392634187499695e-14,3.944948888152085e-10,8.095023263747787e-11,2.3560091338411055e-09,4.833978310239472e-10,0.2960718352364893
trial_0017_bite_011_withdrawal,trial_0017_bite_011,trial_0017,withdrawal,retrieval,RobotSmooth,True,101,1.0,True,0,1.0,101,True,0,6.880200995507925,1.346289990950447,41.15981214401303,5356.964271715674,0,0,0,0,True,7.854377129817227e-10,1.2460525026182462e-10,4.690547639398284e-09,7.441206578155977e-10,1.3367085216486885e-13,4.5664904559361955e-14,7.854377129817227e-10,1.2460525026182462e-10,4.690547639398289e-09,7.441206578155983e-10,0.2593046017905394
trial_0017_bite_011_withdrawal,trial_0017_bite_011,trial_0017,withdrawal,contextual_promp,B0,True,101,1.0,True,0,1.0,101,True,0,5.48364688747224,1.001642022397789,4.4177569591717845,45.950269533056264,0,0,0,0,True,1.6192870152945597e-10,4.9959040927021205e-11,9.66954130102687e-10,2.983322530086367e-10,2.2604140781368187e-13,4.848748196624539e-14,1.6192870152945597e-10,4.9959040927021205e-11,9.66954130102688e-10,2.983322530086369e-10,0.2526312754062552
trial_0017_bite_011_withdrawal,trial_0017_bite_011,trial_0017,withdrawal,contextual_promp,StrongLocal,True,101,1.0,True,0,1.0,101,True,0,4.961044679504827,0.9256627852062921,4.677028973449176,181.11983562554977,0,0,0,0,True,3.022239471689658e-10,7.392328587103194e-11,1.804708752743618e-09,4.414469797863568e-10,7.505107646466058e-14,2.3993394118820528e-14,3.022239471689658e-10,7.392328587103194e-11,1.8047087527436196e-09,4.414469797863572e-10,0.3622294314222376
trial_0017_bite_011_withdrawal,trial_0017_bite_011,trial_0017,withdrawal,contextual_promp,RobotSmooth,True,101,1.0,True,0,1.0,101,True,0,5.483646887527275,1.0016420223665512,4.417756915615429,45.95026656094453,0,0,0,0,True,5.690356367453546e-10,7.700751422868194e-11,3.398176594672865e-09,4.5986974912555337e-10,2.2604140781368187e-13,4.568961308738705e-14,5.690356367453546e-10,7.700751422868194e-11,3.398176594672868e-09,4.598697491255538e-10,0.2526312754062552
trial_0017_bite_012_transfer,trial_0017_bite_012,trial_0017,transfer,retrieval,B0,True,101,1.0,True,0,1.0,101,True,0,4.56316381565005,0.6078177587894293,16.310617579916844,1081.4181110898928,0,0,0,0,True,7.830861209413791e-11,2.523094851065337e-11,4.674834758534414e-10,1.506552543383504e-10,1.3233858453531866e-13,4.856992658824344e-14,7.830861209413791e-11,2.523094851065337e-11,4.674834758534418e-10,1.5065525433835054e-10,0.47812666074075505
trial_0017_bite_012_transfer,trial_0017_bite_012,trial_0017,transfer,retrieval,StrongLocal,True,101,1.0,True,0,1.0,101,True,0,4.353383648949237,0.5726244007838408,16.487386296168435,1161.5609903037418,0,0,0,0,True,5.224439587908809e-11,1.9292201818360676e-11,3.118481956541797e-10,1.1519664958895484e-10,1.5187850976872141e-13,5.445780273424815e-14,5.224439587908809e-11,1.9292201818360676e-11,3.118481956541799e-10,1.1519664958895493e-10,0.4331758940430879
trial_0017_bite_012_transfer,trial_0017_bite_012,trial_0017,transfer,retrieval,RobotSmooth,True,101,1.0,True,0,1.0,101,True,0,4.563163816016541,0.6078177587861869,16.310617564258408,1081.418107421977,0,0,0,0,True,8.98221415069661e-11,2.2142657712652694e-11,5.364486776043383e-10,1.3223653070390338e-10,1.7630341631047486e-13,5.777254178879527e-14,8.98221415069661e-11,2.2142657712652694e-11,5.364486776043387e-10,1.3223653070390348e-10,0.47812666074074883
trial_0017_bite_012_transfer,trial_0017_bite_012,trial_0017,transfer,contextual_promp,B0,True,101,1.0,True,0,1.0,101,True,0,3.4979779288064243,0.4578168720871964,1.3358631365139364,11.032503136031048,0,0,0,0,True,9.386513194290418e-11,2.5294198059284765e-11,5.605115608543753e-10,1.5104825485245157e-10,1.2434497875801753e-13,4.4172705631465934e-14,9.386513194290418e-11,2.5294198059284765e-11,5.605115608543756e-10,1.5104825485245165e-10,0.5113752349995393
trial_0017_bite_012_transfer,trial_0017_bite_012,trial_0017,transfer,contextual_promp,StrongLocal,True,101,1.0,True,0,1.0,101,True,0,3.2758673445938227,0.4180736724139648,3.476648200115831,228.22590669729172,0,0,0,0,True,4.318594719052326e-11,1.889823839621285e-11,2.577735485498591e-10,1.128587695840512e-10,1.1679546219056647e-13,4.2538682656457934e-14,4.318594719052326e-11,1.889823839621285e-11,2.577735485498593e-10,1.1285876958405128e-10,0.4796527794913359
trial_0017_bite_012_transfer,trial_0017_bite_012,trial_0017,transfer,contextual_promp,RobotSmooth,True,101,1.0,True,0,1.0,101,True,0,3.4979779288015678,0.45781687208858235,1.335863134627212,11.032503326299173,0,0,0,0,True,8.591461174754767e-11,2.5745375740484624e-11,5.131415620125904e-10,1.5374381892998347e-10,1.0524914273446484e-13,4.4197563587346564e-14,8.591461174754767e-11,2.5745375740484624e-11,5.131415620125908e-10,1.5374381892998357e-10,0.5113752349996774
trial_0017_bite_012_withdrawal,trial_0017_bite_012,trial_0017,withdrawal,retrieval,B0,True,101,1.0,True,0,1.0,101,True,0,7.232456488118427,1.4074478512866928,17.701073525347987,1697.3511882255384,0,0,0,0,True,7.821584391237851e-10,1.5085691880797294e-10,4.6709527989319055e-09,9.008814175519328e-10,2.282618538629322e-13,6.73134015196922e-14,7.821584391237851e-10,1.5085691880797294e-10,4.67095279893191e-09,9.008814175519335e-10,0.17155632172579516
trial_0017_bite_012_withdrawal,trial_0017_bite_012,trial_0017,withdrawal,retrieval,StrongLocal,True,101,1.0,True,0,1.0,101,True,0,7.012912598918701,1.3352301605244015,20.37410002412711,2161.6275943530864,0,0,0,0,True,3.1378200054376857e-10,8.297971948536537e-11,1.873968051198138e-09,4.955475856852868e-10,7.593925488436071e-14,2.9645529809742144e-14,3.1378200054376857e-10,8.297971948536537e-11,1.8739680511981398e-09,4.955475856852872e-10,0.3027862674371118
trial_0017_bite_012_withdrawal,trial_0017_bite_012,trial_0017,withdrawal,retrieval,RobotSmooth,True,101,1.0,True,0,1.0,101,True,0,7.129614218393949,1.3803692856486454,41.42017301639513,5426.154320391903,0,0,0,0,True,6.493530372039357e-10,1.408007352937281e-10,3.877808212427042e-09,8.408203919267261e-10,1.2878587085651816e-13,3.567828923704552e-14,6.493530372039357e-10,1.408007352937281e-10,3.8778082124270455e-09,8.408203919267269e-10,0.26877291724980257
trial_0017_bite_012_withdrawal,trial_0017_bite_012,trial_0017,withdrawal,contextual_promp,B0,True,101,1.0,True,0,1.0,101,True,0,5.838250339913731,1.0867981872290782,5.108734944405759,56.47594586428827,0,0,0,0,True,2.184568930796555e-10,5.108400206372131e-11,1.3044344557025755e-09,3.0506480475186487e-10,2.446931546273845e-13,5.169918027602577e-14,2.184568930796555e-10,5.108400206372131e-11,1.3044344557025763e-09,3.050648047518651e-10,0.2538342280612724
trial_0017_bite_012_withdrawal,trial_0017_bite_012,trial_0017,withdrawal,contextual_promp,StrongLocal,True,101,1.0,True,0,1.0,101,True,0,5.4905383160852494,1.025765605194232,5.174599884859651,101.90600730495416,0,0,0,0,True,3.622637718225203e-10,7.267065081889032e-11,2.1633971922018616e-09,4.339780443570288e-10,9.015010959956271e-14,2.607853281384239e-14,3.622637718225203e-10,7.267065081889032e-11,2.1633971922018633e-09,4.3397804435702906e-10,0.3674289121769023
trial_0017_bite_012_withdrawal,trial_0017_bite_012,trial_0017,withdrawal,contextual_promp,RobotSmooth,True,101,1.0,True,0,1.0,101,True,0,5.838250338468525,1.0867981870359118,5.108734958298487,56.475946404633866,0,0,0,0,True,4.83259455244976e-10,8.330551413030746e-11,2.8859672186501803e-09,4.974717931045282e-10,1.7275070263167436e-13,4.039563835489839e-14,4.83259455244976e-10,8.330551413030746e-11,2.885967218650181e-09,4.974717931045284e-10,0.253834228060275
trial_0017_bite_013_transfer,trial_0017_bite_013,trial_0017,transfer,retrieval,B0,True,101,1.0,True,0,1.0,101,True,0,4.182207059845165,0.524098057120448,7.441165569348145,547.7383979907986,0,0,0,0,True,9.206482711982236e-11,2.6615179178478557e-11,5.496091246490658e-10,1.5893862495490426e-10,1.5543122344752192e-13,6.087848220463862e-14,9.206482711982236e-11,2.6615179178478557e-11,5.496091246490662e-10,1.5893862495490436e-10,0.4038062003856222
trial_0017_bite_013_transfer,trial_0017_bite_013,trial_0017,transfer,retrieval,StrongLocal,True,101,1.0,True,0,1.0,101,True,0,4.10137280204765,0.5091809290657096,9.122901564884256,719.6855603043962,0,0,0,0,True,5.896267443322843e-11,1.948079509153605e-11,3.5223519528958855e-10,1.1634323939152372e-10,1.6475709685437323e-13,5.519111762612477e-14,5.896267443322843e-11,1.948079509153605e-11,3.5223519528958886e-10,1.1634323939152381e-10,0.3786344291346193
trial_0017_bite_013_transfer,trial_0017_bite_013,trial_0017,transfer,retrieval,RobotSmooth,True,101,1.0,True,0,1.0,101,True,0,4.182207059723008,0.5240980570895332,7.441165563251711,547.7383980135724,0,0,0,0,True,8.864871195340939e-11,2.354140518021334e-11,5.295385335162815e-10,1.4059018800906655e-10,1.474376176702208e-13,5.709545987564786e-14,8.864871195340939e-11,2.354140518021334e-11,5.29538533516282e-10,1.4059018800906666e-10,0.4038062003856222
trial_0017_bite_013_transfer,trial_0017_bite_013,trial_0017,transfer,contextual_promp,B0,True,101,1.0,True,0,1.0,101,True,0,3.7114653262557087,0.4762221331824828,1.3555731548676215,9.00927261915703,0,0,0,0,True,8.489868042958689e-11,2.6011582962255796e-11,5.069038698224204e-10,1.553305704440249e-10,1.3589129821411916e-13,5.6585545241342246e-14,8.489868042958689e-11,2.6011582962255796e-11,5.069038698224205e-10,1.5533057044402502e-10,0.4015476886335354
trial_0017_bite_013_transfer,trial_0017_bite_013,trial_0017,transfer,contextual_promp,StrongLocal,True,101,1.0,True,0,1.0,101,True,0,3.4908727387902694,0.4438237703001777,3.5404573789411824,230.08285447147415,0,0,0,0,True,5.658031582735471e-11,1.971923256793883e-11,3.377299189600664e-10,1.177707214967872e-10,1.3811174426336947e-13,5.470923452550556e-14,5.658031582735471e-11,1.971923256793883e-11,3.377299189600667e-10,1.177707214967873e-10,0.3816391901061509
trial_0017_bite_013_transfer,trial_0017_bite_013,trial_0017,transfer,contextual_promp,RobotSmooth,True,101,1.0,True,0,1.0,101,True,0,3.7114653261801815,0.4762221331854594,1.3555731554120047,9.009272678135753,0,0,0,0,True,1.4463844855455208e-10,2.926495793750099e-11,8.637845621474744e-10,1.7477180333874346e-10,1.3855583347321954e-13,5.722076548570357e-14,1.4463844855455208e-10,2.926495793750099e-11,8.637845621474754e-10,1.7477180333874361e-10,0.4015476886335354
trial_0017_bite_013_withdrawal,trial_0017_bite_013,trial_0017,withdrawal,retrieval,B0,True,101,1.0,True,0,1.0,101,True,0,7.66551633566336,1.4487613770090861,23.22699526486813,2970.279652331919,0,0,0,0,True,3.2243883136502873e-10,8.041518439171933e-11,1.9255284420419145e-09,4.80220136374257e-10,4.4986236957811343e-13,6.9759117860909e-14,3.2243883136502873e-10,8.041518439171933e-11,1.9255284420419166e-09,4.802201363742574e-10,0.25430460515200703
trial_0017_bite_013_withdrawal,trial_0017_bite_013,trial_0017,withdrawal,retrieval,StrongLocal,True,101,1.0,True,0,1.0,101,True,0,7.312080462050779,1.401407183080188,28.09771373081833,3549.2785922716735,0,0,0,0,True,3.603867394088192e-10,7.544426529214459e-11,2.152117605062706e-09,4.505347176626132e-10,1.1812772982011666e-13,3.1307564261518546e-14,3.603867394088192e-10,7.544426529214459e-11,2.152117605062707e-09,4.505347176626136e-10,0.33691207724389116
trial_0017_bite_013_withdrawal,trial_0017_bite_013,trial_0017,withdrawal,retrieval,RobotSmooth,True,101,1.0,True,0,1.0,101,True,0,7.513696637147282,1.4128893800087912,55.15843285902553,7565.681340789076,0,0,0,0,True,4.53246002793194e-10,7.736874505084595e-11,2.7066763852460105e-09,4.620085868180386e-10,7.105427357601002e-14,2.741480633601658e-14,4.53246002793194e-10,7.736874505084595e-11,2.7066763852460125e-09,4.6200858681803896e-10,0.37222799961954056
trial_0017_bite_013_withdrawal,trial_0017_bite_013,trial_0017,withdrawal,contextual_promp,B0,True,101,1.0,True,0,1.0,101,True,0,5.79706366009562,1.0793338486364885,5.292378955540611,60.28623004853046,0,0,0,0,True,2.1437940858841233e-10,5.6918463184433476e-11,1.280424662655084e-09,3.399037938205571e-10,1.5054624213917123e-13,4.413971686370035e-14,2.1437940858841233e-10,5.6918463184433476e-11,1.2804246626550848e-09,3.399037938205573e-10,0.2922615122522263
trial_0017_bite_013_withdrawal,trial_0017_bite_013,trial_0017,withdrawal,contextual_promp,StrongLocal,True,101,1.0,True,0,1.0,101,True,0,5.365400397622427,1.0184220485617157,5.582489202489304,181.68062724906557,0,0,0,0,True,2.5650996971936253e-10,7.493199390900953e-11,1.5318439430602948e-09,4.474791306825741e-10,7.904787935331115e-14,2.4043960324555755e-14,2.5650996971936253e-10,7.493199390900953e-11,1.531843943060296e-09,4.4747913068257444e-10,0.43095381627415374
trial_0017_bite_013_withdrawal,trial_0017_bite_013,trial_0017,withdrawal,contextual_promp,RobotSmooth,True,101,1.0,True,0,1.0,101,True,0,5.797063664350766,1.0793338490650684,5.292378931227713,60.28622971957422,0,0,0,0,True,4.3888178847372723e-10,6.89164868764951e-11,2.6209756978203345e-09,4.115589403824717e-10,9.103828801926284e-14,3.608739402428113e-14,4.3888178847372723e-10,6.89164868764951e-11,2.620975697820336e-09,4.1155894038247193e-10,0.2922615122563563
trial_0017_bite_014_transfer,trial_0017_bite_014,trial_0017,transfer,retrieval,B0,True,101,1.0,True,0,1.0,101,True,0,5.945933826141563,0.8460494033682713,28.331437825105628,1693.0857818193517,0,0,0,0,True,1.1422652820281263e-10,2.4851730652197372e-11,6.820364314695459e-10,1.484143335895745e-10,1.3722356584366935e-13,5.835842559402547e-14,1.1422652820281263e-10,2.4851730652197372e-11,6.820364314695465e-10,1.4841433358957466e-10,0.3457816587672067
trial_0017_bite_014_transfer,trial_0017_bite_014,trial_0017,transfer,retrieval,StrongLocal,True,101,1.0,True,0,1.0,101,True,0,6.009173345997939,0.8774259243555506,31.214483146217756,1912.5300564030154,0,0,0,0,True,5.215924817720582e-11,1.6796323537158365e-11,3.1147244643547036e-10,1.0027864187918208e-10,1.5409895581797173e-13,5.936780944652864e-14,5.215924817720582e-11,1.6796323537158365e-11,3.114724464354706e-10,1.0027864187918217e-10,0.3095615690167799
trial_0017_bite_014_transfer,trial_0017_bite_014,trial_0017,transfer,retrieval,RobotSmooth,True,101,1.0,True,0,1.0,101,True,0,5.873393005762454,0.8133154517558845,35.96982972593427,3517.7302084114212,0,0,0,0,True,7.094586359172932e-11,2.0851350931853306e-11,4.238102089703945e-10,1.2452583121176644e-10,1.4033219031261979e-13,5.11821624813243e-14,7.094586359172932e-11,2.0851350931853306e-11,4.2381020897039476e-10,1.2452583121176655e-10,0.3457816587672067
trial_0017_bite_014_transfer,trial_0017_bite_014,trial_0017,transfer,contextual_promp,B0,True,101,1.0,True,0,1.0,101,True,0,3.7821128024902233,0.4881400879029389,1.4164996125767575,10.545272427066672,0,0,0,0,True,1.540653907913538e-10,3.0613560275052215e-11,9.200886090288715e-10,1.8282550327890367e-10,1.2656542480726785e-13,4.550815573827965e-14,1.540653907913538e-10,3.0613560275052215e-11,9.200886090288726e-10,1.8282550327890385e-10,0.45469254849272844
trial_0017_bite_014_transfer,trial_0017_bite_014,trial_0017,transfer,contextual_promp,StrongLocal,True,101,1.0,True,0,1.0,101,True,0,3.524227483868203,0.4435255661099225,3.738811556324895,246.4234709676186,0,0,0,0,True,5.488476104847905e-11,2.048995406774499e-11,3.277056456061566e-10,1.2235394765996448e-10,1.0702549957386509e-13,4.253232470420583e-14,5.488476104847905e-11,2.048995406774499e-11,3.277056456061569e-10,1.223539476599646e-10,0.41932452954408506
trial_0017_bite_014_transfer,trial_0017_bite_014,trial_0017,transfer,contextual_promp,RobotSmooth,True,101,1.0,True,0,1.0,101,True,0,3.782112802658939,0.4881400879113275,1.416499612369482,10.545272739942464,0,0,0,0,True,9.323210630983422e-11,2.7681782996824622e-11,5.565220185685379e-10,1.6530403051685786e-10,1.3100631690576847e-13,4.81311053320997e-14,9.323210630983422e-11,2.7681782996824622e-11,5.565220185685384e-10,1.65304030516858e-10,0.45469254849272844
trial_0017_bite_014_withdrawal,trial_0017_bite_014,trial_0017,withdrawal,retrieval,B0,True,101,1.0,True,0,1.0,101,True,0,7.128485070243244,1.3833868506886393,20.9435195484591,2117.48293406736,0,0,0,0,True,5.213770606058049e-10,9.86908320513306e-11,3.113594183573821e-09,5.893597203254457e-10,7.207567875866516e-13,9.814645098079548e-14,5.213770606058049e-10,9.86908320513306e-11,3.1135941835738237e-09,5.893597203254463e-10,0.3512552389115111
trial_0017_bite_014_withdrawal,trial_0017_bite_014,trial_0017,withdrawal,retrieval,StrongLocal,True,101,1.0,True,0,1.0,101,True,0,6.963812242960403,1.3391530307448054,23.372674476087703,2503.6570028429815,0,0,0,0,True,5.9453472058647e-10,9.073182183996499e-11,3.5506117150574306e-09,5.41843202940118e-10,1.4477308241112041e-13,3.8493230099686934e-14,5.9453472058647e-10,9.073182183996499e-11,3.550611715057434e-09,5.418432029401184e-10,0.38573324536647124
trial_0017_bite_014_withdrawal,trial_0017_bite_014,trial_0017,withdrawal,retrieval,RobotSmooth,True,101,1.0,True,0,1.0,101,True,0,7.128485077696309,1.3833868520588144,20.943519783911164,2117.4829835534592,0,0,0,0,True,5.115821075754086e-10,8.37100335068521e-11,3.0549416875964126e-09,4.99887006468034e-10,7.207567875866516e-13,1.037042712145749e-13,5.115821075754086e-10,8.37100335068521e-11,3.054941687596416e-09,4.998870064680345e-10,0.3512552389195136
trial_0017_bite_014_withdrawal,trial_0017_bite_014,trial_0017,withdrawal,contextual_promp,B0,True,101,1.0,True,0,1.0,101,True,0,5.8317767639061895,1.0545779456923352,4.959229974528101,50.6395104785303,0,0,0,0,True,2.173665385268964e-10,5.7333626385319215e-11,1.2982860301790794e-09,3.42396450000983e-10,1.8030021919912542e-13,4.7258323982117846e-14,2.173665385268964e-10,5.7333626385319215e-11,1.2982860301790804e-09,3.4239645000098324e-10,0.33039553151057177
trial_0017_bite_014_withdrawal,trial_0017_bite_014,trial_0017,withdrawal,contextual_promp,StrongLocal,True,101,1.0,True,0,1.0,101,True,0,5.2186441864116055,0.9823784411627212,5.070477732657319,143.33542361308002,0,0,0,0,True,3.4565642305057965e-10,8.049163507207711e-11,2.0640297225594395e-09,4.806585100050016e-10,6.661338147750939e-14,2.6375850651851846e-14,3.4565642305057965e-10,8.049163507207711e-11,2.064029722559441e-09,4.806585100050019e-10,0.4486500088273644
trial_0017_bite_014_withdrawal,trial_0017_bite_014,trial_0017,withdrawal,contextual_promp,RobotSmooth,True,101,1.0,True,0,1.0,101,True,0,5.83177676495321,1.054577945677669,4.959229974036928,50.639510339694425,0,0,0,0,True,2.346233748532795e-10,5.64358146168409e-11,1.4008284755584792e-09,3.370248191594569e-10,1.8030021919912542e-13,4.989426859390959e-14,2.346233748532795e-10,5.64358146168409e-11,1.40082847555848e-09,3.370248191594571e-10,0.3303955315102671
trial_0017_bite_015_transfer,trial_0017_bite_015,trial_0017,transfer,retrieval,B0,True,101,1.0,True,0,1.0,101,True,0,3.557945779225518,0.47260449990707953,7.478917522675905,617.5949362972412,0,0,0,0,True,8.541272591280211e-11,2.5578867842120434e-11,5.100926932460708e-10,1.5274773328446896e-10,1.3811174426336947e-13,4.940067940671801e-14,8.541272591280211e-11,2.5578867842120434e-11,5.10092693246071e-10,1.5274773328446903e-10,0.40862083768551805
trial_0017_bite_015_transfer,trial_0017_bite_015,trial_0017,transfer,retrieval,StrongLocal,True,101,1.0,True,0,1.0,101,True,0,3.420828766949472,0.44974021982431983,8.87801280005168,790.2577226948392,0,0,0,0,True,5.4986906707887106e-11,1.9058934111045545e-11,3.282877609980445e-10,1.1380160668756768e-10,1.509903313490213e-13,5.751175533897014e-14,5.4986906707887106e-11,1.9058934111045545e-11,3.2828776099804476e-10,1.1380160668756777e-10,0.3962497482192182
trial_0017_bite_015_transfer,trial_0017_bite_015,trial_0017,transfer,retrieval,RobotSmooth,True,101,1.0,True,0,1.0,101,True,0,3.5579457791822433,0.47260449986142045,7.478917508448296,617.5949350106551,0,0,0,0,True,7.182251293441363e-11,2.469547708842518e-11,4.289754147874206e-10,1.474588335234891e-10,1.5365486660812167e-13,5.3094111553705e-14,7.182251293441363e-11,2.469547708842518e-11,4.2897541478742084e-10,1.4745883352348918e-10,0.40862083768551805
trial_0017_bite_015_transfer,trial_0017_bite_015,trial_0017,transfer,contextual_promp,B0,True,101,1.0,True,0,1.0,101,True,0,3.6307029284363597,0.46712447852528705,1.3206627796014958,9.458377747247471,0,0,0,0,True,8.889175029209493e-11,3.014059616410837e-11,5.307375834258485e-10,1.8000558513917897e-10,1.212363542890671e-13,5.249853765580458e-14,8.889175029209493e-11,3.014059616410837e-11,5.307375834258488e-10,1.8000558513917912e-10,0.437657368215739
trial_0017_bite_015_transfer,trial_0017_bite_015,trial_0017,transfer,contextual_promp,StrongLocal,True,101,1.0,True,0,1.0,101,True,0,3.471559744168743,0.4418796468950524,2.995904992622431,188.34441191502367,0,0,0,0,True,6.892112994347372e-11,2.2918992599593522e-11,4.116028701007206e-10,1.3685606368509765e-10,1.2612133559741778e-13,5.031781265067957e-14,6.892112994347372e-11,2.2918992599593522e-11,4.116028701007208e-10,1.3685606368509775e-10,0.42203537852534034
trial_0017_bite_015_transfer,trial_0017_bite_015,trial_0017,transfer,contextual_promp,RobotSmooth,True,101,1.0,True,0,1.0,101,True,0,3.630702929981111,0.46712447851984146,1.3206627789672463,9.458377714597088,0,0,0,0,True,7.437205792354063e-11,2.692167824834491e-11,4.4411894415668013e-10,1.6079134655349654e-10,1.4210854715202004e-13,5.489751949398727e-14,7.437205792354063e-11,2.692167824834491e-11,4.4411894415668044e-10,1.6079134655349667e-10,0.437657368215739
trial_0017_bite_015_withdrawal,trial_0017_bite_015,trial_0017,withdrawal,retrieval,B0,True,101,1.0,True,0,1.0,101,True,0,7.63888898295213,1.7389230193197713,27.45328380150302,2399.9802946986692,0,0,0,0,True,5.335176824197127e-10,1.0535203186295076e-10,3.1861085934450803e-09,6.291159945466304e-10,3.490541189421492e-13,8.031341237288946e-14,5.335176824197127e-10,1.0535203186295076e-10,3.186108593445082e-09,6.29115994546631e-10,0.318351492474342
trial_0017_bite_015_withdrawal,trial_0017_bite_015,trial_0017,withdrawal,retrieval,StrongLocal,True,101,1.0,True,0,1.0,101,True,0,7.419441847935955,1.7158830228615192,36.24288920518078,4611.389489299834,0,0,0,0,True,3.480594933247744e-10,8.738665737542168e-11,2.078494531111608e-09,5.218483704471921e-10,8.43769498715119e-14,2.857822799184941e-14,3.480594933247744e-10,8.738665737542168e-11,2.0784945311116096e-09,5.218483704471926e-10,0.39515275861089894
trial_0017_bite_015_withdrawal,trial_0017_bite_015,trial_0017,withdrawal,retrieval,RobotSmooth,True,101,1.0,True,0,1.0,101,True,0,7.638888993700129,1.7389230199353711,27.4532839190815,2399.980306624609,0,0,0,0,True,5.841362353285966e-10,1.0506787901065255e-10,3.4880838312834763e-09,6.274222045591707e-10,3.490541189421492e-13,8.08417132794795e-14,5.841362353285966e-10,1.0506787901065255e-10,3.4880838312834784e-09,6.274222045591711e-10,0.3183514924750792
trial_0017_bite_015_withdrawal,trial_0017_bite_015,trial_0017,withdrawal,contextual_promp,B0,True,101,1.0,True,0,1.0,101,True,0,5.534986048089962,1.0371797243331289,4.797798206576229,48.645399769044566,0,0,0,0,True,4.549465663763687e-10,8.314046318810304e-11,2.7165801630056187e-09,4.964758198417968e-10,1.3455903058456897e-13,4.074057666014384e-14,4.549465663763687e-10,8.314046318810304e-11,2.716580163005621e-09,4.964758198417973e-10,0.3651721183734846
trial_0017_bite_015_withdrawal,trial_0017_bite_015,trial_0017,withdrawal,contextual_promp,StrongLocal,True,101,1.0,True,0,1.0,101,True,0,5.077883343952051,0.9785067989132903,4.956474772507226,147.25730648740094,0,0,0,0,True,1.7557675964885014e-10,5.7963323516133384e-11,1.0486245235316488e-09,3.461498201113772e-10,7.238654120556021e-14,1.9995589654492652e-14,1.7557675964885014e-10,5.7963323516133384e-11,1.0486245235316496e-09,3.461498201113775e-10,0.5001877723053649
trial_0017_bite_015_withdrawal,trial_0017_bite_015,trial_0017,withdrawal,contextual_promp,RobotSmooth,True,101,1.0,True,0,1.0,101,True,0,5.534986046444644,1.0371797241886962,4.797798194887317,48.645399804527045,0,0,0,0,True,2.366643504919666e-10,6.457174866416383e-11,1.4132046951054285e-09,3.8558835048411216e-10,1.474376176702208e-13,3.8778221717473453e-14,2.366643504919666e-10,6.457174866416383e-11,1.4132046951054297e-09,3.855883504841125e-10,0.36517211837177843
trial_0019_bite_001_transfer,trial_0019_bite_001,trial_0019,transfer,retrieval,B0,True,101,1.0,True,0,1.0,101,True,0,4.8084838744683145,0.5499360547197988,12.730918372134756,1253.5872232975864,0,0,0,0,True,2.0420974558243228e-10,7.440196799571008e-11,1.2194168262024503e-09,4.443218001827333e-10,7.194245199571014e-14,2.7688088741850762e-14,2.0420974558243228e-10,7.440196799571008e-11,1.2194168262024513e-09,4.443218001827337e-10,0.5013284535693401
trial_0019_bite_001_transfer,trial_0019_bite_001,trial_0019,transfer,retrieval,StrongLocal,True,101,1.0,True,0,1.0,101,True,0,4.4494734434827965,0.5224670740452385,17.106700189266668,1833.092421961001,0,0,0,0,True,1.81089513377598e-10,4.248546584866356e-11,1.0814854848870522e-09,2.5371018143383205e-10,7.238654120556021e-14,2.685273981641507e-14,1.81089513377598e-10,4.248546584866356e-11,1.081485484887053e-09,2.5371018143383226e-10,0.4996401720386989
trial_0019_bite_001_transfer,trial_0019_bite_001,trial_0019,transfer,retrieval,RobotSmooth,True,101,1.0,True,0,1.0,101,True,0,4.808483861069959,0.5499360542178583,12.730918179793687,1253.587197292593,0,0,0,0,True,3.6218538343634206e-10,8.037068178331399e-11,2.1630335331151493e-09,4.799617528464501e-10,7.016609515630989e-14,2.5542421682014003e-14,3.6218538343634206e-10,8.037068178331399e-11,2.163033533115151e-09,4.799617528464505e-10,0.5013284535693401
trial_0019_bite_001_transfer,trial_0019_bite_001,trial_0019,transfer,contextual_promp,B0,True,101,1.0,True,0,1.0,101,True,0,3.5986274565670824,0.42938625790663587,1.0656834671179773,8.826499927848722,0,0,0,0,True,1.8914040574785304e-10,6.693364060724375e-11,1.1296873521096487e-09,3.997243376980599e-10,8.215650382226158e-14,2.7505717062658498e-14,1.8914040574785304e-10,6.693364060724375e-11,1.1296873521096497e-09,3.997243376980602e-10,0.5013284535693401
trial_0019_bite_001_transfer,trial_0019_bite_001,trial_0019,transfer,contextual_promp,StrongLocal,True,101,1.0,True,0,1.0,101,True,0,3.2512488159412465,0.3861782717852498,3.968031847296656,257.1815114478062,0,0,0,0,True,2.6086840633745414e-10,5.2799386902274294e-11,1.5577822066133248e-09,3.1531037780175915e-10,8.304468224196171e-14,3.4798234301790045e-14,2.6086840633745414e-10,5.2799386902274294e-11,1.5577822066133262e-09,3.1531037780175946e-10,0.49243515103140756
trial_0019_bite_001_transfer,trial_0019_bite_001,trial_0019,transfer,contextual_promp,RobotSmooth,True,101,1.0,True,0,1.0,101,True,0,3.598627452964581,0.4293862579156067,1.0656834685001397,8.826499763900804,0,0,0,0,True,3.099898259897935e-10,8.336328777909467e-11,1.8511851475729605e-09,4.978244860607142e-10,8.393286066166183e-14,2.92742911308618e-14,3.099898259897935e-10,8.336328777909467e-11,1.8511851475729621e-09,4.978244860607147e-10,0.5013284535693401
trial_0019_bite_001_withdrawal,trial_0019_bite_001,trial_0019,withdrawal,retrieval,B0,True,101,1.0,True,0,1.0,101,True,0,5.629948209004137,0.9635337538201022,14.023456931724713,1721.975248050631,0,0,0,0,True,1.3513284229894034e-10,3.4967015825776434e-11,8.069348871948868e-10,2.0881301672770916e-10,6.261657858885883e-14,2.332781824158234e-14,1.3513284229894034e-10,3.4967015825776434e-11,8.069348871948871e-10,2.0881301672770926e-10,0.1253559906401307
trial_0019_bite_001_withdrawal,trial_0019_bite_001,trial_0019,withdrawal,retrieval,StrongLocal,True,101,1.0,True,0,1.0,101,True,0,5.64320265591507,0.9543323489390608,16.9557269655262,2172.0140635313965,0,0,0,0,True,1.340837719338883e-10,3.416050034760626e-11,8.007553614645587e-10,2.0399511794991543e-10,5.3290705182007514e-14,1.750457019313146e-14,1.340837719338883e-10,3.416050034760626e-11,8.007553614645593e-10,2.0399511794991556e-10,0.353486456210768
trial_0019_bite_001_withdrawal,trial_0019_bite_001,trial_0019,withdrawal,retrieval,RobotSmooth,True,101,1.0,True,0,1.0,101,True,0,5.629948209321867,0.9635337537999722,14.023456818114951,1721.9752245482155,0,0,0,0,True,1.6961438675461744e-10,3.7546042828607834e-11,1.013117374322358e-09,2.2423024500345779e-10,6.261657858885883e-14,2.311000868058353e-14,1.6961438675461744e-10,3.7546042828607834e-11,1.0131173743223587e-09,2.2423024500345794e-10,0.12535599064022218
trial_0019_bite_001_withdrawal,trial_0019_bite_001,trial_0019,withdrawal,contextual_promp,B0,True,101,1.0,True,0,1.0,101,True,0,4.403979174729643,0.7461718858387953,3.0585762828950953,35.24705079947281,0,0,0,0,True,8.399725937047033e-11,2.6675779596552455e-11,5.018128831832531e-10,1.5930610392326834e-10,5.81756864903582e-14,2.2336896582073858e-14,8.399725937047033e-11,2.6675779596552455e-11,5.018128831832535e-10,1.5930610392326844e-10,0.46777532166929925
trial_0019_bite_001_withdrawal,trial_0019_bite_001,trial_0019,withdrawal,contextual_promp,StrongLocal,True,101,1.0,True,0,1.0,101,True,0,3.855551218973012,0.6750838701316044,4.024638025234387,253.56451959187086,0,0,0,0,True,7.370992023800852e-11,2.5024081097884348e-11,4.403567219475933e-10,1.494432753095896e-10,5.240252676230739e-14,1.8254569175901627e-14,7.370992023800852e-11,2.5024081097884348e-11,4.4035672194759353e-10,1.494432753095897e-10,0.4646785189570042
trial_0019_bite_001_withdrawal,trial_0019_bite_001,trial_0019,withdrawal,contextual_promp,RobotSmooth,True,101,1.0,True,0,1.0,101,True,0,4.4039791755217665,0.7461718858422558,3.058576277137707,35.24705130750858,0,0,0,0,True,8.399725937047033e-11,2.5442968091071108e-11,5.018128831832531e-10,1.5193063775379784e-10,5.81756864903582e-14,2.3255427727846294e-14,8.399725937047033e-11,2.5442968091071108e-11,5.018128831832535e-10,1.5193063775379797e-10,0.46777532166940494
trial_0019_bite_002_transfer,trial_0019_bite_002,trial_0019,transfer,retrieval,B0,True,101,1.0,True,0,1.0,101,True,0,5.296242443568554,0.7632170182911537,16.858942995686512,1895.0037388018563,0,0,0,0,True,3.7754013351260906e-10,5.71328763359058e-11,2.2548163476461512e-09,3.412029438431509e-10,7.771561172376096e-14,2.881942458682257e-14,3.7754013351260906e-10,5.71328763359058e-11,2.254816347646154e-09,3.4120294384315127e-10,0.5229881505167331
trial_0019_bite_002_transfer,trial_0019_bite_002,trial_0019,transfer,retrieval,StrongLocal,True,101,1.0,True,0,1.0,101,True,0,5.17479709874935,0.7353724851254145,21.08103616204239,2495.2814430766875,0,0,0,0,True,7.601796028234582e-11,2.5207041068228578e-11,4.5380576765653144e-10,1.505416476743152e-10,6.927791673660977e-14,2.913656297647343e-14,7.601796028234582e-11,2.5207041068228578e-11,4.5380576765653186e-10,1.5054164767431534e-10,0.5129442572942275
trial_0019_bite_002_transfer,trial_0019_bite_002,trial_0019,transfer,retrieval,RobotSmooth,True,101,1.0,True,0,1.0,101,True,0,5.272492784910632,0.757437144095937,26.74068874451915,3114.2554516507385,0,0,0,0,True,2.4661479248102426e-10,4.638785652763284e-11,1.472671883649675e-09,2.7701706716087095e-10,7.860379014346108e-14,3.054929705853335e-14,2.4661479248102426e-10,4.638785652763284e-11,1.4726718836496763e-09,2.770170671608712e-10,0.5229881505168998
trial_0019_bite_002_transfer,trial_0019_bite_002,trial_0019,transfer,contextual_promp,B0,True,101,1.0,True,0,1.0,101,True,0,4.793352185740391,0.5752361737056522,1.4764429342882783,9.364764798433802,0,0,0,0,True,1.8691055848168694e-10,5.5504991555487125e-11,1.1162694759185722e-09,3.3144671817190954e-10,7.327471962526033e-14,3.047733739829838e-14,1.8691055848168694e-10,5.5504991555487125e-11,1.1162694759185733e-09,3.314467181719098e-10,0.5259156711759747
trial_0019_bite_002_transfer,trial_0019_bite_002,trial_0019,transfer,contextual_promp,StrongLocal,True,101,1.0,True,0,1.0,101,True,0,4.576687225524128,0.5512540357677622,3.864364338922281,238.6897192085716,0,0,0,0,True,2.022687158075491e-10,3.940098612851678e-11,1.2080348649843054e-09,2.353048581607783e-10,8.393286066166183e-14,3.0927076881762716e-14,2.022687158075491e-10,3.940098612851678e-11,1.2080348649843064e-09,2.353048581607785e-10,0.5156306395432804
trial_0019_bite_002_transfer,trial_0019_bite_002,trial_0019,transfer,contextual_promp,RobotSmooth,True,101,1.0,True,0,1.0,101,True,0,4.7933521891783295,0.5752361737202768,1.4764429354614848,9.364764880527247,0,0,0,0,True,1.7490754408548115e-10,4.7627268546495594e-11,1.0448485238952566e-09,2.844141914533935e-10,8.970602038971265e-14,2.8539837353298477e-14,1.7490754408548115e-10,4.7627268546495594e-11,1.0448485238952572e-09,2.8441419145339377e-10,0.5259156711759747
trial_0019_bite_002_withdrawal,trial_0019_bite_002,trial_0019,withdrawal,retrieval,B0,True,101,1.0,True,0,1.0,101,True,0,5.59746541522415,0.914558411279541,27.933752658809397,3964.3507396473415,0,0,0,0,True,7.73581874080027e-11,3.2670135082507145e-11,4.621362777242267e-10,1.9511268508615485e-10,5.240252676230739e-14,1.989926726432171e-14,7.73581874080027e-11,3.2670135082507145e-11,4.6213627772422714e-10,1.95112685086155e-10,0.343802548824097
trial_0019_bite_002_withdrawal,trial_0019_bite_002,trial_0019,withdrawal,retrieval,StrongLocal,True,101,1.0,True,0,1.0,101,True,0,5.589796235447204,0.9423470827257107,39.1880782081511,5686.060921397763,0,0,0,0,True,7.306693236479492e-11,3.37547596579811e-11,4.363850396145225e-10,2.0158110653536517e-10,5.551115123125783e-14,1.8047159608373938e-14,7.306693236479492e-11,3.37547596579811e-11,4.3638503961452304e-10,2.0158110653536535e-10,0.33565705185059924
trial_0019_bite_002_withdrawal,trial_0019_bite_002,trial_0019,withdrawal,retrieval,RobotSmooth,True,101,1.0,True,0,1.0,101,True,0,5.597465419529913,0.9145584115809219,27.93375281484552,3964.3507636873496,0,0,0,0,True,7.066236238423563e-11,3.307308013243782e-11,4.219581709935393e-10,1.975006566119434e-10,5.240252676230739e-14,1.9366123367326345e-14,7.066236238423563e-11,3.307308013243782e-11,4.219581709935397e-10,1.9750065661194357e-10,0.343802548824097
trial_0019_bite_002_withdrawal,trial_0019_bite_002,trial_0019,withdrawal,contextual_promp,B0,True,101,1.0,True,0,1.0,101,True,0,4.416110075812499,0.7507856801151889,3.048864807556416,29.65573729983416,0,0,0,0,True,8.630251331331085e-11,2.95347078530821e-11,5.152979725311376e-10,1.7637590315666892e-10,5.81756864903582e-14,2.035048432128867e-14,8.630251331331085e-11,2.95347078530821e-11,5.152979725311381e-10,1.763759031566691e-10,0.4547046395279959
trial_0019_bite_002_withdrawal,trial_0019_bite_002,trial_0019,withdrawal,contextual_promp,StrongLocal,True,101,1.0,True,0,1.0,101,True,0,3.744752864150472,0.6678184510632917,4.545524681966636,332.68979306405816,0,0,0,0,True,1.0821867637756576e-10,3.337740418948565e-11,6.463435552611064e-10,1.9932454437739824e-10,5.995204332975845e-14,1.7972784065190823e-14,1.0821867637756576e-10,3.337740418948565e-11,6.46343555261107e-10,1.993245443773984e-10,0.4495167442347481
trial_0019_bite_002_withdrawal,trial_0019_bite_002,trial_0019,withdrawal,contextual_promp,RobotSmooth,True,101,1.0,True,0,1.0,101,True,0,4.416110075459713,0.7507856801050673,3.048864807644226,29.65573748534552,0,0,0,0,True,7.52217998919296e-11,2.966446691179231e-11,4.4903881326583903e-10,1.771457110409912e-10,4.8405723873656825e-14,2.0607257356652152e-14,7.52217998919296e-11,2.966446691179231e-11,4.4903881326583945e-10,1.7714571104099136e-10,0.4547046395279959
trial_0019_bite_003_transfer,trial_0019_bite_003,trial_0019,transfer,retrieval,B0,True,101,1.0,True,0,1.0,101,True,0,4.69966365526848,0.6901703960452944,16.117289037813105,1805.4426575671466,0,0,0,0,True,2.0687739491759147e-10,5.4451310002460956e-11,1.2355812956400941e-09,3.2518742744592706e-10,8.837375276016246e-14,3.5104107526831834e-14,2.0687739491759147e-10,5.4451310002460956e-11,1.235581295640095e-09,3.251874274459273e-10,0.5195634284892494
trial_0019_bite_003_transfer,trial_0019_bite_003,trial_0019,transfer,retrieval,StrongLocal,True,101,1.0,True,0,1.0,101,True,0,4.714279447075821,0.6769059494939644,20.971602234208433,2485.74327184287,0,0,0,0,True,1.0827463195514563e-10,4.154923935873321e-11,6.465157606629657e-10,2.4810804687239855e-10,7.593925488436071e-14,2.785525075853696e-14,1.0827463195514563e-10,4.154923935873321e-11,6.465157606629664e-10,2.4810804687239876e-10,0.5133233411613791
trial_0019_bite_003_transfer,trial_0019_bite_003,trial_0019,transfer,retrieval,RobotSmooth,True,101,1.0,True,0,1.0,101,True,0,4.699663656527614,0.6901703959791844,16.117288906187035,1805.4426316543086,0,0,0,0,True,1.3272086739416461e-10,4.882230506449721e-11,7.92432417147822e-10,2.9155799033905447e-10,8.837375276016246e-14,3.508474508325902e-14,1.3272086739416461e-10,4.882230506449721e-11,7.924324171478228e-10,2.9155799033905463e-10,0.5195634284894397
trial_0019_bite_003_transfer,trial_0019_bite_003,trial_0019,transfer,contextual_promp,B0,True,101,1.0,True,0,1.0,101,True,0,4.414841136381848,0.5353881061073218,1.3962446038695473,10.829540334408472,0,0,0,0,True,2.075365764488718e-10,7.281985297262609e-11,1.239410882818448e-09,4.3486983874803844e-10,6.17284001691587e-14,2.9068965593669e-14,2.075365764488718e-10,7.281985297262609e-11,1.239410882818449e-09,4.348698387480388e-10,0.5221600593459341
trial_0019_bite_003_transfer,trial_0019_bite_003,trial_0019,transfer,contextual_promp,StrongLocal,True,101,1.0,True,0,1.0,101,True,0,4.38965889615897,0.5299348941898279,3.735996752307939,228.97293949095652,0,0,0,0,True,2.205589384217415e-10,7.157955423713211e-11,1.3170968445032959e-09,4.274808061911578e-10,7.815970093361102e-14,2.9106792509504e-14,2.205589384217415e-10,7.157955423713211e-11,1.3170968445032971e-09,4.2748080619115815e-10,0.5143102868114153
trial_0019_bite_003_transfer,trial_0019_bite_003,trial_0019,transfer,contextual_promp,RobotSmooth,True,101,1.0,True,0,1.0,101,True,0,4.414841135240299,0.5353881061125944,1.3962445978208626,10.829538868792815,0,0,0,0,True,2.8671873395397327e-10,8.641012155792419e-11,1.7122914909388063e-09,5.160076295915757e-10,5.728750807065808e-14,2.7645036705580905e-14,2.8671873395397327e-10,8.641012155792419e-11,1.7122914909388075e-09,5.160076295915761e-10,0.5221600593459341
trial_0019_bite_003_withdrawal,trial_0019_bite_003,trial_0019,withdrawal,retrieval,B0,True,101,1.0,True,0,1.0,101,True,0,5.475077776432256,0.9021269156159052,26.968391295424155,3828.286023836761,0,0,0,0,True,7.895879322330401e-11,2.9876518546697823e-11,4.714538147287236e-10,1.7841436735646426e-10,6.794564910705958e-14,2.46017818796284e-14,7.895879322330401e-11,2.9876518546697823e-11,4.714538147287242e-10,1.7841436735646444e-10,0.3406721104547423
trial_0019_bite_003_withdrawal,trial_0019_bite_003,trial_0019,withdrawal,retrieval,StrongLocal,True,101,1.0,True,0,1.0,101,True,0,5.619686705402341,0.9522173774078968,37.560739275027984,5454.1597267850675,0,0,0,0,True,7.181459710749824e-11,3.126795061669944e-11,4.2891514964065905e-10,1.8673957331852078e-10,7.327471962526033e-14,2.6753006291850797e-14,7.181459710749824e-11,3.126795061669944e-11,4.289151496406594e-10,1.8673957331852094e-10,0.33384031061096975
trial_0019_bite_003_withdrawal,trial_0019_bite_003,trial_0019,withdrawal,retrieval,RobotSmooth,True,101,1.0,True,0,1.0,101,True,0,5.475077774402184,0.9021269158218745,26.968391461656122,3828.286056641889,0,0,0,0,True,1.3195861521516334e-10,3.244607612308308e-11,7.879948524300917e-10,1.9374559645003285e-10,6.705747068735946e-14,2.461007457297608e-14,1.3195861521516334e-10,3.244607612308308e-11,7.879948524300924e-10,1.9374559645003303e-10,0.34067211045479295
trial_0019_bite_003_withdrawal,trial_0019_bite_003,trial_0019,withdrawal,contextual_promp,B0,True,101,1.0,True,0,1.0,101,True,0,4.347231941182532,0.7368330038192729,3.01346754382743,31.702810758840233,0,0,0,0,True,7.549665267079554e-11,2.6347319823954933e-11,4.50905200567327e-10,1.5733554797793665e-10,5.595524044110789e-14,2.0296825585929444e-14,7.549665267079554e-11,2.6347319823954933e-11,4.509052005673273e-10,1.5733554797793678e-10,0.4627203994915772
trial_0019_bite_003_withdrawal,trial_0019_bite_003,trial_0019,withdrawal,contextual_promp,StrongLocal,True,101,1.0,True,0,1.0,101,True,0,3.67946903271942,0.6548550708405692,5.240220340237787,419.61526454243403,0,0,0,0,True,7.558533004445786e-11,2.5836072589015057e-11,4.5135245474332733e-10,1.5428840720273065e-10,5.861977570020827e-14,1.9336558521120877e-14,7.558533004445786e-11,2.5836072589015057e-11,4.5135245474332774e-10,1.5428840720273076e-10,0.4586604822080491
trial_0019_bite_003_withdrawal,trial_0019_bite_003,trial_0019,withdrawal,contextual_promp,RobotSmooth,True,101,1.0,True,0,1.0,101,True,0,4.347231941183024,0.7368330038251882,3.0134675411783918,31.702811047906263,0,0,0,0,True,7.549665267079554e-11,2.5956552949272687e-11,4.50905200567327e-10,1.550057417719069e-10,6.705747068735946e-14,2.1481306516602627e-14,7.549665267079554e-11,2.5956552949272687e-11,4.509052005673273e-10,1.5500574177190707e-10,0.4627203994915772
trial_0019_bite_004_transfer,trial_0019_bite_004,trial_0019,transfer,retrieval,B0,True,101,1.0,True,0,1.0,101,True,0,5.099544216446429,0.6983558696110094,13.723538983823925,1413.6947312858674,0,0,0,0,True,3.4822506453986e-10,8.082820331315938e-11,2.0794658469461956e-09,4.826482817954477e-10,5.284661597215745e-14,2.3244005776377275e-14,3.4822506453986e-10,8.082820331315938e-11,2.0794658469461972e-09,4.826482817954481e-10,0.6520730991993133
trial_0019_bite_004_transfer,trial_0019_bite_004,trial_0019,transfer,retrieval,StrongLocal,True,101,1.0,True,0,1.0,101,True,0,4.82117497164391,0.6626098544685934,16.510474821430932,1757.411839437372,0,0,0,0,True,2.0047072395056258e-10,4.220759421000739e-11,1.1973250492637883e-09,2.5206653186236446e-10,6.128431095930864e-14,2.71448872004748e-14,2.0047072395056258e-10,4.220759421000739e-11,1.1973250492637893e-09,2.5206653186236467e-10,0.6400754641105604
trial_0019_bite_004_transfer,trial_0019_bite_004,trial_0019,transfer,retrieval,RobotSmooth,True,101,1.0,True,0,1.0,101,True,0,5.099544221161926,0.6983558696205158,13.723538951600164,1413.6947271215163,0,0,0,0,True,2.042567470375361e-10,7.484930949873816e-11,1.2199181206167826e-09,4.469493190663738e-10,7.505107646466058e-14,2.6386286933588168e-14,2.042567470375361e-10,7.484930949873816e-11,1.2199181206167837e-09,4.469493190663742e-10,0.6520730991993133
trial_0019_bite_004_transfer,trial_0019_bite_004,trial_0019,transfer,contextual_promp,B0,True,101,1.0,True,0,1.0,101,True,0,4.5411472909057045,0.5414876427729052,1.326304121521458,8.183072750731977,0,0,0,0,True,2.592391654006721e-10,8.080021363182345e-11,1.5481817590817643e-09,4.825095955232126e-10,7.061018436615996e-14,2.5947961150312747e-14,2.592391654006721e-10,8.080021363182345e-11,1.5481817590817653e-09,4.82509595523213e-10,0.6520730991993133
trial_0019_bite_004_transfer,trial_0019_bite_004,trial_0019,transfer,contextual_promp,StrongLocal,True,101,1.0,True,0,1.0,101,True,0,4.231503773201565,0.5058155501714641,3.987801376644942,252.33743936887302,0,0,0,0,True,1.7280823554451877e-10,4.402579298302792e-11,1.0319076460947222e-09,2.628899548556616e-10,7.194245199571014e-14,2.9781264844173345e-14,1.7280823554451877e-10,4.402579298302792e-11,1.0319076460947228e-09,2.6288995485566176e-10,0.6398734840991223
trial_0019_bite_004_transfer,trial_0019_bite_004,trial_0019,transfer,contextual_promp,RobotSmooth,True,101,1.0,True,0,1.0,101,True,0,4.541147287693674,0.5414876427764146,1.326304130602465,8.183077428422777,0,0,0,0,True,1.6907188780768748e-10,7.743860132272307e-11,1.0097185973884362e-09,4.6242674188532776e-10,6.128431095930864e-14,2.4657792524779723e-14,1.6907188780768748e-10,7.743860132272307e-11,1.0097185973884372e-09,4.624267418853281e-10,0.6520730991993133
trial_0019_bite_004_withdrawal,trial_0019_bite_004,trial_0019,withdrawal,retrieval,B0,True,101,1.0,True,0,1.0,101,True,0,5.830942162876477,0.9738324440211787,25.00262959535779,2819.9664349444106,0,0,0,0,True,6.42446974239314e-11,2.0304951236852084e-11,3.8352880081986663e-10,1.2124908976847406e-10,4.4853010194856324e-14,1.9847635318287394e-14,6.42446974239314e-11,2.0304951236852084e-11,3.8352880081986694e-10,1.212490897684742e-10,0.2894840211562335
trial_0019_bite_004_withdrawal,trial_0019_bite_004,trial_0019,withdrawal,retrieval,StrongLocal,True,101,1.0,True,0,1.0,101,True,0,5.525647463499326,0.9140286901324749,34.18335801011806,4344.1948661722345,0,0,0,0,True,5.016231770422113e-11,2.3155648384576548e-11,2.995598328939157e-10,1.3827372736282266e-10,5.5067062021407764e-14,1.6389595906665077e-14,5.016231770422113e-11,2.3155648384576548e-11,2.99559832893916e-10,1.3827372736282276e-10,0.2833861621762792
trial_0019_bite_004_withdrawal,trial_0019_bite_004,trial_0019,withdrawal,retrieval,RobotSmooth,True,101,1.0,True,0,1.0,101,True,0,5.830942164034297,0.9738324440230794,25.002629649323367,2819.9664513048156,0,0,0,0,True,6.42446974239314e-11,2.0138429819551292e-11,3.8352880081986663e-10,1.2025051805374547e-10,4.4853010194856324e-14,1.8184317504592123e-14,6.42446974239314e-11,2.0138429819551292e-11,3.8352880081986694e-10,1.2025051805374557e-10,0.2894840211562326
trial_0019_bite_004_withdrawal,trial_0019_bite_004,trial_0019,withdrawal,contextual_promp,B0,True,101,1.0,True,0,1.0,101,True,0,4.422766784761211,0.7583579567942224,3.1247734001922645,31.995931460151418,0,0,0,0,True,6.034755633146618e-11,2.371025199135783e-11,3.6037522373993497e-10,1.4158908308773147e-10,5.684341886080802e-14,2.1071581148059304e-14,6.034755633146618e-11,2.371025199135783e-11,3.603752237399351e-10,1.4158908308773157e-10,0.3742390804657476
trial_0019_bite_004_withdrawal,trial_0019_bite_004,trial_0019,withdrawal,contextual_promp,StrongLocal,True,101,1.0,True,0,1.0,101,True,0,3.7316909778908443,0.676467753449702,4.74775239666918,354.2535368256489,0,0,0,0,True,9.70566089668826e-11,2.792250371115747e-11,5.795032286021722e-10,1.6673625867028273e-10,5.595524044110789e-14,2.0185694898979248e-14,9.70566089668826e-11,2.792250371115747e-11,5.795032286021726e-10,1.6673625867028286e-10,0.36822728174109143
trial_0019_bite_004_withdrawal,trial_0019_bite_004,trial_0019,withdrawal,contextual_promp,RobotSmooth,True,101,1.0,True,0,1.0,101,True,0,4.422766783973701,0.7583579567540043,3.124773404774374,31.995931679024856,0,0,0,0,True,6.034755633146618e-11,2.3732487363056227e-11,3.6037522373993497e-10,1.4172008069304247e-10,7.061018436615996e-14,2.2345636578958032e-14,6.034755633146618e-11,2.3732487363056227e-11,3.603752237399351e-10,1.417200806930426e-10,0.37423908046551135
trial_0019_bite_005_transfer,trial_0019_bite_005,trial_0019,transfer,retrieval,B0,True,101,1.0,True,0,1.0,101,True,0,4.6277941588424065,0.5585364420609639,10.555427250051158,971.9972688741227,0,0,0,0,True,3.580623985102282e-10,7.430191990113245e-11,2.1384152989739754e-09,4.4371811285850293e-10,8.482103908136196e-14,2.996412318433004e-14,3.580623985102282e-10,7.430191990113245e-11,2.1384152989739775e-09,4.437181128585033e-10,0.7359636151902489
trial_0019_bite_005_transfer,trial_0019_bite_005,trial_0019,transfer,retrieval,StrongLocal,True,101,1.0,True,0,1.0,101,True,0,4.26298978114668,0.5092802724342191,11.02802980053462,1033.0817953091766,0,0,0,0,True,2.3881589103021137e-10,5.7100323105620535e-11,1.4261307594612304e-09,3.409659026210231e-10,7.061018436615996e-14,3.018238199387225e-14,2.3881589103021137e-10,5.7100323105620535e-11,1.4261307594612316e-09,3.409659026210234e-10,0.724626726743953
trial_0019_bite_005_transfer,trial_0019_bite_005,trial_0019,transfer,retrieval,RobotSmooth,True,101,1.0,True,0,1.0,101,True,0,4.627794157042399,0.5585364421444737,10.555427289001612,971.9972770371595,0,0,0,0,True,2.8432369614496963e-10,7.472375992692694e-11,1.6980549011333996e-09,4.4622157010604843e-10,6.750155989720952e-14,2.918992613781028e-14,2.8432369614496963e-10,7.472375992692694e-11,1.698054901133401e-09,4.4622157010604885e-10,0.7359636151902489
trial_0019_bite_005_transfer,trial_0019_bite_005,trial_0019,transfer,contextual_promp,B0,True,101,1.0,True,0,1.0,101,True,0,4.58501652814218,0.5538847623167708,1.3929465872371396,8.367527061022267,0,0,0,0,True,1.8007485522930302e-10,7.406229320569715e-11,1.0753405746182226e-09,4.422901644236034e-10,6.17284001691587e-14,2.7666959269149772e-14,1.8007485522930302e-10,7.406229320569715e-11,1.0753405746182236e-09,4.4229016442360374e-10,0.7359636151902489
trial_0019_bite_005_transfer,trial_0019_bite_005,trial_0019,transfer,contextual_promp,StrongLocal,True,101,1.0,True,0,1.0,101,True,0,4.205319650602227,0.5072463484998724,4.017852810359095,252.61915244138595,0,0,0,0,True,1.9843479586576349e-10,5.0633912045729705e-11,1.184970529463284e-09,3.023786823705527e-10,6.88338275267597e-14,2.6947648369495745e-14,1.9843479586576349e-10,5.0633912045729705e-11,1.184970529463285e-09,3.0237868237055297e-10,0.7235342980614672
trial_0019_bite_005_transfer,trial_0019_bite_005,trial_0019,transfer,contextual_promp,RobotSmooth,True,101,1.0,True,0,1.0,101,True,0,4.58501652547178,0.553884762300512,1.392946587845517,8.367524297199465,0,0,0,0,True,3.026212417145605e-10,7.575766562948358e-11,1.8071154332323552e-09,4.5241002281947017e-10,6.17284001691587e-14,2.5486095030533224e-14,3.026212417145605e-10,7.575766562948358e-11,1.807115433232357e-09,4.5241002281947053e-10,0.7359636151902489
trial_0019_bite_005_withdrawal,trial_0019_bite_005,trial_0019,withdrawal,retrieval,B0,True,101,1.0,True,0,1.0,101,True,0,7.463360185744426,1.24641893092976,37.562444228040334,4132.199112611574,0,0,0,0,True,6.245577671825533e-11,2.4313448453422224e-11,3.7318942599977774e-10,1.4519204718021473e-10,4.707345624410664e-14,1.9961332991629966e-14,6.245577671825533e-11,2.4313448453422224e-11,3.7318942599977805e-10,1.4519204718021483e-10,0.37971412548556716
trial_0019_bite_005_withdrawal,trial_0019_bite_005,trial_0019,withdrawal,retrieval,StrongLocal,True,101,1.0,True,0,1.0,101,True,0,7.697644022211334,1.3072674463506608,54.75408385607858,6275.476486770463,0,0,0,0,True,8.86032934188345e-11,2.896361855469135e-11,5.290221598758968e-10,1.7297191489560536e-10,5.240252676230739e-14,1.600424056137782e-14,8.86032934188345e-11,2.896361855469135e-11,5.290221598758973e-10,1.7297191489560551e-10,0.37062126406158447
trial_0019_bite_005_withdrawal,trial_0019_bite_005,trial_0019,withdrawal,retrieval,RobotSmooth,True,101,1.0,True,0,1.0,101,True,0,7.46336018621944,1.2464189310045466,37.56244436999472,4132.199151332596,0,0,0,0,True,6.129595944065311e-11,2.352966659374845e-11,3.659093677440319e-10,1.4050958025419095e-10,4.707345624410664e-14,1.907752377352288e-14,6.129595944065311e-11,2.352966659374845e-11,3.659093677440322e-10,1.405095802541911e-10,0.37971412548556716
trial_0019_bite_005_withdrawal,trial_0019_bite_005,trial_0019,withdrawal,contextual_promp,B0,True,101,1.0,True,0,1.0,101,True,0,5.493786795595698,1.018557278241277,4.67783563422726,46.329411510516955,0,0,0,0,True,1.687611115808864e-10,4.900575815048398e-11,1.0077621636414105e-09,2.9262716269151374e-10,5.062616992290714e-14,2.104394846461678e-14,1.687611115808864e-10,4.900575815048398e-11,1.0077621636414113e-09,2.9262716269151405e-10,0.16468199313931908
trial_0019_bite_005_withdrawal,trial_0019_bite_005,trial_0019,withdrawal,contextual_promp,StrongLocal,True,101,1.0,True,0,1.0,101,True,0,4.965627597836724,0.9605485341914576,5.448112865013076,238.4969003797086,0,0,0,0,True,2.3322289047618994e-10,5.499962299858343e-11,1.3928143334019392e-09,3.284568787031056e-10,6.17284001691587e-14,1.5868850383054588e-14,2.3322289047618994e-10,5.499962299858343e-11,1.3928143334019403e-09,3.284568787031058e-10,0.39190632576882756
trial_0019_bite_005_withdrawal,trial_0019_bite_005,trial_0019,withdrawal,contextual_promp,RobotSmooth,True,101,1.0,True,0,1.0,101,True,0,5.493786795709109,1.0185572782674925,4.677835627429963,46.329411915939076,0,0,0,0,True,1.5007163529440694e-10,4.611293832889349e-11,8.96285229531725e-10,2.7537329653298115e-10,5.3290705182007514e-14,2.1659051040479662e-14,1.5007163529440694e-10,4.611293832889349e-11,8.962852295317257e-10,2.7537329653298136e-10,0.16468199313932086
trial_0019_bite_006_transfer,trial_0019_bite_006,trial_0019,transfer,retrieval,B0,True,101,1.0,True,0,1.0,101,True,0,4.346824455818677,0.5583073197425215,10.639044666188983,997.7289771551029,0,0,0,0,True,1.6863657613883814e-10,3.450686866295095e-11,1.0072586031168621e-09,2.060717556763065e-10,6.838973831690964e-14,2.7345309257007942e-14,1.6863657613883814e-10,3.450686866295095e-11,1.007258603116863e-09,2.0607175567630665e-10,0.5895002609253979
trial_0019_bite_006_transfer,trial_0019_bite_006,trial_0019,transfer,retrieval,StrongLocal,True,101,1.0,True,0,1.0,101,True,0,4.199270825401623,0.5309171394539073,12.330666295951165,1211.4049314668994,0,0,0,0,True,8.102120674602347e-11,3.2096372006967915e-11,4.838976962655598e-10,1.916805619800334e-10,7.105427357601002e-14,2.887553787254125e-14,8.102120674602347e-11,3.2096372006967915e-11,4.838976962655602e-10,1.916805619800336e-10,0.5844523231681258
trial_0019_bite_006_transfer,trial_0019_bite_006,trial_0019,transfer,retrieval,RobotSmooth,True,101,1.0,True,0,1.0,101,True,0,4.34682445592901,0.5583073197795247,10.639044706860428,997.7289843106388,0,0,0,0,True,1.1266913760314838e-10,2.950208112920782e-11,6.727891865508107e-10,1.761772799029368e-10,6.838973831690964e-14,2.848895775405341e-14,1.1266913760314838e-10,2.950208112920782e-11,6.727891865508113e-10,1.7617727990293696e-10,0.5895002609253979
trial_0019_bite_006_transfer,trial_0019_bite_006,trial_0019,transfer,contextual_promp,B0,True,101,1.0,True,0,1.0,101,True,0,4.25605125027117,0.5107665675067298,1.1955347478263316,7.0828538347164836,0,0,0,0,True,8.311211439543262e-11,3.341523300631452e-11,4.964191771736739e-10,1.9953891015024507e-10,5.684341886080802e-14,2.6075238112707394e-14,8.311211439543262e-11,3.341523300631452e-11,4.964191771736744e-10,1.9953891015024526e-10,0.6002193918935397
trial_0019_bite_006_transfer,trial_0019_bite_006,trial_0019,transfer,contextual_promp,StrongLocal,True,101,1.0,True,0,1.0,101,True,0,4.070975333552468,0.48985925855710366,3.5070384405711956,220.18897311950113,0,0,0,0,True,9.479010881000846e-11,4.6386430446177166e-11,5.657941086857935e-10,2.7698929818517285e-10,6.261657858885883e-14,2.588335245409598e-14,9.479010881000846e-11,4.6386430446177166e-11,5.657941086857939e-10,2.7698929818517305e-10,0.5898155946974846
trial_0019_bite_006_transfer,trial_0019_bite_006,trial_0019,transfer,contextual_promp,RobotSmooth,True,101,1.0,True,0,1.0,101,True,0,4.256051250335192,0.5107665675115691,1.1955347457294137,7.082851947823571,0,0,0,0,True,8.159573936195539e-11,3.1230331999167407e-11,4.871807862458274e-10,1.8650072101030054e-10,5.684341886080802e-14,2.5026160227278392e-14,8.159573936195539e-11,3.1230331999167407e-11,4.871807862458278e-10,1.8650072101030067e-10,0.6002193918935397
trial_0019_bite_006_withdrawal,trial_0019_bite_006,trial_0019,withdrawal,retrieval,B0,True,101,1.0,True,0,1.0,101,True,0,5.873539265053953,0.9743573404321108,25.937896925228227,2936.0132395779165,0,0,0,0,True,6.712493510668846e-11,2.1191559908840207e-11,4.0069778359354535e-10,1.2654282152906726e-10,4.39648317751562e-14,1.6814010700828778e-14,6.712493510668846e-11,2.1191559908840207e-11,4.0069778359354566e-10,1.2654282152906736e-10,0.27106143024337603
trial_0019_bite_006_withdrawal,trial_0019_bite_006,trial_0019,withdrawal,retrieval,StrongLocal,True,101,1.0,True,0,1.0,101,True,0,5.468035114346309,0.9132735198696067,35.532766047577056,4525.4941942200085,0,0,0,0,True,6.255801087551118e-11,2.5732036189464027e-11,3.735822777739636e-10,1.5366417349497057e-10,4.1300296516055823e-14,1.4888648931085295e-14,6.255801087551118e-11,2.5732036189464027e-11,3.735822777739639e-10,1.536641734949707e-10,0.2635795949672297
trial_0019_bite_006_withdrawal,trial_0019_bite_006,trial_0019,withdrawal,retrieval,RobotSmooth,True,101,1.0,True,0,1.0,101,True,0,5.873539262776945,0.9743573404150325,25.937897059616002,2936.0132913158996,0,0,0,0,True,5.644359228422872e-11,1.923398143814266e-11,3.3704855139188394e-10,1.1485875207864506e-10,4.796163466380676e-14,1.702738285253377e-14,5.644359228422872e-11,1.923398143814266e-11,3.370485513918842e-10,1.1485875207864511e-10,0.27106143024337603
trial_0019_bite_006_withdrawal,trial_0019_bite_006,trial_0019,withdrawal,contextual_promp,B0,True,101,1.0,True,0,1.0,101,True,0,4.170415778212865,0.6983359534112731,2.6563278014098297,25.27455277233691,0,0,0,0,True,6.788516697804493e-11,2.4617766858142423e-11,4.053845602824363e-10,1.4701616928024487e-10,4.884981308350689e-14,1.796240561526768e-14,6.788516697804493e-11,2.4617766858142423e-11,4.053845602824366e-10,1.4701616928024495e-10,0.4033404542524823
trial_0019_bite_006_withdrawal,trial_0019_bite_006,trial_0019,withdrawal,contextual_promp,StrongLocal,True,101,1.0,True,0,1.0,101,True,0,3.5069169445675867,0.6084322706763349,3.9739276767470635,294.6670589311505,0,0,0,0,True,6.907415502759334e-11,2.6167546994238992e-11,4.1252764087166675e-10,1.5627483028932e-10,4.440892098500626e-14,1.5376083911254544e-14,6.907415502759334e-11,2.6167546994238992e-11,4.12527640871667e-10,1.5627483028932007e-10,0.39804349379183224
trial_0019_bite_006_withdrawal,trial_0019_bite_006,trial_0019,withdrawal,contextual_promp,RobotSmooth,True,101,1.0,True,0,1.0,101,True,0,4.170415777950499,0.6983359534181193,2.6563278016275493,25.274552786733373,0,0,0,0,True,6.788516697804493e-11,2.2721746374691094e-11,4.053845602824363e-10,1.3569082616117668e-10,4.884981308350689e-14,1.8206853270927542e-14,6.788516697804493e-11,2.2721746374691094e-11,4.053845602824366e-10,1.3569082616117676e-10,0.4033404542524823
trial_0019_bite_007_transfer,trial_0019_bite_007,trial_0019,transfer,retrieval,B0,True,101,1.0,True,0,1.0,101,True,0,5.141633025974661,0.6536341831778165,12.200821416112133,1175.5924188289198,0,0,0,0,True,9.961845754522828e-11,3.3206823771895003e-11,5.949567923073748e-10,1.9831405853523284e-10,4.3076653355456074e-14,1.719683302343014e-14,9.961845754522828e-11,3.3206823771895003e-11,5.949567923073753e-10,1.98314058535233e-10,0.6105147632155794
trial_0019_bite_007_transfer,trial_0019_bite_007,trial_0019,transfer,retrieval,StrongLocal,True,101,1.0,True,0,1.0,101,True,0,4.895327517682279,0.6237496602394434,13.111603854398838,1295.0657901258687,0,0,0,0,True,8.877807216384781e-11,3.0521241888256676e-11,5.301502736098889e-10,1.8226911374456037e-10,4.1744385725905886e-14,1.849146025924538e-14,8.877807216384781e-11,3.0521241888256676e-11,5.301502736098895e-10,1.8226911374456053e-10,0.6111461634144075
trial_0019_bite_007_transfer,trial_0019_bite_007,trial_0019,transfer,retrieval,RobotSmooth,True,101,1.0,True,0,1.0,101,True,0,5.141633023407706,0.6536341831169457,12.200821480646802,1175.5924357275014,0,0,0,0,True,8.885899232519766e-11,3.263866047216956e-11,5.305772747312083e-10,1.9490572498584682e-10,5.0182080713057076e-14,1.8330091696226025e-14,8.885899232519766e-11,3.263866047216956e-11,5.305772747312088e-10,1.9490572498584697e-10,0.6105147632153787
trial_0019_bite_007_transfer,trial_0019_bite_007,trial_0019,transfer,contextual_promp,B0,True,101,1.0,True,0,1.0,101,True,0,4.841824237186348,0.5969489185364201,1.5648266117854575,10.82040721762884,0,0,0,0,True,5.012480294277335e-11,2.1519895750787062e-11,2.994704165807764e-10,1.285166447997516e-10,4.529709940470639e-14,1.7499549745807588e-14,5.012480294277335e-11,2.1519895750787062e-11,2.9947041658077667e-10,1.285166447997517e-10,0.659841828872763
trial_0019_bite_007_transfer,trial_0019_bite_007,trial_0019,transfer,contextual_promp,StrongLocal,True,101,1.0,True,0,1.0,101,True,0,4.565597611432813,0.5627837020882113,3.861249445460967,239.0888873941785,0,0,0,0,True,7.452723867509805e-11,2.509787233294198e-11,4.4483450959490844e-10,1.4988373631628612e-10,5.595524044110789e-14,2.318698004640022e-14,7.452723867509805e-11,2.509787233294198e-11,4.4483450959490885e-10,1.4988373631628625e-10,0.6612782646841242
trial_0019_bite_007_transfer,trial_0019_bite_007,trial_0019,transfer,contextual_promp,RobotSmooth,True,101,1.0,True,0,1.0,101,True,0,4.841824237186357,0.5969489185290958,1.5648266105001594,10.820406422373175,0,0,0,0,True,5.012480294277335e-11,2.1472072828471624e-11,2.994704165807764e-10,1.2823856269473493e-10,5.417888360170764e-14,1.8041911351290655e-14,5.012480294277335e-11,2.1472072828471624e-11,2.9947041658077667e-10,1.2823856269473504e-10,0.659841828872763
trial_0019_bite_007_withdrawal,trial_0019_bite_007,trial_0019,withdrawal,retrieval,B0,True,101,1.0,True,0,1.0,101,True,0,7.046048916678959,1.4326490338625344,15.43702200809629,1428.8849568851838,0,0,0,0,True,2.1384645497038145e-10,5.828592644136486e-11,1.2770293045323735e-09,3.4806894136750797e-10,7.061018436615996e-14,2.3961023009643157e-14,2.1384645497038145e-10,5.828592644136486e-11,1.2770293045323745e-09,3.480689413675082e-10,0.029324937167923615
trial_0019_bite_007_withdrawal,trial_0019_bite_007,trial_0019,withdrawal,retrieval,StrongLocal,True,101,1.0,True,0,1.0,101,True,0,7.16338089820425,1.4733377055643253,18.668367669909124,2015.2767007616023,0,0,0,0,True,3.2938131196677193e-10,7.442940542997652e-11,1.966966421085909e-09,4.4445449568532815e-10,6.394884621840902e-14,2.0187242570167267e-14,3.2938131196677193e-10,7.442940542997652e-11,1.96696642108591e-09,4.444544956853284e-10,0.2145927350425776
trial_0019_bite_007_withdrawal,trial_0019_bite_007,trial_0019,withdrawal,retrieval,RobotSmooth,True,101,1.0,True,0,1.0,101,True,0,7.046048916843498,1.432649033959036,15.437021994758995,1428.8849346378017,0,0,0,0,True,2.278167369554065e-10,5.51489137278535e-11,1.360703416000667e-09,3.2934865855578895e-10,6.705747068735946e-14,2.4749481298041268e-14,2.278167369554065e-10,5.51489137278535e-11,1.3607034160006678e-09,3.293486585557892e-10,0.029324937167547915
trial_0019_bite_007_withdrawal,trial_0019_bite_007,trial_0019,withdrawal,contextual_promp,B0,True,101,1.0,True,0,1.0,101,True,0,4.104316641329043,0.6791462882183845,2.8215817364026106,39.254703649479865,0,0,0,0,True,6.898781860380313e-11,2.597630507292562e-11,4.119625631107214e-10,1.5513787719808903e-10,6.128431095930864e-14,2.1217948923230752e-14,6.898781860380313e-11,2.597630507292562e-11,4.1196256311072154e-10,1.5513787719808913e-10,0.42751847095571227
trial_0019_bite_007_withdrawal,trial_0019_bite_007,trial_0019,withdrawal,contextual_promp,StrongLocal,True,101,1.0,True,0,1.0,101,True,0,3.4463547307906373,0.6005725655712628,4.394192105076468,328.0561575037127,0,0,0,0,True,7.080193538634656e-11,3.057014536011908e-11,4.2270946008269796e-10,1.825406024003374e-10,4.796163466380676e-14,1.63421698776928e-14,7.080193538634656e-11,3.057014536011908e-11,4.2270946008269837e-10,1.8254060240033752e-10,0.42257730827507656
trial_0019_bite_007_withdrawal,trial_0019_bite_007,trial_0019,withdrawal,contextual_promp,RobotSmooth,True,101,1.0,True,0,1.0,101,True,0,4.1043166413250525,0.6791462882246074,2.821581744004987,39.254705258366364,0,0,0,0,True,6.898781860380313e-11,2.8220822635842564e-11,4.119625631107214e-10,1.6854028533182213e-10,6.128431095930864e-14,2.0920176428830797e-14,6.898781860380313e-11,2.8220822635842564e-11,4.1196256311072154e-10,1.6854028533182223e-10,0.42751847095571227
trial_0019_bite_008_transfer,trial_0019_bite_008,trial_0019,transfer,retrieval,B0,True,101,1.0,True,0,1.0,101,True,0,4.190121166079107,0.5361539628512242,10.24895292367162,962.7435009633655,0,0,0,0,True,8.520216008146282e-11,3.2089314053612006e-11,5.090239465802275e-10,1.9164425587662293e-10,8.526512829121202e-14,3.040861090818258e-14,8.520216008146282e-11,3.2089314053612006e-11,5.09023946580228e-10,1.9164425587662311e-10,0.5001113771091266
trial_0019_bite_008_transfer,trial_0019_bite_008,trial_0019,transfer,retrieval,StrongLocal,True,101,1.0,True,0,1.0,101,True,0,4.041062351673127,0.5102912281946859,11.743655905698102,1151.0474323212957,0,0,0,0,True,6.128986545369375e-11,2.2846130106611434e-11,3.662452760553466e-10,1.364399520593015e-10,6.661338147750939e-14,2.743470656626355e-14,6.128986545369375e-11,2.2846130106611434e-11,3.6624527605534695e-10,1.364399520593016e-10,0.4932135543541234
trial_0019_bite_008_transfer,trial_0019_bite_008,trial_0019,transfer,retrieval,RobotSmooth,True,101,1.0,True,0,1.0,101,True,0,4.1901211640967855,0.53615396284223,10.248952942251616,962.7435054123417,0,0,0,0,True,8.520216008146282e-11,3.108406748190036e-11,5.090239465802275e-10,1.8564403830504468e-10,8.526512829121202e-14,3.012941563792898e-14,8.520216008146282e-11,3.108406748190036e-11,5.09023946580228e-10,1.8564403830504483e-10,0.5001113771091399
trial_0019_bite_008_transfer,trial_0019_bite_008,trial_0019,transfer,contextual_promp,B0,True,101,1.0,True,0,1.0,101,True,0,4.245820600794692,0.5109219448501374,1.2577907225163478,8.91934560621801,0,0,0,0,True,7.661188250133047e-11,2.633769149467732e-11,4.5758725664871607e-10,1.5728656080815648e-10,8.126832540256146e-14,2.868924651188953e-14,7.661188250133047e-11,2.633769149467732e-11,4.575872566487165e-10,1.5728656080815658e-10,0.5119812118067042
trial_0019_bite_008_transfer,trial_0019_bite_008,trial_0019,transfer,contextual_promp,StrongLocal,True,101,1.0,True,0,1.0,101,True,0,4.087100649713856,0.4929928234468499,3.6751606767968243,231.80489322612812,0,0,0,0,True,7.383698304984708e-11,2.5358787605005604e-11,4.4099945194905653e-10,1.514591118131083e-10,6.972200594645983e-14,2.7995446506406955e-14,7.383698304984708e-11,2.5358787605005604e-11,4.409994519490569e-10,1.5145911181310838e-10,0.5008221813220475
trial_0019_bite_008_transfer,trial_0019_bite_008,trial_0019,transfer,contextual_promp,RobotSmooth,True,101,1.0,True,0,1.0,101,True,0,4.24582060135225,0.5109219448449421,1.2577907187753077,8.919345102549178,0,0,0,0,True,7.661188250133047e-11,2.620614927120005e-11,4.5758725664871607e-10,1.5649095030785485e-10,8.126832540256146e-14,2.889054608992198e-14,7.661188250133047e-11,2.620614927120005e-11,4.575872566487165e-10,1.5649095030785497e-10,0.5119812118067042
trial_0019_bite_008_withdrawal,trial_0019_bite_008,trial_0019,withdrawal,retrieval,B0,True,101,1.0,True,0,1.0,101,True,0,7.103198159958813,1.184760670073015,36.30003584271397,3984.1094732521015,0,0,0,0,True,5.4883122969237045e-11,2.1149697069964305e-11,3.279124018040945e-10,1.2631453970158946e-10,4.973799150320701e-14,1.92105273729071e-14,5.4883122969237045e-11,2.1149697069964305e-11,3.2791240180409477e-10,1.2631453970158954e-10,0.4326511293202535
trial_0019_bite_008_withdrawal,trial_0019_bite_008,trial_0019,withdrawal,retrieval,StrongLocal,True,101,1.0,True,0,1.0,101,True,0,7.361777597518085,1.2536009640278238,50.608899928774406,5757.095699687506,0,0,0,0,True,5.7921544840408114e-11,2.137863121112574e-11,3.457815519423418e-10,1.2767064663186712e-10,7.149836278586008e-14,1.8929975474063632e-14,5.7921544840408114e-11,2.137863121112574e-11,3.45781551942342e-10,1.2767064663186717e-10,0.4246077604260772
trial_0019_bite_008_withdrawal,trial_0019_bite_008,trial_0019,withdrawal,retrieval,RobotSmooth,True,101,1.0,True,0,1.0,101,True,0,7.103198158852447,1.1847606701634272,36.300035940056844,3984.1095039844517,0,0,0,0,True,5.4883122969237045e-11,2.28883797663956e-11,3.279124018040945e-10,1.3671178511294888e-10,4.973799150320701e-14,1.8778876664269126e-14,5.4883122969237045e-11,2.28883797663956e-11,3.2791240180409477e-10,1.36711785112949e-10,0.4326511293202535
trial_0019_bite_008_withdrawal,trial_0019_bite_008,trial_0019,withdrawal,contextual_promp,B0,True,101,1.0,True,0,1.0,101,True,0,4.7226272341906945,0.8692670822498769,4.0885537209233345,45.58989707299558,0,0,0,0,True,1.5368188575513267e-10,3.714190601653934e-11,9.176707031996203e-10,2.21797429151782e-10,5.995204332975845e-14,1.994587137694866e-14,1.5368188575513267e-10,3.714190601653934e-11,9.176707031996209e-10,2.217974291517821e-10,0.13904971618632977
trial_0019_bite_008_withdrawal,trial_0019_bite_008,trial_0019,withdrawal,contextual_promp,StrongLocal,True,101,1.0,True,0,1.0,101,True,0,4.43014555067005,0.7939733395097404,5.154525969729418,288.3676299794135,0,0,0,0,True,2.355221897740439e-10,5.024154896288172e-11,1.4063618123902381e-09,3.0002950263188113e-10,4.796163466380676e-14,1.618603521797444e-14,2.355221897740439e-10,5.024154896288172e-11,1.4063618123902388e-09,3.0002950263188123e-10,0.3737865493530048
trial_0019_bite_008_withdrawal,trial_0019_bite_008,trial_0019,withdrawal,contextual_promp,RobotSmooth,True,101,1.0,True,0,1.0,101,True,0,4.722627235073761,0.869267082325338,4.088553709531258,45.58989692355064,0,0,0,0,True,1.2752315936418008e-10,3.9461180833150434e-11,7.616292611372481e-10,2.356329830847167e-10,6.128431095930864e-14,2.1803266302180612e-14,1.2752315936418008e-10,3.9461180833150434e-11,7.616292611372485e-10,2.356329830847168e-10,0.1390497161871007
trial_0019_bite_009_transfer,trial_0019_bite_009,trial_0019,transfer,retrieval,B0,True,101,1.0,True,0,1.0,101,True,0,5.288412653055184,0.6606076531164256,11.378487313191878,1093.6414760997611,0,0,0,0,True,9.301358116096178e-11,3.268431035475985e-11,5.556113188270739e-10,1.9517983223570134e-10,6.616929226765933e-14,2.606396558867201e-14,9.301358116096178e-11,3.268431035475985e-11,5.556113188270742e-10,1.951798322357015e-10,0.689102570237734
trial_0019_bite_009_transfer,trial_0019_bite_009,trial_0019,transfer,retrieval,StrongLocal,True,101,1.0,True,0,1.0,101,True,0,4.9901979702852675,0.6273977625434293,12.190269700447127,1200.661169373629,0,0,0,0,True,8.767403757319574e-11,2.6333115378156745e-11,5.23640569354862e-10,1.572603296746937e-10,6.128431095930864e-14,2.365613766734075e-14,8.767403757319574e-11,2.6333115378156745e-11,5.236405693548623e-10,1.5726032967469386e-10,0.689728875585939
trial_0019_bite_009_transfer,trial_0019_bite_009,trial_0019,transfer,retrieval,RobotSmooth,True,101,1.0,True,0,1.0,101,True,0,5.288412653741817,0.660607653014735,11.378487233692644,1093.6414613023155,0,0,0,0,True,1.1202350134731958e-10,3.5788267319738634e-11,6.690008306145338e-10,2.1368576514279186e-10,5.3734794391857577e-14,2.5710281514427946e-14,1.1202350134731958e-10,3.5788267319738634e-11,6.690008306145343e-10,2.1368576514279212e-10,0.689102570237734
trial_0019_bite_009_transfer,trial_0019_bite_009,trial_0019,transfer,contextual_promp,B0,True,101,1.0,True,0,1.0,101,True,0,5.096327783141682,0.6303726725679172,1.7291322044398174,12.995901604335375,0,0,0,0,True,1.1476872261854991e-10,3.213311792534486e-11,6.854472883344403e-10,1.91885706723401e-10,5.10702591327572e-14,2.0984433589486645e-14,1.1476872261854991e-10,3.213311792534486e-11,6.854472883344409e-10,1.9188570672340115e-10,0.7019271283838437
trial_0019_bite_009_transfer,trial_0019_bite_009,trial_0019,transfer,contextual_promp,StrongLocal,True,101,1.0,True,0,1.0,101,True,0,4.789548497327175,0.5982311514013117,4.343354405282027,269.23214296031597,0,0,0,0,True,8.820996978225157e-11,3.10336451644911e-11,5.267627034965461e-10,1.8532649495857608e-10,6.17284001691587e-14,2.6780727051633703e-14,8.820996978225157e-11,3.10336451644911e-11,5.267627034965464e-10,1.853264949585762e-10,0.6865007780988839
trial_0019_bite_009_transfer,trial_0019_bite_009,trial_0019,transfer,contextual_promp,RobotSmooth,True,101,1.0,True,0,1.0,101,True,0,5.096327783762506,0.6303726725686963,1.7291322045547444,12.995901616889308,0,0,0,0,True,1.0195332304180967e-10,3.3285960777302245e-11,6.090203451227794e-10,1.987586758171454e-10,5.10702591327572e-14,2.3315552416647052e-14,1.0195332304180967e-10,3.3285960777302245e-11,6.0902034512278e-10,1.9875867581714555e-10,0.7019271283838437
trial_0019_bite_009_withdrawal,trial_0019_bite_009,trial_0019,withdrawal,retrieval,B0,True,83,0.8217821782178217,False,0,1.0,83,False,0,6.380023799525079,1.5219751045273109,15.475295099710246,1505.267115122348,18,0,0,0,True,2.0447669712524019e-10,4.329988700043253e-11,1.2212320497784558e-09,2.58577808627385e-10,5.5067062021407764e-14,2.446461368394383e-14,2.0447669712524019e-10,4.329988700043253e-11,1.2212320497784566e-09,2.585778086273852e-10,0.009426569712983834
trial_0019_bite_009_withdrawal,trial_0019_bite_009,trial_0019,withdrawal,retrieval,StrongLocal,True,101,1.0,True,0,1.0,101,True,0,7.09491098976494,1.4093592180216672,17.80846378057454,1961.309490651625,0,0,0,0,True,1.710135160604865e-10,6.351367806919353e-11,1.0210537590700903e-09,3.792647018876725e-10,5.684341886080802e-14,2.0809559676799098e-14,1.710135160604865e-10,6.351367806919353e-11,1.021053759070091e-09,3.7926470188767283e-10,0.11510648647674593
trial_0019_bite_009_withdrawal,trial_0019_bite_009,trial_0019,withdrawal,retrieval,RobotSmooth,True,101,1.0,True,0,1.0,101,True,0,7.057841959994882,1.406084032931538,40.325854667389706,5357.420749673007,0,0,0,0,True,2.4705410102773154e-10,5.134956456611421e-11,1.4752415465500969e-09,3.0665686705238993e-10,6.084022174945858e-14,2.5250409071198463e-14,2.4705410102773154e-10,5.134956456611421e-11,1.4752415465500977e-09,3.0665686705239014e-10,0.014598089063604824
trial_0019_bite_009_withdrawal,trial_0019_bite_009,trial_0019,withdrawal,contextual_promp,B0,True,101,1.0,True,0,1.0,101,True,0,4.498204679619347,0.743166427341153,3.0604759190881303,38.574560877755296,0,0,0,0,True,7.02749520613549e-11,2.4514946342267123e-11,4.196618279333915e-10,1.463994135878796e-10,5.10702591327572e-14,1.96505842274392e-14,7.02749520613549e-11,2.4514946342267123e-11,4.1966182793339177e-10,1.4639941358787971e-10,0.40837953777790537
trial_0019_bite_009_withdrawal,trial_0019_bite_009,trial_0019,withdrawal,contextual_promp,StrongLocal,True,101,1.0,True,0,1.0,101,True,0,3.784349672667641,0.659956898010686,4.448179232610162,314.54656363824733,0,0,0,0,True,6.045013174815543e-11,2.6376989948025413e-11,3.6118340369224276e-10,1.575252338808813e-10,6.661338147750939e-14,1.9392370985160068e-14,6.045013174815543e-11,2.6376989948025413e-11,3.6118340369224297e-10,1.5752523388088142e-10,0.40346640379140153
trial_0019_bite_009_withdrawal,trial_0019_bite_009,trial_0019,withdrawal,contextual_promp,RobotSmooth,True,101,1.0,True,0,1.0,101,True,0,4.498204679396338,0.7431664273260608,3.060475919739446,38.57456106983788,0,0,0,0,True,7.02749520613549e-11,2.5584250109418606e-11,4.196618279333915e-10,1.527893803438738e-10,5.284661597215745e-14,2.10794563141406e-14,7.02749520613549e-11,2.5584250109418606e-11,4.1966182793339177e-10,1.527893803438739e-10,0.40837953777784675
trial_0019_bite_010_transfer,trial_0019_bite_010,trial_0019,transfer,retrieval,B0,True,101,1.0,True,0,1.0,101,True,0,4.644102242088245,0.5980046653067101,11.062776490435025,1039.1896984216096,0,0,0,0,True,8.763123937225271e-11,2.553371960915345e-11,5.232612183767849e-10,1.5248593371607796e-10,6.261657858885883e-14,2.522534155592156e-14,8.763123937225271e-11,2.553371960915345e-11,5.232612183767853e-10,1.524859337160781e-10,0.6150862105725494
trial_0019_bite_010_transfer,trial_0019_bite_010,trial_0019,transfer,retrieval,StrongLocal,True,101,1.0,True,0,1.0,101,True,0,4.459176266423842,0.5667244137389316,12.370541644416566,1210.800498437975,0,0,0,0,True,7.439610818986579e-11,2.0973086902415482e-11,4.442066479073285e-10,1.2525114662015515e-10,6.483702463810914e-14,2.6588902257901872e-14,7.439610818986579e-11,2.0973086902415482e-11,4.4420664790732893e-10,1.2525114662015528e-10,0.6081947052125427
trial_0019_bite_010_transfer,trial_0019_bite_010,trial_0019,transfer,retrieval,RobotSmooth,True,101,1.0,True,0,1.0,101,True,0,4.644102243092073,0.5980046652955495,11.06277649152431,1039.1896999255325,0,0,0,0,True,8.763123937225271e-11,2.4108104955693708e-11,5.232612183767849e-10,1.4397321954269298e-10,6.261657858885883e-14,2.3585375842224853e-14,8.763123937225271e-11,2.4108104955693708e-11,5.232612183767853e-10,1.4397321954269311e-10,0.6150862105723984
trial_0019_bite_010_transfer,trial_0019_bite_010,trial_0019,transfer,contextual_promp,B0,True,101,1.0,True,0,1.0,101,True,0,4.718239501183215,0.5796066445587453,1.5346908516535533,11.778841777654142,0,0,0,0,True,7.232222404807148e-11,2.457001466416463e-11,4.319145065549477e-10,1.4672401059096798e-10,5.773159728050814e-14,2.496702665422607e-14,7.232222404807148e-11,2.457001466416463e-11,4.3191450655494804e-10,1.467240105909681e-10,0.6262827944619094
trial_0019_bite_010_transfer,trial_0019_bite_010,trial_0019,transfer,contextual_promp,StrongLocal,True,101,1.0,True,0,1.0,101,True,0,4.541894602503794,0.5578043891727509,3.967215556593858,246.99135400408005,0,0,0,0,True,6.444687875411737e-11,2.4241395560762135e-11,3.847856206814428e-10,1.447487112573584e-10,6.705747068735946e-14,2.6145609282861936e-14,6.444687875411737e-11,2.4241395560762135e-11,3.8478562068144313e-10,1.4474871125735854e-10,0.612984305975349
trial_0019_bite_010_transfer,trial_0019_bite_010,trial_0019,transfer,contextual_promp,RobotSmooth,True,101,1.0,True,0,1.0,101,True,0,4.718239501183204,0.5796066445656789,1.534690854382626,11.778841977050604,0,0,0,0,True,6.500186115337522e-11,2.4839740101830968e-11,3.88104785037565e-10,1.48336937986869e-10,5.773159728050814e-14,2.4356739056988792e-14,6.500186115337522e-11,2.4839740101830968e-11,3.881047850375653e-10,1.4833693798686916e-10,0.6262827944619094
trial_0019_bite_010_withdrawal,trial_0019_bite_010,trial_0019,withdrawal,retrieval,B0,True,101,1.0,True,0,1.0,101,True,0,7.203170101492216,1.202473163527983,37.00856122930594,4069.857183987794,0,0,0,0,True,6.946752157437004e-11,2.3084083568785733e-11,4.150780070528786e-10,1.3788712087599845e-10,4.574118861455645e-14,1.7006269445050225e-14,6.946752157437004e-11,2.3084083568785733e-11,4.1507800705287873e-10,1.3788712087599853e-10,0.44099944754981335
trial_0019_bite_010_withdrawal,trial_0019_bite_010,trial_0019,withdrawal,retrieval,StrongLocal,True,101,1.0,True,0,1.0,101,True,0,7.431149680392343,1.267584864730134,51.3522866556679,5852.35439656536,0,0,0,0,True,5.3166716421407234e-11,1.9814981047840246e-11,3.173512826719953e-10,1.183393792829099e-10,4.1744385725905886e-14,1.6019545095701365e-14,5.3166716421407234e-11,1.9814981047840246e-11,3.173512826719956e-10,1.1833937928290997e-10,0.4323347484259439
trial_0019_bite_010_withdrawal,trial_0019_bite_010,trial_0019,withdrawal,retrieval,RobotSmooth,True,101,1.0,True,0,1.0,101,True,0,7.203170100638768,1.2024731631981471,37.00856109790698,4069.8571628369546,0,0,0,0,True,7.008344866912404e-11,2.4188190845976532e-11,4.1851596784869136e-10,1.444750310224437e-10,3.68594044175552e-14,1.634455938076921e-14,7.008344866912404e-11,2.4188190845976532e-11,4.1851596784869157e-10,1.444750310224438e-10,0.44099944754981335
trial_0019_bite_010_withdrawal,trial_0019_bite_010,trial_0019,withdrawal,contextual_promp,B0,True,101,1.0,True,0,1.0,101,True,0,4.423728351651382,0.7905663671107644,3.513258824363622,38.8905496051188,0,0,0,0,True,1.7843154347920353e-10,4.141378175502312e-11,1.0657378948344703e-09,2.4733333532081273e-10,4.218847493575595e-14,1.7404278761926543e-14,1.7843154347920353e-10,4.141378175502312e-11,1.0657378948344711e-09,2.4733333532081293e-10,0.2601244467350039
trial_0019_bite_010_withdrawal,trial_0019_bite_010,trial_0019,withdrawal,contextual_promp,StrongLocal,True,101,1.0,True,0,1.0,101,True,0,3.9164859595676087,0.7101880469008709,4.492751003415177,262.54318420607035,0,0,0,0,True,9.965854419813525e-11,3.539317858357001e-11,5.950134697637453e-10,2.113649484263076e-10,4.574118861455645e-14,1.452075639594442e-14,9.965854419813525e-11,3.539317858357001e-11,5.950134697637458e-10,2.1136494842630774e-10,0.39635963159121834
trial_0019_bite_010_withdrawal,trial_0019_bite_010,trial_0019,withdrawal,contextual_promp,RobotSmooth,True,101,1.0,True,0,1.0,101,True,0,4.4237283520369495,0.7905663671054911,3.5132588172567707,38.890548287417836,0,0,0,0,True,2.915590715289971e-10,5.1483499960868377e-11,1.7410056901183096e-09,3.074446179931421e-10,6.794564910705958e-14,1.9799764525185432e-14,2.915590715289971e-10,5.1483499960868377e-11,1.7410056901183102e-09,3.0744461799314225e-10,0.2601244467353272
trial_0019_bite_011_transfer,trial_0019_bite_011,trial_0019,transfer,retrieval,B0,True,101,1.0,True,0,1.0,101,True,0,3.9301299539865973,0.4500097519689311,7.618235801655372,876.0912229304687,0,0,0,0,True,1.4147015494887023e-10,3.4067215631315417e-11,8.448523005455911e-10,2.0343883405619626e-10,7.815970093361102e-14,3.0807264356820345e-14,1.4147015494887023e-10,3.4067215631315417e-11,8.448523005455918e-10,2.034388340561964e-10,0.4967192348981868
trial_0019_bite_011_transfer,trial_0019_bite_011,trial_0019,transfer,retrieval,StrongLocal,True,101,1.0,True,0,1.0,101,True,0,3.845932487507831,0.44150241709653654,9.080746326766116,1013.838900714264,0,0,0,0,True,7.081960188376418e-11,3.127694170851822e-11,4.2291629861744224e-10,1.8677003614766964e-10,5.861977570020827e-14,2.879193730590393e-14,7.081960188376418e-11,3.127694170851822e-11,4.229162986174426e-10,1.867700361476698e-10,0.4879551388823682
trial_0019_bite_011_transfer,trial_0019_bite_011,trial_0019,transfer,retrieval,RobotSmooth,True,101,1.0,True,0,1.0,101,True,0,3.9301299520581807,0.45000975203663357,7.618235790836254,876.0912191438897,0,0,0,0,True,1.6775733790368813e-10,3.386448101573329e-11,1.0015294253469146e-09,2.022151560254978e-10,7.815970093361102e-14,2.906809234211687e-14,1.6775733790368813e-10,3.386448101573329e-11,1.0015294253469154e-09,2.0221515602549802e-10,0.4967192348981868
trial_0019_bite_011_transfer,trial_0019_bite_011,trial_0019,transfer,contextual_promp,B0,True,101,1.0,True,0,1.0,101,True,0,4.144790664359908,0.5114002451426551,1.3272925364926118,9.372098010960842,0,0,0,0,True,1.0907118171022103e-10,3.819737269044876e-11,6.510573067265118e-10,2.2809639964935218e-10,7.149836278586008e-14,2.7715226504557564e-14,1.0907118171022103e-10,3.819737269044876e-11,6.510573067265122e-10,2.2809639964935236e-10,0.4967192348981868
trial_0019_bite_011_transfer,trial_0019_bite_011,trial_0019,transfer,contextual_promp,StrongLocal,True,101,1.0,True,0,1.0,101,True,0,4.074140340874099,0.5029599242270483,3.331750357752984,204.422300429982,0,0,0,0,True,7.084390470035271e-11,3.186594407555301e-11,4.231395205221134e-10,1.9031302040193675e-10,7.460698725481052e-14,2.8067577621614456e-14,7.084390470035271e-11,3.186594407555301e-11,4.231395205221138e-10,1.903130204019369e-10,0.4874354235328111
trial_0019_bite_011_transfer,trial_0019_bite_011,trial_0019,transfer,contextual_promp,RobotSmooth,True,101,1.0,True,0,1.0,101,True,0,4.144790664360115,0.5114002451412081,1.3272925346058606,9.37209741391028,0,0,0,0,True,1.0907118171022103e-10,3.915831780237836e-11,6.510573067265118e-10,2.3383119301788837e-10,7.149836278586008e-14,2.7500392310484764e-14,1.0907118171022103e-10,3.915831780237836e-11,6.510573067265122e-10,2.338311930178885e-10,0.4967192348981868
trial_0019_bite_011_withdrawal,trial_0019_bite_011,trial_0019,withdrawal,retrieval,B0,True,101,1.0,True,0,1.0,101,True,0,7.189650880301214,1.1968464878103129,36.61967604511312,4016.046923643261,0,0,0,0,True,5.5858667152869525e-11,2.337651672909762e-11,3.3360982988256017e-10,1.3960764672972418e-10,4.263256414560601e-14,1.7921049626768598e-14,5.5858667152869525e-11,2.337651672909762e-11,3.336098298825604e-10,1.3960764672972428e-10,0.42758019196527197
trial_0019_bite_011_withdrawal,trial_0019_bite_011,trial_0019,withdrawal,retrieval,StrongLocal,True,101,1.0,True,0,1.0,101,True,0,7.412090767032316,1.2593789656396566,51.93996090747519,5920.9515529198725,0,0,0,0,True,6.659739740038664e-11,2.8150392608047755e-11,3.9779799759675406e-10,1.6813063802447494e-10,5.5067062021407764e-14,1.8199559030170864e-14,6.659739740038664e-11,2.8150392608047755e-11,3.977979975967542e-10,1.6813063802447507e-10,0.4192833471359214
trial_0019_bite_011_withdrawal,trial_0019_bite_011,trial_0019,withdrawal,retrieval,RobotSmooth,True,101,1.0,True,0,1.0,101,True,0,7.189650880419077,1.196846487811939,36.6196759936262,4016.046910780164,0,0,0,0,True,5.846676260178896e-11,2.204088010662115e-11,3.4903408131094857e-10,1.3164188165252754e-10,4.085620730620576e-14,1.7969959112413694e-14,5.846676260178896e-11,2.204088010662115e-11,3.490340813109489e-10,1.3164188165252765e-10,0.4275801919652622
trial_0019_bite_011_withdrawal,trial_0019_bite_011,trial_0019,withdrawal,contextual_promp,B0,True,101,1.0,True,0,1.0,101,True,0,5.16223710824937,0.9556826175144794,4.651913293111105,51.228821404310025,0,0,0,0,True,1.6854690477149613e-10,4.886142747699319e-11,1.0065864799244387e-09,2.918018087371208e-10,7.993605777301127e-14,2.4748021685782942e-14,1.6854690477149613e-10,4.886142747699319e-11,1.006586479924439e-09,2.91801808737121e-10,0.10377053111236378
trial_0019_bite_011_withdrawal,trial_0019_bite_011,trial_0019,withdrawal,contextual_promp,StrongLocal,True,101,1.0,True,0,1.0,101,True,0,4.776079094850715,0.8762403157512382,5.460848742481603,243.2230245756183,0,0,0,0,True,3.87864283053054e-10,7.314616251287891e-11,2.3163037568748485e-09,4.368058188083149e-10,4.263256414560601e-14,1.5966923982364433e-14,3.87864283053054e-10,7.314616251287891e-11,2.31630375687485e-09,4.3680581880831517e-10,0.32267211626072445
trial_0019_bite_011_withdrawal,trial_0019_bite_011,trial_0019,withdrawal,contextual_promp,RobotSmooth,True,101,1.0,True,0,1.0,101,True,0,5.162237107607892,0.9556826175092827,4.6519132782075285,51.22882335039241,0,0,0,0,True,2.011389533125691e-10,5.1384755054466243e-11,1.2012952852633153e-09,3.068705610445975e-10,7.993605777301127e-14,2.37366853872247e-14,2.011389533125691e-10,5.1384755054466243e-11,1.2012952852633164e-09,3.068705610445977e-10,0.10377053111162926
trial_0019_bite_012_transfer,trial_0019_bite_012,trial_0019,transfer,retrieval,B0,True,101,1.0,True,0,1.0,101,True,0,5.523243511367739,0.6577995113623782,22.458914348473026,2288.551518755417,0,0,0,0,True,9.010708379211441e-11,2.898453312312517e-11,5.379814480420555e-10,1.7309984033818505e-10,6.217248937900877e-14,2.393227992349492e-14,9.010708379211441e-11,2.898453312312517e-11,5.379814480420558e-10,1.7309984033818518e-10,0.6477872403594576
trial_0019_bite_012_transfer,trial_0019_bite_012,trial_0019,transfer,retrieval,StrongLocal,True,101,1.0,True,0,1.0,101,True,0,5.470366411862075,0.6513603838166929,25.847852297335155,2678.438736741049,0,0,0,0,True,7.669887609899256e-11,3.1563834639230225e-11,4.5806293093605443e-10,1.8849204315084032e-10,5.1514348342607263e-14,2.5507806233564735e-14,7.669887609899256e-11,3.1563834639230225e-11,4.5806293093605474e-10,1.8849204315084043e-10,0.6110715528853814
trial_0019_bite_012_transfer,trial_0019_bite_012,trial_0019,transfer,retrieval,RobotSmooth,True,101,1.0,True,0,1.0,101,True,0,5.523243509292557,0.6577995115483694,22.458914503216278,2288.5515482735286,0,0,0,0,True,8.325234669504931e-11,2.8667651620905094e-11,4.972534981154638e-10,1.711981977146515e-10,6.217248937900877e-14,2.400043261359208e-14,8.325234669504931e-11,2.8667651620905094e-11,4.972534981154642e-10,1.711981977146516e-10,0.6477872403594536
trial_0019_bite_012_transfer,trial_0019_bite_012,trial_0019,transfer,contextual_promp,B0,True,101,1.0,True,0,1.0,101,True,0,4.215246584499527,0.5111046268287451,1.2424244784193885,8.383425839941827,0,0,0,0,True,9.824234576739262e-11,4.4596170892704444e-11,5.867138680869554e-10,2.6632621511018226e-10,6.350475700855895e-14,2.2760180595149258e-14,9.824234576739262e-11,4.4596170892704444e-11,5.867138680869558e-10,2.663262151101824e-10,0.6509612183865006
trial_0019_bite_012_transfer,trial_0019_bite_012,trial_0019,transfer,contextual_promp,StrongLocal,True,101,1.0,True,0,1.0,101,True,0,4.032602610413901,0.4898987373415134,3.639774545159557,229.91230317090404,0,0,0,0,True,6.100074681888375e-11,2.5100079196826376e-11,3.6440603129543415e-10,1.4991715132956582e-10,6.084022174945858e-14,2.606231736940032e-14,6.100074681888375e-11,2.5100079196826376e-11,3.644060312954344e-10,1.499171513295659e-10,0.6396095160440409
trial_0019_bite_012_transfer,trial_0019_bite_012,trial_0019,transfer,contextual_promp,RobotSmooth,True,101,1.0,True,0,1.0,101,True,0,4.215246584499527,0.511104626832515,1.2424244788785694,8.383425858368748,0,0,0,0,True,9.824234576739262e-11,4.4359369581675475e-11,5.867138680869554e-10,2.6490736439600437e-10,6.350475700855895e-14,2.5505739296184312e-14,9.824234576739262e-11,4.4359369581675475e-11,5.867138680869558e-10,2.6490736439600447e-10,0.6509612183865006
trial_0019_bite_012_withdrawal,trial_0019_bite_012,trial_0019,withdrawal,retrieval,B0,True,101,1.0,True,0,1.0,101,True,0,6.949467237623665,1.166561097263569,35.85082485517378,3924.369166300431,0,0,0,0,True,6.433694460644054e-11,2.3383878881292135e-11,3.8447178133654653e-10,1.3966218997443784e-10,5.1958437552457326e-14,2.141206635310188e-14,6.433694460644054e-11,2.3383878881292135e-11,3.844717813365467e-10,1.3966218997443794e-10,0.42434926786798854
trial_0019_bite_012_withdrawal,trial_0019_bite_012,trial_0019,withdrawal,retrieval,StrongLocal,True,101,1.0,True,0,1.0,101,True,0,7.31361491855705,1.2420650987290065,50.077003324644814,5682.476810694682,0,0,0,0,True,7.764225676260368e-11,2.6078278889169395e-11,4.6356399525852415e-10,1.5573760570344805e-10,6.084022174945858e-14,2.031773907640697e-14,7.764225676260368e-11,2.6078278889169395e-11,4.6356399525852446e-10,1.5573760570344815e-10,0.4649196475570583
trial_0019_bite_012_withdrawal,trial_0019_bite_012,trial_0019,withdrawal,retrieval,RobotSmooth,True,101,1.0,True,0,1.0,101,True,0,6.949467238719951,1.1665610973832141,35.85082490247661,3924.3691733968276,0,0,0,0,True,6.433694460644054e-11,2.336496914358837e-11,3.8447178133654653e-10,1.395554830892835e-10,5.0182080713057076e-14,2.116708901576909e-14,6.433694460644054e-11,2.336496914358837e-11,3.844717813365467e-10,1.395554830892836e-10,0.4243492678679859
trial_0019_bite_012_withdrawal,trial_0019_bite_012,trial_0019,withdrawal,contextual_promp,B0,True,101,1.0,True,0,1.0,101,True,0,4.614112349427096,0.8535490763185021,3.9257797440977544,43.58792670582719,0,0,0,0,True,9.501434984978357e-11,3.681322649353672e-11,5.673004734470675e-10,2.1983336404774001e-10,5.639932965095795e-14,2.251729626475584e-14,9.501434984978357e-11,3.681322649353672e-11,5.673004734470679e-10,2.1983336404774017e-10,0.1551470297394646
trial_0019_bite_012_withdrawal,trial_0019_bite_012,trial_0019,withdrawal,contextual_promp,StrongLocal,True,101,1.0,True,0,1.0,101,True,0,4.397478816379176,0.787047920728504,5.319093592025411,345.42144015315625,0,0,0,0,True,2.3778293969937723e-10,4.3453660660527793e-11,1.4199455876169413e-09,2.594908879095908e-10,4.884981308350689e-14,1.8445098251692798e-14,2.3778293969937723e-10,4.3453660660527793e-11,1.4199455876169421e-09,2.5949088790959096e-10,0.3924663538957671
trial_0019_bite_012_withdrawal,trial_0019_bite_012,trial_0019,withdrawal,contextual_promp,RobotSmooth,True,101,1.0,True,0,1.0,101,True,0,4.614112350752715,0.8535490764125462,3.925779727976895,43.58792724673558,0,0,0,0,True,1.940005621397211e-10,4.2590144016691016e-11,1.1583803900762584e-09,2.5432569744512505e-10,5.639932965095795e-14,2.1745156199574372e-14,1.940005621397211e-10,4.2590144016691016e-11,1.1583803900762588e-09,2.543256974451252e-10,0.15514702974060945
trial_0019_bite_013_transfer,trial_0019_bite_013,trial_0019,transfer,retrieval,B0,True,101,1.0,True,0,1.0,101,True,0,4.250428860083452,0.5337689276310607,10.261554782522133,967.8345542419737,0,0,0,0,True,1.6201593872798128e-10,4.044524598665687e-11,9.675622143484792e-10,2.415473316347922e-10,6.52811138479592e-14,2.600985703315413e-14,1.6201593872798128e-10,4.044524598665687e-11,9.6756221434848e-10,2.415473316347924e-10,0.5476137670891101
trial_0019_bite_013_transfer,trial_0019_bite_013,trial_0019,transfer,retrieval,StrongLocal,True,101,1.0,True,0,1.0,101,True,0,4.053313513469656,0.5011981603821082,12.051662252882187,1190.2408751518647,0,0,0,0,True,1.4687038344143675e-10,3.1528616983926837e-11,8.771899039557253e-10,1.8829659657822847e-10,6.17284001691587e-14,2.8172881077598708e-14,1.4687038344143675e-10,3.1528616983926837e-11,8.771899039557259e-10,1.8829659657822862e-10,0.5399444819899284
trial_0019_bite_013_transfer,trial_0019_bite_013,trial_0019,transfer,retrieval,RobotSmooth,True,101,1.0,True,0,1.0,101,True,0,4.250428857891413,0.5337689276856666,10.261554746607048,967.8345441008049,0,0,0,0,True,2.0600075342353697e-10,4.301009350529853e-11,1.230297437311149e-09,2.568703980943649e-10,6.52811138479592e-14,2.830988316935442e-14,2.0600075342353697e-10,4.301009350529853e-11,1.2302974373111501e-09,2.568703980943651e-10,0.5476137670891101
trial_0019_bite_013_transfer,trial_0019_bite_013,trial_0019,transfer,contextual_promp,B0,True,101,1.0,True,0,1.0,101,True,0,3.9759705302043225,0.47409860613828114,1.0884912890028349,7.30827441774561,0,0,0,0,True,1.5910221652560562e-10,4.3937074965694096e-11,9.500954265828083e-10,2.6238617959833376e-10,6.084022174945858e-14,2.6373037330435864e-14,1.5910221652560562e-10,4.3937074965694096e-11,9.500954265828091e-10,2.6238617959833397e-10,0.5585369024251621
trial_0019_bite_013_transfer,trial_0019_bite_013,trial_0019,transfer,contextual_promp,StrongLocal,True,101,1.0,True,0,1.0,101,True,0,3.746630675460797,0.44840737252381196,3.890482487239551,250.0142216998701,0,0,0,0,True,8.321020663447258e-11,3.091245169104808e-11,4.968914369831885e-10,1.8460154894199752e-10,6.972200594645983e-14,2.844639704852776e-14,8.321020663447258e-11,3.091245169104808e-11,4.968914369831887e-10,1.8460154894199768e-10,0.5478186583440567
trial_0019_bite_013_transfer,trial_0019_bite_013,trial_0019,transfer,contextual_promp,RobotSmooth,True,101,1.0,True,0,1.0,101,True,0,3.9759705284685265,0.4740986061024959,1.0884912934714612,7.308275734165311,0,0,0,0,True,2.5885172295761396e-10,5.1564486963588304e-11,1.5460455538154344e-09,3.0794174405494924e-10,6.084022174945858e-14,2.702824824846628e-14,2.5885172295761396e-10,5.1564486963588304e-11,1.5460455538154356e-09,3.079417440549495e-10,0.5585369024251621
trial_0019_bite_013_withdrawal,trial_0019_bite_013,trial_0019,withdrawal,retrieval,B0,True,80,0.7920792079207921,False,0,1.0,80,False,0,5.5881470767099,1.4365251940596966,14.824647522969894,1443.7629873586932,21,0,0,0,True,1.0396921598394205e-10,3.140582860639307e-11,6.209624706844153e-10,1.875376719458051e-10,5.639932965095795e-14,2.196659792916782e-14,1.0396921598394205e-10,3.140582860639307e-11,6.209624706844155e-10,1.8753767194580525e-10,0.025434230503480038
trial_0019_bite_013_withdrawal,trial_0019_bite_013,trial_0019,withdrawal,retrieval,StrongLocal,True,101,1.0,True,0,1.0,101,True,0,6.625678303406963,1.3253719692494392,17.2229616446616,1897.805499092861,0,0,0,0,True,2.9849366013168616e-10,6.772787463402248e-11,1.7825998896209287e-09,4.044467935745032e-10,6.350475700855895e-14,2.1337065721712417e-14,2.9849366013168616e-10,6.772787463402248e-11,1.7825998896209304e-09,4.044467935745035e-10,0.06959197110520776
trial_0019_bite_013_withdrawal,trial_0019_bite_013,trial_0019,withdrawal,retrieval,RobotSmooth,True,101,1.0,True,0,1.0,101,True,0,6.608931397633983,1.3438494490794393,57.33887334120254,8647.9910705055,0,0,0,0,True,1.8099546051621538e-10,5.177976249235988e-11,1.0810319303943472e-09,3.092182782616471e-10,6.128431095930864e-14,2.3697825938790957e-14,1.8099546051621538e-10,5.177976249235988e-11,1.0810319303943479e-09,3.092182782616474e-10,0.006957306830831733
trial_0019_bite_013_withdrawal,trial_0019_bite_013,trial_0019,withdrawal,contextual_promp,B0,True,101,1.0,True,0,1.0,101,True,0,4.206264235991255,0.7499850789195698,3.175491619162726,33.72004192480315,0,0,0,0,True,1.8141798161192084e-10,3.577741965742232e-11,1.083252829672403e-09,2.1364166406000128e-10,4.796163466380676e-14,2.2007528403154588e-14,1.8141798161192084e-10,3.577741965742232e-11,1.0832528296724035e-09,2.1364166406000144e-10,0.2275076224715944
trial_0019_bite_013_withdrawal,trial_0019_bite_013,trial_0019,withdrawal,contextual_promp,StrongLocal,True,101,1.0,True,0,1.0,101,True,0,3.6345348913698263,0.6628729720542805,4.096918262563632,252.1324704126622,0,0,0,0,True,1.0982374909775941e-10,3.565563237653596e-11,6.557843987703216e-10,2.1292023802240723e-10,4.6629367034256575e-14,1.6744420418395197e-14,1.0982374909775941e-10,3.565563237653596e-11,6.557843987703221e-10,2.1292023802240741e-10,0.43441109071278516
trial_0019_bite_013_withdrawal,trial_0019_bite_013,trial_0019,withdrawal,contextual_promp,RobotSmooth,True,101,1.0,True,0,1.0,101,True,0,4.206264235762717,0.7499850789315423,3.17549161973565,33.720042796747286,0,0,0,0,True,7.121244713793643e-11,2.9058388764480336e-11,4.255279460647906e-10,1.7351783186982687e-10,5.1958437552457326e-14,2.2505022504230737e-14,7.121244713793643e-11,2.9058388764480336e-11,4.255279460647909e-10,1.73517831869827e-10,0.22750762247167433
trial_0019_bite_014_transfer,trial_0019_bite_014,trial_0019,transfer,retrieval,B0,True,101,1.0,True,0,1.0,101,True,0,3.7361259554519357,0.4323643644068032,8.956868163310194,826.8695669896606,0,0,0,0,True,5.302382585930627e-11,2.310525050497455e-11,3.166194487164205e-10,1.3797041501291728e-10,7.061018436615996e-14,3.056578325167006e-14,5.302382585930627e-11,2.310525050497455e-11,3.166194487164207e-10,1.3797041501291738e-10,0.5680339349468717
trial_0019_bite_014_transfer,trial_0019_bite_014,trial_0019,transfer,retrieval,StrongLocal,True,101,1.0,True,0,1.0,101,True,0,3.598689424066353,0.41512701490229453,12.031695123894561,1147.655682862727,0,0,0,0,True,7.825346941681139e-11,2.3415907728463183e-11,4.672284305341581e-10,1.398355009627539e-10,7.638334409421077e-14,3.2591638149410557e-14,7.825346941681139e-11,2.3415907728463183e-11,4.672284305341584e-10,1.3983550096275403e-10,0.5553294635246557
trial_0019_bite_014_transfer,trial_0019_bite_014,trial_0019,transfer,retrieval,RobotSmooth,True,101,1.0,True,0,1.0,101,True,0,3.7361259550834554,0.43236436435560544,8.956868090553453,826.8695539603822,0,0,0,0,True,6.14656212893751e-11,2.346933781563487e-11,3.67194917307895e-10,1.4015855002560658e-10,7.993605777301127e-14,3.133219038834503e-14,6.14656212893751e-11,2.346933781563487e-11,3.671949173078952e-10,1.4015855002560668e-10,0.5680339349468717
trial_0019_bite_014_transfer,trial_0019_bite_014,trial_0019,transfer,contextual_promp,B0,True,101,1.0,True,0,1.0,101,True,0,3.3558322176462436,0.4131192142684468,1.0490486090066904,9.670617868868076,0,0,0,0,True,8.719399499706763e-11,3.4322191795964705e-11,5.208475819753716e-10,2.049456186925427e-10,8.171241461241152e-14,2.859803556602932e-14,8.719399499706763e-11,3.4322191795964705e-11,5.20847581975372e-10,2.0494561869254287e-10,0.5680339349468717
trial_0019_bite_014_transfer,trial_0019_bite_014,trial_0019,transfer,contextual_promp,StrongLocal,True,101,1.0,True,0,1.0,101,True,0,3.2141207905884754,0.39588497407087764,2.871556048021243,176.21599388929104,0,0,0,0,True,9.151562873199936e-11,2.841204272465283e-11,5.465977010501633e-10,1.696974009286071e-10,5.417888360170764e-14,2.686673401549297e-14,9.151562873199936e-11,2.841204272465283e-11,5.465977010501636e-10,1.6969740092860727e-10,0.5604155638713968
trial_0019_bite_014_transfer,trial_0019_bite_014,trial_0019,transfer,contextual_promp,RobotSmooth,True,101,1.0,True,0,1.0,101,True,0,3.35583221902876,0.4131192142700314,1.0490486082266215,9.670617379424069,0,0,0,0,True,8.467058195674354e-11,3.7779362752325166e-11,5.055763779817187e-10,2.2558174828838082e-10,8.171241461241152e-14,3.0772257603947045e-14,8.467058195674354e-11,3.7779362752325166e-11,5.055763779817191e-10,2.25581748288381e-10,0.5680339349468717
trial_0019_bite_014_withdrawal,trial_0019_bite_014,trial_0019,withdrawal,retrieval,B0,True,78,0.7722772277227723,False,0,1.0,78,False,0,5.796542658654452,1.5398913235595542,15.695688097722595,1506.905033480901,23,0,0,0,True,1.4328401048979088e-10,3.452318772594174e-11,8.555083802116658e-10,2.0614230896090996e-10,6.128431095930864e-14,2.19543620515386e-14,1.4328401048979088e-10,3.452318772594174e-11,8.555083802116666e-10,2.061423089609101e-10,0.03399074590958939
trial_0019_bite_014_withdrawal,trial_0019_bite_014,trial_0019,withdrawal,retrieval,StrongLocal,True,88,0.8712871287128713,False,0,1.0,86,False,0,6.659400353095419,1.5274498239048744,18.64545575534241,2035.2435850245438,13,0,0,0,True,1.8623737083950156e-10,5.545465932452172e-11,1.1123217481973589e-09,3.311580455738068e-10,5.950795411990839e-14,2.198776755099849e-14,1.8623737083950156e-10,5.545465932452172e-11,1.1123217481973597e-09,3.3115804557380697e-10,0.0008495790992562036
trial_0019_bite_014_withdrawal,trial_0019_bite_014,trial_0019,withdrawal,retrieval,RobotSmooth,True,101,1.0,True,0,1.0,101,True,0,7.005985785356074,1.40701971283393,39.305036306050596,5281.761213554025,0,0,0,0,True,4.701544202572991e-10,8.171171062971063e-11,2.8074607751449597e-09,4.879466642728271e-10,6.972200594645983e-14,1.9516277463377593e-14,4.701544202572991e-10,8.171171062971063e-11,2.807460775144961e-09,4.879466642728274e-10,0.04277271692125151
trial_0019_bite_014_withdrawal,trial_0019_bite_014,trial_0019,withdrawal,contextual_promp,B0,True,101,1.0,True,0,1.0,101,True,0,4.376415384332626,0.7350039616241806,3.049407203141562,38.29563754068548,0,0,0,0,True,1.3786838649971425e-10,3.456041010316199e-11,8.233945649650278e-10,2.0640517824804196e-10,5.684341886080802e-14,2.2962095646218754e-14,1.3786838649971425e-10,3.456041010316199e-11,8.233945649650281e-10,2.0640517824804203e-10,0.3840979066478134
trial_0019_bite_014_withdrawal,trial_0019_bite_014,trial_0019,withdrawal,contextual_promp,StrongLocal,True,101,1.0,True,0,1.0,101,True,0,3.614775247064361,0.6432129196666472,3.703510288813842,206.7244994276694,0,0,0,0,True,8.036724123393143e-11,2.6872464526439495e-11,4.800205914067035e-10,1.6047826828241252e-10,4.440892098500626e-14,1.505441603958088e-14,8.036724123393143e-11,2.6872464526439495e-11,4.800205914067037e-10,1.6047826828241262e-10,0.3878210905516606
trial_0019_bite_014_withdrawal,trial_0019_bite_014,trial_0019,withdrawal,contextual_promp,RobotSmooth,True,101,1.0,True,0,1.0,101,True,0,4.376415383924483,0.7350039616020829,3.0494072293154804,38.29563486693391,0,0,0,0,True,1.3786838649971425e-10,3.2786748798731145e-11,8.233945649650278e-10,1.958127808056199e-10,5.062616992290714e-14,2.2126674586159462e-14,1.3786838649971425e-10,3.2786748798731145e-11,8.233945649650281e-10,1.9581278080562002e-10,0.3840979066468799
trial_0019_bite_015_transfer,trial_0019_bite_015,trial_0019,transfer,retrieval,B0,True,101,1.0,True,0,1.0,101,True,0,4.357302893182858,0.5602194442076426,10.593114436034858,1001.1116264122143,0,0,0,0,True,6.756456154976778e-11,2.1490126922404908e-11,4.033780680610759e-10,1.2832163693493636e-10,5.773159728050814e-14,2.4905439952951662e-14,6.756456154976778e-11,2.1490126922404908e-11,4.033780680610763e-10,1.2832163693493647e-10,0.5888167528019927
trial_0019_bite_015_transfer,trial_0019_bite_015,trial_0019,transfer,retrieval,StrongLocal,True,101,1.0,True,0,1.0,101,True,0,4.189482298213304,0.5313827699060598,12.012015961761376,1181.6461991871345,0,0,0,0,True,6.778030842912988e-11,2.5496971838691912e-11,4.048399520600903e-10,1.5226340057119453e-10,7.149836278586008e-14,2.5999945569564554e-14,6.778030842912988e-11,2.5496971838691912e-11,4.048399520600907e-10,1.5226340057119465e-10,0.5815362827316726
trial_0019_bite_015_transfer,trial_0019_bite_015,trial_0019,transfer,retrieval,RobotSmooth,True,101,1.0,True,0,1.0,101,True,0,4.357302889512854,0.5602194442178989,10.59311444233825,1001.1116291558625,0,0,0,0,True,6.485111920340434e-11,2.0570317192972162e-11,3.871894342654157e-10,1.228262892330829e-10,5.551115123125783e-14,2.559450502060826e-14,6.485111920340434e-11,2.0570317192972162e-11,3.8718943426541595e-10,1.2282628923308303e-10,0.5888167528019927
trial_0019_bite_015_transfer,trial_0019_bite_015,trial_0019,transfer,contextual_promp,B0,True,101,1.0,True,0,1.0,101,True,0,4.197292764442406,0.5131355142446157,1.251617730178941,8.191690871052206,0,0,0,0,True,7.211117054131028e-11,2.4978858542223768e-11,4.305318077731192e-10,1.4917435481857453e-10,6.084022174945858e-14,2.5709939749386968e-14,7.211117054131028e-11,2.4978858542223768e-11,4.305318077731197e-10,1.4917435481857468e-10,0.5973767136544916
trial_0019_bite_015_transfer,trial_0019_bite_015,trial_0019,transfer,contextual_promp,StrongLocal,True,101,1.0,True,0,1.0,101,True,0,4.022875958931019,0.4921918017733876,3.6315231453949495,228.51068524091966,0,0,0,0,True,8.024682511431339e-11,2.4015031298663834e-11,4.790587371677017e-10,1.4340404530104356e-10,5.595524044110789e-14,2.732094887494472e-14,8.024682511431339e-11,2.4015031298663834e-11,4.790587371677021e-10,1.4340404530104367e-10,0.5862283318043477
trial_0019_bite_015_transfer,trial_0019_bite_015,trial_0019,transfer,contextual_promp,RobotSmooth,True,101,1.0,True,0,1.0,101,True,0,4.197292765259277,0.5131355142813551,1.2516177298336744,8.191690314144182,0,0,0,0,True,6.117458413689374e-11,2.2500841069676913e-11,3.653385474138484e-10,1.3437674700143502e-10,6.927791673660977e-14,2.5585577436619137e-14,6.117458413689374e-11,2.2500841069676913e-11,3.653385474138487e-10,1.3437674700143515e-10,0.5973767136544916
trial_0019_bite_015_withdrawal,trial_0019_bite_015,trial_0019,withdrawal,retrieval,B0,True,80,0.7920792079207921,False,0,1.0,80,False,0,6.100447829701505,1.5339130525780222,15.685102783747297,1496.6658760524585,21,0,0,0,True,1.387615194792655e-10,3.047130451781633e-11,8.285931626249016e-10,1.8196786730780544e-10,6.261657858885883e-14,2.387583594381548e-14,1.387615194792655e-10,3.047130451781633e-11,8.285931626249023e-10,1.8196786730780557e-10,0.018203964219328128
trial_0019_bite_015_withdrawal,trial_0019_bite_015,trial_0019,withdrawal,retrieval,StrongLocal,True,101,1.0,True,0,1.0,101,True,0,7.175305219846103,1.4293642186654836,17.89508000319336,1890.6869335390068,0,0,0,0,True,3.5149683689381594e-10,5.912256433233398e-11,2.099169696862147e-09,3.5308443733314185e-10,6.350475700855895e-14,2.6219701612338795e-14,3.5149683689381594e-10,5.912256433233398e-11,2.099169696862149e-09,3.530844373331422e-10,0.024112691664402774
trial_0019_bite_015_withdrawal,trial_0019_bite_015,trial_0019,withdrawal,retrieval,RobotSmooth,True,101,1.0,True,0,1.0,101,True,0,7.239701111562402,1.4433849588535201,69.90840295028966,11580.608610120073,0,0,0,0,True,4.336578978404449e-10,6.227650125144345e-11,2.5898618820348524e-09,3.7190685896799296e-10,6.750155989720952e-14,2.4910535534798803e-14,4.336578978404449e-10,6.227650125144345e-11,2.5898618820348545e-09,3.719068589679933e-10,0.005093923204149142
trial_0019_bite_015_withdrawal,trial_0019_bite_015,trial_0019,withdrawal,contextual_promp,B0,True,101,1.0,True,0,1.0,101,True,0,4.31438664640437,0.7301991973477079,3.1208590275840447,38.89414837345794,0,0,0,0,True,1.0420879765181379e-10,3.021552361825356e-11,6.222094097777768e-10,1.8042753301568214e-10,6.261657858885883e-14,2.1771719563178214e-14,1.0420879765181379e-10,3.021552361825356e-11,6.222094097777774e-10,1.8042753301568232e-10,0.35532579319356117
trial_0019_bite_015_withdrawal,trial_0019_bite_015,trial_0019,withdrawal,contextual_promp,StrongLocal,True,101,1.0,True,0,1.0,101,True,0,3.638381318931518,0.6490236483187849,4.216521131312791,275.74138315964086,0,0,0,0,True,8.260077595103964e-11,2.6315672149861725e-11,4.93434870291371e-10,1.5714881827858202e-10,4.973799150320701e-14,1.8109858329640036e-14,8.260077595103964e-11,2.6315672149861725e-11,4.934348702913714e-10,1.5714881827858215e-10,0.35978757421841356
trial_0019_bite_015_withdrawal,trial_0019_bite_015,trial_0019,withdrawal,contextual_promp,RobotSmooth,True,101,1.0,True,0,1.0,101,True,0,4.314386645799523,0.7301991973145379,3.120859031014289,38.89414881818497,0,0,0,0,True,1.291331874646525e-10,2.8882619956899042e-11,7.710203883174093e-10,1.7246511020978852e-10,6.261657858885883e-14,2.184889241968314e-14,1.291331874646525e-10,2.8882619956899042e-11,7.7102038831741e-10,1.7246511020978868e-10,0.3553257931928835
trial_0019_bite_016_transfer,trial_0019_bite_016,trial_0019,transfer,retrieval,B0,True,101,1.0,True,0,1.0,101,True,0,3.621681286119496,0.4632046065852152,7.7545045160072545,744.2172187329307,0,0,0,0,True,6.771729735459047e-11,2.2613887929858188e-11,4.044037017972086e-10,1.350521529253025e-10,6.705747068735946e-14,2.9551852392899613e-14,6.771729735459047e-11,2.2613887929858188e-11,4.0440370179720897e-10,1.3505215292530263e-10,0.6063145542005106
trial_0019_bite_016_transfer,trial_0019_bite_016,trial_0019,transfer,retrieval,StrongLocal,True,101,1.0,True,0,1.0,101,True,0,3.3741954034236192,0.43043500442517885,8.243604425990808,827.4654940000814,0,0,0,0,True,6.470107220274977e-11,2.1218968441610892e-11,3.8635665327200614e-10,1.2671200859070556e-10,6.661338147750939e-14,2.721227714668823e-14,6.470107220274977e-11,2.1218968441610892e-11,3.863566532720065e-10,1.267120085907057e-10,0.5995829839621685
trial_0019_bite_016_transfer,trial_0019_bite_016,trial_0019,transfer,retrieval,RobotSmooth,True,101,1.0,True,0,1.0,101,True,0,3.6216812822832862,0.4632046063636469,7.754504423338408,744.2172121109992,0,0,0,0,True,5.31392676544798e-11,2.2390426174263933e-11,3.1726192619031625e-10,1.33704074889875e-10,6.661338147750939e-14,2.92023991724986e-14,5.31392676544798e-11,2.2390426174263933e-11,3.172619261903165e-10,1.3370407488987514e-10,0.6063145542006856
trial_0019_bite_016_transfer,trial_0019_bite_016,trial_0019,transfer,contextual_promp,B0,True,101,1.0,True,0,1.0,101,True,0,4.285999049063188,0.509372191141541,1.1747364002298768,7.55501523244944,0,0,0,0,True,9.288884063375419e-11,2.531102340969175e-11,5.546064974647472e-10,1.5115509908000555e-10,5.3290705182007514e-14,2.4688103283026784e-14,9.288884063375419e-11,2.531102340969175e-11,5.546064974647477e-10,1.5115509908000565e-10,0.6063551404238599
trial_0019_bite_016_transfer,trial_0019_bite_016,trial_0019,transfer,contextual_promp,StrongLocal,True,101,1.0,True,0,1.0,101,True,0,4.065937993738495,0.48512666626192924,3.5453534317298008,224.56317116411404,0,0,0,0,True,5.7254153971542334e-11,2.456279582497198e-11,3.420904654463652e-10,1.4670762486196397e-10,6.794564910705958e-14,2.820741030895131e-14,5.7254153971542334e-11,2.456279582497198e-11,3.420904654463655e-10,1.4670762486196413e-10,0.5917763833238139
trial_0019_bite_016_transfer,trial_0019_bite_016,trial_0019,transfer,contextual_promp,RobotSmooth,True,101,1.0,True,0,1.0,101,True,0,4.285999049395318,0.50937219113992,1.1747363991995365,7.5550150374733995,0,0,0,0,True,9.288884063375419e-11,2.458589845706903e-11,5.546064974647472e-10,1.468184642524813e-10,5.3290705182007514e-14,2.4600750057198128e-14,9.288884063375419e-11,2.458589845706903e-11,5.546064974647477e-10,1.4681846425248143e-10,0.6063551404238599
trial_0019_bite_016_withdrawal,trial_0019_bite_016,trial_0019,withdrawal,retrieval,B0,True,101,1.0,True,0,1.0,101,True,0,5.242561337464528,0.9459571939991185,22.866759286174716,2500.161492927931,0,0,0,0,True,2.027314505048236e-10,3.425493562442782e-11,1.2108974045178897e-09,2.045788251179449e-10,5.46229728115577e-14,2.393794973156511e-14,2.027314505048236e-10,3.425493562442782e-11,1.2108974045178912e-09,2.0457882511794512e-10,0.14989312735998928
trial_0019_bite_016_withdrawal,trial_0019_bite_016,trial_0019,withdrawal,retrieval,StrongLocal,True,101,1.0,True,0,1.0,101,True,0,5.387729132838056,0.9636485607816667,28.69568272841231,3513.7341534903685,0,0,0,0,True,1.7426277055997383e-10,4.314171994585014e-11,1.040618944878214e-09,2.5762814248322536e-10,5.3734794391857577e-14,1.9554060225074102e-14,1.7426277055997383e-10,4.314171994585014e-11,1.040618944878215e-09,2.5762814248322557e-10,0.14660923673019743
trial_0019_bite_016_withdrawal,trial_0019_bite_016,trial_0019,withdrawal,retrieval,RobotSmooth,True,101,1.0,True,0,1.0,101,True,0,5.242561338434461,0.9459571939805951,22.866759246742436,2500.1614861616576,0,0,0,0,True,1.987787688704209e-10,3.4099299935491454e-11,1.1869890300574387e-09,2.0364349041268994e-10,6.483702463810914e-14,2.4626770515735843e-14,1.987787688704209e-10,3.4099299935491454e-11,1.1869890300574397e-09,2.036434904126901e-10,0.14989312736029747
trial_0019_bite_016_withdrawal,trial_0019_bite_016,trial_0019,withdrawal,contextual_promp,B0,True,101,1.0,True,0,1.0,101,True,0,4.504016571183915,0.8072076084571772,3.486553081160993,37.494721608009336,0,0,0,0,True,1.4636428103278663e-10,3.7673727047029034e-11,8.741294553011954e-10,2.2498654027050989e-10,7.549516567451064e-14,2.51756357904031e-14,1.4636428103278663e-10,3.7673727047029034e-11,8.741294553011962e-10,2.249865402705101e-10,0.17624279656611996
trial_0019_bite_016_withdrawal,trial_0019_bite_016,trial_0019,withdrawal,contextual_promp,StrongLocal,True,101,1.0,True,0,1.0,101,True,0,3.945895181248903,0.7234495708283308,4.291200424721353,242.56874962049534,0,0,0,0,True,1.5833917057761305e-10,4.8674021290821116e-11,9.454936478956487e-10,2.906698406076901e-10,5.3734794391857577e-14,2.0028715352885357e-14,1.5833917057761305e-10,4.8674021290821116e-11,9.454936478956496e-10,2.9066984060769036e-10,0.3580596966828895
trial_0019_bite_016_withdrawal,trial_0019_bite_016,trial_0019,withdrawal,contextual_promp,RobotSmooth,True,101,1.0,True,0,1.0,101,True,0,4.504016571191247,0.8072076084583873,3.486553081531828,37.49472223986919,0,0,0,0,True,1.5560487914277441e-10,3.8428272094734496e-11,9.291585047453242e-10,2.2948418928211814e-10,8.304468224196171e-14,2.867845677467683e-14,1.5560487914277441e-10,3.8428272094734496e-11,9.29158504745325e-10,2.2948418928211835e-10,0.17624279656625141
trial_0019_bite_017_transfer,trial_0019_bite_017,trial_0019,transfer,retrieval,B0,True,101,1.0,True,0,1.0,101,True,0,4.564041598262656,0.5723621958502509,10.089128602007985,969.5531749407415,0,0,0,0,True,6.360687164458265e-11,2.3981902384363e-11,3.79838136984561e-10,1.4321453896650987e-10,6.483702463810914e-14,2.618799472872082e-14,6.360687164458265e-11,2.3981902384363e-11,3.7983813698456135e-10,1.4321453896651e-10,0.5765154405285591
trial_0019_bite_017_transfer,trial_0019_bite_017,trial_0019,transfer,retrieval,StrongLocal,True,101,1.0,True,0,1.0,101,True,0,4.357136030747698,0.5465621568297707,10.938894621553812,1076.78858093979,0,0,0,0,True,7.66130265946987e-11,2.438776703665344e-11,4.574381567635341e-10,1.4561952505331441e-10,6.039613253960852e-14,2.660787911359757e-14,7.66130265946987e-11,2.438776703665344e-11,4.5743815676353436e-10,1.4561952505331452e-10,0.55589297363524
trial_0019_bite_017_transfer,trial_0019_bite_017,trial_0019,transfer,retrieval,RobotSmooth,True,101,1.0,True,0,1.0,101,True,0,4.564041596632222,0.5723621958493273,10.089128629433102,969.5531826419023,0,0,0,0,True,7.532419678560937e-11,2.553577132544011e-11,4.499654341169711e-10,1.5250261370249215e-10,5.595524044110789e-14,2.635581770579616e-14,7.532419678560937e-11,2.553577132544011e-11,4.499654341169716e-10,1.525026137024923e-10,0.5765154405289667
trial_0019_bite_017_transfer,trial_0019_bite_017,trial_0019,transfer,contextual_promp,B0,True,101,1.0,True,0,1.0,101,True,0,4.2761429929251555,0.5141564850223894,1.2190900446225257,8.145984773638784,0,0,0,0,True,8.380464379882196e-11,2.7733060484678437e-11,5.003007648048245e-10,1.6560384669088003e-10,5.728750807065808e-14,2.5343844732324624e-14,8.380464379882196e-11,2.7733060484678437e-11,5.003007648048249e-10,1.6560384669088016e-10,0.5820841242152204
trial_0019_bite_017_transfer,trial_0019_bite_017,trial_0019,transfer,contextual_promp,StrongLocal,True,101,1.0,True,0,1.0,101,True,0,4.027821119635175,0.4855119905957185,3.752322343338813,238.12048238517986,0,0,0,0,True,7.631959266671277e-11,2.4520497661624044e-11,4.55902758414831e-10,1.4641139802665676e-10,6.616929226765933e-14,2.545638927171385e-14,7.631959266671277e-11,2.4520497661624044e-11,4.5590275841483144e-10,1.464113980266569e-10,0.5673390910215161
trial_0019_bite_017_transfer,trial_0019_bite_017,trial_0019,transfer,contextual_promp,RobotSmooth,True,101,1.0,True,0,1.0,101,True,0,4.276142992924974,0.5141564850249635,1.2190900450418627,8.14598462683075,0,0,0,0,True,6.823502523584923e-11,2.3083768690344634e-11,4.074415566371557e-10,1.3786036748188246e-10,5.728750807065808e-14,2.4417350660110916e-14,6.823502523584923e-11,2.3083768690344634e-11,4.0744155663715607e-10,1.3786036748188258e-10,0.5820841242152204
trial_0019_bite_017_withdrawal,trial_0019_bite_017,trial_0019,withdrawal,retrieval,B0,True,101,1.0,True,0,1.0,101,True,0,7.225530588482359,1.200884681232711,35.23256866020489,3862.298531453683,0,0,0,0,True,5.6244039915118445e-11,2.2180929933432558e-11,3.3573267760528057e-10,1.3244946301849687e-10,4.263256414560601e-14,1.7792838777103996e-14,5.6244039915118445e-11,2.2180929933432558e-11,3.3573267760528073e-10,1.3244946301849695e-10,0.3199555683950033
trial_0019_bite_017_withdrawal,trial_0019_bite_017,trial_0019,withdrawal,retrieval,StrongLocal,True,101,1.0,True,0,1.0,101,True,0,7.35813088501737,1.2404420326573398,47.816704247881134,5419.450587533665,0,0,0,0,True,5.816778341575606e-11,2.2674265554878908e-11,3.472105425017035e-10,1.3539206652418164e-10,5.906386491005833e-14,2.1047566885739615e-14,5.816778341575606e-11,2.2674265554878908e-11,3.472105425017037e-10,1.3539206652418174e-10,0.3916780814273735
trial_0019_bite_017_withdrawal,trial_0019_bite_017,trial_0019,withdrawal,retrieval,RobotSmooth,True,101,1.0,True,0,1.0,101,True,0,7.225530588226638,1.2008846812822394,35.23256871784916,3862.298541132131,0,0,0,0,True,5.6244039915118445e-11,2.0354926716714755e-11,3.3573267760528057e-10,1.215431795993069e-10,7.37188088351104e-14,2.0814344616023133e-14,5.6244039915118445e-11,2.0354926716714755e-11,3.3573267760528073e-10,1.21543179599307e-10,0.31995556839470574
trial_0019_bite_017_withdrawal,trial_0019_bite_017,trial_0019,withdrawal,contextual_promp,B0,True,101,1.0,True,0,1.0,101,True,0,4.7366394308621125,0.8510603677982395,3.720031675236202,38.88599906583094,0,0,0,0,True,1.5498642957204425e-10,3.736563432294154e-11,9.255519577701649e-10,2.2316684946168964e-10,9.414691248821327e-14,2.826321876054478e-14,1.5498642957204425e-10,3.736563432294154e-11,9.255519577701656e-10,2.231668494616898e-10,0.10584446589710428
trial_0019_bite_017_withdrawal,trial_0019_bite_017,trial_0019,withdrawal,contextual_promp,StrongLocal,True,101,1.0,True,0,1.0,101,True,0,4.1559549110432545,0.7484351488742211,4.4422123695429825,236.37453015782725,0,0,0,0,True,2.0435061924076301e-10,5.352187386645045e-11,1.2202604073983338e-09,3.1961559732685043e-10,6.616929226765933e-14,2.0912661452500997e-14,2.0435061924076301e-10,5.352187386645045e-11,1.2202604073983348e-09,3.1961559732685064e-10,0.3185269777582267
trial_0019_bite_017_withdrawal,trial_0019_bite_017,trial_0019,withdrawal,contextual_promp,RobotSmooth,True,101,1.0,True,0,1.0,101,True,0,4.7366394317709215,0.8510603678606252,3.7200316549923924,38.886000637494995,0,0,0,0,True,1.9393115086727514e-10,4.499725964944038e-11,1.1581340606205268e-09,2.687221120364945e-10,9.414691248821327e-14,2.7318125667276375e-14,1.9393115086727514e-10,4.499725964944038e-11,1.1581340606205278e-09,2.687221120364947e-10,0.10584446589811147
trial_0019_bite_018_transfer,trial_0019_bite_018,trial_0019,transfer,retrieval,B0,True,101,1.0,True,0,1.0,101,True,0,3.444929565060743,0.4338033053012862,7.415628510560148,710.5901228853733,0,0,0,0,True,6.606867294291093e-11,2.150618454063056e-11,3.943928127824237e-10,1.284208447435669e-10,7.771561172376096e-14,2.950615953857007e-14,6.606867294291093e-11,2.150618454063056e-11,3.9439281278242406e-10,1.2842084474356703e-10,0.585684992263074
trial_0019_bite_018_transfer,trial_0019_bite_018,trial_0019,transfer,retrieval,StrongLocal,True,101,1.0,True,0,1.0,101,True,0,3.2338866965159054,0.4063242896049934,7.947481922359276,795.6145546748581,0,0,0,0,True,6.665447210851534e-11,2.296252001235036e-11,3.981887663187913e-10,1.3714456808390698e-10,6.661338147750939e-14,2.7218160447992552e-14,6.665447210851534e-11,2.296252001235036e-11,3.981887663187917e-10,1.3714456808390709e-10,0.5789842363838593
trial_0019_bite_018_transfer,trial_0019_bite_018,trial_0019,transfer,retrieval,RobotSmooth,True,101,1.0,True,0,1.0,101,True,0,3.444929565429118,0.4338033052998445,7.415628435319723,710.5901130083316,0,0,0,0,True,5.12755561920862e-11,2.0867794065933902e-11,3.060930306076122e-10,1.2461581563563867e-10,6.572520305780927e-14,2.6499083202648328e-14,5.12755561920862e-11,2.0867794065933902e-11,3.060930306076125e-10,1.2461581563563877e-10,0.585684992263074
trial_0019_bite_018_transfer,trial_0019_bite_018,trial_0019,transfer,contextual_promp,B0,True,101,1.0,True,0,1.0,101,True,0,4.029544579259653,0.48443817215019963,1.1498984241387153,9.040609990282249,0,0,0,0,True,7.896032466110415e-11,2.238340504612224e-11,4.716940560913134e-10,1.3365579339485916e-10,6.261657858885883e-14,2.5800008552329766e-14,7.896032466110415e-11,2.238340504612224e-11,4.716940560913137e-10,1.3365579339485927e-10,0.5856991146210877
trial_0019_bite_018_transfer,trial_0019_bite_018,trial_0019,transfer,contextual_promp,StrongLocal,True,101,1.0,True,0,1.0,101,True,0,3.864751749694788,0.46674506569072355,3.682378976067087,235.30756698644444,0,0,0,0,True,7.236656420133288e-11,2.331583510971753e-11,4.3214066852716005e-10,1.3924723235102856e-10,5.595524044110789e-14,2.347746096546947e-14,7.236656420133288e-11,2.331583510971753e-11,4.321406685271604e-10,1.392472323510287e-10,0.5727351584460694
trial_0019_bite_018_transfer,trial_0019_bite_018,trial_0019,transfer,contextual_promp,RobotSmooth,True,101,1.0,True,0,1.0,101,True,0,4.029544579259653,0.48443817214678914,1.149898423844706,9.040609976465314,0,0,0,0,True,7.896032466110415e-11,2.155267760456512e-11,4.716940560913134e-10,1.2869862849088435e-10,6.261657858885883e-14,2.567208963871266e-14,7.896032466110415e-11,2.155267760456512e-11,4.716940560913137e-10,1.2869862849088446e-10,0.5856991146210877
trial_0019_bite_018_withdrawal,trial_0019_bite_018,trial_0019,withdrawal,retrieval,B0,True,101,1.0,True,0,1.0,101,True,0,5.926360470040739,0.9869997500544656,25.101210931371952,2795.089395524382,0,0,0,0,True,7.59694806833899e-11,2.2299734158615732e-11,4.537998539971918e-10,1.331688155533222e-10,8.926193117986259e-14,2.9522269214594967e-14,7.59694806833899e-11,2.2299734158615732e-11,4.5379985399719224e-10,1.331688155533223e-10,0.17154918595232305
trial_0019_bite_018_withdrawal,trial_0019_bite_018,trial_0019,withdrawal,retrieval,StrongLocal,True,101,1.0,True,0,1.0,101,True,0,5.458450913001869,0.912316507210543,31.203114191073915,3803.4904321991694,0,0,0,0,True,9.588182724786584e-11,2.370126412528576e-11,5.724237259549203e-10,1.4152037633895163e-10,6.217248937900877e-14,2.552640113855756e-14,9.588182724786584e-11,2.370126412528576e-11,5.724237259549208e-10,1.4152037633895174e-10,0.16699657879183993
trial_0019_bite_018_withdrawal,trial_0019_bite_018,trial_0019,withdrawal,retrieval,RobotSmooth,True,101,1.0,True,0,1.0,101,True,0,5.926360470295891,0.9869997501466038,25.101211023692713,2795.089414914475,0,0,0,0,True,5.6430171755479054e-11,2.3382474556186338e-11,3.368532048504306e-10,1.3963166722847824e-10,8.171241461241152e-14,2.7789279550490185e-14,5.6430171755479054e-11,2.3382474556186338e-11,3.368532048504308e-10,1.3963166722847837e-10,0.1715491859523266
trial_0019_bite_018_withdrawal,trial_0019_bite_018,trial_0019,withdrawal,contextual_promp,B0,True,101,1.0,True,0,1.0,101,True,0,4.267097854206453,0.7550917657979797,3.374410485925834,40.458540177125315,0,0,0,0,True,1.188236208240917e-10,3.8548693519067984e-11,7.097231601427718e-10,2.3021228729337685e-10,1.1590728377086634e-13,3.8494016352071365e-14,1.188236208240917e-10,3.8548693519067984e-11,7.097231601427723e-10,2.3021228729337698e-10,0.17872588659924493
trial_0019_bite_018_withdrawal,trial_0019_bite_018,trial_0019,withdrawal,contextual_promp,StrongLocal,True,101,1.0,True,0,1.0,101,True,0,3.733091761829326,0.6521539474321175,4.10293095217873,226.19615656374947,0,0,0,0,True,1.5294300699096592e-10,4.292885681278334e-11,9.131888249113392e-10,2.5636324813314795e-10,8.038014698286133e-14,3.014528940688015e-14,1.5294300699096592e-10,4.292885681278334e-11,9.131888249113397e-10,2.563632481331481e-10,0.27127959795353895
trial_0019_bite_018_withdrawal,trial_0019_bite_018,trial_0019,withdrawal,contextual_promp,RobotSmooth,True,101,1.0,True,0,1.0,101,True,0,4.267097853321244,0.7550917657558079,3.3744104961651566,40.45854048513532,0,0,0,0,True,1.1015659667058723e-10,3.9475967265018336e-11,6.578262553431163e-10,2.357558472420777e-10,1.1590728377086634e-13,3.6904723135854325e-14,1.1015659667058723e-10,3.9475967265018336e-11,6.578262553431167e-10,2.3575584724207783e-10,0.1787258865997201
trial_0019_bite_019_transfer,trial_0019_bite_019,trial_0019,transfer,retrieval,B0,True,101,1.0,True,0,1.0,101,True,0,3.389416945206005,0.43837003507940997,7.354307218958745,705.2321142924483,0,0,0,0,True,6.621902002751344e-11,2.2656142587073757e-11,3.9528120207236973e-10,1.3529452851357662e-10,6.17284001691587e-14,2.836783040698707e-14,6.621902002751344e-11,2.2656142587073757e-11,3.9528120207237015e-10,1.3529452851357673e-10,0.5981746180897156
trial_0019_bite_019_transfer,trial_0019_bite_019,trial_0019,transfer,retrieval,StrongLocal,True,101,1.0,True,0,1.0,101,True,0,3.1487137551440294,0.40564034521890596,7.923999019757254,796.7500084441084,0,0,0,0,True,5.365833190742858e-11,2.0863659554535235e-11,3.204183696913148e-10,1.2457306165955747e-10,6.661338147750939e-14,2.6232582054329448e-14,5.365833190742858e-11,2.0863659554535235e-11,3.20418369691315e-10,1.2457306165955757e-10,0.5807557855734142
trial_0019_bite_019_transfer,trial_0019_bite_019,trial_0019,transfer,retrieval,RobotSmooth,True,101,1.0,True,0,1.0,101,True,0,3.3894169452273446,0.43837003499077115,7.354307169146038,705.2321082262729,0,0,0,0,True,6.621902002751344e-11,2.2986439041595842e-11,3.9528120207236973e-10,1.3726621812022774e-10,6.17284001691587e-14,2.8319503309862974e-14,6.621902002751344e-11,2.2986439041595842e-11,3.9528120207237015e-10,1.3726621812022787e-10,0.5981746180897156
trial_0019_bite_019_transfer,trial_0019_bite_019,trial_0019,transfer,contextual_promp,B0,True,101,1.0,True,0,1.0,101,True,0,3.8825599312962704,0.45965885230453757,1.0553595857625944,7.2004421983760185,0,0,0,0,True,5.353188209392068e-11,2.027855741241131e-11,3.195976746865208e-10,1.2109502113168564e-10,5.906386491005833e-14,2.4336488270880763e-14,5.353188209392068e-11,2.027855741241131e-11,3.195976746865211e-10,1.2109502113168572e-10,0.598297137171091
trial_0019_bite_019_transfer,trial_0019_bite_019,trial_0019,transfer,contextual_promp,StrongLocal,True,101,1.0,True,0,1.0,101,True,0,3.601071648953325,0.43079242843731125,3.3560656822131216,214.646765470733,0,0,0,0,True,5.612993200578516e-11,2.5536295772220943e-11,3.3532469893570066e-10,1.524950343599948e-10,6.483702463810914e-14,2.198045050843618e-14,5.612993200578516e-11,2.5536295772220943e-11,3.3532469893570097e-10,1.5249503435999493e-10,0.5820122632243354
trial_0019_bite_019_transfer,trial_0019_bite_019,trial_0019,transfer,contextual_promp,RobotSmooth,True,101,1.0,True,0,1.0,101,True,0,3.8825599312963983,0.4596588523051343,1.0553595856246694,7.200442195097266,0,0,0,0,True,6.218446980889785e-11,2.189486886868761e-11,3.7137795133485546e-10,1.307418845384888e-10,5.240252676230739e-14,2.3619171218810217e-14,6.218446980889785e-11,2.189486886868761e-11,3.713779513348557e-10,1.307418845384889e-10,0.598297137171091
trial_0019_bite_019_withdrawal,trial_0019_bite_019,trial_0019,withdrawal,retrieval,B0,True,88,0.8712871287128713,False,0,1.0,88,False,1,7.090405696533244,1.6033104718018585,39.119911622462446,3957.8487539621287,13,0,0,0,True,1.5679114634942937e-09,2.9990963730933134e-10,9.363327152202423e-09,1.7909957928485023e-09,5.477396314290672e-12,5.999136223638522e-13,1.5679114634942937e-09,2.9990963730933134e-10,9.363327152202431e-09,1.790995792848504e-09,0.0008365408964952081
trial_0019_bite_019_withdrawal,trial_0019_bite_019,trial_0019,withdrawal,retrieval,StrongLocal,True,91,0.900990099009901,False,0,1.0,91,False,0,6.98717741786987,1.5083224393140726,41.41023150216802,4223.960726075504,10,0,0,0,True,1.1442851809156954e-09,1.7565795348168425e-10,6.833247697628702e-09,1.0489803893644725e-09,2.2737367544323206e-13,5.883175078189964e-14,1.1442851809156954e-09,1.7565795348168425e-10,6.833247697628707e-09,1.0489803893644731e-09,0.002153064272786942
trial_0019_bite_019_withdrawal,trial_0019_bite_019,trial_0019,withdrawal,retrieval,RobotSmooth,True,101,1.0,True,0,1.0,101,True,0,7.122314184523839,1.421024817594227,78.62924800077114,11719.156557682383,0,0,0,0,True,9.092621759825169e-10,1.3961730043763714e-10,5.429912853196211e-09,8.337597901401928e-10,1.1191048088221578e-13,3.7352612605325754e-14,9.092621759825169e-10,1.3961730043763714e-10,5.429912853196214e-09,8.337597901401933e-10,0.024069039545773663
trial_0019_bite_019_withdrawal,trial_0019_bite_019,trial_0019,withdrawal,contextual_promp,B0,True,74,0.7326732673267327,False,0,1.0,74,False,0,5.181304461364801,1.3186866108800925,7.70864256545057,94.43136454392959,27,0,0,0,True,2.0889321746434355e-10,5.635114797927013e-11,1.2474963959256898e-09,3.3651448192209453e-10,9.725553695716371e-14,3.565839572902133e-14,2.0889321746434355e-10,5.635114797927013e-11,1.2474963959256906e-09,3.3651448192209473e-10,0.00764386797562322
trial_0019_bite_019_withdrawal,trial_0019_bite_019,trial_0019,withdrawal,contextual_promp,StrongLocal,True,94,0.9306930693069307,False,0,1.0,94,False,0,5.829947300504545,1.1200255107735697,7.333852344996571,236.83250589762136,7,0,0,0,True,4.4523228078668836e-10,9.582438321151178e-11,2.6588751773559815e-09,5.722573742817823e-10,9.769962616701378e-14,3.3903107405232806e-14,4.4523228078668836e-10,9.582438321151178e-11,2.6588751773559836e-09,5.722573742817828e-10,0.00010274437137836046
trial_0019_bite_019_withdrawal,trial_0019_bite_019,trial_0019,withdrawal,contextual_promp,RobotSmooth,True,101,1.0,True,0,1.0,101,True,0,7.4507867098100835,1.3982622930664232,130.22786785695612,22726.52505050271,0,0,0,0,True,6.062877104545693e-10,1.161137086331772e-10,3.620565910394881e-09,6.934048547186016e-10,2.788880237858393e-13,5.976876978002202e-14,6.062877104545693e-10,1.161137086331772e-10,3.6205659103948843e-09,6.934048547186021e-10,0.00017670391294144494
trial_0019_bite_020_transfer,trial_0019_bite_020,trial_0019,transfer,retrieval,B0,True,101,1.0,True,0,1.0,101,True,0,3.4215672328864595,0.40848625647733006,4.0104906112365715,378.32704068853144,0,0,0,0,True,7.561494275868072e-11,2.3718005276310822e-11,4.514937578523825e-10,1.4163443309593062e-10,6.306066779870889e-14,2.765015705603413e-14,7.561494275868072e-11,2.3718005276310822e-11,4.5149375785238287e-10,1.4163443309593072e-10,0.6856452703247109
trial_0019_bite_020_transfer,trial_0019_bite_020,trial_0019,transfer,retrieval,StrongLocal,True,101,1.0,True,0,1.0,101,True,0,3.1398471036729596,0.37437468004744134,4.955722846369341,445.8642590295939,0,0,0,0,True,5.430006465558381e-11,2.174605926187391e-11,3.2428323229726937e-10,1.2985616697707903e-10,7.771561172376096e-14,3.24664815899338e-14,5.430006465558381e-11,2.174605926187391e-11,3.2428323229726953e-10,1.298561669770791e-10,0.6713059479296346
trial_0019_bite_020_transfer,trial_0019_bite_020,trial_0019,transfer,retrieval,RobotSmooth,True,101,1.0,True,0,1.0,101,True,0,3.421567231073623,0.4084862563884558,4.010490593742593,378.32703645420094,0,0,0,0,True,7.561494275868072e-11,2.2013718770048987e-11,4.514937578523825e-10,1.3146034425425417e-10,5.995204332975845e-14,2.7699193767464692e-14,7.561494275868072e-11,2.2013718770048987e-11,4.5149375785238287e-10,1.3146034425425427e-10,0.6856452703247109
trial_0019_bite_020_transfer,trial_0019_bite_020,trial_0019,transfer,contextual_promp,B0,True,101,1.0,True,0,1.0,101,True,0,3.7720845053138765,0.4483486249631693,0.9863686345608781,7.061806399899517,0,0,0,0,True,5.824315662698746e-11,2.3980872616988478e-11,3.4775091240991113e-10,1.4320820089221656e-10,5.81756864903582e-14,2.3412498303693008e-14,5.824315662698746e-11,2.3980872616988478e-11,3.477509124099114e-10,1.4320820089221666e-10,0.6856452703247109
trial_0019_bite_020_transfer,trial_0019_bite_020,trial_0019,transfer,contextual_promp,StrongLocal,True,101,1.0,True,0,1.0,101,True,0,3.51155863329027,0.4211235990748662,3.533445136012841,227.4364215310013,0,0,0,0,True,6.64679400347271e-11,2.2240593381841633e-11,3.9696946138237245e-10,1.3282212197714917e-10,5.284661597215745e-14,2.2077775505164674e-14,6.64679400347271e-11,2.2240593381841633e-11,3.969694613823728e-10,1.3282212197714925e-10,0.671915210234991
trial_0019_bite_020_transfer,trial_0019_bite_020,trial_0019,transfer,contextual_promp,RobotSmooth,True,101,1.0,True,0,1.0,101,True,0,3.7720845053138765,0.4483486249649848,0.9863686345032496,7.0618063501208175,0,0,0,0,True,5.824315662698746e-11,2.205059331502009e-11,3.4775091240991113e-10,1.3168927196451047e-10,5.81756864903582e-14,2.4837962379206667e-14,5.824315662698746e-11,2.205059331502009e-11,3.477509124099114e-10,1.3168927196451057e-10,0.6856452703247109
trial_0019_bite_020_withdrawal,trial_0019_bite_020,trial_0019,withdrawal,retrieval,B0,True,101,1.0,True,2,0.9801980198019802,64,False,0,8.40892949905761,1.8598435829873885,60.00266083203723,6121.382945998969,0,0,0,0,True,1.464961082712371e-09,2.9874970106258844e-10,8.748581435815088e-09,1.784077186843423e-09,1.2656542480726785e-12,2.5177684846089907e-13,1.464961082712371e-09,2.9874970106258844e-10,8.748581435815096e-09,1.7840771868434242e-09,0.0009022033969987575
trial_0019_bite_020_withdrawal,trial_0019_bite_020,trial_0019,withdrawal,retrieval,StrongLocal,True,85,0.8415841584158416,False,0,1.0,85,False,0,7.835505727438601,1.8352928550807424,65.24104440532415,6929.5339259303655,16,0,0,0,True,3.1635457624850884e-10,1.0282945279303103e-10,1.8890340474019718e-09,6.140547514147706e-10,1.4344081478157023e-13,4.25066890996449e-14,3.1635457624850884e-10,1.0282945279303103e-10,1.8890340474019734e-09,6.14054751414771e-10,0.0012964267842647814
trial_0019_bite_020_withdrawal,trial_0019_bite_020,trial_0019,withdrawal,retrieval,RobotSmooth,True,101,1.0,True,0,1.0,101,True,0,9.298786193969493,1.8739816208202564,154.0511621385729,24103.30576268165,0,0,0,0,True,1.0596728974336806e-09,2.1985752474434612e-10,6.327939820550441e-09,1.3129204152494116e-09,5.1514348342607263e-14,1.8476882251679177e-14,1.0596728974336806e-09,2.1985752474434612e-10,6.327939820550445e-09,1.3129204152494127e-09,0.06808374388827687
trial_0019_bite_020_withdrawal,trial_0019_bite_020,trial_0019,withdrawal,contextual_promp,B0,True,85,0.8415841584158416,False,0,1.0,85,False,0,5.376552837530678,1.1740453945310587,6.27768825713378,73.62490461713153,16,0,0,0,True,2.937530041104829e-10,5.996780185165941e-11,1.7543078554717206e-09,3.5811996111717626e-10,1.1102230246251565e-13,3.3940155227237583e-14,2.937530041104829e-10,5.996780185165941e-11,1.7543078554717216e-09,3.5811996111717646e-10,0.002028590933903729
trial_0019_bite_020_withdrawal,trial_0019_bite_020,trial_0019,withdrawal,contextual_promp,StrongLocal,True,101,1.0,True,0,1.0,101,True,0,5.605538011952511,0.9959546208355513,6.387351098205319,260.89017824099784,0,0,0,0,True,4.812931109864174e-10,8.836568708644659e-11,2.8739698887075587e-09,5.276914201789185e-10,9.725553695716371e-14,2.8660816853457644e-14,4.812931109864174e-10,8.836568708644659e-11,2.8739698887075608e-09,5.276914201789188e-10,0.036839379092841185
trial_0019_bite_020_withdrawal,trial_0019_bite_020,trial_0019,withdrawal,contextual_promp,RobotSmooth,True,101,1.0,True,0,1.0,101,True,0,6.624593847370962,1.245601877593953,97.48692381722147,16132.51432777292,0,0,0,0,True,4.1558515743835695e-10,7.194568891722575e-11,2.4816742956224637e-09,4.2964279828374885e-10,1.9273471707492718e-13,5.5712674544561855e-14,4.1558515743835695e-10,7.194568891722575e-11,2.481674295622466e-09,4.2964279828374916e-10,0.0007881343421738407
trial_0019_bite_021_transfer,trial_0019_bite_021,trial_0019,transfer,retrieval,B0,True,101,1.0,True,0,1.0,101,True,0,4.665612293930907,0.602046951477874,11.749118073905171,1103.0257119976754,0,0,0,0,True,6.20210808272138e-11,2.260917497691755e-11,3.7046278465969364e-10,1.350193385171192e-10,5.46229728115577e-14,2.3218327890793803e-14,6.20210808272138e-11,2.260917497691755e-11,3.704627846596939e-10,1.3501933851711928e-10,0.6086673466654271
trial_0019_bite_021_transfer,trial_0019_bite_021,trial_0019,transfer,retrieval,StrongLocal,True,101,1.0,True,0,1.0,101,True,0,4.489620225493411,0.5718274073068602,12.759610797348996,1239.6678617453456,0,0,0,0,True,5.2782990129043314e-11,2.0936580119551316e-11,3.152681511806205e-10,1.2502400596832697e-10,7.105427357601002e-14,2.5265947714583687e-14,5.2782990129043314e-11,2.0936580119551316e-11,3.152681511806208e-10,1.2502400596832707e-10,0.6081443884332463
trial_0019_bite_021_transfer,trial_0019_bite_021,trial_0019,transfer,retrieval,RobotSmooth,True,101,1.0,True,0,1.0,101,True,0,4.665612296680393,0.6020469516420471,11.749118171693212,1103.0257275089114,0,0,0,0,True,6.20210808272138e-11,1.99982493372406e-11,3.7046278465969364e-10,1.194281146342514e-10,5.684341886080802e-14,2.2745806009301944e-14,6.20210808272138e-11,1.99982493372406e-11,3.704627846596939e-10,1.194281146342515e-10,0.6086673466654271
trial_0019_bite_021_transfer,trial_0019_bite_021,trial_0019,transfer,contextual_promp,B0,True,101,1.0,True,0,1.0,101,True,0,4.620340488414839,0.5550191333112323,1.3066671288718519,8.981492690725982,0,0,0,0,True,8.119569827609088e-11,2.2962270201996187e-11,4.848918668022157e-10,1.3713063221100284e-10,5.551115123125783e-14,2.09948062308336e-14,8.119569827609088e-11,2.2962270201996187e-11,4.84891866802216e-10,1.3713063221100294e-10,0.6605166954824502
trial_0019_bite_021_transfer,trial_0019_bite_021,trial_0019,transfer,contextual_promp,StrongLocal,True,101,1.0,True,0,1.0,101,True,0,4.430605372613103,0.533278527033446,3.689971187315262,231.75528929688704,0,0,0,0,True,5.6995002327522e-11,2.0656120386021048e-11,3.4031345331344183e-10,1.2335235284137576e-10,4.796163466380676e-14,2.345033179362655e-14,5.6995002327522e-11,2.0656120386021048e-11,3.4031345331344214e-10,1.2335235284137587e-10,0.6598068493776146
trial_0019_bite_021_transfer,trial_0019_bite_021,trial_0019,transfer,contextual_promp,RobotSmooth,True,101,1.0,True,0,1.0,101,True,0,4.620340488414839,0.5550191333175485,1.3066671294709185,8.981492710786988,0,0,0,0,True,8.119569827609088e-11,2.3151456411937366e-11,4.848918668022157e-10,1.3824398313732037e-10,5.551115123125783e-14,2.0297643299351074e-14,8.119569827609088e-11,2.3151456411937366e-11,4.84891866802216e-10,1.3824398313732047e-10,0.6605166954824502
trial_0019_bite_021_withdrawal,trial_0019_bite_021,trial_0019,withdrawal,retrieval,B0,True,101,1.0,True,0,1.0,101,True,0,7.23685959384429,1.2100785017756421,36.458738635371944,4002.329251928356,0,0,0,0,True,5.4548137879072534e-11,2.1683535482669876e-11,3.256375976260761e-10,1.2949481662018823e-10,5.10702591327572e-14,2.1623230723638488e-14,5.4548137879072534e-11,2.1683535482669876e-11,3.2563759762607636e-10,1.2949481662018833e-10,0.4234753268768854
trial_0019_bite_021_withdrawal,trial_0019_bite_021,trial_0019,withdrawal,retrieval,StrongLocal,True,101,1.0,True,0,1.0,101,True,0,7.534127542616666,1.2748759990565757,49.37470453333342,5598.938673804372,0,0,0,0,True,6.541165322595086e-11,2.2086529559434547e-11,3.90596446966673e-10,1.318784575424255e-10,5.10702591327572e-14,1.848047500229966e-14,6.541165322595086e-11,2.2086529559434547e-11,3.9059644696667336e-10,1.318784575424256e-10,0.42734025068729187
trial_0019_bite_021_withdrawal,trial_0019_bite_021,trial_0019,withdrawal,retrieval,RobotSmooth,True,101,1.0,True,0,1.0,101,True,0,7.236859594589243,1.2100785019186844,36.458738689853035,4002.329251470954,0,0,0,0,True,5.4548137879072534e-11,2.2029209695773414e-11,3.256375976260761e-10,1.3155337491599024e-10,5.10702591327572e-14,2.024591818566018e-14,5.4548137879072534e-11,2.2029209695773414e-11,3.2563759762607636e-10,1.3155337491599034e-10,0.42347532687693157
trial_0019_bite_021_withdrawal,trial_0019_bite_021,trial_0019,withdrawal,contextual_promp,B0,True,101,1.0,True,0,1.0,101,True,0,4.606094147811742,0.8297644686719773,3.9329699111751557,46.56594764470454,0,0,0,0,True,1.3665604608523468e-10,4.027631588867815e-11,8.16125312564633e-10,2.405353197520334e-10,5.728750807065808e-14,2.2483538156714476e-14,1.3665604608523468e-10,4.027631588867815e-11,8.161253125646334e-10,2.4053531975203355e-10,0.17626577184660608
trial_0019_bite_021_withdrawal,trial_0019_bite_021,trial_0019,withdrawal,contextual_promp,StrongLocal,True,101,1.0,True,0,1.0,101,True,0,4.283350698623171,0.7521897692067753,5.202581676938025,324.2702948633909,0,0,0,0,True,2.888268953804212e-10,4.4448539270989786e-11,1.7247479667046778e-09,2.65424022374948e-10,5.1958437552457326e-14,1.8881639587435773e-14,2.888268953804212e-10,4.4448539270989786e-11,1.7247479667046788e-09,2.6542402237494816e-10,0.36389415672281045
trial_0019_bite_021_withdrawal,trial_0019_bite_021,trial_0019,withdrawal,contextual_promp,RobotSmooth,True,101,1.0,True,0,1.0,101,True,0,4.60609414780793,0.8297644686678644,3.932969900458331,46.56594720839905,0,0,0,0,True,1.198141531692054e-10,3.9068284243850846e-11,7.155875172120499e-10,2.3330520944071197e-10,5.861977570020827e-14,2.3586907401800593e-14,1.198141531692054e-10,3.9068284243850846e-11,7.155875172120505e-10,2.333052094407122e-10,0.17626577184660608
trial_0019_bite_022_transfer,trial_0019_bite_022,trial_0019,transfer,retrieval,B0,True,101,1.0,True,0,1.0,101,True,0,5.472954155629518,0.6552940305646258,23.105912039866922,2351.1958439528958,0,0,0,0,True,7.331427953803633e-11,2.544429540920272e-11,4.378239039485502e-10,1.519414580477119e-10,5.773159728050814e-14,2.2626640705381514e-14,7.331427953803633e-11,2.544429540920272e-11,4.378239039485505e-10,1.5194145804771203e-10,0.556571871175453
trial_0019_bite_022_transfer,trial_0019_bite_022,trial_0019,transfer,retrieval,StrongLocal,True,101,1.0,True,0,1.0,101,True,0,5.436619509075615,0.6489556222426349,25.71951678149352,2636.923078541142,0,0,0,0,True,6.959975188994774e-11,2.5738209837666975e-11,4.155701375423104e-10,1.536942273384721e-10,5.595524044110789e-14,2.5372874212876583e-14,6.959975188994774e-11,2.5738209837666975e-11,4.1557013754231064e-10,1.5369422733847223e-10,0.5559524626115588
trial_0019_bite_022_transfer,trial_0019_bite_022,trial_0019,transfer,retrieval,RobotSmooth,True,101,1.0,True,0,1.0,101,True,0,5.472954153282036,0.6552940304451831,23.105912061112065,2351.1958516863697,0,0,0,0,True,8.946739775000119e-11,2.4947048664918938e-11,5.344076417037561e-10,1.48978213607495e-10,5.773159728050814e-14,2.2831661208130543e-14,8.946739775000119e-11,2.4947048664918938e-11,5.344076417037564e-10,1.4897821360749507e-10,0.556571871175453
trial_0019_bite_022_transfer,trial_0019_bite_022,trial_0019,transfer,contextual_promp,B0,True,101,1.0,True,0,1.0,101,True,0,4.047555972361121,0.4901324648019784,1.1483150188694766,8.582975178439993,0,0,0,0,True,5.766845127811385e-11,2.2537182072417558e-11,3.4468602949433257e-10,1.3459532230676666e-10,6.039613253960852e-14,2.396619717792192e-14,5.766845127811385e-11,2.2537182072417558e-11,3.4468602949433283e-10,1.3459532230676679e-10,0.6952102113845249
trial_0019_bite_022_transfer,trial_0019_bite_022,trial_0019,transfer,contextual_promp,StrongLocal,True,101,1.0,True,0,1.0,101,True,0,3.9344455953147386,0.47660455798317086,3.470995395873638,219.2123033500825,0,0,0,0,True,9.430093279607187e-11,2.64169437037431e-11,5.630520654046833e-10,1.5775124935980603e-10,5.062616992290714e-14,2.217238375563009e-14,9.430093279607187e-11,2.64169437037431e-11,5.630520654046836e-10,1.5775124935980616e-10,0.686388203747498
trial_0019_bite_022_transfer,trial_0019_bite_022,trial_0019,transfer,contextual_promp,RobotSmooth,True,101,1.0,True,0,1.0,101,True,0,4.047555971670559,0.4901324647624019,1.148315019344454,8.582975583382266,0,0,0,0,True,6.778632670831877e-11,2.4796399226153987e-11,4.0484119154327965e-10,1.4809368668767487e-10,6.039613253960852e-14,2.4994697020827735e-14,6.778632670831877e-11,2.4796399226153987e-11,4.048411915432799e-10,1.48093686687675e-10,0.6952102113846172
trial_0019_bite_022_withdrawal,trial_0019_bite_022,trial_0019,withdrawal,retrieval,B0,True,77,0.7623762376237624,False,0,1.0,77,False,0,5.496527288835557,1.4817531948813036,15.313913988177397,1474.6102944933718,24,0,0,0,True,7.240294571429861e-11,2.654660866799367e-11,4.322640736960856e-10,1.5853932011057766e-10,5.950795411990839e-14,2.3029221428697793e-14,7.240294571429861e-11,2.654660866799367e-11,4.322640736960859e-10,1.5853932011057779e-10,0.015615926124834978
trial_0019_bite_022_withdrawal,trial_0019_bite_022,trial_0019,withdrawal,retrieval,StrongLocal,True,82,0.8118811881188119,False,0,1.0,82,False,0,6.096682965670661,1.48130938902822,18.128061363518306,1977.310474697788,19,0,0,0,True,1.1021634230223453e-10,3.20030906834431e-11,6.58251098687043e-10,1.911136850813514e-10,5.861977570020827e-14,2.2075625802742097e-14,1.1021634230223453e-10,3.20030906834431e-11,6.582510986870436e-10,1.9111368508135156e-10,0.009641192463024417
trial_0019_bite_022_withdrawal,trial_0019_bite_022,trial_0019,withdrawal,retrieval,RobotSmooth,True,101,1.0,True,0,1.0,101,True,0,7.0068456170199624,1.4079536124292418,69.592331114811,10181.704565934897,0,0,0,0,True,4.247669541208506e-10,6.264759856052553e-11,2.5367796141344114e-09,3.7412266473986506e-10,5.950795411990839e-14,2.091242802490677e-14,4.247669541208506e-10,6.264759856052553e-11,2.536779614134414e-09,3.741226647398654e-10,0.0031585929851400962
trial_0019_bite_022_withdrawal,trial_0019_bite_022,trial_0019,withdrawal,contextual_promp,B0,True,101,1.0,True,0,1.0,101,True,0,4.228991064912977,0.724163985294523,3.022598680173054,34.957146582601354,0,0,0,0,True,1.1890307405885532e-10,3.452113220979251e-11,7.100913550082564e-10,2.061800481362118e-10,6.483702463810914e-14,2.4978442440346787e-14,1.1890307405885532e-10,3.452113220979251e-11,7.100913550082571e-10,2.0618004813621197e-10,0.22985225552699884
trial_0019_bite_022_withdrawal,trial_0019_bite_022,trial_0019,withdrawal,contextual_promp,StrongLocal,True,101,1.0,True,0,1.0,101,True,0,3.595828653641192,0.6269135585590354,3.9748934018955007,258.57210868331185,0,0,0,0,True,1.423917295323555e-10,3.8817094458987165e-11,8.501749018876314e-10,2.3179906091536043e-10,4.707345624410664e-14,1.976487208834539e-14,1.423917295323555e-10,3.8817094458987165e-11,8.50174901887632e-10,2.3179906091536062e-10,0.3170247253295684
trial_0019_bite_022_withdrawal,trial_0019_bite_022,trial_0019,withdrawal,contextual_promp,RobotSmooth,True,101,1.0,True,0,1.0,101,True,0,4.228991064905317,0.7241639852667757,3.022598679127363,34.95714653312229,0,0,0,0,True,1.3555007907130316e-10,3.204978502046326e-11,8.095249025874169e-10,1.9139246449123046e-10,6.483702463810914e-14,2.570826883267279e-14,1.3555007907130316e-10,3.204978502046326e-11,8.095249025874177e-10,1.9139246449123061e-10,0.229852255526942
trial_0019_bite_023_transfer,trial_0019_bite_023,trial_0019,transfer,retrieval,B0,True,101,1.0,True,0,1.0,101,True,0,3.5528330505214685,0.42483451457770827,4.110069710075899,393.31546764783326,0,0,0,0,True,6.196762673401008e-11,2.2262360355828017e-11,3.7023596591039294e-10,1.329468996127083e-10,7.815970093361102e-14,2.8538537390073374e-14,6.196762673401008e-11,2.2262360355828017e-11,3.7023596591039325e-10,1.329468996127084e-10,0.6467544964227874
trial_0019_bite_023_transfer,trial_0019_bite_023,trial_0019,transfer,retrieval,StrongLocal,True,101,1.0,True,0,1.0,101,True,0,3.3674623509444457,0.3964070332698493,5.070752411016046,462.15104492183707,0,0,0,0,True,6.205635741069565e-11,2.3666294424339994e-11,3.7058284833799486e-10,1.4132188357495555e-10,7.238654120556021e-14,2.8200902514794882e-14,6.205635741069565e-11,2.3666294424339994e-11,3.7058284833799517e-10,1.4132188357495566e-10,0.6248029379843565
trial_0019_bite_023_transfer,trial_0019_bite_023,trial_0019,transfer,retrieval,RobotSmooth,True,101,1.0,True,0,1.0,101,True,0,3.552833050220673,0.42483451457629234,4.1100698001722735,393.3154845057033,0,0,0,0,True,5.160656983811245e-11,2.222263579840123e-11,3.081548044111479e-10,1.3270833082682028e-10,7.949196856316121e-14,3.155685910050888e-14,5.160656983811245e-11,2.222263579840123e-11,3.081548044111482e-10,1.3270833082682038e-10,0.6467544964227874
trial_0019_bite_023_transfer,trial_0019_bite_023,trial_0019,transfer,contextual_promp,B0,True,101,1.0,True,0,1.0,101,True,0,4.355372746386424,0.5094017973503568,1.1102298287878813,6.966155627919056,0,0,0,0,True,7.622165878037067e-11,2.508418960674285e-11,4.550727053990185e-10,1.4978494682303662e-10,4.884981308350689e-14,2.3578586110165894e-14,7.622165878037067e-11,2.508418960674285e-11,4.5507270539901897e-10,1.4978494682303675e-10,0.6467544964227874
trial_0019_bite_023_transfer,trial_0019_bite_023,trial_0019,transfer,contextual_promp,StrongLocal,True,101,1.0,True,0,1.0,101,True,0,4.154980059931234,0.48694325782493386,3.455243154548258,218.5058808591937,0,0,0,0,True,6.406686031421128e-11,2.735684888598615e-11,3.8255138804379915e-10,1.6337474690827092e-10,6.661338147750939e-14,2.7583553756426307e-14,6.406686031421128e-11,2.735684888598615e-11,3.8255138804379946e-10,1.6337474690827105e-10,0.6316297574215384
trial_0019_bite_023_transfer,trial_0019_bite_023,trial_0019,transfer,contextual_promp,RobotSmooth,True,101,1.0,True,0,1.0,101,True,0,4.355372746386418,0.5094017973526714,1.110229829126293,6.966155743058853,0,0,0,0,True,7.622165878037067e-11,2.557934331519261e-11,4.550727053990185e-10,1.527307616903627e-10,6.350475700855895e-14,2.4440450713695233e-14,7.622165878037067e-11,2.557934331519261e-11,4.5507270539901897e-10,1.5273076169036284e-10,0.6467544964227874
trial_0019_bite_023_withdrawal,trial_0019_bite_023,trial_0019,withdrawal,retrieval,B0,True,101,1.0,True,0,1.0,101,True,0,5.676535697155776,1.0281972405870003,23.87951873014918,2594.9004884994592,0,0,0,0,True,1.2815300823445907e-10,2.8346348764878525e-11,7.651972657001023e-10,1.692768813117428e-10,7.105427357601002e-14,2.321836993999399e-14,1.2815300823445907e-10,2.8346348764878525e-11,7.65197265700103e-10,1.6927688131174296e-10,0.14496368979995777
trial_0019_bite_023_withdrawal,trial_0019_bite_023,trial_0019,withdrawal,retrieval,StrongLocal,True,101,1.0,True,0,1.0,101,True,0,5.85648367728383,1.0513115793001713,29.813208907909367,3651.482181079694,0,0,0,0,True,8.657487636694891e-11,2.9671422965135804e-11,5.16846652436454e-10,1.772188591380193e-10,6.128431095930864e-14,2.0062370329923483e-14,8.657487636694891e-11,2.9671422965135804e-11,5.168466524364544e-10,1.7721885913801946e-10,0.14163770664630482
trial_0019_bite_023_withdrawal,trial_0019_bite_023,trial_0019,withdrawal,retrieval,RobotSmooth,True,101,1.0,True,0,1.0,101,True,0,5.676535698538149,1.0281972405158892,23.879518648258912,2594.900478093624,0,0,0,0,True,9.575542359190404e-11,2.9149113849513664e-11,5.716412443034621e-10,1.740675657531746e-10,7.105427357601002e-14,2.386082310938229e-14,9.575542359190404e-11,2.9149113849513664e-11,5.716412443034625e-10,1.7406756575317474e-10,0.14496368979996133
trial_0019_bite_023_withdrawal,trial_0019_bite_023,trial_0019,withdrawal,contextual_promp,B0,True,101,1.0,True,0,1.0,101,True,0,4.830999213360782,0.8536549188844598,3.5603730398973603,36.05020740416288,0,0,0,0,True,1.184279617476824e-10,3.6978054911894285e-11,7.071064735566826e-10,2.208230894270998e-10,5.639932965095795e-14,2.6406148873042216e-14,1.184279617476824e-10,3.6978054911894285e-11,7.071064735566831e-10,2.208230894271e-10,0.23832943947719265
trial_0019_bite_023_withdrawal,trial_0019_bite_023,trial_0019,withdrawal,contextual_promp,StrongLocal,True,101,1.0,True,0,1.0,101,True,0,4.295394885691035,0.7884040237361264,4.782755943163799,312.297223672485,0,0,0,0,True,1.0725658023489842e-10,3.6126318553501615e-11,6.403664307292856e-10,2.1572939530625624e-10,4.707345624410664e-14,1.8178195833015745e-14,1.0725658023489842e-10,3.6126318553501615e-11,6.403664307292862e-10,2.1572939530625644e-10,0.33013135720663955
trial_0019_bite_023_withdrawal,trial_0019_bite_023,trial_0019,withdrawal,contextual_promp,RobotSmooth,True,101,1.0,True,0,1.0,101,True,0,4.83099921342249,0.8536549188711633,3.5603730386373815,36.05020736574307,0,0,0,0,True,1.4160314905928766e-10,3.890174060405149e-11,8.45436478821202e-10,2.3230533155954862e-10,8.08242361927114e-14,2.594393487649505e-14,1.4160314905928766e-10,3.890174060405149e-11,8.454364788212027e-10,2.3230533155954883e-10,0.23832943947714114
trial_0019_bite_024_transfer,trial_0019_bite_024,trial_0019,transfer,retrieval,B0,True,101,1.0,True,0,1.0,101,True,0,4.718706556223062,0.5715436583308424,20.87361577444473,2119.4268362619737,0,0,0,0,True,7.782619731637726e-11,2.912685351840655e-11,4.648696568438978e-10,1.7396175868837842e-10,7.904787935331115e-14,3.521531814988296e-14,7.782619731637726e-11,2.912685351840655e-11,4.648696568438982e-10,1.7396175868837852e-10,0.4506081288338901
trial_0019_bite_024_transfer,trial_0019_bite_024,trial_0019,transfer,retrieval,StrongLocal,True,101,1.0,True,0,1.0,101,True,0,4.783351144594377,0.5784608755717984,24.842705439992738,2565.0274667935646,0,0,0,0,True,7.525083038097778e-11,2.7276313396369278e-11,4.491026290779816e-10,1.6287965944312745e-10,1.0080825063596421e-13,3.593676693013618e-14,7.525083038097778e-11,2.7276313396369278e-11,4.49102629077982e-10,1.6287965944312758e-10,0.4165633245405731
trial_0019_bite_024_transfer,trial_0019_bite_024,trial_0019,transfer,retrieval,RobotSmooth,True,101,1.0,True,0,1.0,101,True,0,4.718706556931964,0.5715436583343525,20.873615773926318,2119.42683527391,0,0,0,0,True,7.311013142048476e-11,2.7689414607206412e-11,4.365768573096864e-10,1.653581343095951e-10,7.904787935331115e-14,3.4299464450176676e-14,7.311013142048476e-11,2.7689414607206412e-11,4.3657685730968675e-10,1.6535813430959523e-10,0.4506081288338901
trial_0019_bite_024_transfer,trial_0019_bite_024,trial_0019,transfer,contextual_promp,B0,True,101,1.0,True,0,1.0,101,True,0,3.749305429455081,0.43682206731663825,1.0082581287625225,8.645809621403899,0,0,0,0,True,7.626845317517685e-11,2.570792940684169e-11,4.552634529008106e-10,1.535139098667105e-10,7.949196856316121e-14,3.527443176421026e-14,7.626845317517685e-11,2.570792940684169e-11,4.552634529008109e-10,1.5351390986671064e-10,0.45722233546615776
trial_0019_bite_024_transfer,trial_0019_bite_024,trial_0019,transfer,contextual_promp,StrongLocal,True,101,1.0,True,0,1.0,101,True,0,3.6770412224811313,0.4297698708575705,3.542657068605099,225.72068253012813,0,0,0,0,True,6.643076342332342e-11,2.6159918141964376e-11,3.96490780763939e-10,1.5622624315935774e-10,9.592326932761353e-14,3.728993398412364e-14,6.643076342332342e-11,2.6159918141964376e-11,3.9649078076393935e-10,1.5622624315935784e-10,0.447781433192981
trial_0019_bite_024_transfer,trial_0019_bite_024,trial_0019,transfer,contextual_promp,RobotSmooth,True,101,1.0,True,0,1.0,101,True,0,3.7493054294546173,0.43682206731595885,1.0082581313475667,8.645809846562065,0,0,0,0,True,6.793997658339915e-11,2.605704229361864e-11,4.05752866147522e-10,1.5562161997957842e-10,1.0258460747536446e-13,3.4870320683957734e-14,6.793997658339915e-11,2.605704229361864e-11,4.0575286614752224e-10,1.5562161997957855e-10,0.45722233546615776
trial_0019_bite_024_withdrawal,trial_0019_bite_024,trial_0019,withdrawal,retrieval,B0,True,91,0.900990099009901,False,0,1.0,86,False,0,6.231994522831419,1.4069991896933043,14.840197683401039,1390.0818385870477,10,0,0,0,True,2.738661003427534e-10,5.1539310316922716e-11,1.6356084579479176e-09,3.077798797059049e-10,7.904787935331115e-14,2.6644295214762106e-14,2.738661003427534e-10,5.1539310316922716e-11,1.635608457947919e-09,3.0777987970590517e-10,0.0004684023728280806
trial_0019_bite_024_withdrawal,trial_0019_bite_024,trial_0019,withdrawal,retrieval,StrongLocal,True,101,1.0,True,0,1.0,101,True,0,6.679037506591728,1.3580421642670728,17.555022767758626,1917.6222400477182,0,0,0,0,True,3.443163552322376e-10,7.904646867373278e-11,2.056283974628461e-09,4.720432352220366e-10,5.995204332975845e-14,2.044162449564052e-14,3.443163552322376e-10,7.904646867373278e-11,2.056283974628462e-09,4.720432352220369e-10,0.17663076341008477
trial_0019_bite_024_withdrawal,trial_0019_bite_024,trial_0019,withdrawal,retrieval,RobotSmooth,True,101,1.0,True,0,1.0,101,True,0,6.6651478649387315,1.3547382032170006,43.54952323471832,6946.121434499388,0,0,0,0,True,2.1645897925642207e-10,4.925163773032207e-11,1.292624390169319e-09,2.941244241624431e-10,6.927791673660977e-14,2.8091360054853517e-14,2.1645897925642207e-10,4.925163773032207e-11,1.2926243901693199e-09,2.941244241624433e-10,0.0065375436782391105
trial_0019_bite_024_withdrawal,trial_0019_bite_024,trial_0019,withdrawal,contextual_promp,B0,True,101,1.0,True,0,1.0,101,True,0,4.384483067619114,0.7989738012466884,3.785409519574425,49.401128351335316,0,0,0,0,True,1.6331325284011055e-10,4.3615423691887295e-11,9.751356683875737e-10,2.6043023826866143e-10,6.17284001691587e-14,2.2573894508053706e-14,1.6331325284011055e-10,4.3615423691887295e-11,9.751356683875745e-10,2.6043023826866164e-10,0.2771907349606062
trial_0019_bite_024_withdrawal,trial_0019_bite_024,trial_0019,withdrawal,contextual_promp,StrongLocal,True,101,1.0,True,0,1.0,101,True,0,3.9943587592994994,0.7436061495900719,4.83071074277144,280.01994244777495,0,0,0,0,True,1.4403036679893212e-10,3.962363730053263e-11,8.601726073958687e-10,2.366153200419146e-10,6.439293542825908e-14,1.9078035527521195e-14,1.4403036679893212e-10,3.962363730053263e-11,8.601726073958695e-10,2.366153200419148e-10,0.4386693210117465
trial_0019_bite_024_withdrawal,trial_0019_bite_024,trial_0019,withdrawal,contextual_promp,RobotSmooth,True,101,1.0,True,0,1.0,101,True,0,4.384483067576197,0.7989738012729748,3.7854095331056263,49.401127522244046,0,0,0,0,True,1.8672627780948916e-10,4.1956027974293434e-11,1.114821130184497e-09,2.505349496853206e-10,8.08242361927114e-14,2.2239081254708207e-14,1.8672627780948916e-10,4.1956027974293434e-11,1.114821130184498e-09,2.505349496853208e-10,0.2771907349606062
trial_0019_bite_025_transfer,trial_0019_bite_025,trial_0019,transfer,retrieval,B0,True,101,1.0,True,0,1.0,101,True,0,5.807863923798989,0.689791881691055,22.735484436149648,2316.3585830842712,0,0,0,0,True,7.223379238587679e-11,2.297876193224903e-11,4.3119131153793207e-10,1.372258955094591e-10,5.551115123125783e-14,2.296094761903386e-14,7.223379238587679e-11,2.297876193224903e-11,4.3119131153793243e-10,1.3722589550945918e-10,0.5968379483684623
trial_0019_bite_025_transfer,trial_0019_bite_025,trial_0019,transfer,retrieval,StrongLocal,True,101,1.0,True,0,1.0,101,True,0,5.738226941668037,0.6808156113730025,25.40988021247065,2609.3361180141223,0,0,0,0,True,5.3945416190772214e-11,2.3489493625549802e-11,3.2212955060766344e-10,1.4027290747705016e-10,6.838973831690964e-14,2.8669127357702735e-14,5.3945416190772214e-11,2.3489493625549802e-11,3.221295506076636e-10,1.4027290747705029e-10,0.5704929772339824
trial_0019_bite_025_transfer,trial_0019_bite_025,trial_0019,transfer,retrieval,RobotSmooth,True,101,1.0,True,0,1.0,101,True,0,5.807863924393976,0.6897918817222796,22.735484441879734,2316.3585849438314,0,0,0,0,True,5.863569311100947e-11,2.2846581219730957e-11,3.501342043429015e-10,1.3643060164393229e-10,4.8405723873656825e-14,2.3910199741300426e-14,5.863569311100947e-11,2.2846581219730957e-11,3.501342043429018e-10,1.364306016439324e-10,0.5968379483684623
trial_0019_bite_025_transfer,trial_0019_bite_025,trial_0019,transfer,contextual_promp,B0,True,101,1.0,True,0,1.0,101,True,0,4.5066053223167755,0.548984739622765,1.352085559992453,9.516266606831314,0,0,0,0,True,6.763567925954833e-11,2.7224106673568422e-11,4.0379102567661634e-10,1.6258705423201423e-10,7.327471962526033e-14,2.7816880162478098e-14,6.763567925954833e-11,2.7224106673568422e-11,4.0379102567661665e-10,1.6258705423201436e-10,0.6118603464756287
trial_0019_bite_025_transfer,trial_0019_bite_025,trial_0019,transfer,contextual_promp,StrongLocal,True,101,1.0,True,0,1.0,101,True,0,4.395934782461525,0.5344014495421401,3.6890030117904264,229.86806780295973,0,0,0,0,True,7.6000018256994e-11,2.6261979068373215e-11,4.538411246987129e-10,1.5683648413576258e-10,7.682743330406083e-14,2.720233721769755e-14,7.6000018256994e-11,2.6261979068373215e-11,4.5384112469871327e-10,1.5683648413576268e-10,0.5994874865959012
trial_0019_bite_025_transfer,trial_0019_bite_025,trial_0019,transfer,contextual_promp,RobotSmooth,True,101,1.0,True,0,1.0,101,True,0,4.50660532272633,0.5489847396389569,1.3520855579056361,9.516266002891758,0,0,0,0,True,6.350104484732668e-11,2.5305057503923968e-11,3.792966269610477e-10,1.5114310555416074e-10,7.549516567451064e-14,2.7536083944337653e-14,6.350104484732668e-11,2.5305057503923968e-11,3.792966269610481e-10,1.5114310555416085e-10,0.6118603464756287
trial_0019_bite_025_withdrawal,trial_0019_bite_025,trial_0019,withdrawal,retrieval,B0,True,101,1.0,True,0,1.0,101,True,0,5.696978833959473,1.0798511354402982,12.988096700931958,970.5183662136598,0,0,0,0,True,3.5803245997960917e-10,6.639213984742718e-11,2.13789786376198e-09,3.964731122567739e-10,6.616929226765933e-14,2.3698773483522367e-14,3.5803245997960917e-10,6.639213984742718e-11,2.1378978637619817e-09,3.9647311225677425e-10,0.058644070038197604
trial_0019_bite_025_withdrawal,trial_0019_bite_025,trial_0019,withdrawal,retrieval,StrongLocal,True,101,1.0,True,0,1.0,101,True,0,5.596701709293469,1.0646702576907545,15.631732288245857,1393.013744183599,0,0,0,0,True,3.0625257120137316e-10,5.708033777664596e-11,1.8287921341867548e-09,3.408590927591709e-10,4.1744385725905886e-14,1.4198276697473744e-14,3.0625257120137316e-10,5.708033777664596e-11,1.8287921341867567e-09,3.4085909275917124e-10,0.30866184703426836
trial_0019_bite_025_withdrawal,trial_0019_bite_025,trial_0019,withdrawal,retrieval,RobotSmooth,True,101,1.0,True,0,1.0,101,True,0,5.696978833442208,1.0798511355089329,12.988096693710578,970.5183569550403,0,0,0,0,True,1.7459792316771787e-10,4.968377044581035e-11,1.0428014555355109e-09,2.967007801782291e-10,9.814371537686384e-14,2.4790591228190722e-14,1.7459792316771787e-10,4.968377044581035e-11,1.0428014555355119e-09,2.9670078017822933e-10,0.05864407003818872
trial_0019_bite_025_withdrawal,trial_0019_bite_025,trial_0019,withdrawal,contextual_promp,B0,True,101,1.0,True,0,1.0,101,True,0,4.080964544858736,0.6823340512461101,3.4415249315414758,61.54671707075792,0,0,0,0,True,7.031404880723603e-11,2.3130910399175163e-11,4.1984027878379673e-10,1.38113516849782e-10,4.929390229335695e-14,2.2349350042655026e-14,7.031404880723603e-11,2.3130910399175163e-11,4.198402787837971e-10,1.3811351684978212e-10,0.46886695306082693
trial_0019_bite_025_withdrawal,trial_0019_bite_025,trial_0019,withdrawal,contextual_promp,StrongLocal,True,101,1.0,True,0,1.0,101,True,0,3.446798947573603,0.6039618846214293,4.06718908413534,196.89414115253004,0,0,0,0,True,6.571672721495219e-11,2.4614904132920124e-11,3.9235612986279023e-10,1.4699537432065978e-10,5.10702591327572e-14,1.918657538743664e-14,6.571672721495219e-11,2.4614904132920124e-11,3.9235612986279054e-10,1.4699537432065994e-10,0.5004064161432225
trial_0019_bite_025_withdrawal,trial_0019_bite_025,trial_0019,withdrawal,contextual_promp,RobotSmooth,True,101,1.0,True,0,1.0,101,True,0,4.080964545469517,0.6823340512578124,3.441524930323355,61.54671771314752,0,0,0,0,True,7.031404880723603e-11,2.20431596158983e-11,4.1984027878379673e-10,1.3161461709747584e-10,5.062616992290714e-14,2.304388306631333e-14,7.031404880723603e-11,2.20431596158983e-11,4.198402787837971e-10,1.3161461709747591e-10,0.46886695306082693
trial_0019_bite_026_transfer,trial_0019_bite_026,trial_0019,transfer,retrieval,B0,True,101,1.0,True,0,1.0,101,True,0,4.58791939725343,0.591648764102807,11.094093296811051,1042.9962167602728,0,0,0,0,True,5.43649732739382e-11,2.2818616530708477e-11,3.2451186062890616e-10,1.3624929805038734e-10,6.306066779870889e-14,2.3750871334398012e-14,5.43649732739382e-11,2.2818616530708477e-11,3.2451186062890636e-10,1.3624929805038744e-10,0.6188743256399789
trial_0019_bite_026_transfer,trial_0019_bite_026,trial_0019,transfer,retrieval,StrongLocal,True,101,1.0,True,0,1.0,101,True,0,4.385057787036429,0.5597433834054241,12.206707765432663,1188.4379793540181,0,0,0,0,True,6.615740548317619e-11,2.3365200216177786e-11,3.9526536288908905e-10,1.3953288729473474e-10,5.684341886080802e-14,2.6951524699510232e-14,6.615740548317619e-11,2.3365200216177786e-11,3.952653628890893e-10,1.3953288729473484e-10,0.6079300785582173
trial_0019_bite_026_transfer,trial_0019_bite_026,trial_0019,transfer,retrieval,RobotSmooth,True,101,1.0,True,0,1.0,101,True,0,4.58791939822114,0.5916487640077306,11.094093242785263,1042.9962070075435,0,0,0,0,True,5.191387194882272e-11,2.2333033263999767e-11,3.0994885579867914e-10,1.333767169201042e-10,5.1514348342607263e-14,2.320465786417527e-14,5.191387194882272e-11,2.2333033263999767e-11,3.099488557986794e-10,1.333767169201043e-10,0.6188743256399789
trial_0019_bite_026_transfer,trial_0019_bite_026,trial_0019,transfer,contextual_promp,B0,True,101,1.0,True,0,1.0,101,True,0,4.441912296239157,0.5330332118879149,1.2665312485844382,8.740075985705145,0,0,0,0,True,8.311817680612089e-11,2.6867164279009124e-11,4.963142633489835e-10,1.6045996975750604e-10,5.639932965095795e-14,2.6002724163912963e-14,8.311817680612089e-11,2.6867164279009124e-11,4.963142633489839e-10,1.6045996975750616e-10,0.6306517968153731
trial_0019_bite_026_transfer,trial_0019_bite_026,trial_0019,transfer,contextual_promp,StrongLocal,True,101,1.0,True,0,1.0,101,True,0,4.23809345327756,0.5102976494531299,3.7078425987760544,233.38924629486345,0,0,0,0,True,5.5715033878317446e-11,2.2103667290906924e-11,3.3278677433505846e-10,1.3200371639691865e-10,6.128431095930864e-14,2.6502288373707312e-14,5.5715033878317446e-11,2.2103667290906924e-11,3.327867743350587e-10,1.3200371639691875e-10,0.6170662429233786
trial_0019_bite_026_transfer,trial_0019_bite_026,trial_0019,transfer,contextual_promp,RobotSmooth,True,101,1.0,True,0,1.0,101,True,0,4.441912296239157,0.5330332118809114,1.2665312470098826,8.740075569925652,0,0,0,0,True,8.311817680612089e-11,2.6130872027919388e-11,4.963142633489835e-10,1.5606193474574206e-10,5.950795411990839e-14,2.5919010753919902e-14,8.311817680612089e-11,2.6130872027919388e-11,4.963142633489839e-10,1.5606193474574222e-10,0.6306517968153731
trial_0019_bite_026_withdrawal,trial_0019_bite_026,trial_0019,withdrawal,retrieval,B0,True,69,0.6831683168316832,False,0,1.0,69,False,0,5.653081646488159,1.4271453854139473,16.835995455833856,1216.1411991605091,32,0,0,0,True,1.1529568680264602e-10,4.071953421572946e-11,6.884324433803197e-10,2.431701579017474e-10,6.88338275267597e-14,2.3537821015161876e-14,1.1529568680264602e-10,4.071953421572946e-11,6.884324433803201e-10,2.431701579017476e-10,0.002873178388016484
trial_0019_bite_026_withdrawal,trial_0019_bite_026,trial_0019,withdrawal,retrieval,StrongLocal,True,101,1.0,True,0,1.0,101,True,0,6.095879055589073,1.158737462205299,16.339465415522596,1377.7325636508367,0,0,0,0,True,3.4698197103243893e-10,8.248213161790428e-11,2.0721641787098427e-09,4.925609736837828e-10,5.773159728050814e-14,1.8779916434635486e-14,3.4698197103243893e-10,8.248213161790428e-11,2.0721641787098443e-09,4.925609736837831e-10,0.1608686533269985
trial_0019_bite_026_withdrawal,trial_0019_bite_026,trial_0019,withdrawal,retrieval,RobotSmooth,True,101,1.0,True,0,1.0,101,True,0,5.848545444401017,1.1376686928977389,37.02143210321831,5041.928399822214,0,0,0,0,True,3.337748675010095e-10,9.018127548795071e-11,1.993028079384405e-09,5.385216944069395e-10,4.707345624410664e-14,1.6418996657203682e-14,3.337748675010095e-10,9.018127548795071e-11,1.9930280793844062e-09,5.3852169440694e-10,0.1687017647812148
trial_0019_bite_026_withdrawal,trial_0019_bite_026,trial_0019,withdrawal,contextual_promp,B0,True,101,1.0,True,0,1.0,101,True,0,4.942997261173767,0.8871983034188985,4.837288625106416,78.49886348925664,0,0,0,0,True,2.2381751450169164e-10,4.244330419955988e-11,1.3364926133840239e-09,2.534731051638934e-10,1.0613732115416497e-13,3.327754104076868e-14,2.2381751450169164e-10,4.244330419955988e-11,1.336492613384025e-09,2.5347310516389367e-10,0.3257474254602317
trial_0019_bite_026_withdrawal,trial_0019_bite_026,trial_0019,withdrawal,contextual_promp,StrongLocal,True,101,1.0,True,0,1.0,101,True,0,4.349529830440423,0.8117137914774035,5.207056399927649,148.63142830890692,0,0,0,0,True,2.5002509197778317e-10,5.974924974200694e-11,1.4928884275487977e-09,3.5679655857522785e-10,6.927791673660977e-14,2.5793158317541148e-14,2.5002509197778317e-10,5.974924974200694e-11,1.4928884275487992e-09,3.5679655857522816e-10,0.3228369561460851
trial_0019_bite_026_withdrawal,trial_0019_bite_026,trial_0019,withdrawal,contextual_promp,RobotSmooth,True,101,1.0,True,0,1.0,101,True,0,4.942997260576074,0.8871983033793533,4.837288603712891,78.49886765769011,0,0,0,0,True,2.242705799104653e-10,4.8294520161493825e-11,1.3392137900344098e-09,2.883987475154315e-10,1.0613732115416497e-13,3.530632966012483e-14,2.242705799104653e-10,4.8294520161493825e-11,1.339213790034411e-09,2.883987475154317e-10,0.32574742546022817
trial_0020_bite_001_transfer,trial_0020_bite_001,trial_0020,transfer,retrieval,B0,True,101,1.0,True,0,1.0,101,True,0,3.499854886146464,0.4899768773993232,21.24061736016841,2154.7369897928884,0,0,0,0,True,1.7476373001229488e-11,6.429004134757038e-12,1.0426085781120237e-10,3.8389128076560707e-11,2.091660178393795e-13,8.39730631032499e-14,1.7476373001229488e-11,6.429004134757038e-12,1.0426085781120246e-10,3.838912807656073e-11,0.10341405057903463
trial_0020_bite_001_transfer,trial_0020_bite_001,trial_0020,transfer,retrieval,StrongLocal,True,101,1.0,True,0,1.0,101,True,0,3.512450290511676,0.48495158988272724,20.805455902298092,2110.3229796433307,0,0,0,0,True,1.804903757025485e-11,5.9689314848749946e-12,1.0775593940141559e-10,3.563819851845574e-11,2.2248869413488137e-13,9.414450659401529e-14,1.804903757025485e-11,5.9689314848749946e-12,1.0775593940141568e-10,3.5638198518455766e-11,0.0923202459726622
trial_0020_bite_001_transfer,trial_0020_bite_001,trial_0020,transfer,retrieval,RobotSmooth,True,101,1.0,True,0,1.0,101,True,0,3.4998548852709765,0.4899768773723868,21.240617356460504,2154.7369898261923,0,0,0,0,True,1.921977870078721e-11,6.342054280329399e-12,1.1479227847029631e-10,3.7862137080332406e-11,2.4513724383723456e-13,8.179406338954746e-14,1.921977870078721e-11,6.342054280329399e-12,1.1479227847029639e-10,3.786213708033243e-11,0.10341405057903463
trial_0020_bite_001_transfer,trial_0020_bite_001,trial_0020,transfer,contextual_promp,B0,True,101,1.0,True,0,1.0,101,True,0,2.8534534514756964,0.36598964161454184,1.4332206012004218,15.022370177573336,0,0,0,0,True,6.646761324364519e-11,1.8016290042531847e-11,3.970029511371324e-10,1.0758726223689509e-10,1.3944401189291966e-13,5.3274067559976103e-14,6.646761324364519e-11,1.8016290042531847e-11,3.9700295113713277e-10,1.0758726223689519e-10,0.19172692298089955
trial_0020_bite_001_transfer,trial_0020_bite_001,trial_0020,transfer,contextual_promp,StrongLocal,True,101,1.0,True,0,1.0,101,True,0,2.685178455522725,0.3426019210612371,2.801342124811095,162.693400510215,0,0,0,0,True,3.587236906947169e-11,1.2754910793173214e-11,2.1415047060012055e-10,7.615008761212965e-11,1.7141843500212417e-13,5.731485449410619e-14,3.587236906947169e-11,1.2754910793173214e-11,2.1415047060012073e-10,7.61500876121297e-11,0.18530663269917325
trial_0020_bite_001_transfer,trial_0020_bite_001,trial_0020,transfer,contextual_promp,RobotSmooth,True,101,1.0,True,0,1.0,101,True,0,2.8534534521458195,0.36598964161712105,1.4332205999571048,15.02237022213003,0,0,0,0,True,6.416321380173897e-11,1.9628460081857258e-11,3.831330420340241e-10,1.17222987782105e-10,1.3944401189291966e-13,5.2454425740301125e-14,6.416321380173897e-11,1.9628460081857258e-11,3.8313304203402446e-10,1.1722298778210507e-10,0.1917269229809473
trial_0020_bite_001_withdrawal,trial_0020_bite_001,trial_0020,withdrawal,retrieval,B0,True,101,1.0,True,0,1.0,101,True,0,3.967483513892007,0.6826487784800347,12.56222090945617,1499.4637899506095,0,0,0,0,True,5.201335476134902e-11,2.142657306268014e-11,3.1059890629372513e-10,1.2795235855228493e-10,1.021405182655144e-13,3.411989652325923e-14,5.201335476134902e-11,2.142657306268014e-11,3.1059890629372534e-10,1.2795235855228504e-10,0.17012391962982676
trial_0020_bite_001_withdrawal,trial_0020_bite_001,trial_0020,withdrawal,retrieval,StrongLocal,True,101,1.0,True,0,1.0,101,True,0,3.8264634511541025,0.6567077397233101,15.471261052698209,2084.65992624396,0,0,0,0,True,5.637852576588887e-11,2.0941485692680194e-11,3.3676357955278703e-10,1.2507706084288273e-10,1.092459456231154e-13,3.567317173759172e-14,5.637852576588887e-11,2.0941485692680194e-11,3.367635795527873e-10,1.250770608428828e-10,0.2792151420227631
trial_0020_bite_001_withdrawal,trial_0020_bite_001,trial_0020,withdrawal,retrieval,RobotSmooth,True,101,1.0,True,0,1.0,101,True,0,3.9674835147319922,0.6826487785059077,12.562220900652907,1499.4637858702704,0,0,0,0,True,4.2664158626117124e-11,1.8854469464357702e-11,2.5484351890461573e-10,1.1260139968338151e-10,1.021405182655144e-13,3.373761553974682e-14,4.2664158626117124e-11,1.8854469464357702e-11,2.548435189046159e-10,1.126013996833816e-10,0.17012391962995554
trial_0020_bite_001_withdrawal,trial_0020_bite_001,trial_0020,withdrawal,contextual_promp,B0,True,101,1.0,True,0,1.0,101,True,0,3.4713770083244215,0.6234089375198164,3.029311486014338,35.72492465419557,0,0,0,0,True,6.450632326807069e-11,2.2558382727829184e-11,3.851997473622585e-10,1.3470649416712468e-10,1.021405182655144e-13,3.026678698788362e-14,6.450632326807069e-11,2.2558382727829184e-11,3.851997473622588e-10,1.3470649416712478e-10,0.271748931468343
trial_0020_bite_001_withdrawal,trial_0020_bite_001,trial_0020,withdrawal,contextual_promp,StrongLocal,True,101,1.0,True,0,1.0,101,True,0,3.0255577910792435,0.5647892923067097,3.3627181961342685,172.9299692096277,0,0,0,0,True,6.407806787652982e-11,2.334885608832155e-11,3.8278828359604986e-10,1.394413717568354e-10,1.021405182655144e-13,2.973727062540781e-14,6.407806787652982e-11,2.334885608832155e-11,3.8278828359605007e-10,1.394413717568355e-10,0.47848394679462913
trial_0020_bite_001_withdrawal,trial_0020_bite_001,trial_0020,withdrawal,contextual_promp,RobotSmooth,True,101,1.0,True,0,1.0,101,True,0,3.4713770084446782,0.6234089375069204,3.0293114851394214,35.72492461220644,0,0,0,0,True,6.450632326807069e-11,2.1987858393497676e-11,3.851997473622585e-10,1.3132855487029935e-10,1.021405182655144e-13,3.0540571112402095e-14,6.450632326807069e-11,2.1987858393497676e-11,3.851997473622588e-10,1.3132855487029945e-10,0.271748931468343
trial_0020_bite_002_transfer,trial_0020_bite_002,trial_0020,transfer,retrieval,B0,True,101,1.0,True,0,1.0,101,True,0,3.468502087638262,0.413281079920298,12.494785914499843,1213.3455903111883,0,0,0,0,True,8.021188153429427e-11,2.744209241549301e-11,4.790013958545581e-10,1.6389003692467104e-10,9.059419880941277e-14,4.189860125361204e-14,8.021188153429427e-11,2.744209241549301e-11,4.790013958545585e-10,1.6389003692467117e-10,0.2547631829070902
trial_0020_bite_002_transfer,trial_0020_bite_002,trial_0020,transfer,retrieval,StrongLocal,True,101,1.0,True,0,1.0,101,True,0,3.2999324817458944,0.39292969740737693,13.898759343146802,1416.411633283279,0,0,0,0,True,1.1884144953671757e-10,2.836987485732131e-11,7.097174597033205e-10,1.6940567569434893e-10,8.837375276016246e-14,3.8308421072806885e-14,1.1884144953671757e-10,2.836987485732131e-11,7.097174597033211e-10,1.6940567569434908e-10,0.24568111633853262
trial_0020_bite_002_transfer,trial_0020_bite_002,trial_0020,transfer,retrieval,RobotSmooth,True,101,1.0,True,0,1.0,101,True,0,3.46850208923018,0.4132810799153975,12.494785932444264,1213.3455956095581,0,0,0,0,True,1.2375560075862227e-10,2.7698505347642668e-11,7.389556754879319e-10,1.653975325459489e-10,1.3322676295501878e-13,4.7185858384247085e-14,1.2375560075862227e-10,2.7698505347642668e-11,7.389556754879326e-10,1.65397532545949e-10,0.2547631829072192
trial_0020_bite_002_transfer,trial_0020_bite_002,trial_0020,transfer,contextual_promp,B0,True,101,1.0,True,0,1.0,101,True,0,2.9177186316004584,0.35762985264032077,1.1006473149908538,11.44066911011091,0,0,0,0,True,1.3302040063177542e-10,3.5615422765124265e-11,7.945206214125586e-10,2.1267076594032633e-10,1.0036416142611415e-13,3.879423088176194e-14,1.3302040063177542e-10,3.5615422765124265e-11,7.94520621412559e-10,2.1267076594032646e-10,0.3066174427336905
trial_0020_bite_002_transfer,trial_0020_bite_002,trial_0020,transfer,contextual_promp,StrongLocal,True,101,1.0,True,0,1.0,101,True,0,2.6936824240051562,0.3268703471417628,3.087307369804276,199.17324278323292,0,0,0,0,True,7.468277368792487e-11,2.215987974572726e-11,4.461768046001115e-10,1.3234088950577547e-10,1.2256862191861728e-13,4.473033807601811e-14,7.468277368792487e-11,2.215987974572726e-11,4.461768046001118e-10,1.3234088950577555e-10,0.28945916298781516
trial_0020_bite_002_transfer,trial_0020_bite_002,trial_0020,transfer,contextual_promp,RobotSmooth,True,101,1.0,True,0,1.0,101,True,0,2.917718632790037,0.3576298526335837,1.100647313183706,11.440669157002873,0,0,0,0,True,7.487670971054244e-11,2.9194559299408466e-11,4.4690261368929266e-10,1.7431871609446468e-10,1.2434497875801753e-13,3.9607614953947394e-14,7.487670971054244e-11,2.9194559299408466e-11,4.4690261368929297e-10,1.743187160944648e-10,0.306617442733788
trial_0020_bite_002_withdrawal,trial_0020_bite_002,trial_0020,withdrawal,retrieval,B0,True,101,1.0,True,0,1.0,101,True,0,5.276700222957443,1.089247144680066,24.12496131140491,2556.4568004445105,0,0,0,0,True,1.771847237479032e-10,4.048007226173504e-11,1.0580752432140006e-09,2.4172028225804733e-10,1.0258460747536446e-13,3.693367995755867e-14,1.771847237479032e-10,4.048007226173504e-11,1.0580752432140016e-09,2.4172028225804754e-10,0.1620003407990116
trial_0020_bite_002_withdrawal,trial_0020_bite_002,trial_0020,withdrawal,retrieval,StrongLocal,True,101,1.0,True,0,1.0,101,True,0,5.564301651010769,1.0952874018365601,32.71290328226471,3769.9045348493464,0,0,0,0,True,1.1377890195084157e-10,3.550559419954212e-11,6.796190030522521e-10,2.120416213847868e-10,1.0125233984581428e-13,2.7317124966676484e-14,1.1377890195084157e-10,3.550559419954212e-11,6.796190030522528e-10,2.1204162138478697e-10,0.36722654341726924
trial_0020_bite_002_withdrawal,trial_0020_bite_002,trial_0020,withdrawal,retrieval,RobotSmooth,True,101,1.0,True,0,1.0,101,True,0,5.276700219468969,1.0892471445122158,24.12496117065047,2556.4567558852073,0,0,0,0,True,2.801435992369846e-10,4.619022261911459e-11,1.6729329792573219e-09,2.758410396185227e-10,1.0258460747536446e-13,3.784535241581048e-14,2.801435992369846e-10,4.619022261911459e-11,1.6729329792573233e-09,2.7584103961852295e-10,0.16200034080073777
trial_0020_bite_002_withdrawal,trial_0020_bite_002,trial_0020,withdrawal,contextual_promp,B0,True,101,1.0,True,0,1.0,101,True,0,3.3072129336058698,0.5953286775636317,3.120556821768526,42.75919453862891,0,0,0,0,True,5.828483811012104e-11,2.175765940225128e-11,3.4817208308444536e-10,1.2991270625708954e-10,9.725553695716371e-14,3.2288270426761e-14,5.828483811012104e-11,2.175765940225128e-11,3.481720830844457e-10,1.2991270625708964e-10,0.3031632663378536
trial_0020_bite_002_withdrawal,trial_0020_bite_002,trial_0020,withdrawal,contextual_promp,StrongLocal,True,101,1.0,True,0,1.0,101,True,0,2.9622936665332666,0.5451416226239721,3.815507701529099,228.553586216046,0,0,0,0,True,6.661155519928088e-11,2.4592042448155288e-11,3.9783232638050584e-10,1.46846071800863e-10,8.748557434046234e-14,3.3427066149207317e-14,6.661155519928088e-11,2.4592042448155288e-11,3.9783232638050615e-10,1.4684607180086314e-10,0.4989021481232987
trial_0020_bite_002_withdrawal,trial_0020_bite_002,trial_0020,withdrawal,contextual_promp,RobotSmooth,True,101,1.0,True,0,1.0,101,True,0,3.307212933639679,0.5953286775720715,3.120556821937847,42.759194529136614,0,0,0,0,True,5.828483811012104e-11,2.1575686370554286e-11,3.4817208308444536e-10,1.2884970912449454e-10,1.0391687510491465e-13,3.74041729246017e-14,5.828483811012104e-11,2.1575686370554286e-11,3.481720830844457e-10,1.2884970912449464e-10,0.3031632663378536
trial_0020_bite_003_transfer,trial_0020_bite_003,trial_0020,transfer,retrieval,B0,True,62,0.6138613861386139,False,1,0.9838709677419355,29,False,0,5.045654584289698,2.273785706905423,77.95457919921581,4315.801213135411,4,35,0,0,True,3.171193850265596e-10,4.077922844194965e-11,1.8938768736790942e-09,2.435364081702345e-10,3.6628478028433165e-12,4.806904188528353e-13,3.171193850265596e-10,4.077922844194965e-11,1.893876873679096e-09,2.435364081702347e-10,0.005110490836897963
trial_0020_bite_003_transfer,trial_0020_bite_003,trial_0020,transfer,retrieval,StrongLocal,True,58,0.5742574257425742,False,1,0.9827586206896551,28,False,0,3.981471274034706,1.5527709399239205,52.13664212849922,2573.570136274096,7,36,0,0,True,1.5250103413356692e-09,2.1058216376214891e-10,9.106928376978174e-09,1.2575418418603274e-09,4.460432023734029e-12,9.12496673768939e-13,1.5250103413356692e-09,2.1058216376214891e-10,9.106928376978183e-09,1.2575418418603287e-09,0.0070294218626569815
trial_0020_bite_003_transfer,trial_0020_bite_003,trial_0020,transfer,retrieval,RobotSmooth,True,101,1.0,True,0,1.0,101,True,0,8.823389216917924,1.7493508568714782,172.80198687696088,21440.6937333706,0,0,0,0,True,4.8079478910513223e-11,7.881359090368322e-12,2.869758994348098e-10,4.705863455340779e-11,6.625811010962934e-13,1.5989713940693613e-13,4.8079478910513223e-11,7.881359090368322e-12,2.8697589943481004e-10,4.705863455340782e-11,0.006008479169486769
trial_0020_bite_003_transfer,trial_0020_bite_003,trial_0020,transfer,contextual_promp,B0,True,101,1.0,True,0,1.0,101,True,0,2.9376565258007075,0.3581132144956191,1.345623046338456,11.01161545829332,0,0,0,0,True,3.44813781613541e-11,1.2239471881244954e-11,2.059329446695955e-10,7.307808298904289e-11,1.638689184346731e-13,6.184353014262537e-14,3.44813781613541e-11,1.2239471881244954e-11,2.059329446695957e-10,7.307808298904295e-11,0.10975345222653043
trial_0020_bite_003_transfer,trial_0020_bite_003,trial_0020,transfer,contextual_promp,StrongLocal,True,101,1.0,True,0,1.0,101,True,0,2.825979736255997,0.3379496829071541,2.7887961481992836,163.64844767340114,0,0,0,0,True,3.621913750082343e-11,1.1119057407119994e-11,2.1632849943346144e-10,6.638991264375757e-11,1.9673151996357774e-13,6.608128052329876e-14,3.621913750082343e-11,1.1119057407119994e-11,2.1632849943346162e-10,6.638991264375762e-11,0.10424689299098744
trial_0020_bite_003_transfer,trial_0020_bite_003,trial_0020,transfer,contextual_promp,RobotSmooth,True,101,1.0,True,0,1.0,101,True,0,2.9376565262357035,0.3581132144937065,1.345623045577436,11.01161543901505,0,0,0,0,True,2.961364652091181e-11,1.0858400900707606e-11,1.7682518999332277e-10,6.483644466039646e-11,1.616484723854228e-13,6.581185147805752e-14,2.961364652091181e-11,1.0858400900707606e-11,1.768251899933229e-10,6.483644466039652e-11,0.10975345222634991
trial_0020_bite_003_withdrawal,trial_0020_bite_003,trial_0020,withdrawal,retrieval,B0,True,101,1.0,True,0,1.0,101,True,0,4.532271975501211,0.7893238747138409,23.408033449366535,2607.6014307408454,0,0,0,0,True,1.2523778298030904e-10,2.804898167574129e-11,7.479409878175961e-10,1.6750366272234981e-10,8.43769498715119e-14,3.548776250931145e-14,1.2523778298030904e-10,2.804898167574129e-11,7.479409878175966e-10,1.6750366272234992e-10,0.1497548725388027
trial_0020_bite_003_withdrawal,trial_0020_bite_003,trial_0020,withdrawal,retrieval,StrongLocal,True,101,1.0,True,0,1.0,101,True,0,4.31887347674456,0.7486152968076986,30.261084438523653,4021.1942120207077,0,0,0,0,True,1.0328264936099201e-10,2.7057078980645627e-11,6.167491867476841e-10,1.6157302889353937e-10,9.681144774731365e-14,3.4586719611486166e-14,1.0328264936099201e-10,2.7057078980645627e-11,6.167491867476848e-10,1.6157302889353948e-10,0.2383716719228417
trial_0020_bite_003_withdrawal,trial_0020_bite_003,trial_0020,withdrawal,retrieval,RobotSmooth,True,101,1.0,True,0,1.0,101,True,0,4.532271974743981,0.7893238746814412,23.408033444492606,2607.6014306850493,0,0,0,0,True,9.930836279240822e-11,2.663179379350982e-11,5.932444881601458e-10,1.5903856071634823e-10,7.283063041541027e-14,3.2927155066967727e-14,9.930836279240822e-11,2.663179379350982e-11,5.932444881601463e-10,1.5903856071634839e-10,0.1497548725388027
trial_0020_bite_003_withdrawal,trial_0020_bite_003,trial_0020,withdrawal,contextual_promp,B0,True,101,1.0,True,0,1.0,101,True,0,3.5962790700643126,0.647608136192411,3.211870770099989,45.37759299158461,0,0,0,0,True,6.854084056545849e-11,3.091965073853973e-11,4.094078910368612e-10,1.846339488010075e-10,7.149836278586008e-14,2.7288732682164263e-14,6.854084056545849e-11,3.091965073853973e-11,4.0940789103686143e-10,1.8463394880100763e-10,0.42533116904511914
trial_0020_bite_003_withdrawal,trial_0020_bite_003,trial_0020,withdrawal,contextual_promp,StrongLocal,True,101,1.0,True,0,1.0,101,True,0,3.1475583070205926,0.5923141934805525,3.811940503233426,222.8691916536931,0,0,0,0,True,9.316966604544409e-11,3.1407556611459815e-11,5.564575776024445e-10,1.875568514304894e-10,7.37188088351104e-14,2.3900438783716097e-14,9.316966604544409e-11,3.1407556611459815e-11,5.564575776024449e-10,1.8755685143048952e-10,0.647118159155256
trial_0020_bite_003_withdrawal,trial_0020_bite_003,trial_0020,withdrawal,contextual_promp,RobotSmooth,True,101,1.0,True,0,1.0,101,True,0,3.5962790694455,0.6476081361980464,3.211870769802225,45.37759292274066,0,0,0,0,True,6.854084056545849e-11,2.913847501392919e-11,4.094078910368612e-10,1.7398557467861058e-10,7.904787935331115e-14,2.560663238926397e-14,6.854084056545849e-11,2.913847501392919e-11,4.0940789103686143e-10,1.7398557467861068e-10,0.42533116904511914
trial_0020_bite_004_transfer,trial_0020_bite_004,trial_0020,transfer,retrieval,B0,True,101,1.0,True,0,1.0,101,True,0,4.529854625050071,0.55468005990648,8.925499570817204,875.6348683578424,0,0,0,0,True,1.048123666138037e-10,2.8482239274139835e-11,6.258912009061031e-10,1.7007804216622196e-10,8.748557434046234e-14,3.540634583591417e-14,1.048123666138037e-10,2.8482239274139835e-11,6.258912009061036e-10,1.700780421662221e-10,0.1286424003124338
trial_0020_bite_004_transfer,trial_0020_bite_004,trial_0020,transfer,retrieval,StrongLocal,True,101,1.0,True,0,1.0,101,True,0,4.394686471314792,0.537084051743586,11.205074213523327,1185.7846952825003,0,0,0,0,True,6.657311273559383e-11,2.218790570600478e-11,3.977348829699891e-10,1.3248533316702779e-10,8.126832540256146e-14,3.646664795533463e-14,6.657311273559383e-11,2.218790570600478e-11,3.977348829699895e-10,1.324853331670279e-10,0.1286424003124338
trial_0020_bite_004_transfer,trial_0020_bite_004,trial_0020,transfer,retrieval,RobotSmooth,True,101,1.0,True,0,1.0,101,True,0,4.529854624552139,0.5546800598963504,8.925499579108523,875.6348711242291,0,0,0,0,True,5.916866153229232e-11,2.2472121597294568e-11,3.5338429274357e-10,1.3417899153368425e-10,8.126832540256146e-14,3.784037318339116e-14,5.916866153229232e-11,2.2472121597294568e-11,3.533842927435703e-10,1.3417899153368438e-10,0.1286424003124338
trial_0020_bite_004_transfer,trial_0020_bite_004,trial_0020,transfer,contextual_promp,B0,True,101,1.0,True,0,1.0,101,True,0,2.862597915259724,0.36088352137286595,1.107246355491359,10.191319584907673,0,0,0,0,True,7.383684626990272e-11,2.014776293151906e-11,4.4108251558205714e-10,1.203044613206547e-10,1.438849039914203e-13,5.750622093384833e-14,7.383684626990272e-11,2.014776293151906e-11,4.4108251558205745e-10,1.2030446132065475e-10,0.11816867940670917
trial_0020_bite_004_transfer,trial_0020_bite_004,trial_0020,transfer,contextual_promp,StrongLocal,True,101,1.0,True,0,1.0,101,True,0,2.660796988262708,0.330891933858138,2.838143699836502,179.11600891331952,0,0,0,0,True,2.6311031481574815e-11,1.1208009947972678e-11,1.5712444864886173e-10,6.693939145429735e-11,1.616484723854228e-13,6.051442647182651e-14,2.6311031481574815e-11,1.1208009947972678e-11,1.5712444864886183e-10,6.69393914542974e-11,0.10717353963442977
trial_0020_bite_004_transfer,trial_0020_bite_004,trial_0020,transfer,contextual_promp,RobotSmooth,True,101,1.0,True,0,1.0,101,True,0,2.8625979150470364,0.36088352135758595,1.1072463564750363,10.191319540550833,0,0,0,0,True,4.2241015699302877e-11,1.6252879883687188e-11,2.521660311280152e-10,9.703703881885504e-11,1.4521717162097048e-13,5.519161293483662e-14,4.2241015699302877e-11,1.6252879883687188e-11,2.521660311280153e-10,9.703703881885512e-11,0.11816867940670917
trial_0020_bite_004_withdrawal,trial_0020_bite_004,trial_0020,withdrawal,retrieval,B0,True,101,1.0,True,0,1.0,101,True,0,4.487746763932364,0.7990097745405401,21.819661421143806,2495.978933128802,0,0,0,0,True,6.283200349861048e-11,2.2689562017002824e-11,3.7524371347253753e-10,1.3549813412084922e-10,6.439293542825908e-14,2.8160645433538138e-14,6.283200349861048e-11,2.2689562017002824e-11,3.7524371347253784e-10,1.3549813412084932e-10,0.16128667211362036
trial_0020_bite_004_withdrawal,trial_0020_bite_004,trial_0020,withdrawal,retrieval,StrongLocal,True,101,1.0,True,0,1.0,101,True,0,4.311219071514877,0.7591456640795963,28.446858975251324,3842.960487920461,0,0,0,0,True,5.1764227276088566e-11,2.1232233081935145e-11,3.09069065352474e-10,1.2677295139143592e-10,7.904787935331115e-14,2.833342775984863e-14,5.1764227276088566e-11,2.1232233081935145e-11,3.090690653524742e-10,1.26772951391436e-10,0.26532399440631327
trial_0020_bite_004_withdrawal,trial_0020_bite_004,trial_0020,withdrawal,retrieval,RobotSmooth,True,101,1.0,True,0,1.0,101,True,0,4.487746761043827,0.7990097745654788,21.8196614614567,2495.978943034979,0,0,0,0,True,6.283200349861048e-11,2.1435179372560466e-11,3.7524371347253753e-10,1.2802211064526432e-10,8.43769498715119e-14,2.9322443039228864e-14,6.283200349861048e-11,2.1435179372560466e-11,3.7524371347253784e-10,1.2802211064526445e-10,0.16128667211362036
trial_0020_bite_004_withdrawal,trial_0020_bite_004,trial_0020,withdrawal,contextual_promp,B0,True,101,1.0,True,0,1.0,101,True,0,3.924816017548231,0.6862924854411084,3.321161392639321,45.23484713128586,0,0,0,0,True,1.1340161741813214e-10,3.157669059250292e-11,6.772037194411105e-10,1.885573801530095e-10,7.238654120556021e-14,2.743175270409701e-14,1.1340161741813214e-10,3.157669059250292e-11,6.772037194411109e-10,1.885573801530096e-10,0.2903717301774664
trial_0020_bite_004_withdrawal,trial_0020_bite_004,trial_0020,withdrawal,contextual_promp,StrongLocal,True,101,1.0,True,0,1.0,101,True,0,3.3841262958537057,0.6098841629587165,3.5264692492592102,169.14392374720452,0,0,0,0,True,8.781940924157716e-11,3.1548986178970464e-11,5.243965188172846e-10,1.8840513252185523e-10,9.50350909079134e-14,2.8777386560836365e-14,8.781940924157716e-11,3.1548986178970464e-11,5.243965188172849e-10,1.8840513252185533e-10,0.4916197866343941
trial_0020_bite_004_withdrawal,trial_0020_bite_004,trial_0020,withdrawal,contextual_promp,RobotSmooth,True,101,1.0,True,0,1.0,101,True,0,3.924816018400394,0.6862924854362726,3.3211613893221767,45.234847000771865,0,0,0,0,True,9.363394266011762e-11,3.185731026972597e-11,5.591542222979095e-10,1.9022590212488434e-10,7.238654120556021e-14,2.3873872060313052e-14,9.363394266011762e-11,3.185731026972597e-11,5.591542222979099e-10,1.9022590212488447e-10,0.2903717301776485
trial_0020_bite_005_transfer,trial_0020_bite_005,trial_0020,transfer,retrieval,B0,True,101,1.0,True,0,1.0,101,True,0,3.6851802585955205,0.4566492728136058,13.815499012337217,1268.2762166418797,0,0,0,0,True,8.929945981706016e-11,2.733833232918825e-11,5.33208197815291e-10,1.6324337914484916e-10,1.2390088954816747e-13,4.1665564293323076e-14,8.929945981706016e-11,2.733833232918825e-11,5.332081978152915e-10,1.6324337914484932e-10,0.14536573620627813
trial_0020_bite_005_transfer,trial_0020_bite_005,trial_0020,transfer,retrieval,StrongLocal,True,101,1.0,True,0,1.0,101,True,0,3.5206480556588007,0.43602637749491446,14.64542250517469,1422.9323171779538,0,0,0,0,True,4.1097666344832245e-11,1.5591333810240107e-11,2.4553944249302383e-10,9.312204602264509e-11,1.2567724638756772e-13,4.6055513137072845e-14,4.1097666344832245e-11,1.5591333810240107e-11,2.4553944249302403e-10,9.312204602264518e-11,0.13804648604890257
trial_0020_bite_005_transfer,trial_0020_bite_005,trial_0020,transfer,retrieval,RobotSmooth,True,101,1.0,True,0,1.0,101,True,0,3.68518025753852,0.4566492727395598,13.815498980747147,1268.276211442452,0,0,0,0,True,1.5555940936119115e-10,2.4043833950438092e-11,9.29100291758953e-10,1.4361240552231554e-10,9.681144774731365e-14,4.558326710772393e-14,1.5555940936119115e-10,2.4043833950438092e-11,9.291002917589538e-10,1.4361240552231567e-10,0.14536573620627902
trial_0020_bite_005_transfer,trial_0020_bite_005,trial_0020,transfer,contextual_promp,B0,True,101,1.0,True,0,1.0,101,True,0,3.1421544037183295,0.39334669663407457,1.1344473523031855,11.975809216613081,0,0,0,0,True,6.153208771486891e-11,2.1670173484993526e-11,3.6739202809408266e-10,1.294073989727603e-10,1.0302869668521453e-13,4.362117264793778e-14,6.153208771486891e-11,2.1670173484993526e-11,3.6739202809408297e-10,1.294073989727604e-10,0.1896991209395189
trial_0020_bite_005_transfer,trial_0020_bite_005,trial_0020,transfer,contextual_promp,StrongLocal,True,101,1.0,True,0,1.0,101,True,0,2.9430720707006346,0.3664587163996374,2.99583594640401,191.1995572365681,0,0,0,0,True,5.334497412974472e-11,1.9217672489949662e-11,3.1860825152959407e-10,1.1478239022589262e-10,1.1590728377086634e-13,4.641991716794902e-14,5.334497412974472e-11,1.9217672489949662e-11,3.186082515295945e-10,1.1478239022589274e-10,0.1768302768527441
trial_0020_bite_005_transfer,trial_0020_bite_005,trial_0020,transfer,contextual_promp,RobotSmooth,True,101,1.0,True,0,1.0,101,True,0,3.142154403565901,0.3933466966371584,1.1344473528013093,11.975809241593987,0,0,0,0,True,7.088146642140074e-11,1.9810229828159193e-11,4.235498617206576e-10,1.1830623766295447e-10,1.1457501614131615e-13,4.749117714699188e-14,7.088146642140074e-11,1.9810229828159193e-11,4.2354986172065794e-10,1.1830623766295457e-10,0.1896991209395189
trial_0020_bite_005_withdrawal,trial_0020_bite_005,trial_0020,withdrawal,retrieval,B0,True,101,1.0,True,0,1.0,101,True,0,4.575943243019493,0.8142514996838837,22.639655926843194,2573.282874675674,0,0,0,0,True,4.7272589544890963e-11,2.0484818121754517e-11,2.823800033313835e-10,1.2233644654024437e-10,6.838973831690964e-14,2.907736090477724e-14,4.7272589544890963e-11,2.0484818121754517e-11,2.8238000333138375e-10,1.223364465402445e-10,0.18412853875940627
trial_0020_bite_005_withdrawal,trial_0020_bite_005,trial_0020,withdrawal,retrieval,StrongLocal,True,101,1.0,True,0,1.0,101,True,0,4.401992437410254,0.7753432246715073,29.32088731502285,3934.349241314132,0,0,0,0,True,7.07340173448602e-11,2.6942698454799536e-11,4.223841852555484e-10,1.6089916845424646e-10,8.526512829121202e-14,3.1659561553335183e-14,7.07340173448602e-11,2.6942698454799536e-11,4.2238418525554874e-10,1.6089916845424661e-10,0.2836677087211239
trial_0020_bite_005_withdrawal,trial_0020_bite_005,trial_0020,withdrawal,retrieval,RobotSmooth,True,101,1.0,True,0,1.0,101,True,0,4.575943241223246,0.8142514996249359,22.639655877487996,2573.2828639627887,0,0,0,0,True,4.7272589544890963e-11,2.0862632660583646e-11,2.823800033313835e-10,1.245836782251635e-10,7.061018436615996e-14,3.104947723347695e-14,4.7272589544890963e-11,2.0862632660583646e-11,2.8238000333138375e-10,1.2458367822516362e-10,0.18412853875940627
trial_0020_bite_005_withdrawal,trial_0020_bite_005,trial_0020,withdrawal,contextual_promp,B0,True,101,1.0,True,0,1.0,101,True,0,3.8398816662403155,0.6694063838548945,3.050294220278988,41.069578734686374,0,0,0,0,True,9.430273200746347e-11,3.091945941703685e-11,5.631627887181654e-10,1.8462844410662412e-10,7.771561172376096e-14,2.7975945152173215e-14,9.430273200746347e-11,3.091945941703685e-11,5.631627887181659e-10,1.8462844410662427e-10,0.33747423591543324
trial_0020_bite_005_withdrawal,trial_0020_bite_005,trial_0020,withdrawal,contextual_promp,StrongLocal,True,101,1.0,True,0,1.0,101,True,0,3.3065299608403493,0.6083999194806239,3.7805029311104588,233.24997139739267,0,0,0,0,True,5.557092721048092e-11,2.2142524421124167e-11,3.3188593489975115e-10,1.3224824282704368e-10,6.483702463810914e-14,2.435942452999343e-14,5.557092721048092e-11,2.2142524421124167e-11,3.318859348997514e-10,1.322482428270438e-10,0.5563360623812148
trial_0020_bite_005_withdrawal,trial_0020_bite_005,trial_0020,withdrawal,contextual_promp,RobotSmooth,True,101,1.0,True,0,1.0,101,True,0,3.8398816654938153,0.6694063838381545,3.0502942158216264,41.06957863825938,0,0,0,0,True,7.43720477090742e-11,2.93170697446808e-11,4.439871552638632e-10,1.7506194448081408e-10,8.215650382226158e-14,3.052016888029555e-14,7.43720477090742e-11,2.93170697446808e-11,4.439871552638636e-10,1.7506194448081424e-10,0.3374742359154288
trial_0020_bite_006_transfer,trial_0020_bite_006,trial_0020,transfer,retrieval,B0,True,101,1.0,True,0,1.0,101,True,0,2.9103956451194244,0.38817818091203077,10.182351383094,895.3823900389638,0,0,0,0,True,8.905887570268858e-11,2.953983163749003e-11,5.317623567254525e-10,1.7640714204377244e-10,1.1901590823981678e-13,4.7029943929771854e-14,8.905887570268858e-11,2.953983163749003e-11,5.317623567254528e-10,1.7640714204377257e-10,0.22509652967811533
trial_0020_bite_006_transfer,trial_0020_bite_006,trial_0020,transfer,retrieval,StrongLocal,True,101,1.0,True,0,1.0,101,True,0,2.8694679773144176,0.3761683866796606,11.504727201103162,991.8235843525405,0,0,0,0,True,6.718747145390206e-11,2.1388673468488926e-11,4.013313906998751e-10,1.2771944951115412e-10,1.1324274851176597e-13,4.620833477509131e-14,6.718747145390206e-11,2.1388673468488926e-11,4.013313906998754e-10,1.2771944951115423e-10,0.20321715063476686
trial_0020_bite_006_transfer,trial_0020_bite_006,trial_0020,transfer,retrieval,RobotSmooth,True,101,1.0,True,0,1.0,101,True,0,2.91039564087942,0.38817818089681316,10.182351375840327,895.3823884543731,0,0,0,0,True,7.67184347583597e-11,2.7310050442530235e-11,4.583836446792711e-10,1.6309930625126468e-10,1.1901590823981678e-13,4.56652038775661e-14,7.67184347583597e-11,2.7310050442530235e-11,4.583836446792714e-10,1.630993062512648e-10,0.22509652967785776
trial_0020_bite_006_transfer,trial_0020_bite_006,trial_0020,transfer,contextual_promp,B0,True,101,1.0,True,0,1.0,101,True,0,2.5479498819051107,0.3142245051965996,0.9491925615600818,8.263731978256741,0,0,0,0,True,1.654250877744591e-10,3.395225626023098e-11,9.878639013060747e-10,2.0274015800421468e-10,1.1723955140041653e-13,4.4988587492237834e-14,1.654250877744591e-10,3.395225626023098e-11,9.878639013060753e-10,2.0274015800421479e-10,0.25154943654527107
trial_0020_bite_006_transfer,trial_0020_bite_006,trial_0020,transfer,contextual_promp,StrongLocal,True,101,1.0,True,0,1.0,101,True,0,2.4065490163190777,0.2926859550882965,2.4895105322527704,156.9201619276365,0,0,0,0,True,7.603801206525472e-11,2.6662640671898817e-11,4.5421896446678294e-10,1.592171315467005e-10,1.3589129821411916e-13,4.044802645247718e-14,7.603801206525472e-11,2.6662640671898817e-11,4.5421896446678325e-10,1.5921713154670062e-10,0.24345933682011944
trial_0020_bite_006_transfer,trial_0020_bite_006,trial_0020,transfer,contextual_promp,RobotSmooth,True,101,1.0,True,0,1.0,101,True,0,2.547949882852212,0.314224505197721,0.9491925628173449,8.263731884736908,0,0,0,0,True,9.378749889441222e-11,3.2944779758412594e-11,5.599980000742119e-10,1.9673140281917534e-10,1.1723955140041653e-13,4.5281858485443314e-14,9.378749889441222e-11,3.2944779758412594e-11,5.599980000742124e-10,1.967314028191755e-10,0.25154943654527107
trial_0020_bite_006_withdrawal,trial_0020_bite_006,trial_0020,withdrawal,retrieval,B0,True,101,1.0,True,0,1.0,101,True,0,3.9145547622397787,0.661811140924372,12.764546035085043,1538.4500862822053,0,0,0,0,True,7.449629434361251e-11,2.7645671712746723e-11,4.446756585755013e-10,1.650805635754614e-10,6.927791673660977e-14,2.8113108216796516e-14,7.449629434361251e-11,2.7645671712746723e-11,4.4467565857550163e-10,1.6508056357546152e-10,0.33419411907360264
trial_0020_bite_006_withdrawal,trial_0020_bite_006,trial_0020,withdrawal,retrieval,StrongLocal,True,101,1.0,True,0,1.0,101,True,0,3.732024284629881,0.6324295775323601,16.067572345017002,2185.891577062723,0,0,0,0,True,7.052838463748391e-11,2.735649781812974e-11,4.2115091655737686e-10,1.633836819534558e-10,5.861977570020827e-14,2.2819128688536018e-14,7.052838463748391e-11,2.735649781812974e-11,4.211509165573771e-10,1.6338368195345592e-10,0.4412853338873699
trial_0020_bite_006_withdrawal,trial_0020_bite_006,trial_0020,withdrawal,retrieval,RobotSmooth,True,101,1.0,True,0,1.0,101,True,0,3.914554762254342,0.6618111409364872,12.76454605857628,1538.4500937488956,0,0,0,0,True,7.133362261436422e-11,2.404011807763208e-11,4.2610909069401655e-10,1.4357846942787786e-10,6.927791673660977e-14,2.674001142099106e-14,7.133362261436422e-11,2.404011807763208e-11,4.261090906940168e-10,1.4357846942787796e-10,0.3341941190735813
trial_0020_bite_006_withdrawal,trial_0020_bite_006,trial_0020,withdrawal,contextual_promp,B0,True,101,1.0,True,0,1.0,101,True,0,3.426016740956814,0.5921840387196554,2.9329590357271167,39.15636038657085,0,0,0,0,True,5.833382443407212e-11,2.3048135081628477e-11,3.483727484284351e-10,1.3762838040022407e-10,8.393286066166183e-14,2.871316007513089e-14,5.833382443407212e-11,2.3048135081628477e-11,3.4837274842843527e-10,1.3762838040022412e-10,0.41877989965479756
trial_0020_bite_006_withdrawal,trial_0020_bite_006,trial_0020,withdrawal,contextual_promp,StrongLocal,True,101,1.0,True,0,1.0,101,True,0,2.9368020859694406,0.5186525713639201,3.359776698164583,195.3231334371319,0,0,0,0,True,7.418498289606902e-11,2.7583475088033323e-11,4.429622524166335e-10,1.6473956222167606e-10,6.794564910705958e-14,2.4376292149950084e-14,7.418498289606902e-11,2.7583475088033323e-11,4.4296225241663384e-10,1.6473956222167617e-10,0.6240780780361792
trial_0020_bite_006_withdrawal,trial_0020_bite_006,trial_0020,withdrawal,contextual_promp,RobotSmooth,True,101,1.0,True,0,1.0,101,True,0,3.4260167411274063,0.59218403874651,2.93295903711289,39.15636051895367,0,0,0,0,True,6.957171961573614e-11,2.376024076419707e-11,4.1519976579977546e-10,1.4188214684270484e-10,7.105427357601002e-14,2.7402303456356255e-14,6.957171961573614e-11,2.376024076419707e-11,4.151997657997757e-10,1.4188214684270492e-10,0.41877989965479756
trial_0020_bite_007_transfer,trial_0020_bite_007,trial_0020,transfer,retrieval,B0,True,101,1.0,True,0,1.0,101,True,0,4.929439500241933,0.5899717816119506,9.08538607785893,930.9805260529562,0,0,0,0,True,6.819416786736324e-10,1.0454309265023162e-10,4.072347598735051e-09,6.243063005067893e-10,8.970602038971265e-14,2.8728083199465587e-14,6.819416786736324e-10,1.0454309265023162e-10,4.072347598735055e-09,6.243063005067898e-10,0.30500247012640647
trial_0020_bite_007_transfer,trial_0020_bite_007,trial_0020,transfer,retrieval,StrongLocal,True,101,1.0,True,0,1.0,101,True,0,4.88918091397191,0.5867933593604995,12.16818169300618,1291.6550742750637,0,0,0,0,True,3.0086361783241816e-10,7.621676986820708e-11,1.796799547614798e-09,4.5513824156070547e-10,7.72715225139109e-14,2.4120096594385504e-14,3.0086361783241816e-10,7.621676986820708e-11,1.7967995476147996e-09,4.5513824156070583e-10,0.30500247012640647
trial_0020_bite_007_transfer,trial_0020_bite_007,trial_0020,transfer,retrieval,RobotSmooth,True,101,1.0,True,0,1.0,101,True,0,4.929439505381074,0.5899717816694746,9.08538613670798,930.9805356390285,0,0,0,0,True,6.22961000447571e-10,1.0072103303634214e-10,3.720016148514798e-09,6.01466993909142e-10,8.304468224196171e-14,2.5898511345561376e-14,6.22961000447571e-10,1.0072103303634214e-10,3.7200161485148015e-09,6.014669939091425e-10,0.30500247012640647
trial_0020_bite_007_transfer,trial_0020_bite_007,trial_0020,transfer,contextual_promp,B0,True,101,1.0,True,0,1.0,101,True,0,2.774439122147447,0.3385415311183814,0.9612101561470933,8.882612883836334,0,0,0,0,True,1.5121376140652818e-10,4.149725973737115e-11,9.032025399375619e-10,2.4782466507660843e-10,8.570921750106208e-14,3.7124885979370885e-14,1.5121376140652818e-10,4.149725973737115e-11,9.032025399375627e-10,2.478246650766087e-10,0.3047866788073341
trial_0020_bite_007_transfer,trial_0020_bite_007,trial_0020,transfer,contextual_promp,StrongLocal,True,101,1.0,True,0,1.0,101,True,0,2.6198296500010283,0.3167952529823278,2.709314709012995,173.92064603977116,0,0,0,0,True,1.2319402439000024e-10,3.504697587034564e-11,7.356184343801669e-10,2.0927546331740962e-10,1.0436096431476471e-13,3.894039907883635e-14,1.2319402439000024e-10,3.504697587034564e-11,7.356184343801675e-10,2.092754633174098e-10,0.29552797184367763
trial_0020_bite_007_transfer,trial_0020_bite_007,trial_0020,transfer,contextual_promp,RobotSmooth,True,101,1.0,True,0,1.0,101,True,0,2.7744391221973306,0.3385415311239175,0.9612101571509627,8.882612848856802,0,0,0,0,True,1.514400491451755e-10,3.751968077514887e-11,9.044676897149379e-10,2.2408386120583672e-10,1.0302869668521453e-13,3.9485163509414096e-14,1.514400491451755e-10,3.751968077514887e-11,9.044676897149385e-10,2.240838612058369e-10,0.30478667880706234
trial_0020_bite_007_withdrawal,trial_0020_bite_007,trial_0020,withdrawal,retrieval,B0,True,101,1.0,True,0,1.0,101,True,0,5.750153257033802,1.161226788365379,19.47049621514933,1837.1650282273865,0,0,0,0,True,9.132929709293257e-10,1.8178228367142353e-10,5.453868475617603e-09,1.0855712039174444e-09,1.7581491817963979e-12,3.0352719980601147e-13,9.132929709293257e-10,1.8178228367142353e-10,5.453868475617606e-09,1.0855712039174453e-09,0.05793604562838084
trial_0020_bite_007_withdrawal,trial_0020_bite_007,trial_0020,withdrawal,retrieval,StrongLocal,True,101,1.0,True,0,1.0,101,True,0,5.73225513140942,1.1234711436994524,25.465976760612,2742.1459636126,0,0,0,0,True,6.273771915649571e-10,1.2319665402339506e-10,3.746713912850257e-09,7.357115484176971e-10,1.4033219031261979e-13,4.693019306611659e-14,6.273771915649571e-10,1.2319665402339506e-10,3.746713912850259e-09,7.357115484176977e-10,0.11616983967991423
trial_0020_bite_007_withdrawal,trial_0020_bite_007,trial_0020,withdrawal,retrieval,RobotSmooth,True,101,1.0,True,0,1.0,101,True,0,5.7501532478589,1.1612267876282307,19.470495929573968,1837.165008933434,0,0,0,0,True,1.0023265516631187e-09,2.388866133514199e-10,5.985782768256718e-09,1.4265767516902495e-09,2.615685446016869e-12,3.6481874196289187e-13,1.0023265516631187e-09,2.388866133514199e-10,5.985782768256722e-09,1.4265767516902506e-09,0.057936045626434396
trial_0020_bite_007_withdrawal,trial_0020_bite_007,trial_0020,withdrawal,contextual_promp,B0,True,101,1.0,True,0,1.0,101,True,0,3.4246635472671905,0.6008993708906993,2.8801316659967875,37.38848917152057,0,0,0,0,True,6.784111204143776e-11,2.712059431293106e-11,4.05195839128638e-10,1.6193252845140269e-10,8.348877145181177e-14,3.152587473267546e-14,6.784111204143776e-11,2.712059431293106e-11,4.0519583912863826e-10,1.6193252845140284e-10,0.3916305501375619
trial_0020_bite_007_withdrawal,trial_0020_bite_007,trial_0020,withdrawal,contextual_promp,StrongLocal,True,101,1.0,True,0,1.0,101,True,0,2.9546675807182616,0.5310565854089014,3.282389789748605,191.67942201520495,0,0,0,0,True,7.588504799310842e-11,3.128166733712666e-11,4.5319510467076077e-10,1.8681955856575514e-10,7.682743330406083e-14,2.848991729437494e-14,7.588504799310842e-11,3.128166733712666e-11,4.531951046707613e-10,1.868195585657553e-10,0.5946667077464856
trial_0020_bite_007_withdrawal,trial_0020_bite_007,trial_0020,withdrawal,contextual_promp,RobotSmooth,True,101,1.0,True,0,1.0,101,True,0,3.424663547254722,0.6008993708787902,2.880131666430408,37.388489444146124,0,0,0,0,True,6.848207164306722e-11,2.884475281491397e-11,4.088378985357237e-10,1.722315896158863e-10,7.72715225139109e-14,3.127030771421197e-14,6.848207164306722e-11,2.884475281491397e-11,4.088378985357241e-10,1.7223158961588644e-10,0.3916305501375663
trial_0020_bite_008_transfer,trial_0020_bite_008,trial_0020,transfer,retrieval,B0,True,101,1.0,True,0,1.0,101,True,0,2.745084868282538,0.33734892727198984,3.644756993755464,327.4993622942543,0,0,0,0,True,1.6157414878215808e-10,3.92223927035189e-11,9.647948466116178e-10,2.342307502670292e-10,1.2390088954816747e-13,4.411194916543408e-14,1.6157414878215808e-10,3.92223927035189e-11,9.647948466116186e-10,2.3423075026702937e-10,0.36269321425064005
trial_0020_bite_008_transfer,trial_0020_bite_008,trial_0020,transfer,retrieval,StrongLocal,True,101,1.0,True,0,1.0,101,True,0,2.616686559377654,0.3153873247517468,4.575827786298061,404.72554650150397,0,0,0,0,True,9.508359489960528e-11,3.053109899515492e-11,5.678315175361728e-10,1.8232797600043525e-10,1.0347278589506459e-13,4.1142153668615266e-14,9.508359489960528e-11,3.053109899515492e-11,5.678315175361732e-10,1.8232797600043538e-10,0.3497343719220607
trial_0020_bite_008_transfer,trial_0020_bite_008,trial_0020,transfer,retrieval,RobotSmooth,True,101,1.0,True,0,1.0,101,True,0,2.745084867180561,0.33734892721569515,3.6447569183398265,327.4993479757142,0,0,0,0,True,1.1095067973089437e-10,3.5779927310643015e-11,6.627772966544334e-10,2.1366467750739695e-10,1.2390088954816747e-13,4.509564307530901e-14,1.1095067973089437e-10,3.5779927310643015e-11,6.627772966544337e-10,2.1366467750739708e-10,0.3626932142503301
trial_0020_bite_008_transfer,trial_0020_bite_008,trial_0020,transfer,contextual_promp,B0,True,101,1.0,True,0,1.0,101,True,0,2.800635921717883,0.34613431435772635,0.9740241029765744,9.201692230172426,0,0,0,0,True,2.3137490041311492e-10,5.091089468581846e-11,1.3818528094153296e-09,3.0404569697469617e-10,1.0258460747536446e-13,3.729799706886725e-14,2.3137490041311492e-10,5.091089468581846e-11,1.3818528094153304e-09,3.040456969746964e-10,0.3754975720896785
trial_0020_bite_008_transfer,trial_0020_bite_008,trial_0020,transfer,contextual_promp,StrongLocal,True,101,1.0,True,0,1.0,101,True,0,2.623730816531812,0.3209257100049766,2.684950447241386,171.91005542674765,0,0,0,0,True,2.207087907651408e-10,4.168454233321954e-11,1.3180139776873492e-09,2.4893969397079356e-10,9.50350909079134e-14,3.844803163487126e-14,2.207087907651408e-10,4.168454233321954e-11,1.3180139776873499e-09,2.4893969397079376e-10,0.36376150921127604
trial_0020_bite_008_transfer,trial_0020_bite_008,trial_0020,transfer,contextual_promp,RobotSmooth,True,101,1.0,True,0,1.0,101,True,0,2.800635922799641,0.34613431437924996,0.9740241034328319,9.201691993104255,0,0,0,0,True,1.4848866021684023e-10,3.925843216887262e-11,8.866210208667652e-10,2.344309503434341e-10,7.638334409421077e-14,3.308570108340366e-14,1.4848866021684023e-10,3.925843216887262e-11,8.866210208667658e-10,2.3443095034343425e-10,0.3754975720896785
trial_0020_bite_008_withdrawal,trial_0020_bite_008,trial_0020,withdrawal,retrieval,B0,True,101,1.0,True,0,1.0,101,True,0,4.566398876307007,0.8024128742177947,18.248411229762613,2015.2579898608399,0,0,0,0,True,7.976305856866094e-11,3.148632460733204e-11,4.764380877233246e-10,1.880234853295955e-10,6.88338275267597e-14,2.3826387073761106e-14,7.976305856866094e-11,3.148632460733204e-11,4.76438087723325e-10,1.8802348532959562e-10,0.3461793302698677
trial_0020_bite_008_withdrawal,trial_0020_bite_008,trial_0020,withdrawal,retrieval,StrongLocal,True,101,1.0,True,0,1.0,101,True,0,4.337054877100518,0.7557746435041053,24.17100516954874,2972.6670164277834,0,0,0,0,True,8.383066287089352e-11,2.942205347480426e-11,5.004702419669017e-10,1.757099398419882e-10,9.192646643896296e-14,2.7828705628122304e-14,8.383066287089352e-11,2.942205347480426e-11,5.00470241966902e-10,1.7570993984198836e-10,0.5180711979692587
trial_0020_bite_008_withdrawal,trial_0020_bite_008,trial_0020,withdrawal,retrieval,RobotSmooth,True,101,1.0,True,0,1.0,101,True,0,4.566398879383239,0.8024128743395844,18.24841135542326,2015.2580271583324,0,0,0,0,True,7.010162893058146e-11,2.9462826551005243e-11,4.186170504885469e-10,1.7595037165450166e-10,7.949196856316121e-14,2.728161210090083e-14,7.010162893058146e-11,2.9462826551005243e-11,4.186170504885473e-10,1.759503716545018e-10,0.3461793302697922
trial_0020_bite_008_withdrawal,trial_0020_bite_008,trial_0020,withdrawal,contextual_promp,B0,True,101,1.0,True,0,1.0,101,True,0,3.4309315170103423,0.6079772740161062,3.0628429380103683,47.71211753247224,0,0,0,0,True,6.78713362740054e-11,2.42765203410553e-11,4.054792902689685e-10,1.4497784311505863e-10,7.105427357601002e-14,2.6193213539997964e-14,6.78713362740054e-11,2.42765203410553e-11,4.0547929026896886e-10,1.4497784311505873e-10,0.4142236543582323
trial_0020_bite_008_withdrawal,trial_0020_bite_008,trial_0020,withdrawal,contextual_promp,StrongLocal,True,101,1.0,True,0,1.0,101,True,0,2.9718928895804426,0.5474806874853125,3.8949256156570624,250.05426393382348,0,0,0,0,True,8.1959627553747e-11,2.658210495593669e-11,4.894202011651416e-10,1.5874450049585262e-10,7.993605777301127e-14,2.6678089555768654e-14,8.1959627553747e-11,2.658210495593669e-11,4.894202011651421e-10,1.5874450049585275e-10,0.6320393379601281
trial_0020_bite_008_withdrawal,trial_0020_bite_008,trial_0020,withdrawal,contextual_promp,RobotSmooth,True,101,1.0,True,0,1.0,101,True,0,3.4309315161648106,0.6079772740005004,3.062842941472866,47.71211767409328,0,0,0,0,True,7.906156411498362e-11,2.577555020617476e-11,4.721532384728498e-10,1.539440002982074e-10,8.881784197001252e-14,2.8877262185926115e-14,7.906156411498362e-11,2.577555020617476e-11,4.721532384728501e-10,1.5394400029820752e-10,0.4142236543579427
trial_0020_bite_009_transfer,trial_0020_bite_009,trial_0020,transfer,retrieval,B0,True,101,1.0,True,0,1.0,101,True,0,4.620283795212583,0.5643379522858295,8.735270856009135,930.5496352020491,0,0,0,0,True,1.504030136429717e-10,4.798024579834893e-11,8.982125742869279e-10,2.8653044950471023e-10,6.972200594645983e-14,1.956998106746118e-14,1.504030136429717e-10,4.798024579834893e-11,8.982125742869283e-10,2.865304495047104e-10,0.5041428630116338
trial_0020_bite_009_transfer,trial_0020_bite_009,trial_0020,transfer,retrieval,StrongLocal,True,101,1.0,True,0,1.0,101,True,0,4.585191835434157,0.5630226807427097,11.83728645585917,1264.4305301754162,0,0,0,0,True,1.631220497416969e-10,4.8385882040113854e-11,9.740174172792371e-10,2.8890353942140366e-10,7.771561172376096e-14,2.4239008711195013e-14,1.631220497416969e-10,4.8385882040113854e-11,9.740174172792375e-10,2.889035394214039e-10,0.5031468777373143
trial_0020_bite_009_transfer,trial_0020_bite_009,trial_0020,transfer,retrieval,RobotSmooth,True,101,1.0,True,0,1.0,101,True,0,4.6202837943876744,0.564337952227212,8.73527085100277,930.5496380992583,0,0,0,0,True,1.6359269241371446e-10,4.8010302022064846e-11,9.768189688326289e-10,2.866932763224131e-10,5.062616992290714e-14,1.8219450407182845e-14,1.6359269241371446e-10,4.8010302022064846e-11,9.768189688326293e-10,2.866932763224133e-10,0.5041428630116338
trial_0020_bite_009_transfer,trial_0020_bite_009,trial_0020,transfer,contextual_promp,B0,True,101,1.0,True,0,1.0,101,True,0,2.5090383867384896,0.31058263399563046,0.9176064894774367,9.230504348378197,0,0,0,0,True,2.0126867256209492e-10,4.1727284060290956e-11,1.2019005852288494e-09,2.4916149029362406e-10,9.636735853746359e-14,3.6245315139772225e-14,2.0126867256209492e-10,4.1727284060290956e-11,1.2019005852288502e-09,2.4916149029362427e-10,0.4994200745715591
trial_0020_bite_009_transfer,trial_0020_bite_009,trial_0020,transfer,contextual_promp,StrongLocal,True,101,1.0,True,0,1.0,101,True,0,2.3651935217974285,0.29098775298445584,2.4620420423883003,157.5637494454697,0,0,0,0,True,1.0763258457578508e-10,3.1101825663783375e-11,6.427943671970935e-10,1.8571073187201048e-10,8.43769498715119e-14,3.553620428428754e-14,1.0763258457578508e-10,3.1101825663783375e-11,6.427943671970939e-10,1.857107318720106e-10,0.49004852669734067
trial_0020_bite_009_transfer,trial_0020_bite_009,trial_0020,transfer,contextual_promp,RobotSmooth,True,101,1.0,True,0,1.0,101,True,0,2.5090383856717624,0.3105826339689082,0.9176064896092622,9.230504169346197,0,0,0,0,True,1.360879887982555e-10,3.429716944995904e-11,8.124939955589713e-10,2.0478475894818089e-10,7.638334409421077e-14,3.6192724355172616e-14,1.360879887982555e-10,3.429716944995904e-11,8.124939955589718e-10,2.0478475894818102e-10,0.4994200745715591
trial_0020_bite_009_withdrawal,trial_0020_bite_009,trial_0020,withdrawal,retrieval,B0,True,101,1.0,True,0,1.0,101,True,0,5.68782617897339,1.09407571851848,24.963272243746562,2914.2744190062085,0,0,0,0,True,1.5134314147458282e-10,3.6188212493919614e-11,9.037449848635169e-10,2.1610303925446054e-10,8.881784197001252e-14,3.540036165930655e-14,1.5134314147458282e-10,3.6188212493919614e-11,9.037449848635175e-10,2.161030392544607e-10,0.33903307139428707
trial_0020_bite_009_withdrawal,trial_0020_bite_009,trial_0020,withdrawal,retrieval,StrongLocal,True,101,1.0,True,0,1.0,101,True,0,5.885613703367547,1.1066186837983825,34.3000521107692,4473.661651927593,0,0,0,0,True,1.9131568282225022e-10,4.572071530885807e-11,1.1423809000935533e-09,2.730227716462151e-10,8.304468224196171e-14,3.2758246593109436e-14,1.9131568282225022e-10,4.572071530885807e-11,1.1423809000935544e-09,2.730227716462153e-10,0.457305338981979
trial_0020_bite_009_withdrawal,trial_0020_bite_009,trial_0020,withdrawal,retrieval,RobotSmooth,True,101,1.0,True,0,1.0,101,True,0,5.68782617708054,1.0940757183450354,24.963272163434958,2914.274403159096,0,0,0,0,True,1.0695178096909142e-10,3.286935893155138e-11,6.385959361581626e-10,1.962905799173886e-10,7.638334409421077e-14,3.316248191734466e-14,1.0695178096909142e-10,3.286935893155138e-11,6.38595936158163e-10,1.9629057991738875e-10,0.33903307139428707
trial_0020_bite_009_withdrawal,trial_0020_bite_009,trial_0020,withdrawal,contextual_promp,B0,True,101,1.0,True,0,1.0,101,True,0,3.5374564527203534,0.6302261165746835,3.166338834509419,50.1737510401656,0,0,0,0,True,7.135990138001953e-11,2.826859585955462e-11,4.2613916447913775e-10,1.6878401662845445e-10,9.725553695716371e-14,2.891540741736368e-14,7.135990138001953e-11,2.826859585955462e-11,4.2613916447913796e-10,1.6878401662845453e-10,0.4030813950171468
trial_0020_bite_009_withdrawal,trial_0020_bite_009,trial_0020,withdrawal,contextual_promp,StrongLocal,True,101,1.0,True,0,1.0,101,True,0,3.1573933198080733,0.5751996130624188,3.968824990389254,252.5748748946332,0,0,0,0,True,6.041974198204644e-11,2.44175828122022e-11,3.607645726602032e-10,1.458124949851292e-10,8.348877145181177e-14,2.905347827883124e-14,6.041974198204644e-11,2.44175828122022e-11,3.6076457266020343e-10,1.4581249498512924e-10,0.6121642309061894
trial_0020_bite_009_withdrawal,trial_0020_bite_009,trial_0020,withdrawal,contextual_promp,RobotSmooth,True,101,1.0,True,0,1.0,101,True,0,3.537456452495184,0.6302261165827271,3.166338835461998,50.17375110570784,0,0,0,0,True,9.793254180843836e-11,3.0142884056642365e-11,5.847878286156451e-10,1.8000491482220394e-10,7.771561172376096e-14,2.768163520491609e-14,9.793254180843836e-11,3.0142884056642365e-11,5.847878286156455e-10,1.8000491482220404e-10,0.4030813950171468
trial_0020_bite_010_transfer,trial_0020_bite_010,trial_0020,transfer,retrieval,B0,True,101,1.0,True,0,1.0,101,True,0,2.9229773151644016,0.3872647459589027,10.098871744720574,890.8847851851816,0,0,0,0,True,6.068531863772966e-11,2.542167432465287e-11,3.6221165929299445e-10,1.518123326973076e-10,1.021405182655144e-13,4.3681941211802925e-14,6.068531863772966e-11,2.542167432465287e-11,3.6221165929299465e-10,1.5181233269730767e-10,0.2929093923762385
trial_0020_bite_010_transfer,trial_0020_bite_010,trial_0020,transfer,retrieval,StrongLocal,True,101,1.0,True,0,1.0,101,True,0,2.883164318936738,0.376831833410583,11.612515710826724,1012.7024710693502,0,0,0,0,True,6.230271966925336e-11,2.483998229681605e-11,3.7212365866940856e-10,1.4834021044679104e-10,9.725553695716371e-14,4.3968762182034636e-14,6.230271966925336e-11,2.483998229681605e-11,3.721236586694088e-10,1.4834021044679115e-10,0.27263905403834454
trial_0020_bite_010_transfer,trial_0020_bite_010,trial_0020,transfer,retrieval,RobotSmooth,True,101,1.0,True,0,1.0,101,True,0,2.922977317007102,0.3872647459939298,10.09887176710285,890.8847895193155,0,0,0,0,True,1.2540508303322613e-10,2.928943163396897e-11,7.489897271174125e-10,1.7490686052445592e-10,1.176836406102666e-13,4.401239496485349e-14,1.2540508303322613e-10,2.928943163396897e-11,7.489897271174129e-10,1.7490686052445602e-10,0.2929093923762385
trial_0020_bite_010_transfer,trial_0020_bite_010,trial_0020,transfer,contextual_promp,B0,True,101,1.0,True,0,1.0,101,True,0,2.5482503279953783,0.3089186533462395,0.8766198915972095,7.14658520508969,0,0,0,0,True,1.0574951813179406e-10,3.27318894126888e-11,6.314252308784804e-10,1.954629018997681e-10,1.0347278589506459e-13,4.146118002455721e-14,1.0574951813179406e-10,3.27318894126888e-11,6.314252308784808e-10,1.9546290189976825e-10,0.32540069384964054
trial_0020_bite_010_transfer,trial_0020_bite_010,trial_0020,transfer,contextual_promp,StrongLocal,True,101,1.0,True,0,1.0,101,True,0,2.4201793695792126,0.29063782338822536,2.436758414343226,154.5883679882942,0,0,0,0,True,9.12512680234736e-11,3.069648463955661e-11,5.449725027699491e-10,1.83297385397174e-10,1.1901590823981678e-13,4.460439567313362e-14,9.12512680234736e-11,3.069648463955661e-11,5.449725027699497e-10,1.8329738539717412e-10,0.3192540650853155
trial_0020_bite_010_transfer,trial_0020_bite_010,trial_0020,transfer,contextual_promp,RobotSmooth,True,101,1.0,True,0,1.0,101,True,0,2.5482503279897344,0.30891865334558444,0.8766198895171684,7.146585291174413,0,0,0,0,True,1.148567433304055e-10,3.596846594921019e-11,6.857472286082478e-10,2.1478783676293624e-10,1.0969003483296547e-13,4.376259673687478e-14,1.148567433304055e-10,3.596846594921019e-11,6.857472286082483e-10,2.1478783676293634e-10,0.32540069384964054
trial_0020_bite_010_withdrawal,trial_0020_bite_010,trial_0020,withdrawal,retrieval,B0,True,101,1.0,True,0,1.0,101,True,0,5.986247661726409,1.1354516402689019,25.41363309325721,2974.2474741319897,0,0,0,0,True,1.9246414773647457e-10,4.0101712299686614e-11,1.1495386088245114e-09,2.394883971449899e-10,9.192646643896296e-14,3.24256188949017e-14,1.9246414773647457e-10,4.0101712299686614e-11,1.1495386088245122e-09,2.394883971449901e-10,0.30176723023879326
trial_0020_bite_010_withdrawal,trial_0020_bite_010,trial_0020,withdrawal,retrieval,StrongLocal,True,101,1.0,True,0,1.0,101,True,0,6.107860478056846,1.1389025250950253,34.91948908526723,4575.228224326575,0,0,0,0,True,3.4484183896858436e-10,5.879246116619009e-11,2.0593130139743377e-09,3.510898133024232e-10,7.149836278586008e-14,2.885612378859693e-14,3.4484183896858436e-10,5.879246116619009e-11,2.0593130139743398e-09,3.5108981330242353e-10,0.4094863185912878
trial_0020_bite_010_withdrawal,trial_0020_bite_010,trial_0020,withdrawal,retrieval,RobotSmooth,True,101,1.0,True,0,1.0,101,True,0,5.986247662189674,1.1354516403382495,25.413633149054434,2974.247485116036,0,0,0,0,True,1.3620846302899455e-10,4.050745879756735e-11,8.134115712459863e-10,2.4190630236302413e-10,8.304468224196171e-14,3.2790299563044834e-14,1.3620846302899455e-10,4.050745879756735e-11,8.134115712459872e-10,2.4190630236302433e-10,0.30176723023879326
trial_0020_bite_010_withdrawal,trial_0020_bite_010,trial_0020,withdrawal,contextual_promp,B0,True,101,1.0,True,0,1.0,101,True,0,3.471340604421583,0.6179367275009389,3.1418979469581307,47.47254560361241,0,0,0,0,True,8.454584247692587e-11,2.694624599497567e-11,5.048213812381702e-10,1.6090121343753277e-10,1.0480505352461478e-13,2.9351828470292784e-14,8.454584247692587e-11,2.694624599497567e-11,5.048213812381707e-10,1.6090121343753292e-10,0.43028007673319824
trial_0020_bite_010_withdrawal,trial_0020_bite_010,trial_0020,withdrawal,contextual_promp,StrongLocal,True,101,1.0,True,0,1.0,101,True,0,3.0148248061783613,0.5568288056151625,3.8181173216866,234.74229810821322,0,0,0,0,True,9.253398482041189e-11,2.923122690393813e-11,5.527508335126514e-10,1.745676000201178e-10,7.860379014346108e-14,2.679512322579053e-14,9.253398482041189e-11,2.923122690393813e-11,5.527508335126519e-10,1.7456760002011795e-10,0.6407900042724943
trial_0020_bite_010_withdrawal,trial_0020_bite_010,trial_0020,withdrawal,contextual_promp,RobotSmooth,True,101,1.0,True,0,1.0,101,True,0,3.4713406046033817,0.6179367274902755,3.1418979398388154,47.472545254303256,0,0,0,0,True,7.83325869495382e-11,2.742718048521435e-11,4.67711256668884e-10,1.637661505989897e-10,1.0480505352461478e-13,3.2227193608465966e-14,7.83325869495382e-11,2.742718048521435e-11,4.677112566688844e-10,1.6376615059898987e-10,0.43028007673384394
trial_0020_bite_011_transfer,trial_0020_bite_011,trial_0020,transfer,retrieval,B0,True,101,1.0,True,0,1.0,101,True,0,3.1212529727091702,0.41771217503264024,9.152849869927394,791.3291396262869,0,0,0,0,True,1.4712933231630832e-10,4.718647536919719e-11,8.785051864071501e-10,2.817744909599784e-10,9.059419880941277e-14,3.368377607347708e-14,1.4712933231630832e-10,4.718647536919719e-11,8.785051864071509e-10,2.817744909599787e-10,0.4360550826554257
trial_0020_bite_011_transfer,trial_0020_bite_011,trial_0020,transfer,retrieval,StrongLocal,True,101,1.0,True,0,1.0,101,True,0,2.9914841218287855,0.3964560967333615,11.111327318823607,975.2823009315449,0,0,0,0,True,1.5484557011860222e-10,3.800477682558589e-11,9.245710756205892e-10,2.2694485494334724e-10,9.281464485866309e-14,3.337758163079472e-14,1.5484557011860222e-10,3.800477682558589e-11,9.245710756205901e-10,2.2694485494334745e-10,0.4080624949048528
trial_0020_bite_011_transfer,trial_0020_bite_011,trial_0020,transfer,retrieval,RobotSmooth,True,101,1.0,True,0,1.0,101,True,0,3.1212529753601412,0.41771217495531987,9.152849861008976,791.3291396413697,0,0,0,0,True,1.2374257280004373e-10,4.8153212079955087e-11,7.390402928266904e-10,2.875715652655756e-10,8.79296635503124e-14,3.350376404384181e-14,1.2374257280004373e-10,4.8153212079955087e-11,7.39040292826691e-10,2.8757156526557586e-10,0.4360550826554257
trial_0020_bite_011_transfer,trial_0020_bite_011,trial_0020,transfer,contextual_promp,B0,True,101,1.0,True,0,1.0,101,True,0,2.7903048369615195,0.3404656243090736,1.0424422229016086,10.498696644825806,0,0,0,0,True,1.8262311593004678e-10,4.737839455489908e-11,1.0905693404253872e-09,2.829242872255797e-10,8.348877145181177e-14,3.5055987718165154e-14,1.8262311593004678e-10,4.737839455489908e-11,1.0905693404253882e-09,2.8292428722557995e-10,0.44492902736364504
trial_0020_bite_011_transfer,trial_0020_bite_011,trial_0020,transfer,contextual_promp,StrongLocal,True,101,1.0,True,0,1.0,101,True,0,2.593874311907231,0.31165261400168653,2.92596605708905,188.15996463587666,0,0,0,0,True,1.3535500217447802e-10,2.9762273586985576e-11,8.082599851539519e-10,1.7772408579326293e-10,1.021405182655144e-13,3.7903455231518197e-14,1.3535500217447802e-10,2.9762273586985576e-11,8.082599851539526e-10,1.7772408579326309e-10,0.428323285853472
trial_0020_bite_011_transfer,trial_0020_bite_011,trial_0020,transfer,contextual_promp,RobotSmooth,True,101,1.0,True,0,1.0,101,True,0,2.790304837839571,0.3404656242976581,1.0424422206921176,10.498696649482765,0,0,0,0,True,1.1772883436818724e-10,4.423340779374304e-11,7.032463373814341e-10,2.6414009079184937e-10,9.947598300641403e-14,3.708362767325427e-14,1.1772883436818724e-10,4.423340779374304e-11,7.032463373814346e-10,2.641400907918496e-10,0.44492902736364504
trial_0020_bite_011_withdrawal,trial_0020_bite_011,trial_0020,withdrawal,retrieval,B0,True,101,1.0,True,0,1.0,101,True,0,3.4111609894203405,0.6447147191576469,28.161989533883727,3156.318169091786,0,0,0,0,True,6.345504764348917e-11,2.27006858887502e-11,3.7905847218670286e-10,1.3556856615358675e-10,1.0391687510491465e-13,3.441021134928862e-14,6.345504764348917e-11,2.27006858887502e-11,3.790584721867031e-10,1.3556856615358685e-10,0.1808988921090915
trial_0020_bite_011_withdrawal,trial_0020_bite_011,trial_0020,withdrawal,retrieval,StrongLocal,True,101,1.0,True,0,1.0,101,True,0,3.73024992432343,0.674222998884105,37.979718896416266,4777.895294663718,0,0,0,0,True,7.163402633149316e-11,2.6307806769920247e-11,4.276570792079136e-10,1.5709807749939112e-10,9.947598300641403e-14,3.279497381789918e-14,7.163402633149316e-11,2.6307806769920247e-11,4.276570792079139e-10,1.5709807749939122e-10,0.36929567471855784
trial_0020_bite_011_withdrawal,trial_0020_bite_011,trial_0020,withdrawal,retrieval,RobotSmooth,True,101,1.0,True,0,1.0,101,True,0,3.4111609892747943,0.6447147190212216,28.161989476874712,3156.3181570824777,0,0,0,0,True,5.652021040364547e-11,2.2930250636734585e-11,3.3758960275046766e-10,1.3694107861235768e-10,9.947598300641403e-14,3.358403709534878e-14,5.652021040364547e-11,2.2930250636734585e-11,3.375896027504679e-10,1.3694107861235778e-10,0.1808988921090915
trial_0020_bite_011_withdrawal,trial_0020_bite_011,trial_0020,withdrawal,contextual_promp,B0,True,101,1.0,True,0,1.0,101,True,0,3.528138882085901,0.6368045865181597,3.282227243722506,50.052847524230486,0,0,0,0,True,7.791655565370083e-11,2.495186763327996e-11,4.6504885409796996e-10,1.489972913944785e-10,8.659739592076221e-14,3.3699105473643455e-14,7.791655565370083e-11,2.495186763327996e-11,4.6504885409797027e-10,1.489972913944786e-10,0.4170460408623897
trial_0020_bite_011_withdrawal,trial_0020_bite_011,trial_0020,withdrawal,contextual_promp,StrongLocal,True,101,1.0,True,0,1.0,101,True,0,3.0992836489795237,0.57708686560379,3.919564656563342,232.81191073742306,0,0,0,0,True,7.34044363973634e-11,2.7225412558832227e-11,4.3850157326187637e-10,1.6260363411924135e-10,9.85878045867139e-14,2.944939133066029e-14,7.34044363973634e-11,2.7225412558832227e-11,4.385015732618767e-10,1.6260363411924145e-10,0.6312690302271784
trial_0020_bite_011_withdrawal,trial_0020_bite_011,trial_0020,withdrawal,contextual_promp,RobotSmooth,True,101,1.0,True,0,1.0,101,True,0,3.528138881803402,0.6368045865404305,3.2822272427598143,50.052847518910404,0,0,0,0,True,7.791655565370083e-11,2.707766226891242e-11,4.6504885409796996e-10,1.6167315642623537e-10,8.926193117986259e-14,3.294422943979536e-14,7.791655565370083e-11,2.707766226891242e-11,4.6504885409797027e-10,1.6167315642623548e-10,0.4170460408620493
trial_0020_bite_012_transfer,trial_0020_bite_012,trial_0020,transfer,retrieval,B0,True,101,1.0,True,0,1.0,101,True,0,4.724403043583422,0.570682194420852,8.63056517852352,906.8044231322057,0,0,0,0,True,5.658342282932389e-10,9.529058071122172e-11,3.3790619867467897e-09,5.690792167217322e-10,6.52811138479592e-14,2.3347271253911176e-14,5.658342282932389e-10,9.529058071122172e-11,3.379061986746793e-09,5.690792167217327e-10,0.40657868649340956
trial_0020_bite_012_transfer,trial_0020_bite_012,trial_0020,transfer,retrieval,StrongLocal,True,101,1.0,True,0,1.0,101,True,0,4.673780735372132,0.5671451072533552,11.771926270125128,1254.3714338212033,0,0,0,0,True,3.048842749200982e-10,6.769794406606414e-11,1.8207099682945214e-09,4.0428368554993464e-10,5.728750807065808e-14,2.3386337471193152e-14,3.048842749200982e-10,6.769794406606414e-11,1.820709968294523e-09,4.04283685549935e-10,0.40657868649340956
trial_0020_bite_012_transfer,trial_0020_bite_012,trial_0020,transfer,retrieval,RobotSmooth,True,101,1.0,True,0,1.0,101,True,0,4.724403045396972,0.5706821945103974,8.630565213590229,906.8044261939675,0,0,0,0,True,2.806424624273353e-10,6.902472807781516e-11,1.6757960095250213e-09,4.1220135521447363e-10,7.149836278586008e-14,2.5497699613578596e-14,2.806424624273353e-10,6.902472807781516e-11,1.675796009525023e-09,4.12201355214474e-10,0.40657868649340956
trial_0020_bite_012_transfer,trial_0020_bite_012,trial_0020,transfer,contextual_promp,B0,True,101,1.0,True,0,1.0,101,True,0,2.623241235810009,0.32623893051914293,0.9432115758951256,9.116375835259298,0,0,0,0,True,1.4239500197536492e-10,5.279266671398423e-11,8.503354775443371e-10,3.152723745680343e-10,9.903189379656396e-14,3.80327967323323e-14,1.4239500197536492e-10,5.279266671398423e-11,8.503354775443379e-10,3.152723745680346e-10,0.3993358446046824
trial_0020_bite_012_transfer,trial_0020_bite_012,trial_0020,transfer,contextual_promp,StrongLocal,True,101,1.0,True,0,1.0,101,True,0,2.4638987082300776,0.30411873815118073,2.5787800835783026,165.2786039943937,0,0,0,0,True,1.0582470879994088e-10,3.6853637535871667e-11,6.320241775541435e-10,2.2008116471291203e-10,8.704148513061227e-14,3.839881378412889e-14,1.0582470879994088e-10,3.6853637535871667e-11,6.32024177554144e-10,2.2008116471291223e-10,0.38853026162893856
trial_0020_bite_012_transfer,trial_0020_bite_012,trial_0020,transfer,contextual_promp,RobotSmooth,True,101,1.0,True,0,1.0,101,True,0,2.623241231767927,0.3262389304875697,0.9432115789617618,9.116376204309324,0,0,0,0,True,1.7313501325042784e-10,5.459655068645604e-11,1.0340417112744554e-09,3.2604777253730324e-10,9.903189379656396e-14,3.347732326994926e-14,1.7313501325042784e-10,5.459655068645604e-11,1.0340417112744562e-09,3.260477725373035e-10,0.39933584460449945
trial_0020_bite_012_withdrawal,trial_0020_bite_012,trial_0020,withdrawal,retrieval,B0,True,101,1.0,True,0,1.0,101,True,0,5.413932398203959,1.086161932555885,24.823135812161706,2645.8632633939114,0,0,0,0,True,1.9845581494742533e-10,4.750182400174324e-11,1.1851583326377939e-09,2.8367253648158494e-10,7.149836278586008e-14,2.5685092651402516e-14,1.9845581494742533e-10,4.750182400174324e-11,1.1851583326377949e-09,2.8367253648158515e-10,0.20796424902999044
trial_0020_bite_012_withdrawal,trial_0020_bite_012,trial_0020,withdrawal,retrieval,StrongLocal,True,101,1.0,True,0,1.0,101,True,0,5.682751053229935,1.1014510773607074,33.992649596216935,3909.6681703553977,0,0,0,0,True,1.293994135705804e-10,4.302051321313586e-11,7.727703192948668e-10,2.568969477215682e-10,5.10702591327572e-14,2.2126674586159462e-14,1.293994135705804e-10,4.302051321313586e-11,7.727703192948674e-10,2.568969477215684e-10,0.41021886562065446
trial_0020_bite_012_withdrawal,trial_0020_bite_012,trial_0020,withdrawal,retrieval,RobotSmooth,True,101,1.0,True,0,1.0,101,True,0,5.413932399332869,1.0861619325842042,24.823135778702547,2645.8632433384996,0,0,0,0,True,2.335843233563891e-10,4.781090900749599e-11,1.3946276589255303e-09,2.855070159920266e-10,7.194245199571014e-14,2.83179518953473e-14,2.335843233563891e-10,4.781090900749599e-11,1.3946276589255316e-09,2.855070159920268e-10,0.20796424902999044
trial_0020_bite_012_withdrawal,trial_0020_bite_012,trial_0020,withdrawal,contextual_promp,B0,True,101,1.0,True,0,1.0,101,True,0,3.380274189993318,0.5803064497554185,3.029958541558018,46.754207122825385,0,0,0,0,True,7.807111666647799e-11,2.3705532572306446e-11,4.660946594829585e-10,1.415581269526888e-10,6.750155989720952e-14,2.5693491682871745e-14,7.807111666647799e-11,2.3705532572306446e-11,4.660946594829589e-10,1.415581269526889e-10,0.42131901942078454
trial_0020_bite_012_withdrawal,trial_0020_bite_012,trial_0020,withdrawal,contextual_promp,StrongLocal,True,101,1.0,True,0,1.0,101,True,0,2.9098983314095603,0.5081025845029982,3.6333460154698125,220.78692556770503,0,0,0,0,True,8.119136235915482e-11,3.063509562532409e-11,4.848867860249699e-10,1.8294551050058234e-10,7.593925488436071e-14,2.350406037320099e-14,8.119136235915482e-11,3.063509562532409e-11,4.848867860249703e-10,1.8294551050058247e-10,0.6301103180131264
trial_0020_bite_012_withdrawal,trial_0020_bite_012,trial_0020,withdrawal,contextual_promp,RobotSmooth,True,101,1.0,True,0,1.0,101,True,0,3.3802741894545805,0.5803064497289984,3.029958544977117,46.754207387589474,0,0,0,0,True,7.313268579074997e-11,2.539523848257185e-11,4.365246829715833e-10,1.5163615223433394e-10,6.750155989720952e-14,2.6267580442552588e-14,7.313268579074997e-11,2.539523848257185e-11,4.365246829715837e-10,1.5163615223433405e-10,0.42131901942129857
trial_0020_bite_013_transfer,trial_0020_bite_013,trial_0020,transfer,retrieval,B0,True,101,1.0,True,0,1.0,101,True,0,4.80843228527075,0.5836121893092693,10.760621939037332,1149.5083052642588,0,0,0,0,True,6.936459251688409e-11,2.5390393602809377e-11,4.1408048546031047e-10,1.5162711431883224e-10,1.5409895581797173e-13,4.826030614425226e-14,6.936459251688409e-11,2.5390393602809377e-11,4.140804854603109e-10,1.5162711431883237e-10,0.10523696218074718
trial_0020_bite_013_transfer,trial_0020_bite_013,trial_0020,transfer,retrieval,StrongLocal,True,101,1.0,True,0,1.0,101,True,0,4.765122925349354,0.5747452687182153,12.14575101985465,1307.3389174449405,0,0,0,0,True,1.1463084975953355e-10,3.1220366233909075e-11,6.844998235728663e-10,1.8645010538255435e-10,1.7186252421197423e-13,5.320304271256666e-14,1.1463084975953355e-10,3.1220366233909075e-11,6.84499823572867e-10,1.8645010538255453e-10,0.10508072131510637
trial_0020_bite_013_transfer,trial_0020_bite_013,trial_0020,transfer,retrieval,RobotSmooth,True,101,1.0,True,0,1.0,101,True,0,4.8084322840559075,0.5836121893168549,10.760621924559853,1149.5083009364494,0,0,0,0,True,6.932808929030534e-11,2.5901647110233148e-11,4.138614060215152e-10,1.5470425722543548e-10,1.5409895581797173e-13,5.2556342365763343e-14,6.932808929030534e-11,2.5901647110233148e-11,4.1386140602151554e-10,1.547042572254356e-10,0.10523696218075873
trial_0020_bite_013_transfer,trial_0020_bite_013,trial_0020,transfer,contextual_promp,B0,True,101,1.0,True,0,1.0,101,True,0,2.920663324047097,0.36648573040420523,0.9953314145972716,6.703844213027899,0,0,0,0,True,8.19327850932613e-11,2.0413079423972603e-11,4.892277512785348e-10,1.2190069082146974e-10,1.7763568394002505e-13,6.37016062480286e-14,8.19327850932613e-11,2.0413079423972603e-11,4.892277512785351e-10,1.2190069082146985e-10,0.12898343546736069
trial_0020_bite_013_transfer,trial_0020_bite_013,trial_0020,transfer,contextual_promp,StrongLocal,True,101,1.0,True,0,1.0,101,True,0,2.830571931091976,0.3525385504928094,2.3715681046615957,142.5644293384634,0,0,0,0,True,6.009147609363179e-11,1.6177200368833174e-11,3.5898587881543137e-10,9.662252816661123e-11,1.4921397450962104e-13,5.870502068418175e-14,6.009147609363179e-11,1.6177200368833174e-11,3.5898587881543163e-10,9.662252816661131e-11,0.12500607571632383
trial_0020_bite_013_transfer,trial_0020_bite_013,trial_0020,transfer,contextual_promp,RobotSmooth,True,101,1.0,True,0,1.0,101,True,0,2.9206633236267807,0.3664857304036329,0.9953314147868392,6.703844256313636,0,0,0,0,True,5.4631397046505795e-11,1.79585001387114e-11,3.2607923565951997e-10,1.0723167343865371e-10,1.7763568394002505e-13,6.290630789897802e-14,5.4631397046505795e-11,1.79585001387114e-11,3.260792356595202e-10,1.0723167343865379e-10,0.12898343546736069
trial_0020_bite_013_withdrawal,trial_0020_bite_013,trial_0020,withdrawal,retrieval,B0,True,101,1.0,True,0,1.0,101,True,0,5.696007955010992,1.0761741331123134,24.95640037927295,2932.3123395161265,0,0,0,0,True,3.0235523938965995e-10,4.862078113634041e-11,1.8055645889467355e-09,2.903643775912997e-10,9.325873406851315e-14,3.1959366210032093e-14,3.0235523938965995e-10,4.862078113634041e-11,1.805564588946737e-09,2.903643775912999e-10,0.3051465039204029
trial_0020_bite_013_withdrawal,trial_0020_bite_013,trial_0020,withdrawal,retrieval,StrongLocal,True,101,1.0,True,0,1.0,101,True,0,5.754620478686943,1.0747984434463338,34.44641078075705,4520.556282792423,0,0,0,0,True,1.6350262470748907e-10,4.225747244134277e-11,9.763171181253262e-10,2.523466057082792e-10,7.549516567451064e-14,3.00264217710917e-14,1.6350262470748907e-10,4.225747244134277e-11,9.76317118125327e-10,2.523466057082794e-10,0.43119658609511546
trial_0020_bite_013_withdrawal,trial_0020_bite_013,trial_0020,withdrawal,retrieval,RobotSmooth,True,101,1.0,True,0,1.0,101,True,0,5.69600795498386,1.0761741330552657,24.956400577420265,2932.3123785018024,0,0,0,0,True,1.2505823436511714e-10,3.5447049943224385e-11,7.469071564885703e-10,2.1169581214881544e-10,1.1191048088221578e-13,3.080831014205604e-14,1.2505823436511714e-10,3.5447049943224385e-11,7.46907156488571e-10,2.1169581214881562e-10,0.3051465039195058
trial_0020_bite_013_withdrawal,trial_0020_bite_013,trial_0020,withdrawal,contextual_promp,B0,True,101,1.0,True,0,1.0,101,True,0,3.7413487085958232,0.6694725586515222,3.055274202658627,40.35706770048487,0,0,0,0,True,1.889779355805386e-10,3.169737645839876e-11,1.1284183148486704e-09,1.8929934394620518e-10,6.52811138479592e-14,2.6894918375737678e-14,1.889779355805386e-10,3.169737645839876e-11,1.1284183148486714e-09,1.892993439462053e-10,0.3646378880164587
trial_0020_bite_013_withdrawal,trial_0020_bite_013,trial_0020,withdrawal,contextual_promp,StrongLocal,True,101,1.0,True,0,1.0,101,True,0,3.273498693681928,0.6065547812317237,3.585068842748757,210.76027486664685,0,0,0,0,True,8.808568500841033e-11,3.028841502478233e-11,5.260416626245004e-10,1.808839563411269e-10,6.838973831690964e-14,2.6837283200741443e-14,8.808568500841033e-11,3.028841502478233e-11,5.260416626245009e-10,1.8088395634112704e-10,0.5754124938427081
trial_0020_bite_013_withdrawal,trial_0020_bite_013,trial_0020,withdrawal,contextual_promp,RobotSmooth,True,101,1.0,True,0,1.0,101,True,0,3.7413487086663237,0.6694725586545789,3.0552741878699465,40.357067551050044,0,0,0,0,True,7.374248940267758e-11,2.911021855939937e-11,4.40539548229228e-10,1.7385897471553436e-10,6.394884621840902e-14,2.8414666611024957e-14,7.374248940267758e-11,2.911021855939937e-11,4.405395482292285e-10,1.7385897471553447e-10,0.3646378880164587
trial_0020_bite_014_transfer,trial_0020_bite_014,trial_0020,transfer,retrieval,B0,True,101,1.0,True,0,1.0,101,True,0,4.48938310275522,0.5355288003377098,9.673580257923282,1049.5501313611667,0,0,0,0,True,1.870493964926096e-10,4.6564603204740876e-11,1.116950905591246e-09,2.7807310365263185e-10,9.814371537686384e-14,2.8877634083157705e-14,1.870493964926096e-10,4.6564603204740876e-11,1.116950905591247e-09,2.780731036526321e-10,0.2085783952693565
trial_0020_bite_014_transfer,trial_0020_bite_014,trial_0020,transfer,retrieval,StrongLocal,True,101,1.0,True,0,1.0,101,True,0,4.481228135511948,0.5340090906031533,11.519570829807394,1264.3497484487814,0,0,0,0,True,2.525843785661534e-10,4.499183896482988e-11,1.5083190261146407e-09,2.686779663913656e-10,7.771561172376096e-14,2.944189797329117e-14,2.525843785661534e-10,4.499183896482988e-11,1.508319026114642e-09,2.686779663913658e-10,0.20851155643764652
trial_0020_bite_014_transfer,trial_0020_bite_014,trial_0020,transfer,retrieval,RobotSmooth,True,101,1.0,True,0,1.0,101,True,0,4.489383102335314,0.5355288003289096,9.673580221376898,1049.5501267893744,0,0,0,0,True,1.8872317863166852e-10,4.8312770349254624e-11,1.1269095689749228e-09,2.8850630624179745e-10,9.50350909079134e-14,3.0394705629532455e-14,1.8872317863166852e-10,4.8312770349254624e-11,1.1269095689749238e-09,2.8850630624179766e-10,0.2085783952693565
trial_0020_bite_014_transfer,trial_0020_bite_014,trial_0020,transfer,contextual_promp,B0,True,101,1.0,True,0,1.0,101,True,0,2.4864828712682367,0.3178554713638963,0.9311149685639255,7.536931211491823,0,0,0,0,True,1.1692424323120256e-10,3.322258338378567e-11,6.983937346729609e-10,1.9839919815604173e-10,1.0835776720341528e-13,4.250589573476271e-14,1.1692424323120256e-10,3.322258338378567e-11,6.983937346729612e-10,1.9839919815604186e-10,0.22759415751136158
trial_0020_bite_014_transfer,trial_0020_bite_014,trial_0020,transfer,contextual_promp,StrongLocal,True,101,1.0,True,0,1.0,101,True,0,2.41547354227124,0.30634104604245843,2.1393554794660146,130.38454562731116,0,0,0,0,True,1.1370637591667288e-10,3.0839707961861965e-11,6.790827524223769e-10,1.8416844192148204e-10,1.127986593019159e-13,4.097320344738106e-14,1.1370637591667288e-10,3.0839707961861965e-11,6.790827524223773e-10,1.8416844192148217e-10,0.2235715633768478
trial_0020_bite_014_transfer,trial_0020_bite_014,trial_0020,transfer,contextual_promp,RobotSmooth,True,101,1.0,True,0,1.0,101,True,0,2.486482869943731,0.31785547136944914,0.9311149671632563,7.536931276353712,0,0,0,0,True,8.635002029546236e-11,3.255681611714069e-11,5.157707407755161e-10,1.9442122170316785e-10,1.3100631690576847e-13,4.6947332033348475e-14,8.635002029546236e-11,3.255681611714069e-11,5.157707407755164e-10,1.9442122170316798e-10,0.22759415751095968
trial_0020_bite_014_withdrawal,trial_0020_bite_014,trial_0020,withdrawal,retrieval,B0,True,101,1.0,True,0,1.0,101,True,0,4.236385685217135,0.7430934160671677,18.071816151658865,1988.3252797710202,0,0,0,0,True,7.001338742206739e-11,2.975888088530818e-11,4.181681052797333e-10,1.7771839964816034e-10,8.260059303211165e-14,2.938297883323476e-14,7.001338742206739e-11,2.975888088530818e-11,4.1816810527973367e-10,1.777183996481605e-10,0.36015722749939916
trial_0020_bite_014_withdrawal,trial_0020_bite_014,trial_0020,withdrawal,retrieval,StrongLocal,True,101,1.0,True,0,1.0,101,True,0,4.0194929715511645,0.6969626746034154,23.939277311426324,2940.2936299857442,0,0,0,0,True,7.502755256275303e-11,2.7341502208081303e-11,4.4805874636223205e-10,1.6326839617932679e-10,5.995204332975845e-14,2.430939404441577e-14,7.502755256275303e-11,2.7341502208081303e-11,4.4805874636223246e-10,1.6326839617932694e-10,0.5240187263459888
trial_0020_bite_014_withdrawal,trial_0020_bite_014,trial_0020,withdrawal,retrieval,RobotSmooth,True,101,1.0,True,0,1.0,101,True,0,4.236385684270152,0.7430934159679937,18.071816061939852,1988.3252587412408,0,0,0,0,True,7.001338742206739e-11,3.142284494389525e-11,4.181681052797333e-10,1.876505238778712e-10,6.084022174945858e-14,2.604245562311173e-14,7.001338742206739e-11,3.142284494389525e-11,4.1816810527973367e-10,1.8765052387787134e-10,0.36015722749939916
trial_0020_bite_014_withdrawal,trial_0020_bite_014,trial_0020,withdrawal,contextual_promp,B0,True,101,1.0,True,0,1.0,101,True,0,3.3172039998338754,0.5637251352903258,2.77904986862232,44.14499346160544,0,0,0,0,True,6.847928926378871e-11,3.2640632263945914e-11,4.087213941017966e-10,1.9492900003110565e-10,7.904787935331115e-14,2.877714907508706e-14,6.847928926378871e-11,3.2640632263945914e-11,4.0872139410179685e-10,1.949290000311058e-10,0.3837419895174037
trial_0020_bite_014_withdrawal,trial_0020_bite_014,trial_0020,withdrawal,contextual_promp,StrongLocal,True,101,1.0,True,0,1.0,101,True,0,2.8907840169249295,0.5023471324536264,3.771117726313552,259.76202192664624,0,0,0,0,True,7.29153146869942e-11,3.1808069127735254e-11,4.35345330504262e-10,1.899538972486133e-10,8.08242361927114e-14,2.713366325827675e-14,7.29153146869942e-11,3.1808069127735254e-11,4.353453305042623e-10,1.8995389724861342e-10,0.5935665930963883
trial_0020_bite_014_withdrawal,trial_0020_bite_014,trial_0020,withdrawal,contextual_promp,RobotSmooth,True,101,1.0,True,0,1.0,101,True,0,3.3172039985137207,0.5637251353319791,2.7790498691131122,44.14499356339043,0,0,0,0,True,7.016321232888971e-11,3.332423293278738e-11,4.188760452093902e-10,1.9899570760197091e-10,7.904787935331115e-14,2.7384091053505675e-14,7.016321232888971e-11,3.332423293278738e-11,4.1887604520939045e-10,1.9899570760197104e-10,0.3837419895170491
trial_0020_bite_015_transfer,trial_0020_bite_015,trial_0020,transfer,retrieval,B0,True,101,1.0,True,0,1.0,101,True,0,4.5338369860392795,0.5529437994724207,7.9501609634056685,845.7077588104503,0,0,0,0,True,1.8159157573561128e-10,7.051630624028672e-11,1.0843785560875446e-09,4.211053969592593e-10,6.350475700855895e-14,2.4263244303992143e-14,1.8159157573561128e-10,7.051630624028672e-11,1.0843785560875452e-09,4.211053969592596e-10,0.3518142665103361
trial_0020_bite_015_transfer,trial_0020_bite_015,trial_0020,transfer,retrieval,StrongLocal,True,101,1.0,True,0,1.0,101,True,0,4.473584301409642,0.5476326504730572,10.912234434445221,1160.2084395598372,0,0,0,0,True,1.5542300751570635e-10,5.172208396781605e-11,9.282460017667153e-10,3.088835093633504e-10,5.3734794391857577e-14,2.247802270089725e-14,1.5542300751570635e-10,5.172208396781605e-11,9.282460017667162e-10,3.088835093633506e-10,0.34867182291705334
trial_0020_bite_015_transfer,trial_0020_bite_015,trial_0020,transfer,retrieval,RobotSmooth,True,101,1.0,True,0,1.0,101,True,0,4.533836977618163,0.5529437992976121,7.950160819424373,845.7077378476338,0,0,0,0,True,1.8159157573561128e-10,6.794034022355726e-11,1.0843785560875446e-09,4.057116586532652e-10,7.505107646466058e-14,2.5439892404877196e-14,1.8159157573561128e-10,6.794034022355726e-11,1.0843785560875452e-09,4.057116586532655e-10,0.3518142665103361
trial_0020_bite_015_transfer,trial_0020_bite_015,trial_0020,transfer,contextual_promp,B0,True,101,1.0,True,0,1.0,101,True,0,2.3649435033836923,0.30544156883132606,0.8987186937428219,8.19383316561222,0,0,0,0,True,1.7382414241929865e-10,3.79465182107124e-11,1.0380044881443842e-09,2.266142042565062e-10,8.126832540256146e-14,3.791367973450881e-14,1.7382414241929865e-10,3.79465182107124e-11,1.0380044881443848e-09,2.2661420425650636e-10,0.35174107852875114
trial_0020_bite_015_transfer,trial_0020_bite_015,trial_0020,transfer,contextual_promp,StrongLocal,True,101,1.0,True,0,1.0,101,True,0,2.2082775184738983,0.2812877170257647,2.4152692777533775,154.54359439768794,0,0,0,0,True,7.397018295337036e-11,2.5723044725246556e-11,4.4186458680348955e-10,1.5363498016322452e-10,8.43769498715119e-14,3.758984341815032e-14,7.397018295337036e-11,2.5723044725246556e-11,4.4186458680348986e-10,1.5363498016322465e-10,0.34099688969710495
trial_0020_bite_015_transfer,trial_0020_bite_015,trial_0020,transfer,contextual_promp,RobotSmooth,True,101,1.0,True,0,1.0,101,True,0,2.3649435027345893,0.30544156883165097,0.8987187025047992,8.193833082235782,0,0,0,0,True,1.1664992507452655e-10,3.106656527131506e-11,6.968266881000603e-10,1.8553579463188216e-10,8.126832540256146e-14,3.487717961608695e-14,1.1664992507452655e-10,3.106656527131506e-11,6.96826688100061e-10,1.8553579463188232e-10,0.3517410785287427
trial_0020_bite_015_withdrawal,trial_0020_bite_015,trial_0020,withdrawal,retrieval,B0,True,101,1.0,True,0,1.0,101,True,0,5.709952877482724,1.0709489197146453,22.284915355202777,2040.4847793372082,0,0,0,0,True,2.72468996877772e-10,5.390796375990589e-11,1.6271259348515173e-09,3.21918136741457e-10,1.234568003383174e-13,4.192902236600715e-14,2.72468996877772e-10,5.390796375990589e-11,1.627125934851519e-09,3.219181367414573e-10,0.014250561347526336
trial_0020_bite_015_withdrawal,trial_0020_bite_015,trial_0020,withdrawal,retrieval,StrongLocal,True,101,1.0,True,0,1.0,101,True,0,5.324245443006105,0.997640307103596,28.12157213546793,3207.187612929185,0,0,0,0,True,1.3806560110522948e-10,4.688063757315863e-11,8.243706581359747e-10,2.7996317169960686e-10,8.260059303211165e-14,3.2347239961232365e-14,1.3806560110522948e-10,4.688063757315863e-11,8.243706581359754e-10,2.7996317169960706e-10,0.14035172059223133
trial_0020_bite_015_withdrawal,trial_0020_bite_015,trial_0020,withdrawal,retrieval,RobotSmooth,True,101,1.0,True,0,1.0,101,True,0,5.709952876996271,1.070948919542234,22.284915516791543,2040.4848457475714,0,0,0,0,True,1.710775560843175e-10,4.553669589978438e-11,1.0215832338472179e-09,2.7191839730782177e-10,1.1146639167236572e-13,3.935508792516278e-14,1.710775560843175e-10,4.553669589978438e-11,1.0215832338472185e-09,2.71918397307822e-10,0.014250561347526336
trial_0020_bite_015_withdrawal,trial_0020_bite_015,trial_0020,withdrawal,contextual_promp,B0,True,101,1.0,True,0,1.0,101,True,0,3.46486580882455,0.5793417475589596,2.7492260835558886,39.228746606574155,0,0,0,0,True,6.441676188297718e-11,2.3721342501475373e-11,3.846434221703825e-10,1.4165219678921705e-10,1.0258460747536446e-13,3.338977688699979e-14,6.441676188297718e-11,2.3721342501475373e-11,3.8464342217038287e-10,1.4165219678921718e-10,0.28129879699805826
trial_0020_bite_015_withdrawal,trial_0020_bite_015,trial_0020,withdrawal,contextual_promp,StrongLocal,True,101,1.0,True,0,1.0,101,True,0,2.9887852655493354,0.5060423928690532,3.351664071360889,209.7417199740485,0,0,0,0,True,6.556896483335736e-11,2.7262919908469777e-11,3.914688713977632e-10,1.6278448409800302e-10,9.325873406851315e-14,3.112638780124679e-14,6.556896483335736e-11,2.7262919908469777e-11,3.9146887139776357e-10,1.6278448409800313e-10,0.48539961096272144
trial_0020_bite_015_withdrawal,trial_0020_bite_015,trial_0020,withdrawal,contextual_promp,RobotSmooth,True,101,1.0,True,0,1.0,101,True,0,3.4648658094072116,0.5793417475732271,2.7492260834421915,39.22874665877851,0,0,0,0,True,5.855384618049311e-11,2.2433062089177463e-11,3.4962833477331796e-10,1.3396163148843928e-10,1.0258460747536446e-13,3.193020957244186e-14,5.855384618049311e-11,2.2433062089177463e-11,3.496283347733183e-10,1.339616314884394e-10,0.28129879699805826
trial_0020_bite_016_transfer,trial_0020_bite_016,trial_0020,transfer,retrieval,B0,True,101,1.0,True,0,1.0,101,True,0,4.208267694884726,0.5061835078408222,7.906139098731021,827.2949481141914,0,0,0,0,True,7.005269089363698e-11,3.1114155770066516e-11,4.183337770815868e-10,1.8578884839555717e-10,9.414691248821327e-14,3.194961972937984e-14,7.005269089363698e-11,3.1114155770066516e-11,4.1833377708158714e-10,1.8578884839555735e-10,0.24713312585959524
trial_0020_bite_016_transfer,trial_0020_bite_016,trial_0020,transfer,retrieval,StrongLocal,True,101,1.0,True,0,1.0,101,True,0,4.183419736090105,0.5055869853985259,10.8015859966117,1150.214047848168,0,0,0,0,True,1.0440000087248998e-10,3.1763145119063345e-11,6.234529797337421e-10,1.896692786356848e-10,8.260059303211165e-14,2.954934145248413e-14,1.0440000087248998e-10,3.1763145119063345e-11,6.234529797337426e-10,1.8966927863568495e-10,0.2460941905887073
trial_0020_bite_016_transfer,trial_0020_bite_016,trial_0020,transfer,retrieval,RobotSmooth,True,101,1.0,True,0,1.0,101,True,0,4.208267696471338,0.5061835078830338,7.906139194395323,827.2949637917666,0,0,0,0,True,2.4245104187183823e-10,4.277316581007173e-11,1.447914198299469e-09,2.554290488894551e-10,5.417888360170764e-14,2.4738117718072733e-14,2.4245104187183823e-10,4.277316581007173e-11,1.44791419829947e-09,2.554290488894553e-10,0.24713312585959524
trial_0020_bite_016_transfer,trial_0020_bite_016,trial_0020,transfer,contextual_promp,B0,True,101,1.0,True,0,1.0,101,True,0,2.3147201127799857,0.29506552786358303,0.8338425021570783,6.547978375049367,0,0,0,0,True,1.2187110505628318e-10,2.7796657577279904e-11,7.279600805111834e-10,1.6599906556965465e-10,9.50350909079134e-14,4.0038439768443376e-14,1.2187110505628318e-10,2.7796657577279904e-11,7.27960080511184e-10,1.6599906556965477e-10,0.24518389764603365
trial_0020_bite_016_transfer,trial_0020_bite_016,trial_0020,transfer,contextual_promp,StrongLocal,True,101,1.0,True,0,1.0,101,True,0,2.2011994924113614,0.2761094200214938,2.085947400830152,130.73775066718625,0,0,0,0,True,1.151813217234406e-10,2.6172448640301965e-11,6.878982755659534e-10,1.5631482338212841e-10,1.0258460747536446e-13,3.831234565379599e-14,1.151813217234406e-10,2.6172448640301965e-11,6.87898275565954e-10,1.5631482338212852e-10,0.238584074115616
trial_0020_bite_016_transfer,trial_0020_bite_016,trial_0020,transfer,contextual_promp,RobotSmooth,True,101,1.0,True,0,1.0,101,True,0,2.3147201118397898,0.29506552787138013,0.8338425022987089,6.547978434796016,0,0,0,0,True,1.345902355691771e-10,3.061552080590234e-11,8.037214760445312e-10,1.8283064239459612e-10,9.725553695716371e-14,4.2466600779310685e-14,1.345902355691771e-10,3.061552080590234e-11,8.037214760445316e-10,1.8283064239459625e-10,0.24518389764603365
trial_0020_bite_016_withdrawal,trial_0020_bite_016,trial_0020,withdrawal,retrieval,B0,True,101,1.0,True,0,1.0,101,True,0,4.054616458292758,0.7846707713838997,9.685334912922384,944.457982960842,0,0,0,0,True,1.3201529746060962e-10,4.147604876387661e-11,7.883758753064812e-10,2.4768109359070353e-10,1.4033219031261979e-13,4.6119848389714685e-14,1.3201529746060962e-10,4.147604876387661e-11,7.88375875306482e-10,2.4768109359070373e-10,0.21571523446899032
trial_0020_bite_016_withdrawal,trial_0020_bite_016,trial_0020,withdrawal,retrieval,StrongLocal,True,101,1.0,True,0,1.0,101,True,0,4.030537607110191,0.7340583922361961,11.93334441460378,1356.1240095181004,0,0,0,0,True,1.265313319530675e-10,3.685161364866327e-11,7.557041152643234e-10,2.2008279014090825e-10,8.482103908136196e-14,3.5995021222294274e-14,1.265313319530675e-10,3.685161364866327e-11,7.55704115264324e-10,2.2008279014090843e-10,0.4152109987899786
trial_0020_bite_016_withdrawal,trial_0020_bite_016,trial_0020,withdrawal,retrieval,RobotSmooth,True,101,1.0,True,0,1.0,101,True,0,4.054616459506146,0.7846707714170443,9.685334848789577,944.4579674749605,0,0,0,0,True,1.6026344751535206e-10,4.4185668156822256e-11,9.571283434869218e-10,2.638736118973509e-10,9.281464485866309e-14,3.673257602894794e-14,1.6026344751535206e-10,4.4185668156822256e-11,9.571283434869226e-10,2.638736118973511e-10,0.21571523446898988
trial_0020_bite_016_withdrawal,trial_0020_bite_016,trial_0020,withdrawal,contextual_promp,B0,True,101,1.0,True,0,1.0,101,True,0,3.1122032658368033,0.5326968647555512,2.650969664153306,39.09974595332803,0,0,0,0,True,6.966207607857452e-11,2.5437041366308594e-11,4.1613263860879725e-10,1.519198443988114e-10,1.2079226507921703e-13,3.320664238595567e-14,6.966207607857452e-11,2.5437041366308594e-11,4.161326386087976e-10,1.5191984439881153e-10,0.34120422782383475
trial_0020_bite_016_withdrawal,trial_0020_bite_016,trial_0020,withdrawal,contextual_promp,StrongLocal,True,101,1.0,True,0,1.0,101,True,0,2.7116570641417295,0.47092973731778787,3.535614956367812,242.0246720060658,0,0,0,0,True,6.279717511703553e-11,2.5479176826099563e-11,3.7512337008168343e-10,1.5214708308733617e-10,7.638334409421077e-14,3.076273801602793e-14,6.279717511703553e-11,2.5479176826099563e-11,3.751233700816837e-10,1.5214708308733633e-10,0.5305468960333468
trial_0020_bite_016_withdrawal,trial_0020_bite_016,trial_0020,withdrawal,contextual_promp,RobotSmooth,True,101,1.0,True,0,1.0,101,True,0,3.1122032658947885,0.5326968647889411,2.6509696687709092,39.099746434582094,0,0,0,0,True,6.138543786058416e-11,2.258963264126508e-11,3.66670922411651e-10,1.349033699444868e-10,7.638334409421077e-14,3.05491053062851e-14,6.138543786058416e-11,2.258963264126508e-11,3.666709224116514e-10,1.3490336994448697e-10,0.34120422782383475
trial_0020_bite_017_withdrawal,trial_0020_bite_017,trial_0020,withdrawal,retrieval,B0,True,101,1.0,True,0,1.0,101,True,0,4.141255714809166,0.7284015809912731,17.95652809002019,1968.1047350325837,0,0,0,0,True,8.224313222241863e-11,2.7268616979056678e-11,4.909047082678915e-10,1.6281677242019603e-10,7.904787935331115e-14,3.1190528097193094e-14,8.224313222241863e-11,2.7268616979056678e-11,4.909047082678919e-10,1.6281677242019616e-10,0.3445612740524173
trial_0020_bite_017_withdrawal,trial_0020_bite_017,trial_0020,withdrawal,retrieval,StrongLocal,True,101,1.0,True,0,1.0,101,True,0,3.920589160603405,0.6813198031422518,23.955003381035848,2939.9619509105164,0,0,0,0,True,8.490945478329267e-11,3.056607024518413e-11,5.0710029066608e-10,1.8254179033801972e-10,8.126832540256146e-14,2.6969124195379037e-14,8.490945478329267e-11,3.056607024518413e-11,5.071002906660805e-10,1.8254179033801984e-10,0.5032115730433999
trial_0020_bite_017_withdrawal,trial_0020_bite_017,trial_0020,withdrawal,retrieval,RobotSmooth,True,101,1.0,True,0,1.0,101,True,0,4.141255717023032,0.7284015810523652,17.956528152451433,1968.104751840397,0,0,0,0,True,8.224313222241863e-11,3.154395100554234e-11,4.909047082678915e-10,1.883614645690215e-10,7.505107646466058e-14,2.964717640856311e-14,8.224313222241863e-11,3.154395100554234e-11,4.909047082678919e-10,1.883614645690216e-10,0.3445612740524173
trial_0020_bite_017_withdrawal,trial_0020_bite_017,trial_0020,withdrawal,contextual_promp,B0,True,101,1.0,True,0,1.0,101,True,0,3.374631538076264,0.5797336028639146,2.834477194618578,45.823770471778566,0,0,0,0,True,7.791966434476667e-11,2.6504669425060735e-11,4.6543168370701695e-10,1.5829665142051533e-10,9.414691248821327e-14,2.891999901881986e-14,7.791966434476667e-11,2.6504669425060735e-11,4.6543168370701736e-10,1.5829665142051546e-10,0.38172981147391827
trial_0020_bite_017_withdrawal,trial_0020_bite_017,trial_0020,withdrawal,contextual_promp,StrongLocal,True,101,1.0,True,0,1.0,101,True,0,2.9685272590747136,0.5248442247228089,3.9820541902948707,278.6224973982285,0,0,0,0,True,6.929591545662198e-11,2.981531807709385e-11,4.141031103084867e-10,1.7806292939470376e-10,7.993605777301127e-14,2.6428471094845692e-14,6.929591545662198e-11,2.981531807709385e-11,4.141031103084871e-10,1.780629293947039e-10,0.5992093186438492
trial_0020_bite_017_withdrawal,trial_0020_bite_017,trial_0020,withdrawal,contextual_promp,RobotSmooth,True,101,1.0,True,0,1.0,101,True,0,3.374631538076748,0.5797336028587728,2.8344771923660526,45.82377024734249,0,0,0,0,True,7.413878433585307e-11,2.465758626131276e-11,4.427388835120326e-10,1.4725344328209786e-10,9.414691248821327e-14,2.8103243724247446e-14,7.413878433585307e-11,2.465758626131276e-11,4.4273888351203294e-10,1.47253443282098e-10,0.38172981147391827
trial_0020_bite_018_transfer,trial_0020_bite_018,trial_0020,transfer,retrieval,B0,True,101,1.0,True,0,1.0,101,True,0,4.395968546457757,0.5318072001156526,8.00948822978468,843.6561883311032,0,0,0,0,True,1.5293954662886111e-10,4.5584687619516503e-11,9.132388321472151e-10,2.722049828747209e-10,7.860379014346108e-14,2.4213418300386023e-14,1.5293954662886111e-10,4.5584687619516503e-11,9.132388321472158e-10,2.722049828747211e-10,0.32533174077744964
trial_0020_bite_018_transfer,trial_0020_bite_018,trial_0020,transfer,retrieval,StrongLocal,True,101,1.0,True,0,1.0,101,True,0,4.330971674194219,0.5254839548650387,11.002672983043361,1169.9337375362888,0,0,0,0,True,1.1175185956033439e-10,4.177717163390978e-11,6.675572938772412e-10,2.4948564194801996e-10,8.304468224196171e-14,2.787837384036179e-14,1.1175185956033439e-10,4.177717163390978e-11,6.67557293877242e-10,2.494856419480202e-10,0.3240010729530105
trial_0020_bite_018_transfer,trial_0020_bite_018,trial_0020,transfer,retrieval,RobotSmooth,True,101,1.0,True,0,1.0,101,True,0,4.395968544206537,0.5318072001064842,8.009488237067702,843.6561903750234,0,0,0,0,True,2.2999317012590674e-10,5.794884802244831e-11,1.373461955738033e-09,3.4606026399846655e-10,7.593925488436071e-14,2.58547073301297e-14,2.2999317012590674e-10,5.794884802244831e-11,1.3734619557380344e-09,3.460602639984669e-10,0.32533174077744964
trial_0020_bite_018_transfer,trial_0020_bite_018,trial_0020,transfer,contextual_promp,B0,True,101,1.0,True,0,1.0,101,True,0,2.5300769166608656,0.31848977331209016,0.8811606438413478,7.55927167361837,0,0,0,0,True,1.170947354493787e-10,3.1691226662248313e-11,6.994777864907339e-10,1.8926253005206818e-10,9.681144774731365e-14,4.0454591311408845e-14,1.170947354493787e-10,3.1691226662248313e-11,6.994777864907346e-10,1.892625300520683e-10,0.32533174077744964
trial_0020_bite_018_transfer,trial_0020_bite_018,trial_0020,transfer,contextual_promp,StrongLocal,True,101,1.0,True,0,1.0,101,True,0,2.367987985896331,0.29573314580917653,2.5382065320975777,163.58526963925917,0,0,0,0,True,5.6633755580187466e-11,2.1940261368736893e-11,3.3817227376305777e-10,1.31010785445082e-10,9.414691248821327e-14,3.937354059953895e-14,5.6633755580187466e-11,2.1940261368736893e-11,3.38172273763058e-10,1.310107854450821e-10,0.31673682962058813
trial_0020_bite_018_transfer,trial_0020_bite_018,trial_0020,transfer,contextual_promp,RobotSmooth,True,101,1.0,True,0,1.0,101,True,0,2.5300769161125904,0.3184897733140429,0.8811606425090693,7.559271757782851,0,0,0,0,True,1.1148751816062882e-10,3.391547072873057e-11,6.657217859201654e-10,2.025166987663848e-10,1.1057821325266559e-13,3.9330222658183174e-14,1.1148751816062882e-10,3.391547072873057e-11,6.657217859201659e-10,2.0251669876638497e-10,0.32533174077744964
trial_0020_bite_018_withdrawal,trial_0020_bite_018,trial_0020,withdrawal,retrieval,B0,True,101,1.0,True,0,1.0,101,True,0,5.7493433452001845,1.0856744189044458,25.22394233166176,2968.218228336689,0,0,0,0,True,2.490581085947035e-10,5.096552314127654e-11,1.4875094779590118e-09,3.043521363036669e-10,8.43769498715119e-14,3.182227567766654e-14,2.490581085947035e-10,5.096552314127654e-11,1.487509477959013e-09,3.0435213630366713e-10,0.2625142738324353
trial_0020_bite_018_withdrawal,trial_0020_bite_018,trial_0020,withdrawal,retrieval,StrongLocal,True,101,1.0,True,0,1.0,101,True,0,5.754220567961886,1.0721515352272555,34.91022618956885,4605.194044161636,0,0,0,0,True,4.2619369359826084e-10,7.003351453857522e-11,2.5450221615192968e-09,4.182133344597139e-10,6.927791673660977e-14,2.6882391606152708e-14,4.2619369359826084e-10,7.003351453857522e-11,2.5450221615192984e-09,4.182133344597143e-10,0.37420963813697483
trial_0020_bite_018_withdrawal,trial_0020_bite_018,trial_0020,withdrawal,retrieval,RobotSmooth,True,101,1.0,True,0,1.0,101,True,0,5.749343344442028,1.085674418895421,25.223942351139808,2968.2182341572457,0,0,0,0,True,2.449202626981755e-10,5.39682398258983e-11,1.4625220148146528e-09,3.222884150704145e-10,8.43769498715119e-14,3.108787778938757e-14,2.449202626981755e-10,5.39682398258983e-11,1.462522014814654e-09,3.222884150704148e-10,0.2625142738324353
trial_0020_bite_018_withdrawal,trial_0020_bite_018,trial_0020,withdrawal,contextual_promp,B0,True,101,1.0,True,0,1.0,101,True,0,3.783793797551505,0.6644194320525852,3.251931222382709,46.99808759404688,0,0,0,0,True,9.454925929734615e-11,3.736235902374787e-11,5.645986041734203e-10,2.2313349276728597e-10,6.616929226765933e-14,2.8372579445443398e-14,9.454925929734615e-11,3.736235902374787e-11,5.645986041734208e-10,2.2313349276728615e-10,0.3496886222303015
trial_0020_bite_018_withdrawal,trial_0020_bite_018,trial_0020,withdrawal,contextual_promp,StrongLocal,True,101,1.0,True,0,1.0,101,True,0,3.340096692102423,0.5946150666326264,3.7333637832576687,211.70706472359336,0,0,0,0,True,1.2412023518613114e-10,3.5766022391499796e-11,7.411446718887856e-10,2.135868637765383e-10,8.970602038971265e-14,2.2475894328544613e-14,1.2412023518613114e-10,3.5766022391499796e-11,7.411446718887861e-10,2.1358686377653848e-10,0.5496004772348737
trial_0020_bite_018_withdrawal,trial_0020_bite_018,trial_0020,withdrawal,contextual_promp,RobotSmooth,True,101,1.0,True,0,1.0,101,True,0,3.7837937974184745,0.6644194320294228,3.251931224000164,46.99808773650476,0,0,0,0,True,1.7502401924073508e-10,3.619964334054906e-11,1.0453662802404098e-09,2.162016430189788e-10,6.616929226765933e-14,2.6397125933717316e-14,1.7502401924073508e-10,3.619964334054906e-11,1.0453662802404106e-09,2.1620164301897897e-10,0.3496886222303015
trial_0020_bite_019_withdrawal,trial_0020_bite_019,trial_0020,withdrawal,retrieval,B0,True,101,1.0,True,0,1.0,101,True,0,5.468790885594202,1.0255205464578185,22.361425657539296,2054.435510366949,0,0,0,0,True,3.0059053911860273e-10,5.612552856919955e-11,1.7948162624583244e-09,3.351477441190033e-10,1.4299672557172016e-13,3.918137245827635e-14,3.0059053911860273e-10,5.612552856919955e-11,1.794816262458326e-09,3.3514774411900354e-10,0.06425845484920645
trial_0020_bite_019_withdrawal,trial_0020_bite_019,trial_0020,withdrawal,retrieval,StrongLocal,True,101,1.0,True,0,1.0,101,True,0,5.320547317049157,0.9876985669609609,28.27684022938805,3205.479138593103,0,0,0,0,True,2.395506439263328e-10,5.7643321681635404e-11,1.4303335121047078e-09,3.442068811808595e-10,8.08242361927114e-14,3.401047210313873e-14,2.395506439263328e-10,5.7643321681635404e-11,1.4303335121047088e-09,3.442068811808599e-10,0.2016594141957042
trial_0020_bite_019_withdrawal,trial_0020_bite_019,trial_0020,withdrawal,retrieval,RobotSmooth,True,101,1.0,True,0,1.0,101,True,0,5.468790890532714,1.0255205463370187,22.36142582068073,2054.435569051789,0,0,0,0,True,2.831220979001125e-10,4.7025769917070903e-11,1.6907996345302046e-09,2.808421024146952e-10,1.3322676295501878e-13,4.132674050553122e-14,2.831220979001125e-10,4.7025769917070903e-11,1.6907996345302062e-09,2.8084210241469544e-10,0.06425845485151305
trial_0020_bite_019_withdrawal,trial_0020_bite_019,trial_0020,withdrawal,contextual_promp,B0,True,101,1.0,True,0,1.0,101,True,0,3.1952442423807472,0.5336791561727056,2.661464190027752,40.314400237601156,0,0,0,0,True,7.825531651272203e-11,2.4907901818690984e-11,4.673399366491008e-10,1.4874138107439894e-10,6.661338147750939e-14,2.7910434131373467e-14,7.825531651272203e-11,2.4907901818690984e-11,4.673399366491012e-10,1.4874138107439904e-10,0.3304976501555865
trial_0020_bite_019_withdrawal,trial_0020_bite_019,trial_0020,withdrawal,contextual_promp,StrongLocal,True,101,1.0,True,0,1.0,101,True,0,2.842171567069556,0.4701160642325805,3.5846933741068105,247.31192277629583,0,0,0,0,True,6.926603406047402e-11,2.430066311906606e-11,4.137518740507178e-10,1.4510907235622208e-10,7.283063041541027e-14,2.90198211825899e-14,6.926603406047402e-11,2.430066311906606e-11,4.1375187405071814e-10,1.4510907235622224e-10,0.5257618779818163
trial_0020_bite_019_withdrawal,trial_0020_bite_019,trial_0020,withdrawal,contextual_promp,RobotSmooth,True,101,1.0,True,0,1.0,101,True,0,3.1952442423717518,0.5336791561553514,2.6614641895194544,40.31440019575636,0,0,0,0,True,6.851818958918122e-11,2.4510605518680916e-11,4.0926262393710734e-10,1.4636698848478352e-10,6.661338147750939e-14,2.6420601338206712e-14,6.851818958918122e-11,2.4510605518680916e-11,4.092626239371076e-10,1.4636698848478362e-10,0.3304976501555865
